kx,ky,valid,mean_intensity,std_intensity,max_intensity,skew_intensity,ts_pca1,cluster
1.0,1.0,False,,,,,,0
1.0,2.0,False,,,,,,0
1.0,3.0,False,,,,,,0
1.0,4.0,False,,,,,,0
1.0,5.0,False,,,,,,0
1.0,6.0,False,,,,,,0
1.0,7.0,False,,,,,,0
1.0,8.0,False,,,,,,0
1.0,9.0,False,,,,,,0
1.0,10.0,False,,,,,,0
1.0,11.0,False,,,,,,0
1.0,12.0,False,,,,,,0
1.0,13.0,False,,,,,,0
1.0,14.0,False,,,,,,0
1.0,15.0,False,,,,,,0
1.0,16.0,False,,,,,,0
1.0,17.0,False,,,,,,0
1.0,18.0,False,,,,,,0
1.0,19.0,False,,,,,,0
1.0,20.0,False,,,,,,0
1.0,21.0,False,,,,,,0
1.0,22.0,False,,,,,,0
1.0,23.0,False,,,,,,0
1.0,24.0,False,,,,,,0
1.0,25.0,False,,,,,,0
1.0,26.0,False,,,,,,0
1.0,27.0,False,,,,,,0
1.0,28.0,False,,,,,,0
1.0,29.0,False,,,,,,0
1.0,30.0,False,,,,,,0
1.0,31.0,False,,,,,,0
1.0,32.0,False,,,,,,0
1.0,33.0,False,,,,,,0
1.0,34.0,False,,,,,,0
1.0,35.0,False,,,,,,0
1.0,36.0,False,,,,,,0
1.0,37.0,False,,,,,,0
1.0,38.0,False,,,,,,0
1.0,39.0,False,,,,,,0
1.0,40.0,False,,,,,,0
1.0,41.0,False,,,,,,0
1.0,42.0,False,,,,,,0
1.0,43.0,False,,,,,,0
1.0,44.0,False,,,,,,0
1.0,45.0,False,,,,,,0
1.0,46.0,False,,,,,,0
1.0,47.0,False,,,,,,0
1.0,48.0,False,,,,,,0
1.0,49.0,False,,,,,,0
1.0,50.0,False,,,,,,0
1.0,51.0,False,,,,,,0
1.0,52.0,False,,,,,,0
1.0,53.0,False,,,,,,0
1.0,54.0,False,,,,,,0
1.0,55.0,False,,,,,,0
1.0,56.0,False,,,,,,0
1.0,57.0,False,,,,,,0
1.0,58.0,False,,,,,,0
1.0,59.0,False,,,,,,0
1.0,60.0,False,,,,,,0
1.0,61.0,False,,,,,,0
1.0,62.0,False,,,,,,0
1.0,63.0,False,,,,,,0
1.0,64.0,False,,,,,,0
1.0,65.0,False,,,,,,0
1.0,66.0,False,,,,,,0
1.0,67.0,False,,,,,,0
1.0,68.0,False,,,,,,0
1.0,69.0,False,,,,,,0
1.0,70.0,False,,,,,,0
1.0,71.0,False,,,,,,0
1.0,72.0,False,,,,,,0
1.0,73.0,False,,,,,,0
1.0,74.0,False,,,,,,0
1.0,75.0,False,,,,,,0
1.0,76.0,False,,,,,,0
1.0,77.0,False,,,,,,0
1.0,78.0,False,,,,,,0
1.0,79.0,False,,,,,,0
1.0,80.0,False,,,,,,0
1.0,81.0,False,,,,,,0
1.0,82.0,False,,,,,,0
1.0,83.0,False,,,,,,0
1.0,84.0,False,,,,,,0
1.0,85.0,False,,,,,,0
1.0,86.0,False,,,,,,0
1.0,87.0,False,,,,,,0
1.0,88.0,False,,,,,,0
1.0,89.0,False,,,,,,0
1.0,90.0,False,,,,,,0
1.0,91.0,False,,,,,,0
1.0,92.0,False,,,,,,0
1.0,93.0,False,,,,,,0
1.0,94.0,False,,,,,,0
1.0,95.0,False,,,,,,0
1.0,96.0,False,,,,,,0
1.0,97.0,False,,,,,,0
1.0,98.0,False,,,,,,0
1.0,99.0,False,,,,,,0
1.0,100.0,False,,,,,,0
2.0,1.0,False,,,,,,0
2.0,2.0,False,,,,,,0
2.0,3.0,False,,,,,,0
2.0,4.0,False,,,,,,0
2.0,5.0,False,,,,,,0
2.0,6.0,False,,,,,,0
2.0,7.0,False,,,,,,0
2.0,8.0,False,,,,,,0
2.0,9.0,False,,,,,,0
2.0,10.0,False,,,,,,0
2.0,11.0,False,,,,,,0
2.0,12.0,False,,,,,,0
2.0,13.0,False,,,,,,0
2.0,14.0,False,,,,,,0
2.0,15.0,False,,,,,,0
2.0,16.0,False,,,,,,0
2.0,17.0,False,,,,,,0
2.0,18.0,False,,,,,,0
2.0,19.0,False,,,,,,0
2.0,20.0,False,,,,,,0
2.0,21.0,False,,,,,,0
2.0,22.0,False,,,,,,0
2.0,23.0,False,,,,,,0
2.0,24.0,False,,,,,,0
2.0,25.0,False,,,,,,0
2.0,26.0,False,,,,,,0
2.0,27.0,False,,,,,,0
2.0,28.0,False,,,,,,0
2.0,29.0,False,,,,,,0
2.0,30.0,False,,,,,,0
2.0,31.0,False,,,,,,0
2.0,32.0,False,,,,,,0
2.0,33.0,False,,,,,,0
2.0,34.0,False,,,,,,0
2.0,35.0,False,,,,,,0
2.0,36.0,False,,,,,,0
2.0,37.0,False,,,,,,0
2.0,38.0,False,,,,,,0
2.0,39.0,False,,,,,,0
2.0,40.0,False,,,,,,0
2.0,41.0,False,,,,,,0
2.0,42.0,False,,,,,,0
2.0,43.0,False,,,,,,0
2.0,44.0,True,0.0161139612681431,0.0355703687708863,0.1211965208107012,2.0496886221432633,-9.441390325782896,1
2.0,45.0,True,0.1384747693950605,0.0779121717329073,0.3105518788768663,0.0567667103487993,-5.643228217848711,1
2.0,46.0,True,0.1143388341411039,0.1222250153360001,0.4271502974881338,1.1088335964011398,-6.52338385412973,1
2.0,47.0,True,0.1722129467367598,0.0807379294260985,0.3185215576406515,0.1536389058278737,-4.599648266759512,1
2.0,48.0,True,0.1756451779856827,0.1009908611483911,0.4535815304545407,0.8581995637221692,-4.721136899766832,1
2.0,49.0,True,0.1785765895201809,0.1379854059755247,0.4318572991335042,0.2874842789674492,-4.169218358070335,1
2.0,50.0,True,0.1696376583770245,0.153852696548956,0.5555189609330654,0.9458219414040816,-4.60255525860925,1
2.0,51.0,True,0.2565936493222543,0.1915133923577755,0.65833224245251,0.3893108287514971,-1.9125504520342007,3
2.0,52.0,True,0.2622183281183069,0.1334397594790128,0.5848237332095167,0.3331678777569899,-1.85580356524472,1
2.0,53.0,True,0.2338754451100458,0.1478597426495072,0.558674172583255,0.7851959111011292,-2.607818583146491,1
2.0,54.0,True,0.1553841646075788,0.1324895885965404,0.4228810810644834,0.4355685780857737,-5.251992752484342,1
2.0,55.0,True,0.1991113697319111,0.1675734763637071,0.5198035226138561,0.3885718858839423,-4.025289294519548,1
2.0,56.0,True,0.2610380721466308,0.1229416172948959,0.5321654964252978,0.1930752852883272,-1.8726231027108624,1
2.0,57.0,True,0.2143608714490543,0.1435904223323161,0.483735381215551,0.2535024575759044,-3.1225423683783218,1
2.0,58.0,True,0.0394909071277916,0.0444457717019014,0.1234618272970333,0.7377135922146942,-8.6500550094422,1
2.0,59.0,True,0.0305235024630723,0.027478399373516,0.0964396113157844,0.6641927883690281,-8.98869922746318,1
2.0,60.0,False,,,,,,0
2.0,61.0,False,,,,,,0
2.0,62.0,False,,,,,,0
2.0,63.0,False,,,,,,0
2.0,64.0,False,,,,,,0
2.0,65.0,False,,,,,,0
2.0,66.0,False,,,,,,0
2.0,67.0,False,,,,,,0
2.0,68.0,False,,,,,,0
2.0,69.0,False,,,,,,0
2.0,70.0,False,,,,,,0
2.0,71.0,False,,,,,,0
2.0,72.0,False,,,,,,0
2.0,73.0,False,,,,,,0
2.0,74.0,False,,,,,,0
2.0,75.0,False,,,,,,0
2.0,76.0,False,,,,,,0
2.0,77.0,False,,,,,,0
2.0,78.0,False,,,,,,0
2.0,79.0,False,,,,,,0
2.0,80.0,False,,,,,,0
2.0,81.0,False,,,,,,0
2.0,82.0,False,,,,,,0
2.0,83.0,False,,,,,,0
2.0,84.0,False,,,,,,0
2.0,85.0,False,,,,,,0
2.0,86.0,False,,,,,,0
2.0,87.0,False,,,,,,0
2.0,88.0,False,,,,,,0
2.0,89.0,False,,,,,,0
2.0,90.0,False,,,,,,0
2.0,91.0,False,,,,,,0
2.0,92.0,False,,,,,,0
2.0,93.0,False,,,,,,0
2.0,94.0,False,,,,,,0
2.0,95.0,False,,,,,,0
2.0,96.0,False,,,,,,0
2.0,97.0,False,,,,,,0
2.0,98.0,False,,,,,,0
2.0,99.0,False,,,,,,0
2.0,100.0,False,,,,,,0
3.0,1.0,False,,,,,,0
3.0,2.0,False,,,,,,0
3.0,3.0,False,,,,,,0
3.0,4.0,False,,,,,,0
3.0,5.0,False,,,,,,0
3.0,6.0,False,,,,,,0
3.0,7.0,False,,,,,,0
3.0,8.0,False,,,,,,0
3.0,9.0,False,,,,,,0
3.0,10.0,False,,,,,,0
3.0,11.0,False,,,,,,0
3.0,12.0,False,,,,,,0
3.0,13.0,False,,,,,,0
3.0,14.0,False,,,,,,0
3.0,15.0,False,,,,,,0
3.0,16.0,False,,,,,,0
3.0,17.0,False,,,,,,0
3.0,18.0,False,,,,,,0
3.0,19.0,False,,,,,,0
3.0,20.0,False,,,,,,0
3.0,21.0,False,,,,,,0
3.0,22.0,False,,,,,,0
3.0,23.0,False,,,,,,0
3.0,24.0,False,,,,,,0
3.0,25.0,False,,,,,,0
3.0,26.0,False,,,,,,0
3.0,27.0,False,,,,,,0
3.0,28.0,False,,,,,,0
3.0,29.0,False,,,,,,0
3.0,30.0,False,,,,,,0
3.0,31.0,False,,,,,,0
3.0,32.0,False,,,,,,0
3.0,33.0,False,,,,,,0
3.0,34.0,False,,,,,,0
3.0,35.0,False,,,,,,0
3.0,36.0,False,,,,,,0
3.0,37.0,False,,,,,,0
3.0,38.0,False,,,,,,0
3.0,39.0,True,0.0670212488153295,0.0656435332399557,0.2295065224024551,0.946629096433941,-7.821974567435035,1
3.0,40.0,True,0.2139523420124299,0.1417046372071944,0.5739238386274782,0.7657980821170078,-3.1320596849592226,1
3.0,41.0,True,0.1509630423185226,0.1220971870502913,0.4188256718767491,0.8578267697488008,-5.44423282109734,1
3.0,42.0,True,0.3293882317913327,0.1868867393200779,0.6334404760582016,-0.2087546419933391,0.2383046004984349,3
3.0,43.0,True,0.3296588411670847,0.2545207578093093,1.2119992805605568,1.7328129793061378,0.012568319364519,3
3.0,44.0,True,0.362574906664378,0.1910256351214312,0.7449873392062538,0.196127510813844,1.4846666972288225,3
3.0,45.0,True,0.2955201925498947,0.2020288889692762,0.7170376446165688,0.2601598724134602,-0.5578092873383098,3
3.0,46.0,True,0.3339936107722415,0.2615532658903347,1.0100712972320367,1.1513282328164414,0.6657567859638145,3
3.0,47.0,True,0.2702308353556745,0.1586861550163173,0.552574480382388,-0.0334420041748369,-1.6663628252162592,1
3.0,48.0,True,0.2004502135556594,0.1331450731547718,0.5520839201927201,0.29929827540773,-3.882436472446031,1
3.0,49.0,True,0.2860321061202709,0.1775976464349498,0.6576146108240379,0.2439092221250657,-0.8055689256716494,3
3.0,50.0,True,0.4088797295010505,0.2557148280012359,0.8915237934590686,0.1954136627838895,2.383638396565475,3
3.0,51.0,True,0.291792757836724,0.1089613681893347,0.5375355154550945,0.0485365838694146,-1.121915007476426,1
3.0,52.0,True,0.3050050392988188,0.1651382785701148,0.6532012621083852,0.4619724676549238,-0.572520716633892,3
3.0,53.0,True,0.2703452008044202,0.1136771282404228,0.4805157276131463,-0.2454131044270824,-1.4115883018827422,1
3.0,54.0,True,0.2755862193001642,0.1302690535695303,0.6018384729813385,0.5685943231727518,-1.5839483355047517,1
3.0,55.0,True,0.3791467886034546,0.248935656448471,1.0198880092248297,0.6539979026075069,1.425788801612435,3
3.0,56.0,True,0.5303379661716987,0.2496048739628515,1.1130443523892994,0.5620912113239533,6.857053420600833,2
3.0,57.0,True,0.4930424778563652,0.2026108416393413,0.8921664154272448,0.2659245234628965,5.0377191119574825,3
3.0,58.0,True,0.4134385849394646,0.2197661433278788,0.8795651116550279,0.2783233395207048,2.889866807915146,3
3.0,59.0,True,0.5941635905951028,0.2042845443965019,0.9393945958906058,-0.6646240792006675,8.843346507813813,2
3.0,60.0,True,0.4580035903943029,0.3223241110216224,1.5,0.9092253339086744,3.434571346822869,2
3.0,61.0,True,0.3102351813781726,0.0979809085969823,0.5710280672893979,0.0192123655252948,-0.5617948349605869,1
3.0,62.0,True,0.067039711673841,0.0769698182771077,0.2402469286290799,0.9191073277681472,-7.867605330941579,1
3.0,63.0,True,0.0288121004481045,0.0534562402953567,0.2522143695889021,2.5119795209753346,-9.121441517564271,1
3.0,64.0,False,,,,,,0
3.0,65.0,False,,,,,,0
3.0,66.0,False,,,,,,0
3.0,67.0,False,,,,,,0
3.0,68.0,False,,,,,,0
3.0,69.0,False,,,,,,0
3.0,70.0,False,,,,,,0
3.0,71.0,False,,,,,,0
3.0,72.0,False,,,,,,0
3.0,73.0,False,,,,,,0
3.0,74.0,False,,,,,,0
3.0,75.0,False,,,,,,0
3.0,76.0,False,,,,,,0
3.0,77.0,False,,,,,,0
3.0,78.0,False,,,,,,0
3.0,79.0,False,,,,,,0
3.0,80.0,False,,,,,,0
3.0,81.0,False,,,,,,0
3.0,82.0,False,,,,,,0
3.0,83.0,False,,,,,,0
3.0,84.0,False,,,,,,0
3.0,85.0,False,,,,,,0
3.0,86.0,False,,,,,,0
3.0,87.0,False,,,,,,0
3.0,88.0,False,,,,,,0
3.0,89.0,False,,,,,,0
3.0,90.0,False,,,,,,0
3.0,91.0,False,,,,,,0
3.0,92.0,False,,,,,,0
3.0,93.0,False,,,,,,0
3.0,94.0,False,,,,,,0
3.0,95.0,False,,,,,,0
3.0,96.0,False,,,,,,0
3.0,97.0,False,,,,,,0
3.0,98.0,False,,,,,,0
3.0,99.0,False,,,,,,0
3.0,100.0,False,,,,,,0
4.0,1.0,False,,,,,,0
4.0,2.0,False,,,,,,0
4.0,3.0,False,,,,,,0
4.0,4.0,False,,,,,,0
4.0,5.0,False,,,,,,0
4.0,6.0,False,,,,,,0
4.0,7.0,False,,,,,,0
4.0,8.0,False,,,,,,0
4.0,9.0,False,,,,,,0
4.0,10.0,False,,,,,,0
4.0,11.0,False,,,,,,0
4.0,12.0,False,,,,,,0
4.0,13.0,False,,,,,,0
4.0,14.0,False,,,,,,0
4.0,15.0,False,,,,,,0
4.0,16.0,False,,,,,,0
4.0,17.0,False,,,,,,0
4.0,18.0,False,,,,,,0
4.0,19.0,False,,,,,,0
4.0,20.0,False,,,,,,0
4.0,21.0,False,,,,,,0
4.0,22.0,False,,,,,,0
4.0,23.0,False,,,,,,0
4.0,24.0,False,,,,,,0
4.0,25.0,False,,,,,,0
4.0,26.0,False,,,,,,0
4.0,27.0,False,,,,,,0
4.0,28.0,False,,,,,,0
4.0,29.0,False,,,,,,0
4.0,30.0,False,,,,,,0
4.0,31.0,False,,,,,,0
4.0,32.0,False,,,,,,0
4.0,33.0,False,,,,,,0
4.0,34.0,False,,,,,,0
4.0,35.0,True,0.0497315018861328,0.0625113512471894,0.2073489830175903,1.0555478004635692,-8.352317331136584,1
4.0,36.0,True,0.2355527465545551,0.1356702004514297,0.5038175398808583,0.022283058138556,-2.3493023580601857,1
4.0,37.0,True,0.3879436806238039,0.2935633663699751,1.1201805347725942,0.8796905007996475,2.2849863700951607,2
4.0,38.0,True,0.4091738024108813,0.3089039031844651,1.3691989652902652,1.1156648536577711,2.109501673764106,2
4.0,39.0,True,0.3376504327873963,0.2230301116174465,0.8786910787483236,0.8100568039716354,0.4886847951023802,3
4.0,40.0,True,0.3529971029999455,0.1906676164693885,0.7041038816295607,-0.0686576570602264,0.8848495343642281,3
4.0,41.0,True,0.4411261286058637,0.1754956098898066,0.6698135455205878,-0.2166943182574533,3.857479929809568,3
4.0,42.0,True,0.2983048539417665,0.1623202795299753,0.5701890101655422,-0.2457509432659273,-0.7482864389985415,3
4.0,43.0,True,0.3290223755256936,0.2238306834117331,0.7948455569720915,0.3001097184695172,0.1756047724283661,3
4.0,44.0,True,0.2855429479896189,0.2217284206430459,0.8592963935903494,1.1634763987487975,-1.3328988857571071,3
4.0,45.0,True,0.2996707744563512,0.1912219897010827,0.6523721365244237,-0.0239067434002162,-0.5969345266231245,3
4.0,46.0,True,0.2290642224775028,0.1392996419330639,0.5205738551064947,0.0393362686559146,-2.67794908164902,1
4.0,47.0,True,0.2477755496820501,0.1645813196763701,0.6239519145538129,0.4154733575600509,-2.102001296220231,1
4.0,48.0,True,0.2456970318241801,0.2007224381489816,0.7565356128860783,1.1938456413062697,-2.5035181723514217,3
4.0,49.0,True,0.3353243244750545,0.1478948603643693,0.906847751605079,0.843724712116636,0.1398139902197031,3
4.0,50.0,True,0.3588750310695155,0.1900739921205826,0.7567328883404091,0.4358663641867357,1.265821460195733,3
4.0,51.0,True,0.3047037618327154,0.2098121130183588,0.8151584421317961,0.6924464569367692,-0.4362969979231823,3
4.0,52.0,True,0.2509690421409435,0.1097779096340361,0.4916417391012713,0.5426688262231227,-2.3746327160941347,1
4.0,53.0,True,0.3162364478588559,0.1478420371575588,0.611920741738307,-0.0597800705268611,-0.3876066139229317,3
4.0,54.0,True,0.3371338912957083,0.1733102893171512,0.752888852359407,0.5139464239666953,0.8108946055314494,3
4.0,55.0,True,0.3840813303437592,0.1382914925138065,0.6161823727731358,-0.3652260402446565,2.0197963878495697,3
4.0,56.0,True,0.364289028642038,0.1975718917058521,0.7221261716477844,0.3448751624984335,1.224018314887207,3
4.0,57.0,True,0.4263671172513982,0.2041897257869574,0.8901317121861406,0.6122915438868577,3.069507124551517,3
4.0,58.0,True,0.4306581427504043,0.1073939410665926,0.624484529832992,-0.2357963971187349,3.5316634492477386,3
4.0,59.0,True,0.3765565118555407,0.3244771973730255,1.2229103444560974,0.9682228033822332,1.893989880156112,2
4.0,60.0,True,0.5743646926239405,0.1486231137055963,0.8055106957812028,-0.2188339363403748,7.902751899713981,2
4.0,61.0,True,0.4581037684664717,0.2961558424983893,1.1774027263991391,0.8727686778964084,4.17438203869624,2
4.0,62.0,True,0.322955989637525,0.1507012957519106,0.5964798819750392,-0.6509947044260777,-0.0048942106301051,3
4.0,63.0,True,0.3582604961316991,0.1349995611224996,0.6252794766103072,0.1148748226910015,1.2207803032758546,3
4.0,64.0,True,0.2696774836797727,0.1488838321280156,0.5709258663604477,0.2823669159967586,-1.7914748807200669,1
4.0,65.0,True,0.2149259905163261,0.1106030863602964,0.4057677344982728,-0.0269789032346385,-3.120407380976572,1
4.0,66.0,True,0.1074846442824854,0.1042608336918523,0.3749616108498906,1.0375607762807768,-6.5453955789502665,1
4.0,67.0,True,0.0217028043251756,0.0364278461509957,0.1263195072625547,1.7846590827116708,-9.266057115965095,1
4.0,68.0,False,,,,,,0
4.0,69.0,False,,,,,,0
4.0,70.0,False,,,,,,0
4.0,71.0,False,,,,,,0
4.0,72.0,False,,,,,,0
4.0,73.0,False,,,,,,0
4.0,74.0,False,,,,,,0
4.0,75.0,False,,,,,,0
4.0,76.0,False,,,,,,0
4.0,77.0,False,,,,,,0
4.0,78.0,False,,,,,,0
4.0,79.0,False,,,,,,0
4.0,80.0,False,,,,,,0
4.0,81.0,False,,,,,,0
4.0,82.0,False,,,,,,0
4.0,83.0,False,,,,,,0
4.0,84.0,False,,,,,,0
4.0,85.0,False,,,,,,0
4.0,86.0,False,,,,,,0
4.0,87.0,False,,,,,,0
4.0,88.0,False,,,,,,0
4.0,89.0,False,,,,,,0
4.0,90.0,False,,,,,,0
4.0,91.0,False,,,,,,0
4.0,92.0,False,,,,,,0
4.0,93.0,False,,,,,,0
4.0,94.0,False,,,,,,0
4.0,95.0,False,,,,,,0
4.0,96.0,False,,,,,,0
4.0,97.0,False,,,,,,0
4.0,98.0,False,,,,,,0
4.0,99.0,False,,,,,,0
4.0,100.0,False,,,,,,0
5.0,1.0,False,,,,,,0
5.0,2.0,False,,,,,,0
5.0,3.0,False,,,,,,0
5.0,4.0,False,,,,,,0
5.0,5.0,False,,,,,,0
5.0,6.0,False,,,,,,0
5.0,7.0,False,,,,,,0
5.0,8.0,False,,,,,,0
5.0,9.0,False,,,,,,0
5.0,10.0,False,,,,,,0
5.0,11.0,False,,,,,,0
5.0,12.0,False,,,,,,0
5.0,13.0,False,,,,,,0
5.0,14.0,False,,,,,,0
5.0,15.0,False,,,,,,0
5.0,16.0,False,,,,,,0
5.0,17.0,False,,,,,,0
5.0,18.0,False,,,,,,0
5.0,19.0,False,,,,,,0
5.0,20.0,False,,,,,,0
5.0,21.0,False,,,,,,0
5.0,22.0,False,,,,,,0
5.0,23.0,False,,,,,,0
5.0,24.0,False,,,,,,0
5.0,25.0,False,,,,,,0
5.0,26.0,False,,,,,,0
5.0,27.0,False,,,,,,0
5.0,28.0,False,,,,,,0
5.0,29.0,False,,,,,,0
5.0,30.0,False,,,,,,0
5.0,31.0,False,,,,,,0
5.0,32.0,False,,,,,,0
5.0,33.0,True,0.0862422970163213,0.1004627447076898,0.3601947634586526,1.2791426928536622,-7.116089506940658,1
5.0,34.0,True,0.2724431142913426,0.156666079494567,0.568973152637131,-0.1336925491376644,-1.5995153233891126,1
5.0,35.0,True,0.3294139562804521,0.0886430655402801,0.5481769536639641,0.2380890162693179,0.3574806771963836,1
5.0,36.0,True,0.4833327240299193,0.2397272820906211,1.0403101433844844,0.9191311469060416,4.808192240620879,2
5.0,37.0,True,0.5101312082011652,0.1573446847940918,0.7936700470407239,-0.5538337246689183,5.823069927528516,3
5.0,38.0,True,0.4974950716847419,0.1984219734711872,0.8192764333785297,-0.1154035781288625,5.456892144288764,3
5.0,39.0,True,0.3398729380086637,0.116290281298357,0.5478008489417797,-0.2308444641975209,0.4927612548617152,1
5.0,40.0,True,0.4111913536665229,0.2378838686445767,1.013037688752496,0.8747437678353537,2.9073592995375677,3
5.0,41.0,True,0.4108042006127452,0.1766617914947595,0.7583017571559773,-0.131427794339059,2.5994682951582284,3
5.0,42.0,True,0.3708724245428675,0.1856781033577466,0.698701162995474,-0.100503783349086,1.432293890793834,3
5.0,43.0,True,0.2452453404287887,0.1491042677860236,0.6080504728378789,0.5499651181763474,-2.380929204620146,1
5.0,44.0,True,0.278747370052278,0.1217128114084615,0.5202376235012076,0.2240648574173772,-1.4505395872098064,1
5.0,45.0,True,0.2162913558895648,0.1458074848807602,0.5765252327532221,0.8079089823238871,-3.0518639490540656,1
5.0,46.0,True,0.3521099625707191,0.2159226116566124,1.2213443144193488,1.85655136913969,0.6554324100715246,3
5.0,47.0,True,0.2075919866652788,0.1397808162714385,0.5379620883788342,0.5031534632694289,-3.736072376061985,1
5.0,48.0,True,0.2797816096740831,0.1512951963688024,0.658495839044664,0.5347197729525883,-1.1904243153714191,3
5.0,49.0,True,0.2124295389682473,0.1541116484703859,0.4993373179082258,0.5442490334479632,-3.420693441603005,1
5.0,50.0,True,0.2453761671009431,0.1573961577729597,0.6130471146375729,0.3982344335942712,-2.4399501629577696,1
5.0,51.0,True,0.3098513930167323,0.2408097741825219,0.7401883636096712,0.3992670525449707,-0.4416594342421682,3
5.0,52.0,True,0.3616592418944851,0.2644474286535279,0.936981664563335,0.6773462737769868,1.2301048048918184,3
5.0,53.0,True,0.3170302575461732,0.1336383064871565,0.6047349324193317,0.0245454393089056,-0.4037372377826783,1
5.0,54.0,True,0.3465892264996043,0.2286661077259584,0.8103564111616955,0.2822150148845904,0.2795122406167648,3
5.0,55.0,True,0.314656597204746,0.1826921644349049,0.701714478761582,0.3157316469541714,0.0883694037195482,3
5.0,56.0,True,0.3522127186384964,0.1250505121785961,0.5644193878279766,-0.2611868140819697,1.0980060528405138,3
5.0,57.0,True,0.3985524902866145,0.1675821404059815,0.6741678891430354,0.205521940258548,2.4522564335077552,3
5.0,58.0,True,0.3780556800450462,0.2430876357902473,0.7791726445900591,0.052228816126061,1.600768213195625,3
5.0,59.0,True,0.2721443406066428,0.1405634981249812,0.59720709807517,0.4574478358779735,-1.5523001110219548,1
5.0,60.0,True,0.3987791792267575,0.2616256613772144,0.9323998479257832,0.2005480006855472,2.4177071160505346,3
5.0,61.0,True,0.3889278537735553,0.1857274514837219,0.8395826064708569,0.6587584829745623,1.9883874895394855,3
5.0,62.0,True,0.3474328118243007,0.2204496818177838,0.7256262183871802,0.2340908041393762,0.5664104098017925,3
5.0,63.0,True,0.4390937501739605,0.1817215128280103,0.7681357572989835,0.3111671139634082,3.592846881156135,3
5.0,64.0,True,0.2640950964408906,0.1595316055290466,0.5356248245938956,0.2027308990693469,-1.7046977011310327,1
5.0,65.0,True,0.3400546365342661,0.156334050769877,0.6843834841761437,0.3603054973172426,0.6749362023750035,3
5.0,66.0,True,0.2978964229802603,0.2087798690669132,0.7104086474685367,0.5426363722069883,-0.7153029640441676,3
5.0,67.0,True,0.3416178956126917,0.1442788890259107,0.567897832659097,-0.3861057794374252,0.6473069990263348,3
5.0,68.0,True,0.1063884291032511,0.104929344561338,0.3827059323888725,1.149316151368273,-6.5357588219218075,1
5.0,69.0,True,0.0889228748204326,0.0576346924282085,0.2262883448128173,0.0731256951761996,-7.250659833772782,1
5.0,70.0,False,,,,,,0
5.0,71.0,False,,,,,,0
5.0,72.0,False,,,,,,0
5.0,73.0,False,,,,,,0
5.0,74.0,False,,,,,,0
5.0,75.0,False,,,,,,0
5.0,76.0,False,,,,,,0
5.0,77.0,False,,,,,,0
5.0,78.0,False,,,,,,0
5.0,79.0,False,,,,,,0
5.0,80.0,False,,,,,,0
5.0,81.0,False,,,,,,0
5.0,82.0,False,,,,,,0
5.0,83.0,False,,,,,,0
5.0,84.0,False,,,,,,0
5.0,85.0,False,,,,,,0
5.0,86.0,False,,,,,,0
5.0,87.0,False,,,,,,0
5.0,88.0,False,,,,,,0
5.0,89.0,False,,,,,,0
5.0,90.0,False,,,,,,0
5.0,91.0,False,,,,,,0
5.0,92.0,False,,,,,,0
5.0,93.0,False,,,,,,0
5.0,94.0,False,,,,,,0
5.0,95.0,False,,,,,,0
5.0,96.0,False,,,,,,0
5.0,97.0,False,,,,,,0
5.0,98.0,False,,,,,,0
5.0,99.0,False,,,,,,0
5.0,100.0,False,,,,,,0
6.0,1.0,False,,,,,,0
6.0,2.0,False,,,,,,0
6.0,3.0,False,,,,,,0
6.0,4.0,False,,,,,,0
6.0,5.0,False,,,,,,0
6.0,6.0,False,,,,,,0
6.0,7.0,False,,,,,,0
6.0,8.0,False,,,,,,0
6.0,9.0,False,,,,,,0
6.0,10.0,False,,,,,,0
6.0,11.0,False,,,,,,0
6.0,12.0,False,,,,,,0
6.0,13.0,False,,,,,,0
6.0,14.0,False,,,,,,0
6.0,15.0,False,,,,,,0
6.0,16.0,False,,,,,,0
6.0,17.0,False,,,,,,0
6.0,18.0,False,,,,,,0
6.0,19.0,False,,,,,,0
6.0,20.0,False,,,,,,0
6.0,21.0,False,,,,,,0
6.0,22.0,False,,,,,,0
6.0,23.0,False,,,,,,0
6.0,24.0,False,,,,,,0
6.0,25.0,False,,,,,,0
6.0,26.0,False,,,,,,0
6.0,27.0,False,,,,,,0
6.0,28.0,False,,,,,,0
6.0,29.0,False,,,,,,0
6.0,30.0,True,0.0097198697780703,0.0215933791535036,0.0741451604865622,2.0741244429521775,-9.605057953378983,1
6.0,31.0,True,0.1260023766798403,0.1051140146145102,0.3502992927700311,0.7352618677885379,-6.026084187477958,1
6.0,32.0,True,0.3673253661121552,0.1327976477734843,0.6412110720588925,0.1683975434729047,1.3696350593433624,3
6.0,33.0,True,0.3300900674565651,0.1247736686378819,0.5781848428533931,-0.2563696067271722,0.2372165792081551,1
6.0,34.0,True,0.4532412165554303,0.2260495152179424,0.893113388764228,-0.1199311393135241,4.484108761708577,3
6.0,35.0,True,0.5742046097710034,0.268972999876005,1.4458115123659547,0.4663791674270049,7.267447524737364,2
6.0,36.0,True,0.503128597489315,0.2188296800088979,1.3442344380195808,1.6497860426828854,5.193183343064385,2
6.0,37.0,True,0.4526351656937063,0.2135581916476017,1.151463299181516,0.1062571894773929,3.7888217488630063,2
6.0,38.0,True,0.4920401410147126,0.2083613000419577,0.783200033678085,-0.6380521199582678,5.380885844052995,3
6.0,39.0,True,0.3925000549682798,0.2337747027745159,1.1539355540741103,0.918816082528599,1.5350261554561213,3
6.0,40.0,True,0.4906617278861423,0.2654417606250929,1.0563775784596,0.1885217066556995,5.531861822140847,2
6.0,41.0,True,0.418514706549892,0.1896154371692216,1.1452550785180138,1.464020217159448,2.622739457599419,3
6.0,42.0,True,0.5043181526374978,0.2112414676097288,0.9678912161267488,0.6922653590114349,5.486710985527599,2
6.0,43.0,True,0.4697192035197504,0.2671972141337374,0.9393466783415892,-0.3529355766006049,4.4638170294320725,2
6.0,44.0,True,0.2941553406678131,0.1973668214272257,1.002671413293633,1.4580530030660832,-1.2960427240675902,3
6.0,45.0,True,0.3180340231858712,0.2634158915454554,1.029414381113689,1.1949100974839872,-0.0405035377701078,3
6.0,46.0,True,0.4040913709548604,0.2221902352191802,0.8482367364211747,0.1302654665090429,2.917830279341971,3
6.0,47.0,True,0.3458301262213066,0.2376215431266782,1.1616434350969975,1.0421085812759896,0.4498458558158945,3
6.0,48.0,True,0.3355536049131937,0.162180237025207,0.6128770415276061,-0.0726151569638125,0.2778308818219168,3
6.0,49.0,True,0.3272620254611232,0.1536123322311432,0.6202014447793428,0.1703923790018852,0.3124428382596435,3
6.0,50.0,True,0.3745149504387217,0.1486701015818226,0.6879073341793037,-0.2855155808476718,1.4480295379728845,3
6.0,51.0,True,0.3293351834967059,0.2249543452756521,0.9195993331336316,1.2065145036365863,0.5031780734937951,3
6.0,52.0,True,0.3616851044318883,0.1577268278839474,0.625142012812463,-0.3255455665210385,1.1695195313935716,3
6.0,53.0,True,0.4108552456815829,0.2592214407164486,1.0345828308356375,0.8974903692390648,2.7879622150375196,2
6.0,54.0,True,0.2985182836413214,0.1577507290115452,0.5831298923812918,-0.0361624354676548,-0.7119616718496223,3
6.0,55.0,True,0.372309848847547,0.230575174217195,0.9277597679010554,0.4875442806793502,1.3618380878659688,3
6.0,56.0,True,0.3997147533990907,0.1371662583889296,0.811165439747347,1.0069751107392244,2.209486715075065,3
6.0,57.0,True,0.3721029408446021,0.1910064272859017,0.6692040153866279,-0.1245791972736888,1.8310684625571192,3
6.0,58.0,True,0.3103023176212551,0.1954794762942519,0.7798664592312637,0.6932154323854085,-0.317683583008759,3
6.0,59.0,True,0.4271668714305872,0.1459988692616629,0.7070429955292897,-0.654900973413231,3.552254049883194,3
6.0,60.0,True,0.4119298254801586,0.181724147554513,1.0148262763503104,1.335202154794452,2.496230939185109,3
6.0,61.0,True,0.1838385498424376,0.1533161078585768,0.6342463709694965,1.171564155736695,-4.4777896899118605,1
6.0,62.0,True,0.3871588469476372,0.1746250842624094,0.6891960314385845,-0.0904559804392122,2.4397237198769925,3
6.0,63.0,True,0.3252198142247156,0.2108569285250964,0.7975241343374059,0.5987460222902827,0.0531213323823012,3
6.0,64.0,True,0.3437977575736809,0.1799597186161746,0.7528548120881087,0.464874132088529,0.6490828006509023,3
6.0,65.0,True,0.4063178228574082,0.2014319818794892,0.8534307152017477,0.0162617658363271,2.14000179416345,3
6.0,66.0,True,0.3577786844065174,0.1519797212889642,0.7503792784198502,0.9711801498171873,1.0641574096358686,3
6.0,67.0,True,0.422231313638622,0.1826564302552553,0.7332025610407236,-0.3503789392863364,3.492445252457266,3
6.0,68.0,True,0.2227079381079247,0.1305277026536857,0.4319034079086075,-0.3620360696067251,-2.9386813855203897,1
6.0,69.0,True,0.2573682287080721,0.1873525399431976,0.7763255604862751,0.5431190724392583,-2.323936570257784,3
6.0,70.0,True,0.3549446449330368,0.2400700945452265,0.9141818205332992,0.5620878939877557,1.0811229610268462,3
6.0,71.0,True,0.0913105977047242,0.1044486779527188,0.3503763899139737,1.112903171655414,-7.084585888388846,1
6.0,72.0,False,,,,,,0
6.0,73.0,False,,,,,,0
6.0,74.0,False,,,,,,0
6.0,75.0,False,,,,,,0
6.0,76.0,False,,,,,,0
6.0,77.0,False,,,,,,0
6.0,78.0,False,,,,,,0
6.0,79.0,False,,,,,,0
6.0,80.0,False,,,,,,0
6.0,81.0,False,,,,,,0
6.0,82.0,False,,,,,,0
6.0,83.0,False,,,,,,0
6.0,84.0,False,,,,,,0
6.0,85.0,False,,,,,,0
6.0,86.0,False,,,,,,0
6.0,87.0,False,,,,,,0
6.0,88.0,False,,,,,,0
6.0,89.0,False,,,,,,0
6.0,90.0,False,,,,,,0
6.0,91.0,False,,,,,,0
6.0,92.0,False,,,,,,0
6.0,93.0,False,,,,,,0
6.0,94.0,False,,,,,,0
6.0,95.0,False,,,,,,0
6.0,96.0,False,,,,,,0
6.0,97.0,False,,,,,,0
6.0,98.0,False,,,,,,0
6.0,99.0,False,,,,,,0
6.0,100.0,False,,,,,,0
7.0,1.0,False,,,,,,0
7.0,2.0,False,,,,,,0
7.0,3.0,False,,,,,,0
7.0,4.0,False,,,,,,0
7.0,5.0,False,,,,,,0
7.0,6.0,False,,,,,,0
7.0,7.0,False,,,,,,0
7.0,8.0,False,,,,,,0
7.0,9.0,False,,,,,,0
7.0,10.0,False,,,,,,0
7.0,11.0,False,,,,,,0
7.0,12.0,False,,,,,,0
7.0,13.0,False,,,,,,0
7.0,14.0,False,,,,,,0
7.0,15.0,False,,,,,,0
7.0,16.0,False,,,,,,0
7.0,17.0,False,,,,,,0
7.0,18.0,False,,,,,,0
7.0,19.0,False,,,,,,0
7.0,20.0,False,,,,,,0
7.0,21.0,False,,,,,,0
7.0,22.0,False,,,,,,0
7.0,23.0,False,,,,,,0
7.0,24.0,False,,,,,,0
7.0,25.0,False,,,,,,0
7.0,26.0,False,,,,,,0
7.0,27.0,False,,,,,,0
7.0,28.0,True,0.0476218765709638,0.0444822004725806,0.1415277839384734,0.4698482221099674,-8.420296944961843,1
7.0,29.0,True,0.1365555725043728,0.1027927291398861,0.2981319322678552,0.0114292060352178,-5.647770120850633,1
7.0,30.0,True,0.4165458519914082,0.3076367692432815,1.1323748260363284,0.6393010632796778,3.141333570136662,2
7.0,31.0,True,0.2914827051505479,0.1555852030484974,0.6608113918337377,0.8311580498533022,-1.073752167011354,3
7.0,32.0,True,0.4450311813090173,0.2514514063456466,1.06736370143946,1.3156661729323638,3.428627120682979,2
7.0,33.0,True,0.5259840492921584,0.2194360726857602,0.983383394303148,0.7565240071650917,5.964295644815711,2
7.0,34.0,True,0.4104852534041605,0.2185862583262111,1.0338471379434369,0.938246591112491,2.5228290862136187,3
7.0,35.0,True,0.5312414988214995,0.2920576383520584,1.1670426743522515,0.4241611000869598,6.874419657458125,2
7.0,36.0,True,0.5147352049139425,0.1340373994553586,0.7430033392425904,-0.6951077088861904,6.004565758242193,3
7.0,37.0,True,0.5290762657925403,0.3125916978773402,1.317633799111501,0.632802031825796,6.8440833310813485,2
7.0,38.0,True,0.3823580728421081,0.1256827567773219,0.6204347354544815,-0.1957251245670242,1.99879043683957,3
7.0,39.0,True,0.5178826996587365,0.197657721107522,1.0161716510001386,0.2176702229786759,6.344305422686319,2
7.0,40.0,True,0.3289472945577468,0.2328616587424714,0.7992522998759489,0.4242947234737539,0.3032533105727963,3
7.0,41.0,True,0.3691684529298025,0.1578305737645988,0.7059591096411524,0.4438362269577559,1.6494939993072224,3
7.0,42.0,True,0.2152351824728642,0.1336800299487054,0.601708408282945,0.4082722006580039,-3.409078589703348,1
7.0,43.0,True,0.4144149556508954,0.2032351702176263,0.8318802537972766,0.41469644566493,2.755373660859123,3
7.0,44.0,True,0.304513878650313,0.1005734729788919,0.5364416451552031,-0.0909904598883586,-0.6214365972804342,1
7.0,45.0,True,0.2782384522147409,0.1856131467221356,0.5618999198369439,-0.1276061674856474,-1.3113742816042422,3
7.0,46.0,True,0.4228905584957707,0.1959810386198752,0.8894266692481986,0.1595183532932693,3.138798450526753,3
7.0,47.0,True,0.6182223083728802,0.2777464767898813,1.1471310922573312,-0.1324278508039291,9.155955203958344,2
7.0,48.0,True,0.3152286630651826,0.1798738490254752,0.6301286266467905,0.2383289605576152,-0.045788644502825,3
7.0,49.0,True,0.3503271171030603,0.1747340683175574,0.851798173287211,1.6191388068722707,0.9907319621088472,3
7.0,50.0,True,0.5226680746700418,0.2319939685599263,1.1264153077522137,0.824513026105529,6.3971618143194044,2
7.0,51.0,True,0.3747798939103807,0.2784571914810951,0.9368583726750764,0.4357199765346085,1.7192952545886755,3
7.0,52.0,True,0.3896784284439907,0.2605618523040006,0.9395095009146706,0.4003413646218959,1.9362609385328675,3
7.0,53.0,True,0.4860048801088833,0.2124329727455127,0.9169242295724008,0.2160012854329241,4.931770462087402,2
7.0,54.0,True,0.3991315268680913,0.1131708581878715,0.5787939511282173,-0.7038015897891359,2.6349349296780993,3
7.0,55.0,True,0.331357845710138,0.1845989193129482,0.6850406640429474,0.6962164390284827,0.1555982858844315,3
7.0,56.0,True,0.3782397761047713,0.1421769452886019,0.6579173507226053,0.1825377257324251,1.7070361206059983,3
7.0,57.0,True,0.2478664852758764,0.1335593677630657,0.5563602955969158,0.7400465636858323,-2.4191320808435317,1
7.0,58.0,True,0.3303930359154259,0.1925092605154873,0.8234103046867529,0.9884841362179704,0.4330339577502078,3
7.0,59.0,True,0.2624977401147948,0.1487404787906158,0.549328652113153,0.4845342029230434,-1.753036985760143,1
7.0,60.0,True,0.3050978689486535,0.1688759474185863,0.6190036687801339,0.0235529649417169,-0.1843552110521728,3
7.0,61.0,True,0.4263935278841037,0.2252662535182291,0.868798995203411,0.1007264076523322,3.310080411784144,3
7.0,62.0,True,0.257289790826174,0.1233272670139453,0.5447012546193207,0.1438205274016626,-1.81769388807844,1
7.0,63.0,True,0.2824156413597617,0.2184442529925523,0.8715668209986749,1.464432772706658,-1.541086290816259,3
7.0,64.0,True,0.231374411610945,0.1278509685585241,0.6166080469108521,0.3761874627933876,-2.927802201366658,1
7.0,65.0,True,0.3282438801753297,0.1652596023178697,0.7428871740344746,0.3464894326210511,0.2171851018943498,3
7.0,66.0,True,0.2794141447877243,0.1958856941831841,0.6823996865542722,0.4202823098192747,-1.362875458562984,3
7.0,67.0,True,0.2684243995457042,0.2110212414591931,0.6611234950350179,0.3208084872531732,-1.7882635560195737,3
7.0,68.0,True,0.25500963378047,0.1324101500009094,0.4888716261737701,0.0042005762287201,-2.093898345273704,1
7.0,69.0,True,0.2401797197506298,0.1423236296682603,0.5387651100708429,0.3830739854680494,-2.5055949007843235,1
7.0,70.0,True,0.3038643416870608,0.1331780527133262,0.720294731712333,0.7647532031259393,-0.8431630586939438,3
7.0,71.0,True,0.363060028561738,0.2033457984760945,0.8224256227792403,0.3426566471799058,1.204931003360198,3
7.0,72.0,True,0.2842548422351539,0.1585807840535039,0.5906320246056165,0.4369163586383058,-1.1233136461046969,1
7.0,73.0,True,0.1142092874373755,0.0990030462447079,0.3901483743354187,1.2813929730163327,-6.282042339459586,1
7.0,74.0,False,,,,,,0
7.0,75.0,False,,,,,,0
7.0,76.0,False,,,,,,0
7.0,77.0,False,,,,,,0
7.0,78.0,False,,,,,,0
7.0,79.0,False,,,,,,0
7.0,80.0,False,,,,,,0
7.0,81.0,False,,,,,,0
7.0,82.0,False,,,,,,0
7.0,83.0,False,,,,,,0
7.0,84.0,False,,,,,,0
7.0,85.0,False,,,,,,0
7.0,86.0,False,,,,,,0
7.0,87.0,False,,,,,,0
7.0,88.0,False,,,,,,0
7.0,89.0,False,,,,,,0
7.0,90.0,False,,,,,,0
7.0,91.0,False,,,,,,0
7.0,92.0,False,,,,,,0
7.0,93.0,False,,,,,,0
7.0,94.0,False,,,,,,0
7.0,95.0,False,,,,,,0
7.0,96.0,False,,,,,,0
7.0,97.0,False,,,,,,0
7.0,98.0,False,,,,,,0
7.0,99.0,False,,,,,,0
7.0,100.0,False,,,,,,0
8.0,1.0,False,,,,,,0
8.0,2.0,False,,,,,,0
8.0,3.0,False,,,,,,0
8.0,4.0,False,,,,,,0
8.0,5.0,False,,,,,,0
8.0,6.0,False,,,,,,0
8.0,7.0,False,,,,,,0
8.0,8.0,False,,,,,,0
8.0,9.0,False,,,,,,0
8.0,10.0,False,,,,,,0
8.0,11.0,False,,,,,,0
8.0,12.0,False,,,,,,0
8.0,13.0,False,,,,,,0
8.0,14.0,False,,,,,,0
8.0,15.0,False,,,,,,0
8.0,16.0,False,,,,,,0
8.0,17.0,False,,,,,,0
8.0,18.0,False,,,,,,0
8.0,19.0,False,,,,,,0
8.0,20.0,False,,,,,,0
8.0,21.0,False,,,,,,0
8.0,22.0,False,,,,,,0
8.0,23.0,False,,,,,,0
8.0,24.0,False,,,,,,0
8.0,25.0,False,,,,,,0
8.0,26.0,False,,,,,,0
8.0,27.0,True,0.101203310173442,0.0916795409340427,0.328312536240793,0.8655308870936044,-6.866179975570037,1
8.0,28.0,True,0.2065708288868548,0.1096649024969326,0.5851950814688848,0.6860907747365159,-3.7092588136984777,1
8.0,29.0,True,0.183023931188044,0.1696930863811221,0.6079943305892265,0.8563263672723599,-4.3745922798903765,1
8.0,30.0,True,0.2736927544471987,0.1426045902995669,0.5830465842738679,-0.020584969010477,-1.4027809876143154,1
8.0,31.0,True,0.33594778013501,0.1959177493321815,0.8610149437897306,1.129060745000421,0.7489657200459788,3
8.0,32.0,True,0.3349311933147929,0.2463468449690181,0.8543924539707731,0.461521417352948,0.3586484294346992,3
8.0,33.0,True,0.3586280515848832,0.1917087638513004,1.0483303347179245,0.8824415303021482,0.6769261255663007,3
8.0,34.0,True,0.6547719066138088,0.2423981226532649,1.089793786299334,-0.0025719386022612,9.967995735268564,2
8.0,35.0,True,0.5480590590868988,0.2382939047100994,1.0630874447617846,0.3220103103936342,7.154234739711617,2
8.0,36.0,True,0.5053276639927453,0.1825384036687654,1.0679349319716298,1.0036160861714825,5.118627336476217,2
8.0,37.0,True,0.5682617451627037,0.1445358989082904,0.7782766495687283,-0.7987694628442734,7.733141877189042,3
8.0,38.0,True,0.6099255468886853,0.2628973499798668,1.1183419734660132,0.1876797759100659,9.227187515544031,2
8.0,39.0,True,0.5484583972366754,0.2368231429628473,1.015548611297555,-0.2238808540223785,7.094016016268938,2
8.0,40.0,True,0.4603924186821661,0.2197356824579246,1.0937814430722923,1.3090696338599397,4.03922847506566,2
8.0,41.0,True,0.3835683668496936,0.2453542922071033,0.9326616846264424,0.4396868387361732,1.9683422810395457,3
8.0,42.0,True,0.3034093739038804,0.1579061205838512,0.5508552946830276,-0.3008683329386635,-0.4927085086665038,3
8.0,43.0,True,0.2204234012602991,0.1790522363069296,0.5236855794386661,0.2544658434549807,-2.8808451684503305,1
8.0,44.0,True,0.306386668636835,0.1698284217256344,0.7605706202987709,0.1987585328172393,-0.7354102722453976,3
8.0,45.0,True,0.3681475486389711,0.2137928227012595,0.9200090247584072,1.1760510283146064,1.448042247599132,3
8.0,46.0,True,0.25676507024961,0.2354547803798466,0.7761518302180579,0.9852444515681046,-2.1370067424708683,3
8.0,47.0,True,0.3595597075545914,0.1964972048074743,1.1485103317909109,1.8537925778778708,0.5135303967772156,3
8.0,48.0,True,0.373455650093449,0.1902699469901618,0.7155234110285209,-0.0125143923215827,1.5038086795619603,3
8.0,49.0,True,0.187334007494287,0.0647870232654847,0.3479973973484852,0.189427161657245,-4.137156563858281,1
8.0,50.0,True,0.1752558026609051,0.091739246168014,0.3126522288171361,-0.18130773716697,-4.583014999975008,1
8.0,51.0,True,0.3489905463924092,0.1282858197119875,0.5334945627036866,-0.3635310265610683,0.9149076785238502,3
8.0,52.0,True,0.2802819753892305,0.2139700060061651,0.690022622808908,0.4152137580409075,-1.4754589634704391,3
8.0,53.0,True,0.1605037620070211,0.1373482127416172,0.5100532589426616,0.8476670587147443,-4.957469322011787,1
8.0,54.0,True,0.3062066233538295,0.1590570442506096,0.5730962637526803,-0.1391039174842901,-0.2779213839505738,3
8.0,55.0,True,0.2652971349761259,0.2033002696322891,0.7720938704727272,1.096674672694768,-1.5749626330968054,3
8.0,56.0,True,0.3053611152099771,0.2321720747297014,0.8574233788909171,1.1102789436499063,-0.6601984027848216,3
8.0,57.0,True,0.3684532344838104,0.2327673457191907,1.0187680155920602,1.1322456234981708,1.705808181648032,3
8.0,58.0,True,0.179638687166026,0.1454291905740792,0.4609919898971041,0.4288413627126993,-4.3737783815582505,1
8.0,59.0,True,0.1903444626081912,0.1330662994875509,0.5180549180123141,0.5966096885707967,-4.08278157793497,1
8.0,60.0,True,0.2245676318534057,0.2005154252962482,0.928627346330424,1.3852387669209778,-3.2490253944443515,3
8.0,61.0,True,0.2496853042813128,0.1674407460202593,0.6361607369492367,0.4664762784388024,-2.361903274341865,1
8.0,62.0,True,0.2037104545888239,0.1117173591922036,0.440415450281778,0.2186738191183497,-3.7952365593259394,1
8.0,63.0,True,0.3007971127045948,0.1856663585681873,0.7448626021384195,0.7051024285620957,-0.495322057942506,3
8.0,64.0,True,0.3676859867016922,0.2846722445569907,1.428286440156054,1.5756981751763948,0.799802219461743,2
8.0,65.0,True,0.2534205265904684,0.1445966877025375,0.5202496058260533,-0.0054193815950571,-2.217708873952528,1
8.0,66.0,True,0.2040994666608053,0.1371049550031944,0.4996349957855199,0.5002552163289242,-3.7464233304123766,1
8.0,67.0,True,0.2715587195487947,0.1771162843125869,0.6299705797217773,0.5259237392951338,-1.2925367479338403,3
8.0,68.0,True,0.1820838908435333,0.1457201147695032,0.5705086171173873,1.1499247424404777,-4.3983307903067645,1
8.0,69.0,True,0.3946002068426237,0.1746569102532674,0.7370985933491466,-0.5419086390146065,2.2156641055856783,3
8.0,70.0,True,0.5023315509345009,0.2642090624463367,1.0567614322526824,-0.0515061688221526,5.441166981871277,2
8.0,71.0,True,0.3400255752636505,0.2903809343285311,1.4325635436519033,1.8268478308891505,-0.0123735128087083,2
8.0,72.0,True,0.3977618953904861,0.2351950200357145,0.8649418969957349,0.0853190209811306,1.91079552319662,3
8.0,73.0,True,0.2874783677088358,0.1543821472169205,0.5286069610988706,-0.2663839796800545,-0.8988269082542627,1
8.0,74.0,True,0.2302176988526185,0.2093218564472826,0.6997643249920217,0.8728335787346333,-2.8401810326333026,3
8.0,75.0,True,0.1256775112490125,0.1141645197330523,0.4778230459681683,1.031131804861387,-6.18252962015431,1
8.0,76.0,False,,,,,,0
8.0,77.0,False,,,,,,0
8.0,78.0,False,,,,,,0
8.0,79.0,False,,,,,,0
8.0,80.0,False,,,,,,0
8.0,81.0,False,,,,,,0
8.0,82.0,False,,,,,,0
8.0,83.0,False,,,,,,0
8.0,84.0,False,,,,,,0
8.0,85.0,False,,,,,,0
8.0,86.0,False,,,,,,0
8.0,87.0,False,,,,,,0
8.0,88.0,False,,,,,,0
8.0,89.0,False,,,,,,0
8.0,90.0,False,,,,,,0
8.0,91.0,False,,,,,,0
8.0,92.0,False,,,,,,0
8.0,93.0,False,,,,,,0
8.0,94.0,False,,,,,,0
8.0,95.0,False,,,,,,0
8.0,96.0,False,,,,,,0
8.0,97.0,False,,,,,,0
8.0,98.0,False,,,,,,0
8.0,99.0,False,,,,,,0
8.0,100.0,False,,,,,,0
9.0,1.0,False,,,,,,0
9.0,2.0,False,,,,,,0
9.0,3.0,False,,,,,,0
9.0,4.0,False,,,,,,0
9.0,5.0,False,,,,,,0
9.0,6.0,False,,,,,,0
9.0,7.0,False,,,,,,0
9.0,8.0,False,,,,,,0
9.0,9.0,False,,,,,,0
9.0,10.0,False,,,,,,0
9.0,11.0,False,,,,,,0
9.0,12.0,False,,,,,,0
9.0,13.0,False,,,,,,0
9.0,14.0,False,,,,,,0
9.0,15.0,False,,,,,,0
9.0,16.0,False,,,,,,0
9.0,17.0,False,,,,,,0
9.0,18.0,False,,,,,,0
9.0,19.0,False,,,,,,0
9.0,20.0,False,,,,,,0
9.0,21.0,False,,,,,,0
9.0,22.0,False,,,,,,0
9.0,23.0,False,,,,,,0
9.0,24.0,False,,,,,,0
9.0,25.0,True,0.0689760540863307,0.0788909359078739,0.2162905799720012,0.6532405945959155,-7.77534932072217,1
9.0,26.0,True,0.3273596475325435,0.2242825526268129,0.950588758669634,0.7364050377564965,0.0651882810574452,3
9.0,27.0,True,0.2380039786821375,0.094158098756392,0.4707426134939513,0.6081828456041872,-2.6144523118799077,1
9.0,28.0,True,0.2812895153283253,0.1942075261921159,0.7036665625060021,0.4527171894304931,-1.1895733851269388,3
9.0,29.0,True,0.3230898461600671,0.1501217337258475,0.6443750014851143,0.0781811377559471,0.0444276698517714,3
9.0,30.0,True,0.268339924207353,0.1612072743224883,0.6389771840204215,0.6041252150111567,-1.4680740238415182,3
9.0,31.0,True,0.3774698722066829,0.2160103163705599,0.9047361382253382,-0.0750856823380443,1.278703871255288,3
9.0,32.0,True,0.3959809638186795,0.187882363736174,0.8579594419580067,0.5739594622648614,2.604166745042094,3
9.0,33.0,True,0.5181447517096381,0.2140454072873298,0.9750507532001852,0.1862170739271613,5.929573027348753,2
9.0,34.0,True,0.4214956937815086,0.3858109971411472,1.5,1.122898900608207,2.8042559851530218,2
9.0,35.0,True,0.6914685266094245,0.2074609589727951,1.0683960804298194,-0.7808250279854556,11.485165564772688,2
9.0,36.0,True,0.7867947182738956,0.2756313350798808,1.5,0.799107739017527,14.29066162373304,2
9.0,37.0,True,0.6194011801510417,0.163697866633458,0.9627953849687872,0.3740396620206509,9.271659615888703,2
9.0,38.0,True,0.3669430008612243,0.1125906358423694,0.6321422279733643,1.0773426389076377,1.2957230867098333,3
9.0,39.0,True,0.5318328780373535,0.2354927681922,1.2834021500147368,0.974607781190844,6.239637198400254,2
9.0,40.0,True,0.4004961725750688,0.2898106828983562,1.0404956203521327,0.7736936337515377,2.2310943803526984,2
9.0,41.0,True,0.2198817372824261,0.1880524559058063,0.9734902317346212,1.9292304982344524,-3.3667958549267896,3
9.0,42.0,True,0.2624144615577813,0.1507214280106151,0.6885373510701693,0.5841796892992267,-2.095416235956307,1
9.0,43.0,True,0.2028545970900741,0.1786346825625794,0.6728280533712705,1.005772610128485,-3.550314181036669,1
9.0,44.0,True,0.3325570789620993,0.1473692669404243,0.7490183323709211,0.0518380917473642,0.1209221818166433,3
9.0,45.0,True,0.3118683607879224,0.2646927677480186,1.5,2.9467713028353337,-0.9094545007133767,2
9.0,46.0,True,0.273993981724843,0.1687424613899788,0.8246921917731238,0.871690225057904,-1.770309983771476,3
9.0,47.0,True,0.3515868372299038,0.2692482981671337,1.330618961254144,1.5247271965909623,0.4039072025827927,2
9.0,48.0,True,0.2382228902331984,0.1576653754713501,0.8581209570834643,1.769156574775417,-2.890216852011191,3
9.0,49.0,True,0.2563437148571993,0.0905919631227496,0.3937970871080773,-1.1405402814437229,-1.874519126453801,1
9.0,50.0,True,0.2943429287901117,0.2194193440644485,0.9405740143863952,1.0062592518361329,-1.1958692190430615,3
9.0,51.0,True,0.2704634635028219,0.1397968653499977,0.4997522949228815,-0.2166119167456985,-1.300703520245337,1
9.0,52.0,True,0.180423654926618,0.1234969595893213,0.4836258698758804,0.7389550872467586,-4.23782230434494,1
9.0,53.0,True,0.1929208166157816,0.1047448819306389,0.4091265578770782,0.0731457263739796,-4.034661653172909,1
9.0,54.0,True,0.2890678481103455,0.289139214496505,1.0423612295597813,1.2707596600772535,-1.3779820813794572,3
9.0,55.0,True,0.3301514187812607,0.1597020012869019,0.6130478013004561,0.132853371426425,0.4493125511555846,3
9.0,56.0,True,0.1578624929124946,0.1144097151240886,0.3507103475269497,0.071166055875711,-5.038637175318033,1
9.0,57.0,True,0.3793419784907794,0.1746184454093739,0.7997661739441143,0.526238431835617,1.710952731953416,3
9.0,58.0,True,0.2879760231488506,0.1174442731051244,0.5080541621186079,-0.3001832177740275,-0.7987694129320418,1
9.0,59.0,True,0.2838722039202599,0.2008766740156971,0.9215309023335828,0.7621015513482523,-1.6323688466683428,3
9.0,60.0,True,0.2609277125538335,0.1963663058369297,0.7186030942403422,0.8688165736556779,-1.9858875126326172,3
9.0,61.0,True,0.2835288367384356,0.1687014804013104,0.6035608828868978,0.1752069002860189,-1.0846527400180688,3
9.0,62.0,True,0.1971689976259641,0.1555869642489967,0.502152274229993,0.6473440793259482,-3.812073447847412,1
9.0,63.0,True,0.1583573115990602,0.0856689567335615,0.3389231016678111,-0.0688844675742906,-5.113032247436944,1
9.0,64.0,True,0.2893135211511489,0.1576706898701793,0.5380148738136243,-0.2467361439710413,-0.9944969165358843,1
9.0,65.0,True,0.1995804775911989,0.0830321727055636,0.4104729691903924,0.3487602224370901,-3.756842305562422,1
9.0,66.0,True,0.2250387455148335,0.1705799445971034,0.6387268183107113,0.4510198710449881,-3.142927443577899,1
9.0,67.0,True,0.2494800380105367,0.1505525153594285,0.5678114221797992,0.2446045500578106,-2.086725131079117,1
9.0,68.0,True,0.3362974109669663,0.182859462263847,0.6169791992318517,-0.2423651871546532,0.74265381737335,3
9.0,69.0,True,0.1744560716671423,0.083086474328117,0.3146225141227382,-0.5068479509081666,-4.485874595163611,1
9.0,70.0,True,0.1771684528205091,0.1590704034999543,0.6035826983321239,1.4608387029755647,-4.330607099320669,1
9.0,71.0,True,0.3656448504888293,0.1126089396024206,0.5757747273748941,-0.0993352601540789,1.2772160936449013,3
9.0,72.0,True,0.4110892663498696,0.2222527977007876,0.7641715211337814,-0.0863039691812884,2.7966258785251696,3
9.0,73.0,True,0.3125055297049262,0.1622204227209562,0.5720755537625583,-0.101543700515752,-0.377398931127461,3
9.0,74.0,True,0.2011814080923483,0.0942275444464171,0.3381761439473524,-0.6299229299303094,-3.514540366505033,1
9.0,75.0,True,0.3698235256296416,0.1925354584800251,0.770865606746249,0.6520835089829983,1.398528267734631,3
9.0,76.0,True,0.2544355981240868,0.1637345517461181,0.8938996341326885,1.8749172801221057,-2.539100580468669,3
9.0,77.0,True,0.02621755600491,0.0332282556667559,0.091664694671327,0.8669879169749319,-9.095698170153725,1
9.0,78.0,False,,,,,,0
9.0,79.0,False,,,,,,0
9.0,80.0,False,,,,,,0
9.0,81.0,False,,,,,,0
9.0,82.0,False,,,,,,0
9.0,83.0,False,,,,,,0
9.0,84.0,False,,,,,,0
9.0,85.0,False,,,,,,0
9.0,86.0,False,,,,,,0
9.0,87.0,False,,,,,,0
9.0,88.0,False,,,,,,0
9.0,89.0,False,,,,,,0
9.0,90.0,False,,,,,,0
9.0,91.0,False,,,,,,0
9.0,92.0,False,,,,,,0
9.0,93.0,False,,,,,,0
9.0,94.0,False,,,,,,0
9.0,95.0,False,,,,,,0
9.0,96.0,False,,,,,,0
9.0,97.0,False,,,,,,0
9.0,98.0,False,,,,,,0
9.0,99.0,False,,,,,,0
9.0,100.0,False,,,,,,0
10.0,1.0,False,,,,,,0
10.0,2.0,False,,,,,,0
10.0,3.0,False,,,,,,0
10.0,4.0,False,,,,,,0
10.0,5.0,False,,,,,,0
10.0,6.0,False,,,,,,0
10.0,7.0,False,,,,,,0
10.0,8.0,False,,,,,,0
10.0,9.0,False,,,,,,0
10.0,10.0,False,,,,,,0
10.0,11.0,False,,,,,,0
10.0,12.0,False,,,,,,0
10.0,13.0,False,,,,,,0
10.0,14.0,False,,,,,,0
10.0,15.0,False,,,,,,0
10.0,16.0,False,,,,,,0
10.0,17.0,False,,,,,,0
10.0,18.0,False,,,,,,0
10.0,19.0,False,,,,,,0
10.0,20.0,False,,,,,,0
10.0,21.0,False,,,,,,0
10.0,22.0,False,,,,,,0
10.0,23.0,True,0.015861760284575,0.0292410530777621,0.1449662767618253,2.691881498225038,-9.518111143195537,1
10.0,24.0,True,0.3028925086692164,0.2040812804638571,1.0303674873945323,1.044127504809643,-0.826394315486647,3
10.0,25.0,True,0.3985236558639212,0.2179114756261998,0.8424533991505267,-0.1496302608588857,2.379225191385279,3
10.0,26.0,True,0.2353751262101747,0.0817829625783507,0.4081688812948223,-0.0676132301597347,-2.677745236569214,1
10.0,27.0,True,0.3212998746566455,0.1682633699966292,0.7776156008668669,0.2385440754630323,-0.2204752129878308,3
10.0,28.0,True,0.2531339062184763,0.1174850920438028,0.4972391638088087,0.1713641843365277,-2.0726701016207008,1
10.0,29.0,True,0.223379790860627,0.1700616405957402,0.6922311258064866,0.568349115571154,-3.286325929371934,1
10.0,30.0,True,0.2663721278941315,0.1498121745546661,0.6248740960852157,0.8007663137336898,-1.7267583596866023,1
10.0,31.0,True,0.3185648911618807,0.2089292282633031,0.799399633816138,0.8176947902859081,-0.0816627738187222,3
10.0,32.0,True,0.378418917491731,0.1283176844936927,0.6436172065974969,-0.0904019297969627,1.714583588058613,3
10.0,33.0,True,0.4348861590904067,0.2194704110202422,1.1124840701593242,0.7207071578533013,3.477029955899802,2
10.0,34.0,True,0.5438582171213081,0.2235885872833594,1.0838125897326292,0.6658449381252498,6.686987858255444,2
10.0,35.0,True,0.3594627632854587,0.1500816702693372,0.691391974917084,0.2432580862622245,1.0870946698755397,3
10.0,36.0,True,0.6263301012903324,0.3359511715507262,1.2945147985112695,0.1263013985572425,9.53305486858145,2
10.0,37.0,True,0.610299787681134,0.2873842494057699,1.2931275759352778,0.6274142249678427,8.739684234521407,2
10.0,38.0,True,0.4734056252629646,0.2535037173752289,1.079026372813525,0.832330583582295,4.762737180565864,2
10.0,39.0,True,0.4865859468066507,0.2280550849832641,0.880974837453046,-0.1624488730318546,5.3026772324871585,2
10.0,40.0,True,0.4660097631002294,0.2295419777714957,0.8420026350808207,-0.3067178112745253,4.394041075882447,3
10.0,41.0,True,0.2403895746654748,0.1549644992855701,0.5134866919794879,0.1699491023947327,-2.4144944284256846,1
10.0,42.0,True,0.3064661104197904,0.1160030399374744,0.5168214825704293,-0.5469574906577495,-0.2055538127434516,1
10.0,43.0,True,0.2492398948856898,0.1093374473699783,0.4295457966441027,-0.2347728373701959,-2.1367047424395107,1
10.0,44.0,True,0.2660035447647795,0.1287347772781832,0.6629305048175569,0.6146723291386688,-1.8984407248975883,1
10.0,45.0,True,0.2677560661297909,0.1049478318443289,0.4554495203329387,-0.3537749931951067,-1.6864883937524586,1
10.0,46.0,True,0.340246561990227,0.1888442049424937,0.7844682950353183,0.7282092521065772,0.5720912838296432,3
10.0,47.0,True,0.1518235583951147,0.1344745870935846,0.4484443388239249,0.7509355963273265,-5.5951241300568295,1
10.0,48.0,True,0.2106433960316229,0.0983590866895127,0.4402313690054452,0.2704105687751102,-3.5622297089608335,1
10.0,49.0,True,0.2089793258831555,0.1151970632346794,0.3846218241769138,-0.3590576228309719,-3.5086587934331788,1
10.0,50.0,True,0.2963714845283594,0.2232558704506513,0.7296051201632284,0.3185536406117527,-0.6944715090416451,3
10.0,51.0,True,0.2782974240779401,0.2333435405279394,0.8077657081704412,0.8524095227100501,-1.2195386921441989,3
10.0,52.0,True,0.2294340830797446,0.132555099497298,0.4514207257805031,-0.2487683183693173,-2.7233834628329143,1
10.0,53.0,True,0.2133072864711259,0.1404032257982477,0.7738447889063625,1.792012607311251,-3.52237754438401,1
10.0,54.0,True,0.096755376768613,0.1149942517636399,0.5288100993664194,1.922711054044519,-7.321983508120457,1
10.0,55.0,True,0.2690947951889015,0.2233103611532697,0.7229277585718454,0.4810490088917898,-1.642276062317569,3
10.0,56.0,True,0.2263844413522946,0.1282654060982533,0.4705439898889649,0.0427902390151344,-3.0254676380809435,1
10.0,57.0,True,0.1789912994713569,0.1718402131970621,0.5756245590067103,0.8422026307202604,-4.294902308881915,1
10.0,58.0,True,0.1301754589204807,0.1060261032213375,0.3296320183715638,0.3449048375825311,-6.113552969925997,1
10.0,59.0,True,0.3187348276811734,0.1893108635860206,0.7698687883954145,0.689974531895653,0.1489707826631542,3
10.0,60.0,True,0.1876799785480584,0.121700603840613,0.4215606658524692,-0.0817668851881242,-3.9822618888874577,1
10.0,61.0,True,0.2765785195184561,0.1132157246984172,0.455540749872277,-0.5589380242775944,-1.3325738726953742,1
10.0,62.0,True,0.2357234116788183,0.1082700841164411,0.4134946960750202,-0.4750337235802053,-2.469719783087226,1
10.0,63.0,True,0.2526666623632755,0.1881435186982651,1.081640393155885,2.586319037387233,-2.429534319507998,3
10.0,64.0,True,0.1780171617449185,0.1497080468524793,0.4655825899754659,0.4175495092791799,-4.27653463286375,1
10.0,65.0,True,0.1189976915701462,0.088774822918952,0.2967822756745688,0.4013973079812604,-6.249876116941057,1
10.0,66.0,True,0.174070334271156,0.1651137365975588,0.6647441310283676,1.0686418326609577,-4.659285991235155,1
10.0,67.0,True,0.1805446223120198,0.1621774483580063,0.4936146418082822,0.661220902447691,-4.294323944493152,1
10.0,68.0,True,0.2962810898596191,0.1662072329127105,0.7019220289917883,0.8753732412645646,-0.7403593825993267,3
10.0,69.0,True,0.2208587597372336,0.0936515695559858,0.4633843156862521,0.5583150324578521,-3.0250029737973914,1
10.0,70.0,True,0.3235020846544807,0.1792574392147118,0.7169521918389358,0.3361427059744343,0.0839661882084648,3
10.0,71.0,True,0.3973249051811769,0.2326893924546661,1.4185194722829182,2.6513428691297007,1.8459568318501685,2
10.0,72.0,True,0.5205626494159227,0.2228921931480836,1.0800463005589371,0.4340611894843401,5.448356712998399,2
10.0,73.0,True,0.1914421480021445,0.1044138047241444,0.4423762058198597,0.1274764493723844,-4.17001258855752,1
10.0,74.0,True,0.3962376379086816,0.1785827737932374,0.8151081432719475,0.9189915678582404,2.307146402332707,3
10.0,75.0,True,0.249077508897874,0.1690954513904599,0.6437775854890416,0.7221517289988044,-2.280579610243801,1
10.0,76.0,True,0.2453990824470532,0.1593754270400205,0.5775462502651415,0.3659975007222694,-2.601843451110404,1
10.0,77.0,True,0.3425723630820209,0.2080496014658534,0.7868268888515254,0.993211720375756,0.843953258382723,3
10.0,78.0,True,0.1282396493318806,0.1134303182878832,0.3519907511834656,0.3185225850915601,-6.129993266212785,1
10.0,79.0,False,,,,,,0
10.0,80.0,False,,,,,,0
10.0,81.0,False,,,,,,0
10.0,82.0,False,,,,,,0
10.0,83.0,False,,,,,,0
10.0,84.0,False,,,,,,0
10.0,85.0,False,,,,,,0
10.0,86.0,False,,,,,,0
10.0,87.0,False,,,,,,0
10.0,88.0,False,,,,,,0
10.0,89.0,False,,,,,,0
10.0,90.0,False,,,,,,0
10.0,91.0,False,,,,,,0
10.0,92.0,False,,,,,,0
10.0,93.0,False,,,,,,0
10.0,94.0,False,,,,,,0
10.0,95.0,False,,,,,,0
10.0,96.0,False,,,,,,0
10.0,97.0,False,,,,,,0
10.0,98.0,False,,,,,,0
10.0,99.0,False,,,,,,0
10.0,100.0,False,,,,,,0
11.0,1.0,False,,,,,,0
11.0,2.0,False,,,,,,0
11.0,3.0,False,,,,,,0
11.0,4.0,False,,,,,,0
11.0,5.0,False,,,,,,0
11.0,6.0,False,,,,,,0
11.0,7.0,False,,,,,,0
11.0,8.0,False,,,,,,0
11.0,9.0,False,,,,,,0
11.0,10.0,False,,,,,,0
11.0,11.0,False,,,,,,0
11.0,12.0,False,,,,,,0
11.0,13.0,False,,,,,,0
11.0,14.0,False,,,,,,0
11.0,15.0,False,,,,,,0
11.0,16.0,False,,,,,,0
11.0,17.0,False,,,,,,0
11.0,18.0,False,,,,,,0
11.0,19.0,False,,,,,,0
11.0,20.0,False,,,,,,0
11.0,21.0,False,,,,,,0
11.0,22.0,True,0.1163526563137663,0.0955943834747664,0.3616446095563646,0.907764706712912,-6.278736292715472,1
11.0,23.0,True,0.3933072199663082,0.1325056801337924,0.689281398378843,0.2644974724798252,2.2989968676153536,3
11.0,24.0,True,0.3954851011937167,0.2522469092272763,0.996177544087904,0.7647384350300138,2.3471043076408704,3
11.0,25.0,True,0.434112275595923,0.1529988558620248,0.7247382995648417,-0.0618061608429075,3.783717680169156,3
11.0,26.0,True,0.2865080758216508,0.1500619437125006,0.5926062333817893,0.4340874566367103,-1.159937186315918,1
11.0,27.0,True,0.3349492945873656,0.1936890712037191,0.8529238726008253,0.4225316077476405,-0.0163519217451677,3
11.0,28.0,True,0.373343473848668,0.2053011690996044,0.7126812300273628,-0.0345618433985693,1.865567802912366,3
11.0,29.0,True,0.2961846379305798,0.2262292422121229,0.7686072268918377,0.7308549433517856,-0.701870907983391,3
11.0,30.0,True,0.4682090021062843,0.1949695225288774,0.8319868284982086,-0.3477854196876416,4.489969736178053,3
11.0,31.0,True,0.2570606030840293,0.1254967396944602,0.5281465565613326,0.4478622929409429,-1.840300881621788,1
11.0,32.0,True,0.2698491082910449,0.1374263946082347,0.5645261432840363,0.1035678898015431,-1.2747409297958083,1
11.0,33.0,True,0.2734424409458765,0.1528163603890587,0.5859268816021892,0.4407727397735841,-1.388782608029924,1
11.0,34.0,True,0.3801826868574463,0.1342824236217233,0.734281726766913,0.6387150111307965,1.85687507994248,3
11.0,35.0,True,0.4272116640096359,0.1510038846144346,0.6312156555461081,-1.167368440590271,3.7155730578555968,3
11.0,36.0,True,0.5594837591168388,0.1721841419565654,0.9027089939260294,0.2241437689431041,7.318322469137799,2
11.0,37.0,True,0.649416098023314,0.3010341879893715,1.3413402281472275,0.5684239459005981,10.198181642459172,2
11.0,38.0,True,0.5781495483406363,0.2708560832293133,0.9768877444692944,-0.5617832816474143,8.069067742930505,2
11.0,39.0,True,0.4506642009059705,0.1542031541382567,0.9693196864987424,1.1279669263548842,3.823584927211696,3
11.0,40.0,True,0.2808779762493029,0.2105209578319796,0.9970148587163936,1.1422495574887863,-1.9400212932966576,3
11.0,41.0,True,0.2411860054007585,0.1310950408083425,0.6011823268815139,0.401208619407728,-2.652602804519259,1
11.0,42.0,True,0.3074345407111162,0.1018480353603787,0.4937131866083827,0.4015759139838102,-0.4442520925355225,1
11.0,43.0,True,0.2211118462024273,0.1196690024947776,0.4486021088278791,0.2654747890394462,-3.1788637256532555,1
11.0,44.0,True,0.1883412133552194,0.1266864632851527,0.5518148588364153,1.3594044004883497,-3.95042112488463,1
11.0,45.0,True,0.3165669944495284,0.2012320263110822,0.7550444554967274,0.7636317332411634,-0.1323877832691565,3
11.0,46.0,True,0.1710093363167706,0.1277762444248173,0.5150533651283483,0.7182811462886377,-4.824849597603358,1
11.0,47.0,True,0.2243109738701278,0.1306566552847014,0.5603786215782676,0.5181006035476332,-2.8286577172411613,1
11.0,48.0,True,0.1614511779594521,0.1235327057562819,0.3888570335839686,-0.0420108903401196,-5.082955147062115,1
11.0,49.0,True,0.1600740703999136,0.1590707733364285,0.5338363364849844,0.8634139790945788,-4.864422911963188,1
11.0,50.0,True,0.2051166611109098,0.1422325371990047,0.5565548601448629,0.8113893664085584,-3.4330792444156897,1
11.0,51.0,True,0.1876461960280485,0.0739864192818767,0.3243065441080873,0.1548219540637967,-4.054704333546648,1
11.0,52.0,True,0.2169047721960032,0.2274724983944747,0.731059173425701,0.9233613564681404,-3.4091635602594232,3
11.0,53.0,True,0.1805211881647995,0.1797347440240849,0.6041761943070132,0.9400203445038282,-4.1098275011745296,1
11.0,54.0,True,0.2398701066796985,0.2132411135342125,0.996412031263454,1.333814108174783,-3.105039948742891,3
11.0,55.0,True,0.3109251042238772,0.2266528701757439,0.7841073638796963,0.6428127677209247,-0.3590534909768118,3
11.0,56.0,True,0.3096574558120388,0.1518695979501594,0.624452109318203,0.0938616808242678,-0.4256462979229586,3
11.0,57.0,True,0.1982383424619797,0.1364393577111435,0.4344196462814875,0.1244017564544309,-3.7304378729869794,1
11.0,58.0,True,0.426695272199875,0.2149610340302508,0.8469788105449103,-0.12840683411599,3.3961250427647034,3
11.0,59.0,True,0.2435893600485968,0.1777534555330362,0.7176466295938002,0.7770359496701144,-2.9770893364886817,3
11.0,60.0,True,0.1609688893669173,0.1298439728644356,0.5184261174707295,1.1654991890276545,-4.73173335919999,1
11.0,61.0,True,0.2021082136313566,0.1232910376166302,0.4236260841567527,0.2196375888621327,-3.761849839468893,1
11.0,62.0,True,0.1868824526416991,0.1597265632089994,0.6275838775332762,1.3056678312783976,-3.90802169089378,1
11.0,63.0,True,0.1714532405133251,0.1259753138416901,0.6961620531686757,1.8886920775918845,-4.776131523830936,1
11.0,64.0,True,0.1736748948521066,0.1181910175062553,0.3778728856643241,0.0424592002750935,-4.450701842142834,1
11.0,65.0,True,0.1511288048497431,0.0911653053523909,0.283281839312238,-0.5211427058219272,-5.215968214899351,1
11.0,66.0,True,0.26529967573099,0.1245280021316066,0.4997948837443463,-0.6073382865496232,-1.6001996831054068,1
11.0,67.0,True,0.3905200582429956,0.2269174465087577,0.8262401732497959,0.2222214887769192,1.9802604905230123,3
11.0,68.0,True,0.2485449064074754,0.2190753542281336,0.7988029836743836,0.9411252510826404,-2.245137612379818,3
11.0,69.0,True,0.3567817763901142,0.1349862893676495,0.6931850848703387,0.6364314424103296,1.198294866631732,3
11.0,70.0,True,0.5120775443623282,0.2492400915700063,0.9431014201916614,-0.0381754402338849,5.9643073326165394,2
11.0,71.0,True,0.3333531896701058,0.153862961291425,0.663502896943472,0.4848685770294205,0.466841260258032,3
11.0,72.0,True,0.4104972484094177,0.2763578941639679,1.0350525517333389,0.7997656591802541,2.91693331516997,2
11.0,73.0,True,0.3465742238231976,0.1844685555615045,0.6507421013867072,0.0800123517957041,0.6949835321508779,3
11.0,74.0,True,0.273879887493305,0.1276880604202067,0.4724995599811678,-0.2019206857288218,-1.4164572755001377,1
11.0,75.0,True,0.2444389292872547,0.1350716433643018,0.5450874801748572,0.4193275487066963,-2.4216894212719233,1
11.0,76.0,True,0.2433787389190634,0.1701091393438437,0.688697424139844,0.7546388221194362,-2.356883618913282,3
11.0,77.0,True,0.2344284905501331,0.1201248901386141,0.52285287168054,0.3595777313676108,-2.5967611314352075,1
11.0,78.0,True,0.2979456918176172,0.1660090525617323,0.6344020977699283,0.1688100855405707,-0.5636271299565507,3
11.0,79.0,True,0.2288173185107964,0.1345194905358611,0.5252403219702109,0.7062457612146616,-2.8994143586706684,1
11.0,80.0,True,0.0183649272673312,0.0377659075299503,0.1286015578558813,2.0123647330541083,-9.364900658875795,1
11.0,81.0,False,,,,,,0
11.0,82.0,False,,,,,,0
11.0,83.0,False,,,,,,0
11.0,84.0,False,,,,,,0
11.0,85.0,False,,,,,,0
11.0,86.0,False,,,,,,0
11.0,87.0,False,,,,,,0
11.0,88.0,False,,,,,,0
11.0,89.0,False,,,,,,0
11.0,90.0,False,,,,,,0
11.0,91.0,False,,,,,,0
11.0,92.0,False,,,,,,0
11.0,93.0,False,,,,,,0
11.0,94.0,False,,,,,,0
11.0,95.0,False,,,,,,0
11.0,96.0,False,,,,,,0
11.0,97.0,False,,,,,,0
11.0,98.0,False,,,,,,0
11.0,99.0,False,,,,,,0
11.0,100.0,False,,,,,,0
12.0,1.0,False,,,,,,0
12.0,2.0,False,,,,,,0
12.0,3.0,False,,,,,,0
12.0,4.0,False,,,,,,0
12.0,5.0,False,,,,,,0
12.0,6.0,False,,,,,,0
12.0,7.0,False,,,,,,0
12.0,8.0,False,,,,,,0
12.0,9.0,False,,,,,,0
12.0,10.0,False,,,,,,0
12.0,11.0,False,,,,,,0
12.0,12.0,False,,,,,,0
12.0,13.0,False,,,,,,0
12.0,14.0,False,,,,,,0
12.0,15.0,False,,,,,,0
12.0,16.0,False,,,,,,0
12.0,17.0,False,,,,,,0
12.0,18.0,False,,,,,,0
12.0,19.0,False,,,,,,0
12.0,20.0,False,,,,,,0
12.0,21.0,True,0.1869282620527114,0.0560683794776175,0.3029514909121443,-0.0191520456005975,-4.231087847675934,1
12.0,22.0,True,0.4320387913544423,0.161354826434883,0.7538164926122806,-0.0754651555257671,3.460432443271841,3
12.0,23.0,True,0.4251409954213845,0.1822330352194935,0.8321675082269971,0.7369796618488833,2.8579132967447674,3
12.0,24.0,True,0.4713788916974116,0.1999677948810076,0.7810994257602661,-0.5070519972548267,4.677196908633207,3
12.0,25.0,True,0.4060224178881813,0.1520018492966001,0.7503968434232738,0.4481692619079772,2.70093048165013,3
12.0,26.0,True,0.2128825378219636,0.1089294468203138,0.4133641256239259,-0.1544587987914957,-3.3925108124381795,1
12.0,27.0,True,0.2466994995059002,0.1594613211505551,0.6019627319338815,0.3020602048825344,-2.3378968556457345,1
12.0,28.0,True,0.2834890757774865,0.1589939273766317,0.8778139335034156,1.3927118608131817,-1.5725154334455258,3
12.0,29.0,True,0.307339961254411,0.1819538939417216,0.9117469061940988,1.0326545213266964,-0.5990294546240097,3
12.0,30.0,True,0.2722200215145238,0.1295362551882806,0.5238957062013646,0.0632882930887759,-1.6376570597690334,1
12.0,31.0,True,0.3977530634486669,0.2269059078306036,1.0411788414329115,0.4688726379820453,2.224067240356,3
12.0,32.0,True,0.2942267429048992,0.2206229403313909,0.8315611327015906,0.9797028585260228,-0.7421690546402003,3
12.0,33.0,True,0.3222364827065789,0.2484774268264067,1.0063125954383654,1.6332471480052777,0.1112004028089423,3
12.0,34.0,True,0.3597460552058706,0.1819394260508393,0.7446325540753304,0.5852861725209527,1.41884805852371,3
12.0,35.0,True,0.3026348911588848,0.2306566420539872,0.8155477205343097,0.5620448581095534,-0.2818234127587933,3
12.0,36.0,True,0.4120123495472267,0.2130958167123514,0.8140252891015407,0.3529099623444042,2.6902289633635736,3
12.0,37.0,True,0.5266031376006615,0.1910627951891736,0.8274565572135605,-0.2216590189647281,6.21720924776579,2
12.0,38.0,True,0.4978061811283708,0.2971995588818984,1.1196683887727374,0.5561552188390989,6.051762801997437,2
12.0,39.0,True,0.4943837437731805,0.1751332345378823,0.9307135648138806,0.6466883005787196,5.353572802513642,3
12.0,40.0,True,0.3269908995791072,0.2047971086960581,0.816261930352344,0.6518884188261755,0.428691699361761,3
12.0,41.0,True,0.3205061175702806,0.1976411396408148,0.6325697810104987,0.0816884357656383,0.3762228994681125,3
12.0,42.0,True,0.2856321183156581,0.1957172190620084,0.6981345970078126,0.5413223388524068,-0.791618715788602,3
12.0,43.0,True,0.2046376030800578,0.1098662275575748,0.4190115383104295,0.1100721549228256,-3.5323539976508465,1
12.0,44.0,True,0.1480759198209458,0.1205721067726701,0.4329395146409223,0.8639649985527842,-5.337076288983188,1
12.0,45.0,True,0.1526256646858103,0.1164927821867888,0.3829197936024157,0.5095866930852304,-5.3061116059422035,1
12.0,46.0,True,0.2169544381967935,0.1514447726809382,0.6585234904879262,0.341385985279832,-3.5751007247866884,1
12.0,47.0,True,0.111084900031198,0.0770698451336253,0.2539052624317875,0.2444090314781253,-6.572095041449484,1
12.0,48.0,True,0.2434662163733235,0.2186745234598361,1.13286705377136,2.1059170742272877,-2.790806959765861,3
12.0,49.0,True,0.1629624076682893,0.0935231237361883,0.3282212201907126,-0.1219180395535941,-4.758743268971457,1
12.0,50.0,True,0.2208995975646432,0.2394486489310751,0.8485000172340879,1.3385579960988965,-3.2100860743000856,3
12.0,51.0,True,0.2465640640732481,0.1281716148467515,0.6979139833512578,0.641381375980161,-2.5131004388795453,1
12.0,52.0,True,0.1629303444995715,0.1346799006644954,0.6042290918327077,1.0291097725786873,-4.991956181327513,1
12.0,53.0,True,0.2055416885334853,0.1826037241277415,0.7026097264745328,1.5362641887089368,-3.598794222983948,1
12.0,54.0,True,0.2571708735297751,0.1598673870334781,0.5630808708437308,0.1134779323707496,-1.948246499759124,1
12.0,55.0,True,0.3187616097355267,0.152299472057886,0.6584426037111946,0.3688357151929683,-0.3805083303979678,3
12.0,56.0,True,0.2114139687326924,0.1835737160101956,0.6935158922593789,1.3892982833252454,-3.237000728535362,1
12.0,57.0,True,0.195024045874102,0.1281946659237039,0.5361766868700711,0.7570853079583771,-3.6706695182858384,1
12.0,58.0,True,0.1402891077407102,0.1084077704845072,0.3627425790621549,0.4133474429381937,-5.477314421293213,1
12.0,59.0,True,0.259695364852137,0.1820715749544249,0.6150606964561448,0.0743099566757931,-2.006220028062674,3
12.0,60.0,True,0.1946423074519979,0.1773260129141194,0.6158833346813597,0.7396188745776233,-3.8999688016282783,1
12.0,61.0,True,0.2338140078063676,0.1484786457233884,0.6507061476760632,1.4476624440263806,-2.717462317924964,1
12.0,62.0,True,0.2562511586785948,0.2515333746931784,1.1167047437090278,1.3086786917862026,-2.479469419474156,3
12.0,63.0,True,0.2167314367043744,0.1700852023960606,0.6837710719950991,1.1519983812736911,-3.095432293030705,1
12.0,64.0,True,0.1466189816284644,0.0953340725199103,0.2794403060695371,-0.1444906565782526,-5.519154338862637,1
12.0,65.0,True,0.141424631125727,0.1244428386666247,0.467292640133338,0.9335537949068848,-5.645506785711254,1
12.0,66.0,True,0.2284337936894648,0.1834548448183628,0.6909890058801885,1.1730153236618108,-2.736972033366758,3
12.0,67.0,True,0.2381184224988903,0.1201499706956805,0.4387512466088246,-0.1899013544393014,-2.482304571866483,1
12.0,68.0,True,0.2285562852216216,0.1418874303223387,0.6366577231233236,0.9521061712815908,-2.9545072709000584,1
12.0,69.0,True,0.4068627166491304,0.2309178234189066,0.7989392274726378,-0.0633970819591697,2.436239357253366,3
12.0,70.0,True,0.3949930194782296,0.2147682443644443,0.8801719241979623,0.3497365795492245,2.2696277343631928,3
12.0,71.0,True,0.2619334030016739,0.1979658523941812,0.6640724175118458,0.4788596844796638,-1.5654068286998069,3
12.0,72.0,True,0.3524441505462006,0.1911210912901176,0.6381181365351553,-0.4570976991524563,1.288088119678501,3
12.0,73.0,True,0.3442448513168346,0.1444822988467322,0.6892489252181956,0.7135406665662886,0.6943007133677804,3
12.0,74.0,True,0.4514922898935998,0.2161234529282541,0.8668045872217969,0.0676803604496667,4.496633757455727,3
12.0,75.0,True,0.2210532591888082,0.1718178965345221,0.5186559991722082,0.5704162932615454,-3.0440845416387776,1
12.0,76.0,True,0.3347740858012986,0.2046669461908285,0.7853446770471356,-0.1765480919236824,0.1393971163173887,3
12.0,77.0,True,0.2093575213840078,0.1910104207283238,0.6616018355021597,0.8414650668171865,-3.479141368802565,1
12.0,78.0,True,0.253709431057476,0.1466931695570479,0.4829437455251416,-0.2961230459574346,-2.150753948947523,1
12.0,79.0,True,0.2315758406583273,0.1541911993088989,0.5681754617753275,0.6403339639757374,-2.689618163287716,1
12.0,80.0,True,0.25116165658013,0.1505662952395892,0.6102956388538168,0.0888563026761891,-2.267736593532466,1
12.0,81.0,True,0.1185445799973251,0.127612635278786,0.5770083810812231,1.5962427691173071,-6.506039432772659,1
12.0,82.0,False,,,,,,0
12.0,83.0,False,,,,,,0
12.0,84.0,False,,,,,,0
12.0,85.0,False,,,,,,0
12.0,86.0,False,,,,,,0
12.0,87.0,False,,,,,,0
12.0,88.0,False,,,,,,0
12.0,89.0,False,,,,,,0
12.0,90.0,False,,,,,,0
12.0,91.0,False,,,,,,0
12.0,92.0,False,,,,,,0
12.0,93.0,False,,,,,,0
12.0,94.0,False,,,,,,0
12.0,95.0,False,,,,,,0
12.0,96.0,False,,,,,,0
12.0,97.0,False,,,,,,0
12.0,98.0,False,,,,,,0
12.0,99.0,False,,,,,,0
12.0,100.0,False,,,,,,0
13.0,1.0,False,,,,,,0
13.0,2.0,False,,,,,,0
13.0,3.0,False,,,,,,0
13.0,4.0,False,,,,,,0
13.0,5.0,False,,,,,,0
13.0,6.0,False,,,,,,0
13.0,7.0,False,,,,,,0
13.0,8.0,False,,,,,,0
13.0,9.0,False,,,,,,0
13.0,10.0,False,,,,,,0
13.0,11.0,False,,,,,,0
13.0,12.0,False,,,,,,0
13.0,13.0,False,,,,,,0
13.0,14.0,False,,,,,,0
13.0,15.0,False,,,,,,0
13.0,16.0,False,,,,,,0
13.0,17.0,False,,,,,,0
13.0,18.0,False,,,,,,0
13.0,19.0,False,,,,,,0
13.0,20.0,True,0.2618217846978078,0.1209595509107403,0.4556106571815868,-0.1300883397965528,-1.7236358576235915,1
13.0,21.0,True,0.3834514298003436,0.178066289952548,0.7954230645484096,0.4004603318775177,2.0069334191948376,3
13.0,22.0,True,0.3119960669129135,0.1482380219680276,0.6028960978964951,0.1131974668686632,-0.1094322337678907,3
13.0,23.0,True,0.5050184879842787,0.2209876623965192,1.1007252370276492,-0.1479627715484511,5.156842668494807,2
13.0,24.0,True,0.4409893993923176,0.2043514877015897,0.7231835252718428,-0.0606830533562452,3.4885465721599234,3
13.0,25.0,True,0.3590938417212047,0.2979624834003513,1.0340883648988517,0.7556696816809915,1.4222560072569177,3
13.0,26.0,True,0.45251101483664,0.2226383493306602,0.92518559046082,0.1181542935800852,4.360109414019928,3
13.0,27.0,True,0.3686319376126223,0.2288759592840926,0.8551459347117951,0.374430268768168,1.370208066475921,3
13.0,28.0,True,0.4333114626306245,0.1896035839128285,0.7602820208352266,-0.654338868617891,3.270278618467596,3
13.0,29.0,True,0.3145686544959205,0.1243066979400666,0.676799591473104,-0.1293359918247022,-0.4565145535792757,3
13.0,30.0,True,0.3941449455777897,0.169985774018153,0.7824804557065419,0.8657155951554594,2.282734241039708,3
13.0,31.0,True,0.3094172033871979,0.1386082341323987,0.5456922531362559,-0.5941297804766962,-0.4706783536977769,1
13.0,32.0,True,0.3255303813167456,0.1608592637120627,0.7070493232753057,0.293146206891942,0.2815822713869841,3
13.0,33.0,True,0.3480675475696742,0.1374601561671276,0.5969451034281689,0.2133378162940659,0.9068901964497608,3
13.0,34.0,True,0.3994518927269903,0.2265212676611062,0.7447772846232167,0.1528620081528503,2.4442607749786553,3
13.0,35.0,True,0.3688202229300533,0.1672011683656334,0.6323168579424543,-0.1277305373558056,1.7355695087267595,3
13.0,36.0,True,0.6023550403275846,0.2081352087263667,1.031176991464394,0.0751748204602959,8.204927808705081,2
13.0,37.0,True,0.3864642952354471,0.1926477752656433,0.7528962849406203,0.2460719650226663,2.2292495145336533,3
13.0,38.0,True,0.5088541351638228,0.2372496341733044,1.0926856676431898,0.931682121353017,6.012023984974037,2
13.0,39.0,True,0.4412274289457123,0.2064264111433777,0.7513401020330983,-0.3651323307227363,3.827535837958973,3
13.0,40.0,True,0.2595560639111644,0.1319338216926358,0.5587895686809026,0.2785549297283962,-1.8750243375673905,1
13.0,41.0,True,0.1936564804923504,0.1014163999691757,0.4249570665003643,0.2707726329569152,-3.904792963006904,1
13.0,42.0,True,0.2478569163485275,0.1685379487349479,0.6192004431522399,0.4096184553633273,-2.293115357153641,1
13.0,43.0,True,0.1739741494656636,0.1103026563664727,0.3481235676891895,-0.2905230030358274,-4.542744600330248,1
13.0,44.0,True,0.252442399610224,0.2522646442903558,1.2433196680950402,1.8931666271675551,-2.471964631582421,3
13.0,45.0,True,0.1435448508487118,0.1590349096939105,0.5208516197330861,0.9242830044105936,-5.545126583146959,1
13.0,46.0,True,0.0862088646990423,0.1039914135059249,0.3774960895115167,1.4990780871163965,-7.1208131629083455,1
13.0,47.0,True,0.1964494555416337,0.123642488679493,0.513096931114218,0.9249404671821,-3.8888282371257574,1
13.0,48.0,True,0.135492300463258,0.1364131454816348,0.5058807082568955,1.6490911346266146,-5.54431044522071,1
13.0,49.0,True,0.1570459518628148,0.1229207060739531,0.4711904205975248,0.8798656126677914,-5.1880214525502355,1
13.0,50.0,True,0.288891564775307,0.234675950088293,0.7723969747241342,0.3162257441658035,-0.8568378236557009,3
13.0,51.0,True,0.2253561648706944,0.1486827811384382,0.6249409839369462,1.1190972390911935,-2.71910183491712,1
13.0,52.0,True,0.2086380887518224,0.2257127178550053,0.8117760446299492,1.4730276857547682,-3.615266279167468,3
13.0,53.0,True,0.1804342122151152,0.1161756566909748,0.3896433824735494,0.1299988435728908,-4.402225879502924,1
13.0,54.0,True,0.1943725103195974,0.1488957367512998,0.5130903373120697,0.4612498121366269,-3.840164831616891,1
13.0,55.0,True,0.2100901558915867,0.1925884455518126,0.7860337208926313,1.631082069459431,-3.1063122676035,3
13.0,56.0,True,0.1514791923587438,0.155074947135352,0.5348354254465958,1.1543262607273734,-5.187836644996039,1
13.0,57.0,True,0.2005462891298602,0.1688528217329566,0.6159173961804523,0.7163296624380036,-3.6344096498073313,1
13.0,58.0,True,0.2214206554160113,0.1313871143340379,0.4635757541474625,0.0161452442961955,-3.1516659350402385,1
13.0,59.0,True,0.1977935289745139,0.170393422521348,0.665395859136197,1.1924377136712856,-4.082548446546096,1
13.0,60.0,True,0.3240591266657551,0.2687755810764638,1.5,2.572580489472267,-0.5875513616046054,2
13.0,61.0,True,0.1400701647184541,0.0840368034298035,0.3668632021373555,0.8339491592583834,-5.602973856161255,1
13.0,62.0,True,0.3806878510149453,0.1365787250626267,0.6543854982034479,-0.1703368263555121,2.0179344189439945,3
13.0,63.0,True,0.0983162490580559,0.0931100519052694,0.325521938481025,0.8621701815880475,-6.805234679227413,1
13.0,64.0,True,0.2755380555544361,0.1554296083616442,0.6321755657450415,0.6966933588882993,-1.4193954110559706,1
13.0,65.0,True,0.2604081497526074,0.1180431354557927,0.4523638306023417,-0.1890034121023842,-1.7495820432091338,1
13.0,66.0,True,0.3224075935246214,0.1432128713287008,0.5510436093384331,-0.5752353218907486,0.0879940709929607,3
13.0,67.0,True,0.3053216105832719,0.1892321369660256,0.7605233068239292,0.4553737757291956,-0.514378822077613,3
13.0,68.0,True,0.3161080430629463,0.1856523372145588,0.728348275841505,0.8633661391348473,-0.142565991079107,3
13.0,69.0,True,0.3208765448617513,0.2541562105581801,1.377525275797146,2.308340991317983,-0.600578179285363,3
13.0,70.0,True,0.2044019788926967,0.1359270393730605,0.3839162556379726,-0.2841421099829062,-3.748696334695643,1
13.0,71.0,True,0.2910807803126896,0.10063894120348,0.5032498868330537,0.2029193949153864,-0.9129949560956572,1
13.0,72.0,True,0.2911252725812715,0.1709310694242065,0.7088789073523188,0.9739959111026588,-1.084695305689498,3
13.0,73.0,True,0.3603299574630158,0.2057478938267667,0.7427715825317347,0.0442811670421072,1.511613813180326,3
13.0,74.0,True,0.2466271867176007,0.0925590319144502,0.4196039564974991,-0.1422386590084577,-2.2220226658022515,1
13.0,75.0,True,0.1757724347845395,0.1082422591289486,0.5310154185561371,0.9826118148459352,-4.743952760878661,1
13.0,76.0,True,0.2178220512373468,0.1063481867774013,0.397741404948597,-0.4322932064718049,-3.186900902333865,1
13.0,77.0,True,0.2021751828469045,0.1745250781132806,0.6302737387841318,1.0040586586534377,-3.9005724268892186,1
13.0,78.0,True,0.2267146429945353,0.1165681839205437,0.4332446511749405,0.0664429174373744,-3.1431260319269247,1
13.0,79.0,True,0.2789023682692603,0.1330444174292339,0.5570787507621334,0.2595763448591556,-1.4602669479032702,1
13.0,80.0,True,0.2624235487304626,0.1484602206647548,0.6600936722456262,0.1016051301448286,-2.064610989995224,1
13.0,81.0,True,0.3767207448801113,0.1344589311700476,0.6505643536147006,0.0918777422723442,1.5619695471303077,3
13.0,82.0,True,0.2044989130144174,0.1439592816551198,0.5157240524151994,0.5082505609901943,-3.671045798189226,1
13.0,83.0,False,,,,,,0
13.0,84.0,False,,,,,,0
13.0,85.0,False,,,,,,0
13.0,86.0,False,,,,,,0
13.0,87.0,False,,,,,,0
13.0,88.0,False,,,,,,0
13.0,89.0,False,,,,,,0
13.0,90.0,False,,,,,,0
13.0,91.0,False,,,,,,0
13.0,92.0,False,,,,,,0
13.0,93.0,False,,,,,,0
13.0,94.0,False,,,,,,0
13.0,95.0,False,,,,,,0
13.0,96.0,False,,,,,,0
13.0,97.0,False,,,,,,0
13.0,98.0,False,,,,,,0
13.0,99.0,False,,,,,,0
13.0,100.0,False,,,,,,0
14.0,1.0,False,,,,,,0
14.0,2.0,False,,,,,,0
14.0,3.0,False,,,,,,0
14.0,4.0,False,,,,,,0
14.0,5.0,False,,,,,,0
14.0,6.0,False,,,,,,0
14.0,7.0,False,,,,,,0
14.0,8.0,False,,,,,,0
14.0,9.0,False,,,,,,0
14.0,10.0,False,,,,,,0
14.0,11.0,False,,,,,,0
14.0,12.0,False,,,,,,0
14.0,13.0,False,,,,,,0
14.0,14.0,False,,,,,,0
14.0,15.0,False,,,,,,0
14.0,16.0,False,,,,,,0
14.0,17.0,False,,,,,,0
14.0,18.0,False,,,,,,0
14.0,19.0,True,0.26332025544056,0.177818981512054,0.8682027285680131,0.9934050760741848,-2.046695980863805,3
14.0,20.0,True,0.3276889004119941,0.286253237875662,0.9308331319253148,0.6273957490052906,0.1770125787262478,3
14.0,21.0,True,0.340430272086121,0.1735804316249845,0.680313627307646,-0.127211721108231,0.5812042386584734,3
14.0,22.0,True,0.3485105411552636,0.1569943615834832,0.6672682576550588,-0.1582819872561984,0.9153189348404,3
14.0,23.0,True,0.4496705055552074,0.2502479510985961,1.0537792900686882,0.8029525759502235,3.977106035899017,2
14.0,24.0,True,0.3448315694825479,0.2435204160931741,0.7674832047656163,0.3373958883352578,0.6062498649308453,3
14.0,25.0,True,0.3128245754011357,0.1759113162647878,0.6331495763433979,0.096240135374539,-0.2127586553189248,3
14.0,26.0,True,0.4423656690195307,0.2958972872039885,1.2855086712213788,1.1335212008226705,2.8300092910374133,2
14.0,27.0,True,0.3757221665495573,0.1256815858190944,0.5837695282660699,0.2334886919711072,1.61788368228678,3
14.0,28.0,True,0.5313442703859032,0.2205693472295322,0.8960743211775124,0.1597057673022377,6.5349915064045065,2
14.0,29.0,True,0.4375593601141928,0.2243572608802891,0.9063478663227272,0.0885139181881693,3.4556773681340376,3
14.0,30.0,True,0.3848530438592515,0.1493216429875991,0.7285655130077234,0.5325612130533447,2.2171410172381667,3
14.0,31.0,True,0.359993339542752,0.2012521206016546,0.7341506405036518,0.1473311212097589,1.159342739437132,3
14.0,32.0,True,0.3997267962075163,0.232886500337459,0.854093452305251,0.6823167072029761,2.504296717740362,3
14.0,33.0,True,0.2944427241164173,0.1344213117210379,0.5445901551401182,0.0238166621553121,-0.5227308433633652,1
14.0,34.0,True,0.4107756245720617,0.1945416631283993,0.9271148441775134,0.1217170572711992,2.639108667263346,3
14.0,35.0,True,0.3573242612842757,0.1699378760491059,0.7149873434903841,0.7027633381378107,0.9777516236409513,3
14.0,36.0,True,0.4691344795353881,0.1783245184494412,0.8388273970996164,-0.0294297766941397,4.811586478793621,3
14.0,37.0,True,0.4714569637275067,0.2191136815374066,1.00870727056482,0.6268752919257199,4.751522027412085,2
14.0,38.0,True,0.3921496806250033,0.1755446250501968,0.8137526853739323,-0.0762798405617864,2.085962084855536,3
14.0,39.0,True,0.2407350044058023,0.1820818710339429,0.6092952695327184,0.733491828557215,-2.511358549638306,1
14.0,40.0,True,0.352909430957221,0.1772499710664004,0.7042429323133422,0.3159395564133501,1.218285551839448,3
14.0,41.0,True,0.3150566693495459,0.1593993609353819,0.7530628196601429,0.5241867310373364,-0.3927360750484568,3
14.0,42.0,True,0.1748321306223183,0.1247162216760035,0.4957563662948112,0.8669634570746775,-4.357496316088106,1
14.0,43.0,True,0.1906184338198088,0.1128412188709319,0.4410702122414777,0.4260436978060741,-4.06178023259313,1
14.0,44.0,True,0.2128655419019585,0.1282016746733524,0.5453814774135578,0.205716808793864,-3.364187393033503,1
14.0,45.0,True,0.1498281918882266,0.1789055276625138,0.6067361899660155,1.0801914912505617,-5.398638481383973,1
14.0,46.0,True,0.0937352886432219,0.0856518905588509,0.2910167772892247,0.7162483706584336,-6.8896136770760785,1
14.0,47.0,True,0.1693736736206754,0.0645327456065737,0.3818323810832229,1.3044411912150775,-4.789989074797843,1
14.0,48.0,True,0.1739252026239611,0.1283071435910916,0.4557535485635386,0.6444655241540422,-4.324414548705636,1
14.0,49.0,True,0.1162198300722568,0.085661139122342,0.2709486565293165,0.2905211143960922,-6.158269004558524,1
14.0,50.0,True,0.0967571856185133,0.1045831381168361,0.3630827305477602,1.0834392163312412,-6.91385987383018,1
14.0,51.0,True,0.1826840809481356,0.1252336658950177,0.4049456280746971,0.2976896713029296,-4.3922960367937245,1
14.0,52.0,True,0.1366967847627746,0.1097977735779139,0.3590786529205631,0.3700833365582044,-5.815616786756293,1
14.0,53.0,True,0.1140674158759602,0.0810056536181117,0.2540515767670925,0.1951182110252108,-6.398824487263625,1
14.0,54.0,True,0.1703007755443437,0.1420466785964843,0.4903060494545556,0.6133077932515908,-4.688462732472052,1
14.0,55.0,True,0.115969521112398,0.0953777185063362,0.4850823299313102,1.8510238897407871,-6.556676346215336,1
14.0,56.0,True,0.2715825018126491,0.1379265587382914,0.5914966918525708,-0.1791709822620989,-1.7224788603716437,1
14.0,57.0,True,0.2456387567598642,0.1056963656144321,0.6308211440848182,1.412233246550367,-2.544159482983776,1
14.0,58.0,True,0.1888063474810388,0.1308485290181523,0.4871142270402305,0.4089378140630723,-4.157928031478287,1
14.0,59.0,True,0.2478579173086437,0.1556494913123669,0.7468553901860249,1.0824943415851638,-2.4787692717098766,1
14.0,60.0,True,0.2735981312856053,0.2060024224444557,0.6362504462890781,0.1821394570682243,-1.51023571767422,3
14.0,61.0,True,0.2831075033225341,0.1399577042257576,0.5428349799765805,-0.1714272918142032,-1.150993897983258,1
14.0,62.0,True,0.2187625774512046,0.1686467762658148,0.5286958460351042,0.3268168769781564,-3.137561359565753,1
14.0,63.0,True,0.3382723158761685,0.2387308616210678,0.7819412529099625,0.145607866033233,0.7631214096677068,3
14.0,64.0,True,0.2236320010832541,0.1631077585102146,0.5750782057872658,0.4688021455033883,-3.0095713677095164,1
14.0,65.0,True,0.2924050804936812,0.1607994541662594,0.5778822936102391,0.1391295232640115,-0.9529129244409836,3
14.0,66.0,True,0.2773049573078049,0.1342582705641719,0.539546200729091,0.3083044185850046,-1.151412293563748,1
14.0,67.0,True,0.2716596177743519,0.1481944569811928,0.5436585936741265,0.1306198847993259,-1.3550407385550582,1
14.0,68.0,True,0.2823301110740627,0.1792624472613115,0.6455746260128786,0.5903988567842556,-1.0570861147080142,3
14.0,69.0,True,0.2244240920775128,0.1148389161331201,0.4067768611304912,-0.3434016062911824,-2.9573761313131386,1
14.0,70.0,True,0.3591159814046648,0.1790869492162301,0.9170742810339568,0.7526672395490448,0.8469828299948272,3
14.0,71.0,True,0.3140211441682688,0.1341214677254331,0.5921094336345846,0.4430671629956474,-0.2154672183157585,1
14.0,72.0,True,0.2381185418002868,0.1555728225257159,0.5918855405573775,0.5755907184874481,-2.353312961758859,1
14.0,73.0,True,0.2499578144062722,0.1295354837483996,0.4306736682338611,-0.4081623825896863,-2.0311822099786077,1
14.0,74.0,True,0.2689869340658186,0.1750856856846687,0.5609192126449506,-0.3123950430396328,-1.8663091881187892,1
14.0,75.0,True,0.1934393272083636,0.1238117476005856,0.4072055013242605,-0.0360227967604184,-3.745967768202155,1
14.0,76.0,True,0.1732037102137301,0.1586420939422905,0.6477993682365176,0.9197334103666543,-4.759729072845901,1
14.0,77.0,True,0.2407764978686979,0.116894276554534,0.4739569281050069,-0.0897775307309915,-2.254111347987249,1
14.0,78.0,True,0.3127946380582178,0.1679670450110421,0.6451406756483341,-0.0961520854247889,-0.4527506497326761,3
14.0,79.0,True,0.315445159103617,0.2155672746485757,0.8420267808292868,1.011617694904695,-0.1492400211270632,3
14.0,80.0,True,0.4328459458199636,0.2820736628603665,1.021775822670887,0.6617762650644741,3.602521856888332,2
14.0,81.0,True,0.2577470340645109,0.0934447727813731,0.4740928003807523,0.4663366846002664,-1.9349943448911509,1
14.0,82.0,True,0.3876126981342999,0.1780721205864125,0.8122023673410027,-0.0222317754436448,2.2161008716524853,3
14.0,83.0,True,0.3679739273321822,0.1812101762676959,0.6562568907547625,-0.1195512349189693,1.4792840723002676,3
14.0,84.0,True,0.0192872106576616,0.039188775532919,0.1280948004458,1.828745998390218,-9.329129414749035,1
14.0,85.0,False,,,,,,0
14.0,86.0,False,,,,,,0
14.0,87.0,False,,,,,,0
14.0,88.0,False,,,,,,0
14.0,89.0,False,,,,,,0
14.0,90.0,False,,,,,,0
14.0,91.0,False,,,,,,0
14.0,92.0,False,,,,,,0
14.0,93.0,False,,,,,,0
14.0,94.0,False,,,,,,0
14.0,95.0,False,,,,,,0
14.0,96.0,False,,,,,,0
14.0,97.0,False,,,,,,0
14.0,98.0,False,,,,,,0
14.0,99.0,False,,,,,,0
14.0,100.0,False,,,,,,0
15.0,1.0,False,,,,,,0
15.0,2.0,False,,,,,,0
15.0,3.0,False,,,,,,0
15.0,4.0,False,,,,,,0
15.0,5.0,False,,,,,,0
15.0,6.0,False,,,,,,0
15.0,7.0,False,,,,,,0
15.0,8.0,False,,,,,,0
15.0,9.0,False,,,,,,0
15.0,10.0,False,,,,,,0
15.0,11.0,False,,,,,,0
15.0,12.0,False,,,,,,0
15.0,13.0,False,,,,,,0
15.0,14.0,False,,,,,,0
15.0,15.0,False,,,,,,0
15.0,16.0,False,,,,,,0
15.0,17.0,False,,,,,,0
15.0,18.0,True,0.2930030172813986,0.1653338726364772,0.6777703200380993,0.3337255044950722,-0.9937234953968348,3
15.0,19.0,True,0.2724512864278177,0.2014160784847256,0.728687511794659,0.5153060070875899,-1.8000385483961627,3
15.0,20.0,True,0.4610873880962722,0.1241312446796605,0.6882572009522017,-0.2148438294029074,4.268791857017713,3
15.0,21.0,True,0.5091656197849243,0.1905267513416966,0.891428734423682,-0.0671811814644941,6.068352290934678,2
15.0,22.0,True,0.4622108035788133,0.1888868574725211,0.9231758828771326,0.6299796670387735,3.9210940389840383,3
15.0,23.0,True,0.3849514876283255,0.2256319208593782,0.8511718232242316,0.2654187354019247,1.99887589105096,3
15.0,24.0,True,0.4326052208620769,0.2212276012569366,1.017428239904652,0.7847939530423648,3.2492023383004147,3
15.0,25.0,True,0.6052835244229484,0.2835288246239172,1.0622124875095342,-0.1516114462634979,9.31474070746503,2
15.0,26.0,True,0.3211710414919277,0.2994131122256498,1.5,2.0272514433541544,-0.7829919557225133,2
15.0,27.0,True,0.4507212309089047,0.1855056480192087,0.9134669440572832,0.2359338468707522,3.791679802215959,3
15.0,28.0,True,0.4875187691846029,0.2758583246431965,1.0177752999679754,0.1804110239549588,5.413057356634184,2
15.0,29.0,True,0.4072763557962932,0.1475936910111135,0.6718235300911186,-0.4908164841166413,2.810478463279514,3
15.0,30.0,True,0.3819614374219877,0.2096537842358259,0.7821670527941212,0.0308543688569322,1.701959894354342,3
15.0,31.0,True,0.3673487947195794,0.2101755239548014,0.7147233755739328,0.1040067970732339,1.5497628703509327,3
15.0,32.0,True,0.389844842413081,0.1644492997628381,0.7527190528062491,0.2252695305281162,2.0149953172003667,3
15.0,33.0,True,0.3719131428420985,0.191758608733836,0.8245875289077129,0.5320452652887285,1.705477744795807,3
15.0,34.0,True,0.4267909037957937,0.2108653494303095,1.083226078610009,0.903300912239044,2.753772760361388,3
15.0,35.0,True,0.5167826742531919,0.2325352351248851,0.9774439165609828,0.0817931973208258,6.538857227078249,2
15.0,36.0,True,0.3999391674662795,0.2026895493192525,0.7785215785123071,0.0356621865282252,2.398815916587772,3
15.0,37.0,True,0.5278251396532007,0.257263321943296,1.2678132148717645,0.4317312911241517,5.920352618940501,2
15.0,38.0,True,0.2410020203578295,0.0966421632133897,0.4508333767358742,0.6378340649840541,-2.5607007515478317,1
15.0,39.0,True,0.2267047651001805,0.1498846795005087,0.5616443092445637,0.4614059774652463,-2.8412532569184066,1
15.0,40.0,True,0.2191072079752373,0.1299939514398161,0.4563083552693727,-0.0947042489568838,-3.0494271337116534,1
15.0,41.0,True,0.2346164392160894,0.1325939502099391,0.4279019038676019,-0.2942788743626668,-2.624911119770041,1
15.0,42.0,True,0.1830715450190319,0.1255659730036564,0.4141361700576328,-0.0103703680760084,-4.162855908511273,1
15.0,43.0,True,0.1424099405060049,0.1215965373974385,0.3807533307925779,0.5111194138535201,-5.5762675346748765,1
15.0,44.0,True,0.1816964710139414,0.1198198857835664,0.4462853285589205,0.2155548567494742,-4.173856235544177,1
15.0,45.0,True,0.1069952362333075,0.0810196657639332,0.3519968963175674,0.3288172731535276,-6.663573338133531,1
15.0,46.0,True,0.1275418348913789,0.0837061710711711,0.256252628811666,-0.0321385627055312,-5.8878608359520355,1
15.0,47.0,True,0.1421432520832669,0.0756018706116251,0.30101330246404,0.3256478442542493,-5.501173932496987,1
15.0,48.0,True,0.2407655773851026,0.1536616828731365,0.6332256300458224,0.8400904209283542,-2.658029025577175,1
15.0,49.0,True,0.0672112128639313,0.0820884390170489,0.2694344977080967,1.1292100685610542,-7.769380611311704,1
15.0,50.0,True,0.1802822084969203,0.1487550645318794,0.6210744833414128,1.6266787929281812,-4.294665533156828,1
15.0,51.0,True,0.1436659775095994,0.1008596051357797,0.3420992262742059,0.3083122229780601,-5.462227191206398,1
15.0,52.0,True,0.1808761943144251,0.1564219535132235,0.5808061269117742,0.6211012149181989,-4.504523977410616,1
15.0,53.0,True,0.1101280118631112,0.109826434135223,0.4156677888759049,0.8018617315559493,-6.548035771749047,1
15.0,54.0,True,0.1219708106816683,0.0832949163708458,0.3287229035404611,0.3473505643768677,-6.222776752683635,1
15.0,55.0,True,0.1804346120548053,0.1276348402485645,0.5207608025039093,0.8728532909923391,-4.169362454694568,1
15.0,56.0,True,0.1784339519151095,0.1445785280274881,0.4657917292278055,0.4284458059158502,-4.3104335632912205,1
15.0,57.0,True,0.2095533846221312,0.1181726452151559,0.4874735949731794,0.6793710300549953,-3.707359814653312,1
15.0,58.0,True,0.124381235814454,0.11126663523888,0.5950918445013547,2.476207474257716,-6.400198384672779,1
15.0,59.0,True,0.2201062802334003,0.1497567697729761,0.5731339394977844,0.7274411384429436,-2.9734778489633986,1
15.0,60.0,True,0.179311536469388,0.1252836909714205,0.5764177149972366,0.6606194254656899,-4.552134685116539,1
15.0,61.0,True,0.2320382423883545,0.178862954257922,0.578442680742556,0.2076494901730185,-2.8085163005029776,1
15.0,62.0,True,0.2450624151190067,0.1087763042238879,0.4703511445497929,-0.081785099401523,-2.39148839832329,1
15.0,63.0,True,0.155616077733337,0.1202437682869637,0.4794828221066823,0.6693210448664081,-5.24390241704248,1
15.0,64.0,True,0.2264113469264832,0.1403319842085796,0.4476886992410533,-0.1273535483521425,-3.016386534742841,1
15.0,65.0,True,0.155274863514654,0.104700604397483,0.3744088764854864,0.1936262095407175,-5.154132819153392,1
15.0,66.0,True,0.1064456490747713,0.1035200329014656,0.3241838779451699,0.6019063112338935,-6.595673356791181,1
15.0,67.0,True,0.2020181169102983,0.1081163623233401,0.4451057908618994,0.6067857567382496,-3.79918701188316,1
15.0,68.0,True,0.1405195618178762,0.092072900645245,0.2977371609234683,0.0601611970837493,-5.598087899284706,1
15.0,69.0,True,0.2001836984385468,0.1118809907037363,0.4233372509125939,-0.2334176597080179,-3.801754367670739,1
15.0,70.0,True,0.3184364564543837,0.1652691174194368,0.6015789132796591,-0.159874219321958,-0.3812417622870207,3
15.0,71.0,True,0.3590021459438718,0.2045983704425174,0.7966801878990076,0.4251746891197576,1.284224929624977,3
15.0,72.0,True,0.3165459888624623,0.1652419060780692,0.7238997816057907,0.3479091994011957,-0.3440796256790194,3
15.0,73.0,True,0.1602859287281117,0.1063946660678793,0.3688096176274298,0.3132944778899736,-5.054852460752669,1
15.0,74.0,True,0.2175201201951478,0.1168798155703567,0.423423044691977,-0.1233781502396513,-3.278962733533971,1
15.0,75.0,True,0.2147004453297259,0.1614190231904498,0.5123152779692299,0.3093794623778093,-3.113710079559458,1
15.0,76.0,True,0.1630856594118462,0.1151166376916312,0.4606577125576435,0.8881150526259883,-4.721614434140312,1
15.0,77.0,True,0.1512713079986831,0.114635277756578,0.4456813725035504,0.919051323806392,-5.267813131444956,1
15.0,78.0,True,0.2730931154778936,0.1875365107881692,0.6610105238748265,0.1737262216831853,-1.2795519043237702,3
15.0,79.0,True,0.2311679987094252,0.176510633201077,0.5448549477491306,0.1645449771249611,-2.5618778565209843,1
15.0,80.0,True,0.2801816354826172,0.1978372093510353,0.7049638511830548,0.5133456752869723,-0.9774689997007792,3
15.0,81.0,True,0.3208318519168994,0.1659598535412613,0.6163598974790334,0.0752188264476813,0.1463142305358009,3
15.0,82.0,True,0.3153308534232305,0.1252388402976116,0.5333439399802227,0.0229901879107623,-0.2255709535349752,1
15.0,83.0,True,0.4920860213860799,0.2033850717505985,0.8295657394219227,-0.3478761066285523,5.302840824865522,3
15.0,84.0,True,0.362847868249781,0.1965047574716138,0.7881236487266421,0.0753496954672107,1.2552507136783946,3
15.0,85.0,False,,,,,,0
15.0,86.0,False,,,,,,0
15.0,87.0,False,,,,,,0
15.0,88.0,False,,,,,,0
15.0,89.0,False,,,,,,0
15.0,90.0,False,,,,,,0
15.0,91.0,False,,,,,,0
15.0,92.0,False,,,,,,0
15.0,93.0,False,,,,,,0
15.0,94.0,False,,,,,,0
15.0,95.0,False,,,,,,0
15.0,96.0,False,,,,,,0
15.0,97.0,False,,,,,,0
15.0,98.0,False,,,,,,0
15.0,99.0,False,,,,,,0
15.0,100.0,False,,,,,,0
16.0,1.0,False,,,,,,0
16.0,2.0,False,,,,,,0
16.0,3.0,False,,,,,,0
16.0,4.0,False,,,,,,0
16.0,5.0,False,,,,,,0
16.0,6.0,False,,,,,,0
16.0,7.0,False,,,,,,0
16.0,8.0,False,,,,,,0
16.0,9.0,False,,,,,,0
16.0,10.0,False,,,,,,0
16.0,11.0,False,,,,,,0
16.0,12.0,False,,,,,,0
16.0,13.0,False,,,,,,0
16.0,14.0,False,,,,,,0
16.0,15.0,False,,,,,,0
16.0,16.0,True,0.1042822031474223,0.0904104250523187,0.2649704628259777,0.3658768913799629,-6.561446988811569,1
16.0,17.0,True,0.233679820237477,0.1631039981596068,0.5953142920478525,0.6110609187086884,-2.5195943084032866,1
16.0,18.0,True,0.2911461550259316,0.2003879230082227,0.6208474150578831,-0.0273582952147418,-1.2481136196146263,3
16.0,19.0,True,0.2244774470659237,0.1134535670738637,0.5971465474035424,0.8470162315191148,-3.3105857463530786,1
16.0,20.0,True,0.3418662515206796,0.2193960090800706,0.8828096537903433,0.5203574940578028,0.5740808251626283,3
16.0,21.0,True,0.4296739653327859,0.1990611919543689,1.155311147089135,1.5935519424421447,3.1488421457576843,3
16.0,22.0,True,0.4488782526731311,0.1520349590415627,0.7116772637876073,-0.0949565889853088,3.985473632333213,3
16.0,23.0,True,0.5675547803512297,0.2018433228509418,0.9890330726593168,0.2793602743623686,7.830480291807664,2
16.0,24.0,True,0.6003040827993369,0.2532560024214793,1.5,0.6018871548828715,8.261953044935286,2
16.0,25.0,True,0.4392736025776267,0.1863149403318165,0.7601830545855082,-0.8001590006163948,3.517875104050324,3
16.0,26.0,True,0.5449607509734659,0.2802656076028506,1.085581129791756,0.2408727864086887,6.869712393837085,2
16.0,27.0,True,0.4971154554715964,0.2302145904977011,0.9271148791409368,0.0377153803078563,5.425983451418161,2
16.0,28.0,True,0.4841139145657289,0.1708363898984468,0.7729183520253268,-0.4112876106472457,4.896838183745687,3
16.0,29.0,True,0.3436866860146972,0.1932676264080817,0.7062454887904773,0.1647239533366481,0.6909430069937483,3
16.0,30.0,True,0.4803338961982399,0.2353649005857537,0.8906222312308344,0.0883444299256682,4.9876815999006885,2
16.0,31.0,True,0.5239832018164705,0.1693075733873931,1.161203294900791,1.6849366481161636,5.96922194920971,2
16.0,32.0,True,0.4089581893276651,0.1709182676982088,0.792825146684665,0.0868358004591063,2.951519317487465,3
16.0,33.0,True,0.4844974781225028,0.2511688531990465,1.0188673695818264,0.5097134366082129,4.958382123215657,2
16.0,34.0,True,0.4505942746372146,0.252487794904778,1.1244927473751494,1.242264335830395,3.9815710684041714,2
16.0,35.0,True,0.3718862943405897,0.1710041305945533,0.6553690679734842,-0.3318021144933412,1.7269301027386668,3
16.0,36.0,True,0.2995086922145035,0.1463974682646194,0.5539830028859647,-0.2563278539919666,-0.6520716600052378,1
16.0,37.0,True,0.3726123634084769,0.1631397165230445,0.6979980734967409,0.26216756895145,1.824177400806415,3
16.0,38.0,True,0.3225123013509581,0.1546859891036038,0.6529818712060275,0.3535230509791636,0.317432698375558,3
16.0,39.0,True,0.3318600052697505,0.1476041309389805,0.6570532192142897,0.2071381424818513,-0.0095959216751627,3
16.0,40.0,True,0.2474792148078129,0.1033438138828494,0.4568549358852376,0.0426986140572626,-2.32456443919342,1
16.0,41.0,True,0.139718527063185,0.098778669043681,0.438346745651739,0.6766550807041384,-5.838949094937802,1
16.0,42.0,True,0.1395998171885066,0.102751778515069,0.3906015023991014,0.671600415504062,-5.726733254652885,1
16.0,43.0,True,0.1570226795615106,0.0840051067515759,0.2914230903382927,-0.1359855212566935,-4.925377346745749,1
16.0,44.0,True,0.1380287005921635,0.1080259569979894,0.3418473373000203,0.530330839257809,-5.766819468637775,1
16.0,45.0,True,0.1586669307982549,0.110878025489808,0.3688325677567935,0.4018933796915077,-5.104808536260854,1
16.0,46.0,True,0.2066956993205232,0.1499545679312146,0.462833277158893,-0.0077123405289856,-3.534162925347762,1
16.0,47.0,True,0.1986616244412034,0.1435174168812064,0.5580227977105034,1.1857585082883877,-3.837094090819052,1
16.0,48.0,True,0.0777189692946287,0.064226461296945,0.2565442347659799,0.7045562287626759,-7.712029758829628,1
16.0,49.0,True,0.0752000454923287,0.0706534643372773,0.2281510871150837,0.5084102489464725,-7.649803249729199,1
16.0,50.0,True,0.1137649689961283,0.0951242223908917,0.3502768737849364,0.7852429800675489,-6.315106832417936,1
16.0,51.0,True,0.152151887902873,0.1340767160960733,0.4942833454981637,1.2165257004230896,-5.43423951755453,1
16.0,52.0,True,0.1231770809736767,0.0901777953532654,0.324988447553809,0.3524820846905109,-6.172584206836099,1
16.0,53.0,True,0.1249116446118236,0.129746607821349,0.5169361159741925,1.7637541487344497,-6.1496031781821126,1
16.0,54.0,True,0.1421498935656812,0.0948356355676221,0.3232214896549321,0.3838107797881793,-5.754692389347562,1
16.0,55.0,True,0.1624367495150032,0.1402539100133967,0.4994239943696115,0.7704035924226057,-4.703631199794015,1
16.0,56.0,True,0.1001958239698366,0.0987317181055433,0.4476658295543981,1.3537363823710735,-7.038478144441453,1
16.0,57.0,True,0.1884556210572844,0.1520210799170584,0.5261568979244664,0.54428540267171,-4.196628827672403,1
16.0,58.0,True,0.1681684925429304,0.1486148111142333,0.5266276219999406,1.1459965055903036,-4.7764376515031906,1
16.0,59.0,True,0.1445795681387174,0.1497942859802639,0.6499523895495963,1.3295281878972356,-5.784704558969443,1
16.0,60.0,True,0.1248753535360524,0.1183693084451399,0.413941769287224,1.0701342600115438,-6.311809115792147,1
16.0,61.0,True,0.2180460885605352,0.1144543232478942,0.4145394866725592,-0.16425247348264,-3.217242304537489,1
16.0,62.0,True,0.148051872493009,0.1287632635204687,0.4991606551137041,1.2353493746015465,-5.197791413166823,1
16.0,63.0,True,0.231804784981042,0.1919247855030507,0.901856655354933,1.2440417039859086,-2.933111622334171,3
16.0,64.0,True,0.1292083206558225,0.0830978774033124,0.3645346520732924,0.6032812834329517,-5.961996697596045,1
16.0,65.0,True,0.2637127035726267,0.2188937616275157,0.7366539847591249,0.822023129712239,-1.4958288066857093,3
16.0,66.0,True,0.1418406829915262,0.1096060467419133,0.3570687420990701,0.568209402507446,-5.453005417763882,1
16.0,67.0,True,0.1444120036811965,0.088904759451641,0.3198361877654739,0.1222998342468155,-5.5116105880051345,1
16.0,68.0,True,0.1790910119609763,0.1184089668749295,0.3845129357550848,0.0143977399131473,-4.346020887273633,1
16.0,69.0,True,0.2652579642825148,0.1399834650502079,0.5551351434165991,0.6994910658187911,-1.9112308928931496,1
16.0,70.0,True,0.2046642683200823,0.1763502442034794,0.5527078888202545,0.6916041659789524,-3.453964953640016,1
16.0,71.0,True,0.2166234482463898,0.1788820458370009,0.654425472642039,0.8909122249009621,-2.916357473296067,1
16.0,72.0,True,0.2832511380487775,0.1909765894253308,0.7296990527272177,0.6692056232347334,-1.0715596206397469,3
16.0,73.0,True,0.2483123537308396,0.2124367779797424,0.742603190488624,0.6151801865762395,-2.115393585425365,3
16.0,74.0,True,0.3754825143941263,0.1101718805291509,0.6183720800635076,0.4712340949715248,1.6540485850193651,3
16.0,75.0,True,0.2382751081442075,0.2264075221021288,0.6287975757425476,0.2867326809237661,-2.553926748663202,3
16.0,76.0,True,0.2591085856986916,0.1788605806878948,0.687612142216225,0.8252689927784926,-1.6968989338412463,3
16.0,77.0,True,0.2160676393765609,0.164244138095285,0.6151813419255671,0.861941929170067,-3.2512420467793346,1
16.0,78.0,True,0.1262231975083165,0.1091002915730859,0.3325898088082264,0.4913581760008955,-5.9805879270114195,1
16.0,79.0,True,0.2541650233266042,0.2311547561166352,1.1013428414287358,2.016458649461935,-2.569523703725042,3
16.0,80.0,True,0.2057037093773741,0.1522384637728426,0.5204846939303089,0.5778978744169407,-3.893150395624242,1
16.0,81.0,True,0.2974472509796639,0.1745223388762057,0.6878148680729934,0.4925823900195075,-0.5475524311279257,3
16.0,82.0,True,0.3452976705073716,0.1983629810686074,0.88011542561494,0.8979211317080193,0.6208203403774358,3
16.0,83.0,True,0.3444533862262898,0.2671029605719609,1.0817910622461335,0.992262275172703,0.3474867213553352,3
16.0,84.0,True,0.6604254608013949,0.1298732013122801,0.9631324301455212,0.1986445734295656,10.517754086174872,2
16.0,85.0,True,0.4021359476759887,0.2155090672648226,0.7498392579017257,-0.1721255759299166,2.6880604505834125,3
16.0,86.0,True,0.0590445944718151,0.0755492144588343,0.222340003949359,0.9671441328463236,-8.131383686136726,1
16.0,87.0,False,,,,,,0
16.0,88.0,False,,,,,,0
16.0,89.0,False,,,,,,0
16.0,90.0,False,,,,,,0
16.0,91.0,False,,,,,,0
16.0,92.0,False,,,,,,0
16.0,93.0,False,,,,,,0
16.0,94.0,False,,,,,,0
16.0,95.0,False,,,,,,0
16.0,96.0,False,,,,,,0
16.0,97.0,False,,,,,,0
16.0,98.0,False,,,,,,0
16.0,99.0,False,,,,,,0
16.0,100.0,False,,,,,,0
17.0,1.0,False,,,,,,0
17.0,2.0,False,,,,,,0
17.0,3.0,False,,,,,,0
17.0,4.0,False,,,,,,0
17.0,5.0,False,,,,,,0
17.0,6.0,False,,,,,,0
17.0,7.0,False,,,,,,0
17.0,8.0,False,,,,,,0
17.0,9.0,False,,,,,,0
17.0,10.0,False,,,,,,0
17.0,11.0,False,,,,,,0
17.0,12.0,False,,,,,,0
17.0,13.0,False,,,,,,0
17.0,14.0,False,,,,,,0
17.0,15.0,True,0.1055425556494599,0.0944077828517589,0.3033171686597112,0.5704017181309305,-6.741352084749127,1
17.0,16.0,True,0.3123177141395266,0.1593962408942071,0.6667717635488679,0.4368489883657645,-0.013218245951711,3
17.0,17.0,True,0.2531648949003237,0.143624192166778,0.6205963138102807,0.4135157892636495,-2.184197098196531,1
17.0,18.0,True,0.2713435975048791,0.2291582014534244,0.8774720980802475,1.4792875357274569,-1.6045538698624198,3
17.0,19.0,True,0.3627369748426379,0.1947523743187167,0.7346581283675837,0.0322573128157583,1.53807608728637,3
17.0,20.0,True,0.2495398082816883,0.1143798088555149,0.4328825039954259,-0.0775459393819389,-2.204372981010278,1
17.0,21.0,True,0.4186648204776545,0.2484630658914891,0.823803028194034,-0.3757418717342661,2.77145981514711,3
17.0,22.0,True,0.4760928809383198,0.2358138093212334,0.9035348559921244,-0.2531752296237863,4.892850301190269,2
17.0,23.0,True,0.5410841961587648,0.323067435307827,1.3496004525349676,0.8240385847981622,6.854462218567677,2
17.0,24.0,True,0.4698302494993158,0.1887315415602988,0.9089350275719268,0.0833598966403854,4.183020042283942,3
17.0,25.0,True,0.4977399011213744,0.1425074343398475,0.9414029956329684,0.6326504302425278,5.323215562314484,3
17.0,26.0,True,0.6471491022932457,0.2202871194838404,1.048782682143424,-0.344702976070377,10.360708628500534,2
17.0,27.0,True,0.4756317031535531,0.2065187670004369,0.9092435178267116,0.1408681683722364,4.997028812230774,3
17.0,28.0,True,0.4045753530938757,0.2367404315593836,1.1856963276158412,1.0896220278406927,2.1559189924613933,2
17.0,29.0,True,0.4039037201279209,0.2526519735349641,0.956276728358862,0.1809494450532823,2.5247907728571333,3
17.0,30.0,True,0.5063515380594873,0.3129727272244464,1.3901603817426236,1.1131457915602143,5.334647494516813,2
17.0,31.0,True,0.5312981941437035,0.2755784837882749,1.1680377796108472,0.6846919759568363,6.8570654183393716,2
17.0,32.0,True,0.5806664161492203,0.2369786651587085,1.018700511933076,-0.4509782812621142,8.131738252141508,2
17.0,33.0,True,0.3736364345729222,0.1560991528759478,0.8351687879321196,0.7071099484481187,1.172911839271256,3
17.0,34.0,True,0.431663681538258,0.2292653639979258,0.8788997957125617,0.0488358823825374,3.761403796129833,3
17.0,35.0,True,0.410581965359255,0.308264739322085,1.0189730971005522,0.4274620909336475,2.9047191049224015,2
17.0,36.0,True,0.3106828720950206,0.1880353979599809,0.6214478310148835,-0.0103657377266612,-0.0954541447212423,3
17.0,37.0,True,0.2988001062776012,0.1752649438231637,0.8387924670803621,0.7275895346623391,-1.0382600970558018,3
17.0,38.0,True,0.3893704716414468,0.1401596948867951,0.6436743130415408,-0.4814640820633776,1.97196307579045,3
17.0,39.0,True,0.2501916042728088,0.1244830118008285,0.4149291509369202,-0.3704038254463299,-2.074851230399333,1
17.0,40.0,True,0.1371738906046867,0.1087721992315668,0.3609726479625803,0.5639388074786948,-5.58088613758157,1
17.0,41.0,True,0.2232854931061201,0.1959412293952729,0.6221202910670874,0.8050155855135213,-3.117242139345459,1
17.0,42.0,True,0.1390065662912999,0.0998966521113472,0.4010676864413872,0.4596576598342818,-5.815010558962015,1
17.0,43.0,True,0.1162533068509248,0.0822536357932956,0.2886511656258256,0.274746406746963,-6.433942986832499,1
17.0,44.0,True,0.1551933937578692,0.1375888749977017,0.5110700681244567,0.9718669373089732,-5.122844546416333,1
17.0,45.0,True,0.1668936259824953,0.1116946022115828,0.39764761201798,0.410232344976915,-4.717694366434092,1
17.0,46.0,True,0.1015608703169384,0.1202251232673598,0.3782488904626293,1.1955482511390374,-6.639553861508638,1
17.0,47.0,True,0.164879757112754,0.1755136622451844,0.9346185159733752,2.3550548863745715,-5.205114548978568,1
17.0,48.0,True,0.1018239666034806,0.0783683963232035,0.2758844373182864,0.4907128549912565,-6.7234584832181055,1
17.0,49.0,True,0.1089440410401346,0.1324647313265677,0.604215289084204,1.6559932262331387,-6.679580683909851,1
17.0,50.0,True,0.2015796366926835,0.195769047153934,0.7012026034470527,1.1401864888212492,-3.5388594828653956,1
17.0,51.0,True,0.0789185536616068,0.1104198929257483,0.3630265520155242,1.5837854306771009,-7.544661612714157,1
17.0,52.0,True,0.1917659018817058,0.2651439049231385,1.246413249174353,2.435078258255529,-4.464410402063688,3
17.0,53.0,True,0.0990070058891497,0.0899493448843358,0.2558567618889269,0.4373370382028426,-6.84528236795776,1
17.0,54.0,True,0.1314631163057933,0.1042842605436808,0.3966500276322309,0.7312371444317439,-5.71796788971528,1
17.0,55.0,True,0.1364492208285973,0.138019050827938,0.6858837380262511,1.8399028596503468,-5.962509637393782,1
17.0,56.0,True,0.1464916360399091,0.090611179149631,0.3634544636163575,0.2090433843491683,-5.559669571495256,1
17.0,57.0,True,0.1269007565730261,0.1282065461207681,0.459343218274447,1.0901988416472406,-5.908483707632825,1
17.0,58.0,True,0.1783393645214289,0.1487521372974311,0.4480835639180726,0.3482366083857892,-4.520274634721695,1
17.0,59.0,True,0.228634707861276,0.2040625613787324,0.760439958445358,1.11824582241863,-2.98303566076432,3
17.0,60.0,True,0.140010378179576,0.0957978168785927,0.3468545664901994,0.3631836647381984,-5.434095412675494,1
17.0,61.0,True,0.1535223567155306,0.1191892603593475,0.4249901313083618,0.5806536763850697,-5.050485093579864,1
17.0,62.0,True,0.2300189863533155,0.1670417948188118,0.5703915281522123,0.5303379087212153,-2.726975904078734,1
17.0,63.0,True,0.1493345711360708,0.1458526069398807,0.5386912530124089,1.306448033485578,-5.35435905467719,1
17.0,64.0,True,0.2539262501102338,0.1557014443836428,0.5006385244488548,0.3787275841791745,-2.2263014028004333,1
17.0,65.0,True,0.2242849189850188,0.1913140550735575,0.7108734559853512,0.843535698151639,-3.0586758698672445,3
17.0,66.0,True,0.098620952504184,0.0875602599683214,0.2813304805609536,0.5723954610651664,-6.751369137824262,1
17.0,67.0,True,0.1254950021045744,0.1812856251045011,0.5632256559574677,1.3110755228594495,-6.113626741294096,1
17.0,68.0,True,0.0988096256221702,0.0777203000698012,0.3087742953441939,0.859110874208679,-6.8067191081194975,1
17.0,69.0,True,0.1582905497571871,0.0797943535132206,0.3129556092181972,-0.0370869594030047,-5.120274895509558,1
17.0,70.0,True,0.1967747443699093,0.1333271239816233,0.5618406692910545,1.064007912952161,-3.730946708727962,1
17.0,71.0,True,0.3176625262315125,0.1798698539586757,0.8001335955698979,0.1723116023530838,-0.3959555340167096,3
17.0,72.0,True,0.15557068608026,0.1212455552212478,0.4412081670752384,0.1783869575745228,-5.319322255600746,1
17.0,73.0,True,0.2427140213960763,0.1679116613702034,0.5082927294138759,-0.0083294412787962,-2.2965598173044235,1
17.0,74.0,True,0.2504461773984308,0.1252513734974251,0.5536861943453881,0.664608930171823,-2.226465847323065,1
17.0,75.0,True,0.2635057834103144,0.1604860322088642,0.6567847093598081,1.118987643886158,-1.7286183217093982,1
17.0,76.0,True,0.1953765936209596,0.1420721667119072,0.5913717474995102,0.7863439799772869,-4.0594355806300975,1
17.0,77.0,True,0.3520227658142219,0.1604923739998512,0.6926058943123277,0.1230987582506909,0.7585304080699808,3
17.0,78.0,True,0.2459304823889986,0.2091206168188209,0.8265729694132453,1.024691926582665,-2.9718400760080925,3
17.0,79.0,True,0.2672666017195428,0.146230810915092,0.6420293053187758,0.5184431052199964,-1.731747541359146,1
17.0,80.0,True,0.3125120927216592,0.1819347157131115,0.7385418372655621,0.4995575500683359,-0.3532131068256448,3
17.0,81.0,True,0.3874626864826442,0.1946284570562843,0.7685367439411607,0.0217610512687805,2.3464999309616186,3
17.0,82.0,True,0.3557942137890708,0.1656649859050769,0.7467900373684774,0.5403635929766116,1.2156800922540092,3
17.0,83.0,True,0.3508576881265542,0.1742218550683578,0.6689956348586684,0.040783957318417,1.0221007572550649,3
17.0,84.0,True,0.5447685829776697,0.2862239601701266,1.278769603678262,1.0194294679038176,7.02162956083495,2
17.0,85.0,True,0.6653080025744005,0.1979024101190633,1.0462321201239375,0.2609154427736186,10.594465531961164,2
17.0,86.0,True,0.4876643305283349,0.1732057508201907,0.8417226014732052,-0.0067129095650272,5.0234216316153075,3
17.0,87.0,True,0.0348495014615243,0.0268324322236385,0.0809816018687628,0.0808686427070213,-8.850449779005098,1
17.0,88.0,False,,,,,,0
17.0,89.0,False,,,,,,0
17.0,90.0,False,,,,,,0
17.0,91.0,False,,,,,,0
17.0,92.0,False,,,,,,0
17.0,93.0,False,,,,,,0
17.0,94.0,False,,,,,,0
17.0,95.0,False,,,,,,0
17.0,96.0,False,,,,,,0
17.0,97.0,False,,,,,,0
17.0,98.0,False,,,,,,0
17.0,99.0,False,,,,,,0
17.0,100.0,False,,,,,,0
18.0,1.0,False,,,,,,0
18.0,2.0,False,,,,,,0
18.0,3.0,False,,,,,,0
18.0,4.0,False,,,,,,0
18.0,5.0,False,,,,,,0
18.0,6.0,False,,,,,,0
18.0,7.0,False,,,,,,0
18.0,8.0,False,,,,,,0
18.0,9.0,False,,,,,,0
18.0,10.0,False,,,,,,0
18.0,11.0,False,,,,,,0
18.0,12.0,False,,,,,,0
18.0,13.0,False,,,,,,0
18.0,14.0,True,0.00990547178795,0.0201264618993227,0.0657865698944361,1.8287459983902197,-9.619203024838672,1
18.0,15.0,True,0.2682345882558276,0.1132214750018549,0.4566215832201934,-0.2568394070707052,-1.7479500717229537,1
18.0,16.0,True,0.2745317753354117,0.1556360922382532,0.5701101828124525,-0.0236053611362793,-1.588460577584052,1
18.0,17.0,True,0.2975700635376582,0.1282339253139793,0.5846804373101296,0.2643994867948671,-0.6825363588328102,1
18.0,18.0,True,0.2794439126326226,0.2211318820511949,0.7555126516094871,0.4064578771844329,-0.8995014882413842,3
18.0,19.0,True,0.316892863347981,0.1607459137390147,0.5752931090563799,-0.1988350654638395,-0.1777359019641464,3
18.0,20.0,True,0.4198836890957383,0.2603694710277151,1.5,2.1587106840142756,2.733647194381613,2
18.0,21.0,True,0.3979831577649932,0.2175625736609412,0.7560922170692201,-0.1499941469583711,2.4766700602980976,3
18.0,22.0,True,0.4624137222576167,0.2725442848553815,0.9584170011589322,0.2078382949738105,4.065887237955491,2
18.0,23.0,True,0.6188403350284558,0.3115075973564317,1.5,0.9990692103224325,8.946241529988024,2
18.0,24.0,True,0.5403485019826,0.1985288675225172,0.9506529446989688,-0.4170094549294743,6.978816322715884,2
18.0,25.0,True,0.4270417766455488,0.1979370056324652,0.8788528899282327,0.21064924495891,2.8261974427451766,3
18.0,26.0,True,0.3422507199465489,0.179159573973848,0.6791345302111815,-0.0936487587557127,0.5973649018037822,3
18.0,27.0,True,0.5025869269612467,0.2100721813453155,0.990572273473524,0.2211367028590246,5.974348255475406,2
18.0,28.0,True,0.400688157109068,0.1811871787086275,0.8284361962086855,0.4185486679314731,2.351364939084709,3
18.0,29.0,True,0.5116935520627425,0.269541669328335,1.053952738302912,0.6474977720280779,5.237654532634733,2
18.0,30.0,True,0.4695288087286711,0.1879422834665047,0.8772586301012634,0.0561326807230814,4.315851934015081,3
18.0,31.0,True,0.4375157976722517,0.2253682233599919,0.926754489087658,0.3856407654877877,3.687036620103576,3
18.0,32.0,True,0.4161703017655988,0.2142913796741032,0.8475046926919705,-0.0237031887155121,2.943571509140539,3
18.0,33.0,True,0.3144169714384706,0.0972672975388915,0.4864761696746246,-0.073352478075132,-0.0715110101531439,1
18.0,34.0,True,0.2590891674512849,0.1658476773514326,0.5700062445325489,0.3880300249010032,-1.8065646736474728,1
18.0,35.0,True,0.397717395159205,0.2174028246210184,0.8909539356360561,0.402358442598163,2.5348489024297733,3
18.0,36.0,True,0.2237413424602715,0.1213560186657456,0.4029897915127966,-0.2539873381870424,-2.994400093521738,1
18.0,37.0,True,0.2272887956281784,0.1466649425717197,0.6420699109452258,1.122247986400451,-3.108321073382561,1
18.0,38.0,True,0.2550773621327742,0.2191090648808642,0.6765087239859521,0.5252969974943916,-1.7310075867413577,3
18.0,39.0,True,0.2121674446071763,0.2039511009357365,0.6598347524677616,0.7140925339074504,-3.3323550476966934,3
18.0,40.0,True,0.2595950613848143,0.1701935597271062,0.6176630402452166,0.5121473563056875,-1.7062920711641674,1
18.0,41.0,True,0.1238089046420172,0.1149693143632166,0.40326686352586,0.7792281030007396,-5.912469855209196,1
18.0,42.0,True,0.1876557297955612,0.1887610551546155,0.6030577389233035,0.8106211727757137,-4.08165969250338,1
18.0,43.0,True,0.1999386984261449,0.1754601948456094,0.6611265287106776,0.7008228256823543,-4.191153592746462,1
18.0,44.0,True,0.1415750819153831,0.0973961829622918,0.3793958614630708,0.7471073056434301,-5.490879058574506,1
18.0,45.0,True,0.1784193469377845,0.1475982119027361,0.6613565383258664,1.0437823755013869,-4.77963201411235,1
18.0,46.0,True,0.1416497569521605,0.0997631738131911,0.3369407497608553,0.3109089566373559,-5.409719740987646,1
18.0,47.0,True,0.1234196544550047,0.14697886261371,0.5209980538359246,1.2691932052041142,-5.934174022731688,1
18.0,48.0,True,0.0939180360903294,0.1015063848801736,0.3565302030502962,1.1084804513258668,-7.110811193424701,1
18.0,49.0,True,0.0948326362523133,0.1105904703100447,0.3945027797733684,1.4389665758136867,-6.840721973989948,1
18.0,50.0,True,0.1131552089584688,0.1046386607444188,0.3524633425359614,0.9828023193960084,-6.305474123165991,1
18.0,51.0,True,0.0873985625849854,0.0871384090063341,0.3281766821356047,1.2740434590964456,-7.31614814225528,1
18.0,52.0,True,0.1267776755371197,0.072167150755224,0.3025667808608637,0.3346239967164125,-6.041484619757834,1
18.0,53.0,True,0.1746312016327403,0.1214948228057367,0.3664411324668838,0.1180535181885198,-4.325163056284284,1
18.0,54.0,True,0.1980016843696532,0.0960258196182637,0.3986680520632201,0.2268217688270763,-3.9104008921561486,1
18.0,55.0,True,0.1948068797045153,0.0976530483488219,0.3558223065607672,-0.5629585175230567,-3.9188315594104366,1
18.0,56.0,True,0.1775744566422712,0.1254424386959687,0.5082113623002634,1.0280580395330146,-4.21286408591662,1
18.0,57.0,True,0.1020783856529208,0.0844137904112557,0.3027836299379671,0.837004757801501,-6.634743506804422,1
18.0,58.0,True,0.095233390896571,0.0841415083801589,0.3163813411840167,1.108333306951201,-7.12797441778516,1
18.0,59.0,True,0.2013647423255361,0.2104893627076126,1.0430010425939569,2.165538791142696,-4.1577024914413645,3
18.0,60.0,True,0.1759708334247362,0.1323057634199645,0.5963309245549641,0.7842774056211403,-4.789276072958633,1
18.0,61.0,True,0.1460439861593532,0.0956582495042996,0.4026930612495803,1.0650717441836917,-5.463595825458928,1
18.0,62.0,True,0.2072007815019377,0.1230063748114136,0.4119442044117419,-0.1104677521099908,-3.391358829426969,1
18.0,63.0,True,0.2438566572270054,0.2263813506378675,1.063761749253333,1.879993104260576,-2.7399414868839527,3
18.0,64.0,True,0.0500326404835748,0.0496076694067536,0.1316569536126196,0.4144842715333137,-8.301714482328656,1
18.0,65.0,True,0.1168778725273826,0.0954941059673054,0.3701476837731203,1.1291582989400706,-6.199978182759526,1
18.0,66.0,True,0.144211257507789,0.1554667414968301,0.5748188185464469,1.3525648389095302,-5.485343078249301,1
18.0,67.0,True,0.1309538677980958,0.1334464581540573,0.5060715180033856,1.0257963366350311,-5.927660500590602,1
18.0,68.0,True,0.081830075113983,0.0768742234054923,0.2570325042501893,0.8894144205339932,-7.511141750923395,1
18.0,69.0,True,0.1605594606126035,0.1028598259888325,0.3816317234180411,0.288620670005923,-4.9919363820081,1
18.0,70.0,True,0.1731762823647314,0.1640305714278837,0.5575425839701856,0.6635266115460767,-4.630236260752386,1
18.0,71.0,True,0.1888795900369286,0.108377078000279,0.4447062046602027,0.3013246182249865,-4.024242569014997,1
18.0,72.0,True,0.3370164483474051,0.2063447264587157,0.8671057926124867,0.6964209595377204,0.7326788082951017,3
18.0,73.0,True,0.3012274867514419,0.2231556930697805,0.8824496139105247,0.8705573372539702,-0.7358850717985206,3
18.0,74.0,True,0.3292363079824807,0.134105415678582,0.6145378285035733,0.046992272385272,0.2345821759242762,3
18.0,75.0,True,0.2785197383397665,0.2147298276912282,0.8634273688877871,1.0695431337953585,-1.298237571550006,3
18.0,76.0,True,0.2479364206787316,0.1207636561639619,0.5549141185682888,0.9538086336346512,-2.178086942201827,1
18.0,77.0,True,0.2835496592947084,0.1701597429741804,0.6709215910011809,0.3019299736943959,-1.48214521301742,3
18.0,78.0,True,0.1902603560066449,0.1377117704382879,0.4872546711062763,0.3270585169479632,-3.991054549297956,1
18.0,79.0,True,0.2475441714356849,0.1127220626489012,0.465336198295522,-0.1197739145952195,-2.1160884467492784,1
18.0,80.0,True,0.2808643527183375,0.2128121192261041,0.797997673216262,0.6693430015829013,-1.372858580914707,3
18.0,81.0,True,0.333069892003593,0.2014157174518799,0.9257810792528918,0.7036983630101584,0.0931941607920855,3
18.0,82.0,True,0.3875831913649338,0.0882768591815637,0.5069014250787148,-1.1883789117945212,1.91587136208077,1
18.0,83.0,True,0.393105370910176,0.1763099537463015,0.7528043566332924,0.0263394646229528,2.266303971798725,3
18.0,84.0,True,0.4272316132550589,0.2644655192703616,1.0203106138364737,0.5153937286935708,3.417159544992035,2
18.0,85.0,True,0.4557036295014509,0.2136205180400552,0.8133997499113831,-0.3131737043111975,4.538892741117771,3
18.0,86.0,True,0.4849364675261646,0.1712598539611811,0.8177688045548215,-0.3616979860086699,4.999165121889047,3
18.0,87.0,True,0.3445520134873742,0.1441489385606642,0.5797381048469469,-0.2873941072815298,0.6405995925361287,3
18.0,88.0,False,,,,,,0
18.0,89.0,False,,,,,,0
18.0,90.0,False,,,,,,0
18.0,91.0,False,,,,,,0
18.0,92.0,False,,,,,,0
18.0,93.0,False,,,,,,0
18.0,94.0,False,,,,,,0
18.0,95.0,False,,,,,,0
18.0,96.0,False,,,,,,0
18.0,97.0,False,,,,,,0
18.0,98.0,False,,,,,,0
18.0,99.0,False,,,,,,0
18.0,100.0,False,,,,,,0
19.0,1.0,False,,,,,,0
19.0,2.0,False,,,,,,0
19.0,3.0,False,,,,,,0
19.0,4.0,False,,,,,,0
19.0,5.0,False,,,,,,0
19.0,6.0,False,,,,,,0
19.0,7.0,False,,,,,,0
19.0,8.0,False,,,,,,0
19.0,9.0,False,,,,,,0
19.0,10.0,False,,,,,,0
19.0,11.0,False,,,,,,0
19.0,12.0,False,,,,,,0
19.0,13.0,False,,,,,,0
19.0,14.0,True,0.2037812526834418,0.1285900957997845,0.4178378383314929,-0.0998856020890708,-3.5384454438538286,1
19.0,15.0,True,0.2918328431757253,0.1616260900065171,0.6092403170482381,0.0748177745621637,-0.9379015161606884,3
19.0,16.0,True,0.3316228527027783,0.1196661100916311,0.5504027756093507,0.3070561532392063,0.215901750936609,1
19.0,17.0,True,0.3153229079294662,0.2017782316337315,0.774146651902006,0.6531023714087355,-0.2507631941455935,3
19.0,18.0,True,0.2435860132788571,0.1162540679472148,0.4797091667739906,0.0996873401919365,-2.2281359474950277,1
19.0,19.0,True,0.3462718498255301,0.2006313831641756,0.8508394429114842,0.9812409959623206,0.9572894024313412,3
19.0,20.0,True,0.3394937928299634,0.2254547546071169,1.0272306432089358,0.7235054780504594,0.2903624166897906,3
19.0,21.0,True,0.5391092630590586,0.2641708419406347,1.0787193872906904,-0.1993963132689111,6.358124446996819,2
19.0,22.0,True,0.5237904685396858,0.2566353334301595,1.1384829369278555,0.5548282524836486,6.249135582305592,2
19.0,23.0,True,0.379645076784377,0.2192613296019019,0.9341128296399002,1.116629231282504,2.006708414374226,3
19.0,24.0,True,0.5349931340579801,0.244408134197519,0.9732799867330078,-0.1488803125352062,6.913094271896361,2
19.0,25.0,True,0.603197837240711,0.191739724580955,1.190736285053643,0.9796915968238216,8.48573648494773,2
19.0,26.0,True,0.4201222004573158,0.2039712476039767,0.7451100169949242,0.0550190598969674,3.0227381395273376,3
19.0,27.0,True,0.390993248944334,0.1437400383591377,0.7744626143120522,-0.0466756782064929,2.181371107234757,3
19.0,28.0,True,0.3522970997774115,0.1850790841649944,0.7049829122129171,0.3434476641476757,1.19689357089714,3
19.0,29.0,True,0.3542019911881175,0.1855551604592376,0.717529204330629,-0.022440874429214,0.7400698265510637,3
19.0,30.0,True,0.3103422698373665,0.1565039422812712,0.5286239264237529,-0.4062958739597961,-0.4402246180127447,3
19.0,31.0,True,0.3835770380821008,0.1595687398509927,0.7806003982288676,0.4718433333874611,1.713883975608247,3
19.0,32.0,True,0.4699124678167997,0.1022708145492123,0.6362369194477149,-0.7003887524000649,4.551789824326545,3
19.0,33.0,True,0.4051690775718292,0.2627118138857394,1.0671118814143223,0.9177530430194872,2.266455541475161,2
19.0,34.0,True,0.3492796157865319,0.1713982833924439,0.7205833555455288,0.1434775507818178,0.8603756507117681,3
19.0,35.0,True,0.4145872784887303,0.2868113197463264,1.5,1.914579626634648,2.330784681599985,2
19.0,36.0,True,0.2992086564128419,0.1784327964311038,0.8418804746662192,0.6175349910733956,-0.843832048470916,3
19.0,37.0,True,0.2721127229185112,0.1405387928124416,0.4864569260114341,-0.1897108095259647,-1.49292465435304,1
19.0,38.0,True,0.2013257796416953,0.1047565288763514,0.3985970118233606,0.0090998503339804,-3.545406417538353,1
19.0,39.0,True,0.1593940433853088,0.1597253875074214,0.3891464200452849,0.2955477202513746,-5.097605335289877,1
19.0,40.0,True,0.0738211774594815,0.0692101436241326,0.2214856534263953,0.3995302023280738,-7.524886622738336,1
19.0,41.0,True,0.0940955527743561,0.0939702855108028,0.3482620074882551,1.410840844650629,-7.078036715732539,1
19.0,42.0,True,0.1958292925577117,0.1273169342815286,0.6163463506503151,1.2717980039989776,-4.044320310638045,1
19.0,43.0,True,0.1050983416556473,0.0502653922906691,0.2047556030668778,-0.0497679089764266,-6.735900376599874,1
19.0,44.0,True,0.1515154659034196,0.1198597338363313,0.4066074141423992,0.3879563409964369,-5.201369588875628,1
19.0,45.0,True,0.1225269827905135,0.0957736086882053,0.3600729736439693,0.9089818186292714,-6.122066494129611,1
19.0,46.0,True,0.1123661113094275,0.0868848483238222,0.3160170944369039,0.7838737857835397,-6.53143132202987,1
19.0,47.0,True,0.1362638500349527,0.1037348723639309,0.3612550649171225,0.4341699162848738,-5.61524774717958,1
19.0,48.0,True,0.1199542661800923,0.0855234409042659,0.3192158390675711,0.2354727170386497,-6.32459851052372,1
19.0,49.0,True,0.1176325928307443,0.1623081282446928,0.5462487771282103,1.4970069439313756,-6.5277658743236255,1
19.0,50.0,True,0.1346154276708255,0.1133064408489169,0.4046742424773286,0.3888741460991605,-5.910333032636864,1
19.0,51.0,True,0.0933978209356862,0.0803127317388771,0.247781783097494,0.3581542942899701,-6.99434701262162,1
19.0,52.0,True,0.2093540526991074,0.1391653844171786,0.5188932012504794,0.4795305769996626,-3.319552752315039,1
19.0,53.0,True,0.1076384898189471,0.0977154636970928,0.3311683352949239,0.4395521290169545,-6.535710095752681,1
19.0,54.0,True,0.1115358874850051,0.1194598748524857,0.4212420774812691,1.15192290473474,-6.386442430654415,1
19.0,55.0,True,0.0943262379417283,0.0832394511591638,0.2891143162421477,0.6193046592293839,-6.998001636763873,1
19.0,56.0,True,0.1265088657571391,0.1055890127602117,0.3975779737892737,0.9140939202521324,-5.88065367599567,1
19.0,57.0,True,0.1290850590872555,0.1265275167383369,0.6882946518885724,2.1567953715078425,-6.316416754241431,1
19.0,58.0,True,0.1901318127799214,0.1045707037714039,0.3956908863448527,0.4515253929240636,-3.8663029153764383,1
19.0,59.0,True,0.135865388582182,0.1150614460252101,0.3747378462823623,0.1842711074277224,-5.882729928125843,1
19.0,60.0,True,0.1621338238645162,0.1732066136862704,0.5917875894746746,1.0609085007754044,-5.018051982548722,1
19.0,61.0,True,0.1963841125020761,0.1570902451403305,0.6805323667832471,1.1646765830569603,-4.255837002647394,1
19.0,62.0,True,0.1520055101738686,0.1380351459819078,0.4678955162130937,0.8929692957806122,-5.231224996708563,1
19.0,63.0,True,0.1383930964833715,0.1191165911716301,0.4745331331853897,1.4120915854113505,-5.455754201853236,1
19.0,64.0,True,0.2609110215698662,0.1058213441826726,0.5332788578041467,1.1189241658093965,-1.9311077129671423,1
19.0,65.0,True,0.1371711982387032,0.1350882577619884,0.62892884173928,1.5127034129484496,-5.957548667293183,1
19.0,66.0,True,0.1585522035248344,0.1444393281900959,0.757936928233783,2.1523698806257014,-5.323384238131265,1
19.0,67.0,True,0.1689991364411639,0.1288043766483357,0.3890347445712883,0.2615441169714903,-4.631870078542666,1
19.0,68.0,True,0.0904759040564498,0.1135632697709007,0.3899348050175842,1.4711675131908757,-7.299058533226017,1
19.0,69.0,True,0.197009949833804,0.1405347453579529,0.4239495414982143,-0.1047403929636006,-3.869591620817467,1
19.0,70.0,True,0.170035194192918,0.1084245182356153,0.378333362259747,0.2214800726914986,-4.643272776973876,1
19.0,71.0,True,0.1642942164373655,0.1257793905563656,0.4107445450650296,0.1470016309064445,-4.870590611626484,1
19.0,72.0,True,0.2415062626596196,0.1594161410462094,0.7847882548282866,1.231365533109641,-2.632973454389797,3
19.0,73.0,True,0.2775761078687168,0.1877037116734675,0.634772503706687,0.0998175085058047,-1.1828098986486997,3
19.0,74.0,True,0.1606636413160327,0.1242462294965032,0.4347896595339912,0.6090424655707505,-5.207708246655027,1
19.0,75.0,True,0.2610976877635059,0.2190858691243171,0.7490642498198266,0.5966423570085118,-1.977653781492518,3
19.0,76.0,True,0.395822653624179,0.1134612978376624,0.6313013198921931,0.2052403127701375,2.407121158987061,3
19.0,77.0,True,0.2618602131955975,0.2292941182531583,0.85102316760879,1.4611848395046974,-2.0854615486308665,3
19.0,78.0,True,0.3679043935528249,0.174066703831561,0.7963220734120655,-0.0932729624601974,1.178063132107913,3
19.0,79.0,True,0.411659685653328,0.2232541395835126,0.8379853937060857,0.1960246976218055,3.0093194048077967,3
19.0,80.0,True,0.290378309964969,0.1331590980153213,0.5187997614786269,-0.0082494178384405,-0.7479524352163084,1
19.0,81.0,True,0.2643084515006721,0.1470542342748223,0.5278449375692187,-0.0618521793989671,-1.5548255797013786,1
19.0,82.0,True,0.3467292304698371,0.1900635238823219,0.832939111608659,0.8175910192756518,0.6822602707976796,3
19.0,83.0,True,0.2595526404044677,0.1509856707889635,0.4962617369417377,-0.3076740511936058,-1.7450778957231403,1
19.0,84.0,True,0.3429996513770499,0.1853164962072067,0.8056717520478235,0.7300546607160888,0.922430187816767,3
19.0,85.0,True,0.3424066183533261,0.2181626401141142,0.8069267930751827,0.4539060650687809,0.833986753045225,3
19.0,86.0,True,0.5971655219248178,0.1976363333923324,0.991712199243487,0.3066342912482587,8.39102754378043,2
19.0,87.0,True,0.5474789815575595,0.174219570235722,0.9419296187369912,0.5329633521530771,6.8597112305875445,2
19.0,88.0,True,0.2419126517108465,0.1578541040612075,0.4959449926802124,0.2545265020951361,-2.3408063260343193,1
19.0,89.0,False,,,,,,0
19.0,90.0,False,,,,,,0
19.0,91.0,False,,,,,,0
19.0,92.0,False,,,,,,0
19.0,93.0,False,,,,,,0
19.0,94.0,False,,,,,,0
19.0,95.0,False,,,,,,0
19.0,96.0,False,,,,,,0
19.0,97.0,False,,,,,,0
19.0,98.0,False,,,,,,0
19.0,99.0,False,,,,,,0
19.0,100.0,False,,,,,,0
20.0,1.0,False,,,,,,0
20.0,2.0,False,,,,,,0
20.0,3.0,False,,,,,,0
20.0,4.0,False,,,,,,0
20.0,5.0,False,,,,,,0
20.0,6.0,False,,,,,,0
20.0,7.0,False,,,,,,0
20.0,8.0,False,,,,,,0
20.0,9.0,False,,,,,,0
20.0,10.0,False,,,,,,0
20.0,11.0,False,,,,,,0
20.0,12.0,False,,,,,,0
20.0,13.0,True,0.1743871336453206,0.1342937301506446,0.5061459469591694,0.8849039196129954,-4.489932953527744,1
20.0,14.0,True,0.2749446503421143,0.1584793624084878,0.5902537449633589,0.3806227013736841,-1.2227178943397397,1
20.0,15.0,True,0.2912370737941105,0.1628898834988827,0.6459056663091033,0.660836755705922,-0.9403360831355706,3
20.0,16.0,True,0.2600279113008138,0.1952865190286097,0.7654067519366996,1.0166171275528997,-1.807294241452514,3
20.0,17.0,True,0.2357398083732612,0.1380734263205706,0.5290784451773463,0.1607922213101451,-2.650886514356828,1
20.0,18.0,True,0.2361347845392384,0.1463827718452127,0.609661043899254,0.8116718954803854,-2.766507606390749,1
20.0,19.0,True,0.416259988831584,0.1916934818057753,0.8484476450467539,0.4684049999222689,3.1577281176452523,3
20.0,20.0,True,0.246744668636698,0.1386221422195375,0.5657982426212098,0.5420423435668972,-2.3368609440572357,1
20.0,21.0,True,0.3813120042525178,0.1599077619704909,0.6973678239244376,-0.5315257046353024,2.0672077612220043,3
20.0,22.0,True,0.3722251744277116,0.1652670786465569,0.7035569010963048,-0.0707629243960883,1.621702073990468,3
20.0,23.0,True,0.4161348375076868,0.1983780626657824,0.9527753427911868,1.1641346579695155,2.959531228326918,3
20.0,24.0,True,0.5375990503074459,0.2142693765712961,1.141563795880971,0.1366447767651959,6.6206802621683325,2
20.0,25.0,True,0.338012167554084,0.2320537896751584,0.8846349738942565,0.4979174963534848,0.5058128941720875,3
20.0,26.0,True,0.4558756850838681,0.1951738170458772,0.9917566117837152,0.3831718421232189,3.893187714686124,3
20.0,27.0,True,0.3571818450721808,0.1923196831145997,0.835091523417291,0.2532475952506788,0.6951437300846105,3
20.0,28.0,True,0.4280829086653067,0.2306067692829502,0.8148323100043601,0.0710407490518118,3.4934624306346973,3
20.0,29.0,True,0.3513059363414985,0.2509914578286576,0.957905802437762,0.5823582927903672,0.686376250181419,3
20.0,30.0,True,0.291525493749126,0.1365439812167584,0.561536124299125,-0.3003595973540401,-1.063687316054791,1
20.0,31.0,True,0.4327758062157071,0.271742647861243,1.021655531716971,0.6302148614166438,3.50268195443359,2
20.0,32.0,True,0.4234211112184042,0.2057047542281883,0.784124109758083,-0.4395701393996804,3.106020762288957,3
20.0,33.0,True,0.2215777040202535,0.1623406677196329,0.7322692070258398,0.7954473596237583,-3.3199973794970266,1
20.0,34.0,True,0.2785878377814978,0.1690817218373652,0.5929347134946401,0.3892177933295261,-1.2131763080440006,3
20.0,35.0,True,0.2054802194712805,0.1214661653701818,0.6373383306880898,1.3281758154547345,-3.786191843895395,1
20.0,36.0,True,0.1098921832405143,0.0880509628812168,0.3435878456318824,0.7981360052319908,-6.634742207651508,1
20.0,37.0,True,0.1756287166488321,0.0895563238601274,0.3381740867055711,-0.0087746660824155,-4.2596820710093946,1
20.0,38.0,True,0.1482264873467736,0.1248057638478957,0.605445718698365,1.4563712998416622,-5.553393722100345,1
20.0,39.0,True,0.1085878806350698,0.0873481751330574,0.3050187500991942,0.5939398391851279,-6.605691805694924,1
20.0,40.0,True,0.1931903257580337,0.10466937000709,0.3779851195766356,-0.0673927877196228,-3.918859153786227,1
20.0,41.0,True,0.0964400561670293,0.0932780728787749,0.2856355996697265,0.7393303456453959,-6.874084524754017,1
20.0,42.0,True,0.1175648212957542,0.0945123570280973,0.2613641241360951,0.1355802063661733,-6.3412746772194915,1
20.0,43.0,True,0.0753823906721689,0.0831046820437163,0.267595393457091,0.7691078187323256,-7.542208346754185,1
20.0,44.0,True,0.1837136889370098,0.094075359007631,0.3704765843139318,0.3003662016822918,-4.252675761953861,1
20.0,45.0,True,0.1024825686307817,0.0969152348337294,0.3262969511485186,0.766982240892201,-6.801222147420012,1
20.0,46.0,True,0.0829695417615485,0.0837545866973607,0.2740303676739614,0.8438287929002667,-7.288501550047207,1
20.0,47.0,True,0.1993383177655347,0.1431331202732247,0.4913198010342755,0.4117647431251514,-3.4989242111477488,1
20.0,48.0,True,0.0740068323255448,0.0593078082362058,0.1876402098632376,0.2811528303259825,-7.633624612808577,1
20.0,49.0,True,0.1441764089290133,0.0933821196588105,0.2539126188607418,-0.5280490846169265,-5.452431578952056,1
20.0,50.0,True,0.1584595216431231,0.1130074568947608,0.3881340243870168,0.4594702015245495,-4.8149928156962805,1
20.0,51.0,True,0.1096034964164864,0.0939756683896892,0.2912159966862458,0.4028991615223742,-6.72977406450376,1
20.0,52.0,True,0.1667329251474111,0.1298108832662719,0.5207800930730933,0.5089598383421431,-4.979977748710694,1
20.0,53.0,True,0.1191718571037445,0.1055434835917116,0.3555033544920328,0.7114732207731016,-6.344488913365333,1
20.0,54.0,True,0.0316221136739753,0.0406962224338281,0.1399194738146273,1.308400328393833,-9.043756264859192,1
20.0,55.0,True,0.0341629089340358,0.0567108368992966,0.1984955440744121,1.825273866238785,-8.828808412123765,1
20.0,56.0,True,0.0656071300956221,0.0506833085678368,0.1501698414624366,0.0798488779147753,-7.887722982133817,1
20.0,57.0,True,0.1605089102396099,0.1740429105047737,0.7324115004460243,1.2388463431765548,-5.293990584388783,1
20.0,58.0,True,0.1431872929628347,0.0959258931236047,0.3227965093714398,0.0287171262165315,-5.386811993580283,1
20.0,59.0,True,0.1194329950811846,0.0776383119368902,0.2810371242424405,0.027180852994414,-6.168650300137975,1
20.0,60.0,True,0.0664468898051781,0.0534297898497971,0.1743732430452327,0.3274524099843907,-7.80051705496212,1
20.0,61.0,True,0.2063961560626195,0.1509193336344043,0.5252535779250109,0.3232490807411385,-3.831718219282507,1
20.0,62.0,True,0.0810889277305087,0.0707867699831849,0.232575295960187,0.5889814933835211,-7.433380191154678,1
20.0,63.0,True,0.1314463298746064,0.1066916055536287,0.4410104744075583,1.558461153298196,-5.900696704972945,1
20.0,64.0,True,0.1280482026034308,0.1218336790001108,0.3730732045552595,0.7462711281853338,-6.144740370031697,1
20.0,65.0,True,0.1050007175607908,0.0955383410682775,0.3227195920424932,0.7604796958907671,-6.734164646564878,1
20.0,66.0,True,0.1115721244593596,0.1466166691550786,0.5048617244078601,1.390412114138227,-6.510978052460724,1
20.0,67.0,True,0.1362157821122252,0.1055198757665598,0.3333478379832979,0.3735597035667806,-5.6340123838670015,1
20.0,68.0,True,0.1463715426789396,0.1761740164637484,0.6265266466282088,1.4251975887036754,-5.501513074010805,1
20.0,69.0,True,0.222268378254642,0.1001544153264435,0.4032845428105608,-0.430855020343749,-2.886791700825076,1
20.0,70.0,True,0.1287265123252427,0.1146233540568327,0.4038920886359993,0.5845809558829428,-6.0752374987272635,1
20.0,71.0,True,0.1430340136513163,0.1464622230409288,0.5456742765437661,1.041952340745263,-5.638672446385628,1
20.0,72.0,True,0.1782956816625834,0.1288935416687535,0.4769157021253513,0.1156510540433306,-4.5015097610498005,1
20.0,73.0,True,0.2718274606881498,0.1412863095305453,0.5413245179776967,0.1422646098697316,-1.3121071985221184,1
20.0,74.0,True,0.2242902462741446,0.1521379432128696,0.5493962460392807,0.4154769945886941,-3.3625383393380037,1
20.0,75.0,True,0.2352024728702453,0.1217933886952828,0.5256382491377891,1.276629088108287,-2.8686558113040532,1
20.0,76.0,True,0.2535142556374097,0.102767681065795,0.5006196064831767,0.8174562853950921,-2.156806789564558,1
20.0,77.0,True,0.2290480062478677,0.1169331639099398,0.4314455804608273,-0.2637486890573158,-2.817873690587839,1
20.0,78.0,True,0.340541485519403,0.1277343654254536,0.6316239031571839,0.5798441977535864,0.5208836982031495,3
20.0,79.0,True,0.4742065744918469,0.1795416037233054,0.772751451714592,0.0849621014192904,4.55322848951542,3
20.0,80.0,True,0.2774673286835666,0.1640952545464157,0.6086969435123785,0.1954620292760498,-1.4538708889728484,3
20.0,81.0,True,0.3486813961253815,0.1317007951127674,0.6359940770301078,-0.0861296979369731,0.8303613337195787,3
20.0,82.0,True,0.3745849254471737,0.0864140988756733,0.5429591371752902,0.1126851141373397,1.6227702203880343,1
20.0,83.0,True,0.3383633270938203,0.1784272850246485,0.7649673490760905,0.527683144182015,0.6800183749648697,3
20.0,84.0,True,0.2859487682326243,0.1218492764043463,0.6183085741310935,0.8871943978541688,-0.8618980825328612,1
20.0,85.0,True,0.4270353440477147,0.1926363822518699,0.8474256362629186,0.2928545137952607,3.342216807487075,3
20.0,86.0,True,0.4192620134054401,0.2208910717102374,0.9106482958124952,0.7224282990969612,2.928361742595144,3
20.0,87.0,True,0.3870994753427707,0.1141799155609797,0.5922497065919197,0.1874016119323883,2.266752309101385,3
20.0,88.0,True,0.3878055430588595,0.2725590854230276,1.051976104589282,1.064498695567504,2.453689233433156,2
20.0,89.0,True,0.2433436029860794,0.123716369312255,0.5444722449627276,0.5911181096827378,-2.3955571352901788,1
20.0,90.0,False,,,,,,0
20.0,91.0,False,,,,,,0
20.0,92.0,False,,,,,,0
20.0,93.0,False,,,,,,0
20.0,94.0,False,,,,,,0
20.0,95.0,False,,,,,,0
20.0,96.0,False,,,,,,0
20.0,97.0,False,,,,,,0
20.0,98.0,False,,,,,,0
20.0,99.0,False,,,,,,0
20.0,100.0,False,,,,,,0
21.0,1.0,False,,,,,,0
21.0,2.0,False,,,,,,0
21.0,3.0,False,,,,,,0
21.0,4.0,False,,,,,,0
21.0,5.0,False,,,,,,0
21.0,6.0,False,,,,,,0
21.0,7.0,False,,,,,,0
21.0,8.0,False,,,,,,0
21.0,9.0,False,,,,,,0
21.0,10.0,False,,,,,,0
21.0,11.0,False,,,,,,0
21.0,12.0,True,0.1398723375714212,0.0971585376757984,0.3978176126237324,0.8982511331193975,-5.465934824336977,1
21.0,13.0,True,0.3097807558483134,0.2107298188047202,0.9444453171443572,1.0234625070859356,-0.6073689003763451,3
21.0,14.0,True,0.2466226058764259,0.1099192194187845,0.4491849589816721,0.0713717986183441,-2.334552620863535,1
21.0,15.0,True,0.3176481709883916,0.1700124590654924,0.7352433612354412,0.6271596531375667,0.0851468730961596,3
21.0,16.0,True,0.337014640803549,0.1851923957645221,0.6708138082409043,0.1230197697778294,0.6222011359852162,3
21.0,17.0,True,0.2454347811322823,0.1478804332532588,0.5432511010248393,0.3434088197452914,-2.2567218955171824,1
21.0,18.0,True,0.372233842436894,0.2240530234183458,0.9714074055805592,0.902188689998384,1.493222543823911,3
21.0,19.0,True,0.3800245596931531,0.1941439043695093,0.7338250275180609,-0.020199732001572,1.8423793968656497,3
21.0,20.0,True,0.2730654567153571,0.1070383723735642,0.4822790834673476,-0.2635756273162102,-1.3419136863461971,1
21.0,21.0,True,0.4969745895832053,0.3013323909691092,1.1611497292517028,0.4628684591403157,5.588526098399195,2
21.0,22.0,True,0.4072298031832719,0.2298145873867142,1.19147886235463,1.3479187398716566,2.379698526305723,2
21.0,23.0,True,0.4730374409650295,0.2691116605670265,1.221185306563611,0.8407306980587377,4.384544645916477,2
21.0,24.0,True,0.3057069101066001,0.2621524162288978,0.8206720284049691,0.5600936086142712,-0.3160687792296919,3
21.0,25.0,True,0.344169970309359,0.1606372191629475,0.6146365069113225,-0.5692661946399553,0.8105685048003213,3
21.0,26.0,True,0.5206979457657024,0.296799617296644,1.2261411726934048,0.2904910178681579,5.721301843932163,2
21.0,27.0,True,0.3942606029999193,0.2217514410834856,0.8544753768664958,0.3880203676183886,2.0975037189983774,3
21.0,28.0,True,0.4350683023254632,0.2553575331257728,0.9771367587916796,0.839707977296294,3.527506081238144,2
21.0,29.0,True,0.3222753952240924,0.1158772930771156,0.6325955514075685,0.8612542053243765,-0.0924517961141012,1
21.0,30.0,True,0.3140105453917398,0.1337032075497312,0.5566494887955026,0.1634604720795137,-0.2615780035233405,1
21.0,31.0,True,0.3120349758821516,0.179311392106077,0.8169213606129548,1.3111690293022764,-0.0691329580992229,3
21.0,32.0,True,0.212406746018027,0.1053107072226827,0.4117742478822989,-0.0824320673495273,-3.1506537325849053,1
21.0,33.0,True,0.2430283691441864,0.1512224046324723,0.5925083858171911,0.797087562959289,-2.41018268032394,1
21.0,34.0,True,0.2216171608918895,0.1286848040973374,0.4915447455291621,0.0693680110817585,-3.201710717603939,1
21.0,35.0,True,0.1989830209578846,0.1373878061318597,0.5330571224181352,0.702808920491714,-3.62952642466045,1
21.0,36.0,True,0.112124079039763,0.1415523598640623,0.6886968090817056,2.0468348845091575,-6.740529293436817,1
21.0,37.0,True,0.1702101653476025,0.1206834538714936,0.4384062257005727,0.4311121775978297,-4.815018057985935,1
21.0,38.0,True,0.1952359231779531,0.126039309052558,0.478270305878145,0.2712449507032005,-3.740833571043811,1
21.0,39.0,True,0.0449666712314789,0.0571141629328562,0.2522254667018502,1.6198922997436984,-8.588849486949451,1
21.0,40.0,True,0.1764490364089481,0.0871335882441046,0.3910853000684891,1.1411427069299251,-4.45377783980724,1
21.0,41.0,True,0.1547954767854182,0.1698294478089572,0.5802645233157102,1.0495733599982755,-5.114735548900543,1
21.0,42.0,True,0.0866882397443564,0.0895230541290936,0.3810359016973864,1.5543166481574406,-7.356721074957429,1
21.0,43.0,True,0.2267680486801247,0.1194915027386226,0.4693763598567704,0.0834256877841878,-2.8445154571519167,1
21.0,44.0,True,0.1404468914243726,0.063981002192566,0.2761921654519363,0.305558709026796,-5.592200838479835,1
21.0,45.0,True,0.1064495030747479,0.0791936550137198,0.3520040902692772,0.7156176650131382,-6.764810467448332,1
21.0,46.0,True,0.1272967907760334,0.1051012856005205,0.3408538235508819,0.4582785096224712,-5.840685379632283,1
21.0,47.0,True,0.1127328333771025,0.110656643858893,0.5157183868525105,1.424001489999354,-6.785053040358534,1
21.0,48.0,True,0.1161672768145258,0.1341380425688582,0.4057296811084485,0.8017903170514786,-6.291672816691112,1
21.0,49.0,True,0.0870832470126267,0.1120081519874438,0.4002306592472333,1.5161592019296055,-7.1588431606684155,1
21.0,50.0,True,0.1233563629822948,0.1123822471714971,0.5395643963305974,1.4656922140153077,-6.297176077740809,1
21.0,51.0,True,0.1780805802567921,0.1253784314111012,0.4216416964647884,0.360302536816026,-4.278777985067156,1
21.0,52.0,True,0.1163360255620004,0.1210828660467668,0.4312610835965124,1.1951205516921464,-6.221417690702769,1
21.0,53.0,True,0.0894554684952977,0.120547197459014,0.3808505863267033,1.110757176568678,-7.077304844418324,1
21.0,54.0,True,0.0930165062261504,0.0628327111777715,0.2943530134469941,0.6633095133476846,-7.206875552317901,1
21.0,55.0,True,0.1530123789011631,0.1102993238073031,0.3580448405616175,0.2670968622850421,-5.294844660953403,1
21.0,56.0,True,0.1695764861080008,0.0769148574268198,0.2772977847022621,-0.4324634419188575,-4.551513267058145,1
21.0,57.0,True,0.1056780950192789,0.1421163225419074,0.4817606549228987,1.3466477426192047,-6.526275761956071,1
21.0,58.0,True,0.1254061382496999,0.0572876315871353,0.2258122391407684,-0.2185323864759343,-5.93295601011101,1
21.0,59.0,True,0.100050219931341,0.0583939710821638,0.2051187199061067,-0.0195007831986528,-6.731832038050704,1
21.0,60.0,True,0.101072283095774,0.0735726543356013,0.2367471992575842,0.1749815703388778,-6.780668159711207,1
21.0,61.0,True,0.1265973020271468,0.101809213693405,0.4445181248833178,0.837378362162327,-6.180881941775516,1
21.0,62.0,True,0.0902596121351636,0.0842853635074269,0.3207737705322981,0.7480797108123137,-7.265416831521363,1
21.0,63.0,True,0.144586911854139,0.1562095776487544,0.8279545286018544,2.6591676275649694,-5.735485558910402,1
21.0,64.0,True,0.1117229328486199,0.0694029537140306,0.2938550752755041,0.4280860414471298,-6.5017106542567396,1
21.0,65.0,True,0.1393177017091399,0.1293514474782778,0.3789351942973755,0.5209252303844077,-5.794932658213286,1
21.0,66.0,True,0.0683867525471134,0.0798392253022002,0.2733933038692024,1.101735781448412,-7.917572565016951,1
21.0,67.0,True,0.1259182113697206,0.1004027106177957,0.3855590467991256,1.055297558339883,-5.993113452723211,1
21.0,68.0,True,0.2361188818376027,0.0781617027224706,0.41242041166219,-0.1080851427997069,-2.7236953296191433,1
21.0,69.0,True,0.1128305877416639,0.0998318583365446,0.3281268621085287,0.416736180818667,-6.3663661405429295,1
21.0,70.0,True,0.1573183548191341,0.1208718276168609,0.3727803577716468,0.4239732410488064,-5.226879700317576,1
21.0,71.0,True,0.2093576397819329,0.1457397444903569,0.4805808117628811,0.0786820262492107,-3.604215576163192,1
21.0,72.0,True,0.1726462529477784,0.1456673539043853,0.5242116070791868,0.6225921402214054,-4.890493209313278,1
21.0,73.0,True,0.1653051911889903,0.1331019649276875,0.7211659530018902,1.9173322320459856,-5.089244808807197,1
21.0,74.0,True,0.1995956128878126,0.2250400148482536,1.1876493075320285,2.3962188639799455,-4.3112076731877975,3
21.0,75.0,True,0.2252412054524041,0.13871334400591,0.5116800746691351,0.4913087097177484,-2.7565972843345055,1
21.0,76.0,True,0.3188751377326648,0.2505094733850416,0.9225228144634876,0.5864568766673234,0.1517385314076087,3
21.0,77.0,True,0.2714530774877524,0.1556116708248316,0.5038620725025997,-0.22034781891601,-1.641240687421031,1
21.0,78.0,True,0.2006302859907277,0.1117773101581186,0.404405826675749,-0.1270549017995473,-3.698279478465559,1
21.0,79.0,True,0.2793492004384365,0.1628569251852542,0.6044265889920956,0.2886121603645604,-0.9069575742612236,3
21.0,80.0,True,0.2900844430751328,0.1741118576635652,0.6460213804573037,0.5248161683667325,-0.9375989227347472,3
21.0,81.0,True,0.215109188350635,0.1131612936654591,0.5741650820635887,1.242643238559024,-3.358923197017953,1
21.0,82.0,True,0.154487731463578,0.1458921652076503,0.5298506297562882,1.0388482976336548,-5.103555433519607,1
21.0,83.0,True,0.2127978894373169,0.1578229665398978,0.4933099373300392,0.2465358823769231,-3.1726165686319043,1
21.0,84.0,True,0.3883623134477623,0.1943931777507582,0.7639400297422256,0.1813497628054279,1.8230931113060505,3
21.0,85.0,True,0.3030439273846805,0.1533021956311497,0.6222833807045449,0.010414449193742,-0.7066288511249146,3
21.0,86.0,True,0.2327616656966517,0.1397573138574377,0.5042815524235198,0.3821690353861205,-2.6025587074366614,1
21.0,87.0,True,0.3440446848245192,0.2137248111620032,1.027270699913741,0.7272996478989162,0.0533087155000418,3
21.0,88.0,True,0.4794750108210123,0.243930540850754,0.9395089921571068,0.092541861095698,4.7666976979913285,2
21.0,89.0,True,0.4552197185988659,0.208728964410211,0.8335457473659682,0.1080187752383273,4.133630147586078,3
21.0,90.0,True,0.1210289842414837,0.1582609556876767,0.5141517845321921,0.9852093570320845,-6.4965434631213315,1
21.0,91.0,False,,,,,,0
21.0,92.0,False,,,,,,0
21.0,93.0,False,,,,,,0
21.0,94.0,False,,,,,,0
21.0,95.0,False,,,,,,0
21.0,96.0,False,,,,,,0
21.0,97.0,False,,,,,,0
21.0,98.0,False,,,,,,0
21.0,99.0,False,,,,,,0
21.0,100.0,False,,,,,,0
22.0,1.0,False,,,,,,0
22.0,2.0,False,,,,,,0
22.0,3.0,False,,,,,,0
22.0,4.0,False,,,,,,0
22.0,5.0,False,,,,,,0
22.0,6.0,False,,,,,,0
22.0,7.0,False,,,,,,0
22.0,8.0,False,,,,,,0
22.0,9.0,False,,,,,,0
22.0,10.0,False,,,,,,0
22.0,11.0,False,,,,,,0
22.0,12.0,True,0.2737511772521084,0.2346818139599329,0.8718178857498493,1.2052832193572494,-1.5186165676419832,3
22.0,13.0,True,0.307259245486,0.2464074152420622,1.0084783000805764,0.8732270865956184,-0.7495442878430385,3
22.0,14.0,True,0.4985715713405749,0.2537196930102128,1.032334676992261,0.551062420462363,5.632595521313584,2
22.0,15.0,True,0.3181595400370902,0.1320421546807956,0.5958387763777232,0.116714731743163,-0.0404557578825601,1
22.0,16.0,True,0.4045051721386581,0.2693843101603317,1.0681400275356667,0.2331983350268398,2.389976761096566,2
22.0,17.0,True,0.3808761196372045,0.3104356745567883,1.5,1.542706674947135,1.3717477208055184,2
22.0,18.0,True,0.3060504392866028,0.1383826839021093,0.6243842837366832,0.5527054717492519,-0.7211886935792814,1
22.0,19.0,True,0.1644549068616097,0.0996481729646469,0.3847136691752134,0.4856705057527211,-4.904855478274575,1
22.0,20.0,True,0.2996004028725991,0.2043984404620182,1.096159319599171,1.924625867950831,-0.9528127453383184,3
22.0,21.0,True,0.3321766522721365,0.1195241826882248,0.5907587026203073,0.5310013411302802,0.3940525983828023,1
22.0,22.0,True,0.5735363632546441,0.2398825386131343,1.1859324680309502,0.4965563337035226,7.695998983048603,2
22.0,23.0,True,0.4643776640865299,0.1917187540349353,0.9441618636922204,0.1467811563216236,4.061379249992766,3
22.0,24.0,True,0.5930604250032189,0.2491750644678303,1.1897405963946963,0.5015454497581986,8.2254371302621,2
22.0,25.0,True,0.4933543391055825,0.1714032667399905,0.7428307349940219,-0.5222613307339407,5.25442369455687,3
22.0,26.0,True,0.3214123366935292,0.2049140672648782,0.743285022178313,0.2578756998155533,0.1164988675316439,3
22.0,27.0,True,0.4347506170804987,0.1882265172811319,0.8305960006480697,0.1536148968271836,3.5233320482450576,3
22.0,28.0,True,0.3282480605922078,0.2109764950002803,0.7057873214529022,0.2583488842532943,-0.0118129614401504,3
22.0,29.0,True,0.2589624875530819,0.147324226164344,0.5901073052813886,0.5678121978044073,-1.9668593324638577,1
22.0,30.0,True,0.2326060292887314,0.0748814248110282,0.3472511765464479,-0.4458331203862701,-2.6547251060266888,1
22.0,31.0,True,0.227114843061059,0.1688183406033057,0.602167675810007,0.8188422663215275,-2.8896987283589546,1
22.0,32.0,True,0.21875392941232,0.128304553277235,0.4672972372277461,0.116652560436937,-3.351238700921525,1
22.0,33.0,True,0.2372478786690944,0.1922211414001109,0.7023617901501058,0.5082465304169863,-2.633008394688505,3
22.0,34.0,True,0.2446059670791391,0.1422315698919314,0.5523012589151486,0.3384531763058587,-2.123832445258594,1
22.0,35.0,True,0.2866556050384198,0.12769475397,0.4843319537912361,-0.4116700915975756,-1.0007539012035096,1
22.0,36.0,True,0.1209061570159209,0.0834266743646877,0.308756269419529,0.5298590507411236,-6.0622445402015925,1
22.0,37.0,True,0.1083078430736554,0.0804350871041416,0.2560264594560565,0.4706491950203522,-6.593025121069382,1
22.0,38.0,True,0.1768642590910622,0.1828671976006272,0.5778181120932263,0.4696020800230522,-4.485212010448033,1
22.0,39.0,True,0.1406771074248271,0.0868275746549933,0.3346660774315966,0.4563882556904428,-5.5386540134992055,1
22.0,40.0,True,0.1434038985372218,0.1090958224911129,0.3334532155968801,0.0773037417211911,-5.418956158335921,1
22.0,41.0,True,0.1434999270713019,0.102719500384617,0.3705482507618373,0.2527332286065217,-5.5159781587082,1
22.0,42.0,True,0.1202563951281108,0.1129229047096764,0.3163874746206436,0.2523888555716152,-6.224521515439636,1
22.0,43.0,True,0.1334235750836559,0.0874370715155627,0.3160486716314072,0.4529330054583037,-5.924067452156,1
22.0,44.0,True,0.0789105800053518,0.108774624833844,0.3895466021422132,1.7184998199118138,-7.414094668983904,1
22.0,45.0,True,0.1212527238522866,0.1412812913930747,0.4175685951922118,0.8757907759520119,-6.137641270132691,1
22.0,46.0,True,0.2175150434308809,0.1459724702358972,0.5470707917708092,0.4000731851189086,-3.047752089447895,1
22.0,47.0,True,0.1707916627116332,0.1325942249052389,0.5967843378548702,0.9176697066733236,-4.829466340030149,1
22.0,48.0,True,0.1783259305653358,0.1362109673613306,0.5331329589536257,1.3296476086923423,-4.586553627579202,1
22.0,49.0,True,0.1109665947373909,0.0749044324668619,0.3018427450665757,0.6146832761752677,-6.464515094152767,1
22.0,50.0,True,0.1236659828802935,0.1547148329593543,0.5143111852347215,1.206453099729592,-6.357316895568045,1
22.0,51.0,True,0.091064443193518,0.0784000354106577,0.2862364789230657,0.8626124482377384,-7.066778138605565,1
22.0,52.0,True,0.1286240955275259,0.1209937196661989,0.397563743285763,0.5679188766509695,-5.984632282490528,1
22.0,53.0,True,0.1293937613400246,0.0773282609684487,0.2615609858264651,-0.2064735219464362,-5.933760931623843,1
22.0,54.0,True,0.056035108457624,0.0568153615988442,0.1834532408461709,0.7569803785978271,-8.140108681469778,1
22.0,55.0,True,0.2470520951682087,0.1395990082564487,0.5344899508951296,0.2817457729492312,-2.4042932125555088,1
22.0,56.0,True,0.0872839717004582,0.1038374936740386,0.3728311383375539,1.5690062386247463,-7.31809768828414,1
22.0,57.0,True,0.1550139781512066,0.1164659554247165,0.4462947144325467,0.8916298299698687,-4.899891934193975,1
22.0,58.0,True,0.1743316704729157,0.1016302933176371,0.3427202572826234,-0.218366330276208,-4.455719712327878,1
22.0,59.0,True,0.1171358487782612,0.122548539227462,0.3698647700327367,0.639367846811036,-6.425176212434781,1
22.0,60.0,True,0.094510141668103,0.1036616567732723,0.4095891370459935,1.1423470172490453,-7.0687217384931165,1
22.0,61.0,True,0.0809733201351297,0.1036628499484773,0.3591618259729872,1.150514690003882,-7.508031042057332,1
22.0,62.0,True,0.1209732086664064,0.1356391183947321,0.6067710628296704,1.9623953529992673,-6.352839145963809,1
22.0,63.0,True,0.1438162270025391,0.0873642645061145,0.3307801453863602,0.10053344078131,-5.371782448805786,1
22.0,64.0,True,0.0381850177217005,0.0743810102283352,0.2497103418490384,1.9173975368726748,-8.833099601644813,1
22.0,65.0,True,0.1479059577987374,0.1057617038351487,0.3430198307286249,0.2791635883795432,-5.324974195320089,1
22.0,66.0,True,0.1360163019905913,0.1221413861560817,0.4254545851053375,0.7766131377772936,-5.858490407090781,1
22.0,67.0,True,0.1807528795790946,0.109856413625228,0.3897912919480386,-0.0343072223842145,-4.3659210036358695,1
22.0,68.0,True,0.2336669036818265,0.1556915371063393,0.5389832161576329,0.4493550434245785,-2.7533347701348965,1
22.0,69.0,True,0.1805916289571143,0.1453761957848399,0.602291888758766,1.0153106716142788,-4.603929171786076,1
22.0,70.0,True,0.2470764153842928,0.160323532087776,0.5641497693883725,0.1623537140406587,-2.1895060212897546,1
22.0,71.0,True,0.1818387705077425,0.1322722638193071,0.3707771765676135,0.0053025604779226,-4.474034639092419,1
22.0,72.0,True,0.1560876964767556,0.124180248001567,0.4777177349894239,0.8320906361367795,-5.012512157684368,1
22.0,73.0,True,0.1900392846036687,0.2331819404146348,0.8439374892534666,1.5242368398857342,-3.949927403483244,3
22.0,74.0,True,0.1347058295703738,0.1150804031238872,0.4402247723343985,0.6686033849228576,-5.840002103906682,1
22.0,75.0,True,0.3973561585301138,0.1974518555302262,0.8122428818236435,0.286404245058596,2.524426141332466,3
22.0,76.0,True,0.2080551915008768,0.1025723922182625,0.4390107523001121,0.4683924738022614,-3.437588473895878,1
22.0,77.0,True,0.1932475436042856,0.1376466146994132,0.4650517468507088,0.7455359026771538,-4.1120516898676565,1
22.0,78.0,True,0.1716179593176885,0.1220458884164323,0.5252844991244456,1.3268124027881254,-4.648440400043647,1
22.0,79.0,True,0.1412610034505382,0.1356970772945847,0.4799498045840877,0.7896185889314264,-5.641652915134258,1
22.0,80.0,True,0.3181488389716154,0.177508590662085,0.9806034759693047,1.5208059631005042,-0.2796177903716862,3
22.0,81.0,True,0.2092938135029642,0.1623381522347745,0.6737053475899887,1.016359130717645,-3.6284734990484786,1
22.0,82.0,True,0.2575367294695972,0.1465473521039436,0.5981818392481196,0.720638193872364,-1.8472770301369752,1
22.0,83.0,True,0.2104917124176179,0.1257924709449215,0.4381543869754746,0.0690410080512343,-3.315856769569398,1
22.0,84.0,True,0.3513713174574069,0.2455072308682482,0.8348315488260206,0.4283082487729742,0.9712224503477832,3
22.0,85.0,True,0.2361164954502115,0.1488179455563251,0.5221022030282549,0.3021072067961595,-2.544447665424148,1
22.0,86.0,True,0.2869118918919489,0.1431990363354736,0.6272687906515586,0.5974684879893476,-1.1790815083769874,1
22.0,87.0,True,0.3638909472834716,0.2064988906549687,0.6833656901542332,-0.3018425691891833,1.2193644549255107,3
22.0,88.0,True,0.5170171666704637,0.3149143860153461,1.034773294562382,-0.057444913761298,6.409825760217015,2
22.0,89.0,True,0.5816488421878104,0.2158522152514121,1.022289360654678,-0.1735687507029572,8.265497498994705,2
22.0,90.0,True,0.43522352615119,0.2091518935734875,0.9315821614317404,0.8241459210065096,3.585153704305855,3
22.0,91.0,True,0.0230924344010466,0.0298637124483882,0.1080471459492576,1.6262884633659238,-9.173320252179378,1
22.0,92.0,False,,,,,,0
22.0,93.0,False,,,,,,0
22.0,94.0,False,,,,,,0
22.0,95.0,False,,,,,,0
22.0,96.0,False,,,,,,0
22.0,97.0,False,,,,,,0
22.0,98.0,False,,,,,,0
22.0,99.0,False,,,,,,0
22.0,100.0,False,,,,,,0
23.0,1.0,False,,,,,,0
23.0,2.0,False,,,,,,0
23.0,3.0,False,,,,,,0
23.0,4.0,False,,,,,,0
23.0,5.0,False,,,,,,0
23.0,6.0,False,,,,,,0
23.0,7.0,False,,,,,,0
23.0,8.0,False,,,,,,0
23.0,9.0,False,,,,,,0
23.0,10.0,True,0.0277035031635677,0.0397094623954539,0.1285651065403921,1.2373249166797131,-9.069508324140998,1
23.0,11.0,True,0.1551291076995886,0.1330113365616553,0.4298071719937014,0.3314318779426295,-5.013425060699608,1
23.0,12.0,True,0.4036107495205108,0.1655842084175056,0.7736640112815303,0.4160989801788006,2.465174415178754,3
23.0,13.0,True,0.3632009075146101,0.196436304012182,0.9123257329302228,0.7042312878632733,0.9047421464960204,3
23.0,14.0,True,0.4338103109864748,0.1868543159606464,0.8124752871584041,-0.0011289443828819,3.633640549325958,3
23.0,15.0,True,0.3546437617990466,0.229779196425572,0.9208806258144304,0.812719934622535,0.6592834836921709,3
23.0,16.0,True,0.4144450637280357,0.2662948517607131,1.2730107030258722,0.6957025778341714,2.445846859291847,2
23.0,17.0,True,0.3623946611064206,0.2044454919656118,0.9869252345090448,1.1996209283909656,0.7268666739810893,3
23.0,18.0,True,0.32240891653278,0.2067576475418172,0.7734969949377352,0.2720695768268903,-0.0216142878829178,3
23.0,19.0,True,0.3845821660124164,0.1676657196661725,0.7146366144851664,-0.279033496642651,2.223134182679686,3
23.0,20.0,True,0.3038256416634257,0.2460772140786374,1.3320924043234137,2.099078921453173,-1.2460362924751849,3
23.0,21.0,True,0.5395959864316581,0.239048416144146,1.027353035856324,-0.3667381931737551,6.673478504900865,2
23.0,22.0,True,0.4586504266454459,0.2401650056262741,1.085277804223316,0.37175893540216,4.100098092024055,2
23.0,23.0,True,0.3644881494992138,0.1297080454971326,0.58091568945537,-0.1134697867018343,1.4277771899276406,3
23.0,24.0,True,0.4202047491971941,0.2284205931728247,0.8952969686421459,0.1217933997354677,3.0801376424761453,3
23.0,25.0,True,0.3855284681328196,0.128448419143229,0.5848967619869428,-0.5788861071039679,1.990268001831551,3
23.0,26.0,True,0.4580829906946883,0.2265194348755722,0.8857134390403024,0.1775852900361253,4.106131235382166,3
23.0,27.0,True,0.3724225951623845,0.2242744271226487,1.078353182177442,0.7296538978311953,1.1081459766129236,3
23.0,28.0,True,0.3254673758320703,0.1569175140622423,0.6076849171914047,-0.4124271733829743,0.2462650305406663,3
23.0,29.0,True,0.3888575246164801,0.3091981320105664,1.0086868467699432,0.8309581795373836,1.5773683113762271,2
23.0,30.0,True,0.1031465290431582,0.0803032129226949,0.2518619174629378,0.2310657698983082,-6.71405172346347,1
23.0,31.0,True,0.2604298383581843,0.1828700649650029,0.6219562242927188,0.2671343595017426,-1.6666941357146228,3
23.0,32.0,True,0.1538043270102709,0.1197897778177377,0.4551302999962843,0.707084250791243,-5.201249145066236,1
23.0,33.0,True,0.1834271519366325,0.1803818200982641,0.6647221091015669,1.2409019537094663,-4.097876864903717,1
23.0,34.0,True,0.2184570125287717,0.1718628295462975,0.6431831597218247,1.1688777969560011,-3.2368050660867747,1
23.0,35.0,True,0.3629679229918916,0.1631844958688784,0.7625571457179319,0.5531126895223415,1.4548158170795449,3
23.0,36.0,True,0.2756383153404239,0.2031716590314108,1.044612528473138,1.5987944233816158,-2.093241666609035,3
23.0,37.0,True,0.0967303649536023,0.1006466504797008,0.3355339639426056,0.9881354573158496,-6.848338442263747,1
23.0,38.0,True,0.1898849472870357,0.1461598403495136,0.55270529877917,0.710650107408936,-4.320090340095921,1
23.0,39.0,True,0.1492763717395909,0.1086132043456297,0.3956075187129203,0.3185641511062697,-5.428108344534799,1
23.0,40.0,True,0.2307362700837596,0.1722888163662295,0.6157689106969534,0.6677752857406327,-2.624692852763824,1
23.0,41.0,True,0.2188484140791622,0.1357130656487517,0.5824215320149362,0.5288052252489025,-3.281209276845933,1
23.0,42.0,True,0.1955254328718258,0.0918961504939784,0.3943950799506103,-0.5038382474657712,-3.9016565374608625,1
23.0,43.0,True,0.1251019155411792,0.0642716939389529,0.2529382315077447,-0.1408573456536456,-6.184961803321073,1
23.0,44.0,True,0.2008800593246939,0.2197915217042933,0.67857924916942,1.2201427143479229,-3.801655989189751,3
23.0,45.0,True,0.1260675306732594,0.1237915813355167,0.4706232319089965,1.312513577490663,-5.976545164772536,1
23.0,46.0,True,0.1319756711536303,0.0999908761902275,0.3386707952878125,0.644742988426392,-5.6710157570386155,1
23.0,47.0,True,0.1263628254685888,0.1017397260266748,0.3486606085247637,0.3217235020449863,-6.033205288391893,1
23.0,48.0,True,0.1453112379064076,0.1122499184934451,0.4013052888808007,0.6427181392784144,-5.422518113874676,1
23.0,49.0,True,0.1418542284326146,0.0930505009558108,0.36070409130894,0.2614404377887059,-5.538973456577239,1
23.0,50.0,True,0.1402960090622095,0.1045351131143748,0.3707002183078259,0.528845240594376,-5.533111100750778,1
23.0,51.0,True,0.1148872580456537,0.1150086149297149,0.5255083651999409,1.5417430160310936,-6.6673210170829895,1
23.0,52.0,True,0.1081471061537349,0.0757195943435617,0.2376774346030765,0.0129112515284282,-6.623483870351907,1
23.0,53.0,True,0.1520509215351968,0.1289849175997034,0.3602623745473539,0.2913319375199878,-5.2531555962104575,1
23.0,54.0,True,0.2224305911279305,0.1397307877961249,0.4334231387186587,-0.1806057076967513,-3.1354450745240916,1
23.0,55.0,True,0.1106887007250628,0.0813545305520791,0.2835211821056616,0.6448423507418133,-6.370965207729328,1
23.0,56.0,True,0.0775162508851772,0.0694055468281807,0.2167922482027523,0.7104979699121553,-7.488475041915765,1
23.0,57.0,True,0.170357275776877,0.1635037216571182,0.5683025690671929,0.7261108913669279,-4.599391014085438,1
23.0,58.0,True,0.1353696244160667,0.1147109201534461,0.3766385964538893,0.416366476210033,-5.683406652650427,1
23.0,59.0,True,0.1006859477629856,0.1211806533240882,0.3663710033637652,0.7750359811143755,-6.832312803713321,1
23.0,60.0,True,0.1913899240927616,0.1655540548847253,0.5622298012137937,0.7942845626729139,-4.058094921824071,1
23.0,61.0,True,0.0713048674416596,0.0805178718050431,0.2642999360148476,0.7547330001071284,-7.6743642799931555,1
23.0,62.0,True,0.0437454936949418,0.0743094010856618,0.2554493224992661,1.7967854450261216,-8.496714406041452,1
23.0,63.0,True,0.123196317097355,0.076781309058664,0.3344891558065954,0.3639166022856899,-6.219743005033467,1
23.0,64.0,True,0.1223979553218423,0.0820606968145442,0.341607730828401,0.8111846977783678,-6.335243629068398,1
23.0,65.0,True,0.1086939945264721,0.0983683170167885,0.3093830581816442,0.4955724296996414,-6.463554877342296,1
23.0,66.0,True,0.0893974382534167,0.0897407888472262,0.3512087069839738,0.7016564470135398,-7.27499900479196,1
23.0,67.0,True,0.1325394240491432,0.1155218286281074,0.4323557341303095,0.8884472301064212,-6.20312576246365,1
23.0,68.0,True,0.1369225840810587,0.1336287242739485,0.5443289888435253,1.025275459874027,-5.9348204037664924,1
23.0,69.0,True,0.1401026385600086,0.1841965526465938,0.6443726976554712,1.4898253272033783,-5.492307298981445,1
23.0,70.0,True,0.1285868625293415,0.0916991514201097,0.3121618269974378,0.4118836889443611,-5.8657814879637975,1
23.0,71.0,True,0.1317215909990508,0.0892065512243633,0.3043484616159708,0.0644523070744572,-5.770574564010793,1
23.0,72.0,True,0.0962039479715545,0.0410197116875346,0.1795648435461501,0.0084673562487478,-6.922340545784217,1
23.0,73.0,True,0.15631397566903,0.1014290282622503,0.3176519722708342,-0.0897883933524442,-4.994588376674285,1
23.0,74.0,True,0.2036175843808001,0.1321380152876456,0.510543093043489,0.4310225571045278,-3.565331308102748,1
23.0,75.0,True,0.2307431419969737,0.156557078161719,0.578562985170298,0.4963713549681844,-2.480135079934177,1
23.0,76.0,True,0.1660555910465261,0.1277731855245808,0.4530637342983969,0.8355060150554574,-4.686576576441736,1
23.0,77.0,True,0.1753733743969894,0.1273919151807724,0.4744517065093436,0.4802996985404685,-4.335144583080387,1
23.0,78.0,True,0.1798353296748278,0.1188347072827837,0.5870364130722017,1.2880263909296716,-4.480635612151492,1
23.0,79.0,True,0.2099087447585261,0.1262803715868672,0.4534473455536187,-0.0429810305999892,-3.265931772607263,1
23.0,80.0,True,0.1367637182941769,0.1620158277062322,0.5912366600922838,1.2990754959808606,-5.8843527546922685,1
23.0,81.0,True,0.1527710568019005,0.0962104342519039,0.3301805552287183,-0.0343840842028616,-5.231621383178977,1
23.0,82.0,True,0.1732819603690471,0.129166804248123,0.4244612376112576,0.4966741832506565,-4.496230084925263,1
23.0,83.0,True,0.1992583912980346,0.1351794985215755,0.6700682465788901,0.9735042480759982,-3.8458232943290858,1
23.0,84.0,True,0.1501569671427899,0.0903622185648067,0.3341144449207466,0.4355532088828524,-5.306561696653279,1
23.0,85.0,True,0.2896120920720988,0.1767867090993992,0.7757088047653108,1.1670028090296487,-0.9655098397055824,3
23.0,86.0,True,0.2913016273283434,0.1522680989732598,0.6369208169964615,0.4661580715389063,-0.9808804654821678,3
23.0,87.0,True,0.1553547018583095,0.065353529577193,0.2924507118240528,0.1752541020914175,-5.083557657422699,1
23.0,88.0,True,0.2836675725909044,0.1094912765532665,0.4620162829262158,-0.1536838554785045,-1.0022892731255186,1
23.0,89.0,True,0.4250314438896042,0.3184919334786357,1.280468477326388,0.4724791154644839,2.4616090864128672,2
23.0,90.0,True,0.4715092853636717,0.1591210440976521,0.8440042771245613,0.0905559914707063,4.495979311858302,3
23.0,91.0,True,0.2196755983166482,0.1554585830297939,0.5216025207669938,0.2690346236467353,-2.798092325026976,1
23.0,92.0,False,,,,,,0
23.0,93.0,False,,,,,,0
23.0,94.0,False,,,,,,0
23.0,95.0,False,,,,,,0
23.0,96.0,False,,,,,,0
23.0,97.0,False,,,,,,0
23.0,98.0,False,,,,,,0
23.0,99.0,False,,,,,,0
23.0,100.0,False,,,,,,0
24.0,1.0,False,,,,,,0
24.0,2.0,False,,,,,,0
24.0,3.0,False,,,,,,0
24.0,4.0,False,,,,,,0
24.0,5.0,False,,,,,,0
24.0,6.0,False,,,,,,0
24.0,7.0,False,,,,,,0
24.0,8.0,False,,,,,,0
24.0,9.0,False,,,,,,0
24.0,10.0,True,0.2573648187034661,0.1305719725808718,0.5359033747590185,0.2002953384661633,-1.8765768811984689,1
24.0,11.0,True,0.29697037136972,0.1812328700732563,0.715061187211274,0.1636585794940839,-1.01935804598557,3
24.0,12.0,True,0.3422225722907718,0.1101146300277018,0.5442486544925185,-0.6987012537943077,0.9031328996773424,1
24.0,13.0,True,0.3246367102816736,0.2070688014807513,0.7396827894478526,0.6438989760134189,0.5459614328910968,3
24.0,14.0,True,0.3050269017113136,0.222657089151048,0.7258378238793283,0.2228788282915406,-0.535740431001761,3
24.0,15.0,True,0.4063903905878131,0.133192766571993,0.6356597846271178,-0.7216655835959932,2.7275110678117658,3
24.0,16.0,True,0.4323831707220606,0.0982375077337077,0.6668619018304907,-0.5587331564103252,3.147704323085515,3
24.0,17.0,True,0.3697676220638348,0.2350941399359201,0.889902562188238,0.6393923299458207,1.05612765631646,3
24.0,18.0,True,0.3168907748346921,0.1105064899442703,0.4984219303853439,-0.1437151398834311,-0.0198495666131475,1
24.0,19.0,True,0.3078410652770368,0.1493761919054533,0.5871755444463646,0.0678606835238754,-0.3318468420090626,3
24.0,20.0,True,0.33815501377363,0.2454087139359269,0.7218652927607615,-0.0117718231148623,0.7003506321151763,3
24.0,21.0,True,0.461063744547284,0.2225162760972559,0.9623296475904908,0.5434401846767406,4.43790302197131,2
24.0,22.0,True,0.4331064525407073,0.2488652722285027,0.9556068817607536,0.5499943986228276,3.306128385549367,3
24.0,23.0,True,0.4749239508603339,0.2752166757277245,1.1311661063587055,0.6522111906860412,4.492925454618859,2
24.0,24.0,True,0.5452379194177842,0.2236025903730062,1.120363854258023,0.8110964932330841,7.28420464948544,2
24.0,25.0,True,0.5446615850022619,0.2273924010131979,0.9758924889356952,0.1467195377157038,6.841605224179616,2
24.0,26.0,True,0.3548860074493687,0.2332323915316149,0.8565131631376218,0.7045452193387886,0.9531358779863698,3
24.0,27.0,True,0.3539048387823532,0.2188755247345089,0.8276044405093409,0.4770918541117299,0.6513411128503553,3
24.0,28.0,True,0.2992380121143189,0.1792455546953714,0.698845308137411,0.3662741921832134,-0.5125454770841438,3
24.0,29.0,True,0.1786537176543714,0.1230010060397023,0.4746487495562266,0.646821326749417,-4.2369971570495695,1
24.0,30.0,True,0.1825874728523087,0.1123985035185549,0.3794034815573217,0.2399660630021599,-4.273056344802841,1
24.0,31.0,True,0.2182632000706323,0.1281633097146018,0.5296134302631217,0.7344708551226254,-3.1253708319246214,1
24.0,32.0,True,0.1580531807159204,0.1489018485387735,0.6151038055850758,0.7628014210903357,-5.102436492397799,1
24.0,33.0,True,0.25309826858091,0.1917561587210692,0.5807956065250603,0.2185920727882707,-2.023961901188913,3
24.0,34.0,True,0.2098148195581571,0.1433664505335608,0.4833959252239833,0.0144115103729295,-3.5821184123425445,1
24.0,35.0,True,0.2156553013634714,0.1487555740852067,0.6866574292109556,1.0120508912766448,-3.6445770851185326,1
24.0,36.0,True,0.1964803322423164,0.1082436806016659,0.3865323220078611,-0.0049592937485779,-3.980280136155161,1
24.0,37.0,True,0.1603560727163032,0.1232851902804741,0.4154873145685884,0.619332097593494,-4.944045518585975,1
24.0,38.0,True,0.1499695775511568,0.1368557164533871,0.4350527722149346,0.7986196421979045,-5.179282279676835,1
24.0,39.0,True,0.1925575697522338,0.1586556489247736,0.5404112991081998,0.5944013150262436,-3.722977756074254,1
24.0,40.0,True,0.0969361802455638,0.0919032397066585,0.3191705367654524,0.8829674674660265,-7.069612170054947,1
24.0,41.0,True,0.1215553204773604,0.0626445813605762,0.2526560836216798,0.2254289775074485,-6.223862576311732,1
24.0,42.0,True,0.1781184772964704,0.1082780916562145,0.4252821047873,0.7068927712133625,-4.407379357150245,1
24.0,43.0,True,0.14452052118043,0.0872164342475802,0.3251256102900428,-0.1723802927757743,-5.500564333397584,1
24.0,44.0,True,0.0736561854879572,0.0854973775559714,0.2913050506914839,1.213858694846395,-7.587593664622587,1
24.0,45.0,True,0.1475882055542661,0.1658455375010891,0.6475265057222912,1.1889810599645825,-5.561209461754827,1
24.0,46.0,True,0.102798182024946,0.1132509194305227,0.3997897820301827,0.8565505445797622,-6.887269275272577,1
24.0,47.0,True,0.0776388996046723,0.0816597553685805,0.285911227938952,1.03593181432003,-7.447429466904983,1
24.0,48.0,True,0.136477799506063,0.0824688378424597,0.2565521306848112,-0.2935996147718987,-5.596919632664441,1
24.0,49.0,True,0.1263691368806798,0.0995017609181998,0.336263353521652,0.7834054862004304,-5.905074745881659,1
24.0,50.0,True,0.1591921743582339,0.0921048570960341,0.3227107363064406,0.0807418712822949,-4.895926270108066,1
24.0,51.0,True,0.0902998291013432,0.0854921711562566,0.2466850892002191,0.4122767025453222,-7.113983782799932,1
24.0,52.0,True,0.147516782603615,0.1568476645268663,0.5995063917050094,1.6250339290823312,-5.648500389412541,1
24.0,53.0,True,0.1644756703732743,0.1395022020446786,0.5190198625419618,0.9264809856883264,-4.923976600299215,1
24.0,54.0,True,0.1730758829753291,0.1710435746362389,0.608998161526743,1.172293419825532,-4.808776312837398,1
24.0,55.0,True,0.1117109218358708,0.1167308460959129,0.4203972329302131,0.9695195000282624,-6.70466608480076,1
24.0,56.0,True,0.2302122379832499,0.1653561502185631,0.6976866131908542,1.3203661870566656,-2.579935564235738,1
24.0,57.0,True,0.1011059851408894,0.1013832266376543,0.3376537624608383,0.7775897885880836,-6.867802199304671,1
24.0,58.0,True,0.2475489656000085,0.1394136024449603,0.5858885519130747,0.4632539731646659,-2.372720745767409,1
24.0,59.0,True,0.192758260854271,0.1247863546770657,0.5139136352500555,0.8868644516340132,-4.2632745411140816,1
24.0,60.0,True,0.1541448989754359,0.0883321334040573,0.3247140627167879,0.5955255094557558,-5.106538649381037,1
24.0,61.0,True,0.1535817643994056,0.0865573849661061,0.2977737458133271,-0.0585320935958402,-5.061498699709615,1
24.0,62.0,True,0.09925269472001,0.0673341219500514,0.2473620321016733,0.2451942799567199,-6.847960318701412,1
24.0,63.0,True,0.0159777571564356,0.0511202543515585,0.2522203093980204,3.4733876846186753,-9.543089037678092,1
24.0,64.0,True,0.087455205839741,0.0948559460190593,0.418523257010069,1.4243674930930508,-7.316129882681721,1
24.0,65.0,True,0.1071307635824461,0.0932482667360837,0.2610052624272043,0.2885401212276267,-6.555069173995819,1
24.0,66.0,True,0.1354223722292374,0.0937850650766584,0.344622693046232,0.4859804765796396,-5.612049543314268,1
24.0,67.0,True,0.1199555609998105,0.0797988754703388,0.3115185343672014,0.0324920437819551,-6.306904860655549,1
24.0,68.0,True,0.1604778575967944,0.0914487487212591,0.3241340302739748,0.0200971423773701,-4.965154939531496,1
24.0,69.0,True,0.121515794074942,0.0913213741559928,0.2784141911136906,0.212313106321718,-6.1640203142146754,1
24.0,70.0,True,0.1558171591629256,0.1220902061189522,0.4164749987029939,0.4196151604787632,-5.099780847544811,1
24.0,71.0,True,0.1900536466702681,0.1640804990985097,0.629412752977878,1.35267897226532,-4.27140213516175,1
24.0,72.0,True,0.2163191240304497,0.0989663636105006,0.3944741819131258,0.0733148877425758,-3.207227412502619,1
24.0,73.0,True,0.1598694152927156,0.0987513725772754,0.3653597917003963,0.0658315319597489,-4.946300409010411,1
24.0,74.0,True,0.1666696957294689,0.132178269797032,0.7872038760106179,2.8461512687498907,-5.071384502626347,1
24.0,75.0,True,0.1602358762239446,0.1236105710992824,0.4786022348005662,1.13218514857415,-4.758505390384319,1
24.0,76.0,True,0.1769116076246496,0.1400612935081645,0.5184110316197429,0.6878367049793472,-4.242948985187081,1
24.0,77.0,True,0.2103115700564739,0.1644659776241133,0.6367762291804644,0.8301152371621955,-3.472210461992984,1
24.0,78.0,True,0.1479316534364144,0.1206398688516857,0.3457967663716992,0.2136116342051672,-5.303436656805302,1
24.0,79.0,True,0.1416384058628264,0.1184725082623152,0.4882768121174941,1.155068517153684,-5.67679679975035,1
24.0,80.0,True,0.1474545087491848,0.1040550075555169,0.3336711854875604,0.178912759149025,-5.405134216141847,1
24.0,81.0,True,0.1851332055580024,0.1426185064596247,0.5331636778079153,0.7402253709540689,-3.971925804463487,1
24.0,82.0,True,0.1855477144893657,0.1186708309755688,0.3919393402711912,0.140305457409767,-3.948692930390316,1
24.0,83.0,True,0.1150807591388964,0.1523790267476535,0.776875808198341,2.5850967016452095,-6.591762728890221,1
24.0,84.0,True,0.2264837112525228,0.1580207052495492,0.7250797601768444,0.891824812006067,-3.3117803989149124,1
24.0,85.0,True,0.160427451506053,0.12317697938567,0.3721068278409624,0.0133075339642492,-5.0618806216424534,1
24.0,86.0,True,0.2878211665871138,0.1654292046732879,0.5923749821109462,0.1936814671704046,-1.3189665779458684,3
24.0,87.0,True,0.2632234158772811,0.1349810251355908,0.5105087780871717,0.4182593987842649,-1.6987765535346138,1
24.0,88.0,True,0.2659319701206784,0.1457096391816301,0.5287637275968043,0.025162298664396,-1.7362383017177052,1
24.0,89.0,True,0.5152036748873176,0.2902613091823626,1.2562290373404217,0.791278452625331,6.285358563533268,2
24.0,90.0,True,0.6740738878462561,0.2359063116259671,1.346897068732426,0.1961025354849735,10.679380923963784,2
24.0,91.0,True,0.7484074362318218,0.3823716080559378,1.5,0.4461688055052708,13.451406080652085,2
24.0,92.0,True,0.2432664387728651,0.1309158206646849,0.4532914272515512,-0.1753503425526163,-2.193134636545095,1
24.0,93.0,False,,,,,,0
24.0,94.0,False,,,,,,0
24.0,95.0,False,,,,,,0
24.0,96.0,False,,,,,,0
24.0,97.0,False,,,,,,0
24.0,98.0,False,,,,,,0
24.0,99.0,False,,,,,,0
24.0,100.0,False,,,,,,0
25.0,1.0,False,,,,,,0
25.0,2.0,False,,,,,,0
25.0,3.0,False,,,,,,0
25.0,4.0,False,,,,,,0
25.0,5.0,False,,,,,,0
25.0,6.0,False,,,,,,0
25.0,7.0,False,,,,,,0
25.0,8.0,False,,,,,,0
25.0,9.0,True,0.0764914494782094,0.1026686047543925,0.3612943039132808,1.3793593439254324,-7.582247658450497,1
25.0,10.0,True,0.4205046071792964,0.2397999692912601,1.267371647114945,1.378236619244468,2.661986814327311,2
25.0,11.0,True,0.4141212936918679,0.19763934180752,0.6836211736971847,-0.4825428462888434,2.742975939671207,3
25.0,12.0,True,0.2139233514739867,0.171024348950299,0.601201551373127,0.6152248161721796,-3.2246946239536936,1
25.0,13.0,True,0.3648223218463099,0.1579510182766865,0.7044203596154525,-0.005027112304073,1.1856928619495286,3
25.0,14.0,True,0.274511632409014,0.1411731969422676,0.535798919357367,-0.3166961108615706,-1.4877218252509363,1
25.0,15.0,True,0.4328921928715245,0.186091619464956,0.7452460533087819,-0.2295460625815245,3.1733692229470334,3
25.0,16.0,True,0.3954999458293662,0.2476682114762014,0.8854333365739319,0.5517125352198318,2.4095058724143934,3
25.0,17.0,True,0.35308247057229,0.1326600558096322,0.5646946962486847,-0.7497162968517945,1.0171751478969426,3
25.0,18.0,True,0.3874528098199269,0.1914035954036101,0.9174578113302204,1.2088347248438889,2.125333017979512,3
25.0,19.0,True,0.3847167278280096,0.2247424552018973,0.8645241076141998,0.6334534050480477,2.234207729907922,3
25.0,20.0,True,0.3706299079868589,0.2045153874442439,0.7214412221204775,-0.2175393923450428,1.7931200824022009,3
25.0,21.0,True,0.4842378919780503,0.2755922959915631,0.9757118586866544,0.0224684980055217,5.180818469461968,2
25.0,22.0,True,0.4012539949276928,0.1809851006617208,0.9747184180704664,0.5311608478609019,2.0114166352546916,3
25.0,23.0,True,0.3758560262125326,0.219734253012471,0.8030914751875452,0.4960652646705178,1.9180554075798848,3
25.0,24.0,True,0.355952318045411,0.1916240459322094,0.8379799799845427,0.7404157426627335,1.3643397532235626,3
25.0,25.0,True,0.3153236795347111,0.1242792967727778,0.5297013190900379,-0.3232227997374982,-0.1435674216209635,1
25.0,26.0,True,0.3379694552057875,0.1404754862549369,0.6195812056491565,0.0146084666332304,0.5996329003326583,3
25.0,27.0,True,0.3350032516466241,0.1948587693897157,0.7314429137605115,0.668530348002449,0.5209749087459721,3
25.0,28.0,True,0.2284612144695486,0.1076844624203178,0.4566015570697754,-0.0070087712653767,-3.023793504325077,1
25.0,29.0,True,0.2252468311380866,0.1492071529154599,0.5181188988946843,0.3196393418794798,-2.8443246878611284,1
25.0,30.0,True,0.1866422601142205,0.1372893123111663,0.6813035002742259,1.6319973886453485,-4.344452871722843,1
25.0,31.0,True,0.1568749083693828,0.1481745419518169,0.5220050871491734,0.8119716634283668,-5.104972922283122,1
25.0,32.0,True,0.2000982465050113,0.1524078408667044,0.5620745276324322,0.7060636559435585,-3.67219182251335,1
25.0,33.0,True,0.1353314888991935,0.1067057168816107,0.2874610886104481,-0.0068530333292225,-5.747231186339122,1
25.0,34.0,True,0.1496093655537909,0.1276940035174018,0.5870344304870834,1.2286029783110064,-5.63264870423587,1
25.0,35.0,True,0.1695888890075447,0.1084687276741704,0.3566684866439642,0.054847817097946,-4.545382518958551,1
25.0,36.0,True,0.2361476332313886,0.1461217252395622,0.5584986116577666,0.0095210177999312,-2.9294574067953123,1
25.0,37.0,True,0.2424776164529035,0.102245390945387,0.5205785533347765,0.5483458535533063,-2.348334641548586,1
25.0,38.0,True,0.1562103390719603,0.0916865203386618,0.3382065929793056,0.2497522850168301,-5.070576101454786,1
25.0,39.0,True,0.1511533260545923,0.1274549592490539,0.4756366008386104,1.2223151771049063,-5.325730033020845,1
25.0,40.0,True,0.1525507194918339,0.1229746363928146,0.449704106353188,0.6831731603252778,-5.109541259984443,1
25.0,41.0,True,0.1822078374059104,0.1470633756872514,0.5100088157211996,0.5057579711246987,-4.125068820983649,1
25.0,42.0,True,0.2055109637110223,0.1001237961427423,0.4191005169760923,-0.1101893374662638,-3.485637038141637,1
25.0,43.0,True,0.1477531202501169,0.1012207796063759,0.3494809706134729,0.019841526314965,-5.2869477520301915,1
25.0,44.0,True,0.1822312051931469,0.1147881476309598,0.4590199785432914,0.5462451873636747,-4.257472148091226,1
25.0,45.0,True,0.1498597224286604,0.1470452317201553,0.537259897080735,1.274771747680875,-5.372855827825868,1
25.0,46.0,True,0.1687324116380786,0.0998144889951546,0.3455523434612629,0.0262470963077717,-4.658981951422816,1
25.0,47.0,True,0.1944501148659037,0.1085022326028923,0.3894539104908541,0.0659452256540372,-3.9123635856547065,1
25.0,48.0,True,0.1740008605556343,0.104452848872177,0.3526420969157295,0.0032391705026786,-4.419827301136923,1
25.0,49.0,True,0.1628613911029726,0.1212762321507416,0.4989515352522357,1.1337629902365784,-4.7133469549011675,1
25.0,50.0,True,0.3066585944267536,0.1782895576488508,0.8252144962165245,0.7302298883556348,-0.5686717059747194,3
25.0,51.0,True,0.1932954416477894,0.1430179060723316,0.5166846341902664,0.8114405983176498,-3.923440954010761,1
25.0,52.0,True,0.2372748112382418,0.1421382246516053,0.5352209286733048,0.543418352646731,-2.397625011828957,1
25.0,53.0,True,0.2070555126770087,0.1089369087762077,0.4814047834407993,0.8114027421224312,-3.5776123488511784,1
25.0,54.0,True,0.0962864277444293,0.0966057175529815,0.334566033975836,1.0911496551527733,-6.928423423834661,1
25.0,55.0,True,0.1160956576949674,0.0956195746219037,0.3153875841297394,0.5299939185121176,-6.324828529220773,1
25.0,56.0,True,0.1420539890595643,0.0789362266566894,0.3160590869730488,0.8972740669340031,-5.522540532593663,1
25.0,57.0,True,0.1630212925138639,0.1239179435570425,0.4057605753758301,0.3598311269995311,-4.965304940962418,1
25.0,58.0,True,0.1680193006364408,0.1539710940866507,0.5078674772229353,0.6974634546943731,-5.138349274135714,1
25.0,59.0,True,0.0750359697957489,0.0750486974458886,0.252204039486088,0.6185820698711805,-7.635049841316334,1
25.0,60.0,True,0.1851064334793888,0.1074113780997086,0.425535589924907,0.3179470297227754,-4.206526660494492,1
25.0,61.0,True,0.0969281909827752,0.075441605941064,0.2626611391214081,0.3336322582888189,-6.844671253353098,1
25.0,62.0,True,0.0709711562568175,0.0736303883094227,0.2437689405947746,0.6600238839005116,-7.721599771121409,1
25.0,63.0,True,0.1928251400288111,0.1617923865323352,0.5198289361863658,0.3907420036559395,-3.9335805097439103,1
25.0,64.0,True,0.1213660773250787,0.0654100360706766,0.2336853937308719,0.1729513979174363,-6.1680817716493515,1
25.0,65.0,True,0.1173114564658742,0.1253493807724419,0.6627631560167908,2.3238319603629716,-6.538184484237804,1
25.0,66.0,True,0.0692600578944539,0.0775367807360364,0.3574660389910592,1.6527889947175254,-7.911348169632819,1
25.0,67.0,True,0.1377911481039598,0.1434669641485621,0.4879430704390121,1.0466033770094194,-5.565618355570872,1
25.0,68.0,True,0.1766229026584734,0.1203699708627617,0.389696460213614,0.4204362673221928,-4.614811331579731,1
25.0,69.0,True,0.1918529289745654,0.1414874457870334,0.4824869918120865,0.5172765512979274,-3.855330373473269,1
25.0,70.0,True,0.1541893922537328,0.1557944492778924,0.545807623073254,0.8317745159142843,-5.36603279426518,1
25.0,71.0,True,0.1167531899137047,0.0965486042667518,0.296460414250023,0.3991720912288275,-6.32761482084845,1
25.0,72.0,True,0.1724300973388021,0.1624612264404509,0.6195045575143296,1.5239420809048527,-4.482215373614413,1
25.0,73.0,True,0.0951262432940527,0.1105052408058627,0.3400885387987417,0.8201231595421095,-7.0114266187524645,1
25.0,74.0,True,0.1666954137270198,0.0959506085350468,0.355077530027844,0.6268825729590988,-4.857500084777008,1
25.0,75.0,True,0.1326167301942488,0.0974519885116161,0.3107587299324855,0.2549273566487705,-5.8714154848934585,1
25.0,76.0,True,0.2386516697905687,0.2250664957529071,0.7348154525646519,0.8101582386064304,-2.657504230534708,3
25.0,77.0,True,0.0823687533330598,0.0960427709259802,0.3622949774703532,1.016204382896622,-7.419066164872075,1
25.0,78.0,True,0.0926083106061431,0.0873055184315731,0.4109461304271073,1.6338869542515653,-7.290773334664507,1
25.0,79.0,True,0.0849176916087764,0.0810362883758488,0.2523275863779887,0.7796449285832326,-7.50251710660757,1
25.0,80.0,True,0.2048936417721709,0.1198239111032464,0.4861380769857341,0.5143114226260398,-3.462302228403204,1
25.0,81.0,True,0.1267139050818485,0.0988789001405601,0.3704060955029079,0.9316227435432533,-6.2650526919847325,1
25.0,82.0,True,0.1978987526221081,0.174927863149192,0.5779116628510419,0.6888215985776143,-3.8121107445233817,1
25.0,83.0,True,0.1718409912193821,0.1656220437359037,0.8583005897670657,2.145772492565356,-4.877906433471195,1
25.0,84.0,True,0.2332544319563401,0.1380454579271153,0.7029227842056937,0.8362903560899644,-2.7936286329085225,1
25.0,85.0,True,0.212672269369601,0.1592446416368769,0.5633781250603922,0.689880070728339,-3.24463537008941,1
25.0,86.0,True,0.1669238818959622,0.1161734683287526,0.548198402957871,0.6529821488152614,-5.001999275303562,1
25.0,87.0,True,0.1206782952548821,0.1502111729735082,0.5173348981615933,1.2601293550372057,-6.232933897366798,1
25.0,88.0,True,0.2121578183407877,0.1441774364427318,0.5397249255220412,0.4654680075790716,-3.144821527234696,1
25.0,89.0,True,0.2497690776352117,0.1262702676484199,0.4319063103416519,-0.3479826029183198,-2.0512674855824606,1
25.0,90.0,True,0.4370958386742229,0.2200556565083883,1.0512077901281502,1.062783051841582,3.6276946495034657,2
25.0,91.0,True,0.4933465563566177,0.2469709539036314,0.9047388674003164,-0.2907761239363931,5.592508782295573,2
25.0,92.0,True,0.3635307513296807,0.1476451285721018,0.6341584777360318,-0.226653723005364,1.3232467466123974,3
25.0,93.0,True,0.019164855902695,0.0305475023532148,0.0986244707539201,1.31088697387502,-9.35539055434827,1
25.0,94.0,False,,,,,,0
25.0,95.0,False,,,,,,0
25.0,96.0,False,,,,,,0
25.0,97.0,False,,,,,,0
25.0,98.0,False,,,,,,0
25.0,99.0,False,,,,,,0
25.0,100.0,False,,,,,,0
26.0,1.0,False,,,,,,0
26.0,2.0,False,,,,,,0
26.0,3.0,False,,,,,,0
26.0,4.0,False,,,,,,0
26.0,5.0,False,,,,,,0
26.0,6.0,False,,,,,,0
26.0,7.0,False,,,,,,0
26.0,8.0,False,,,,,,0
26.0,9.0,True,0.2261279371536631,0.162701949610159,0.6116268469876927,0.8428522271994323,-2.7864855640326325,1
26.0,10.0,True,0.3331807603111569,0.2555725570505502,0.9415223536225136,0.8670899239277428,0.0511066543796767,3
26.0,11.0,True,0.3427386939782389,0.1813127682678759,0.7621311543338317,0.7822900006239439,0.5864671220093972,3
26.0,12.0,True,0.4387447360339055,0.2244717888827965,0.8143824465060013,-0.041217197085792,3.7243220406392306,3
26.0,13.0,True,0.2588021365299749,0.1683720880658095,0.5602673863990781,0.1592470529489912,-1.6567948714161846,1
26.0,14.0,True,0.273635467864059,0.1308191809430642,0.5307076230294019,0.1667577259509799,-1.5767554280823628,1
26.0,15.0,True,0.4934473269816085,0.1975266146745918,0.8552784248282873,-0.2702410545430465,5.307208613719799,3
26.0,16.0,True,0.3026950352101193,0.1462489528659346,0.5487703410282969,0.1011146222271745,-0.4315744320397848,1
26.0,17.0,True,0.3470690308226695,0.1966198075960075,0.7478452644503144,0.4417217279015245,0.773489878394922,3
26.0,18.0,True,0.2451383580707337,0.1690692041023616,0.6412081614982459,0.7235161909287031,-2.3754183445140966,1
26.0,19.0,True,0.2607461528243655,0.1933209396881024,0.7657114706459234,1.0946906382764208,-1.5567931634052756,3
26.0,20.0,True,0.3572830385097005,0.167892072640987,0.7395481620253467,0.1842664234547164,0.95314021614013,3
26.0,21.0,True,0.4567356378972779,0.2193197079295786,0.9358587150792296,0.3720758394666598,4.338973924292808,3
26.0,22.0,True,0.3426286526610575,0.2400718760375013,0.8147506321749803,0.5652374216172897,0.6201515881867352,3
26.0,23.0,True,0.4158818151753192,0.2553009360504922,1.4589562336605577,2.012383273029753,2.7010498977787596,2
26.0,24.0,True,0.3952313124349653,0.1965425913859652,0.7457076640947973,0.2582996611576094,2.5062071953223657,3
26.0,25.0,True,0.3250960772929171,0.1070095686591248,0.6195762706411928,0.92206809481399,0.1296996420995037,1
26.0,26.0,True,0.3159472851388527,0.1645847434092899,0.6573406115108924,0.4859006200684198,-0.1151120207023905,3
26.0,27.0,True,0.406529238552508,0.2400729290229787,0.9109955724787786,0.3484470298243278,2.8675582376848836,3
26.0,28.0,True,0.4079781583466624,0.2176351407265588,0.8212191797316661,0.2175509762818089,2.583491411480934,3
26.0,29.0,True,0.222572170328633,0.2050140235911032,0.6650425724664081,0.8630508175311757,-3.065379384487825,3
26.0,30.0,True,0.2375270506787851,0.1249317245478052,0.5104616665877701,0.2428193547057226,-2.5078411601069397,1
26.0,31.0,True,0.1411099596765881,0.0834832569620908,0.3092678697722103,0.3490490265647527,-5.677964746896128,1
26.0,32.0,True,0.2459630995615189,0.1843204784077032,0.7349150170031736,0.9630616358538712,-2.100705674180653,3
26.0,33.0,True,0.1658823770598831,0.0906855441690802,0.3462980522782255,0.4653056849250694,-4.807679927396205,1
26.0,34.0,True,0.0997426477690707,0.0996417490421829,0.3842327084012811,1.4066963028460775,-6.724759983950726,1
26.0,35.0,True,0.1669024033880555,0.1427778333128887,0.4333637163192284,0.3282642729108871,-4.690560161765638,1
26.0,36.0,True,0.1621455498752846,0.1174568700091778,0.5705764441338751,1.1431465629174022,-5.0445197901293675,1
26.0,37.0,True,0.1558323105738244,0.1155165944120891,0.3324066977540361,0.0442253767023092,-5.090217033868225,1
26.0,38.0,True,0.1392013608581194,0.1385320228437959,0.4496561305384183,0.913285860691236,-5.666723046699003,1
26.0,39.0,True,0.1196370711805654,0.0760130313631188,0.2703760813784361,0.4769853314885274,-6.1525644967998465,1
26.0,40.0,True,0.0834895966903176,0.0680987152881068,0.3370903865451485,1.372441046078246,-7.44589058930383,1
26.0,41.0,True,0.1763494574452864,0.1390507994084149,0.5416100376851709,0.932898032393383,-4.431990673172253,1
26.0,42.0,True,0.1325568152621088,0.1399377136009221,0.4683998632562199,0.9005849803260555,-5.810207572850833,1
26.0,43.0,True,0.2086730260444614,0.147404255252504,0.4924817377943893,0.3379854330080928,-3.677622724329911,1
26.0,44.0,True,0.0953398434768784,0.0573423385591842,0.2360553904455188,0.2630870635121258,-7.112581280542593,1
26.0,45.0,True,0.12483744203854,0.0859495345350988,0.3659948781114044,1.278544333780662,-6.094993038268931,1
26.0,46.0,True,0.1246233723175754,0.1173735177888016,0.4076707047002251,0.9758175217070308,-6.051669427456473,1
26.0,47.0,True,0.2619006902100504,0.2329402807150705,0.981389148654302,1.0820750349063293,-2.5928397194678543,3
26.0,48.0,True,0.3021776660313117,0.147339691385898,0.6225941598100665,-0.0330678957254664,-0.476648317868821,3
26.0,49.0,True,0.2771806092837106,0.2095766695241604,0.6680575270837178,0.3336087790632516,-1.5433716497955574,3
26.0,50.0,True,0.1886722468997255,0.1084089871159706,0.3991790227429861,0.1294579548724754,-3.991766759697163,1
26.0,51.0,True,0.2914649187832406,0.1370070671173539,0.5553738713160704,0.516835090855887,-0.7188585042374014,1
26.0,52.0,True,0.1007671935337663,0.0682924962399151,0.2370043510037822,0.3418302088785222,-6.791788354854085,1
26.0,53.0,True,0.1904209354343381,0.1194519636272276,0.4403822649167853,0.3979504837300622,-4.089595103840747,1
26.0,54.0,True,0.2356820373508232,0.1888371160273759,0.6853020074992567,0.7274245871715049,-2.56425218163845,3
26.0,55.0,True,0.1226745685796047,0.0760473020528649,0.2890077311984711,0.0543052242297437,-6.023110698068771,1
26.0,56.0,True,0.1621114265303399,0.0938514249329364,0.3707118498229985,0.2405943360522434,-5.13110757163985,1
26.0,57.0,True,0.1356085215776449,0.1134385037450325,0.361960017644683,0.4185757118949179,-5.630100681154986,1
26.0,58.0,True,0.2471591719296658,0.2049822556733615,0.6603109390804478,0.3408932380482238,-2.3453528040108047,3
26.0,59.0,True,0.1320718268450113,0.1091545563928285,0.4522488465994287,1.315026236013873,-5.931007198787854,1
26.0,60.0,True,0.0883677687495301,0.0914183303088517,0.3683187941800966,1.0617323442452793,-7.354270383164498,1
26.0,61.0,True,0.0532840011502185,0.0670789521356833,0.2151890074148414,0.9762014548925076,-8.1927525518885,1
26.0,62.0,True,0.1424229395057189,0.1092634706007224,0.3793538768731582,0.4091287882577039,-5.396359622198221,1
26.0,63.0,True,0.068676328836003,0.0914218839042729,0.3446432448838196,1.8821555822498044,-7.75222581539791,1
26.0,64.0,True,0.08174004305929,0.0752745182562058,0.2703466827004503,0.8421137239150216,-7.361633505817304,1
26.0,65.0,True,0.1555454765409079,0.1397799403245413,0.4526285912922644,0.4450318713451817,-4.911080422112346,1
26.0,66.0,True,0.1999429853248725,0.1032842853637613,0.4380390098249496,0.4015370900466881,-3.682919840425292,1
26.0,67.0,True,0.1087453526467915,0.0760734792253742,0.2717892141780037,0.4309938490606482,-6.3866464954653805,1
26.0,68.0,True,0.1474270339622465,0.1688037252667115,0.5814684424934214,1.0699113031054204,-5.511096194078626,1
26.0,69.0,True,0.1071665497611634,0.0619424478188751,0.2443398571501262,0.3320848944578143,-6.578865205936391,1
26.0,70.0,True,0.1880763578987283,0.1074225202249858,0.3663587130140373,0.1350821340219472,-4.217876157488975,1
26.0,71.0,True,0.1154620121185586,0.0733102482590566,0.2460322212612586,-0.0698714550053343,-6.252789030112629,1
26.0,72.0,True,0.2248350762698331,0.133843377073913,0.5312365377272653,0.4106376222408553,-3.0452755717930735,1
26.0,73.0,True,0.0810351928177074,0.0464118238789292,0.1903295858443557,0.3871604726184973,-7.341392051954308,1
26.0,74.0,True,0.1656341032483491,0.1130606265618038,0.4193064843244409,0.4147458715031628,-4.6952738600578074,1
26.0,75.0,True,0.1877099750815793,0.0915864001460085,0.3676396258845093,0.245074062608422,-4.137407330205204,1
26.0,76.0,True,0.1574297416547288,0.0869430278034016,0.3302196111364457,-7.93141448391404e-05,-5.1944588035486765,1
26.0,77.0,True,0.1386461000580509,0.1241195987928991,0.4754509093639511,1.23794363077074,-5.54858008239452,1
26.0,78.0,True,0.1263705391843059,0.0805625188578263,0.292721219945311,0.0681915066717219,-6.011904435664432,1
26.0,79.0,True,0.143342414912589,0.1320653441733645,0.4872714303487815,0.771325803661493,-5.827495861708847,1
26.0,80.0,True,0.1363214308605023,0.1522817644781921,0.5447865334776512,1.360289316502251,-5.601455828348826,1
26.0,81.0,True,0.1740175980503492,0.1193218020263073,0.4119498447562361,0.3506801732472794,-4.34855093707441,1
26.0,82.0,True,0.087537169889517,0.0900957801536881,0.3364444328995177,1.2037565574644256,-7.393148336465763,1
26.0,83.0,True,0.1847499134837605,0.1170993861180649,0.3702762745002572,-0.1594618213206578,-4.274168862509634,1
26.0,84.0,True,0.1632457880744975,0.1774154633846935,0.6378303996532578,1.277084022209292,-4.761908760480995,1
26.0,85.0,True,0.2107114731765828,0.1023653759552114,0.3812393503731709,-0.308157179034447,-3.32381586364835,1
26.0,86.0,True,0.1521942437940262,0.1270642933336874,0.4605745176641734,0.7425375766513881,-5.125538757578684,1
26.0,87.0,True,0.2357864188513094,0.167866812845874,0.5320467305162766,0.4578148207549016,-2.6615470106863484,1
26.0,88.0,True,0.151204322141595,0.1201825601401748,0.3796329977682048,0.5268174074768592,-5.395844550982393,1
26.0,89.0,True,0.3741271633509373,0.1437731581168658,0.6345475308886429,-0.0447439966431508,1.7491486913046552,3
26.0,90.0,True,0.3274060145641629,0.214456199151497,0.7775599821975632,0.460095563246378,-0.0571805263706905,3
26.0,91.0,True,0.5332862575901522,0.2544687226625817,1.17217024219645,-0.02301917815239,6.18482039461374,2
26.0,92.0,True,0.4452260246275237,0.2389645781009136,0.8869001357668885,-0.2848065279813361,3.6859420763213233,3
26.0,93.0,True,0.3053971828531886,0.1860461930232065,0.6996636788648025,0.4992691010106944,-0.5192426051041948,3
26.0,94.0,False,,,,,,0
26.0,95.0,False,,,,,,0
26.0,96.0,False,,,,,,0
26.0,97.0,False,,,,,,0
26.0,98.0,False,,,,,,0
26.0,99.0,False,,,,,,0
26.0,100.0,False,,,,,,0
27.0,1.0,False,,,,,,0
27.0,2.0,False,,,,,,0
27.0,3.0,False,,,,,,0
27.0,4.0,False,,,,,,0
27.0,5.0,False,,,,,,0
27.0,6.0,False,,,,,,0
27.0,7.0,False,,,,,,0
27.0,8.0,True,0.0827716132328002,0.0664248959227154,0.269584079180933,0.9583053900993768,-7.390694239890488,1
27.0,9.0,True,0.2444615447637487,0.1616007394270101,0.6182021060956951,0.6287573331957543,-2.4490966139028307,1
27.0,10.0,True,0.296518823878543,0.1483864982217254,0.5509236774208627,-0.0981057932549096,-0.4662792773021594,1
27.0,11.0,True,0.2669659967097149,0.166083985322691,0.5698343829262673,0.0640606982036059,-1.7016803523937591,1
27.0,12.0,True,0.2040994945902995,0.143329870887541,0.5806626410896799,1.2899373785337047,-3.6196846910463423,1
27.0,13.0,True,0.2993090515741079,0.1949957077547815,0.7008644630085259,0.4102616342903754,-0.273579737952434,3
27.0,14.0,True,0.2894851059912148,0.165776305697446,0.6016151243931684,0.2405074389144599,-1.080718661885859,3
27.0,15.0,True,0.2717248288161688,0.1582564774294799,0.6268042671661196,0.7189322084647322,-1.4216664314503211,1
27.0,16.0,True,0.2582616480202042,0.269361249520694,0.9497722717394286,1.1545045109432237,-1.824967703895432,3
27.0,17.0,True,0.358658819272553,0.127567434628273,0.6315399547536616,0.5891775588385061,1.102608591377222,3
27.0,18.0,True,0.2310358586304715,0.1669608785592144,0.5078255843397746,0.1117829982523964,-2.5275959238219,1
27.0,19.0,True,0.318726525740024,0.1286435667049716,0.5271406552560444,-0.3205019153496068,-0.0096990457569346,1
27.0,20.0,True,0.3532658460644258,0.1582496871518597,0.6915544411060027,0.4348318944204181,1.1302412332941387,3
27.0,21.0,True,0.3142641908043337,0.1844328114550265,0.6859814268258874,0.3137222086634907,-0.1438571001608221,3
27.0,22.0,True,0.3412349619267131,0.1652109004608345,0.6938043794333636,0.0984929719617394,0.8337178771985746,3
27.0,23.0,True,0.3523150486691168,0.2241680905576533,0.8393176134250867,0.7246409739535761,0.5879891199732965,3
27.0,24.0,True,0.3649481878585095,0.1815916962815175,0.6925986739063695,0.0340993592701334,1.3374178598025306,3
27.0,25.0,True,0.3446044603633757,0.1898742016598719,0.6629051228540241,-0.0185019724699163,0.9353845697270764,3
27.0,26.0,True,0.2876925850784266,0.1974993527248794,0.7146694151820523,0.7375801431491054,-0.9016610072316096,3
27.0,27.0,True,0.47848622015335,0.208205695193701,0.9807298716269898,0.3333937055613811,5.012219590610974,2
27.0,28.0,True,0.2999481986039952,0.1621038611548452,0.5789213902365299,-0.1585555028762924,-0.5974180841767139,3
27.0,29.0,True,0.2613398135708445,0.1735467016977049,0.6982430156266788,1.0513841062209586,-1.8540325578472872,3
27.0,30.0,True,0.2444385106225641,0.099024066349151,0.4745213445543599,0.321237831334609,-2.4328305417552816,1
27.0,31.0,True,0.2435871069266813,0.1166921224358934,0.4970171479486392,0.385587732579219,-2.443236469729126,1
27.0,32.0,True,0.1305216976974999,0.101956054582307,0.3255856835824104,0.5542298668296775,-5.852751002283337,1
27.0,33.0,True,0.2141570590922166,0.1372310363449231,0.4983911827097063,0.5627027461395089,-3.3183535647087075,1
27.0,34.0,True,0.1596997504771323,0.1230445267643742,0.4974429618200855,1.2306303447955245,-4.8521393330615235,1
27.0,35.0,True,0.2643735865384556,0.2258269579149331,0.7686157465213284,0.7130650493104526,-1.632857556486449,3
27.0,36.0,True,0.2062587347313896,0.1199199636466136,0.4164546804020972,-0.1066925033097171,-3.335165300726469,1
27.0,37.0,True,0.1046084892417872,0.0675598712572424,0.2304999901743806,0.1171288662505395,-6.681672931189395,1
27.0,38.0,True,0.2793400427000198,0.1849752183945721,0.733492080069174,1.065531131659617,-1.3619331742076586,3
27.0,39.0,True,0.1860433921635111,0.1805492647940634,0.6606012852196425,1.1937390457238315,-3.910160936508756,1
27.0,40.0,True,0.2242603274460554,0.1518725189549545,0.5388319301404345,0.7205786792602298,-2.9997546277897835,1
27.0,41.0,True,0.2435649802351752,0.1745525004528424,0.5782644132153814,0.5815989186949533,-2.3012649395654936,1
27.0,42.0,True,0.1643227560266951,0.1454040610919696,0.5022342697479594,0.9103727675091184,-4.543081986088378,1
27.0,43.0,True,0.0888204536371116,0.0784565629976366,0.3720646061849944,1.135258694281204,-7.220514374369996,1
27.0,44.0,True,0.1704001570518113,0.100471001960171,0.3819398842782532,0.032994586684836,-4.507606425622329,1
27.0,45.0,True,0.2052474564004065,0.1303980007920772,0.5828439618004287,0.5710661354784893,-3.8297352837101255,1
27.0,46.0,True,0.213992772488501,0.1066119929516424,0.4257729835994959,0.2753568025040792,-3.24505606660437,1
27.0,47.0,True,0.2708099254726179,0.1429668799945008,0.4953665981370665,-0.0954145832457022,-1.3635858620163626,1
27.0,48.0,True,0.2953054539723924,0.1335233756415313,0.5330105155948232,0.3418934941914181,-0.8494678811400803,1
27.0,49.0,True,0.3161009601402032,0.2235020075676786,0.7339545811083019,0.1774500010994051,-0.3750881742773411,3
27.0,50.0,True,0.3056500188746216,0.2702279656634676,0.8494632542663668,0.5564315566646847,-0.1959013337418798,3
27.0,51.0,True,0.2997997934276979,0.1127725660671302,0.4561715493564073,-1.0503406069265584,-0.8190916588925685,1
27.0,52.0,True,0.2336213534223211,0.1326487726799582,0.4711441393420838,0.3921046986743358,-2.674787007858236,1
27.0,53.0,True,0.185258519278558,0.1600857853385018,0.4749930285370942,0.3161262739204935,-4.1981833734103935,1
27.0,54.0,True,0.1844473587051035,0.1187642411384479,0.3997763792506695,0.3459339597466749,-4.139946791695805,1
27.0,55.0,True,0.1664628737854865,0.1139516102707402,0.4821738188760296,0.6872379888659256,-4.975709439310721,1
27.0,56.0,True,0.0923306839672675,0.065760688102971,0.3437901276618719,1.4720931485918274,-7.212812427622343,1
27.0,57.0,True,0.0993343401794629,0.0647365438415752,0.2231492195532145,0.1619412051795885,-6.840804308557925,1
27.0,58.0,True,0.1876919092553215,0.1259836361677351,0.5318835086359605,1.1464021500256167,-4.214997983186324,1
27.0,59.0,True,0.2265491493369724,0.1923219775317043,0.5640329089393105,0.4950968918099317,-2.7759664632633756,1
27.0,60.0,True,0.1503629821156006,0.1363916960064734,0.4156724813599365,0.3627000089857241,-5.305764708122931,1
27.0,61.0,True,0.2071936110907529,0.1542347479329709,0.4657300387484731,0.0825779728818327,-3.6521135362006585,1
27.0,62.0,True,0.2226179249952846,0.1642838227445091,0.6544761610478976,1.0947600698310571,-3.095105495307215,1
27.0,63.0,True,0.1191416423282111,0.1056721930271443,0.494702425254017,1.47120250269152,-6.524652083614823,1
27.0,64.0,True,0.1194047128392133,0.081395001697373,0.3448128220740332,0.9792295638745389,-6.20561442441066,1
27.0,65.0,True,0.1273324712877908,0.1018012014319063,0.3258602270662289,0.253563387641867,-5.885379818284259,1
27.0,66.0,True,0.1908376935164901,0.1309318708631267,0.3878992916241069,-0.1618339946840375,-3.8698620238576047,1
27.0,67.0,True,0.1926335694635265,0.1326224635670459,0.3957599035677161,0.1144204485980756,-3.8530867505781785,1
27.0,68.0,True,0.1187821273950529,0.100704075151055,0.3714243741998783,0.7455622781752572,-6.284812771097767,1
27.0,69.0,True,0.1175105596958589,0.1310186424099118,0.4697406374058558,1.4779257298163586,-6.1658911810814665,1
27.0,70.0,True,0.1269558449583043,0.1307088218042788,0.4735521397755027,1.222758529710137,-5.90822712283223,1
27.0,71.0,True,0.1774629896232068,0.1248604478671573,0.4676614721483867,0.9067528247501406,-4.487955995201184,1
27.0,72.0,True,0.139374661182186,0.1249592103895831,0.4483086347154926,0.8443754752406128,-5.45106158053348,1
27.0,73.0,True,0.1258274528355334,0.108859840397137,0.4003729395767734,0.6743884937591854,-6.346668218010166,1
27.0,74.0,True,0.1236452264997356,0.1358913009427781,0.5133617405186772,1.5536956821537573,-5.97597882315938,1
27.0,75.0,True,0.1293001553823715,0.1044689455235417,0.3884193307273005,0.8622401726283401,-5.953459962758742,1
27.0,76.0,True,0.1593672212402146,0.1236895449532318,0.4014925069705085,0.3201737068916077,-5.109103418315975,1
27.0,77.0,True,0.1936343954279657,0.173372158576012,0.6201615464584394,0.9976181526162878,-3.9522833001888618,1
27.0,78.0,True,0.0626141580157877,0.0710670705979188,0.2546348672144286,1.4099046189366338,-7.894529130152022,1
27.0,79.0,True,0.1380006425277496,0.1055317816716591,0.3651563774534703,0.5359552031919346,-5.647781203147325,1
27.0,80.0,True,0.1331270851751512,0.0979412360737889,0.3088417458227574,0.003992690677473,-5.857345933070207,1
27.0,81.0,True,0.1298821455358619,0.1135286590169698,0.3934035359338144,0.69311607804827,-5.8799805187658345,1
27.0,82.0,True,0.1459179037640824,0.1091429757937616,0.5078863934953955,0.8219075889324944,-5.545983926753511,1
27.0,83.0,True,0.2059338079995391,0.1835373394726563,0.6159815899599458,0.8955180926064534,-3.3167389067299906,1
27.0,84.0,True,0.107220090707648,0.0741483958390035,0.2680596321188402,0.4889875835165012,-6.551021040830153,1
27.0,85.0,True,0.0688651092448731,0.100248074703467,0.347871123309441,1.5145781175370825,-7.738349487689555,1
27.0,86.0,True,0.2351474103787748,0.2201965245994213,0.6521677904939686,0.4079011536998551,-2.844363162311593,3
27.0,87.0,True,0.2557811150665003,0.164891447245337,0.6723181426028808,0.3872689127914898,-2.3112582307872804,1
27.0,88.0,True,0.1539419182259908,0.134175482568547,0.4589380391755235,0.7327906455786505,-5.493267050366948,1
27.0,89.0,True,0.2179081300793231,0.1539641714308122,0.6397889414345665,1.159924456478258,-3.0493657983855647,1
27.0,90.0,True,0.3601643670179228,0.164188427272675,0.6145467069880384,-0.6667793441043688,1.3917162654168016,3
27.0,91.0,True,0.4183567708091437,0.1439870123632466,0.7330271100751033,0.5577861604992053,3.126499432145586,3
27.0,92.0,True,0.5182348746672633,0.2361525410218159,1.0297108592251367,0.2771875031369812,5.77867089669237,2
27.0,93.0,True,0.567809524814525,0.2338600953778651,1.284054352995123,0.4321312733451452,7.174162794903567,2
27.0,94.0,True,0.0971351596811293,0.1051975343833603,0.3955181552483484,1.2329836905475202,-7.043976470733484,1
27.0,95.0,False,,,,,,0
27.0,96.0,False,,,,,,0
27.0,97.0,False,,,,,,0
27.0,98.0,False,,,,,,0
27.0,99.0,False,,,,,,0
27.0,100.0,False,,,,,,0
28.0,1.0,False,,,,,,0
28.0,2.0,False,,,,,,0
28.0,3.0,False,,,,,,0
28.0,4.0,False,,,,,,0
28.0,5.0,False,,,,,,0
28.0,6.0,False,,,,,,0
28.0,7.0,True,0.010108358019079,0.0234921926652564,0.0732908277076916,2.0282837556283315,-9.633226802497331,1
28.0,8.0,True,0.32185441551364,0.2378180155622352,0.9590349187739492,0.6625893452171578,-0.1688022963349672,3
28.0,9.0,True,0.2517920189553561,0.1398764239704073,0.6423078062884614,0.348232153222505,-2.1739643813531995,1
28.0,10.0,True,0.3712037398828897,0.2431741779134656,1.0277875621911785,1.3235654001206922,1.7094304159437224,3
28.0,11.0,True,0.2996978650738864,0.2178273857906152,0.689012259673184,0.4169169786861177,-0.1955427407223166,3
28.0,12.0,True,0.1921045642819583,0.1407751936690316,0.4133810905061666,0.2054914037663377,-4.036767035024065,1
28.0,13.0,True,0.2265221114105799,0.1422561083099483,0.5409583602957201,0.5039920090105685,-2.8095076742486156,1
28.0,14.0,True,0.3206940390047104,0.2559303419734828,1.0596488608761532,0.8310868704626767,-0.8037241244577876,3
28.0,15.0,True,0.3440065139917092,0.1879703881498078,0.6301679473343503,-0.3651241704764436,0.6324476874844842,3
28.0,16.0,True,0.3147544014854424,0.1749428301360118,0.6595684502989463,-0.0312357437779481,-0.3676014242144608,3
28.0,17.0,True,0.3330845555335457,0.1452141754086426,0.6775900439779421,0.5418782222163694,0.245352944255767,3
28.0,18.0,True,0.3776267233447454,0.2451434411171594,1.0353205352367307,0.6551594840976815,1.041210390360425,3
28.0,19.0,True,0.3971966275430542,0.2315255004802419,0.99945289433073,0.5676418109272556,2.2532500597999157,3
28.0,20.0,True,0.295638386675812,0.1475694791329423,0.6958060463245631,0.5700884308238447,-0.9576771764135696,3
28.0,21.0,True,0.3792241629810535,0.2394040711466902,0.95641614598833,0.2084276628803686,1.502166779235974,3
28.0,22.0,True,0.2291311103421351,0.1547929582577038,0.5218724533322817,0.3943172637338263,-2.826658042823364,1
28.0,23.0,True,0.2292251211388818,0.1584579870578827,0.6509956996994398,1.2059505234910877,-2.808999271829564,1
28.0,24.0,True,0.3746596208568721,0.1615672829466321,0.7923184257225092,0.6031830021848016,1.5893069807167888,3
28.0,25.0,True,0.1317192261423388,0.0721424967545229,0.2680664707390073,0.0091596138553448,-5.749880374631503,1
28.0,26.0,True,0.3158899843130773,0.1774513734009417,0.580088945780532,-0.2697488062464988,-0.313537047876892,3
28.0,27.0,True,0.3966811706631272,0.2319349413633483,1.1706746878258982,0.914308120727104,1.926324611444693,3
28.0,28.0,True,0.3185961316082053,0.1441478176330881,0.6047483629900194,-0.0878652300645412,-0.1691919075835748,3
28.0,29.0,True,0.2061248482323573,0.1243632692793839,0.4282611643096898,0.1097220685670628,-3.3572318438614217,1
28.0,30.0,True,0.2342847392908374,0.1213634074898142,0.4707465176949073,-0.2801694802075092,-2.7225334244620676,1
28.0,31.0,True,0.2477385001922205,0.2063332700731915,0.7441114311980686,0.8872713770198186,-1.9424709548381556,3
28.0,32.0,True,0.1693709425406329,0.1484245636916145,0.4616814999516999,0.4934574990389628,-4.519507639932824,1
28.0,33.0,True,0.2445613526374533,0.2349977910925276,0.8494558543044397,1.284189650797342,-2.3115998317849833,3
28.0,34.0,True,0.1552199106016903,0.1109928526994812,0.3628804582286871,0.1065893183079133,-5.292387465813997,1
28.0,35.0,True,0.1761251937767791,0.1150958739183133,0.4092968518048607,0.215213027489851,-4.2863872360054005,1
28.0,36.0,True,0.2462132596146485,0.1613503479159934,0.6127266918784998,0.5493158618733762,-2.228605542113398,1
28.0,37.0,True,0.1756277578097907,0.1066737989722163,0.4125551139962579,0.1390463554296407,-4.470498362969443,1
28.0,38.0,True,0.1471476774065165,0.1162204067646149,0.370465344816358,0.4741176250613814,-5.24940868362336,1
28.0,39.0,True,0.179248989416367,0.1524992582506425,0.4461367289608094,0.1185252944034113,-4.172428301005713,1
28.0,40.0,True,0.1896684596315128,0.1109650630032199,0.4650781400466827,0.4580598498779672,-3.968656981320194,1
28.0,41.0,True,0.2074404341741184,0.1342265288810778,0.4910122136446644,0.3030394921711168,-3.3778536081276647,1
28.0,42.0,True,0.2932365991309151,0.1483585557512097,0.5499387328875158,-0.1877250141256669,-0.8741997671022641,1
28.0,43.0,True,0.1706373464919905,0.1554121216470306,0.5118920322382244,0.7154444177850683,-4.731930205083581,1
28.0,44.0,True,0.2058523041804134,0.1829901725625007,0.6148224238035821,0.9409950340013202,-3.5628775058077835,1
28.0,45.0,True,0.2485537732376084,0.0983875933327311,0.4265353556599541,0.0606444401408075,-2.272920552871073,1
28.0,46.0,True,0.2602966091045165,0.1002604422684911,0.4815626713327962,-0.0626463084997746,-1.7019983923845352,1
28.0,47.0,True,0.3505025554214988,0.1233236461852481,0.6122201711614141,-0.2637885991682571,0.9999767336413682,3
28.0,48.0,True,0.2623922749136323,0.1500507443419124,0.6043361890343147,0.5565805565028976,-1.85555094588358,1
28.0,49.0,True,0.2773865521426059,0.1800386358188773,0.7276115475087139,0.5515628108700251,-1.5666210483628076,3
28.0,50.0,True,0.2359823597285343,0.1685243333916441,0.685010803273457,0.984093734147313,-2.2918662412105895,1
28.0,51.0,True,0.2914188180520591,0.1224622277827168,0.5468544965203412,0.2222976117341401,-0.8253113294021474,1
28.0,52.0,True,0.3551474619619773,0.1811605634862694,0.6939860105248902,0.0322556658512184,1.1580168530847317,3
28.0,53.0,True,0.2886035706641656,0.093670870136199,0.4628641745325295,-0.687385187487939,-0.8741909362375322,1
28.0,54.0,True,0.2302021783511738,0.1878663814682706,0.6202612243800031,0.4441792928597962,-2.9766378536722966,1
28.0,55.0,True,0.1982546278960603,0.2301105120069897,0.7081750987022216,0.9135972402339378,-3.683800767947865,3
28.0,56.0,True,0.1941649125585935,0.1613316322249403,0.6640141272674341,1.3178611241959846,-4.199842135262414,1
28.0,57.0,True,0.2384145030168824,0.1470134102732881,0.608353689012494,0.7707958278175424,-2.6309663856650647,1
28.0,58.0,True,0.2177693977852977,0.1776793541253306,0.7038871251002711,1.084645300794155,-3.122098511862097,1
28.0,59.0,True,0.0959829572334053,0.0738713336923062,0.2900792942543314,1.0555084600119675,-6.943087458571443,1
28.0,60.0,True,0.1237367854495996,0.0958694378399832,0.3620612778634916,1.2106465620835452,-6.232807689534156,1
28.0,61.0,True,0.1875539452429136,0.1933590887620578,0.6895269981315355,1.1313805448564302,-4.048522557609433,1
28.0,62.0,True,0.1983285764586595,0.1398480100805644,0.5148696786856235,0.536804208563607,-3.8344290775240104,1
28.0,63.0,True,0.1028708233164338,0.107551353425384,0.3945788830133314,1.242169690711162,-6.755269889844626,1
28.0,64.0,True,0.1232123491123372,0.1082517905546702,0.4035337728776848,1.077601570918448,-6.0350963128272275,1
28.0,65.0,True,0.2090960453176926,0.130430923237299,0.525995618977565,0.8378937193157364,-3.4712353204544772,1
28.0,66.0,True,0.1296597716250066,0.1169039832940472,0.4306367389728421,1.016039128985069,-5.84667352646289,1
28.0,67.0,True,0.1185324479837541,0.0658268871445268,0.2751473942888704,0.3419703564334757,-6.225965038289101,1
28.0,68.0,True,0.1688231023504802,0.1306469313221175,0.5306896581498655,1.2907824782558064,-4.870132552596185,1
28.0,69.0,True,0.1808393772236811,0.1102734115483271,0.4536340484805313,0.8221065121807236,-4.308517520496739,1
28.0,70.0,True,0.1355829277113917,0.1168711332241084,0.3427719831930296,0.2917418745555843,-5.8392419678522005,1
28.0,71.0,True,0.0841309242058526,0.1009734119465548,0.4314361305271488,1.5690382239964216,-7.693848854663261,1
28.0,72.0,True,0.1449964589946818,0.0918754348431372,0.3447616451967252,0.1591232898187023,-5.463420073813054,1
28.0,73.0,True,0.1263820405464659,0.1064094597821389,0.3591029067197377,0.6686745437663542,-5.945587804199381,1
28.0,74.0,True,0.1301696717364039,0.0955923598320811,0.3424484564934749,0.2726621227653025,-5.723017797548336,1
28.0,75.0,True,0.1095859375854161,0.1171155720443569,0.3934710287892769,1.0191377072805483,-6.544692175606861,1
28.0,76.0,True,0.1520899725017963,0.1430793367142222,0.5283009388436746,0.8623520503857484,-5.489159658025021,1
28.0,77.0,True,0.2070068788760599,0.1357287212021299,0.4935555298537249,0.0338582165929925,-3.509026188592988,1
28.0,78.0,True,0.1244353310870522,0.0954930852127819,0.3224888465106759,0.501022573437787,-5.933801523245983,1
28.0,79.0,True,0.210887927296594,0.123153577140285,0.3974020558663696,-0.1306470033288159,-3.4230708032316417,1
28.0,80.0,True,0.1178150737831802,0.1174873642284269,0.6098086376219221,2.091361400136211,-6.528214886843295,1
28.0,81.0,True,0.1500123768586497,0.1253153159743748,0.4761603336173797,1.067060582073163,-5.340055148514522,1
28.0,82.0,True,0.1703770279264181,0.1131356175530366,0.3850457876152898,0.3498357680131268,-4.625915159652806,1
28.0,83.0,True,0.1779149636146414,0.1127208125230737,0.3804085815082393,-0.0155771321764984,-4.232897339717026,1
28.0,84.0,True,0.176142059489851,0.1135731449873466,0.4324252017936425,0.59542543259451,-4.5361104673796,1
28.0,85.0,True,0.1257685771806362,0.0796908269327259,0.2646418267502459,-0.0102290874113024,-6.054597596389427,1
28.0,86.0,True,0.2360359779036314,0.2468152683367233,1.384153404582906,3.2734274157621295,-3.122388173913626,3
28.0,87.0,True,0.1980255074338168,0.1176092704428576,0.5230359044328354,0.8797729738513496,-3.748677009761719,1
28.0,88.0,True,0.1758900802717425,0.1293850599952199,0.5017008681330473,0.4151062693989202,-4.642261656334626,1
28.0,89.0,True,0.366527717803675,0.1885510585467532,0.6331610892765243,-0.2600195178031639,1.3834561098532263,3
28.0,90.0,True,0.2120256840237969,0.1587686466438778,0.6233229615123528,1.02036417192048,-3.4114102189845847,1
28.0,91.0,True,0.3232167254736597,0.1808337011514047,0.6683204757332587,0.4484158822803843,0.2496187943214026,3
28.0,92.0,True,0.391354836731539,0.271636106768691,0.9223855793546152,0.3926915438539888,1.8839273158013092,3
28.0,93.0,True,0.4469133455861958,0.253455041387831,0.8987033334272935,-0.0272333010442312,3.9446364708809583,2
28.0,94.0,True,0.3663317482596104,0.1504741680522137,0.6941931992298791,0.2565107388923407,1.35212834999116,3
28.0,95.0,False,,,,,,0
28.0,96.0,False,,,,,,0
28.0,97.0,False,,,,,,0
28.0,98.0,False,,,,,,0
28.0,99.0,False,,,,,,0
28.0,100.0,False,,,,,,0
29.0,1.0,False,,,,,,0
29.0,2.0,False,,,,,,0
29.0,3.0,False,,,,,,0
29.0,4.0,False,,,,,,0
29.0,5.0,False,,,,,,0
29.0,6.0,False,,,,,,0
29.0,7.0,True,0.177000689747048,0.0918666822322819,0.3666663881966217,-0.1352415505570008,-4.34537756576675,1
29.0,8.0,True,0.3330878418638992,0.1384745005591681,0.6316320678034236,0.4223684045956025,0.3447831939075545,3
29.0,9.0,True,0.3902008502913277,0.2383383925369844,0.8154732801700056,0.2283643991735942,2.2851357521450266,3
29.0,10.0,True,0.3163406117316902,0.1311130409597846,0.5476122146292888,-0.3528013045797215,-0.1501819081791844,1
29.0,11.0,True,0.3063764444049788,0.0931284418949623,0.4609804609786346,-0.4622725230976228,-0.3800986622586869,1
29.0,12.0,True,0.3184390270385352,0.1583224929411664,0.6881438547981845,0.3610725846943377,0.0407330639748286,3
29.0,13.0,True,0.2578126032053185,0.1857918395866732,0.7415317093751942,1.1597326458088175,-1.9834655637820209,3
29.0,14.0,True,0.281275273257993,0.2813706789342634,1.333372182853656,2.0697561211031603,-2.1206398947332374,3
29.0,15.0,True,0.2232311544654324,0.1599803240059483,0.5139153946053647,0.2047874972562024,-3.0859718007476404,1
29.0,16.0,True,0.2222562897758344,0.1584065103660251,0.7326303186151285,1.0621893293388018,-3.4563600701414914,1
29.0,17.0,True,0.3031705649029034,0.3382881540546568,1.1669685599351984,1.4519101582462692,-0.2446093729390642,2
29.0,18.0,True,0.3890026334275583,0.2745034607777885,0.99941035186367,0.6528214010179175,1.609239773147563,3
29.0,19.0,True,0.3596539010429128,0.2485206158456105,1.0115392711253806,0.5128259659561316,0.6172244810170533,3
29.0,20.0,True,0.3431367087179316,0.2460209133373935,1.3021652050169956,1.526760678539013,0.1119215073396023,3
29.0,21.0,True,0.2735912175035598,0.1779291588960168,0.7145928634657324,0.9630180135556344,-1.571587517176091,3
29.0,22.0,True,0.270726233240682,0.2015563119297363,0.7098843472141859,0.5335668445027715,-1.7379031661355553,3
29.0,23.0,True,0.1937826309055386,0.1842920712203206,0.6909171619861962,1.1757178199349885,-4.295689134100881,1
29.0,24.0,True,0.2326761671488231,0.1318283288589524,0.4836101339923385,0.1073945590900435,-2.669013523385899,1
29.0,25.0,True,0.3197096597758035,0.1760053547411573,0.6154209985048934,-0.2641058153845317,-0.0232083196196589,3
29.0,26.0,True,0.1692246711012444,0.1134765386111833,0.3361889073204784,-0.1082483441154793,-4.599635339807251,1
29.0,27.0,True,0.3184650363651848,0.2114309546272754,0.7180634322959761,0.3660308478832264,0.0133277632668352,3
29.0,28.0,True,0.1990859369223835,0.1788452562013314,0.5890144694592508,0.5456487428977395,-3.603816487760153,1
29.0,29.0,True,0.2840148792389328,0.2063471799840002,0.7373872667823144,0.6179713355908575,-0.971130578697906,3
29.0,30.0,True,0.3352190915454375,0.1709886798677482,0.7334984089186327,0.6445608195503781,0.2687126809247642,3
29.0,31.0,True,0.1860012411346355,0.1064956555107639,0.4126792413243557,-0.0148079190205634,-4.184994639826225,1
29.0,32.0,True,0.2279903673350325,0.124362498351718,0.4484629132171933,-0.229333353713934,-2.85098523773033,1
29.0,33.0,True,0.1729437535910397,0.1544500726043266,0.538786453018611,0.9282781033238648,-4.4942447052517975,1
29.0,34.0,True,0.2242239620522754,0.1297224133726419,0.4826798970477952,0.1337276267952603,-2.807062211975931,1
29.0,35.0,True,0.1656398801317678,0.1173392317808186,0.4285196819230312,0.3888681053322786,-4.614117823415838,1
29.0,36.0,True,0.1727519780022159,0.1452232020490819,0.5531703747416743,0.9813706048018936,-4.446774759071849,1
29.0,37.0,True,0.2382024092860863,0.154169951126645,0.5436418839562609,0.2154399728131599,-2.8113196038531716,1
29.0,38.0,True,0.1870884055599457,0.1629156211203361,0.4879537085883818,0.1893489945741926,-4.396918388421293,1
29.0,39.0,True,0.1564703544225631,0.1365076688068267,0.4064594796475966,0.0904120189799915,-5.403509298558718,1
29.0,40.0,True,0.183564080753859,0.1054963676393831,0.3767030740263848,-0.166385721054958,-4.2272948194239754,1
29.0,41.0,True,0.3276280328914294,0.1265036240758605,0.5414958872859527,-0.2707161824116899,0.352333931327999,1
29.0,42.0,True,0.1703170495259278,0.1022229348820569,0.500382261186956,0.7040211323640041,-4.825901083178247,1
29.0,43.0,True,0.4941971180275663,0.2620180155927127,1.5,1.7669986250384384,4.701737659220007,2
29.0,44.0,True,0.2732197972781843,0.1397158735738741,0.641033582312808,0.6783848286502071,-1.3909963478955767,1
29.0,45.0,True,0.3738982870095657,0.132475913013118,0.6588496666906382,0.0301488180598557,1.7279534167522894,3
29.0,46.0,True,0.2593708348494665,0.1337659453505675,0.4918598502310797,-0.1572513791358313,-1.806440688427167,1
29.0,47.0,True,0.2712013607782445,0.1834663997869885,0.6128348631094634,0.0320335435165162,-1.567228724596271,3
29.0,48.0,True,0.2352074673553373,0.0962159943012852,0.3856523390341743,-0.19200416899044,-2.445171079256592,1
29.0,49.0,True,0.1779368957701029,0.1084173717029422,0.375386046384801,0.0407713963964857,-4.459362558354739,1
29.0,50.0,True,0.2383136025184083,0.1634418809941976,0.6386677013639576,0.9171868521513268,-2.4028617654544657,1
29.0,51.0,True,0.2280614905141674,0.1036621251641817,0.4660050978290861,0.312996229095259,-2.8390685159494344,1
29.0,52.0,True,0.3951581690817687,0.2232505708715952,0.945548320781431,1.2809887469197838,2.481621491400497,3
29.0,53.0,True,0.2472855115832563,0.1544214342248679,0.5327778926235797,0.1972660301375653,-2.458230697780273,1
29.0,54.0,True,0.3780767856805859,0.1531018160577081,0.6791522008814435,-0.081107364428616,1.827639825397081,3
29.0,55.0,True,0.2935550056944609,0.1693294264602614,0.6626244527536662,0.5540297140358073,-1.102513625895695,3
29.0,56.0,True,0.3044977696806178,0.1918619997808914,0.719430315955913,0.549307092004912,-0.6804492135973292,3
29.0,57.0,True,0.1560819397475695,0.1278438677502278,0.4078029414892655,0.7097853076884604,-5.086367273395159,1
29.0,58.0,True,0.2764275086708055,0.2169815321389857,0.7686049399244622,0.6853818625604181,-1.2855647825309668,3
29.0,59.0,True,0.132801072745543,0.0991078228519314,0.404887256657451,0.7942778357393725,-5.956485550615582,1
29.0,60.0,True,0.1705720019647665,0.1106962565571682,0.4083860072246156,0.5455309462470075,-4.450992416299514,1
29.0,61.0,True,0.1691789965867147,0.1609194469007933,0.5646612644612067,0.9647573700961476,-4.873163245858135,1
29.0,62.0,True,0.1474990481366669,0.1099650768707395,0.3888621720962724,0.6505264175911852,-5.508781709469184,1
29.0,63.0,True,0.0726031859444909,0.0864472940570714,0.317475850388384,1.5024745384322853,-7.613604646009981,1
29.0,64.0,True,0.1834137203956874,0.1595134615214408,0.6253046403795702,1.2179248428320386,-4.153746607688667,1
29.0,65.0,True,0.1712516635421881,0.0976422427175574,0.3395524966126998,0.1595397810945791,-4.722060409902013,1
29.0,66.0,True,0.2105113949848534,0.1234589534800978,0.5023384069166554,0.8450588617269081,-3.599964955643727,1
29.0,67.0,True,0.1617680089528719,0.153192692795237,0.5820070279270417,0.9232139502214908,-4.998682734133539,1
29.0,68.0,True,0.0875075466471036,0.1200169947198414,0.3915225179214383,1.578962558257366,-7.308169040701777,1
29.0,69.0,True,0.2038246523174508,0.1158166674035001,0.4283454636038954,-0.0672394147424321,-3.694539223821203,1
29.0,70.0,True,0.1638310112181601,0.1414437772527854,0.5883592877413464,1.0244255631856385,-5.044566541743977,1
29.0,71.0,True,0.1211298847820109,0.1042787321428732,0.32256700632602,0.4558038165331518,-6.105569240154123,1
29.0,72.0,True,0.1433041988193961,0.1093880275454344,0.3460388443487966,0.3785449981127016,-5.393516549404872,1
29.0,73.0,True,0.0697306282087123,0.0510626620323699,0.1654872254412349,-0.0122446779135617,-7.795246480641213,1
29.0,74.0,True,0.1148522785173451,0.1347080726109595,0.531881836336535,1.337026404195886,-6.528303329899292,1
29.0,75.0,True,0.1222400057908742,0.130310042003498,0.4267982919907708,0.873613133769594,-6.0344258489205345,1
29.0,76.0,True,0.0894938339399722,0.1079575749498291,0.5145796903108618,1.8420012905822687,-7.432150406007806,1
29.0,77.0,True,0.1299786078293019,0.1210123228965569,0.4507288900441237,1.3105300625370493,-5.9811178934832165,1
29.0,78.0,True,0.1370767414374605,0.0825663011893389,0.2659528870995814,0.0103732037791481,-5.639629183179614,1
29.0,79.0,True,0.1379378096458463,0.1379819749543789,0.5209283628834458,1.0321691818502432,-5.8830816011546725,1
29.0,80.0,True,0.1176567449116784,0.1349785082338233,0.4390191570668056,1.137578120098182,-6.276532257971025,1
29.0,81.0,True,0.0555099788957203,0.0790472092667836,0.2671485623315179,1.5112876788461496,-8.20610958295365,1
29.0,82.0,True,0.1656052991385922,0.087032676002526,0.334070599609454,0.022465475411357,-4.595996703503254,1
29.0,83.0,True,0.1468567092943021,0.1424414630754819,0.4425653528274276,0.6706887780630771,-5.277645627913303,1
29.0,84.0,True,0.2313904785905359,0.1011122314784518,0.4112594552342508,-0.1538134503154996,-2.789293937934272,1
29.0,85.0,True,0.1757928655203829,0.1370030693750663,0.5281665724719469,1.106655131165993,-4.565644575810102,1
29.0,86.0,True,0.1114119454353326,0.10532145509364,0.5090084750854882,1.5412129734969484,-6.609322281607264,1
29.0,87.0,True,0.1374647437176403,0.0856509731520837,0.3366374594772995,0.6174601080998575,-5.714183565543979,1
29.0,88.0,True,0.1636293973301084,0.1278861281051339,0.4176674120217917,0.3624026121467602,-4.8831880367272245,1
29.0,89.0,True,0.2802044973243704,0.1867481383772271,0.7251533893726613,0.9461380671076262,-0.9006747253893439,3
29.0,90.0,True,0.2502173527217477,0.1478544994634831,0.6469120170902218,0.7188618696044106,-2.3926008130223293,1
29.0,91.0,True,0.3045937666443416,0.2430303297752256,0.9095966746228062,0.8914437924900726,-0.5916581179190663,3
29.0,92.0,True,0.3317003616902306,0.1767920653655761,0.6995189947120823,-0.1519368909992234,0.4495275520097067,3
29.0,93.0,True,0.3846756748483151,0.1500604396763854,0.705578236596139,-0.0438171969845348,2.204670418236766,3
29.0,94.0,True,0.5006090314846859,0.1949821102308265,1.0519664056418196,0.2353153948838215,5.3672438465568035,2
29.0,95.0,True,0.0592420890331991,0.0801761449752466,0.2807979201830202,1.657919430078392,-8.009687557075512,1
29.0,96.0,False,,,,,,0
29.0,97.0,False,,,,,,0
29.0,98.0,False,,,,,,0
29.0,99.0,False,,,,,,0
29.0,100.0,False,,,,,,0
30.0,1.0,False,,,,,,0
30.0,2.0,False,,,,,,0
30.0,3.0,False,,,,,,0
30.0,4.0,False,,,,,,0
30.0,5.0,False,,,,,,0
30.0,6.0,False,,,,,,0
30.0,7.0,True,0.2287805475042426,0.1492590109867443,0.505611875922376,0.0261948252320052,-2.817581661328175,1
30.0,8.0,True,0.3144810091227509,0.1864302338840035,0.7214748156870676,0.7027282295656523,-0.1465028888950218,3
30.0,9.0,True,0.5780394653202219,0.180500589613105,1.129949975371525,0.8851658455539027,7.696800228047072,2
30.0,10.0,True,0.3090045309120799,0.176607605353275,0.5705972853562369,-0.3444829293938636,-0.3847092390917667,3
30.0,11.0,True,0.3224324515519335,0.1914943356788851,0.6505708479986391,-0.0013117894645147,0.2994896287903026,3
30.0,12.0,True,0.2546133571671266,0.1752601750869574,0.6155761388062572,0.2838433920660156,-1.8318526880096544,3
30.0,13.0,True,0.1599902129542005,0.1040783632275435,0.3748629688787145,0.3920009295740216,-4.94895341471927,1
30.0,14.0,True,0.2801312137895295,0.1697809044162757,0.6831704475810634,0.7032564546120018,-1.5723020297276653,3
30.0,15.0,True,0.1853813150177341,0.0859733190109025,0.4021668800635862,0.6233830400955658,-4.289562370392429,1
30.0,16.0,True,0.2787654568019567,0.1743570633629122,0.7852003700515263,0.4793596887453908,-1.5421676555876678,3
30.0,17.0,True,0.2057874509478133,0.1514589774590186,0.5347988805479602,0.5996719158515901,-3.281179163277735,1
30.0,18.0,True,0.2256064810747374,0.2070772257308533,0.8811175921056142,1.355994052537297,-3.271660847302038,3
30.0,19.0,True,0.3246249488421051,0.2398660996617264,1.148397646791235,1.3472597977563094,-0.3755116141496069,3
30.0,20.0,True,0.2938554587812523,0.1905452729873661,0.8338559874119498,0.464827356856887,-1.1365105795735524,3
30.0,21.0,True,0.2846974209903317,0.1663341354511394,0.5588936495776278,0.0846352002339716,-0.9913336793543374,3
30.0,22.0,True,0.1328433325875616,0.1612583857904863,0.458900612778564,0.7590864306513613,-5.7674006339929536,1
30.0,23.0,True,0.1919847656327215,0.1552115091665306,0.5939655802329734,1.2966915385566633,-4.011109378752999,1
30.0,24.0,True,0.2821745099582918,0.2544136227094832,0.8318283711216277,0.746907620229998,-0.9310821331939308,3
30.0,25.0,True,0.2359731224626658,0.1406682662192743,0.5131206412156245,0.3844214905871875,-2.675834144525508,1
30.0,26.0,True,0.2117169383472929,0.1323518116604325,0.4926627577432041,0.3656555427775124,-3.423471001256539,1
30.0,27.0,True,0.2939699068763641,0.1934240209058546,0.5745994901079308,-0.0101507406393041,-0.7260578660342786,3
30.0,28.0,True,0.1905500254136077,0.1189226008606155,0.4347628409704913,0.1337609977265378,-3.860334826760817,1
30.0,29.0,True,0.2871460605686416,0.1938674648178903,0.9730249287134116,1.3149048892111677,-1.3404326692600277,3
30.0,30.0,True,0.3112917315053041,0.1572019792741602,0.6065477667415906,-0.1417788678128906,-0.3517352496849164,3
30.0,31.0,True,0.3620286515111299,0.1646783286578295,0.7170581402809965,-0.0478186286227692,1.357273589150514,3
30.0,32.0,True,0.2176808690779581,0.1146629147090547,0.4630076172927487,0.3384197747721512,-3.1340229246803646,1
30.0,33.0,True,0.2515320876536037,0.1646021707099892,0.6016481767996242,0.0913609103931071,-1.8225468859843683,1
30.0,34.0,True,0.1175961219637341,0.1220710114082965,0.3859080109028462,0.7769768306287423,-6.244796379248152,1
30.0,35.0,True,0.266993917363046,0.1802854865948351,0.7722623554196869,0.6679049577238683,-1.872839786084909,3
30.0,36.0,True,0.2578308186481503,0.1701547460287129,0.5316562695282883,0.0894314739815842,-2.186639913776692,1
30.0,37.0,True,0.1237566005990639,0.0743438330569723,0.246382113589551,0.0890412952270021,-5.969188959297752,1
30.0,38.0,True,0.2546386156560157,0.1443296646015836,0.5957207907317572,0.3183772762355224,-2.0548648264424187,1
30.0,39.0,True,0.2736108669809832,0.1677626680334888,0.6202932263161365,0.3795768665927336,-1.318091282145092,3
30.0,40.0,True,0.2146601916811186,0.1060503290616493,0.4373489319010717,0.2778086855747544,-3.405979777121712,1
30.0,41.0,True,0.2559087640770794,0.2050161517710001,0.8685909030057772,0.5734451787308618,-2.4462622768136413,3
30.0,42.0,True,0.2767809722053317,0.1493334441555335,0.5422614584835365,0.0552277175615018,-1.2662283561155987,1
30.0,43.0,True,0.3224057160538671,0.1675276509872415,0.7438408190570112,0.5694028027122148,-0.2768801982002939,3
30.0,44.0,True,0.3444065787569522,0.153148522031141,0.6352999616693945,0.2150442253864512,0.6336846580917824,3
30.0,45.0,True,0.3355143473899842,0.1882840574438391,0.8967141255874963,0.9840094284585822,0.0436365875430057,3
30.0,46.0,True,0.2018321490355789,0.1142886760141869,0.4828427250839117,0.6431410494355025,-3.625017241655222,1
30.0,47.0,True,0.2070774992280449,0.1238130695103099,0.4401248751090335,0.13270156075224,-3.4132460525953774,1
30.0,48.0,True,0.2896485059377784,0.1994548552450515,0.7472096815055248,0.7298553620530748,-1.1468800656427325,3
30.0,49.0,True,0.1706399493865723,0.1296102933245487,0.5399157254827974,0.6173757203584469,-4.77950564999339,1
30.0,50.0,True,0.2516667616418861,0.154273984023766,0.6007535261581006,0.5639824332012978,-1.952328132765548,1
30.0,51.0,True,0.2416354116916169,0.1837923401418621,0.5400054885518135,0.2105849593009662,-2.5883025638418036,1
30.0,52.0,True,0.2491429641852411,0.1776253840625742,0.5543112391056297,0.352873379413777,-2.256299889890362,1
30.0,53.0,True,0.3191659217206825,0.1695132646550634,0.7540045516206038,0.5455237637823368,-0.2404994973779357,3
30.0,54.0,True,0.3966530583051604,0.210577205684433,0.8843529743252978,0.0355485448050192,2.157245154210294,3
30.0,55.0,True,0.3443444239966395,0.2493569504296454,0.9695244731594213,0.959663538647671,0.8812696897117929,3
30.0,56.0,True,0.3235045258461163,0.1564602811401295,0.6128157344932782,0.1585826279769944,-0.0104006857187992,3
30.0,57.0,True,0.2634968464575013,0.0780557997010226,0.442189607839979,-0.0032752642357336,-1.7333300925393318,1
30.0,58.0,True,0.2563812891484877,0.1608025348031453,0.6132651662357794,0.7196834338185975,-2.011109579182318,1
30.0,59.0,True,0.0938531180428174,0.0863949825143391,0.2948682749996673,0.8393410626296728,-7.010150173747683,1
30.0,60.0,True,0.153167508465263,0.1410580776433758,0.4764988059556083,0.6710271544783086,-5.303823039018107,1
30.0,61.0,True,0.1280652264961639,0.089470267606983,0.3071826587730501,0.0754399027931063,-5.995220584071821,1
30.0,62.0,True,0.1485305715511095,0.0731411157235457,0.2750125662023114,-0.0879974142026913,-5.20279044768296,1
30.0,63.0,True,0.093767182762284,0.1173237349715411,0.4028961400132591,1.4205946498457258,-7.085486349006382,1
30.0,64.0,True,0.1996056866863755,0.1228379782113626,0.4446957762046965,-0.029978650222938,-3.6672700588728007,1
30.0,65.0,True,0.0700500513168247,0.076878532373629,0.2585482610330529,1.1652768094692691,-7.808332459905366,1
30.0,66.0,True,0.1015654296549392,0.1030602816401302,0.3235907947428963,0.7547175278302813,-6.7362016734391545,1
30.0,67.0,True,0.0961085337074955,0.0757688043401628,0.2487355282064445,0.2889907993726334,-6.880574195514019,1
30.0,68.0,True,0.1474303607408378,0.0867359565532488,0.3444768352452279,0.5778223962382754,-5.37686940733754,1
30.0,69.0,True,0.0802861072137001,0.0931051426475952,0.2727152100250504,0.7649880875165522,-7.593138859850018,1
30.0,70.0,True,0.1433127072516489,0.1019619760142971,0.3709757484808058,0.3860555147525215,-5.410101940422851,1
30.0,71.0,True,0.1082753403350997,0.0888008544903662,0.3835398163344918,1.4083108248206186,-6.713659908831608,1
30.0,72.0,True,0.1323507779189207,0.0920267650686898,0.3745248579238084,0.4163374055465289,-5.9829471841146225,1
30.0,73.0,True,0.1785597896665987,0.1118626824221487,0.409919168893019,0.5622289521467649,-4.386418072929501,1
30.0,74.0,True,0.0926271187274436,0.0973314879293235,0.3004385615493138,0.7160528360221236,-7.103556981079512,1
30.0,75.0,True,0.1133770701519504,0.114013637349812,0.3775463115908897,0.7259301638765856,-6.364505772967837,1
30.0,76.0,True,0.1110156264214291,0.0847781565501237,0.2995524482555742,0.504787761798174,-6.518870715192568,1
30.0,77.0,True,0.156656004429071,0.1191351109803416,0.4979405890745734,0.6385402569974816,-5.163537865579224,1
30.0,78.0,True,0.1858951604637986,0.1048229869997042,0.3625801053901021,-0.2229369536517918,-4.091607937848714,1
30.0,79.0,True,0.1939134902624489,0.1508966592034098,0.5756550208287433,0.5306553977731184,-3.731108706362896,1
30.0,80.0,True,0.0990300854615552,0.1090151296370916,0.3328735238359032,0.7079845936198325,-6.745876625327496,1
30.0,81.0,True,0.069752594990172,0.0605903284621815,0.1734458228281931,0.3381745142387639,-7.7617754047850385,1
30.0,82.0,True,0.1899050635074116,0.1301052462583666,0.444599195045173,0.659255666072728,-3.972559883853075,1
30.0,83.0,True,0.1324622196218289,0.094622283191264,0.3391471215478034,0.4538604339310109,-5.672885796341922,1
30.0,84.0,True,0.2029402636006744,0.1574459275641444,0.6118143548473639,0.6573312544270864,-4.089208065111126,1
30.0,85.0,True,0.2180913229351077,0.1177457104111567,0.4714398229268789,-0.1765740988873248,-3.1413597988132613,1
30.0,86.0,True,0.2977173576621515,0.1908470841797776,0.639718037521364,0.3430189028776844,-0.563759042097581,3
30.0,87.0,True,0.3184402665062896,0.117390338431884,0.6388273157092184,0.585757966091869,-0.3159880334282091,1
30.0,88.0,True,0.2074172927615423,0.1658927482496816,0.6893706805209456,0.9074573182451086,-4.0710492447389575,1
30.0,89.0,True,0.2393130848542875,0.2104739270444108,0.7854505873343784,1.044462853478365,-2.88653586967577,3
30.0,90.0,True,0.3606754805747674,0.2183734221160871,0.896585629301285,0.7089949347424935,0.9367902872859384,3
30.0,91.0,True,0.4144884407858517,0.2215469251491125,0.8650685655600862,0.1159498613654892,3.1503218844741445,3
30.0,92.0,True,0.4601140913418726,0.2317658805046156,0.9173366721649576,0.7049515251898522,4.728612832974755,2
30.0,93.0,True,0.5197870700375625,0.2662870638006358,1.1051626718813456,0.4884042181844058,6.441745479069156,2
30.0,94.0,True,0.8198394737517222,0.3724865564937888,1.5,-0.060036365177619,16.054644351700176,2
30.0,95.0,True,0.4616875085881559,0.2246161671026706,0.9697275872219188,0.7097206833628437,4.3590691772323185,2
30.0,96.0,False,,,,,,0
30.0,97.0,False,,,,,,0
30.0,98.0,False,,,,,,0
30.0,99.0,False,,,,,,0
30.0,100.0,False,,,,,,0
31.0,1.0,False,,,,,,0
31.0,2.0,False,,,,,,0
31.0,3.0,False,,,,,,0
31.0,4.0,False,,,,,,0
31.0,5.0,False,,,,,,0
31.0,6.0,True,0.0713577409012391,0.0746520629247829,0.2528870292411896,0.9246991340993904,-7.755232417521155,1
31.0,7.0,True,0.248101568684055,0.0968970618950583,0.4390135581257969,-0.4432445080234439,-2.392482625851362,1
31.0,8.0,True,0.4011143244264369,0.1657995849074327,0.7282988062505252,-0.0752446871691173,2.619441432329536,3
31.0,9.0,True,0.3243044573443048,0.1732518609622168,0.5344966210172333,-0.4849368622618645,0.2036743502031294,3
31.0,10.0,True,0.3699027850262757,0.1902557332490912,0.7803224586587343,0.0675905233857673,1.6202420702484326,3
31.0,11.0,True,0.1705997851511816,0.0992397346356775,0.4034065070656962,0.6387977384225532,-4.573427894265753,1
31.0,12.0,True,0.2747388375225925,0.1863775177340432,0.7719363740952389,1.0820189802406817,-1.240752633218294,3
31.0,13.0,True,0.3651528861924101,0.2387267417776865,0.9394949162939976,0.6992925500308825,1.4460279755670775,3
31.0,14.0,True,0.2586098748243566,0.1717648459201591,0.5711275933563854,0.1539472930768285,-1.831333271822948,1
31.0,15.0,True,0.14510970921497,0.1211957054080201,0.4072039980414664,0.5826870467158557,-5.270235396017675,1
31.0,16.0,True,0.1495253389013338,0.1042462887297254,0.4199566391297483,0.7772022428202513,-5.210018166707731,1
31.0,17.0,True,0.199914212713051,0.1435403481152312,0.4796306892718654,0.3820797226720986,-3.604884259877134,1
31.0,18.0,True,0.2692425359358481,0.2093268450834766,0.7912682881125684,0.8203978280398757,-1.86396855058291,3
31.0,19.0,True,0.1524921054492643,0.130347266771486,0.3822144195756459,0.4399835665524654,-5.337686609509259,1
31.0,20.0,True,0.2600992328820573,0.1528059986267112,0.5847740548859629,0.4484497956139722,-2.1156154579500095,1
31.0,21.0,True,0.203507363709113,0.1558120683667441,0.6110050440208052,0.9905351673193208,-3.7487681294372264,1
31.0,22.0,True,0.2639519262689682,0.2886151404353979,1.053775206799373,1.482256299772805,-1.674359854091935,3
31.0,23.0,True,0.2248769469885279,0.1021385730018978,0.3928407999388405,-0.0594279368857365,-3.177391862898091,1
31.0,24.0,True,0.2290446743017817,0.1150785962734853,0.4550346319677983,0.1123181117764087,-2.632784383476197,1
31.0,25.0,True,0.252881181285076,0.1706209659672508,0.6162910373008222,0.1844763694023452,-1.9255707114710696,1
31.0,26.0,True,0.2019874346836807,0.1598282040183866,0.5482651665088494,0.7303869411477976,-3.7671659262214208,1
31.0,27.0,True,0.3103718377179031,0.2886496172161387,1.0416258642871512,0.99029271952787,-0.2082814094792089,3
31.0,28.0,True,0.1844006433458392,0.1703560576544336,0.6549188582216373,1.5103306902324505,-4.399759991715045,1
31.0,29.0,True,0.2352580094579053,0.1442579635124196,0.5506881965823007,0.7390018381563311,-2.977295792874914,1
31.0,30.0,True,0.2571731354885815,0.1650125029876274,0.6300023697463258,0.4000531201911365,-1.9602751569657169,1
31.0,31.0,True,0.3080963345700774,0.2266534670163889,0.8861983879614646,1.1672894157394529,-0.3481660255809078,3
31.0,32.0,True,0.1985861266332263,0.1021773211025737,0.4626460828193913,0.7212769995578713,-3.959555075096384,1
31.0,33.0,True,0.3609240100162657,0.1509660237371549,0.6190747346158921,-0.1595806491613775,1.0795595905402442,3
31.0,34.0,True,0.2912485533206112,0.1636890356516344,0.6269383080338295,0.1510635425454049,-0.6375559101739416,3
31.0,35.0,True,0.1630374210982037,0.1410094947990621,0.5646447050705872,1.4528993747373804,-4.924457925460737,1
31.0,36.0,True,0.2849986745473415,0.1567870545265125,0.6113138273022192,0.7073743359919828,-0.98141558044775,3
31.0,37.0,True,0.1785981211463784,0.1145490009968206,0.4153796223040387,0.2611313604981313,-4.26579228053627,1
31.0,38.0,True,0.1892514761045037,0.1423244068791301,0.5490255140360772,0.7832612614459593,-3.884576998678921,1
31.0,39.0,True,0.2312316398557967,0.1639043356144919,0.5592402117612135,0.5567532157610189,-2.515003819904335,1
31.0,40.0,True,0.3060204061992269,0.17588362715933,0.7020221834793856,-0.1247449083374443,-0.5587632504768053,3
31.0,41.0,True,0.250531093602132,0.163248751781474,0.7685604397393487,0.7043848125813996,-2.234798043053983,3
31.0,42.0,True,0.4036893847913878,0.194059935435565,0.9252399883472592,0.811858650985571,2.7626666996736935,3
31.0,43.0,True,0.3031469433147626,0.1691342412502745,0.6681722146689242,0.3901294685034588,-0.5071549410496806,3
31.0,44.0,True,0.3674278929102301,0.2218866473523623,0.8020161826686485,0.4269481435250307,1.2840320276296386,3
31.0,45.0,True,0.1464547537199564,0.109031447743032,0.4534024949638816,1.2875852016360694,-5.3590453954368655,1
31.0,46.0,True,0.3305563901258341,0.1530010858311491,0.652139986389385,-0.3624906369809841,0.1049880230620805,3
31.0,47.0,True,0.3125288078944257,0.19282936517104,0.701569576993017,0.2654370868892382,0.0567264345999832,3
31.0,48.0,True,0.1823458302629116,0.1324749581674146,0.4765214833124669,0.5477480289448723,-4.056432950818492,1
31.0,49.0,True,0.2389895622401714,0.1458423085349496,0.7435222347698633,1.1521696780244142,-2.8173035765793175,1
31.0,50.0,True,0.1896399890449419,0.1176491585215806,0.4955676170960456,0.780049227919852,-4.052541413280964,1
31.0,51.0,True,0.2020945950938998,0.1634442589817629,0.7840517592561369,1.7353174598734904,-3.9757117323579614,1
31.0,52.0,True,0.2731906210265191,0.1823157912000404,0.6533762905124296,0.3788783053075661,-1.6482038875763745,3
31.0,53.0,True,0.312007678874935,0.2613530865775219,1.014409398289463,1.126877783798542,-0.1793961948931525,3
31.0,54.0,True,0.3138634546964705,0.2244168383532311,0.722409587702059,0.0524098426127356,-0.3903777563449435,3
31.0,55.0,True,0.2883838015538555,0.1628776088225633,0.6266536081933859,0.4520479482503886,-1.2567215165303995,3
31.0,56.0,True,0.2333722045813063,0.1195805941890961,0.4220483768429211,-0.3969209556829018,-2.560063699407241,1
31.0,57.0,True,0.27796066498743,0.196640188753837,0.6635288810565395,0.2640108700905951,-1.1846418087690864,3
31.0,58.0,True,0.2138762169421497,0.1431562231333249,0.5649791292004476,0.8302127794938524,-3.182909816710685,1
31.0,59.0,True,0.1602267755349427,0.1322786681325511,0.4035541009767005,0.2728826831824202,-4.955704066154046,1
31.0,60.0,True,0.2028687013592784,0.1434734214287424,0.5336624021714369,0.6150345517356015,-3.742866004687366,1
31.0,61.0,True,0.2264037730662852,0.1536693255308328,0.563710773062715,0.2912278317402347,-2.8102607194319904,1
31.0,62.0,True,0.1817595816765525,0.0875512545700532,0.3394445403862113,-0.1865486729847942,-4.210757283041315,1
31.0,63.0,True,0.1450867858386514,0.128029050559998,0.4353116574842201,0.7511172241929114,-5.375883265549965,1
31.0,64.0,True,0.1256454183671353,0.0830064357816666,0.3493964696526488,1.0247067189594286,-6.273719857665676,1
31.0,65.0,True,0.1062399109829533,0.0694508190878628,0.2936811391441268,0.7523446452531007,-6.730738812919201,1
31.0,66.0,True,0.2532098417796757,0.1770670863596071,0.863201823848352,1.1259678724328193,-2.351142470720845,3
31.0,67.0,True,0.1340909352361119,0.1145921957204628,0.3840342333727909,0.3060056877921666,-5.611965593243995,1
31.0,68.0,True,0.157186612728714,0.1681928010413219,0.7393107441480303,1.5870181878948293,-5.370041974025021,1
31.0,69.0,True,0.0793370943301452,0.08372019778023,0.2638951039250774,0.939313452933084,-7.438858543231058,1
31.0,70.0,True,0.1640251455514096,0.1242338607563279,0.3717171395588539,-0.0561853236705712,-4.589250455706143,1
31.0,71.0,True,0.162278408126342,0.1265540133603788,0.4740538084144013,0.6984712538540905,-4.806823725893309,1
31.0,72.0,True,0.1682164284635436,0.1173381353386001,0.4595711699659753,0.6339717138986444,-4.779646879394084,1
31.0,73.0,True,0.1006663150200268,0.047056323813607,0.2003222149956111,-0.0610413925531507,-6.788656241274931,1
31.0,74.0,True,0.18931658175971,0.1585745676753285,0.561799298913216,1.1319559023692816,-4.222071302928138,1
31.0,75.0,True,0.0551420241130985,0.0776941746428012,0.353849425383402,1.7799857467382538,-8.33002200894296,1
31.0,76.0,True,0.0980043810107246,0.071499649705291,0.2412365117633913,0.3672449436289696,-6.830556472166709,1
31.0,77.0,True,0.1244062934382833,0.1255789277286707,0.4552857155623807,1.2274331602698745,-5.944872734063325,1
31.0,78.0,True,0.14935629869807,0.1086900974116041,0.408950024481282,0.6063267772627106,-5.365618391579315,1
31.0,79.0,True,0.0707759112728388,0.0694915483343643,0.2426643167202875,0.8702569362919391,-7.690919047107821,1
31.0,80.0,True,0.1353550167214518,0.0961458181535116,0.3306488418152998,0.4969657139974006,-5.72527304800099,1
31.0,81.0,True,0.1558137443320907,0.1080360974094813,0.3538093016799846,0.0382630737911949,-5.116635678762825,1
31.0,82.0,True,0.1944393144581605,0.11690109445106,0.4969819920417154,0.6363703434574054,-3.7499292397443784,1
31.0,83.0,True,0.1078272192495019,0.0751618620219396,0.2581639133263814,0.3257623519749211,-6.510184720684202,1
31.0,84.0,True,0.1736223894693517,0.1907337799877209,0.669579416606625,1.2365076346383717,-4.9727559569006905,1
31.0,85.0,True,0.2133039561584642,0.1283192006265129,0.4749690677573219,0.4000121783415578,-3.201575162309946,1
31.0,86.0,True,0.2397174269235685,0.1547796057336141,0.5901059738900604,0.4479222989932886,-2.4542830067624997,1
31.0,87.0,True,0.2412071089049596,0.1004322367702309,0.4187964115896337,-0.3168087801041383,-2.4470214085672426,1
31.0,88.0,True,0.3202215037076067,0.1537121139291873,0.9222222950052996,1.5239494425038516,-0.4240637315450813,3
31.0,89.0,True,0.2666506506343691,0.1798779413191055,0.9597002214967733,1.557243508787489,-2.213435480299234,3
31.0,90.0,True,0.3828480653568343,0.3101069271298824,1.5,1.8626369044867148,1.298130281969853,2
31.0,91.0,True,0.5639230052362233,0.2008072924484468,0.9691832067270372,0.2637535905137346,7.702628657376083,2
31.0,92.0,True,0.6643692068462602,0.2034631696848974,1.1136331126874786,0.3822802553286096,10.495238846687474,2
31.0,93.0,True,0.6239841848644031,0.3098242537846021,1.4015646956586425,0.865679859099208,9.480814343937157,2
31.0,94.0,True,0.6300233094213917,0.2197064236324084,1.1450593899988937,0.7785004085882586,9.34708552958861,2
31.0,95.0,True,0.726239487568565,0.3134817252315459,1.3056627662123943,-0.2975204309345854,12.72830223548076,2
31.0,96.0,True,0.0545057589273466,0.0398765623492562,0.1425099266517609,0.3197436177349486,-8.176452758220512,1
31.0,97.0,False,,,,,,0
31.0,98.0,False,,,,,,0
31.0,99.0,False,,,,,,0
31.0,100.0,False,,,,,,0
32.0,1.0,False,,,,,,0
32.0,2.0,False,,,,,,0
32.0,3.0,False,,,,,,0
32.0,4.0,False,,,,,,0
32.0,5.0,False,,,,,,0
32.0,6.0,True,0.2100584700413324,0.1377914368518669,0.453877226280767,0.3368215697557111,-3.5008679447332063,1
32.0,7.0,True,0.4357895778066067,0.2857359452489995,1.5,1.334828589492514,3.256102730307356,2
32.0,8.0,True,0.3911540700416593,0.1819735710394856,0.7635313740877042,0.5929375819544263,2.44743691485964,3
32.0,9.0,True,0.3298586134784721,0.1889651720808589,0.7561075541579039,0.4837961764131662,0.237792934825934,3
32.0,10.0,True,0.3431939090069392,0.2538043166139299,0.9451680178296132,1.0440641942599231,0.8263322018978513,3
32.0,11.0,True,0.1448682353012519,0.1090441837006313,0.3961895253689287,0.743082422317426,-5.5703307342199535,1
32.0,12.0,True,0.2699805522892594,0.2252095296800471,0.7998733957364631,0.952335453701624,-1.4624623159714445,3
32.0,13.0,True,0.2596871521883565,0.1084678274523528,0.5088873606861568,0.0782366549403914,-2.072359287701152,1
32.0,14.0,True,0.1729364424005237,0.1666003043890149,0.5818387604798295,0.9382141708650756,-4.6779510759753355,1
32.0,15.0,True,0.1786872727111735,0.1280560433352924,0.5251617353931397,0.7087334868643547,-4.583463692629676,1
32.0,16.0,True,0.2638355155945996,0.2009089155160052,0.9416167210699,1.0859569535233646,-2.283356083794597,3
32.0,17.0,True,0.2749408582254752,0.164235297459453,0.6522748966479891,0.4812554351731298,-1.4690541872490717,3
32.0,18.0,True,0.2869119930513187,0.1534234847191727,0.6489189818275355,0.3598326750070232,-0.9991390106748792,3
32.0,19.0,True,0.2550090485069204,0.1917630587821091,0.7055477294005994,0.5496687454253355,-2.2467723030913196,3
32.0,20.0,True,0.2026507808191673,0.1602949093527217,0.5340940458761377,0.5212163770368438,-3.6013941876814313,1
32.0,21.0,True,0.2575795682316391,0.1466614283486341,0.578821043671972,0.2486138177859371,-2.177232924510962,1
32.0,22.0,True,0.1878576445628361,0.1521877999203641,0.6333690461216642,1.1650223881812278,-4.185578295983257,1
32.0,23.0,True,0.1858687817459028,0.1084829090844418,0.4272617372647618,0.608328341656509,-4.127981970695489,1
32.0,24.0,True,0.217344735476494,0.1270402637132377,0.4289831305179292,-0.0816045286924066,-3.1462764153406884,1
32.0,25.0,True,0.1754027827133491,0.0824758550648893,0.3314233152859973,-0.3233295267349035,-4.315389947371254,1
32.0,26.0,True,0.1454583293030578,0.1331772606315949,0.4453184543046645,0.5544771322284233,-5.4280401184314835,1
32.0,27.0,True,0.1955560570513272,0.1186659256876987,0.4329457071583071,0.386418262652205,-4.125865015085731,1
32.0,28.0,True,0.2273241669944145,0.1505080546348729,0.4575236420673457,-0.0492630416733529,-2.85360987125666,1
32.0,29.0,True,0.2885231398623428,0.2009497411550527,0.7999278262220669,0.1006926710488298,-1.248608522194738,3
32.0,30.0,True,0.2224239254294777,0.1460409017864926,0.5171416281478706,0.2772670933571473,-3.387356991271236,1
32.0,31.0,True,0.3305472719984502,0.3412475769505222,1.5,2.0347301393716184,-0.212613942719176,2
32.0,32.0,True,0.3091635649336131,0.141619539517092,0.5725415727006545,-0.0263654792432054,-0.3442042182050435,1
32.0,33.0,True,0.2936965245326127,0.1434660084046842,0.5796177005689136,0.2457917936695711,-0.6817165690564514,1
32.0,34.0,True,0.3850202200541636,0.2104399428652134,0.7802751217337341,-0.1950712732192875,2.1942604309318665,3
32.0,35.0,True,0.2780379570336331,0.1568024963661682,0.5634244624161098,-0.0302582894899056,-1.3277290434840745,1
32.0,36.0,True,0.3405821800468973,0.1908554169780163,0.7667716730809157,0.565050685512601,0.6209354155762833,3
32.0,37.0,True,0.2309645551256028,0.1752634972254869,0.6308368554255932,0.6565690593372411,-2.7041882782315225,1
32.0,38.0,True,0.190807418831672,0.1535889676198377,0.7580520740870128,1.6528634982483612,-4.186274739265703,1
32.0,39.0,True,0.2517594181377798,0.2224165828151844,1.0235109655979144,1.475731115167533,-2.7857396119532325,3
32.0,40.0,True,0.2944707838640971,0.2368950732901419,0.7792131148537198,0.5760077261662031,-0.6373879006337541,3
32.0,41.0,True,0.346145235207696,0.1471900203902351,0.6472784666412028,0.2964381294876993,1.015642893128111,3
32.0,42.0,True,0.3504799184357529,0.1943601167732172,0.997130981956274,1.3930477314491767,0.690679147929895,3
32.0,43.0,True,0.3520076954720936,0.1448489581465279,0.5763850539623592,-0.394387200554547,1.0980961976687889,3
32.0,44.0,True,0.2519324384235917,0.122738471162964,0.4727639857451129,0.0074583997151931,-2.0988691927447314,1
32.0,45.0,True,0.1661998896503093,0.0936875082654764,0.4098129144487516,0.7728176570121723,-4.878819192686919,1
32.0,46.0,True,0.2595686215038105,0.1592314595582962,0.555958161002198,0.2882764401423268,-1.7114956674174338,1
32.0,47.0,True,0.2188905341705879,0.1016438108179596,0.4434456415556451,0.2298603453002824,-3.0589618754109047,1
32.0,48.0,True,0.152488893151456,0.139891690643069,0.5080804835095322,0.8193140270169113,-5.1529174648218925,1
32.0,49.0,True,0.1683390958375187,0.1233403133607339,0.4580794301097273,0.7593173664053158,-4.685557437961774,1
32.0,50.0,True,0.1754726626607708,0.1473935626458887,0.5525315828606093,1.0129511547693073,-4.47306124099704,1
32.0,51.0,True,0.1271558237050229,0.0789175748280363,0.4103194313552584,1.298786335227643,-6.1579999539664465,1
32.0,52.0,True,0.2061585855322784,0.1519103152840183,0.5715313144345682,0.7863934485267176,-3.616483958125025,1
32.0,53.0,True,0.2777505348975281,0.1834484218612481,0.6814271854279986,0.2807463277511377,-1.2049234798715756,3
32.0,54.0,True,0.1741298843338904,0.1101487104436926,0.3660700668663741,0.119360529439143,-4.298315518598161,1
32.0,55.0,True,0.3347750595444589,0.1464509180018104,0.540621221515974,-0.6545711772641576,0.6053085416444024,3
32.0,56.0,True,0.2586109726869925,0.1411307537030952,0.5081280586535658,0.000282615738299,-2.053278107499984,1
32.0,57.0,True,0.2284512979690086,0.1409268753020297,0.48148759471259,0.0477394408634133,-2.9252501426466506,1
32.0,58.0,True,0.2349860298248528,0.2012402515420094,1.0344378108101016,1.7811262014271805,-2.9315242061693665,3
32.0,59.0,True,0.1769720301301884,0.143633198756664,0.5139617193012884,0.7896123525210339,-4.522633060025441,1
32.0,60.0,True,0.1771654229840528,0.111729116493823,0.3744759368040128,-0.0878554329434467,-4.340181319147368,1
32.0,61.0,True,0.2001666146566528,0.1016421153955624,0.3765622158903968,0.016463109955286,-3.6719830657897576,1
32.0,62.0,True,0.1688174993373458,0.0980218948901259,0.3802376552747079,0.4205350570141329,-4.64718923086465,1
32.0,63.0,True,0.1366268057672439,0.1230979721448743,0.3610330895368169,0.4162540829953869,-5.978970763406931,1
32.0,64.0,True,0.1214979508269484,0.1239237128361637,0.5185591645588145,1.057312750032657,-6.404968207074711,1
32.0,65.0,True,0.2813392298435873,0.1724800288205953,0.6139942071061322,0.1977782636346202,-1.421181708466523,3
32.0,66.0,True,0.2573463023297163,0.1435754376246033,0.5608462071806869,0.0462655062105323,-1.827954614878973,1
32.0,67.0,True,0.1995215268666185,0.1558210467268366,0.5212017907773047,0.3446402157338291,-3.903867291037667,1
32.0,68.0,True,0.2253919173680681,0.1888339264610167,0.825192864300126,1.1569306634917778,-3.2588305969378526,3
32.0,69.0,True,0.2387395454895068,0.0852198558616603,0.3657219148064373,-0.4235496314143097,-2.638131148931483,1
32.0,70.0,True,0.2281418675743541,0.1639814806934633,0.6768050960074479,0.4617243048387834,-2.9795420467684295,1
32.0,71.0,True,0.2036352069839258,0.1475950521870367,0.5342973265334717,0.4418902862825914,-3.5705238863875755,1
32.0,72.0,True,0.1046725103040656,0.1036297606345051,0.2748197485124181,0.2904990490971512,-6.669570253528873,1
32.0,73.0,True,0.2095697527022135,0.1770979706562665,0.6797236162512477,1.0812077804439073,-3.729097988715342,1
32.0,74.0,True,0.1206391725635445,0.0870409596256346,0.3331392262292486,0.675161773106411,-6.186806570446075,1
32.0,75.0,True,0.1178794106400921,0.0923986312519333,0.3340822065145246,0.7658045663106854,-6.307202652374944,1
32.0,76.0,True,0.1360559019346064,0.1095631946132996,0.4011962619958631,0.1589714234003599,-5.686438514588232,1
32.0,77.0,True,0.1629335314426744,0.1447231119819537,0.6322149613310064,1.0242096736741928,-5.2232242465997585,1
32.0,78.0,True,0.1099142787256643,0.1004755185361352,0.3629277637425897,1.116224061005202,-6.63835077862378,1
32.0,79.0,True,0.1010500259799073,0.0923069569222912,0.2525332399068941,0.3525832065131835,-6.862879570374398,1
32.0,80.0,True,0.1456280113729239,0.0999398703969119,0.3477266310143878,0.1204689141963686,-5.355521104777535,1
32.0,81.0,True,0.1151446787927797,0.0789520521779547,0.2768143745200875,0.3445139575804308,-6.342163045086615,1
32.0,82.0,True,0.1723773519210958,0.1091634585190503,0.4247461094412058,0.0743124319959913,-4.682501322599176,1
32.0,83.0,True,0.1323505511448772,0.1195315864666946,0.424362324460435,1.106419087420141,-6.077797713321782,1
32.0,84.0,True,0.1354750063641551,0.1189380742057492,0.4445442241873507,1.1586361305961876,-5.787383032896299,1
32.0,85.0,True,0.1374754522326023,0.1137785219155781,0.4466167478182181,1.2240456369471926,-5.653928653216144,1
32.0,86.0,True,0.218218492241891,0.1832960131024212,0.6879712596712692,0.9996397622215272,-3.1406309783802477,1
32.0,87.0,True,0.3225193343513105,0.1965656940368335,0.7929739579920929,0.8301927238362531,-0.0195620114478681,3
32.0,88.0,True,0.3160647675090006,0.2227940532181768,0.8546339910080635,0.7290716225468139,-0.0151890356730133,3
32.0,89.0,True,0.4141177878245207,0.1101206349662839,0.6606448345974834,0.386493767818878,2.8064389812467367,3
32.0,90.0,True,0.457398049753775,0.1898063408447435,0.8971313317345739,0.0367607702762384,4.1169928111046525,3
32.0,91.0,True,0.5505480807738012,0.2511681662224136,1.0645504162569173,0.5422828087749239,7.274917984998412,2
32.0,92.0,True,0.4337318728378558,0.2765030753436143,1.1050958891882043,0.6941793451159642,3.2913466562939613,2
32.0,93.0,True,0.6410963431727484,0.2508332155143402,1.0007661192339168,-0.3816328445989834,10.352065352018116,2
32.0,94.0,True,0.7953986339962433,0.3339998397294461,1.5,0.7720565481031262,14.878627675498109,2
32.0,95.0,True,0.7891524271726574,0.1753438816557778,1.157662029210115,-0.1019308908450007,14.584300968270544,2
32.0,96.0,True,0.3603792671382733,0.1808618495171398,0.8523317001169523,0.9963946269212572,0.9356988256998592,3
32.0,97.0,False,,,,,,0
32.0,98.0,False,,,,,,0
32.0,99.0,False,,,,,,0
32.0,100.0,False,,,,,,0
33.0,1.0,False,,,,,,0
33.0,2.0,False,,,,,,0
33.0,3.0,False,,,,,,0
33.0,4.0,False,,,,,,0
33.0,5.0,True,0.1005516065431716,0.0805859804669923,0.2601041845760476,0.2235232125842411,-6.756743490985525,1
33.0,6.0,True,0.4384795897357281,0.1906671293600559,0.7690187158912933,-0.2800851680547249,3.5838201000586825,3
33.0,7.0,True,0.4514305481067113,0.189792182250252,0.9126421714664188,0.4009082239439682,4.242395223831766,3
33.0,8.0,True,0.3607566120522226,0.1894250439346327,0.8367552420610338,1.0438588378524942,1.0212668783642076,3
33.0,9.0,True,0.3971174642514302,0.1586023068685258,0.6567656040077925,-0.541177224885841,2.157095097745331,3
33.0,10.0,True,0.2279760385125061,0.139365819616341,0.6234122465594741,1.4722558553396945,-2.6735695638838894,1
33.0,11.0,True,0.1957996807296912,0.1312130955610265,0.4803942619196278,0.3831939524434448,-4.159679085803608,1
33.0,12.0,True,0.2154783698132673,0.1159485973955901,0.492380992615312,0.2983006990819449,-3.3604694340126304,1
33.0,13.0,True,0.1758940334766283,0.1330760977329249,0.4207220383618217,0.0746153743268436,-4.489822425414837,1
33.0,14.0,True,0.2439966437663808,0.2040147105557136,0.9422337525277256,1.2616803558133238,-2.7097093370657506,3
33.0,15.0,True,0.2228511510537089,0.1737068868231383,0.6739243551451702,1.0442503566094412,-2.974759538585632,1
33.0,16.0,True,0.157456321005779,0.1055427409681956,0.3387164253565605,0.1860748503727043,-5.097993681543042,1
33.0,17.0,True,0.2231331452396574,0.12932257032928,0.4501714555551776,-0.0437493249256581,-2.8488203703586863,1
33.0,18.0,True,0.3460399975618924,0.2130284366194655,0.7997306850355942,0.0728723371013586,0.8467223726351479,3
33.0,19.0,True,0.192554329556015,0.1553645104866401,0.5489946778587547,0.4781598453581068,-4.355785798722697,1
33.0,20.0,True,0.3116373540478616,0.1589251779719882,0.6216608669811765,-0.2708324127471714,-0.576287307683465,3
33.0,21.0,True,0.3353449815698769,0.1895836475010408,0.6922631308772547,0.1355384957412985,0.2954624709533348,3
33.0,22.0,True,0.1703718272474625,0.1044581088329883,0.3303123694149039,-0.6207060204480299,-4.841390107437301,1
33.0,23.0,True,0.2370043040803354,0.1726867857367396,0.5289495354450764,0.3113905327656893,-2.5881132577662656,1
33.0,24.0,True,0.1966851799156489,0.1285024559333689,0.426398175942518,0.0007562642755243,-3.749453069687533,1
33.0,25.0,True,0.2152509056734839,0.1070541940253737,0.462865174240871,0.224301643243141,-3.2793765353896394,1
33.0,26.0,True,0.2794214188556591,0.2190913659344849,0.7834532544734177,0.9934598772443284,-1.3449618829823506,3
33.0,27.0,True,0.2136333791225085,0.1323124581412604,0.4547905913428897,0.1284952623819721,-3.4062511939573628,1
33.0,28.0,True,0.2542177150574602,0.1733675362398009,0.5954709178794035,0.1425450021359748,-2.0949142031827,1
33.0,29.0,True,0.2365953347084922,0.1274335907928996,0.5616493083641794,0.5742309273071812,-2.641926564133975,1
33.0,30.0,True,0.333724622048149,0.2129120709537197,0.7849003107707785,0.6031959258244822,0.6746262431174772,3
33.0,31.0,True,0.2568961585882403,0.1322139347772677,0.4755331021788848,-0.0393632586403578,-2.1117002241920955,1
33.0,32.0,True,0.3022082534566388,0.2790593484509556,1.0202733673504858,1.1168006183599533,-0.4046282376584769,3
33.0,33.0,True,0.329268106346006,0.2072233704943476,0.6985617290426901,0.2424395471242327,0.276924832565963,3
33.0,34.0,True,0.2575688913883645,0.1530892071513574,0.7209303473372952,0.6774538612453105,-2.3111255642258905,1
33.0,35.0,True,0.3744382875831793,0.1976931613190054,0.6985535414971096,-0.3678121705021179,1.743751531981994,3
33.0,36.0,True,0.3823407625731346,0.21778967228026,1.0482518187849286,0.6076258679077656,1.2050368684511217,3
33.0,37.0,True,0.2058656957777883,0.2022699239231088,0.6822140077239275,1.1012466802138243,-3.626871046123703,3
33.0,38.0,True,0.2952733129615361,0.1660981504618499,0.6300071740026385,0.0231082236974932,-0.7300736533472846,3
33.0,39.0,True,0.4060287088646587,0.1861771439925771,0.7472269367684007,-0.427595068766626,2.9953311913891505,3
33.0,40.0,True,0.2841433820958489,0.1789717585527575,0.9077237095873304,1.273243786360873,-1.323860291662481,3
33.0,41.0,True,0.4372812404795529,0.2229503981316725,0.8109632054644135,-0.0415741293146204,3.2265486120008644,3
33.0,42.0,True,0.284020923420819,0.143336269863469,0.5514598139740972,0.1166611830938473,-1.0674776929777527,1
33.0,43.0,True,0.291638788382613,0.1970265884580337,0.8000505591127013,0.9435157121549392,-1.2446328269656586,3
33.0,44.0,True,0.3121084750089881,0.0900268406084272,0.5142802076325133,0.3279461293499539,-0.5029423603078996,1
33.0,45.0,True,0.1992005076697665,0.1030377038316989,0.4193342174565229,0.0069840714309384,-3.747632934174841,1
33.0,46.0,True,0.245891684565903,0.1065175392864454,0.491909389142106,0.2277614442042752,-2.170504220863063,1
33.0,47.0,True,0.1097256790640605,0.0878835268805394,0.2893733913379083,0.6429428897916639,-6.532394604728588,1
33.0,48.0,True,0.1832407001223199,0.1885557042381022,0.5796197856604345,0.7664067372182343,-4.217308464108468,1
33.0,49.0,True,0.1988495417778751,0.1657428534908036,0.8063223974563927,1.5662814448149052,-4.030582899505324,1
33.0,50.0,True,0.1833942880371612,0.1224561392861887,0.4284301852532792,0.3636361069729176,-4.314651920105649,1
33.0,51.0,True,0.1869528655601189,0.1210064501109741,0.4385600852208882,0.620338092543241,-4.098265278276175,1
33.0,52.0,True,0.1351953758187472,0.1228293901081479,0.4437725342639903,0.8725152166336996,-5.501126013039106,1
33.0,53.0,True,0.3339330037702894,0.1677437047194489,0.6488829129190882,0.068237238203347,0.316273081229692,3
33.0,54.0,True,0.2305043951240044,0.1556739371590051,0.5653277961582189,0.3166768719889757,-2.672396799737775,1
33.0,55.0,True,0.2849855987049142,0.1286416553558972,0.5970414381646892,0.270688740188429,-1.1893858673906523,1
33.0,56.0,True,0.1947265257352986,0.1304890110535565,0.5795110372109837,0.8252431076299553,-3.984198182568089,1
33.0,57.0,True,0.2477885593032734,0.1202120598083947,0.4369572175808522,-0.2277826579251049,-2.278273518527635,1
33.0,58.0,True,0.3855526931285538,0.2479483515443804,0.9213038980172272,0.6395185290665024,2.337398959191243,3
33.0,59.0,True,0.2281067705059931,0.1231836542116818,0.4402086026146585,-0.1378653558697786,-2.8468557081026105,1
33.0,60.0,True,0.2964121672082875,0.1716158168228126,0.7051304973116012,0.2281805732638882,-0.8703987734612447,3
33.0,61.0,True,0.3064280507253374,0.2455473541693935,0.9139498840546628,0.6537373175461303,-0.8935583960700842,3
33.0,62.0,True,0.1839073887806232,0.0881382988295625,0.3601493381215006,0.0457720848429238,-4.05906228817651,1
33.0,63.0,True,0.1909503979880829,0.1229129155492078,0.4407248432180479,0.4000263997058483,-3.9801903579039384,1
33.0,64.0,True,0.1949963137390921,0.1261047400232379,0.4340704217329393,0.3646692398199648,-3.754903695877813,1
33.0,65.0,True,0.2056230200978733,0.1616379278755109,0.4824752902075275,0.3622891630979349,-3.223816393806156,1
33.0,66.0,True,0.2471285288779767,0.165921353400499,0.6251259741539686,0.817514796550958,-2.3946282180993936,1
33.0,67.0,True,0.1964997573439257,0.139549821709143,0.6281528550581561,1.2425565101438758,-4.243395956789678,1
33.0,68.0,True,0.2030636413334951,0.1384263648851085,0.4902745244781533,0.2238567349831934,-3.747240559997185,1
33.0,69.0,True,0.1567512909800085,0.1279643324566206,0.4822378653999592,0.926255030095378,-4.837371823288266,1
33.0,70.0,True,0.2125892724179012,0.1660662143469818,0.6223214552323812,0.519002969490121,-3.602274508596506,1
33.0,71.0,True,0.2278084801108618,0.1485309911238175,0.8254345362040805,2.0727510148460495,-3.2198507860470382,1
33.0,72.0,True,0.251654504074798,0.1447757860610726,0.5509732934247962,0.0851995164614724,-2.0944296320976776,1
33.0,73.0,True,0.1947141364675357,0.1013938364626898,0.4045916145534354,0.2039391467051045,-3.769629145127068,1
33.0,74.0,True,0.1620191311043187,0.15953776864789,0.4834376429107672,0.4613637158806662,-4.728470417036247,1
33.0,75.0,True,0.2208582389633449,0.2062762168166534,0.6604237962483156,0.5932035149786126,-3.156170282737222,3
33.0,76.0,True,0.1503508167840045,0.1238673293278983,0.4646841378840991,0.7343927126309333,-5.16738400458135,1
33.0,77.0,True,0.2260326285807637,0.118969457688956,0.4467017650468286,0.0458465367475581,-3.017196144431576,1
33.0,78.0,True,0.1597425625601524,0.0732688457355636,0.2530667582393269,-0.3918044609119072,-4.941831415820297,1
33.0,79.0,True,0.2465905879400002,0.2421457922443943,0.8393783885481264,0.698481033477214,-2.539719012683343,3
33.0,80.0,True,0.1179514723895622,0.0929472671835638,0.31998854880479,0.5436473668416134,-6.190810046078618,1
33.0,81.0,True,0.1686579214398914,0.1406781648314503,0.4307474353716407,0.4099310027439092,-4.928102820964994,1
33.0,82.0,True,0.1541383787331564,0.0602215813439071,0.303566542599575,0.3128785722883602,-5.322711789060802,1
33.0,83.0,True,0.1836197722732261,0.1879937675863208,0.5528086089042004,0.8073116576209534,-4.155873552648836,1
33.0,84.0,True,0.2221409258644667,0.1621804863007234,0.5572931308621065,0.6206362558814393,-2.911761987441909,1
33.0,85.0,True,0.1702047591909463,0.1660542764407054,0.7402012020982889,1.2401238463184827,-4.958563297853831,1
33.0,86.0,True,0.1966689215698716,0.1553174154445236,0.5002424627703967,0.4752009009260273,-3.908915227631741,1
33.0,87.0,True,0.3173500448508414,0.2133265954590637,1.0655199623463434,1.1580424316230653,-0.4622848046294657,3
33.0,88.0,True,0.3332535697099524,0.156696385984537,0.6007257399495673,-0.2311706311092345,0.2956838231775453,3
33.0,89.0,True,0.3260226176985543,0.1426189032732888,0.6876062654725922,0.4827880433627105,-0.0401929567209114,3
33.0,90.0,True,0.7132424590263033,0.3007052411088849,1.5,0.8053640779328626,11.691050762050086,2
33.0,91.0,True,0.7370282707711598,0.197660212459836,1.0954690018254751,-0.9422326290911792,13.136986732091833,2
33.0,92.0,True,0.6225482255661831,0.1438897904981601,1.052990432042826,0.7607826299944406,9.154173125764062,2
33.0,93.0,True,0.6544936872858155,0.3250556017827088,1.2973512618903802,0.1565426819477904,10.53472036904814,2
33.0,94.0,True,0.784225234741294,0.2399293893277344,1.199459145996804,-0.1691551848355708,14.790524853351,2
33.0,95.0,True,0.6006001641292268,0.2103443469949048,0.9968832021519956,-0.4271856908461193,8.618388657969785,2
33.0,96.0,True,0.5378157395790946,0.1898936000343343,0.9283213500707584,0.2539747865513723,6.713146847842817,2
33.0,97.0,False,,,,,,0
33.0,98.0,False,,,,,,0
33.0,99.0,False,,,,,,0
33.0,100.0,False,,,,,,0
34.0,1.0,False,,,,,,0
34.0,2.0,False,,,,,,0
34.0,3.0,False,,,,,,0
34.0,4.0,False,,,,,,0
34.0,5.0,True,0.2198593103311568,0.1360637556865876,0.4536272776218656,-0.0449207346067628,-3.0940318101945445,1
34.0,6.0,True,0.4754709357300236,0.2340002741337838,0.96159262281677,0.2172590235333373,5.263148715640642,2
34.0,7.0,True,0.4961565877776469,0.173621037439078,0.8272182720095619,-0.3863734551683428,5.512805177923637,3
34.0,8.0,True,0.5056260327068196,0.2561408092223775,1.055365697874601,0.2025169586718419,5.816468467064403,2
34.0,9.0,True,0.4091213597381241,0.1642589477065591,0.7025320664772399,-0.4045465591370533,2.808912609981047,3
34.0,10.0,True,0.2792814620173172,0.1243455716834888,0.5463358642091964,0.7010447461419443,-1.3414714378432588,1
34.0,11.0,True,0.1910046529226429,0.1457266395375041,0.585273856369097,1.2144869487378431,-4.004400031512479,1
34.0,12.0,True,0.1778141355850074,0.1055652881712552,0.3541966256884485,0.0269446479499287,-4.577756926243239,1
34.0,13.0,True,0.1900556226547003,0.1010802749451872,0.3683495352425596,0.2614152626882728,-4.0766515454910985,1
34.0,14.0,True,0.3178182657853002,0.2217117207160917,0.75148726775876,0.0480372388517866,0.1612131795227396,3
34.0,15.0,True,0.1558183040434489,0.1097368939567183,0.380226848145083,0.4277384410979876,-5.044913272499262,1
34.0,16.0,True,0.2943916740496647,0.1257006936150489,0.5127008080794896,-0.2711160897346838,-0.8958146442036249,1
34.0,17.0,True,0.205103487352575,0.1188149592390125,0.4118059957448581,0.1290960467850039,-3.4993048985096675,1
34.0,18.0,True,0.2216725777583198,0.1423945575565612,0.4485011249754399,0.1187955809636011,-3.0283997997487733,1
34.0,19.0,True,0.225558090104202,0.15900119962638,0.5497219358143771,0.3408970588842769,-3.026742152409245,1
34.0,20.0,True,0.2389626964650456,0.1973845244253253,0.7463077606441926,0.8960967760173797,-2.7941211702146527,3
34.0,21.0,True,0.1961364392174803,0.1425307617513308,0.4971803910139207,0.7008364493973253,-3.9374062398999135,1
34.0,22.0,True,0.3818335019452098,0.2086384874627412,0.9478626577050212,0.0986654442296802,1.406739302555044,3
34.0,23.0,True,0.3568916130562948,0.1826765562748414,0.835784911249039,0.3353173254968486,0.7795208741482983,3
34.0,24.0,True,0.2033307989282531,0.1826209137255912,0.6061231628548998,0.8751392683712029,-3.635568144690846,1
34.0,25.0,True,0.3037845492563324,0.181421386483137,0.6852247590033138,0.6110901643582294,-0.8236294028735959,3
34.0,26.0,True,0.2646234591201427,0.1884406180427487,0.7672963069109011,0.9426077896487778,-1.7525580688226423,3
34.0,27.0,True,0.3014831264384774,0.1304972271433948,0.5662563947990228,0.2199071557954771,-0.5166290135327595,1
34.0,28.0,True,0.2161935727480181,0.1630969771466884,0.6306145127667894,0.8734239318880843,-3.0438986611035164,1
34.0,29.0,True,0.148142443260955,0.1047779253203202,0.3832710098174889,0.5937921715013776,-5.456023394091323,1
34.0,30.0,True,0.2404645383543235,0.1556639721087183,0.5911427621356856,0.6654110491763747,-2.497134151771884,1
34.0,31.0,True,0.3362541543876871,0.3203946978820108,1.2320706639714698,1.563946345297304,-0.2014863317949419,2
34.0,32.0,True,0.2933495887025099,0.2034581486048398,0.8322902013864676,1.0325491532056843,-0.616785379326758,3
34.0,33.0,True,0.5498225177951914,0.280621672576515,1.1661157807454845,0.1322737046803014,7.061208717387877,2
34.0,34.0,True,0.4681655158127322,0.1870917054886356,0.890385599168359,0.58151305443856,4.2390693321532895,3
34.0,35.0,True,0.5762288937563838,0.2990253048098818,1.208671604626692,0.2652580526891765,8.339751312583024,2
34.0,36.0,True,0.4544935597060395,0.1497342830607957,0.750535151147175,-0.3016456835061763,4.187976478339262,3
34.0,37.0,True,0.3034039139208138,0.1933877060855099,0.7702600298734948,0.083101281119841,-0.879503222869365,3
34.0,38.0,True,0.3715225631525816,0.206268423749428,0.8575720123007642,0.5308777541619886,1.6947428173994243,3
34.0,39.0,True,0.2364702491906495,0.1328309019866186,0.5317083771837219,0.1914787694307231,-2.5003150227935813,1
34.0,40.0,True,0.3726458168618717,0.1483280132238349,0.7042358428649155,0.3398193651162643,1.5051873970492051,3
34.0,41.0,True,0.3395673629292424,0.1388084136390565,0.5816599472282806,0.26621043140277,0.6147911199379055,3
34.0,42.0,True,0.4823027999651977,0.2118055219823409,1.0867127752823111,0.5213064244674146,4.505949468944765,2
34.0,43.0,True,0.2685070803300597,0.1338760132979734,0.6005744891919716,1.156898953766265,-1.5260579817682545,1
34.0,44.0,True,0.4125479662290673,0.2290236235002623,1.3313708233991135,1.677155691840501,2.273391149116436,2
34.0,45.0,True,0.2312282132564634,0.1876134822907229,0.7331522846470425,1.1426558942302196,-2.848769075913238,3
34.0,46.0,True,0.1656461838860943,0.1175685723654653,0.3794410944368879,0.2576590035530364,-4.707905913546761,1
34.0,47.0,True,0.304471595214569,0.1649748085266266,0.6151306122173569,0.3502925901302859,-0.4157086224889493,3
34.0,48.0,True,0.1625438155607316,0.1226808468636341,0.463208674250975,0.9474985730012142,-4.903676169211392,1
34.0,49.0,True,0.1561993782406099,0.1414649216767941,0.4619096755066696,0.7945091898466659,-5.091578474583758,1
34.0,50.0,True,0.2031543583550757,0.1694550027411849,0.6346993854330065,1.0133526776230772,-3.6888949105945295,1
34.0,51.0,True,0.1699130424156392,0.1598568741084277,0.4851612248996175,0.54812367578148,-4.579704537674201,1
34.0,52.0,True,0.2074877654604648,0.1468911629959322,0.4605313189440473,0.0463735484645878,-3.2397531619578377,1
34.0,53.0,True,0.2454263009497679,0.1333203947440776,0.5554077039197949,0.4619641866337359,-2.143713187292549,1
34.0,54.0,True,0.3066738365151881,0.166033556275561,0.5973775054233028,-0.2384749866268126,-0.2772387886528625,3
34.0,55.0,True,0.2355100269228595,0.107574674008651,0.4281916530839726,0.0015632698647494,-2.6751481492715827,1
34.0,56.0,True,0.2828119666214438,0.1169843963587076,0.5183456908299041,-0.2629234337685535,-1.247881504112427,1
34.0,57.0,True,0.3174511795522081,0.1800099980765572,0.6709774635810032,-0.0783743838832074,0.1642614584433182,3
34.0,58.0,True,0.2687645499972068,0.1976216942549678,0.6578607225050505,0.7217815229839487,-1.8025229489313164,3
34.0,59.0,True,0.1030151758738851,0.0863025821969457,0.2828660547121261,0.3217744544233715,-6.754324730730886,1
34.0,60.0,True,0.2988251010684147,0.2110268927798836,0.7806166192028408,0.9096470664448048,-0.7667557881116716,3
34.0,61.0,True,0.1684334467202871,0.1490577961540991,0.7199100644520317,1.471863451743803,-4.917384295218734,1
34.0,62.0,True,0.2467280508591454,0.1993124941775129,0.7332515696490592,0.9102786356910914,-2.055728604884304,3
34.0,63.0,True,0.1818327908516352,0.1174576212747664,0.492542040107539,0.9951699598076068,-4.169713170923623,1
34.0,64.0,True,0.1615234209355743,0.1186818879206004,0.5202378374834574,0.7493505146056082,-5.092886493906515,1
34.0,65.0,True,0.2354767621512342,0.137938267780657,0.5709322353229024,0.3028822914690756,-2.7406410624134847,1
34.0,66.0,True,0.2105752523532007,0.1346816248427282,0.4994072644249712,0.2053162312164213,-3.3186379853507724,1
34.0,67.0,True,0.2884002057243895,0.1849541245228311,0.9344797354493888,1.3604143886842786,-1.1958685310829518,3
34.0,68.0,True,0.285772700652986,0.1914240117493634,0.6154138482316648,0.0235298555664735,-1.109289440984612,3
34.0,69.0,True,0.2208968751859837,0.1434226283387294,0.5185015597647086,0.5602364383423236,-3.1702199338146837,1
34.0,70.0,True,0.2566713630555682,0.1405210175029598,0.5720449213493496,0.2149295442610595,-1.7827516927249054,1
34.0,71.0,True,0.1872777777100462,0.1324642230785052,0.5085768964016105,0.6124200507998242,-4.261000220568659,1
34.0,72.0,True,0.1924870527765492,0.1407257708838233,0.5063255900605929,0.2046466856740561,-4.012925254159281,1
34.0,73.0,True,0.1610386845068023,0.1130853488343983,0.3877851595138662,0.7096851591560183,-4.850270258525241,1
34.0,74.0,True,0.140643272319314,0.1345830636716447,0.6042023738731602,1.061744612195788,-5.75666197783438,1
34.0,75.0,True,0.1564420479280849,0.0929239468863969,0.3479742322838409,0.2378923271685396,-4.987571279616039,1
34.0,76.0,True,0.1433665638501718,0.1254106695924373,0.4613875134091976,1.1549754975524835,-5.357441431007101,1
34.0,77.0,True,0.1295443395585136,0.0963287586200212,0.3333322375956695,0.5445583938612749,-5.778692154717597,1
34.0,78.0,True,0.2164303499995365,0.1169993294448397,0.4201726988293632,-0.1447035379261845,-3.173907301776829,1
34.0,79.0,True,0.1184882179363819,0.0886581856085349,0.3386490535637627,0.6958113477136817,-6.264410746444686,1
34.0,80.0,True,0.0787793026146704,0.0845879074619179,0.3230675106173386,1.0650793866281856,-7.7141580598984225,1
34.0,81.0,True,0.0877091717314214,0.0841401932171434,0.392827246900707,1.3170690771720577,-7.338373650852738,1
34.0,82.0,True,0.0779878490901789,0.0971964738180275,0.4133438523508233,1.7262226451502305,-7.777047517072024,1
34.0,83.0,True,0.1139569470834682,0.1317795331573512,0.4719708606416978,1.2919601639075948,-6.251801256441706,1
34.0,84.0,True,0.16865344563966,0.1293691947860419,0.5074990427465673,0.9890185317761956,-4.731201855241301,1
34.0,85.0,True,0.128324908144305,0.1347378430763566,0.5631092011249005,1.714317098125807,-6.156784660039111,1
34.0,86.0,True,0.3273718425904278,0.1446961540246291,0.6952363135618412,0.9784901806143788,0.2565731208818183,3
34.0,87.0,True,0.2788852526143671,0.1551728464209009,0.572476723890992,0.0643577392586793,-1.1887921709949485,1
34.0,88.0,True,0.4240299451619065,0.2392787190903484,0.9485991339366066,0.6575854661746362,3.3460752872772197,3
34.0,89.0,True,0.5375265002671493,0.3374146087707367,1.222680196989246,0.2781501936550578,7.141114577081583,2
34.0,90.0,True,0.5754548934756624,0.349458560752632,1.4617079529602324,0.6645198523411022,7.634508781695729,2
34.0,91.0,True,0.572759299321571,0.2366605815267069,1.0957398503669644,0.6167147786427242,7.872804723717092,2
34.0,92.0,True,0.6665025307867355,0.2263242688298969,1.1973740262993458,0.2370902977297282,10.8075977800533,2
34.0,93.0,True,0.6821596844816615,0.3272130129627383,1.3543001250103162,0.4639671493206928,11.396813143443266,2
34.0,94.0,True,0.4746622077138198,0.133734130003799,0.7170213204354776,-0.8410372479662573,4.873790736887924,3
34.0,95.0,True,0.4548988017722432,0.1572805703427079,0.6741466866792498,-0.4072475247526249,4.001912656403348,3
34.0,96.0,True,0.4892900225195968,0.3035831055555102,1.398398452642846,0.816422728850998,4.891124409717487,2
34.0,97.0,True,0.1785269230748478,0.1229728997068341,0.4951415604504131,0.4683767357607287,-4.575032618285543,1
34.0,98.0,False,,,,,,0
34.0,99.0,False,,,,,,0
34.0,100.0,False,,,,,,0
35.0,1.0,False,,,,,,0
35.0,2.0,False,,,,,,0
35.0,3.0,False,,,,,,0
35.0,4.0,False,,,,,,0
35.0,5.0,True,0.4293740512814354,0.2363170229513814,1.0572763968716588,1.3065851845785332,3.4707928964521493,2
35.0,6.0,True,0.4403635894108585,0.22872469677329,0.951252047315489,0.1097176320175857,3.939898340891173,3
35.0,7.0,True,0.3963669752438929,0.2667426927539394,0.9632944617632182,0.587617411419312,2.22609040014324,3
35.0,8.0,True,0.3610945380981659,0.1448133386453367,0.637468164642067,-0.2586585816544406,1.3586362499430922,3
35.0,9.0,True,0.3549176836124122,0.1720036320514827,0.6981700463719551,0.1768483343511519,1.080664192600958,3
35.0,10.0,True,0.3002179964392337,0.0824869271002687,0.4231367800685083,-0.1071513655042173,-0.6661227480222189,1
35.0,11.0,True,0.2481955358549511,0.1554417098604776,0.5599295731466923,0.5039105491001074,-2.318406373450125,1
35.0,12.0,True,0.1769573615499159,0.0879417602089703,0.3234765182959126,-0.4218688283674685,-4.31068645060814,1
35.0,13.0,True,0.2921012153573106,0.2077480931544924,0.6813443645691306,0.1928697743961155,-0.7597020658067634,3
35.0,14.0,True,0.1613435678551736,0.1253744812021542,0.4269541823824673,0.5303197515913525,-4.8287375568038255,1
35.0,15.0,True,0.1491861432812762,0.117239849407454,0.3877740198705122,0.2494149944240966,-5.490630251743803,1
35.0,16.0,True,0.3729619003503187,0.2350652973188201,0.8017513841198268,0.3173666794994501,1.4237855593901554,3
35.0,17.0,True,0.2328182715167737,0.1691082001205911,0.5360089901156332,0.1734027245662201,-2.8461381018799785,1
35.0,18.0,True,0.3879924731946148,0.1536905584197185,0.6689410183011854,-0.540967444953614,1.906121831944665,3
35.0,19.0,True,0.2011117740762526,0.1283600505483914,0.4619382146808873,0.301162461893042,-3.7553105041722095,1
35.0,20.0,True,0.2573556759256842,0.1940021041565592,0.6032831701203121,0.466068541271816,-1.9937180684435007,3
35.0,21.0,True,0.289656345449617,0.133937041065151,0.5638325401248575,0.0213314073160186,-1.365912652464525,1
35.0,22.0,True,0.3662081896671998,0.2055610781350387,0.8130298227712778,0.6029476066895079,1.1837350123717352,3
35.0,23.0,True,0.3492898349632121,0.2602257816147263,1.020516542666231,1.1205576302457427,0.8341440436704796,3
35.0,24.0,True,0.171200285709019,0.1217976340320364,0.3797191458953984,-0.0485601170202093,-4.547920674094593,1
35.0,25.0,True,0.2040553697176303,0.1746203076578778,0.5638921413325871,0.5476433867800315,-3.4764383841992896,1
35.0,26.0,True,0.204409852502267,0.1981248551127013,0.6556069814003335,0.7471492743474263,-3.47549694124875,1
35.0,27.0,True,0.2064550525676822,0.1566214520191738,0.4798025200189004,0.1151382541103211,-3.6202387623620784,1
35.0,28.0,True,0.2088931261254562,0.3050485240453519,1.5,2.4921621413412947,-4.309969046578446,3
35.0,29.0,True,0.2529353012029249,0.1680312175954089,0.5577852983708821,0.4272863849264533,-2.135619439545654,1
35.0,30.0,True,0.3014292101574622,0.2072802137943512,1.0622380936827367,0.9404468476858484,-0.9492966256735414,3
35.0,31.0,True,0.2303921867934182,0.1504056160275352,0.627590236707418,0.7637875692778424,-3.2759017878689445,1
35.0,32.0,True,0.5310837261357816,0.3365034430290352,1.3414538890025125,0.6531632853645442,6.410376995120218,2
35.0,33.0,True,0.4685285222378859,0.2126861562134618,0.9419068928091452,-0.1848263653448774,4.922182197627989,2
35.0,34.0,True,0.4850073688943416,0.1732893822214238,0.8294007473791614,-0.81288965320046,5.071059445650042,3
35.0,35.0,True,0.3653572428574473,0.1750614481525985,0.6703845478255949,-0.0169709438888252,1.3440686065928316,3
35.0,36.0,True,0.5585605335830091,0.210337568270515,0.9611316372831872,-0.578008836918138,6.972747020944621,2
35.0,37.0,True,0.5511035994183379,0.2314465668809854,1.3132054676774203,0.492516076123418,6.556638801799089,2
35.0,38.0,True,0.3938509217114378,0.1665196180272309,0.6907053508610179,-0.130165655185149,2.4123396943162665,3
35.0,39.0,True,0.3758528739559352,0.2088967740585213,0.7249915024383233,-0.1187341278262765,2.105470338171102,3
35.0,40.0,True,0.4938031937075023,0.3110055861505624,1.2185044772632283,0.2858670021973369,5.404027919219911,2
35.0,41.0,True,0.4413990908729338,0.2207520327710329,0.9227546891867378,0.5468443075935034,3.9512427460636097,3
35.0,42.0,True,0.4057553597288033,0.1916214083024256,0.7494656290631843,-0.1607268811145707,2.5924482927045105,3
35.0,43.0,True,0.414731836277582,0.1986250395247371,0.7587653613079296,-0.0028255945398704,3.0100349333780625,3
35.0,44.0,True,0.3248747939890251,0.1768944971747013,0.83720665093341,0.3596574313021398,-0.1785014528436087,3
35.0,45.0,True,0.3266367385887678,0.2684790389137158,1.013812524869399,0.9641667219071642,0.2192094439482636,3
35.0,46.0,True,0.3300655955701743,0.2345196093032094,0.7932316761241032,0.4905637867887912,0.2485097996127876,3
35.0,47.0,True,0.1980097387071099,0.1387225010625044,0.748169534300665,1.5739978869730924,-4.068285329113847,1
35.0,48.0,True,0.1450276056527087,0.1031259872346335,0.3131823205894508,-0.0239636444043844,-5.505481195935688,1
35.0,49.0,True,0.1856889480088425,0.0989804216881507,0.374502831298928,0.0384378670962059,-4.303225005386003,1
35.0,50.0,True,0.0988696436176343,0.0808748658104454,0.2511518045943812,0.4293968633673536,-6.966604721232229,1
35.0,51.0,True,0.1245034918965873,0.1974081984376047,0.6891710841009707,1.7514962256631368,-5.815653476986146,1
35.0,52.0,True,0.1547468831897523,0.1189577249831713,0.3772564085001048,0.2084729682810488,-5.142472946860473,1
35.0,53.0,True,0.2535728249231107,0.157669723672875,0.5614222308720493,0.2384486256279776,-2.213640618765456,1
35.0,54.0,True,0.2059374171287901,0.0681946386235321,0.3490423133159095,0.4165439617020254,-3.645243209514988,1
35.0,55.0,True,0.1982028087085351,0.1233353129075199,0.4543301740629985,0.8075576254561254,-3.808426345150292,1
35.0,56.0,True,0.2221728595442653,0.1733647173109228,0.6573496960739447,0.7275456791458809,-3.3209209713854113,1
35.0,57.0,True,0.2379392563148425,0.1775594078823457,0.5385802634079363,-0.0962523466135466,-2.390235859233674,1
35.0,58.0,True,0.2098988785634984,0.1762259045521451,0.587954069231685,0.5814502644324872,-3.389711474947279,1
35.0,59.0,True,0.1782440582561545,0.1103368795724303,0.6301471349867421,2.0437802378520153,-4.592442871910943,1
35.0,60.0,True,0.2893730125729606,0.179935787601377,0.6071811356491692,0.5710041067208561,-0.9471060244262012,3
35.0,61.0,True,0.2361504616462588,0.146581318861852,0.4704658518535226,-0.1189844027316399,-2.506365620529793,1
35.0,62.0,True,0.2049118967440712,0.1494638840852103,0.5744887285268035,0.9542152340512924,-3.55331510937904,1
35.0,63.0,True,0.2245742960635635,0.2047318533384728,0.7464427584937633,1.1074901128199477,-3.0083026436655222,3
35.0,64.0,True,0.287381341418644,0.1741010607475252,0.6145761452155613,0.3607976569097683,-0.8252227762837867,3
35.0,65.0,True,0.1875442550326987,0.1298103165054422,0.4804561971707465,0.4264355889351797,-4.1375349359704385,1
35.0,66.0,True,0.3053607184109808,0.1966014605143662,0.6501651842832195,-0.0271856194802186,-0.4334896053111604,3
35.0,67.0,True,0.3104864503631498,0.1520986169600929,0.552474659177346,-0.7262283406370204,-0.1711077129377677,3
35.0,68.0,True,0.2837194495891709,0.1772717729767362,0.7849474578620796,1.393223736999145,-1.3368843469036016,3
35.0,69.0,True,0.2167447973977779,0.1138574851281552,0.4386940848440374,-0.1216274290168467,-3.052868266729924,1
35.0,70.0,True,0.2553834437515824,0.1519960154828733,0.5377126146647287,-0.3058725010157372,-2.1572385289033624,1
35.0,71.0,True,0.2423645501519008,0.1411999014159125,0.4854637371927902,-0.1952910597544739,-2.331273431641418,1
35.0,72.0,True,0.2496354203462641,0.1168741465985379,0.4725638265667313,0.243019926295726,-2.233238606613355,1
35.0,73.0,True,0.3103735355140231,0.1611367267141806,0.6654841157274145,0.2734576714398,-0.3058461274846836,3
35.0,74.0,True,0.1641421812399776,0.0972023681331256,0.4054847942747471,0.175159645155815,-4.981042787808913,1
35.0,75.0,True,0.1275489978374681,0.0999847114320347,0.3534402800311818,0.4416391535016186,-5.933007949696346,1
35.0,76.0,True,0.13335437507417,0.0708639174410118,0.2522200430908587,-0.3475197819329828,-5.797905160959956,1
35.0,77.0,True,0.190192933857707,0.1227724259505597,0.4871585347835797,0.7323946418648412,-4.163630974503968,1
35.0,78.0,True,0.1820679316527104,0.146127390401716,0.6523044841754259,0.9294654539662436,-4.455995152673755,1
35.0,79.0,True,0.1668042976425184,0.0828861532937243,0.3218142078671349,0.0440177408261668,-4.712409541702653,1
35.0,80.0,True,0.1704548428938743,0.1329368836933477,0.4686810313795049,0.5433605504525767,-4.952916635951749,1
35.0,81.0,True,0.1231901852786118,0.0868739239739855,0.2833693629865314,0.1177709407146989,-6.180011751285542,1
35.0,82.0,True,0.1665434280349819,0.0869566369522186,0.3367444164046774,-0.2407861435072643,-4.8169324278377585,1
35.0,83.0,True,0.1170718781262865,0.1081345260356443,0.3296430294665399,0.5957944304015742,-6.159286237031582,1
35.0,84.0,True,0.3316991180422358,0.1925924473189764,0.7864667051964886,0.6304056261293464,0.281124702979148,3
35.0,85.0,True,0.2524687279228543,0.1826165617331009,0.6961075324726885,0.4552664974750653,-2.2935799245186965,3
35.0,86.0,True,0.2770515601611298,0.1541762454285478,0.6333448879223782,0.8462649874545752,-1.4914028520218916,1
35.0,87.0,True,0.3915058599723384,0.1769977304708669,0.7604989381222265,0.3683522383435011,2.3093637389541444,3
35.0,88.0,True,0.3955872597382557,0.2434289932056129,0.8670390593149837,0.1661902634183195,2.4847782805328418,3
35.0,89.0,True,0.4520753187512814,0.2404898169395374,1.0573341724504328,0.8791567566016097,4.1653961615006665,2
35.0,90.0,True,0.588971101849274,0.2673482113811723,1.277762057880459,0.956260486534496,8.470874314100245,2
35.0,91.0,True,0.6733445677436315,0.1809570616652684,1.225124934205157,0.5373708418904312,10.654421234159155,2
35.0,92.0,True,0.6306077196379565,0.1592129760923376,0.9613871597265607,0.345111168639867,9.72973124994678,2
35.0,93.0,True,0.471062741361309,0.2393358669423528,0.9026900067636262,-0.1588663059788663,4.841884974108694,2
35.0,94.0,True,0.5340562390849048,0.2618097845161779,1.111546848933712,0.6310145417338913,5.946271478934926,2
35.0,95.0,True,0.3183547723909292,0.2249684075034107,0.9397778537430508,1.6113626759489177,0.0793661187557685,3
35.0,96.0,True,0.5081945257256761,0.2228541739319601,0.8898530504027615,-0.0646680234726134,5.567506418955987,2
35.0,97.0,True,0.3245684227123311,0.2191926234269401,0.8014641304359703,0.5596616706709602,0.1610033961244382,3
35.0,98.0,False,,,,,,0
35.0,99.0,False,,,,,,0
35.0,100.0,False,,,,,,0
36.0,1.0,False,,,,,,0
36.0,2.0,False,,,,,,0
36.0,3.0,False,,,,,,0
36.0,4.0,True,0.1521767979285974,0.131036263808788,0.4486791252695709,0.6947117914969989,-5.104952979804424,1
36.0,5.0,True,0.3101295535934117,0.1579270925914392,0.6088930163765932,0.0110438684552729,-0.0558353408899561,3
36.0,6.0,True,0.3724838497654297,0.1768961578806129,0.8075066547823442,0.7891367628011215,1.7044115638840198,3
36.0,7.0,True,0.5018307881077285,0.1910717611011112,0.8113369666438498,-0.3603985926107151,5.80786101318297,3
36.0,8.0,True,0.2927508545603989,0.119231969213462,0.4522167805516432,-0.6106591634780029,-0.7932475244019569,1
36.0,9.0,True,0.2546345248390845,0.1501295708456971,0.8349176960811937,1.627916320637641,-2.3837204307440025,3
36.0,10.0,True,0.2968372394216659,0.1021951996238781,0.5036436816937705,0.3661756081173557,-0.7624446736784011,1
36.0,11.0,True,0.2256442695792543,0.1435290393564894,0.5875117416336272,0.9331624531455291,-2.769483760818424,1
36.0,12.0,True,0.2117171162742235,0.1341645381111489,0.497008708301595,0.2486220470889989,-3.180488912641694,1
36.0,13.0,True,0.3486680584136186,0.2501052269186772,0.9688007353230704,0.6004836699255958,0.5164044061182912,3
36.0,14.0,True,0.2844693504661298,0.1901824579620682,0.6504328859043963,0.1637771924560686,-1.0811910496422166,3
36.0,15.0,True,0.3098883077650704,0.2316090654311156,0.7714935098555636,0.4027037256975809,-0.5443261512395557,3
36.0,16.0,True,0.2699396140502241,0.1411139931551507,0.5437417413760027,-0.1374239718275573,-1.4156112935862877,1
36.0,17.0,True,0.2120233078685616,0.1251719600074561,0.5127885166068974,0.1259823919930322,-3.4509931339669473,1
36.0,18.0,True,0.2877326316739424,0.1547366314258339,0.595360129304306,0.3024388682832662,-1.1928795992060244,1
36.0,19.0,True,0.2256387188069709,0.1696465431562047,0.6257040980690088,0.6609637444769331,-2.9613137916243844,1
36.0,20.0,True,0.2868610531209328,0.2143599952222576,0.7840665837761601,0.7285148131984716,-0.7735482039380847,3
36.0,21.0,True,0.212667037281293,0.2296048630331689,0.8061671970219099,1.167886936734035,-3.603327128508182,3
36.0,22.0,True,0.1904690347726612,0.1348196074199786,0.5442341370500212,1.1689755307228769,-4.046637209998294,1
36.0,23.0,True,0.202942451755789,0.1598455068693724,0.5493911156081658,0.5884788249052255,-3.6996305176752746,1
36.0,24.0,True,0.2482526496407449,0.2022036581488739,0.6824540623372853,0.5275131706804702,-2.4499871245573877,3
36.0,25.0,True,0.2234510604925379,0.1263690354213978,0.5435489306210036,0.5711444517016157,-3.1175893893553335,1
36.0,26.0,True,0.2113213776203019,0.110610511096031,0.4551374753904448,0.5200850791734309,-3.4336738606242942,1
36.0,27.0,True,0.1864141684470976,0.1716417145481099,0.5590481997628384,0.8339289273811429,-4.577984579622588,1
36.0,28.0,True,0.1604292300443224,0.1255971889786258,0.4015800681347677,0.2889580932232963,-4.783516051460681,1
36.0,29.0,True,0.2466097442753655,0.0901964131656437,0.4055699157563844,-0.1979173030669088,-2.312328110703734,1
36.0,30.0,True,0.3226150702444197,0.1877762993671965,0.7205807167207644,-0.0930323194770548,-0.0200685750267003,3
36.0,31.0,True,0.3082754525142688,0.1097691869547836,0.5837101116457181,0.4736295544491024,-0.230757187764459,1
36.0,32.0,True,0.4057004069266864,0.1448838417557863,0.6237591496470318,-0.9199461252316008,2.353268470091298,3
36.0,33.0,True,0.6680516611416341,0.27595611572134,1.1668617582663765,-0.1901305772122169,10.671435045399372,2
36.0,34.0,True,0.5564606219846286,0.2409758655805724,0.9386659048664469,-0.4829257570697443,7.384960008636084,2
36.0,35.0,True,0.6410249025369787,0.1508818076247438,1.0492534867810586,0.7447163418789627,9.581407463710256,2
36.0,36.0,True,0.5171636992214215,0.1404042216607435,0.8754321205056222,0.1361203807160277,5.820266520662407,3
36.0,37.0,True,0.603155105733373,0.274692868778966,1.212921730731387,0.2791260175993612,9.036082821351592,2
36.0,38.0,True,0.3987411016274655,0.2433637784235887,1.0793415308524703,0.8066156762509,2.1565643987006125,3
36.0,39.0,True,0.4356044504017516,0.2671541953269372,1.2310166995305651,0.735723355687175,2.9520403174320764,2
36.0,40.0,True,0.3737019354765925,0.0969770218018373,0.6089116700139288,0.5816186795887557,1.7257162590173465,3
36.0,41.0,True,0.5200959640462693,0.1581969555466069,0.9864892365421692,0.4965210067970581,5.848320239525457,2
36.0,42.0,True,0.3098700274847369,0.1108534334596239,0.5516527341755547,-0.0154375261249243,-0.3045243236915018,1
36.0,43.0,True,0.1893160819209126,0.1152148368235684,0.4245697827774956,0.4713135125685417,-3.943075559734541,1
36.0,44.0,True,0.28064653607765,0.2235791085364344,0.8046246130572382,0.7570560672365767,-1.56376552181467,3
36.0,45.0,True,0.2007050467876186,0.1751186578313751,0.5683728712681602,0.6299960008635503,-3.652491916163215,1
36.0,46.0,True,0.1489559682457316,0.1229185883353717,0.4680266700234637,0.6866135366707133,-5.460208518052583,1
36.0,47.0,True,0.2705882898048183,0.123700712425342,0.4820825649097635,-0.2770090552099269,-1.6404972090519951,1
36.0,48.0,True,0.1321733781178207,0.1211021408499481,0.4010417552801576,0.563351520550413,-5.739214304912124,1
36.0,49.0,True,0.1299334381459406,0.0828371532056166,0.2676299174733788,0.1133274026995248,-5.8789351926833975,1
36.0,50.0,True,0.2420569500839809,0.1575984455649311,0.5958793018612508,0.4928239209853295,-2.2678482869243823,1
36.0,51.0,True,0.1441092432533937,0.1176365993583501,0.3830461916362319,0.3836463047722322,-5.431890709177336,1
36.0,52.0,True,0.1139718327614718,0.1233642233794576,0.3844496550803141,1.0636932360334526,-6.52925350561596,1
36.0,53.0,True,0.2093373063813724,0.162073323872378,0.5843346645148699,1.078202445008868,-3.619990621651116,1
36.0,54.0,True,0.1684498784139404,0.1352846991213809,0.5395426100612032,1.1533537181709277,-4.7334220753819585,1
36.0,55.0,True,0.2093203423650829,0.1185900634185913,0.3990426629916507,-0.1339235822215733,-3.4663248694419524,1
36.0,56.0,True,0.2009505505164005,0.1501739555573145,0.5491107575568899,0.6266177280691292,-3.79239118335049,1
36.0,57.0,True,0.2447822797449738,0.2264920829783129,0.8620705723188675,1.3734988240998414,-2.735173352905675,3
36.0,58.0,True,0.1986983961788684,0.1254967750714051,0.485465122347608,0.7168226733722465,-3.7615559577776754,1
36.0,59.0,True,0.3446980115362026,0.1415005696444942,0.8454916869185289,1.1668758149927732,0.4733627006803226,3
36.0,60.0,True,0.2473698336400188,0.1789769081463463,0.653965799916435,0.6451669709188966,-2.529991626424778,3
36.0,61.0,True,0.2894012418166997,0.2205776449662331,1.0717358125910743,1.3578876161046904,-1.4154898805232985,3
36.0,62.0,True,0.2284468934534374,0.1226950608726018,0.3980301031817523,-0.3854959463161284,-2.851628277481698,1
36.0,63.0,True,0.3000348527378627,0.1371651673297501,0.6348604507139616,0.3512289370516426,-0.6648993981321124,1
36.0,64.0,True,0.2463136734662405,0.1328309826689158,0.5275561344421767,0.0956346142321136,-2.3346214393336795,1
36.0,65.0,True,0.2093615614948018,0.1350332291740928,0.5494402421535629,0.237075764201918,-3.641148536443596,1
36.0,66.0,True,0.1719048317810219,0.1044637599123503,0.4508603104789872,0.8721089608660725,-4.507848464037726,1
36.0,67.0,True,0.2264886006083464,0.1553100163903795,0.5661238058654482,0.8800046619468518,-3.157760146562671,1
36.0,68.0,True,0.3110607564936858,0.2029592728123555,0.786205226930275,0.9629739898011132,-0.5676517764233895,3
36.0,69.0,True,0.3514467399741289,0.2568448662267853,0.7672904232130233,0.0024171681637661,1.2764353870408234,3
36.0,70.0,True,0.2800948552680906,0.1983619549183341,0.8252179979098209,1.0098984765411383,-1.424944282721664,3
36.0,71.0,True,0.2550836701498992,0.1542153476604117,0.5751024841268834,-0.022723719431275,-2.2704907399476784,1
36.0,72.0,True,0.1444795465070973,0.1115475263704086,0.3483516878914231,0.4357063683959555,-5.590195049877248,1
36.0,73.0,True,0.2196972521738616,0.1566616383206173,0.6352577145052445,1.0399666709029622,-3.0010178052413004,1
36.0,74.0,True,0.1744238118567952,0.0845064795542419,0.3044202449145211,-0.3557435377981165,-4.469959279173362,1
36.0,75.0,True,0.1940054767793022,0.0928869732239475,0.3912805582451722,-0.0625972448866551,-3.907652946177409,1
36.0,76.0,True,0.1935859209653017,0.1277568720399606,0.3842689202516229,-0.232305642499167,-3.831366953569309,1
36.0,77.0,True,0.1470390785660855,0.0990390691611245,0.3467194732600346,0.4577743091168186,-5.4355734696049165,1
36.0,78.0,True,0.1552843576380692,0.1473342667827091,0.437025212647266,0.695834667122763,-5.02703069199228,1
36.0,79.0,True,0.1359506881933207,0.1228558127738376,0.4197977029291657,0.5572535038121691,-5.823586631974967,1
36.0,80.0,True,0.1908920858657296,0.2074871609140236,0.6163694289384826,0.6707188080894391,-3.8027002574791817,1
36.0,81.0,True,0.1883418335725103,0.1137211877321214,0.4832059486864571,0.7795745355931176,-4.20939791107067,1
36.0,82.0,True,0.1735653548214057,0.1062816019401424,0.3658388611960712,0.0625695211431467,-4.43607158784606,1
36.0,83.0,True,0.2856580314826758,0.242547967052138,0.9618596149972376,1.3559114879387224,-1.1071560267608964,3
36.0,84.0,True,0.2057415642691615,0.1430777480377972,0.5210752265021027,0.6339704325271579,-3.5681735817586464,1
36.0,85.0,True,0.3212644664354304,0.152198155724305,0.6398174922838115,0.305250174960437,-0.1328273241335302,3
36.0,86.0,True,0.2596046465424049,0.1426594972663463,0.5883430527747794,0.2337650390315425,-1.8890814741676265,1
36.0,87.0,True,0.3162438941747291,0.204613665796444,0.7336446118751001,0.4895017625638463,-0.0200145005300811,3
36.0,88.0,True,0.4129609106937676,0.1372769625886023,0.6643557021349124,-0.6447542427671475,2.878952217019728,3
36.0,89.0,True,0.5927776023299156,0.1726748497828917,1.0396920882738376,0.5752275051331065,8.371083294658073,2
36.0,90.0,True,0.6096315097804904,0.2247918194819747,0.963415227932826,-0.3581802798373139,8.653315526455478,2
36.0,91.0,True,0.6988683272484693,0.1925283054115277,1.0601308660714652,-0.175359838099882,11.835550512920795,2
36.0,92.0,True,0.563537515128235,0.1116268793406651,0.7750702626433769,-1.4155277731768798,7.721663240217513,3
36.0,93.0,True,0.5372355206323053,0.2120760050763608,1.0049558741563906,0.4044255061873068,6.787081478304481,2
36.0,94.0,True,0.3720731523749045,0.1595014378162521,0.6968337087937923,0.1564016226181382,1.5633478374642156,3
36.0,95.0,True,0.4165663655277728,0.2262033339323665,0.8125271405723089,-0.2877512901287236,2.9119315321531323,3
36.0,96.0,True,0.1876303356879824,0.1101931869021353,0.4169220239514256,0.1165513057919319,-4.334510730453107,1
36.0,97.0,True,0.35304012932931,0.2207274225861057,0.7314606427581857,-0.0385158484286246,1.0134726878426474,3
36.0,98.0,True,0.0188395658953537,0.0344799534132761,0.1525459221019712,2.1100268207061297,-9.39308829632508,1
36.0,99.0,False,,,,,,0
36.0,100.0,False,,,,,,0
37.0,1.0,False,,,,,,0
37.0,2.0,False,,,,,,0
37.0,3.0,False,,,,,,0
37.0,4.0,True,0.2355037643089855,0.1200697470942553,0.5070748392669421,0.2679500625103824,-2.526807059013276,1
37.0,5.0,True,0.5058552444994312,0.2232069284233513,1.1104001568117332,1.326434052278565,5.562062952111661,2
37.0,6.0,True,0.4258873534126479,0.2100274288353102,0.990809235867352,0.9535646594453284,3.1868836550741113,3
37.0,7.0,True,0.3356734359127256,0.1679798709190157,0.6426981991501424,-0.0635971434068064,0.6645695455206265,3
37.0,8.0,True,0.2767876294249144,0.1826166524058991,0.6352757308005199,-0.007861971690859,-1.0929263990571758,3
37.0,9.0,True,0.2583314677015348,0.1405912882372113,0.5224652346441356,-0.0620378405834268,-1.8459639550153135,1
37.0,10.0,True,0.3803578620553134,0.1930195384512741,0.7247778974856323,-0.2506236313842692,1.9628336203442829,3
37.0,11.0,True,0.2833164900428653,0.2070491043436832,0.7032965692676865,0.3413836623620908,-1.284859003065828,3
37.0,12.0,True,0.1231065954740283,0.085427025567878,0.280041781777956,0.2711459830211686,-6.005924388298371,1
37.0,13.0,True,0.2313540670308118,0.2861718940116355,1.0748469248956107,1.7758298115983682,-2.986202541126434,3
37.0,14.0,True,0.2664569342221315,0.1365729392768582,0.6141643691811438,1.161321139948394,-1.5664511209570136,1
37.0,15.0,True,0.3348598530044637,0.2336930372476106,0.8106111833542627,0.2019379794759728,0.2718719619808812,3
37.0,16.0,True,0.1796502182820935,0.2255872739847039,0.7943704688074301,1.3985792740924978,-4.337634226338093,3
37.0,17.0,True,0.2483739340708247,0.1259930623097241,0.5052291321045156,0.1322349914676003,-2.0493696763877,1
37.0,18.0,True,0.2291703459706892,0.1305389605095361,0.437623253415903,0.0453991954921652,-2.7342091459715245,1
37.0,19.0,True,0.2401743459776194,0.135905929071328,0.4314312068632059,-0.2017763766427642,-2.5060517508669564,1
37.0,20.0,True,0.329306114409097,0.1664038535002458,0.609195592077093,-0.2879601835777565,0.5653925262359689,3
37.0,21.0,True,0.2507605230108917,0.1757275577428627,0.5727872963733028,0.1380373107229662,-2.0690899517914993,1
37.0,22.0,True,0.2686764911535495,0.1431439928944929,0.6722738907437349,1.1985688573171036,-1.887677466126637,1
37.0,23.0,True,0.2679107954087504,0.1337493711230883,0.4328310214187953,-0.7432322344036172,-1.5870337401428805,1
37.0,24.0,True,0.3214383388298247,0.2628959760203805,0.9814100611476656,0.7786074904072116,-0.1243994054511961,3
37.0,25.0,True,0.1883096976819052,0.150266801623037,0.5311166048646604,0.4410942306364376,-4.512063402804606,1
37.0,26.0,True,0.3455627291682671,0.1872877359912981,0.6533981608552893,-0.2918621477483483,0.6473699962879813,3
37.0,27.0,True,0.2790881769957612,0.1767727767296154,0.7978328163995517,0.638973566824183,-1.6401326462079322,3
37.0,28.0,True,0.2976137012872146,0.1574434873763838,0.6445660441671663,0.3336342955701089,-0.462060255509395,3
37.0,29.0,True,0.3263304551055488,0.2245219413930596,1.0447948576825068,0.8633092822506613,-0.188393364339083,3
37.0,30.0,True,0.2722415182170122,0.2000960520608577,0.6851378951965853,0.4113295928745191,-1.4958493854433788,3
37.0,31.0,True,0.4627353178475263,0.226203174145244,1.1823469600965923,1.0603539350913167,3.876264842363859,2
37.0,32.0,True,0.5115621384784138,0.2061848480039854,0.8749213299282548,0.1450513064494984,6.2979865263302255,2
37.0,33.0,True,0.4092393504444241,0.1930052267965653,1.0210977136700696,0.9127491393844692,2.250404554644472,3
37.0,34.0,True,0.7763234221749653,0.279283678482877,1.5,-0.0366633401410581,14.05648544735812,2
37.0,35.0,True,0.7477449204973513,0.3008714655301298,1.5,0.1456888419948301,12.45907889308216,2
37.0,36.0,True,0.8121431865808009,0.318798421786887,1.5,0.0923024101140959,14.40855766263372,2
37.0,37.0,True,0.6811953746402842,0.4069863374145617,1.5,0.6661854073878066,11.56572529971123,2
37.0,38.0,True,0.5418661070560111,0.3282825578913523,1.2061054429716298,0.2825171384916856,6.755507286435187,2
37.0,39.0,True,0.5744800907336425,0.2235665796900284,1.1002898162454622,0.7316847947991846,7.685701919506441,2
37.0,40.0,True,0.4556029092467152,0.2562317272452117,1.034034775775614,0.4754035613804929,3.577589107978431,2
37.0,41.0,True,0.3849933701754662,0.1301241915490077,0.6727332041370748,0.0177124518387988,2.3013383802256975,3
37.0,42.0,True,0.4378406222258121,0.2918513491064966,1.2705261922552398,1.142747177991964,3.1836582445422916,2
37.0,43.0,True,0.4101521622192715,0.1726495385901509,0.7220692525501153,-0.3494917938347591,3.21776020120841,3
37.0,44.0,True,0.3482021207134599,0.2037452203876696,0.7398629352836981,0.3027474902862855,0.7385317547412701,3
37.0,45.0,True,0.2066136865691109,0.1676429617421332,0.635264706449782,0.9432706234372092,-3.4692208455159737,1
37.0,46.0,True,0.186568702832417,0.0945713607318808,0.3719671489868287,-0.3517012092293171,-4.304404230535962,1
37.0,47.0,True,0.1739341076712752,0.1391647315945892,0.583692501918936,0.725644272706831,-4.7811920081713515,1
37.0,48.0,True,0.2244176065224524,0.138059623675032,0.5069833194068227,0.5512522296771764,-2.996768735372731,1
37.0,49.0,True,0.2034959884415895,0.2102230524454242,0.7102594082347937,0.8179227001542848,-3.738063805827131,3
37.0,50.0,True,0.1715321774491403,0.1174174242775463,0.5404786805267755,0.6656891576361362,-4.802069816548675,1
37.0,51.0,True,0.1745594168218869,0.1541827243450469,0.5358914026600454,0.9375365621566222,-4.434289053412938,1
37.0,52.0,True,0.1517409994845134,0.0901944048333102,0.3166631224881689,0.0427229280101526,-5.13831322858626,1
37.0,53.0,True,0.1257827770893283,0.1228760368519249,0.3897050869588399,0.6861925503209124,-6.036938355004734,1
37.0,54.0,True,0.1818201495678806,0.1744042483040001,0.6183104381006237,1.0663591390876823,-4.5414049152721585,1
37.0,55.0,True,0.1985646985246815,0.1584479028818692,0.5116526733985715,0.5927906066617041,-4.100678483504843,1
37.0,56.0,True,0.1289873231657125,0.1044162005850294,0.3869447467807335,0.7162013897772344,-6.101054535754204,1
37.0,57.0,True,0.2597278963965612,0.129134205502844,0.4979503480805936,-0.0858525665639868,-1.8905869337027423,1
37.0,58.0,True,0.146258815738417,0.099605373121831,0.3863538086388858,0.6870911203782524,-5.308268663907655,1
37.0,59.0,True,0.3339773693331672,0.1891044975261774,0.6539357285320406,-0.2621997252009154,0.5802731767395031,3
37.0,60.0,True,0.3496912539904424,0.1751996931980478,0.8037592550710874,0.8108634184404993,1.2250232272207393,3
37.0,61.0,True,0.1993725727633055,0.1205359250111538,0.4349884759574149,0.1487949964234557,-3.797546778119049,1
37.0,62.0,True,0.1727147941847178,0.122020067570576,0.4293594516304842,0.1963950867243351,-4.5022246488606354,1
37.0,63.0,True,0.1710221128387793,0.1286511482812596,0.4083896966334774,0.3298366442212543,-4.568236362198047,1
37.0,64.0,True,0.2113668257196481,0.1027334037940002,0.3831861043926339,-0.3123536002832595,-3.4212887077184515,1
37.0,65.0,True,0.2820371231619243,0.208764759700664,0.8370443731347089,0.6264668259021464,-1.4172862329888916,3
37.0,66.0,True,0.1664837817926283,0.1411359464998627,0.5689286101135577,0.874846206030077,-4.846541610678822,1
37.0,67.0,True,0.1458957137297483,0.1211909149661533,0.3870560495699805,0.3411039871330568,-5.480599492801726,1
37.0,68.0,True,0.2733045500940119,0.1253197695376804,0.5101352470492174,0.1450297079802539,-1.3594436787999378,1
37.0,69.0,True,0.2056715980080914,0.1175354135788096,0.5194454009933651,0.3514089781799516,-3.726475314226274,1
37.0,70.0,True,0.3295416399608978,0.2207923848770361,0.8889831199374651,1.016077231103244,0.3121166615422,3
37.0,71.0,True,0.2304749466884261,0.1645173163700068,0.609478676264173,0.2612440749567213,-2.9850179256824827,1
37.0,72.0,True,0.2701361822130022,0.1451637342656686,0.6408794576318599,0.8974988847417898,-1.385126807947453,1
37.0,73.0,True,0.2130443243077228,0.1223503981481286,0.4791763047173239,0.462405542485169,-3.2591749576580753,1
37.0,74.0,True,0.1673931711015648,0.0907101133949348,0.3175015965504748,-0.0004810815213788,-4.842182243430117,1
37.0,75.0,True,0.1733050350171405,0.0812167324363646,0.3230500275762115,0.1081199374498591,-4.531741018224609,1
37.0,76.0,True,0.1686636206000008,0.1102403131552442,0.3399564920407672,-0.0552487136820376,-4.627912044062619,1
37.0,77.0,True,0.1443527709434737,0.1012166459541288,0.453259987691994,1.622839031752287,-5.451293189998971,1
37.0,78.0,True,0.2006337739825261,0.1044594962409419,0.4619824159550338,0.4009781734641243,-3.5599779204954984,1
37.0,79.0,True,0.1004246541918093,0.0502845731779174,0.2354613781976835,0.7680257940835082,-6.769400060788532,1
37.0,80.0,True,0.161816915450445,0.1047903227843725,0.3866044254031192,0.3942047138520629,-4.920528539376019,1
37.0,81.0,True,0.2365415210003533,0.138277826136843,0.5485505180115987,0.3406203441434406,-2.5551497264657095,1
37.0,82.0,True,0.2396646848018614,0.2078510352239355,0.6945018626297275,0.6981497843534348,-2.2673552218303414,3
37.0,83.0,True,0.2321173745439531,0.1175268181751634,0.4810831252050416,0.067026611162343,-2.6445693851863736,1
37.0,84.0,True,0.2064806660092284,0.099917154556455,0.3698492425156767,-0.187782227806571,-3.43465301844235,1
37.0,85.0,True,0.1887355484658659,0.1538800850300116,0.450828789398304,0.2027228215868761,-4.17141899429885,1
37.0,86.0,True,0.2000469248856583,0.1198806415012336,0.3934107010791404,0.2467583872201761,-3.84286727959218,1
37.0,87.0,True,0.3890396280793448,0.2112132028382895,0.9532222872692592,0.3492632473679375,1.6343972321835287,3
37.0,88.0,True,0.5894835519334056,0.2546727864935826,1.143492684630124,0.2516628906807621,8.27151895800114,2
37.0,89.0,True,0.6576939140290009,0.1573614464853111,0.9823067145595435,0.1427006789747159,10.116881347183767,2
37.0,90.0,True,0.540955889494052,0.1729763639754723,0.8737625906992531,0.1533097130038871,6.818400323208137,2
37.0,91.0,True,0.5922055819865057,0.2371302539549355,1.1362151431674197,0.2860310560732164,8.201451472448014,2
37.0,92.0,True,0.5580348286766442,0.1569465249924266,0.8839056199984378,-0.1591258407343116,7.491980536918173,2
37.0,93.0,True,0.347858436734405,0.1911115718327748,0.7768846699224466,0.34646392134138,0.3141614405934794,3
37.0,94.0,True,0.3990481104562123,0.2444485721640618,0.9072381824642016,0.4812862015997859,2.4094985436059906,3
37.0,95.0,True,0.2109293181849877,0.1114926518885098,0.4180033818590734,0.071719113560511,-3.329769561411013,1
37.0,96.0,True,0.3208263308271954,0.1154042749933662,0.6040149772793258,0.7023714503390127,0.052114078287719,1
37.0,97.0,True,0.3843986942639615,0.2409800800499302,0.7722488341664853,-0.3759185425276168,1.838671721930868,3
37.0,98.0,True,0.093779906870538,0.0761622891930866,0.2857675659277183,0.8051189493515111,-6.958967082020002,1
37.0,99.0,False,,,,,,0
37.0,100.0,False,,,,,,0
38.0,1.0,False,,,,,,0
38.0,2.0,False,,,,,,0
38.0,3.0,False,,,,,,0
38.0,4.0,True,0.4062921800609662,0.1941647799385586,0.9363231534780596,0.6387707542367986,2.387347826958131,3
38.0,5.0,True,0.5241264938259064,0.2424775237954534,0.9703893345472956,-0.0656794022758019,6.441627179112801,2
38.0,6.0,True,0.2957554044020083,0.1714222152520522,0.696223893568088,0.6612362736749131,-0.7154841594475171,3
38.0,7.0,True,0.3069876415592029,0.1367754960068656,0.5567277711642055,0.2686307633226129,-0.4130150934705806,1
38.0,8.0,True,0.2118928836679151,0.1332412460275785,0.4706417542890115,0.1314361097199267,-3.250677828315859,1
38.0,9.0,True,0.4160102310206809,0.2433169081761936,0.8934964535118627,0.261550752572964,2.3761870619650205,3
38.0,10.0,True,0.163034310174705,0.125226499532997,0.5343346792461484,0.8072212243027891,-4.965644379558807,1
38.0,11.0,True,0.1698618017416139,0.1153066241911576,0.4809588004491748,1.1844188591679148,-4.748886281872492,1
38.0,12.0,True,0.246082153625547,0.1308046212639821,0.4916953899350062,-0.2314947025243282,-2.39998428248249,1
38.0,13.0,True,0.1804546087938426,0.1463667831674674,0.5294366518044702,0.8025293188451633,-4.459488249583557,1
38.0,14.0,True,0.2107558898620116,0.13371792703397,0.4585949566997125,0.4200516078181108,-3.279729348367809,1
38.0,15.0,True,0.3215858543031925,0.2746117613632432,1.0309367789323478,1.1116646674839792,-0.0542813997042888,3
38.0,16.0,True,0.2891900168386267,0.1867350858801585,0.7185344945920195,0.825786115567204,-1.2084668276610553,3
38.0,17.0,True,0.1769577320325548,0.1411826432989254,0.4789298448370299,0.668494207000277,-4.402285396037167,1
38.0,18.0,True,0.1496385034157571,0.1123705961611337,0.3857843702273368,0.4547232463119412,-5.37293501165573,1
38.0,19.0,True,0.2003985789476523,0.1813650866249073,0.6057841834928311,0.6507097115002187,-3.709955845632025,1
38.0,20.0,True,0.2951127070681524,0.1910257661895708,0.7286406711715023,0.7085173078760848,-0.6803588210753647,3
38.0,21.0,True,0.2655854560450075,0.3226052122216764,1.0872182180645185,1.3827588849510122,-1.8031049287376688,3
38.0,22.0,True,0.2331584568811947,0.1452481947539783,0.6075174723469987,0.7380939724319503,-2.7480504226189937,1
38.0,23.0,True,0.3318451836574458,0.2781223595189694,0.9384534496134344,0.6269669707161096,0.2797953372456309,3
38.0,24.0,True,0.2784783963706047,0.1584418706931658,0.7516713782808429,0.4981278744904043,-1.4642266159890878,3
38.0,25.0,True,0.2761397389846381,0.1385916697695424,0.4773383745150112,-0.2100262012837747,-1.401855449311976,1
38.0,26.0,True,0.2365247420312803,0.1356949689339772,0.4759192738416748,0.0243088811111105,-2.773733867133141,1
38.0,27.0,True,0.3008346481289563,0.1514320600973815,0.6195668629676183,0.0351549241677564,-0.6816314045950026,3
38.0,28.0,True,0.3108920819281505,0.1242541206314649,0.5730779107822239,0.1998408858853197,-0.2598710529581166,1
38.0,29.0,True,0.2391658333265228,0.1560438433555236,0.5822252187462152,0.3366170722362554,-2.660325472373799,1
38.0,30.0,True,0.5031667780854744,0.1983838015358136,1.19387938999103,1.2690598551277086,5.133631136919075,2
38.0,31.0,True,0.3762860294764956,0.1988664264242382,0.8689036518692111,0.6132749179012663,1.3977198394987842,3
38.0,32.0,True,0.4621330823317873,0.2421081997187064,0.93673094789328,0.2141353980262753,4.317723117846804,2
38.0,33.0,True,0.5752903501312849,0.3436178178039599,1.1388000733597623,0.0755970482453096,7.901435879025116,2
38.0,34.0,True,0.6476036131483187,0.2954126094409599,1.2461398315873775,0.252274978579943,10.082592721773365,2
38.0,35.0,True,0.5022551146358333,0.1145333227708469,0.8306833516620747,0.3810772172315526,5.409949910107637,3
38.0,36.0,True,0.5800031643217538,0.2063415817858829,1.057688294244279,0.8466683613222453,8.032486083747163,2
38.0,37.0,True,0.4077669164244164,0.1865311436534792,0.9225939087645628,0.3445915409665762,2.6741019338423726,3
38.0,38.0,True,0.3715428822817777,0.1761782589742002,0.6877053158042911,-0.1488975352584449,1.719769199155342,3
38.0,39.0,True,0.6502276865076193,0.3017730743850255,1.272674510200781,0.3307284798178115,9.992885798978492,2
38.0,40.0,True,0.5217411996479623,0.1903087573701104,0.9022889531532816,-0.1557116895869034,6.501807405551911,2
38.0,41.0,True,0.4249148521792276,0.2144072520476806,0.8690177939042456,0.5049141863452036,3.0632352571582793,3
38.0,42.0,True,0.3916913491001514,0.1990909342388546,0.7795124567083094,0.0711287366456448,2.2841126129489338,3
38.0,43.0,True,0.3081684336168973,0.1772136250939541,0.6966813988864208,0.7028441167581055,-0.4381007041902885,3
38.0,44.0,True,0.2352659473746722,0.1371620722392455,0.5339500866288374,0.0870589433596728,-2.5343796013134723,1
38.0,45.0,True,0.2768430877419978,0.1690217155257518,0.6024038452211296,0.2066377503790605,-1.433406808337368,3
38.0,46.0,True,0.2640300292528123,0.2054166151286126,0.783632024980429,0.7086110559828149,-2.189022105981368,3
38.0,47.0,True,0.28381754495592,0.2402134165906338,0.8218731390805598,0.9472820841668405,-1.092747266600438,3
38.0,48.0,True,0.1148415719881369,0.0856741686168485,0.3390360210211429,0.9346987848296276,-6.412980536194461,1
38.0,49.0,True,0.1277790190440503,0.1336331242936977,0.3946554963292102,0.7116038234265047,-5.960678932127787,1
38.0,50.0,True,0.14348030311491,0.136098554308897,0.4415782339787443,0.5569129541413904,-5.632140309915807,1
38.0,51.0,True,0.2263392894441979,0.1157082870851642,0.434603256490684,0.0208416806561318,-2.9259924387719076,1
38.0,52.0,True,0.1445560827436061,0.1297186057653191,0.3685377748677237,0.4643171508443589,-5.529085784673602,1
38.0,53.0,True,0.1623319418305609,0.1193824096509533,0.378396353634882,0.2351828279031715,-4.905651336694498,1
38.0,54.0,True,0.2279983663946017,0.1383568590130987,0.6180632143907528,0.5682116490808319,-2.987213224382004,1
38.0,55.0,True,0.2360474163380915,0.130557846277156,0.646107742952192,0.7593434041426442,-2.758851129541995,1
38.0,56.0,True,0.2113108109945865,0.125779764411869,0.4995685246440463,0.4145953866336014,-3.331022086512198,1
38.0,57.0,True,0.1664401484979403,0.1098912040261886,0.3981165120898632,0.3556792260729559,-4.826500838732351,1
38.0,58.0,True,0.1933655008333611,0.1321861673258239,0.4585783941579494,0.4836176022097946,-3.937521643688485,1
38.0,59.0,True,0.199766810227816,0.1535105240299119,0.6358914246880495,0.7612207458388502,-3.8423641118048057,1
38.0,60.0,True,0.3029443511665059,0.0945304023902854,0.5673318585367941,0.5520313870556891,-0.8026800041174506,1
38.0,61.0,True,0.2996267439486159,0.1466021676747091,0.6161055096952891,0.0126814989240999,-0.9023418360568964,3
38.0,62.0,True,0.1883110303373005,0.1244336482256392,0.5731324209907313,0.5829522110962575,-4.3640197306726405,1
38.0,63.0,True,0.1210863420300638,0.0747480063799631,0.3434732322613978,0.7173749903035954,-6.266396612358627,1
38.0,64.0,True,0.1922758403429465,0.1321889640274814,0.5385200208927694,0.2894580792587453,-4.054565276260527,1
38.0,65.0,True,0.2414391849738089,0.2004185007919338,0.779260766678901,1.075065933637001,-2.478704324007305,3
38.0,66.0,True,0.2949847952944136,0.1978813256562804,0.6862709151945204,0.2362286180303417,-0.596583709839691,3
38.0,67.0,True,0.1964149165662132,0.1498104942932156,0.5785922237497496,0.8768298052420535,-3.696268786235753,1
38.0,68.0,True,0.2054120663224845,0.1899645294910977,0.5936195913469258,0.6799165000896514,-3.614449036308454,1
38.0,69.0,True,0.2828809282693921,0.2314307133610635,0.8513164149013753,0.9553233462401876,-1.1226338804916545,3
38.0,70.0,True,0.2729604032430945,0.1642497284680522,0.5820072042560134,0.1842988128680377,-1.2287208052349738,1
38.0,71.0,True,0.357738984681522,0.1766512983982933,0.800324272807793,-0.0774102753064022,0.8585761895196237,3
38.0,72.0,True,0.2884000881042223,0.1747439949548068,0.5905750268185699,0.132970253247818,-1.1798730939231523,3
38.0,73.0,True,0.4680404284391799,0.2784774361917045,0.9421667799737924,0.0631179999767971,4.826227915447045,2
38.0,74.0,True,0.3202501272167596,0.1731569967704221,0.7286425344186485,0.5440073896018855,0.0508672042800892,3
38.0,75.0,True,0.2341360318586122,0.1207031688158691,0.53364700879427,0.1405971607898482,-2.7319543008980265,1
38.0,76.0,True,0.1577180817860707,0.1586006125919508,0.4974184781038848,0.644602156278846,-4.804520322300296,1
38.0,77.0,True,0.1706502254941781,0.2062591147566976,0.732498756598001,1.5004579256914496,-4.7586544071641805,1
38.0,78.0,True,0.2561975318436974,0.196838627884887,0.5736449618461252,-0.027118165847504,-1.731495902656905,3
38.0,79.0,True,0.2638420929688672,0.0890227605939275,0.4537695975251925,0.1160776200294681,-1.8004825071521908,1
38.0,80.0,True,0.1876598093126336,0.1484414125209729,0.4691206731740509,0.5015078219571949,-4.185318609292911,1
38.0,81.0,True,0.2586130582764289,0.1191848701869826,0.4671574150885837,-0.0779332350420799,-1.942028120180747,1
38.0,82.0,True,0.2759184670778233,0.1474952780769859,0.5237102285500288,-0.0370739047753168,-1.6508179976740125,1
38.0,83.0,True,0.1064141380536,0.139581609509154,0.4961968922651473,1.640444863064454,-6.506744632233284,1
38.0,84.0,True,0.2595067675835091,0.1297547413443191,0.5025372976182673,0.5007672040277967,-1.9656204958803387,1
38.0,85.0,True,0.2768436695539126,0.1955098479187381,0.6752978343100191,0.2556982087088872,-1.7450779386287731,3
38.0,86.0,True,0.2949679006804862,0.115372874365697,0.7926079421864952,2.2677733878228925,-1.065553090573773,3
38.0,87.0,True,0.2943390172292232,0.1347526714024984,0.6028002300300541,0.4003552823604675,-0.8532710600787047,1
38.0,88.0,True,0.685868536807677,0.2297512789403705,1.104131192875136,0.2258986499551842,10.999795402633929,2
38.0,89.0,True,0.6074578480048941,0.3549324639528593,1.3583254335090835,0.3213325024049714,9.28938858194274,2
38.0,90.0,True,0.7079832222900577,0.2984303367981904,1.192655973920713,-0.1902829101985028,11.784371619566327,2
38.0,91.0,True,0.715960095731429,0.2549776464546401,1.104409882777344,-0.1886391563423726,12.27536327311512,2
38.0,92.0,True,0.8233815165392716,0.2774226889438546,1.3996413441457785,0.2957352065367601,15.704946393969818,2
38.0,93.0,True,0.2575793987480516,0.1334371161514449,0.5167014614220808,-0.1552786634744249,-1.8884891612015535,1
38.0,94.0,True,0.3932729371026344,0.1549096307435347,0.7364978256578216,0.4125728833189013,2.4990097521240795,3
38.0,95.0,True,0.4901071988337669,0.2021896804141287,0.9136044431668434,-0.2310362546742282,5.379398773997909,2
38.0,96.0,True,0.391727992746909,0.0892890593652873,0.5611184070513249,0.2331983918584519,2.234705412236329,3
38.0,97.0,True,0.3653309817283952,0.1505375082966692,0.6000312175268185,-0.3370857521635927,1.2931812740409308,3
38.0,98.0,True,0.1275429694413594,0.0892652900259564,0.3144935906832165,0.3983779675147146,-6.024376155250953,1
38.0,99.0,False,,,,,,0
38.0,100.0,False,,,,,,0
39.0,1.0,False,,,,,,0
39.0,2.0,False,,,,,,0
39.0,3.0,True,0.0428170474240651,0.0547623780150409,0.1614800488848432,0.9511083620534098,-8.528126062898739,1
39.0,4.0,True,0.4822391461281187,0.3278721394782071,1.0340906919694195,-0.0521926755712596,5.190235221429332,2
39.0,5.0,True,0.4346325067449368,0.2313295722891623,0.7718470080868397,-0.2347486199289924,3.7080136473950702,3
39.0,6.0,True,0.3480626476294258,0.1471581952862113,0.6539482647655639,0.1169042962439906,1.1507989091309372,3
39.0,7.0,True,0.3290552500137479,0.1543448708917278,0.6025332219390612,-0.0672224163073017,0.1677929862481792,3
39.0,8.0,True,0.1733463647166723,0.0839915074873103,0.3117229294269452,0.1033295906802928,-4.539191835704806,1
39.0,9.0,True,0.2544736078892288,0.1764080115795444,0.53567278291715,0.1565099468231386,-2.102950834505481,1
39.0,10.0,True,0.194725132099592,0.1722970868318208,0.5769679994528879,0.6397888417518512,-3.873640803368215,1
39.0,11.0,True,0.1784591902253188,0.1369940376166576,0.6032934855948351,0.8762897979651143,-4.526477166252377,1
39.0,12.0,True,0.270527875969415,0.1506579374453952,0.5317845109849487,0.5596301269850027,-1.587077502624295,1
39.0,13.0,True,0.2644533515454535,0.2166888146911942,1.0922581066840762,1.709362489928563,-2.4026499194347,3
39.0,14.0,True,0.1990543504179182,0.1318533767919373,0.4431890994841688,0.5854228441657012,-3.696014990833673,1
39.0,15.0,True,0.2573873955746243,0.190665095617921,0.7050446455917941,0.4611732436350846,-2.2269149382081745,3
39.0,16.0,True,0.2359360657037494,0.190632797067733,0.8458605796010035,1.2337248371584286,-3.150262291431812,3
39.0,17.0,True,0.399762490755696,0.2058502027856718,0.8906652843543017,0.6770245336718282,2.334286200288592,3
39.0,18.0,True,0.2932716412394958,0.2081822154043189,0.7923272679860858,0.6778129247345925,-1.171888887761006,3
39.0,19.0,True,0.312801921510371,0.2284097036190727,0.852803524366436,0.6965742377486502,-0.2965290583697688,3
39.0,20.0,True,0.3680622537576603,0.2666942494701845,0.938869527640066,0.6939989369234622,1.3083605627029482,3
39.0,21.0,True,0.3559003288417825,0.2099051852294617,0.8430141843388644,0.3817524561832293,1.0829119740312447,3
39.0,22.0,True,0.2415335991705709,0.1743057408587013,0.5880372264329216,0.3164595401736236,-2.3158117340379283,1
39.0,23.0,True,0.2701577517489225,0.2057673076170309,0.6890074607805786,0.6398421318873995,-1.8842586857306771,3
39.0,24.0,True,0.3065193540716131,0.2138107877950572,0.7511956845229327,0.3774235309925602,-0.3889291324692188,3
39.0,25.0,True,0.2228372340732507,0.1628727142045348,0.5330997770380207,0.7002925540203834,-3.0679599574859946,1
39.0,26.0,True,0.3543490430795472,0.2182981817269186,0.7717838157236111,0.4057926148807202,1.2087009807922724,3
39.0,27.0,True,0.4403159758636645,0.1670899825995755,0.7868535042891878,-0.4000603602088169,3.8773693387094137,3
39.0,28.0,True,0.3253790451115591,0.1200902485587687,0.590106577031071,0.3228501963303782,0.1739730819900676,1
39.0,29.0,True,0.5421020064595109,0.2827202781389409,1.2207209131347834,1.2125015593067698,6.83137694541465,2
39.0,30.0,True,0.3833105537479223,0.265093238361085,0.8720610826450361,0.190277549235542,2.2668589117866955,3
39.0,31.0,True,0.4323438246039754,0.1750014204328977,0.7202874338636267,-0.4683418727137319,3.5185030891599984,3
39.0,32.0,True,0.3370636674079323,0.1644680562870008,0.6700149982218521,0.3978818129426582,0.6628196626694735,3
39.0,33.0,True,0.4108490587895421,0.1834596591840603,0.8850481651638507,1.0087460772175714,2.912584371157235,3
39.0,34.0,True,0.5628017280872866,0.3099552246534677,0.9947017779271132,-0.6140979767093533,7.475002729136167,2
39.0,35.0,True,0.4389187778762539,0.2355792607727927,0.8763355134762626,0.0943938754880682,3.604786843008922,3
39.0,36.0,True,0.5484846893751121,0.2005812800244759,0.8997706631275563,0.0156337046077761,7.033633821215911,2
39.0,37.0,True,0.535883275083028,0.2619423103329255,1.045433761017485,0.1184397482045921,6.716062834909226,2
39.0,38.0,True,0.4984658648955742,0.1486604691757717,0.6996772111988706,-1.10788828499756,5.792830587967964,3
39.0,39.0,True,0.3569737019417547,0.1939845335568099,0.6852590103786722,0.0373093611751961,1.0514903628065386,3
39.0,40.0,True,0.4418378572243499,0.182764102886175,0.7719986162334854,-0.3124030783521472,3.7006108266047857,3
39.0,41.0,True,0.4667416132982927,0.1948293287911363,0.8889238456088618,0.407643158637232,4.241235276872107,3
39.0,42.0,True,0.4205380319171195,0.2076708502513445,1.3184847601030212,2.3498717378217497,2.6033828235177614,2
39.0,43.0,True,0.3749170076490286,0.2436019353089927,1.0221229380905594,0.6174512689134951,1.2220152566522011,3
39.0,44.0,True,0.1881943718955644,0.1437968816479403,0.4387204662563682,0.4604338062436784,-4.076652962325392,1
39.0,45.0,True,0.2472053414964864,0.1606979420161947,0.9035750580536548,1.6322522391963368,-2.820524561567868,3
39.0,46.0,True,0.2324639138481999,0.1345111560731214,0.4313055194006291,-0.1802075378940352,-2.5544497437754137,1
39.0,47.0,True,0.3130040962285793,0.110198990558229,0.5371391400028591,-0.2366773853282535,-0.3376929283731712,1
39.0,48.0,True,0.2748425497380877,0.1389487887399638,0.638572395510321,0.822270815373259,-1.3519299827503195,1
39.0,49.0,True,0.2485118577140578,0.1294973155747919,0.5130386062882115,0.1838356055403167,-2.2736097161158426,1
39.0,50.0,True,0.2117422839190246,0.1187954304391094,0.4993211971687572,0.4172673642674768,-3.352771108662081,1
39.0,51.0,True,0.2890496573650719,0.2364110329322312,0.9503176408308244,1.535258063567444,-1.218240880700646,3
39.0,52.0,True,0.1804422741812895,0.1010447116774346,0.468161261387099,0.394901636097034,-4.455059586869509,1
39.0,53.0,True,0.2097065868897919,0.1251428082020142,0.4757027042475149,0.1859526826140462,-3.249189821348443,1
39.0,54.0,True,0.1563427861911388,0.1573738984696767,0.532123126154134,0.9411397610383933,-4.98194716656183,1
39.0,55.0,True,0.1680241953714511,0.1050373733838017,0.3648129810849477,-0.0594716857585741,-4.707683269829164,1
39.0,56.0,True,0.1526167182642094,0.1353932184454695,0.4515070113233476,0.4966444403701158,-5.174638289082311,1
39.0,57.0,True,0.1521718363521551,0.0855983322317276,0.3278529386922279,0.2112218590074578,-5.23091748726132,1
39.0,58.0,True,0.1382509188127471,0.091244118735615,0.3448114205752591,0.8117190395369642,-5.657719264705186,1
39.0,59.0,True,0.1721549525682875,0.1408516616248611,0.6133196013801205,0.8306599250621182,-4.738084627201786,1
39.0,60.0,True,0.1789359196765008,0.15574075451728,0.5955098965177549,1.0823075745047075,-4.354970238431683,1
39.0,61.0,True,0.1678953583980527,0.1444227028743322,0.4858879877068905,0.958839738183729,-5.005049404066871,1
39.0,62.0,True,0.1307904398000854,0.116063080641041,0.4197562022287196,0.8602360684414101,-5.807297698881838,1
39.0,63.0,True,0.1915447885241069,0.1038380699283501,0.4127926385760045,0.2006489884711172,-3.978966570910891,1
39.0,64.0,True,0.2206765075076791,0.1261266278632723,0.4404641552717768,-0.0910191028204293,-2.9272890159293268,1
39.0,65.0,True,0.1337964519047174,0.0977930745741909,0.4826773641365136,1.29225198067752,-5.910801286797581,1
39.0,66.0,True,0.1586253040334791,0.1180985350316408,0.4838910971817595,1.4050257806521504,-5.001685529917725,1
39.0,67.0,True,0.2198102634646538,0.1388056805834066,0.4998532461885417,0.3583140031389808,-3.43803617027827,1
39.0,68.0,True,0.1714651676063575,0.1545045654975347,0.5607693788598697,0.852705726104321,-4.825508432529569,1
39.0,69.0,True,0.3706305488059271,0.1896690337882728,0.7715433121300337,0.1169204550687452,1.5634668366229314,3
39.0,70.0,True,0.4501279815193271,0.2946188536320708,1.1185379021241597,0.8565297212737032,3.6726881369871984,2
39.0,71.0,True,0.3981076095617903,0.1842828950103658,0.7670182378442604,0.41646970028352,2.1826818019909298,3
39.0,72.0,True,0.3413796393019607,0.2112483761372986,1.0327985540387503,1.428597258827661,0.2689463282588136,3
39.0,73.0,True,0.2734204441087468,0.1532509192938791,0.5050347289786155,-0.5176209453869763,-1.3630952738420656,1
39.0,74.0,True,0.3874156115676626,0.2264838575050503,0.9015161534043344,0.9146486270883686,2.093003970407863,3
39.0,75.0,True,0.1762570626021481,0.1085653717707978,0.3844318684131098,0.2110263046514551,-4.235249177865124,1
39.0,76.0,True,0.2278090864056118,0.2561746651397281,0.9223828667454664,1.433414629788211,-2.625335777056998,3
39.0,77.0,True,0.3062318498807889,0.1256113502488484,0.5497570635095927,-0.0094479581097351,-0.4572407756908479,1
39.0,78.0,True,0.1938932458445212,0.1400026557482837,0.5366333536982927,0.5904004890271537,-3.9253062285689815,1
39.0,79.0,True,0.1504823233556217,0.1067868651487669,0.3892811030950334,0.5141740912927998,-5.223339146073831,1
39.0,80.0,True,0.1501907740927326,0.1061240595810137,0.4100553162529008,0.6826156446963109,-5.141327522283614,1
39.0,81.0,True,0.2089696654362222,0.1042109661497035,0.4448835063008942,0.3549269273681709,-3.4825501968825443,1
39.0,82.0,True,0.1798825686531431,0.1413288170048798,0.4802777422401234,0.7449640507214309,-4.533866509427411,1
39.0,83.0,True,0.2359959655878548,0.1318129226315773,0.5230340713452553,0.141475042301058,-2.638202327070549,1
39.0,84.0,True,0.2431338903714508,0.1400758477198553,0.4831188347901072,-0.12008990525024,-2.458200170230412,1
39.0,85.0,True,0.367835664299619,0.1710677806997688,0.6998528842513839,-0.3939307217195988,1.4430355452906758,3
39.0,86.0,True,0.4605203704075958,0.1131058356693619,0.6715654587890452,0.1673990853661097,4.351845021706524,3
39.0,87.0,True,0.363344058682394,0.1647659421704143,0.7146831370766034,0.6546576558228197,1.2839592550878616,3
39.0,88.0,True,0.474283992757419,0.2302242316275586,0.9092800710381904,-0.1063062172841946,4.960438069494239,2
39.0,89.0,True,0.624030829223322,0.246222574555186,1.5,0.827825463553731,8.92230017392942,2
39.0,90.0,True,0.7887570318489152,0.379369541894506,1.5,-0.1698625914767262,14.534991294657477,2
39.0,91.0,True,0.5929701534226316,0.2138412107166409,0.985549194015326,0.042436852470271,8.711058632225445,2
39.0,92.0,True,0.4417309507714863,0.2440221034910974,1.0691528065661358,0.918888247592408,3.569595023532516,2
39.0,93.0,True,0.3519618183143827,0.1962194290161724,0.7648201450026311,0.5196630823879234,1.040524913892101,3
39.0,94.0,True,0.3969839241569617,0.2085892478838805,0.9365658942638616,0.3179605221046321,2.135062056272236,3
39.0,95.0,True,0.2633696332907325,0.1408071237168311,0.4742714315706905,-0.3055859715216718,-1.6170831058871524,1
39.0,96.0,True,0.2669800655485272,0.1566785887629141,0.6190665537866845,0.6412529768573935,-1.5055305765398577,1
39.0,97.0,True,0.2968602458311197,0.206119654011202,0.7473761260636816,0.5849687945974487,-0.7765304137851725,3
39.0,98.0,True,0.3043305176137044,0.168896473164661,0.803027360279572,1.1523977361862363,-0.4271067472589154,3
39.0,99.0,False,,,,,,0
39.0,100.0,False,,,,,,0
40.0,1.0,False,,,,,,0
40.0,2.0,False,,,,,,0
40.0,3.0,True,0.1873949145388316,0.0932518194573732,0.365095633360728,0.1019247266443759,-3.993196345289369,1
40.0,4.0,True,0.5558691082389757,0.1676175913009858,0.82503828296723,-0.1087960319701129,7.36371906149496,2
40.0,5.0,True,0.5477356568786814,0.2646062709040142,1.0409069564472344,0.0502865982207307,6.965363411331962,2
40.0,6.0,True,0.4274026821188442,0.2740653010746867,1.5,1.7537633658632148,2.538991625117363,2
40.0,7.0,True,0.3210989879022988,0.1556908861016385,0.8566571491905597,1.239820844935506,-0.3084721244044,3
40.0,8.0,True,0.3181360669283014,0.1731781047754701,0.6584288552989276,0.1561182644671842,0.1002396751973519,3
40.0,9.0,True,0.2765047141779018,0.189174861995592,0.7488962442164709,1.1992784259516822,-1.291247018799086,3
40.0,10.0,True,0.1964105176793098,0.1017783689127058,0.3832287556696837,0.2838053995248585,-3.763164361452177,1
40.0,11.0,True,0.3258584842033434,0.1907881824381707,0.6608333985682678,-0.0795078382904847,0.2723889170431747,3
40.0,12.0,True,0.2554492189561784,0.1691889786486062,0.6349552857197561,0.9825328729055216,-2.0237346927741737,1
40.0,13.0,True,0.2073564843593661,0.1785105666468325,0.7053080278166992,1.368615957611944,-3.4284492812798257,1
40.0,14.0,True,0.3058653511922053,0.1656146998142639,0.7256395568615446,0.5980053780111828,-0.3139506682894089,3
40.0,15.0,True,0.3461221880952877,0.2297960744079152,1.2828474088214643,1.9568855174387032,0.1783542906554178,3
40.0,16.0,True,0.3938314028077374,0.2501764007636429,1.314400459377239,1.2730065554540664,1.6073180812810082,2
40.0,17.0,True,0.1654424370551743,0.1184394513880987,0.4615993328330272,0.8479970990175267,-4.734008763945722,1
40.0,18.0,True,0.275489133726385,0.1919877418818078,0.606026739598376,0.0612452323577635,-1.2086612002938542,3
40.0,19.0,True,0.2356255148339477,0.1743514175664132,0.6317186833546116,0.3877642080572456,-2.804733704161957,1
40.0,20.0,True,0.3198785335250281,0.1623196274536466,0.7531928552214011,0.8229670499689956,0.1994706534345888,3
40.0,21.0,True,0.2617756727524821,0.1580707351161162,0.6177809458824186,0.9246677452628076,-1.9594763586273665,1
40.0,22.0,True,0.183886588047474,0.1489548501525919,0.470807440415354,0.2384283179446449,-4.185093940017254,1
40.0,23.0,True,0.3023648862504012,0.2401510651757334,0.7634654660289378,0.4192786401312242,-1.1315085037605568,3
40.0,24.0,True,0.3707053629486752,0.2034084245999871,0.7911721073967456,0.2995595752072849,1.565898950924954,3
40.0,25.0,True,0.2135873534853982,0.1929185953161138,0.6879351375411211,0.8577756953456063,-3.4005850102189226,1
40.0,26.0,True,0.3653750197087611,0.2528087338729975,0.9774937361726878,0.7806471014649586,1.2750674391143075,3
40.0,27.0,True,0.2804168308143698,0.183270994338748,0.7335790185937098,0.7191915345314933,-1.4968688980754,3
40.0,28.0,True,0.5136321297668406,0.1887527397642022,0.9290032347035152,0.31782173756221,6.214127899268695,2
40.0,29.0,True,0.44110150924173,0.2155248329868749,1.014357190220735,0.7393282886549412,3.798537938368187,3
40.0,30.0,True,0.4017091242296369,0.2519709222761526,0.9270925008152712,0.4853520430954928,2.2182799498632844,3
40.0,31.0,True,0.3015684443339056,0.2202819819754317,0.8853127551981022,1.240367196068178,-0.5083400533813904,3
40.0,32.0,True,0.3434874296286895,0.2749457361054859,0.9927324181951114,0.89126714916579,0.438401702146332,3
40.0,33.0,True,0.3554532866327877,0.2021105838778636,0.8640619528012138,0.3446454776668109,0.7702200950982969,3
40.0,34.0,True,0.3897630913381308,0.2651534798078429,1.1393941124054965,0.4430896005020485,1.6508795154906706,2
40.0,35.0,True,0.3806205460925659,0.1495525564335685,0.6090757736479824,-0.7414778722619906,2.0247824540125277,3
40.0,36.0,True,0.44681019432087,0.2526731206379438,0.9176202923796282,0.3182120366630928,3.9073703547799807,2
40.0,37.0,True,0.4024732327398427,0.314122820357068,1.1668280815352348,1.0082194400546018,2.630500196154226,2
40.0,38.0,True,0.4441781316572606,0.2173643620669976,0.9471891757130813,0.6344373545633979,3.838946875520336,3
40.0,39.0,True,0.5302148022287346,0.2158291502322138,0.9550049672886992,0.3860591384640733,6.337605364688064,2
40.0,40.0,True,0.4247775751120885,0.1828839733536003,0.7195823435472744,-0.0352155901204184,3.3666723183000067,3
40.0,41.0,True,0.4081394511729133,0.2132539009844319,0.8875235194407435,0.8391097929323704,2.663313168163678,3
40.0,42.0,True,0.3451784454547708,0.1458182683543065,0.567028031971677,-0.3329915139218684,0.6491397565955231,3
40.0,43.0,True,0.3289935690719802,0.1755944556593803,0.7417524751600569,0.5753991113662963,0.318028012840661,3
40.0,44.0,True,0.275195480845232,0.1917735369024751,0.67109909245093,0.4034956723128549,-1.3752266572595424,3
40.0,45.0,True,0.226589429203292,0.1859446918238061,1.0015153585466934,2.11432167752121,-3.2231566009416763,3
40.0,46.0,True,0.1588927966601238,0.1257186283087004,0.4300888972588534,0.6752335933231999,-4.9670878214172465,1
40.0,47.0,True,0.2111479259930552,0.1507327213698687,0.510910094851984,0.1556461426786932,-3.4244544605103338,1
40.0,48.0,True,0.295698645200909,0.2002005574831931,0.6445833404073205,0.2051849729219351,-0.5048868557800719,3
40.0,49.0,True,0.3297827898191875,0.2213552473448709,0.9305502560327372,0.8552799910115929,-0.3458893418410103,3
40.0,50.0,True,0.2216123879049292,0.167258108037689,0.5600898018853954,0.4583620586553602,-2.9782952612776263,1
40.0,51.0,True,0.2105738618904482,0.1930635283520729,1.0371120137354866,2.4300949185209233,-3.786396299668484,3
40.0,52.0,True,0.1407034002368273,0.0938066397011709,0.3290346455560428,0.5830079848230916,-5.45995547261811,1
40.0,53.0,True,0.206248726290649,0.1887223480133847,0.5831849151605236,0.7413824063331216,-3.512627473126567,1
40.0,54.0,True,0.2083783223551798,0.1232753092788691,0.4561615148083085,0.0266661580422308,-3.2446563691762127,1
40.0,55.0,True,0.1935058101128722,0.153619900075059,0.4446760936566133,0.1514740051544042,-3.599975490590186,1
40.0,56.0,True,0.1369694808594209,0.0623953967757479,0.2352273301263205,-0.4915602757411132,-5.823009518342675,1
40.0,57.0,True,0.169303406549919,0.0788027754758609,0.2974106521368516,-0.1555760972443378,-4.708813100062657,1
40.0,58.0,True,0.2131277421134844,0.1101041395332868,0.4152868637727462,0.110284403183044,-3.266714962449493,1
40.0,59.0,True,0.2538205477379358,0.1747845778944558,0.9011591760929856,1.685254081387633,-2.549469906654931,3
40.0,60.0,True,0.1338916752995238,0.1009621631878809,0.3417598660997596,0.1520643302012886,-5.654163785352097,1
40.0,61.0,True,0.1542926340674905,0.1197121737302619,0.4073348116911472,0.3414370361510749,-5.024594267838446,1
40.0,62.0,True,0.1525371231758844,0.1258586041857487,0.4122023652934035,0.5663670857482862,-5.255091332608715,1
40.0,63.0,True,0.2244273012982958,0.1594950398192722,0.5205578574884875,0.3154523969278874,-2.892724559838504,1
40.0,64.0,True,0.0955845447932832,0.0888402434237346,0.4034682330153619,0.9371781593611378,-7.1536298181576825,1
40.0,65.0,True,0.2478198247497794,0.1925098747797394,0.6396536968913573,0.4574370549788146,-2.7105105745047435,3
40.0,66.0,True,0.1527611613257026,0.1119035096022556,0.4859042249309102,1.4556115797914906,-5.129022047972856,1
40.0,67.0,True,0.1864462975578631,0.1248319978787746,0.482091012387459,0.6738005961987367,-4.104352925250482,1
40.0,68.0,True,0.235177891619347,0.2118934947641786,1.1474253340751497,2.4544731459235467,-3.2638979284644867,3
40.0,69.0,True,0.2137976664987814,0.0952131719775528,0.3931135986716472,-0.3730677900651422,-3.217509614072956,1
40.0,70.0,True,0.3824800244561315,0.2040193077446153,1.0633215660907085,0.9801891675251015,1.2823612566633098,3
40.0,71.0,True,0.4474369501283591,0.2173265710336145,0.9586103710036568,0.7524656870766041,3.934570802230203,3
40.0,72.0,True,0.3982320412201379,0.2131465052959285,0.8403859524091596,-0.0048360722932278,2.610933816225843,3
40.0,73.0,True,0.3624798278223237,0.2893198738868719,1.0356512585788762,0.8590372922783313,0.8248653725881049,3
40.0,74.0,True,0.1823219959283155,0.0999878657236855,0.3932227477479761,0.4292732608483223,-4.280113835118969,1
40.0,75.0,True,0.1351238245323368,0.1014276356176648,0.3175780618615728,0.1563231058291682,-5.660124421239156,1
40.0,76.0,True,0.1966926685197621,0.1490454186399742,0.5765865675905922,0.9771440108882912,-3.959742067459478,1
40.0,77.0,True,0.3031377013800284,0.1189848488659405,0.5168678067787432,-0.1521310222439511,-0.4521790232968181,1
40.0,78.0,True,0.2879236914918424,0.1610661804508761,0.7476423548278794,1.25796523515487,-0.8914193118449311,3
40.0,79.0,True,0.2073629840922909,0.1449300074845269,0.4690485466676387,0.1077487403884098,-3.614376728272759,1
40.0,80.0,True,0.2734900758089768,0.1581893271669986,0.677127799219274,0.5548514003169196,-1.320707469936616,3
40.0,81.0,True,0.2601210287717649,0.062969666958465,0.3794023903099251,-0.915751491033454,-1.8061380801967897,1
40.0,82.0,True,0.2739639925767357,0.2186019958212273,0.9357869970478916,1.0269681447473584,-1.9527259590614343,3
40.0,83.0,True,0.2020507633699985,0.1348541093078274,0.5627637450257216,0.9884057815935136,-3.4708298353621947,1
40.0,84.0,True,0.1768518781784383,0.1315999121903036,0.4881240983247729,0.6261072243122825,-4.3465446652088655,1
40.0,85.0,True,0.3072801965262273,0.2043651279982636,0.8063979268519191,0.7428688853051649,-0.0806742123294049,3
40.0,86.0,True,0.2859592841375166,0.188254658797278,0.6667762135115495,0.247507321658772,-1.102978958057418,3
40.0,87.0,True,0.4412191113220623,0.2214864797672529,0.8854334208762396,0.3132873723287044,3.8608950505753254,3
40.0,88.0,True,0.5363799434372848,0.262520109814915,1.1056223070248798,0.5029651752555309,6.532229499143369,2
40.0,89.0,True,0.6552764757095279,0.1976144709263529,1.226672678707105,0.4971168599098745,10.02414740173982,2
40.0,90.0,True,0.6705320872799078,0.2129557622961854,1.1031425343194692,0.2301411626472058,10.750674528522058,2
40.0,91.0,True,0.5841822728770936,0.1971433178771993,0.915186901503556,-0.0980917378373148,8.107497027196969,2
40.0,92.0,True,0.5340465303331007,0.1594556474029332,0.902647900487992,0.3044276331624188,6.331800003905121,3
40.0,93.0,True,0.4086916144761883,0.1948556307988641,0.8509790974397458,0.3884383520305036,2.973029406754269,3
40.0,94.0,True,0.2894691250791911,0.0999479966021628,0.4140144120975401,-0.8537241120935656,-0.8886966653112431,1
40.0,95.0,True,0.3956835195136801,0.3202414527747236,1.104321379368649,0.886742194053064,2.301733482939311,2
40.0,96.0,True,0.3042572621940546,0.1762894575601371,0.701953552064191,0.5447038056332069,-0.7043065570284762,3
40.0,97.0,True,0.2342279149051322,0.1232001912190825,0.4347050871071216,0.0350101180183833,-2.778180380868867,1
40.0,98.0,True,0.2304892869979181,0.1179294952564557,0.5116318123895729,0.3221274617246147,-2.7090810052821235,1
40.0,99.0,True,0.0577098155506568,0.0867588944735061,0.2679575123217018,1.4735916878560902,-8.151351556245684,1
40.0,100.0,False,,,,,,0
41.0,1.0,False,,,,,,0
41.0,2.0,False,,,,,,0
41.0,3.0,True,0.272876325040908,0.1635293026552407,0.7033176590833043,0.5391365307193602,-1.7609156795999574,3
41.0,4.0,True,0.5321778633384228,0.2466989837996628,1.0367762236556646,-0.3908322312021739,6.427115680114533,2
41.0,5.0,True,0.3353977661351928,0.2178535775702517,0.8526372637222946,0.5450333700430482,0.2152282663908488,3
41.0,6.0,True,0.3362842260626288,0.1972638259442544,0.8006311803300968,0.6334937517133631,0.4342891668664195,3
41.0,7.0,True,0.2806932718884007,0.2323420297005954,0.8818479613721052,1.0323096155979072,-1.443597886098988,3
41.0,8.0,True,0.3777149734197792,0.1614982359761027,0.7338779867870172,0.5054837243776129,1.5066991426320393,3
41.0,9.0,True,0.3634715982606979,0.2294919938053093,0.868527108981937,0.5517024660465377,1.357909710811258,3
41.0,10.0,True,0.341443830857329,0.1985117735262131,0.8070657277529901,0.9197818185185326,0.646002507358385,3
41.0,11.0,True,0.2715646562095293,0.1759389791095738,0.8091940941536986,1.1290192148160278,-2.0313167797741696,3
41.0,12.0,True,0.2602718617436588,0.1686707230278739,0.5975213503044459,0.4754532016695435,-1.91275483631606,1
41.0,13.0,True,0.2762373882811635,0.1633778317765979,0.689601436149895,0.7181891416460386,-1.275161906240431,3
41.0,14.0,True,0.2127013157125745,0.1771182585606671,0.5848617604508168,0.5928142047933826,-3.5382553851402703,1
41.0,15.0,True,0.2780409277654896,0.218104366772217,0.650449101325809,0.3546848977154505,-1.4947161426122697,3
41.0,16.0,True,0.1470676724596463,0.1160448892384295,0.4105356235033532,0.6776782634134304,-5.163712767233293,1
41.0,17.0,True,0.2995725117661726,0.2830455347615545,1.0778014067375956,1.4464962078892072,-0.6346695552566811,3
41.0,18.0,True,0.2187611571294344,0.1858043956429799,0.6653793551785506,0.7254827245868697,-3.392010789922676,1
41.0,19.0,True,0.3146494644170997,0.1952877445752665,1.0202131224179096,1.0859641807496805,-0.5152379152266476,3
41.0,20.0,True,0.3932395694742476,0.1744261199212174,0.7060617192515699,0.0998889840574029,2.1237872676514304,3
41.0,21.0,True,0.270958703890386,0.2118810152662477,0.7835444377889008,0.8528962837866995,-1.7868655581213435,3
41.0,22.0,True,0.2612496297205506,0.3279830187900807,1.0943910231274272,1.4703567492579996,-2.1239771850593825,3
41.0,23.0,True,0.2146252005351625,0.189084974481407,0.6123981005545072,0.6919946398212958,-3.4242476462293094,1
41.0,24.0,True,0.2582115669823835,0.1122284666893502,0.4547650350555182,-0.0017333569300733,-1.9239270950590597,1
41.0,25.0,True,0.4267349800843891,0.1932361019951555,0.7874120536021073,-0.0584775130477445,3.4597778818862563,3
41.0,26.0,True,0.3705103816990596,0.1541883641669869,0.6820375965128153,0.2951495357380082,1.4098132745546188,3
41.0,27.0,True,0.3752233282938167,0.2076925635948297,0.8494721684805014,0.3982085251283103,1.699748912989086,3
41.0,28.0,True,0.4075834515435643,0.2187822191348368,1.3204568125336975,1.718581550345179,2.303128126445105,2
41.0,29.0,True,0.5958015548537698,0.2767574941519986,1.4455870485970062,0.9025804091289324,7.678741455590212,2
41.0,30.0,True,0.3517229882467205,0.2495125050768267,0.8455347072847845,0.4178020687821349,1.0826696053542637,3
41.0,31.0,True,0.3757494105408173,0.1913893528208112,0.7335989821185261,-0.1809322744523836,1.412101415508132,3
41.0,32.0,True,0.3585401755722708,0.1959276888450489,0.7120381044421374,0.2580611932761927,1.0952532003229185,3
41.0,33.0,True,0.3200050403305723,0.145430152801488,0.7125970746171709,1.0762025467212146,0.022754515487692,3
41.0,34.0,True,0.4420303139406771,0.1893489804265674,0.7152246745865826,-0.4037442952242702,3.547522235895339,3
41.0,35.0,True,0.3801213892451499,0.1611632968743055,0.6182769044197335,-0.558972141321553,1.4758357536051705,3
41.0,36.0,True,0.2298787324889085,0.1815134684145278,0.6274849379756783,0.7732342314582369,-3.034523482320585,1
41.0,37.0,True,0.360516260377307,0.1269827288845854,0.5384397030219409,-0.444510101454014,1.3994743989429508,3
41.0,38.0,True,0.2697246552336946,0.0979578917471613,0.4582558150698915,-0.4225862515384456,-1.34795912257903,1
41.0,39.0,True,0.3259643132938355,0.1726716260454741,0.5985659758275098,-0.2688154421169333,-0.0830438278543507,3
41.0,40.0,True,0.3019945795496487,0.1815612160393724,0.6161107514649942,-0.21068072468125,-0.396828576043606,3
41.0,41.0,True,0.4386791818196171,0.226537025883312,0.9016608046782252,0.2796248856275798,3.637145258377767,3
41.0,42.0,True,0.3241955782965114,0.2258772859577119,0.938048437850052,0.9914635402019664,-0.1824001301182498,3
41.0,43.0,True,0.2053671930736918,0.0795927181482837,0.3540364346711339,-0.1447945211952438,-3.415383802450547,1
41.0,44.0,True,0.2738053528210415,0.2154283954175098,0.806473490253712,0.8832150263409142,-1.3972425144565814,3
41.0,45.0,True,0.198624044121312,0.1295588131392273,0.4820947237297297,0.3255666130526072,-3.688080368616349,1
41.0,46.0,True,0.218945015366497,0.1235906093608164,0.5097900822413943,0.6161713914233232,-3.2341477383480877,1
41.0,47.0,True,0.3964269298565701,0.248343908252946,0.9558745437028768,0.4717558354064926,2.661395150569626,3
41.0,48.0,True,0.2366112793221512,0.2502419976423791,0.8995287255098275,1.3954855199572054,-2.9167182122293256,3
41.0,49.0,True,0.1598727363632071,0.1301484828166791,0.501914700863988,0.990938448768007,-4.95568568031253,1
41.0,50.0,True,0.2075010788444623,0.1824009005259689,0.6856489892550359,0.9423451220332514,-3.9528342648729966,1
41.0,51.0,True,0.2033071388045491,0.1477391458954776,0.5199223763909269,0.4929352696872959,-3.449535325498846,1
41.0,52.0,True,0.1433256437396416,0.1171322489930384,0.3490968758689362,0.2888349249960389,-5.584756938598674,1
41.0,53.0,True,0.2126906143657491,0.1464091668950252,0.8195181727470359,1.9147611327036385,-3.7073843442367087,1
41.0,54.0,True,0.1254740268513891,0.1914509515172974,0.6267076578232683,1.5616270827188212,-6.443988868343348,1
41.0,55.0,True,0.1851810525874798,0.1121960131174222,0.3949226120338686,0.2477896358811056,-4.1956573286588945,1
41.0,56.0,True,0.1935403231548296,0.0694470984073829,0.30601053566212,-0.2752078372684639,-3.8628861858584256,1
41.0,57.0,True,0.1369027128633028,0.0782269828859529,0.3449969432285882,0.5540489276294606,-5.703664582101444,1
41.0,58.0,True,0.1778898704786934,0.1321571791581199,0.4851481278643169,0.7376286906211007,-4.344805611413594,1
41.0,59.0,True,0.2368823107076287,0.1184644943616311,0.4931255917692232,0.3089512615774544,-2.859502501525705,1
41.0,60.0,True,0.1745943777107552,0.1099361174561387,0.3702327182357683,-0.1804626191561535,-4.452315943174789,1
41.0,61.0,True,0.215805412445751,0.2205169267698225,0.8294053870013969,1.2755560541522533,-3.4120168782621105,3
41.0,62.0,True,0.2046887315017663,0.1653696305974189,0.5694625602231314,0.9379128320134116,-3.840825397299979,1
41.0,63.0,True,0.2359472439039069,0.2005256751306743,0.6697178378790969,0.3955058957814991,-2.592415627601832,3
41.0,64.0,True,0.1136530120190946,0.1181363625889122,0.4186041984635898,1.1552968500438912,-6.274572626910476,1
41.0,65.0,True,0.2403389504286188,0.1244194532704633,0.5445571914208459,0.8945943560159876,-2.4850510388378657,1
41.0,66.0,True,0.0797923119564261,0.0845736954228682,0.3439130535014903,1.1195525752016853,-7.589788331365117,1
41.0,67.0,True,0.2770530053032072,0.0744039765603534,0.3721809550313266,-1.2169191332685845,-1.277876629058197,1
41.0,68.0,True,0.3898436502380543,0.128220578223384,0.595659751653177,-0.330688524533963,1.86180223952897,3
41.0,69.0,True,0.3774319571187056,0.2444716803910974,0.7716977050087269,0.1837449001738344,1.6808150313973529,3
41.0,70.0,True,0.5219666831347958,0.2475736722150884,0.9553431576698134,-0.0907072359819702,6.200445663951741,2
41.0,71.0,True,0.4016844984181129,0.2519799946272096,0.8922039748689093,0.5212888268310548,2.348568325160831,3
41.0,72.0,True,0.3270350121815665,0.1483914604214507,0.5945365552579448,-0.4274414686479286,0.1292303223523858,3
41.0,73.0,True,0.3825956910712753,0.2094654703712839,0.8892736842224256,0.579261161195483,2.03610402899683,3
41.0,74.0,True,0.2021121165845803,0.0949061282142503,0.5047465388312069,0.7656385411639802,-3.795045914258292,1
41.0,75.0,True,0.2656096407528859,0.1580730850034642,0.5719649017470825,0.1038006097105688,-1.4753375832965152,1
41.0,76.0,True,0.2480472113965365,0.2089885022881242,1.1120910864000144,2.402944009038823,-2.624850023988646,3
41.0,77.0,True,0.2593873392738546,0.1380913458152499,0.5802282502889211,0.8810844310635818,-2.0498236723150476,1
41.0,78.0,True,0.2475487070217748,0.1225096726562986,0.4336790527860607,0.0285847471408958,-2.2791049329039734,1
41.0,79.0,True,0.3571111142038166,0.1988276977195606,0.7974542979157176,0.4352913778434944,1.3748179846313162,3
41.0,80.0,True,0.1936952777852976,0.1673115665310264,0.5258769016641447,0.4845091292109692,-4.15872209020399,1
41.0,81.0,True,0.185028236625569,0.1306311440519158,0.4588440565982534,0.4029213908997081,-4.345640299671054,1
41.0,82.0,True,0.3222972901394179,0.1568583471326174,0.5810565814206406,-0.1955553318418619,-0.008435419295821,3
41.0,83.0,True,0.2614295015529687,0.2166969030405705,1.030497889929857,1.4162816769445574,-2.077172309571697,3
41.0,84.0,True,0.2481159202828281,0.118990933538214,0.5595128469858311,0.5094733196630215,-2.400173126425271,1
41.0,85.0,True,0.3329139616208241,0.1382653525919297,0.6473316334151943,0.3642242775457294,0.4625979686257976,3
41.0,86.0,True,0.2945795046502596,0.1403207662418573,0.5963614892283404,0.1054871021120058,-0.5031682348277003,1
41.0,87.0,True,0.4260021403301162,0.1976348853864666,0.9458783386838516,0.9723917848703196,3.3394200504991045,3
41.0,88.0,True,0.4899611057542147,0.2262515632025011,0.9739428940458544,0.2249026982459379,5.323590335052248,2
41.0,89.0,True,0.6504141505632433,0.243092910018269,1.1494481940236505,0.3846102168669569,10.348400141041296,2
41.0,90.0,True,0.6904853839951949,0.2222639414256888,1.3965106213871632,1.0209035686823302,11.212547025436413,2
41.0,91.0,True,0.6519139962855074,0.354759079573658,1.4857025503611478,0.7448098161192138,9.961240648178425,2
41.0,92.0,True,0.7571411294249798,0.3249055217417877,1.4215260225153654,0.4148156267761792,13.322492836688513,2
41.0,93.0,True,0.5275438469485847,0.1951305480945371,1.1457016220209113,1.489487957490154,6.419639908526818,2
41.0,94.0,True,0.4348375658170216,0.2214753309792516,0.9078236320800102,0.544471690256761,3.6723602308810577,3
41.0,95.0,True,0.5029371926148849,0.3141422386810741,1.4186953917976457,1.780837622755331,5.998126415499191,2
41.0,96.0,True,0.2355256394755394,0.1830291608939825,0.6172502651931097,0.4721583774767806,-2.3452471002900737,1
41.0,97.0,True,0.3303182749004688,0.1950538314412114,0.6884974484526225,0.0706286206649334,0.2995774592224612,3
41.0,98.0,True,0.2734816113387721,0.1386359054359678,0.5115121125657276,0.1714715621828793,-1.4510919573082162,1
41.0,99.0,True,0.1276294065652748,0.0596430927716114,0.354143857067166,1.082899084146408,-6.047858895938763,1
41.0,100.0,False,,,,,,0
42.0,1.0,False,,,,,,0
42.0,2.0,False,,,,,,0
42.0,3.0,True,0.3691207406462174,0.1748678297088817,0.791943417740428,0.3985971216932341,1.088835022698758,3
42.0,4.0,True,0.4054659943411161,0.1718097873496321,0.8042027878598466,0.4004705116546287,2.8790969570722025,3
42.0,5.0,True,0.411656816474791,0.2984117497661044,1.0949999317222672,0.8734621397070605,2.6103385546436284,2
42.0,6.0,True,0.3513454333479998,0.2195904098755911,0.8457218443439702,0.8555211444781708,0.8008238823976068,3
42.0,7.0,True,0.4445580988199724,0.2324661554696159,1.0749526102683449,0.4493562397545791,3.635663384872486,2
42.0,8.0,True,0.2285023488888126,0.1544245758990689,0.7151206744989199,0.9715730544985364,-3.126140716380918,1
42.0,9.0,True,0.2333689280959409,0.1763405544279946,0.6147531878761381,0.5385719061538905,-2.8092398840177744,1
42.0,10.0,True,0.242811440402622,0.1368626463686616,0.5044070202888539,0.2957338099460517,-2.517262383743665,1
42.0,11.0,True,0.1815794436229496,0.1106175902864299,0.4509344793150943,0.8625369554902859,-4.371393015134364,1
42.0,12.0,True,0.2369910481850264,0.1991883409204595,0.7424374753843299,1.05488389871647,-2.6164309857462142,3
42.0,13.0,True,0.2504010242498202,0.1454061431592221,0.5629591944318535,0.4166092159208531,-2.2914849659531797,1
42.0,14.0,True,0.2982631178991236,0.1817568893896073,0.7552075864083883,0.8312155782225621,-0.6231875670899676,3
42.0,15.0,True,0.2102867989894053,0.082896449583044,0.3904889201734738,-0.0576541907145963,-3.5269054375026476,1
42.0,16.0,True,0.2638642763322812,0.1838870939848292,0.6487818900398096,0.2693514635239011,-1.627357853925561,3
42.0,17.0,True,0.2841371805832551,0.1713427512374134,0.6878061730830425,0.1235770334751763,-1.3566324581713505,3
42.0,18.0,True,0.2932069172847603,0.224544695576419,0.8155717350796345,0.443953721339654,-1.024445353528995,3
42.0,19.0,True,0.3639284679292632,0.1492172190779013,0.6818232255406919,0.4849007387585705,1.2223515662087785,3
42.0,20.0,True,0.2494587264867509,0.1329564437935972,0.464508757367122,-0.4043683768042258,-2.1701750026451374,1
42.0,21.0,True,0.3557069261652754,0.2110922783900454,0.8717512170000105,0.6841002889564147,1.1063081386814055,3
42.0,22.0,True,0.2565222248161996,0.1316843146415486,0.5452074828608556,0.4607246195773425,-2.1101379077956532,1
42.0,23.0,True,0.2774784073818181,0.1754155686157686,0.620820672715269,0.1164716656597037,-1.3328908091488758,3
42.0,24.0,True,0.3107644774412795,0.1237888464166737,0.5667718706677903,0.0416276860754783,-0.1515156191642917,1
42.0,25.0,True,0.3230578759908057,0.201539639170366,0.6946387676629197,0.192266512785213,0.0141880095939163,3
42.0,26.0,True,0.4127364458454913,0.2528997966881031,1.0297859249329446,0.9371560672634236,2.71123510506696,3
42.0,27.0,True,0.398153019931008,0.1662571675750275,0.6772595811896762,-0.571931902280118,2.1351760210249084,3
42.0,28.0,True,0.5546534224296275,0.2640790563261849,1.177473372739072,-0.0004063234383899,7.017279876234382,2
42.0,29.0,True,0.318370882882413,0.1486692494926887,0.5649198441986085,-0.2362466511593623,-0.0553984673554795,3
42.0,30.0,True,0.3618273493208643,0.1792179880702955,0.7487276286029979,0.6030035417195511,0.9934759839923948,3
42.0,31.0,True,0.3350299086335237,0.218649000506576,0.8075707061152941,0.7220716912148291,0.3537617616082229,3
42.0,32.0,True,0.2398555946242799,0.142706374932645,0.4959469714645028,0.1049828386971301,-2.5817753213714436,1
42.0,33.0,True,0.2653401726567967,0.1289339494547851,0.5505184400223893,0.1869303837834297,-1.760239004888234,1
42.0,34.0,True,0.447220654170326,0.1542071446950396,0.70207519795918,0.0237052836305087,3.840905354433703,3
42.0,35.0,True,0.3601824564695179,0.2365132317124912,0.8545766503075285,0.2905953542574405,0.8460782381448987,3
42.0,36.0,True,0.396220236219467,0.2492046364819731,0.9584749083768596,0.6753867623519296,2.4028501199761836,3
42.0,37.0,True,0.3346170554339338,0.178599670431057,0.6885767637206681,-0.1907903646100013,0.3308407455013228,3
42.0,38.0,True,0.3380419094443936,0.1819979313008586,0.7673549274451303,0.6945806097891792,0.2714163176459464,3
42.0,39.0,True,0.3122523087942851,0.1361948730468297,0.6128662991184993,0.5591831578295999,-0.1999146568865448,3
42.0,40.0,True,0.2917851726310426,0.1609156178460028,0.583435824444129,-0.1158708113947791,-0.8973979962292865,3
42.0,41.0,True,0.2497242581568896,0.1296899805632583,0.5080965626576953,0.3211281723077453,-2.021142615782543,1
42.0,42.0,True,0.1624998315617239,0.1020256083472551,0.3378839917558291,0.1963558361054702,-4.923294890225694,1
42.0,43.0,True,0.260117859904278,0.2080523055781412,0.6892731624025196,0.7779040472500973,-1.822012685532377,3
42.0,44.0,True,0.1837787145984634,0.1206367137263683,0.4063480066980273,0.0671784722613349,-4.3154616211366035,1
42.0,45.0,True,0.2452560060980147,0.1426076471385178,0.5550044246341037,0.2422736276616822,-2.330304019155243,1
42.0,46.0,True,0.2412738980025604,0.1908987387222363,0.6502109080710787,0.931315095497872,-2.535336923012416,3
42.0,47.0,True,0.2460902861370903,0.1576508397596157,0.598124087959535,0.6046238269589714,-2.3171386144146693,1
42.0,48.0,True,0.2307707496921245,0.1395577328619539,0.4690397889617848,0.0856121156469156,-2.881955670406449,1
42.0,49.0,True,0.2162996185854748,0.1997312443197684,0.6557282958721363,0.7252564458921312,-3.639289430909933,1
42.0,50.0,True,0.1961746514177629,0.116120927624135,0.4636573643796834,0.2441634136570981,-3.762268776272812,1
42.0,51.0,True,0.2525230724511451,0.1751766973279697,0.5740421823459197,0.1089020495829934,-1.9637613737844133,1
42.0,52.0,True,0.3344286572029763,0.1698350547850292,0.7328763471032075,0.2291366130240274,0.7104023979834497,3
42.0,53.0,True,0.3103767670654507,0.1847117664925868,0.5608469460900516,-0.2084374035841507,-0.2467645788875996,3
42.0,54.0,True,0.288158543686921,0.2278918616322106,0.8515165452566031,0.8715757857686037,-0.831718690594938,3
42.0,55.0,True,0.1539034457710545,0.0731942265330915,0.2968756387103722,-0.1215510704184662,-5.181034208405345,1
42.0,56.0,True,0.1930894444229263,0.1103793795321824,0.3535476343063256,-0.2242525452265481,-3.7910118471752714,1
42.0,57.0,True,0.2144059373927817,0.183813141556478,0.7096566320866574,0.6685783631969636,-3.619789351837998,1
42.0,58.0,True,0.1403202329879038,0.1157395995822948,0.3756860629829246,0.5401436566668337,-5.643098059487788,1
42.0,59.0,True,0.114162039272025,0.064357220116349,0.2843756453730289,0.6758578300784641,-6.383265300847686,1
42.0,60.0,True,0.2119392178656274,0.1142175314314255,0.3999156050379497,-0.0519727306919799,-3.509131088148644,1
42.0,61.0,True,0.2191147743972983,0.2143325016181517,0.6807299416480209,0.798070389190792,-3.062565487312515,3
42.0,62.0,True,0.1793518171089172,0.1507937772407615,0.553040399659761,1.0157631788449788,-4.4374266368410025,1
42.0,63.0,True,0.1580796374510571,0.1014557912448417,0.3825638693114056,0.524085342209137,-5.060739599645154,1
42.0,64.0,True,0.1680034177220935,0.1465833223095526,0.4582083457802577,0.3002829689304935,-4.872431571883828,1
42.0,65.0,True,0.2565427390436405,0.1176906701472914,0.4665863791952611,-0.3267835311250144,-1.96810431901449,1
42.0,66.0,True,0.2836355954273039,0.1910255328573674,0.7032646082004738,0.3720584805905386,-1.0718111015640934,3
42.0,67.0,True,0.3066320451685245,0.1625380502352226,0.7010050435356424,0.6650309657339062,-0.3955592409541247,3
42.0,68.0,True,0.3871150335360087,0.2501339728782855,1.108275289953166,1.748531536502956,2.2433236308332116,3
42.0,69.0,True,0.3488361719353475,0.2331755088846424,0.8391656491956163,0.6591430163216239,0.752721496811774,3
42.0,70.0,True,0.4839372927868803,0.2558243836447705,0.9467467509542662,0.2346748824308334,5.084356006429892,2
42.0,71.0,True,0.5903446729339009,0.2846462000177842,1.2953042282009992,0.8050530440045051,8.60403848979466,2
42.0,72.0,True,0.4847460607275927,0.1328733145347642,0.7047989535234813,-0.2909667769051977,5.148902122649153,3
42.0,73.0,True,0.3930770762003891,0.2243363019477825,0.8360807611160843,0.3757765552303818,2.101182557080119,3
42.0,74.0,True,0.3670125893015917,0.2296182684931302,0.7910179575752574,0.418404865085223,1.3706446500853595,3
42.0,75.0,True,0.2527592393891619,0.146512155959911,0.6159541096470672,0.4724766635176135,-2.0074672564067435,1
42.0,76.0,True,0.3067995127032955,0.2026518755183751,0.7282105189721423,0.5605439005350875,-0.713027709618336,3
42.0,77.0,True,0.2256030676834213,0.1237443788360206,0.420132662111397,-0.3989323745007308,-2.795345686986226,1
42.0,78.0,True,0.2120769508650587,0.1131215421251894,0.5574073694970191,0.8861104148033045,-3.5722379869750616,1
42.0,79.0,True,0.2405626007053245,0.197572518764378,0.786439125047449,0.9256460534729718,-2.6596289887641085,3
42.0,80.0,True,0.3290907488419161,0.1557795425761387,0.5991782037047111,-0.1905837215841421,0.211221176388383,3
42.0,81.0,True,0.3065832465544184,0.2560341178394508,0.9644253845180888,0.6816794521293505,-1.0483277758608256,3
42.0,82.0,True,0.3101518224687181,0.1441082599393008,0.6759517728000498,0.5573405926007733,-0.4045825550365532,3
42.0,83.0,True,0.2399081817017609,0.1679501641184112,0.6644262461258155,0.8527763796258557,-2.526630509762057,1
42.0,84.0,True,0.3044694193519049,0.2150544930825185,0.7513158064259028,0.6489386537248658,-0.6743509387700091,3
42.0,85.0,True,0.4564355432686192,0.3166550331363996,1.2701416714610383,0.3040014707056758,3.685242656226542,2
42.0,86.0,True,0.4341311663981261,0.1809842300622869,0.8020065564413416,-0.1321606245801097,3.5829604602432017,3
42.0,87.0,True,0.3661388349004721,0.1711374543141639,0.6689637890211223,-0.2013477843557297,1.2212832430590197,3
42.0,88.0,True,0.511241834275128,0.2520279237710701,1.081423758179447,0.6047950096847634,5.563395582896985,2
42.0,89.0,True,0.480139915929699,0.1961651432863589,0.8194194058120575,-0.3946254679779134,5.360461975475276,3
42.0,90.0,True,0.6782283033967049,0.2085170508668865,0.9316615252148938,-0.4918369245837846,10.605761292022954,2
42.0,91.0,True,0.8154228610904521,0.2374166075935662,1.2735534125048484,0.0707953399132546,15.37781879323101,2
42.0,92.0,True,0.7710265161720729,0.2670497813818693,1.490539709604371,0.5325915007197127,13.219995532712485,2
42.0,93.0,True,0.543641458991997,0.3680452785529654,1.2619133025784164,0.4659237083775435,7.020494908336485,2
42.0,94.0,True,0.410821563339211,0.1902884866622377,0.8910172510033584,0.7355207580388868,2.7778844511243315,3
42.0,95.0,True,0.3459426260317821,0.2321431019548301,0.8127682226697043,0.5404183572097943,0.4070204153568806,3
42.0,96.0,True,0.2995496871191638,0.1681436497243632,0.6112374170107859,0.4276021637361634,-0.7314699208143609,3
42.0,97.0,True,0.5183753006811548,0.2907774063573877,1.160280490560162,0.5255523134421496,6.10280597478071,2
42.0,98.0,True,0.3519009791313653,0.2576565823095306,0.9151838958590084,0.6972670672049912,0.8586285387405971,3
42.0,99.0,True,0.1053448558350579,0.0760120269855713,0.3298421872080168,0.7611197055636445,-6.842488402957964,1
42.0,100.0,False,,,,,,0
43.0,1.0,False,,,,,,0
43.0,2.0,False,,,,,,0
43.0,3.0,True,0.4652425005150956,0.1856724886797912,0.8767335683279373,0.5213491723807983,4.365894013549755,3
43.0,4.0,True,0.5276765824455861,0.3759912690243974,1.2120963546135552,0.3950738900351397,6.462309365630686,2
43.0,5.0,True,0.4742635016826237,0.2059762252775705,0.9431609393344912,0.6369929509939932,4.87053316959198,3
43.0,6.0,True,0.438653084600741,0.2395832349551627,0.9240477773983754,0.575972551265687,3.7383816932691207,3
43.0,7.0,True,0.319161581763528,0.2295347676947593,0.9478733149268964,1.0807202640070306,-0.2807265948561037,3
43.0,8.0,True,0.3513747973305867,0.2173386912512683,0.7895624547393014,0.192672435852245,0.8444322319445196,3
43.0,9.0,True,0.4293213424959239,0.1799580943262927,0.8503389252203639,0.2755936824603786,3.094392116760547,3
43.0,10.0,True,0.3371109053882638,0.1487997979368515,0.6159644664600599,0.0519496381376832,0.6872209763512941,3
43.0,11.0,True,0.3293627102698545,0.2021571541032928,0.6780253865121777,0.2762786684599866,0.4112175594568114,3
43.0,12.0,True,0.2744343959595646,0.1791877054925007,0.6907756608492935,0.9258589847277924,-1.3811020116240882,3
43.0,13.0,True,0.2138826350521318,0.144837330735654,0.4894948757162439,0.3519857789975132,-3.1093666786675884,1
43.0,14.0,True,0.2627850394212603,0.1333019684970552,0.5078179002783486,0.1169067324271376,-1.6870814908367964,1
43.0,15.0,True,0.297438972609673,0.1353006826385761,0.5650490517340171,-0.1724709869524978,-0.6748803845504733,1
43.0,16.0,True,0.2870186216780187,0.1825994972636783,0.6282552933472753,0.3037179702359486,-0.8415918689152501,3
43.0,17.0,True,0.2948568658758646,0.2160047226904943,0.6968041185212946,0.4493413992488529,-0.6660571260575047,3
43.0,18.0,True,0.2999214639999436,0.1755902258255051,0.7307078224291015,0.783617249551758,-0.9443038098757872,3
43.0,19.0,True,0.2427119900008138,0.1808998655206103,0.574686082811377,0.2144713720197799,-2.5319893220003378,1
43.0,20.0,True,0.3053882030193172,0.1778982828742927,0.7921894508311293,1.4096753139553493,-0.2559741409284659,3
43.0,21.0,True,0.2032943538454971,0.2188187985175049,0.7543713310359691,1.381709559940099,-3.67023986450498,3
43.0,22.0,True,0.2353839533736766,0.1218873743152367,0.4016198850645743,-0.3417196226922558,-2.6798978354078655,1
43.0,23.0,True,0.3287786255686124,0.1815305278388996,0.7311827822982192,0.3138242683660976,0.0392556563057132,3
43.0,24.0,True,0.1123512458797944,0.0883061621614767,0.3267353475413277,0.6966253962783662,-6.399442019896426,1
43.0,25.0,True,0.3796216008922698,0.2355973421830691,0.9975878272187032,0.8332959475985833,1.908546870521851,3
43.0,26.0,True,0.3814301720754783,0.160220565599236,0.8834080856550234,0.7791794142326092,1.55915186940093,3
43.0,27.0,True,0.432407598417638,0.1884313004121447,0.9042014907744844,1.2187287970635474,3.495504084389396,3
43.0,28.0,True,0.3670425303791329,0.137256924663859,0.6793243345450692,0.5269217342541836,1.45601172869381,3
43.0,29.0,True,0.3697199605108919,0.1903576584859593,0.6788612578519322,-0.2183934992987208,1.5199664854245238,3
43.0,30.0,True,0.3746017468024944,0.1233945911789414,0.7302720320343411,0.9881273665722242,1.7442471312779315,3
43.0,31.0,True,0.2560878855214926,0.0991790183680663,0.4946586143230823,0.9433986789225944,-2.208508212376699,1
43.0,32.0,True,0.4058155978409141,0.2792572914913633,1.0138123539242572,0.6138118555994332,2.8053113935961127,2
43.0,33.0,True,0.2961415963333089,0.1373429569884233,0.5519282787188329,-0.1276820014237574,-0.6939184340006729,1
43.0,34.0,True,0.2499741521195734,0.1358427093710275,0.568008737148579,0.3677369093504613,-1.9956941003659696,1
43.0,35.0,True,0.2199378773429824,0.1410082026643397,0.5394313488761605,0.5975561024390021,-3.0071339885465096,1
43.0,36.0,True,0.3937028468875898,0.1936068643660612,0.7862598961769567,0.0871017238255385,2.26798248289383,3
43.0,37.0,True,0.2670789462332823,0.1421276229829422,0.4978584817900027,-0.1817848464507156,-1.5469406198056042,1
43.0,38.0,True,0.2746144737712703,0.1780790555161581,0.7225424820276846,1.1857212730104905,-1.48316726841148,3
43.0,39.0,True,0.2218253538211115,0.1059135648916234,0.3942114126317337,0.0136242954639978,-2.99218151597359,1
43.0,40.0,True,0.3122996793457822,0.1691312107119493,0.5728311551725509,-0.1347102072326995,-0.2951416027069683,3
43.0,41.0,True,0.3117134630626539,0.1968373452193662,0.841435156347052,0.4722670972767849,-0.8964827871451165,3
43.0,42.0,True,0.2874966809667946,0.1825683436178221,0.6469251196695662,0.3915837157833157,-0.904322445706548,3
43.0,43.0,True,0.3455159477268048,0.1470795924363609,0.6186857798606097,0.0028598769808852,0.3909867887960863,3
43.0,44.0,True,0.2557693784104036,0.126458654564184,0.5052500508336086,-0.5548598849261352,-2.1575916391448087,1
43.0,45.0,True,0.213689527105623,0.0838455917871461,0.3558017280026821,-0.5328121294498828,-3.4116100867350445,1
43.0,46.0,True,0.5092068895582194,0.2470688410914319,0.9792203773167406,0.223557190711711,5.810048683597921,2
43.0,47.0,True,0.362915751406783,0.1799627428431973,0.729261660552495,0.4606960136623766,1.4755587462107005,3
43.0,48.0,True,0.2766760196957862,0.1360977458209608,0.5556736591891029,0.5356100991732233,-1.195106479702523,1
43.0,49.0,True,0.1767134825511108,0.1286305901037566,0.4461282048778165,0.3546870085505349,-4.226447233946002,1
43.0,50.0,True,0.2563065144154871,0.1351720384538426,0.5245990542362015,-0.2029570647530938,-2.191283212948974,1
43.0,51.0,True,0.36861662905486,0.1650005977683163,0.7373024183543967,0.3247354151143755,1.391360256028459,3
43.0,52.0,True,0.2060151265376744,0.1133124894707701,0.4851160592340056,0.4851761397794975,-3.6858451900248737,1
43.0,53.0,True,0.2560355793412212,0.2088893903674178,0.7190297826225874,0.7753673111971667,-2.085521475521547,3
43.0,54.0,True,0.2937857570758649,0.1722154226001712,0.8380546129464428,0.9510838432063792,-1.3823046148833482,3
43.0,55.0,True,0.1967427215227389,0.0918755407313784,0.3541440110305893,-0.2857451456970257,-3.978899444826141,1
43.0,56.0,True,0.311827751134607,0.1907435874782794,0.6653831114056874,0.2507036125794221,-0.4448412200031879,3
43.0,57.0,True,0.2899482307141398,0.1921099630089494,0.7155368109055944,0.4333228205115697,-0.7284985522578828,3
43.0,58.0,True,0.1758479274639031,0.1413349988672262,0.4738843381113395,0.490295573387094,-4.754296329921291,1
43.0,59.0,True,0.207823626331462,0.1205904212764903,0.5572010037957588,0.4514319392281146,-3.6639905202958785,1
43.0,60.0,True,0.2149332725038291,0.1204810695112396,0.4288252612634603,-0.0847885215009193,-3.484731076650254,1
43.0,61.0,True,0.1134697545264388,0.098877836578462,0.2998714921832773,0.5683609548514263,-6.569504462749553,1
43.0,62.0,True,0.126842610620153,0.115190048196647,0.3704473671531897,0.7258285709789731,-5.941239501085607,1
43.0,63.0,True,0.1425790379284591,0.1014897703216795,0.3560228632004318,0.2576351309197908,-5.3746255360256745,1
43.0,64.0,True,0.1900734061209494,0.1323702560876556,0.4852361302449657,0.3533531761488536,-4.102729501175712,1
43.0,65.0,True,0.1864243151247223,0.1309642542246669,0.4840207121638739,1.0601233324302637,-4.268126064139985,1
43.0,66.0,True,0.2364367742709237,0.1601845181030504,0.5565384021187648,0.3091015333325667,-2.648432294195426,1
43.0,67.0,True,0.3048766413639714,0.1606271252461291,0.6290140550747252,0.3333059622815575,-0.8221684063427086,3
43.0,68.0,True,0.3890826556627055,0.2320251083645726,0.910171509014127,0.3643980057410318,2.037230356047619,3
43.0,69.0,True,0.3529183998801979,0.2248285834114028,0.9052366953255652,1.1103843896113326,0.9865483241472512,3
43.0,70.0,True,0.5156999980497929,0.3649317442777217,1.366368861802518,1.2064530051137714,5.907132086184455,2
43.0,71.0,True,0.4646265250031167,0.183434877655359,0.8245838857224495,0.1017402250460928,4.423165089647434,3
43.0,72.0,True,0.4520833304118372,0.2871842570674801,1.1031299548837223,0.6966459458712891,4.620408746079842,2
43.0,73.0,True,0.3540125006462199,0.1764521458789443,0.7102080977317751,0.1486354626062754,0.8378804859364205,3
43.0,74.0,True,0.3372657930172675,0.2393513785258603,1.3240556046820349,2.138342182456814,-0.0843123585502336,3
43.0,75.0,True,0.354287515647891,0.2278165791436147,0.8925718142503469,0.4034335350989487,0.832350630837825,3
43.0,76.0,True,0.3534222180764059,0.1678124901941068,0.6224212997758704,-0.0922968771451096,1.052600382918167,3
43.0,77.0,True,0.2892599517047926,0.1533759869736888,0.6583851844874288,0.4761064186322034,-1.2374137307470672,3
43.0,78.0,True,0.3249543679231608,0.1415609317891391,0.6346798062943093,-0.2002668375739957,0.0989082479956895,3
43.0,79.0,True,0.2831635143133063,0.2388931348560458,0.7596429222060929,0.6132073901381254,-1.3108671318598968,3
43.0,80.0,True,0.3251847841458906,0.2453157137472863,0.9698472019908856,0.5219673813132925,-0.4078892652194457,3
43.0,81.0,True,0.2745181246982339,0.1606009070388861,0.6556746566687968,0.9348336737248454,-1.476499203774332,3
43.0,82.0,True,0.2576627744044956,0.2039651567854932,0.6747306934872236,0.3309156945369361,-1.612921163414465,3
43.0,83.0,True,0.2724827299353746,0.2959016381491136,1.0480555851591309,1.3283670973264297,-1.067498088330435,3
43.0,84.0,True,0.2848417328047409,0.2021967336070994,0.7711290083130076,1.0623934966316295,-0.835525200186663,3
43.0,85.0,True,0.340893254970761,0.2817841828702255,1.0342157425594865,0.9864137474501,0.5310407622159675,3
43.0,86.0,True,0.3475829087089872,0.1180100698833168,0.6005200212507176,-0.0803323208236788,0.6035378443658229,3
43.0,87.0,True,0.4659323819978198,0.2226012203229456,1.0504993105455989,0.5140651632144896,4.460325554113209,2
43.0,88.0,True,0.4028703605680312,0.2293363958392051,0.8945372704279274,0.3293966458448015,2.512377230075856,3
43.0,89.0,True,0.369931097101996,0.1935525050660159,0.6987557501482826,0.4697529026904364,1.357907106688273,3
43.0,90.0,True,0.4561869731310412,0.1279460458270729,0.7816516247369086,-0.4265297860524218,4.055556229482547,3
43.0,91.0,True,0.5310242560252778,0.2049144473998336,1.002187083930962,0.5937920654542604,6.678212379773038,2
43.0,92.0,True,0.6765706690168707,0.3811885542948745,1.410258007719381,0.2412320484757363,10.343875075637516,2
43.0,93.0,True,0.4886074409342227,0.2741957780729282,0.8968778856547659,-0.075681528459001,4.947052833820755,2
43.0,94.0,True,0.5344367924177879,0.349299659863774,1.3005141944075016,0.6307558093070124,6.117617418049223,2
43.0,95.0,True,0.5009533971656579,0.2488650468375005,1.5,1.8974472645861773,4.976023487620517,2
43.0,96.0,True,0.5041113492791257,0.1234953305123148,0.7447609540748171,-0.1962158584582917,5.512100343555255,3
43.0,97.0,True,0.3173998647141211,0.2094311343465279,0.6974988346587548,0.4154963995488426,-0.0416511695768387,3
43.0,98.0,True,0.342626747297359,0.1598233180088693,0.7086247518343822,0.1655768196969919,0.8010084088317057,3
43.0,99.0,True,0.2396822284800452,0.1537636312212192,0.6029724123204985,0.2124864759138723,-2.680354002736429,1
43.0,100.0,False,,,,,,0
44.0,1.0,False,,,,,,0
44.0,2.0,True,0.1237053231314304,0.0628405531239082,0.2520406469263644,-0.0618616206004952,-6.0715316744987495,1
44.0,3.0,True,0.343613565301297,0.2819540282301875,0.9028267483959552,0.7073087018724296,0.1730590534925237,3
44.0,4.0,True,0.4416926163223619,0.2119786764255235,0.8355877673074412,-0.1905197987917173,3.736338159377592,3
44.0,5.0,True,0.4359172203341283,0.153860224887608,0.7978247097958976,0.1351472162238589,3.61133682794276,3
44.0,6.0,True,0.4004843482990621,0.2030423789040321,0.756269506760247,-0.1694940463206016,2.1939456454727018,3
44.0,7.0,True,0.323266327718712,0.1438711707455527,0.8283074089722403,1.104841472266623,-0.2887602483525852,3
44.0,8.0,True,0.2113003478575962,0.1602419970751294,0.6077223919329349,0.7252398565829852,-3.318803128784883,1
44.0,9.0,True,0.3632099832564639,0.2057887076822744,0.980503777394243,0.9585218653419422,0.9408500848527082,3
44.0,10.0,True,0.3344017841302613,0.2454418714359658,1.4389417321133822,2.521060979710294,-0.0982481919476408,2
44.0,11.0,True,0.1595758314153985,0.171417306762215,0.6456158593045268,1.475000789382568,-4.844048186221557,1
44.0,12.0,True,0.3784447244596827,0.2183750121795427,0.9281362858092927,1.0118043367710985,1.4013539154129078,3
44.0,13.0,True,0.1507676760684504,0.1270415395740718,0.4125532962232357,0.2924658183975726,-5.303324586877587,1
44.0,14.0,True,0.2500473341106283,0.1239709380232723,0.6205160617729608,0.5963505141111922,-2.3449936415293733,1
44.0,15.0,True,0.2678338848221303,0.1620181787590388,0.8479776337948143,1.2531647261691128,-1.7386427996472165,3
44.0,16.0,True,0.2465791312648667,0.1092721630834604,0.469120741893486,0.2833039611317793,-2.21335144103055,1
44.0,17.0,True,0.2203740822705572,0.0747126340492245,0.4072503193267019,0.0224089835673096,-3.1899171432461024,1
44.0,18.0,True,0.1562805780242036,0.1247566726679618,0.4493489022282378,0.7312171724002129,-4.913569474356724,1
44.0,19.0,True,0.1900118527272988,0.1165905176671846,0.4362818071413782,0.2365457225238356,-4.109292967392367,1
44.0,20.0,True,0.3146414891475591,0.2142489559547027,0.9038922868140792,1.262028318479205,-0.0990293041790007,3
44.0,21.0,True,0.1966096718081034,0.1409304318305692,0.4739325426512004,0.4643177133571158,-3.8738844332222504,1
44.0,22.0,True,0.1890400352534352,0.1184944054640781,0.3773477686110915,-0.0075373295139728,-4.204226195903422,1
44.0,23.0,True,0.3239300177704078,0.1500242379506095,0.5811121262751126,-0.0609095330058302,0.265079144999454,3
44.0,24.0,True,0.4442390459064704,0.0930772591347985,0.5951743341622652,-0.75508844969878,3.717454648075833,3
44.0,25.0,True,0.4031698721317853,0.2508004063948723,0.9873654758266104,0.5989113286709525,2.4889593770793583,3
44.0,26.0,True,0.701642673963326,0.2353889888477545,1.2584966156366897,0.7371253159004917,12.07075521478108,2
44.0,27.0,True,0.467349317749252,0.2307601252496403,0.9900731389427448,0.3145651028883345,4.155405742811475,2
44.0,28.0,True,0.5029704790656381,0.1865060388157992,0.7934494775732994,-0.1335414549266277,5.366389436574837,3
44.0,29.0,True,0.2502432791386839,0.1204282814084214,0.4771479942959502,0.2305620755569349,-2.180919984217295,1
44.0,30.0,True,0.3868228282726582,0.2303517903742793,1.004426533937162,0.9269142122409012,1.8596119307637575,3
44.0,31.0,True,0.3798273060534778,0.1208085521323524,0.6962654644843378,0.7148565751616675,1.7089239656816329,3
44.0,32.0,True,0.2411491148807821,0.1402265672447259,0.6023238526071589,0.8662811425005189,-2.615527551525069,1
44.0,33.0,True,0.2959787157575987,0.1225103311897303,0.5270798450031721,0.0822157081262404,-1.0000137428487248,1
44.0,34.0,True,0.2107528815724885,0.1035749902774769,0.4202887594823387,-0.1605168891227488,-3.397709631271636,1
44.0,35.0,True,0.3159328087588937,0.1829978732039902,0.5913675951619506,-0.2364149234735335,-0.0610004191403022,3
44.0,36.0,True,0.3982067051680297,0.2531142124231605,0.9483711228260376,0.5140054440284811,2.488534078978052,3
44.0,37.0,True,0.3471340448934208,0.2005395077116837,0.7313767507471182,0.5190844570061225,0.5639553302663134,3
44.0,38.0,True,0.2154745249750801,0.1122753488567512,0.4791465186532587,0.7724571539033506,-3.1073533334753805,1
44.0,39.0,True,0.3118507560749182,0.2194934166050999,0.7344162492991442,0.4895687608886769,-0.3060100502377136,3
44.0,40.0,True,0.2102070495632222,0.1611557329027514,0.4425075602622396,-0.1190435257578477,-3.5461354440846025,1
44.0,41.0,True,0.2444326514119986,0.1960931532320738,0.7251579718026593,0.861731846171767,-2.445433887490478,3
44.0,42.0,True,0.2831707832910791,0.19946063476044,0.7246501205017679,0.5060743389358853,-1.4114344278623592,3
44.0,43.0,True,0.2419994142281761,0.2049139151250639,0.7785746529906997,1.362699862468343,-2.4704208916967287,3
44.0,44.0,True,0.276312854905989,0.1337900715475647,0.7158481290799489,0.8703401561517716,-1.605754502742296,1
44.0,45.0,True,0.2735369898910505,0.207827783889494,0.7169412195902024,0.7226172462653967,-1.2361021698993768,3
44.0,46.0,True,0.2395234416735544,0.1330991703124235,0.57053163990254,-0.0805611208546808,-2.7295536493181065,1
44.0,47.0,True,0.4243264882318173,0.2162022739710938,1.2137487858650209,1.394627621977618,2.8636041758047113,2
44.0,48.0,True,0.3266136766950751,0.2229710232963162,0.871466456498336,1.0491879925913066,-0.0957389643529856,3
44.0,49.0,True,0.2704101555125849,0.1632864372508913,0.5898470354901467,0.0586265215874873,-1.5026041573278976,1
44.0,50.0,True,0.277892361832473,0.1740743855839489,0.677466526027666,0.4403268817825722,-1.270666441811548,3
44.0,51.0,True,0.2865334294373286,0.1691288392758282,0.5322617523738881,-0.2822752533757798,-1.189628329900612,1
44.0,52.0,True,0.3424769902649814,0.1947937885900154,0.7983458141024518,0.2013198509179167,0.7940148669570395,3
44.0,53.0,True,0.2092053333331486,0.1632010166170189,0.5419697423939184,0.6395180452745436,-3.5723146440214064,1
44.0,54.0,True,0.1939308911063522,0.1206152552631628,0.3536176956641964,-0.5297874617187517,-3.946870484947563,1
44.0,55.0,True,0.2095270276150556,0.0992293298026104,0.3799443314635114,-0.692581964111132,-3.301593316378413,1
44.0,56.0,True,0.1430092410851625,0.1027002134387624,0.437560224963775,1.28083487432736,-5.527734666721888,1
44.0,57.0,True,0.1840534613961046,0.1033230160838225,0.3895807956399481,0.1387395884929376,-4.190818532309668,1
44.0,58.0,True,0.1300717822420992,0.1084126738849494,0.4470491980758821,1.1519411077972352,-6.261178675085993,1
44.0,59.0,True,0.1488570747361605,0.1453937653369038,0.525390703364955,1.091887509249183,-5.294739101092099,1
44.0,60.0,True,0.2419080599889098,0.1329596670563987,0.5334460790162746,0.3529547835365395,-2.6446563651698076,1
44.0,61.0,True,0.2085908570359905,0.1462494723442524,0.5044091067812858,0.333233988747678,-3.426554629623955,1
44.0,62.0,True,0.2889767278637309,0.2119129353618014,0.8260879607560163,0.5415373786475558,-0.9717010931698432,3
44.0,63.0,True,0.2613969589177219,0.1536484523997136,0.5105652951451856,-0.1237335252883222,-1.780166808510354,1
44.0,64.0,True,0.2578814863505559,0.1373834607260256,0.5662381726937359,0.255055958321636,-2.014489478958323,1
44.0,65.0,True,0.4142208921018722,0.2238102908851498,0.99494089844273,0.5532506430400715,3.043651228703614,3
44.0,66.0,True,0.3244903276109074,0.1541779140982801,0.6168283419061815,0.0341696642339645,0.094922600968468,3
44.0,67.0,True,0.4528952553152915,0.2052212319955816,0.9547227839232172,0.5089934328352733,4.040013190202067,3
44.0,68.0,True,0.4663027193674938,0.2139012805127768,0.972082407323088,0.7924613247383772,4.229512008254721,2
44.0,69.0,True,0.7310459783226735,0.2609187398395717,1.5,1.3184174559613948,12.13309405055318,2
44.0,70.0,True,0.6898341605142209,0.3953220721946678,1.5,0.4176689830645616,11.351995875900707,2
44.0,71.0,True,0.5401378004007179,0.1809810342364245,0.8854311845611987,0.054832420380643,6.495462679471493,2
44.0,72.0,True,0.5047948242343767,0.1804442228129208,1.011226219778942,0.4341486299606973,5.503086466222972,2
44.0,73.0,True,0.3740593625429006,0.1235450642468432,0.6787327794862841,0.7905279978398021,1.7416410061286425,3
44.0,74.0,True,0.5675767662227968,0.3052094031553605,1.2601946443902483,0.4719645224122602,7.554086923107974,2
44.0,75.0,True,0.2807696267181346,0.1666114238794038,0.7946209671366741,0.7619144959387307,-1.413364499898123,3
44.0,76.0,True,0.2562834979314345,0.1381088630930744,0.716162201354138,0.6123925812950562,-2.2260400935342854,1
44.0,77.0,True,0.3351950565796431,0.184964466165541,0.7808745274193215,0.1097922868968232,0.1405066043561839,3
44.0,78.0,True,0.4372899592372321,0.1990040366032271,0.7946769418642894,0.1838471026731376,3.817111123945213,3
44.0,79.0,True,0.303250130323992,0.1922257098412689,0.696345902647201,0.4350761480793501,-0.4804342411036035,3
44.0,80.0,True,0.3430057155670512,0.1999199068605307,0.7921661795478989,0.5994638547587329,1.02398544271833,3
44.0,81.0,True,0.2812637495176915,0.1369618048809537,0.6426661011084502,1.032529492803565,-1.0297400687807727,1
44.0,82.0,True,0.471674813830849,0.2901837003142812,1.0811167281548677,0.4619622703959415,4.934591637595131,2
44.0,83.0,True,0.326772223375919,0.2047869568458738,1.1505233500719307,1.5213895379279887,-0.0894435229012961,3
44.0,84.0,True,0.3393326161895724,0.1897242669037348,0.7824075148325116,0.8897893335153508,0.8259271464868861,3
44.0,85.0,True,0.3966190200688093,0.241892298938007,0.9181351840577846,0.3039197703796773,2.052168967358785,3
44.0,86.0,True,0.3482319973435465,0.1506405027192985,0.7818120683747726,0.6768710423829565,0.3904779827582702,3
44.0,87.0,True,0.3318394018116984,0.1515465895502258,0.5492837000206109,-0.4656401076812255,0.1564414989748011,3
44.0,88.0,True,0.5561004026051486,0.2596719505878965,1.1488309962852243,0.6466687553229338,6.750289321828732,2
44.0,89.0,True,0.4486959316280247,0.2696629327312269,1.1013597240468236,0.4233506305517993,3.7394937650760287,2
44.0,90.0,True,0.5766317448387629,0.1620209991531103,0.9146092331966168,-0.3856651651865999,7.780642395885338,2
44.0,91.0,True,0.4727152918447832,0.1831949965688944,0.7656658119578379,-0.7462949627659956,5.031233066661574,3
44.0,92.0,True,0.7286338888779105,0.2589418901698782,1.268600660314115,0.3177794550351338,12.723971577771614,2
44.0,93.0,True,0.467993007632059,0.2434202507192052,0.9216960201597924,-0.2005105267093052,4.945683884920976,2
44.0,94.0,True,0.4928884794960579,0.2723457146207581,1.031134071172373,0.1476809856618107,5.494941849113088,2
44.0,95.0,True,0.474501438935257,0.2782465526816298,1.4818345050592103,1.3025438470495474,4.13724499605277,2
44.0,96.0,True,0.5386083890446219,0.251514965152477,1.326120564958005,0.8505958612977944,6.259416833706072,2
44.0,97.0,True,0.480885177279821,0.2470523493874178,0.9796279181472888,0.349621923344295,5.107378675869554,2
44.0,98.0,True,0.5568524582487161,0.1352629872126451,0.762404675593349,-0.734702143170835,7.554892112537214,3
44.0,99.0,True,0.2381576060480524,0.1267768807384965,0.4882937990505302,0.01049095344083,-2.451957639451672,1
44.0,100.0,False,,,,,,0
45.0,1.0,False,,,,,,0
45.0,2.0,True,0.1806036879689952,0.0842949325001691,0.3626167888403387,0.6738715371421293,-4.295575019858048,1
45.0,3.0,True,0.3412299963830121,0.2112887920336753,0.7911436370193626,0.5082778546923208,0.7641629345422529,3
45.0,4.0,True,0.4811013807031753,0.26939068682071,1.0911529330063752,0.5106989073512298,4.791133370125314,2
45.0,5.0,True,0.3621790157638964,0.208565357127473,0.8670914161769239,0.7287570649903714,1.1440616647921251,3
45.0,6.0,True,0.3692237392703877,0.1948706613063549,0.7507065806300859,0.2996103844560027,1.6810848643066674,3
45.0,7.0,True,0.2921077248680024,0.2017632632066205,0.9290526387349792,1.1001387680301036,-1.1143565182152806,3
45.0,8.0,True,0.3569045678720853,0.1868360386599181,0.7649379451814559,0.0603876278437952,0.7438978387535524,3
45.0,9.0,True,0.3019639011486944,0.1745872230206316,0.7427208310436224,0.8047862924684981,-0.5518745367593892,3
45.0,10.0,True,0.4468975875476427,0.2725250334789068,0.9910067380189366,0.2498010637963889,3.695339858786869,2
45.0,11.0,True,0.2234254977899048,0.1048804033052327,0.3822152930129283,-0.5899421072879146,-2.898393959341386,1
45.0,12.0,True,0.199445714646616,0.1851295566897617,0.7159982328137827,1.3332746271329237,-3.9548442097952514,1
45.0,13.0,True,0.3578326491320848,0.1921546984931543,0.689520100313739,-0.006538240399801,1.359418784929148,3
45.0,14.0,True,0.3195837798702558,0.1307876315030245,0.6263481732432328,-0.1355046949778328,0.1210589813307994,3
45.0,15.0,True,0.2604149344564912,0.1240100786024511,0.503908878379047,-0.3346488693102192,-1.793866699497623,1
45.0,16.0,True,0.1566427613416751,0.133543312274328,0.4903714185850975,0.8749338583798103,-5.025559419386988,1
45.0,17.0,True,0.1867141833377525,0.1917535554870358,0.6855726836255507,1.1795647712086368,-3.995118635024908,1
45.0,18.0,True,0.2485479935995661,0.1994119230670983,0.6533402528471257,0.6848034322461576,-2.0950288265013137,3
45.0,19.0,True,0.1983554550175533,0.1180203596780952,0.4976766157840954,-0.1844718808730577,-3.835494339509379,1
45.0,20.0,True,0.25344327062258,0.1910878477525216,0.7425599644339718,1.0963207236108892,-1.8885305340118728,3
45.0,21.0,True,0.22421518897808,0.1710217669772154,0.6250624571871248,1.011319858413502,-2.945917868706589,1
45.0,22.0,True,0.3018761729637703,0.1423194726144348,0.8777257620176431,2.3551953200648637,-0.9391661367374043,3
45.0,23.0,True,0.3652609893370273,0.1647203452843554,0.6562420982694087,-0.3730887308859776,1.3766024187397972,3
45.0,24.0,True,0.3167130060171194,0.2511573403718174,0.8647745818735814,0.4277775729988671,-0.3770653413308919,3
45.0,25.0,True,0.400434196273626,0.2028717820176836,1.0875996460646375,1.0479715897782382,2.146938183667682,3
45.0,26.0,True,0.4747825512946984,0.2783101872831879,1.1965187724953192,0.5252883122377897,4.438900958390881,2
45.0,27.0,True,0.6451344653587036,0.2422612642691167,1.3019534087662357,0.7404397750051753,9.970389222062773,2
45.0,28.0,True,0.4834888808687475,0.2189052854466582,1.165424235784474,1.0252130666324433,4.601177667005585,2
45.0,29.0,True,0.5614481954285669,0.1549126181105082,0.8172032718251155,0.1759229060043674,7.408847501306068,2
45.0,30.0,True,0.2033517031100883,0.1531308686801576,0.8263845363334277,2.184745210122238,-3.943079614675793,1
45.0,31.0,True,0.3122697392638573,0.2073092864377034,0.7414725386564383,0.1577303792852659,-0.2541090036657688,3
45.0,32.0,True,0.2837358957531177,0.1622465877489694,0.7014181954223684,0.7205636614107662,-1.4961061338771573,3
45.0,33.0,True,0.3263784830924368,0.2184205440154557,0.8906887758027243,0.9591363795662896,0.2309534183434887,3
45.0,34.0,True,0.2217835982212201,0.1204485303955047,0.4519281103614664,0.2347750398095299,-2.890706737628334,1
45.0,35.0,True,0.3086821386773685,0.1520799570742713,0.5751971239778423,-0.2085464946771224,-0.2971132930202839,3
45.0,36.0,True,0.2610718843044368,0.1959481221854992,0.7305916103797475,0.6679925614763659,-2.008591512092518,3
45.0,37.0,True,0.2758102272693974,0.1947174495324305,0.5936408555926744,0.1224186491175408,-1.224883830297857,3
45.0,38.0,True,0.2875563927399222,0.1797879111640414,0.6898503627521891,0.2749913414571487,-0.9285871250321008,3
45.0,39.0,True,0.2426590900071448,0.1820108976424884,0.6766924715119866,0.914357038474582,-2.5287108690970115,3
45.0,40.0,True,0.2230138673239041,0.1837649664544997,0.59042718874408,0.640499400667853,-2.852487327567408,1
45.0,41.0,True,0.2863375372608155,0.1726438374103429,0.5688313715090352,0.227243461875227,-1.2295622609663437,3
45.0,42.0,True,0.3897544016894256,0.1403707298715054,0.7731278777845022,0.2827252889044059,1.720394389162465,3
45.0,43.0,True,0.2305128853284851,0.1352389639512284,0.5689043168799109,0.682104744581049,-2.932469557893018,1
45.0,44.0,True,0.323523979778615,0.2222143565898969,0.8134316923410677,0.6105666328904747,0.3968064765275146,3
45.0,45.0,True,0.283815793777065,0.1334569813792086,0.6229311544740438,0.8162763232622401,-1.2078153727130485,1
45.0,46.0,True,0.3029681828210996,0.1049278019043761,0.5253698124998697,0.0969760165948752,-0.6529989018931578,1
45.0,47.0,True,0.3761666556040608,0.1766919596922212,0.7629116863556509,0.2294753108319719,1.6317902977991252,3
45.0,48.0,True,0.2599953425260121,0.1224413475325858,0.5471945042333093,0.6466703171345685,-2.0664292506713275,1
45.0,49.0,True,0.3560215743481599,0.1743356646536984,0.7777080937127642,0.435019673860827,1.280991745350787,3
45.0,50.0,True,0.2920019246756755,0.2165391532836351,0.7768518002473559,0.6467406286354135,-0.9422511477980368,3
45.0,51.0,True,0.3577326064807513,0.1645406627024419,0.6700117574013168,0.2754708142001444,1.0897905913745158,3
45.0,52.0,True,0.3235918850381792,0.1295014516600864,0.55743921657294,0.3601213401140486,0.0346684108052341,1
45.0,53.0,True,0.310284347337491,0.1603827598245599,0.5764697217605361,-0.1856259646328826,-0.0583558619603152,3
45.0,54.0,True,0.2943184815275733,0.1471423242921428,0.5758210492029501,0.2963472727583354,-0.8757215094121982,1
45.0,55.0,True,0.2245902419844052,0.1681685221597239,0.649187097254983,0.7066483117321672,-2.9767934444888753,1
45.0,56.0,True,0.225728646389295,0.1734493733827929,0.5950839096459818,0.5594088012227622,-2.915037418134098,1
45.0,57.0,True,0.1618412775617827,0.0884180070848605,0.3351360545405349,0.1599460441941621,-4.839903352035945,1
45.0,58.0,True,0.2470745167583504,0.0941385912180464,0.46593567258264,0.4308156331556057,-2.275189369152389,1
45.0,59.0,True,0.1660763742694103,0.1555014858187748,0.4842375274952873,0.5956549967062515,-4.874122978041893,1
45.0,60.0,True,0.2296049058871965,0.1189784476850023,0.4963391056012358,0.4056273412727383,-2.9144402382005454,1
45.0,61.0,True,0.2577933382486519,0.1879308585014956,0.6859126394893489,0.6192147893090055,-2.1321792773358075,3
45.0,62.0,True,0.2472838300841833,0.1433174623851803,0.6259147160972378,0.8772402413767089,-2.39624964599644,1
45.0,63.0,True,0.2072645054445811,0.1227962317806085,0.5360362540164697,1.2634478047378346,-3.6072157118439496,1
45.0,64.0,True,0.2712712010219706,0.1510243424680983,0.549779052451785,0.010283130762202,-1.402338154142913,1
45.0,65.0,True,0.2466557509519989,0.1000437902800819,0.5214341034042955,0.1929337958757543,-2.3938664836524453,1
45.0,66.0,True,0.4120979765863855,0.2395974306467025,1.2135506889740204,1.0539440275000842,2.655897169677675,2
45.0,67.0,True,0.2885302661976209,0.1834408880833603,0.6716983157635046,0.3105882265772058,-1.00258536925402,3
45.0,68.0,True,0.7123823803775392,0.2551459687832469,1.3565373530491454,0.0204481965294072,11.830000807459394,2
45.0,69.0,True,0.740865088822436,0.23662773328616,1.3253605996459723,0.2260710051584508,12.764997814518944,2
45.0,70.0,True,0.5708371216677881,0.2066689679816822,1.0201080983342947,-0.4450444692844668,7.801852811877775,2
45.0,71.0,True,0.5399998993344233,0.1644545400178933,0.9668462244430772,0.9002888728909894,6.768938032971769,2
45.0,72.0,True,0.5497470333186439,0.205253090166456,0.9168327790503876,-0.1476520567463521,6.714916566656004,2
45.0,73.0,True,0.481808611936238,0.2024505670066281,1.0043108034997763,0.1466143204753875,5.281833424836456,2
45.0,74.0,True,0.3569922497244316,0.2116598263780401,0.9747327525922292,0.5234525512900166,0.7691140416256053,3
45.0,75.0,True,0.4202858451851566,0.1789858179111665,1.0095368148750103,1.0423427143218402,2.806407573893296,3
45.0,76.0,True,0.2858999113128064,0.1260555583687838,0.5810021781508832,0.9196298240847626,-1.1494105848363338,1
45.0,77.0,True,0.3240576741736788,0.1827609161313698,0.7164813544212844,0.0475759164539021,0.2532158525767369,3
45.0,78.0,True,0.1927373491131888,0.1304092418311784,0.5588240094423423,0.7981594670460491,-4.187880092840902,1
45.0,79.0,True,0.2940355201321012,0.1029997710105375,0.4911539805340395,0.2017048561037284,-0.989965045650816,1
45.0,80.0,True,0.340025079089393,0.173278551820465,0.6975829569299813,0.4412076979547332,0.907691628022872,3
45.0,81.0,True,0.1696715657755163,0.0973570708145648,0.5091079644021812,0.9940460128691352,-4.8504345058252065,1
45.0,82.0,True,0.2967706057168388,0.2037261236733607,0.7675144325941851,0.7019603884647241,-0.7526934754682765,3
45.0,83.0,True,0.3147605473159771,0.2408635789989703,0.7678558196648326,0.3057219766086633,-0.4165266622068502,3
45.0,84.0,True,0.2996637924025669,0.2002138392207695,0.7824156559700294,0.2801113490149369,-0.8123789366640616,3
45.0,85.0,True,0.2673248930477157,0.1931486943959362,0.6435044007911891,0.3874666784992184,-1.364296653896966,3
45.0,86.0,True,0.3094527382010717,0.1455077910983857,0.5710662743356307,-0.2556077759687095,-0.1581075176659518,3
45.0,87.0,True,0.2945543006206245,0.1821265970433116,0.5779936272143573,0.0689584318203509,-0.7908336370725239,3
45.0,88.0,True,0.2988580492785102,0.0857376741291688,0.467152586239713,-0.4721662681480407,-0.7821814690800055,1
45.0,89.0,True,0.3569784758883333,0.1792483874915457,0.8120425737436923,0.8294020925918854,1.0496320201598657,3
45.0,90.0,True,0.5103108726931007,0.2196102653731954,1.082931659784692,1.0673991923749753,5.797740123035415,2
45.0,91.0,True,0.6116112688877603,0.2282889376618802,1.0056533425619258,0.0500012241762874,8.961551842135691,2
45.0,92.0,True,0.5948204966619002,0.2642679445133966,1.1739511847514172,0.2494981833261523,8.385524538752085,2
45.0,93.0,True,0.62372499018846,0.2371100338720166,1.2431722651686472,0.7566069170095766,9.10105636107098,2
45.0,94.0,True,0.4809317117081709,0.2035234555642461,0.8877396088166969,0.3097254497670663,5.049468357236013,3
45.0,95.0,True,0.4020310638937696,0.2086065972802448,0.7922980594010821,0.0774401299560399,2.4231546796119625,3
45.0,96.0,True,0.5185239097080876,0.2664949939300802,1.0503292502517685,0.2352019340487431,6.1126035919422295,2
45.0,97.0,True,0.4505253770664683,0.2890628928481291,0.9786870737131932,0.2790854621741088,3.9576482799077137,2
45.0,98.0,True,0.4954470348277522,0.2527450657776803,1.0912363867465773,0.5650585680394697,5.449326956037714,2
45.0,99.0,True,0.4703431641213475,0.2794748000612514,1.0442341538088966,0.2447990565196311,4.556684616252057,2
45.0,100.0,False,,,,,,0
46.0,1.0,False,,,,,,0
46.0,2.0,True,0.101989871153039,0.0923433273448887,0.3428601949956148,1.116823539270456,-6.783016404417878,1
46.0,3.0,True,0.3997358931577519,0.2317144736007101,0.9174965034707552,0.5535790212747422,2.6605110168820847,3
46.0,4.0,True,0.4593120070198749,0.2260119533274034,0.8406181929318252,-0.5001981679330034,4.5111843533120295,3
46.0,5.0,True,0.2452522764853272,0.1516153202874547,0.4897340693552634,0.0961110455752531,-2.3460555858131276,1
46.0,6.0,True,0.3579893705987343,0.1883426102247888,0.7231614031758109,0.2248195635331998,1.170012781286423,3
46.0,7.0,True,0.3311969279966031,0.1733123596828446,0.6340159705131639,0.0282821516302992,0.5070418796080609,3
46.0,8.0,True,0.3356181376972568,0.1281204180281171,0.5214171983974346,-0.8711035965444027,0.697281166399302,1
46.0,9.0,True,0.333842635149744,0.1890551992454397,0.6782563416645895,0.1147647554476084,0.5202763931906712,3
46.0,10.0,True,0.4002646030557258,0.176711748210033,0.9395385824837832,1.58761713259588,2.315502026988355,3
46.0,11.0,True,0.3147612596456784,0.1747738285256628,0.6962333832664712,0.50697080350834,0.1237319031180077,3
46.0,12.0,True,0.3011945176850044,0.1646077975168856,0.603059699439565,0.356349926436909,-0.6892607028900486,3
46.0,13.0,True,0.274499851863017,0.1512569930888095,0.7215951707036182,1.0463472962363274,-1.7699651295097163,3
46.0,14.0,True,0.1828051226676632,0.1049230415256016,0.364085641479459,-0.0785556089856913,-4.052640082759008,1
46.0,15.0,True,0.2425807699682453,0.1309569816643281,0.4633859179925236,-0.176936514378287,-2.282714449906846,1
46.0,16.0,True,0.3480436990845612,0.1766124597974462,0.7660930741432385,0.2449561830712114,0.9845870384330996,3
46.0,17.0,True,0.3531642746065457,0.17350385458711,0.6411660826551748,-0.129543309581719,0.7644777654126884,3
46.0,18.0,True,0.3207149996527619,0.1336822099931293,0.5327957887681998,-0.2495042832574058,0.0773199154706676,1
46.0,19.0,True,0.2085483223440368,0.1291281879978202,0.3858028129283072,-0.2916114237604768,-3.438347547723316,1
46.0,20.0,True,0.2177290978240841,0.1885196905542137,0.7578840273232015,1.203746831210324,-3.5257477351927244,3
46.0,21.0,True,0.2533977616086356,0.1810049722609439,0.6370912025935875,0.5018841157833484,-2.04265772561504,3
46.0,22.0,True,0.3086950857168536,0.1419151348892817,0.6499708325604164,0.2107652571256576,-0.460451246323702,3
46.0,23.0,True,0.4534448862394464,0.1792612026080643,0.7653899640929165,-0.2262072558899445,4.448158795499524,3
46.0,24.0,True,0.3187490745538169,0.1414163577535126,0.7584487393076619,0.5555828406114034,-0.4605543029548639,3
46.0,25.0,True,0.3089257593240779,0.1628175226456793,0.6679450760767106,0.3793766579475537,-0.5610251849833853,3
46.0,26.0,True,0.5047464020038739,0.1621524225679601,0.8818569992657436,0.1416463686907947,5.72195769443087,3
46.0,27.0,True,0.5492478216563194,0.2957904373829174,1.143915785479118,0.1731104224555017,7.467648305672431,2
46.0,28.0,True,0.5417497653584046,0.2334570820370251,1.1035537615207374,0.6682816266014603,6.771901916218595,2
46.0,29.0,True,0.4845169791906301,0.2060484128709082,0.8129513846030056,-0.2003431110504561,5.079662911169346,3
46.0,30.0,True,0.2504936739891713,0.1274564216522793,0.5430724725619038,0.3351115908374151,-2.184215427759332,1
46.0,31.0,True,0.3869561301547494,0.2313597558356731,0.9596285753582,0.9709540882159248,2.234332482247153,3
46.0,32.0,True,0.3446415175180148,0.2273301914968677,0.8094701619512538,0.4968676343690936,0.5494350222121925,3
46.0,33.0,True,0.2666969969543358,0.1577127330956426,0.5507929819677849,-0.162738909529984,-1.5234366698324524,1
46.0,34.0,True,0.3702588946068793,0.2410566424051916,0.98593667593711,0.7761040549829233,1.3091886016890442,3
46.0,35.0,True,0.4089309443113031,0.2308137263433411,0.8993452013908413,0.3899933516114565,2.6500886512455635,3
46.0,36.0,True,0.3843789758143545,0.3413859506297095,1.1921238167599189,0.7956370730080012,1.9317303466111055,2
46.0,37.0,True,0.1659928988273117,0.1170789364417582,0.4519864973848051,0.8316934523539626,-4.804970121354874,1
46.0,38.0,True,0.3455347764073893,0.2546157136087014,0.8034618631859404,0.2514110355367877,0.7685675729152776,3
46.0,39.0,True,0.2467137161645258,0.1476794663392985,0.4523398424885604,-0.253961385892786,-2.1359713983194095,1
46.0,40.0,True,0.3383453149490706,0.2978003102328196,0.8960003912683759,0.4452115652241311,0.4787637612118227,3
46.0,41.0,True,0.1891514556450897,0.1064030215228402,0.4344673045900726,0.605567576847642,-4.021247091037125,1
46.0,42.0,True,0.2688245456510235,0.1189588734356681,0.498362342451434,0.0526888723748911,-1.404961856930044,1
46.0,43.0,True,0.2438109549050553,0.1316349330077605,0.5638963228209533,0.6111529831992525,-2.3359406411094765,1
46.0,44.0,True,0.2329874010991774,0.1928453440396151,0.5723516767322534,0.4091646916149837,-2.9636888177532112,1
46.0,45.0,True,0.3338488074758663,0.1483665037008828,0.6631500594786164,0.4348477892631446,0.3351715097271998,3
46.0,46.0,True,0.4014010722171389,0.2907496371761598,0.9334015377688968,0.4446451222774504,2.590268693046334,2
46.0,47.0,True,0.480316095977823,0.1482458939385291,0.9739482926442729,0.7921672009503246,4.700726170295106,3
46.0,48.0,True,0.4944794901392002,0.2124589942948803,0.8958787849007361,0.016849347503694,5.421082690959158,2
46.0,49.0,True,0.3727692669473774,0.1969289473923887,0.7256432529795555,-0.2998051401698205,1.8250274529405923,3
46.0,50.0,True,0.3728743609054786,0.131221694939414,0.6433697838499718,-0.0651942033504546,1.7603316068042854,3
46.0,51.0,True,0.5433392209668176,0.1930189732600779,0.8931256292136792,-0.0541674594169666,6.6079152265411425,2
46.0,52.0,True,0.5010636670059098,0.2249359141911276,0.7875682952683837,-0.5187543336122371,5.468653321688993,2
46.0,53.0,True,0.3395092661941158,0.187308115463002,0.8914207848032784,1.5961280047724724,0.764051140874685,3
46.0,54.0,True,0.3088710047319997,0.157548925575183,0.6824754888144091,0.4133181096656182,-0.371659811414689,3
46.0,55.0,True,0.3110402565055725,0.0954832959477054,0.5599985936693077,0.5616370946371464,-0.4209740974448022,1
46.0,56.0,True,0.2782867329460001,0.1298081223648877,0.5393927678203502,-0.3352879456553305,-1.2098343821955408,1
46.0,57.0,True,0.2587657471823851,0.2224888245983747,0.764329020759423,0.8132419864568192,-1.8629575855720204,3
46.0,58.0,True,0.2373695825893397,0.121936643837068,0.4689688021386713,0.3688767236386863,-2.500690828347165,1
46.0,59.0,True,0.2235903544645966,0.2366870469422564,0.8575372449672117,1.4687060347344203,-3.141676464354035,3
46.0,60.0,True,0.2806668100358049,0.1991959793327814,1.1848643661374425,2.6107317242567487,-1.764820681101714,3
46.0,61.0,True,0.154081510371972,0.1774505888454952,0.6454748565796069,1.312890593583172,-5.245864733465196,1
46.0,62.0,True,0.1895669098030178,0.1685640910718168,0.6025682010758404,1.1250653634249974,-4.102225228493829,1
46.0,63.0,True,0.2330100435991628,0.1633640553479009,0.5267654140006827,0.3977758437611983,-2.777930920206237,1
46.0,64.0,True,0.3869495742753604,0.1681567536198094,0.6750732221167912,-0.2290704410702702,1.9495573944971945,3
46.0,65.0,True,0.323827764380992,0.2064618330445087,0.9792541251047502,0.9645446997273082,-0.4353249370531439,3
46.0,66.0,True,0.46903827751841,0.2258918419625899,0.91882668243847,-0.3040511385271527,5.0385201992655295,2
46.0,67.0,True,0.6517341941472888,0.2185840272850125,1.0356910985076095,-0.2838881853350249,10.314796443249373,2
46.0,68.0,True,0.6274530580683978,0.3134819932567236,1.150260057427901,0.0063220821504648,9.581121646545862,2
46.0,69.0,True,0.8255893343642673,0.3641975040731151,1.4910193197818609,-0.0381875270216099,15.716923044048322,2
46.0,70.0,True,0.6253615345925703,0.3211783092101772,1.288122774839223,0.134301347086164,9.5350139597523,2
46.0,71.0,True,0.6966987651795681,0.3595903059325221,1.5,0.7351419236617284,11.280002198080073,2
46.0,72.0,True,0.5102064504538725,0.3194620316578452,1.5,1.461463241585804,4.895169482448623,2
46.0,73.0,True,0.4031373125703811,0.2425910168223498,0.8466929756790021,0.2476948171094582,2.698888893253991,3
46.0,74.0,True,0.3224125752896854,0.1511943407974816,0.7238990891277097,1.060719216673406,-0.2961801075080905,3
46.0,75.0,True,0.3497872972721449,0.2155776438265682,1.0316954162764869,0.5741915524809762,0.6115127789362645,3
46.0,76.0,True,0.1876487378763377,0.1010723038113994,0.3541150637079212,0.2048220891840873,-4.051227966471491,1
46.0,77.0,True,0.1255988250936801,0.1531477680780563,0.6058381841078728,1.331647665959144,-6.375139816116751,1
46.0,78.0,True,0.154024328366175,0.1486493557480461,0.5932898570811643,1.220437716892404,-5.498647955358669,1
46.0,79.0,True,0.2854612067932809,0.1214349002249984,0.6010738600873193,0.5100421761908687,-1.016431528436602,1
46.0,80.0,True,0.2669501067521766,0.1520752756819218,0.5429234611900021,0.2505698865517574,-1.74231606178292,1
46.0,81.0,True,0.2881555082854307,0.1648201102818056,0.5840098178712071,0.1810495612380568,-0.9144525541649065,3
46.0,82.0,True,0.1880536187816105,0.1580315793710221,0.5786420626491289,0.8279255763420224,-3.9899860912417746,1
46.0,83.0,True,0.1674424070160366,0.1256220005918566,0.50442666799219,0.701343888258303,-5.1172082524077025,1
46.0,84.0,True,0.3823196422692372,0.2347365417016968,0.9367445424711202,0.5176949072921964,1.6812667921796127,3
46.0,85.0,True,0.3093549736098054,0.1677351705840332,0.6806419820506127,0.4234558310481911,-0.4119367775112841,3
46.0,86.0,True,0.2616548782424009,0.1698207606222621,0.6655685561188526,0.698878916840276,-1.6344119397142265,3
46.0,87.0,True,0.2881992447422701,0.1876141532112953,0.5595316289334149,-0.1836140003034789,-0.9492917135684236,3
46.0,88.0,True,0.4498525281585869,0.1645124243743063,0.7838727238888,0.3742532043510968,4.117873956295736,3
46.0,89.0,True,0.2767295287076569,0.2028642163911815,0.7672056262627633,0.915386505322176,-1.383078506576757,3
46.0,90.0,True,0.490777502882516,0.265452903315969,0.8509646843096177,-0.1413631890426525,5.0263573347597905,2
46.0,91.0,True,0.3820645072022607,0.2508647758018058,0.9163678229467443,0.3964767613664776,2.0437083953965516,3
46.0,92.0,True,0.6342551823242584,0.2309350770300311,1.2269183620242388,0.9381667889657508,9.596895285890756,2
46.0,93.0,True,0.5987925459869804,0.2558335189796063,1.3120317423105277,0.7127487898121858,7.711831980130903,2
46.0,94.0,True,0.4466773982659096,0.1857600512676842,0.7389550107002513,-0.435990185682414,3.835852236131863,3
46.0,95.0,True,0.6387331392922451,0.3009813571243431,1.1699943021854846,-0.1213242353952695,9.687172567796985,2
46.0,96.0,True,0.4967825599034913,0.1530571666526944,0.7541857641159304,-0.2679880001460235,5.458700697380052,3
46.0,97.0,True,0.5910221197866286,0.2663612782766344,1.5,1.2726420755325352,7.632452947737145,2
46.0,98.0,True,0.4210449465378953,0.2373125347669027,0.9081490822075572,0.1898500694576559,2.9611580026961777,3
46.0,99.0,True,0.418201534106756,0.166295125054149,0.7253864459192704,-0.0865661331195478,3.019758903766438,3
46.0,100.0,True,0.0270075204104337,0.0267929209415694,0.0787390977841003,0.3829345229079642,-9.086275412398786,1
47.0,1.0,False,,,,,,0
47.0,2.0,True,0.180655227937702,0.1597624871889356,0.5252018125027352,0.7165851418196453,-4.366029504554618,1
47.0,3.0,True,0.296449103508157,0.3128663784029948,1.1849843624847736,1.3245863288751316,-1.2841898934081994,3
47.0,4.0,True,0.3056173617965627,0.1943969580201114,0.7021047267618901,0.1060545287101094,-0.6095342376728096,3
47.0,5.0,True,0.3373356029057614,0.1308182452194161,0.5446723107186935,-0.2243685777703969,0.4457249915200512,1
47.0,6.0,True,0.1946162609967871,0.1352031326853121,0.494300004471075,0.4864043092859206,-3.674172750374635,1
47.0,7.0,True,0.421244668625767,0.2564408061904733,0.9116826597473324,0.1449842440715215,2.499678750213422,3
47.0,8.0,True,0.4480583878131013,0.2711275208531116,1.1396063922077448,1.1242262931531748,3.86300065870279,2
47.0,9.0,True,0.3879797567371291,0.1852963642101614,0.679268982856294,0.0069021765159176,2.1816389525731656,3
47.0,10.0,True,0.3137190449846613,0.1694148933308731,0.7548540374295793,1.118582137199971,-0.1356309262192931,3
47.0,11.0,True,0.3696147161899036,0.1831082052989061,0.7319818149020918,-0.1304094418501376,1.8521763113235872,3
47.0,12.0,True,0.3781946259194408,0.1378190278547501,0.6422343443943838,-0.1663683206093326,1.546456885129503,3
47.0,13.0,True,0.2078850648770971,0.1304488754986902,0.4520583810589824,0.2124400449739537,-3.542065253931889,1
47.0,14.0,True,0.3257182991909412,0.2793605393289748,1.0952580513738157,1.6096608131372876,0.3643123512771919,3
47.0,15.0,True,0.3252052047487998,0.2072581620475021,0.7851714632739962,0.3348120411906706,0.1715688583221946,3
47.0,16.0,True,0.3478174746779179,0.1594614632871036,0.8205369201192754,0.544744125250789,0.4950968837019715,3
47.0,17.0,True,0.3102241996851076,0.1474839016504565,0.5221493225100087,-0.6291821118830655,-0.2881389987342412,1
47.0,18.0,True,0.3103337488223948,0.1333680543887289,0.6633617886249854,0.359810835352108,-0.4894483153873164,3
47.0,19.0,True,0.2883206728212542,0.195417441259139,0.6843814785469512,0.4160003180000624,-1.0172336570936389,3
47.0,20.0,True,0.2324564669940742,0.1186374599480252,0.4390073947483839,-0.0821788322385833,-2.8068614502176237,1
47.0,21.0,True,0.2903078844003623,0.1241077309011468,0.5221618188823379,-0.0374419189540546,-0.9387365243143176,1
47.0,22.0,True,0.2462345016259693,0.1417482892473574,0.5557304072296604,0.13356239227724,-2.598252376004231,1
47.0,23.0,True,0.2868773047679116,0.1612654406557362,0.6591119664507975,0.9044083057020474,-0.8895435587786317,3
47.0,24.0,True,0.3815408659581756,0.1997866629425403,0.8053829414105604,0.2220327726990869,1.54251485385341,3
47.0,25.0,True,0.4695821415159504,0.2094538337164224,0.9995243051991464,0.6530222666517799,4.937329863416282,2
47.0,26.0,True,0.463404514696331,0.3114230276866351,1.5,1.259644579463891,3.7170028604502225,2
47.0,27.0,True,0.4522019399434698,0.2131545154466494,0.9402766731440356,0.2018273965948653,3.669236334301091,3
47.0,28.0,True,0.5197379218207252,0.226635656920659,0.8697986220677163,-0.6087072340990509,6.565678158662567,2
47.0,29.0,True,0.4565447828810114,0.1562790226934186,0.8431136162558923,0.6161497727573294,4.3137312231935185,3
47.0,30.0,True,0.479819357075904,0.2200684496863467,0.9775062348967408,0.2893644408183298,5.064334803644086,2
47.0,31.0,True,0.460450329178765,0.3034215678605427,1.065934310139058,0.3610798571807598,4.107705796808223,2
47.0,32.0,True,0.4412575967598849,0.2668270823796992,0.9638039477254812,0.5159903229900017,3.61002834199178,2
47.0,33.0,True,0.1936414255107791,0.0981123536207804,0.339014441888371,0.0016545509012499,-3.889392292889556,1
47.0,34.0,True,0.354801154194659,0.2019884059163664,0.7103597441116682,0.0700704765515349,1.0758839469814152,3
47.0,35.0,True,0.4014609641165096,0.2657472641279934,1.164492600890643,1.3866557206422692,2.2115787278455734,2
47.0,36.0,True,0.3553224665918071,0.1252690702582896,0.6414073283203573,0.5021983912473087,1.1568310994764597,3
47.0,37.0,True,0.347321144107659,0.3053645922909515,1.0622243242433962,1.195315124490722,0.5837843261840887,3
47.0,38.0,True,0.3573670594742122,0.1763289071401374,0.657093440251319,-0.2443442048839655,1.0287387044985905,3
47.0,39.0,True,0.2936526577698308,0.1605977697599504,0.6687873013507363,0.6898261824439968,-0.9397891857460392,3
47.0,40.0,True,0.4144548968417789,0.2294466175149778,0.8541454414552621,0.1224627002854727,2.4135879503727455,3
47.0,41.0,True,0.3122710833744697,0.1566838302080393,0.7021300382175664,1.013064742681583,-0.2890651264366505,3
47.0,42.0,True,0.2840631826096865,0.1715997566604801,0.7402028503533946,0.9931726204133324,-0.904255440958148,3
47.0,43.0,True,0.3213852496604494,0.1613263812006116,0.701547007196676,0.8124648602526031,-0.274351226390547,3
47.0,44.0,True,0.2585023687056705,0.1690643094308417,0.8194900333029075,1.2618507154899905,-2.37499303939597,3
47.0,45.0,True,0.2752929904583494,0.117522151389657,0.56590886661125,0.0212235116034527,-1.6730358586322944,1
47.0,46.0,True,0.4071687224432723,0.2287849671949277,1.118051563528116,0.7145544916943163,2.4584507997595164,3
47.0,47.0,True,0.3237449514731677,0.1602673240255388,0.5703196126802021,0.0382306239715524,0.319491012289532,3
47.0,48.0,True,0.2914399266817171,0.1359166952719538,0.5969744329460654,0.2488733747080553,-1.2778385086699604,1
47.0,49.0,True,0.4732869460723096,0.2665421159469344,1.0089204892717667,0.3357854404030538,4.4161091804419765,2
47.0,50.0,True,0.4451825277376185,0.2334166092790185,0.811321816601749,-0.1470174701188651,3.916918939088003,3
47.0,51.0,True,0.5273512228479414,0.2326632609062338,1.0748295103649437,0.6193843945512277,6.131439524222775,2
47.0,52.0,True,0.4064951251036279,0.256491798395091,1.4269293656382265,1.891047684900615,2.2251965393075377,2
47.0,53.0,True,0.3685396116364617,0.2405941730624895,0.9664091906254002,1.036919440252818,1.6373287475563754,3
47.0,54.0,True,0.283365622728684,0.182628490075864,0.6934880018460631,0.5243373269112834,-1.5137130642212235,3
47.0,55.0,True,0.3173981439141272,0.1705360690924687,0.6836042753465864,-0.1571680046652036,-0.5499057122300933,3
47.0,56.0,True,0.1922754424579039,0.1215014350340609,0.394289053989512,0.1627701121991195,-3.771878329723025,1
47.0,57.0,True,0.2356132829193225,0.1675306753303488,0.6264205039549314,0.5382693294354851,-2.955711944876531,1
47.0,58.0,True,0.3406233779395652,0.174035469067406,0.8037866973142881,0.6510262124597025,0.0175460832437846,3
47.0,59.0,True,0.2731687576803356,0.2345121058859057,0.8407500780226594,0.8550471937324186,-1.4585560401558664,3
47.0,60.0,True,0.3662721738456785,0.2503016989652951,0.9580030750227464,0.8393901031296402,1.47102423082597,3
47.0,61.0,True,0.2687245106524008,0.2387133507089779,0.9059432524439932,1.3633342913907835,-1.8896571027143616,3
47.0,62.0,True,0.2520190843963923,0.1830555620895338,0.5876446417834804,0.2169871592872302,-2.002260500621615,1
47.0,63.0,True,0.3153579319531128,0.1726572884980406,0.8889001441347966,1.0254896988437483,-0.4903297230319997,3
47.0,64.0,True,0.3678823775523712,0.2397958517437344,1.0237712687220553,1.1098131330871714,1.0866305617165075,3
47.0,65.0,True,0.536192833401713,0.2434493134690314,0.9964079800417076,-0.1919902142212859,7.140457357465977,2
47.0,66.0,True,0.4747069684866901,0.2173258786180928,0.8228939434786384,-0.2631297452932286,4.953796020867405,3
47.0,67.0,True,0.6746181549233893,0.3221273640884118,1.5,0.7185347718135682,10.124311798852991,2
47.0,68.0,True,0.7682457495787723,0.304733849423034,1.454917796604712,0.4206891849604808,13.65115000505093,2
47.0,69.0,True,0.6796643949611694,0.3277474549027325,1.245464188645769,-0.302119230356864,11.523656000553148,2
47.0,70.0,True,0.8645474709597872,0.2494813137016513,1.3047945539032544,-0.0973651671665965,16.885022009720206,2
47.0,71.0,True,0.4698679004269216,0.2533854801230605,1.0989045682039704,0.5970364183083602,4.971509757192966,2
47.0,72.0,True,0.6095418831101548,0.2708281800315544,1.0203050378384064,-0.1048738872710841,8.680501381929853,2
47.0,73.0,True,0.3887309691024248,0.2529701794856347,0.9690312885328302,0.878205861910571,2.1412375727842132,3
47.0,74.0,True,0.3428546459604244,0.1633847460472681,0.7006699093737502,-0.1265029497421117,0.8122579422104944,3
47.0,75.0,True,0.4020114527526813,0.2382621485332181,1.1999563336561383,0.8608552888788492,2.1743278153508703,2
47.0,76.0,True,0.2704041613085278,0.1656314364151861,0.6179854596434031,0.3029049516490579,-1.42502545885291,3
47.0,77.0,True,0.2771400858899221,0.1987038334820642,1.068114310145906,1.7389943615720538,-1.68342061550068,3
47.0,78.0,True,0.2721570511867386,0.2179788140205431,0.7171556986207756,0.5323068125442,-1.4971598487095643,3
47.0,79.0,True,0.2857178141430503,0.1098883831815278,0.4917768926015476,-0.1923787254480157,-1.2000942490597786,1
47.0,80.0,True,0.2750048896092214,0.1446115511515005,0.5589528381410944,0.3597782493824991,-1.3134080219631064,1
47.0,81.0,True,0.2101960185217986,0.1107908650343011,0.4772933483419057,0.6877426166363133,-3.5586668435015048,1
47.0,82.0,True,0.1589644501908469,0.1279634213394874,0.5163085333096218,0.8311591273162413,-5.121783632240612,1
47.0,83.0,True,0.2982250040859073,0.1954370776798109,0.8320541353486117,1.367437793519152,-0.6287150560454805,3
47.0,84.0,True,0.2776591752645608,0.2667076408090493,1.1550046315916516,1.3960325389441943,-1.877490365119985,3
47.0,85.0,True,0.257112126941436,0.1179323394850369,0.5194986005753909,0.487223052737817,-1.9529571974418551,1
47.0,86.0,True,0.2285076767222007,0.1643871754160139,0.6547343492718244,1.1053412393853643,-3.0921723279690707,1
47.0,87.0,True,0.2874986052444243,0.227597916857028,0.7305235065252783,0.2739394886850763,-1.158451583526571,3
47.0,88.0,True,0.3741647988938043,0.2061369817520428,0.9333098819554416,0.9179338392432196,1.422544162187553,3
47.0,89.0,True,0.3766685871646852,0.1931222599350218,0.7626320434550212,0.0054099840828001,1.2231225993788128,3
47.0,90.0,True,0.4376911610019716,0.2302849708453656,1.0386298182109783,0.6035459046666705,3.397924683197794,2
47.0,91.0,True,0.5175894012441161,0.2880661404108677,1.1860131138794467,0.4628433994322903,6.6729923296530735,2
47.0,92.0,True,0.6522258635157516,0.22975138731466,1.3005354729022909,1.2732818966664974,10.422179255163837,2
47.0,93.0,True,0.5865816101878621,0.1367675431957978,0.8291132633448461,-0.2366510024299997,8.254565858791457,2
47.0,94.0,True,0.5232754429840447,0.3282479094635521,1.1124486772792217,0.240135484265533,6.246862953521966,2
47.0,95.0,True,0.5722863183458644,0.1705858864117009,0.9864852423965642,-0.0347557489040648,7.628389799392254,2
47.0,96.0,True,0.5273706356138915,0.3192303371285895,1.5,1.4344930122160016,5.888808696662143,2
47.0,97.0,True,0.5361335346474883,0.2331444410797725,0.896290922556604,-0.6629662463662195,6.722485499799093,2
47.0,98.0,True,0.3662064628137428,0.2424854123472205,1.1263984735654609,1.0336535606548614,0.7316343342112047,3
47.0,99.0,True,0.4846889876188628,0.2898307724603775,1.2095659740048497,0.6687440272623244,4.730690333552427,2
47.0,100.0,True,0.0736280883750019,0.0541704987978468,0.1667396219762027,0.0257403314456703,-7.67087033558268,1
48.0,1.0,False,,,,,,0
48.0,2.0,True,0.1523760709699441,0.1290022639703452,0.4335988887345642,0.6322563211572145,-5.154945482134738,1
48.0,3.0,True,0.2386970084349876,0.1323140832554941,0.7618130458583441,1.946462030136892,-2.814075408202878,1
48.0,4.0,True,0.2861979807556011,0.1815369082363483,0.72921537396237,0.7684867377124462,-1.0874557801452562,3
48.0,5.0,True,0.3160926618373086,0.264782056773414,0.9738601890755698,1.0725188140996655,0.0308945210185485,3
48.0,6.0,True,0.3041380881801517,0.1278148564597492,0.5259980633291135,0.3228332319496175,-0.4296564381820964,1
48.0,7.0,True,0.4405363118260583,0.2229968313432518,0.9775799648819072,0.4462763248093971,3.598175485327335,3
48.0,8.0,True,0.2362153038562987,0.133526594987025,0.5124486893688742,0.1583700244560703,-2.6641772751978983,1
48.0,9.0,True,0.2566701266993648,0.1286007466395017,0.4615191902519696,-0.3860539746190509,-1.6983316104041952,1
48.0,10.0,True,0.2300710063452062,0.142938384232192,0.5164635720617403,-0.1325187930299405,-3.0781148225203925,1
48.0,11.0,True,0.3229166668571737,0.1819879545722372,0.6468736727777143,-0.1489605284274736,0.0587503943998238,3
48.0,12.0,True,0.3055526927839879,0.1908239444498583,0.9607747508452684,1.2513922549800875,-0.8414109874709798,3
48.0,13.0,True,0.2564873475756378,0.1186838889942046,0.5557818211572872,0.7126142749442969,-1.8397736977090016,1
48.0,14.0,True,0.3910059596431165,0.2421960956495176,1.351914328360333,1.9538255705955248,1.5454474566369605,2
48.0,15.0,True,0.2998249936839954,0.2563086968154478,0.9994156548879932,1.499615473171272,-0.4574101765342787,3
48.0,16.0,True,0.3489094537701526,0.1914869397030986,0.7641712198631961,0.4068105779009195,0.7259570538839034,3
48.0,17.0,True,0.3434004199125248,0.2372397198848163,0.7642635354771404,0.3048461265858631,0.8642626204471148,3
48.0,18.0,True,0.2351228672473793,0.1483163142095109,0.5450860547777886,0.4056318280506131,-2.8579705671546627,1
48.0,19.0,True,0.2336476516571533,0.2318036202470276,0.8723487288565478,1.3078021915192088,-2.5953394206361113,3
48.0,20.0,True,0.3308014226552198,0.1679270963900268,0.633204611857242,-0.2173223358856243,-0.0270023673453234,3
48.0,21.0,True,0.2406193577659796,0.1131630852749607,0.4641395735429288,0.0358219742559963,-2.5132131482773987,1
48.0,22.0,True,0.3778010922504596,0.2182724779891939,0.837014038135068,0.1296512741445979,1.5687760132706758,3
48.0,23.0,True,0.1414758459988074,0.0916577471610192,0.3327392757727498,0.5180896095982819,-5.513169690947789,1
48.0,24.0,True,0.3335555811382226,0.1715283220143469,0.6072116941701498,-0.109586417438857,0.6302692070200822,3
48.0,25.0,True,0.2951124040832227,0.1905758639005974,0.7232761777774268,0.2773074835180676,-0.948893884620482,3
48.0,26.0,True,0.4709702348414094,0.3418034421762875,1.3173101554841613,1.3165055861615218,4.677738608169432,2
48.0,27.0,True,0.4436869991112237,0.2514195093732224,0.932549979633198,0.1298971483976674,3.351289350807583,2
48.0,28.0,True,0.5594681842259945,0.1891503128325246,1.099486791216811,0.0642490872860187,7.249744860896768,2
48.0,29.0,True,0.3782116591842063,0.2012286152379589,0.7809061433241041,0.2745196328487108,1.5617242955489674,3
48.0,30.0,True,0.4485011021757005,0.2079216443720212,0.757537006406942,-0.0297942198903852,3.720069978162361,3
48.0,31.0,True,0.3721945392359028,0.1755390698168668,0.6505067285964017,-0.1368675684485446,1.768663233173854,3
48.0,32.0,True,0.4865151377576593,0.2277242901832218,0.938818918859073,-0.0792436330538204,5.007806696788486,2
48.0,33.0,True,0.4329809294089896,0.2504143598125615,1.1079218769271788,1.1667246234453532,3.344020111058976,2
48.0,34.0,True,0.4489340162922847,0.292382433919692,1.368939678829869,1.077332325478541,3.345397666260281,2
48.0,35.0,True,0.2039791727681794,0.1726180383695874,0.548441612071938,0.6716185053077106,-3.467549816794434,1
48.0,36.0,True,0.3282963216398769,0.1642059268953258,0.8177661659230373,0.9661947446826054,-0.0247596335137451,3
48.0,37.0,True,0.3363113153317173,0.1671313248671802,0.6457064819193665,-0.1150172903259572,0.4633680389428301,3
48.0,38.0,True,0.3445771250575353,0.2467431214795105,0.9601368080369924,1.0310123694582087,0.4321136655774407,3
48.0,39.0,True,0.2964386697925966,0.1163102634753862,0.5249280815374879,-0.0573443036336166,-0.530029422840574,1
48.0,40.0,True,0.2517521558222035,0.1594484000231228,0.4954107726871041,0.1138864556695579,-2.025140181728019,1
48.0,41.0,True,0.2317887653084595,0.1633063235240264,0.6243717676226077,0.7462576713031911,-2.751483999522595,1
48.0,42.0,True,0.3401501898544181,0.2097320887125413,0.8228670499357248,0.5586087540726572,0.7201566866250835,3
48.0,43.0,True,0.3843516726910884,0.12295784970292,0.6919539111121037,0.443410312446667,1.7369599882479565,3
48.0,44.0,True,0.254700264327822,0.1641989741706447,0.600675376479621,0.613893105440192,-1.9103873921816867,1
48.0,45.0,True,0.4584294687463487,0.2739397936802421,1.3819128000607068,1.0300830564651051,3.736190946998082,2
48.0,46.0,True,0.3995243283599988,0.2569112197879214,0.8919464969551328,0.0477968684301578,2.3635574996841964,3
48.0,47.0,True,0.4566303060272418,0.2791296781296646,1.046935926839595,-0.0513821636253801,3.888011209765376,2
48.0,48.0,True,0.3989414609935666,0.2494739476602155,1.0098315072535191,0.7407280014242515,2.2134575167861996,3
48.0,49.0,True,0.5162653123299051,0.1714109714627652,0.9285624611099872,0.2366958469419914,5.71251938310436,3
48.0,50.0,True,0.3663214933839169,0.1850109433138494,0.613582813163488,-0.6291345694163293,1.716857387570963,3
48.0,51.0,True,0.5798196481231858,0.1546843054683263,1.1253024608099853,1.6670937417352878,7.788297899887537,2
48.0,52.0,True,0.5251828059145548,0.1993609677818406,0.8750592630786057,-0.9181467525506471,5.83815537271975,2
48.0,53.0,True,0.4089220969436843,0.2375536619751526,0.9478871068602672,0.9269686735768616,2.2150671941037827,3
48.0,54.0,True,0.3188478614048975,0.1437549628313615,0.5752715723786774,-0.2518951090669287,-0.0869169989271689,3
48.0,55.0,True,0.3244258685240238,0.1972469630225403,0.7052607959679881,0.3737938330302063,-0.016978159618165,3
48.0,56.0,True,0.2068228165048113,0.1449216435815681,0.6531347743340022,0.7968457891944934,-3.851740753564318,1
48.0,57.0,True,0.2327467890237365,0.1460146148055632,0.4725867933109461,-0.2075586448570513,-2.510502350646666,1
48.0,58.0,True,0.1861430335618301,0.1133077428825215,0.4779773088274001,0.4615048288351124,-4.36741679764795,1
48.0,59.0,True,0.2545777375050425,0.2404859832250875,0.8040653258679642,1.0791825239906805,-2.2472765138310207,3
48.0,60.0,True,0.3420062793812403,0.1829816840809586,0.7216035529009452,0.3007577594939369,0.9004486595430603,3
48.0,61.0,True,0.2197605091830943,0.1465229660040408,0.6017047063910146,0.7312731022260022,-3.1053616404631397,1
48.0,62.0,True,0.3059200496255114,0.1781908796455364,0.5809172567956372,-0.2024389585639578,-0.1690893661228465,3
48.0,63.0,True,0.2711250525476139,0.1689335990898367,0.7620602604238529,1.440168615248147,-1.6736155989154355,3
48.0,64.0,True,0.4075701884057255,0.2312614588564353,1.1787648613972412,0.9500022683883418,2.258510066047438,2
48.0,65.0,True,0.3509793779326601,0.2167373996568591,0.8441422926567064,0.6934203325985274,1.185049684054787,3
48.0,66.0,True,0.6200191024999689,0.3491039472400545,1.2004381067964245,-0.1264191790496394,8.970913619679743,2
48.0,67.0,True,0.698501137554802,0.2871785420524638,1.388225448443043,-0.0693492453647688,11.384164226870311,2
48.0,68.0,True,0.695357629878169,0.2719048152796245,1.1392453537599188,-0.3793371593794821,11.322165447262217,2
48.0,69.0,True,0.9379261779438912,0.2024832768966759,1.3398629315995114,0.2545647556121764,18.874344362814576,2
48.0,70.0,True,0.7141810838375882,0.2694799605836868,1.2268036941240232,-0.2620370045208835,11.815547467969711,2
48.0,71.0,True,0.676823520667615,0.0945711381486429,0.8708856104773651,-0.465251805205798,10.968049430629874,2
48.0,72.0,True,0.6016304659072947,0.2708843987933871,1.2098240182936026,0.0644109976741618,8.51612783821837,2
48.0,73.0,True,0.5165527596617299,0.2432157595601396,0.943711352658434,0.0300823665189958,6.245173333012781,2
48.0,74.0,True,0.4366351782265535,0.1727849743220741,0.7771826633761267,0.8860901842409267,3.5652097560041236,3
48.0,75.0,True,0.2873974138301436,0.0896758612206043,0.4901331251639725,0.1864156813490639,-1.0043147839727018,1
48.0,76.0,True,0.2954934613570626,0.1541831024868153,0.6322390078261206,0.5435506367081089,-0.7271605077103444,3
48.0,77.0,True,0.2778853025593296,0.1762815147676628,0.7598054101568565,0.9727400912008098,-1.6381907949448609,3
48.0,78.0,True,0.2020805712278368,0.1514259798322707,0.8835258012689003,2.618257022465302,-4.005883215266363,1
48.0,79.0,True,0.3810562648716734,0.1637034212724361,0.7694657372930259,0.230187794302017,2.0743492900724094,3
48.0,80.0,True,0.3705523958776721,0.2073241463887553,0.8473170416246714,0.4812650292032501,1.4519464134397742,3
48.0,81.0,True,0.2218604680952521,0.1408546236349753,0.4622200001387513,0.1363433684415379,-2.8712868748994893,1
48.0,82.0,True,0.2515459406835805,0.1492722004715121,0.4660793653783026,0.0337473679288376,-1.9715380843579384,1
48.0,83.0,True,0.2316543594755523,0.1506340882606134,0.5585461701069707,0.2573934331435272,-2.717298402837236,1
48.0,84.0,True,0.2948715714699663,0.1791458245697303,0.6869671832493323,0.4888265477683093,-0.7341646603989108,3
48.0,85.0,True,0.336721089551179,0.2222020217901126,0.9014997026253048,0.7924066722435666,0.2940957730535529,3
48.0,86.0,True,0.3891638805440599,0.1950633003003752,0.7927736476727489,0.1822368251692542,2.0764109402823476,3
48.0,87.0,True,0.2915878362241796,0.1631043339150629,0.5488186332783157,-0.0990417121076755,-0.7358238947807972,3
48.0,88.0,True,0.2541922260648184,0.1674206611352134,0.6999811772084036,1.162508538454417,-1.9150742877591531,3
48.0,89.0,True,0.366228696933659,0.2163670855529802,0.7443437469803332,-0.2029837208576663,1.3820837236320729,3
48.0,90.0,True,0.4448401783779955,0.1847112698091792,0.7132729070016138,-0.5919498918827385,4.036193391573879,3
48.0,91.0,True,0.3520929899482314,0.1552147184840992,0.6433897766803924,-0.1411617887660934,0.868208686270264,3
48.0,92.0,True,0.6269487799057257,0.2894033849730832,1.417401067840235,1.266560815638952,9.705921176283466,2
48.0,93.0,True,0.7164941036295895,0.2650627461112435,1.5,0.8263996175208379,11.836916616798735,2
48.0,94.0,True,0.6311780944445361,0.2642494308261338,1.2003045099064202,0.4850771591382497,9.713772484896245,2
48.0,95.0,True,0.6211844957179926,0.3028123003513544,1.111508199363314,-0.1527796705719453,9.491477247883315,2
48.0,96.0,True,0.5668197386793752,0.3541685998203837,1.2099357326100004,-0.0201083658631791,6.811131774953503,2
48.0,97.0,True,0.3754690810430154,0.1588020862736544,0.682690462586475,0.1141295299786095,1.7723120561083645,3
48.0,98.0,True,0.392163514127841,0.2104300070109594,0.7656581703132992,-0.0095961112381179,2.224527243406211,3
48.0,99.0,True,0.1823327790239701,0.1683689916964063,0.6476040318152383,1.304092901968628,-4.445345860976821,1
48.0,100.0,True,0.0172414093728567,0.020339175589928,0.068675477887182,1.0170516320855103,-9.386454749264765,1
49.0,1.0,False,,,,,,0
49.0,2.0,True,0.184626202102713,0.0955129925158217,0.418652587683709,0.6669693047580583,-4.2687840416269704,1
49.0,3.0,True,0.3120531212694595,0.2026305654738052,0.8030787777523023,0.7452187371474934,-0.3364224839941648,3
49.0,4.0,True,0.2998967029855577,0.2281898428654721,0.9602630187228886,1.4468144541617085,-0.2705907192921246,3
49.0,5.0,True,0.216792554689685,0.1616073668920287,0.6883911265066552,0.7939010378454321,-3.768914212302399,1
49.0,6.0,True,0.2916528543739087,0.1902898138020635,0.6367344417035692,0.28954029603921,-0.905751196605933,3
49.0,7.0,True,0.4167602113834164,0.2101672851354338,0.8038168785878584,-0.502283782160512,2.9869299589372984,3
49.0,8.0,True,0.4936125535733242,0.293636807325807,1.3005796220821737,1.381800230845584,5.4404125984872715,2
49.0,9.0,True,0.5121660815733314,0.1783003321961974,0.8721173307609904,0.201876479509449,5.940811413064501,3
49.0,10.0,True,0.5026517184803314,0.1716137526424483,0.981851955877266,0.4632639781698104,5.497741933238703,2
49.0,11.0,True,0.3427337674752942,0.1666729720363533,0.7804905941724234,0.5762999770921118,0.4308412528516777,3
49.0,12.0,True,0.3926641555528374,0.1592653178757337,0.8112957234194104,0.6554761807449978,2.3088369821331933,3
49.0,13.0,True,0.3919868506878143,0.2106363071343234,0.9931453104809876,0.4124422528536483,1.8745037090240588,3
49.0,14.0,True,0.3823722469566541,0.2283955650894965,0.7985084062907628,-0.0007550148832863,1.8503758592162771,3
49.0,15.0,True,0.3181852884044573,0.293304549563035,1.4150343487660793,1.603079437330426,-0.8120400363831308,2
49.0,16.0,True,0.3960997800042419,0.2013846683873786,0.8789093051862292,0.7771745989847562,2.3195422990306667,3
49.0,17.0,True,0.2372749880100549,0.2120197704940072,0.7897485312734458,0.613767155891143,-2.6872940613417766,3
49.0,18.0,True,0.3366903651498541,0.2037775484370687,0.7039335219263183,-0.0143176934055659,0.4447509689639579,3
49.0,19.0,True,0.2391648887806085,0.1950584938182635,0.6247742383068607,0.4090664339045618,-2.9452073845128943,3
49.0,20.0,True,0.3472584647751735,0.3200950051269479,1.2127682570620837,1.1879721356953996,1.0145281916089175,2
49.0,21.0,True,0.2455809865288626,0.1533893660736211,0.5542474058148109,0.3532442893387807,-2.5781666465764643,1
49.0,22.0,True,0.3658377393196038,0.218843863009771,0.8237602820660532,0.7038660978335844,0.9507185178879743,3
49.0,23.0,True,0.5018480861825279,0.275294174021248,1.2151786098223216,1.0103501662659504,5.467416661477389,2
49.0,24.0,True,0.4632959933584861,0.292341740231036,1.0709449836497014,0.3918221795117874,4.802043523266148,2
49.0,25.0,True,0.3003966283615426,0.1565052885148241,0.8105088625016954,1.1954628913958223,-0.9847331667192616,3
49.0,26.0,True,0.4151955674019758,0.2565851981477157,0.9970445610875324,0.5020429811641325,3.228692171240544,2
49.0,27.0,True,0.5357749579615647,0.2711390347827463,1.1663975886772568,0.5190601940876863,7.136088418096398,2
49.0,28.0,True,0.4795747132938865,0.2089502416421655,0.9032738369588345,0.2171157299777007,5.009950644003644,3
49.0,29.0,True,0.4186975183762069,0.2507278753721315,0.8995587001168464,0.3231398652500614,2.5006069036758753,3
49.0,30.0,True,0.4582830804139186,0.3031193080662311,1.231613009032792,0.8477401265870025,4.447159062398312,2
49.0,31.0,True,0.5600529026484642,0.244690388177516,1.0589141261417483,0.1948841293057836,7.688926939552603,2
49.0,32.0,True,0.3783389054979819,0.2237089633323292,0.8503151306231548,0.6472383534949203,1.4809317624186762,3
49.0,33.0,True,0.4559159596651687,0.1773347388258568,0.8673964953742305,0.0558619957702469,4.007017105458094,3
49.0,34.0,True,0.429055474564002,0.2731531102413291,0.9425542835671206,0.1044674787916334,3.3066038381201284,2
49.0,35.0,True,0.4664762469818858,0.273544134947176,1.0431479073245689,0.4068780380275775,4.688165620936388,2
49.0,36.0,True,0.4197554951457174,0.2611183375260971,0.9655538105975272,0.2729687298227179,3.0251059612502456,2
49.0,37.0,True,0.2842822971764665,0.1167107208072277,0.4893990135721232,-0.2866126750520955,-0.9803964486621852,1
49.0,38.0,True,0.4159095265622538,0.2957051990258244,1.3325058735847457,0.8583893219356435,1.9508473615617368,2
49.0,39.0,True,0.2358670668432706,0.1265032788753458,0.5475857126674447,0.553093417070095,-2.667820013281087,1
49.0,40.0,True,0.1785075529544019,0.1086269345603975,0.3860271619928673,-0.0626966044732773,-4.341671670166035,1
49.0,41.0,True,0.2380718413665565,0.142959228537759,0.5362423492295089,0.217486820853574,-2.5760604713747055,1
49.0,42.0,True,0.3500050935841497,0.1529875713802045,0.6428895017101306,-0.26408120390236,1.2655272152623698,3
49.0,43.0,True,0.3827088519697679,0.2332208091281854,0.8313140915688052,0.0885395589094746,1.8393063022590423,3
49.0,44.0,True,0.4289113214378753,0.2085876306278926,0.7071512882726027,-0.3876654999097068,3.78411318392112,3
49.0,45.0,True,0.3156888518388671,0.1819409212230264,0.6806095145013485,0.0866620087177961,-0.2295660582503113,3
49.0,46.0,True,0.4527930657540629,0.2057830132283704,0.9027861727918196,-0.1116677472453015,4.084969915073618,3
49.0,47.0,True,0.4952805777578906,0.1852741598131045,0.8857251194299662,0.0980642393340774,5.426208771310097,3
49.0,48.0,True,0.4222779809986918,0.1608724673312486,0.8419094144812427,0.2901284444361712,3.379705730953267,3
49.0,49.0,True,0.4005379653646322,0.1751076373037353,0.7565167314808116,0.3649071244120684,2.4367206103973262,3
49.0,50.0,True,0.4467114517131581,0.2490606676011041,0.8770676988831895,-0.1564539656728745,3.9726700756443623,3
49.0,51.0,True,0.5153492400153291,0.2144565801378299,1.0096366483750412,0.8640021538600141,5.6719294991705205,2
49.0,52.0,True,0.5550285569090312,0.2187834370898061,1.0243915467423426,0.2062268570370612,7.0952647965839235,2
49.0,53.0,True,0.4041871674967274,0.1937315372496207,0.8383688286656151,0.3685000441107033,2.2917887160782366,3
49.0,54.0,True,0.4538478240567202,0.2567237339996555,0.9871544445887228,0.2333815785543286,4.4155851028296995,2
49.0,55.0,True,0.3983535641681152,0.1862573085608653,0.738884387879106,0.2108825218808569,1.935714431421392,3
49.0,56.0,True,0.2366643881818699,0.201658946602484,0.7023037896980983,0.9032638541905916,-2.3860610845596035,3
49.0,57.0,True,0.3075718902542415,0.135492081733617,0.4999676877991374,-0.728118780594213,-0.4574053655146123,1
49.0,58.0,True,0.2818048566273501,0.1473045940909014,0.5949465508080696,0.0729217390937765,-1.2948316695445854,1
49.0,59.0,True,0.2592458975498261,0.1436690410698807,0.5324167798242954,0.1449720961164186,-1.7655810226301605,1
49.0,60.0,True,0.2875987349367233,0.1734739969770176,0.6203932387777188,0.0958692103124361,-0.8353410528100906,3
49.0,61.0,True,0.2268252023370224,0.1631580765228329,0.7292372938677949,0.748737984037366,-3.025554956736027,1
49.0,62.0,True,0.2541810086155817,0.1494722563739151,0.5960501482119223,0.4061533999122267,-1.8963863242871164,1
49.0,63.0,True,0.3165778733952806,0.2029265361273778,0.649728588682229,0.0120864742837241,-0.4654535547574048,3
49.0,64.0,True,0.2820546287452208,0.138454693328447,0.4867568767038128,-0.1930245844588644,-1.1129750421238205,1
49.0,65.0,True,0.6351357513007545,0.1505131041730716,0.8939650844051045,0.047976179540305,9.84629790535419,2
49.0,66.0,True,0.5122034877138005,0.244798502633127,1.1732581245934233,1.0713092532980848,5.1945151834875585,2
49.0,67.0,True,0.6398359605253345,0.23571329371014,1.3384764567035132,0.4358326805088004,9.360968145880964,2
49.0,68.0,True,0.7365514334463753,0.3959181999034942,1.420281609406861,-0.0314845081233981,12.956499133220095,2
49.0,69.0,True,0.8762281514589607,0.4038044687677166,1.5,-0.2140840956387401,16.656238183414423,2
49.0,70.0,True,0.7540360384669237,0.2621980215344455,1.4907972800190057,0.0489528288899293,13.200109043774573,2
49.0,71.0,True,0.5746191360639603,0.2291800215081024,0.914474409191532,-0.1898994653210808,7.867672456039673,2
49.0,72.0,True,0.6175607444309453,0.3414468828305299,1.3900252688971353,0.2907283538736151,8.804387430117513,2
49.0,73.0,True,0.5072701732814954,0.2858332489171383,1.2638363701656723,0.5190363284289172,5.132496378835234,2
49.0,74.0,True,0.2892370247561199,0.172449646142527,0.7202596138518693,0.6979039603584704,-0.9301618253734876,3
49.0,75.0,True,0.4277013623638716,0.2352607560272051,0.8203008632505462,-0.152838591774365,2.881403141706781,3
49.0,76.0,True,0.3417819425183973,0.1913400573506903,0.8620510967866657,0.314779133704151,0.5643400685378569,3
49.0,77.0,True,0.2805197729670908,0.1469437333609818,0.6067476730491688,0.3909862853763836,-1.1726492838733291,1
49.0,78.0,True,0.3528860989005789,0.2141181680492893,0.7596408234434384,0.4701966898324659,0.962508868379388,3
49.0,79.0,True,0.3104283740737443,0.2576578280444517,0.9684193780660976,0.82585989549761,-0.1156857828560056,3
49.0,80.0,True,0.2806708969130072,0.1388319339941513,0.492765986171672,-0.18434716613456,-1.2191633407330436,1
49.0,81.0,True,0.2258609672320572,0.1668553376630601,0.5115926923882524,0.2192822816568303,-3.0383574384820564,1
49.0,82.0,True,0.2964656953536127,0.1408137456722496,0.5359180688504016,-0.468966392810841,-0.6421502056014519,1
49.0,83.0,True,0.3656415430881043,0.1925293396923788,0.7428307012199517,0.2715629552078996,1.2396982655564437,3
49.0,84.0,True,0.3943457631135744,0.1689415974094089,0.6932795315736592,-0.219336610908388,2.0864056416578265,3
49.0,85.0,True,0.2914934590379689,0.1803419795739546,0.766920286916717,1.1717979398580984,-1.031818243106709,3
49.0,86.0,True,0.3572973664356044,0.2378381320079672,0.7890392085021823,0.1332678958213553,1.0509675431801622,3
49.0,87.0,True,0.4137776682993018,0.1763492994138246,0.7543951132745145,-0.0060140173953482,2.8251596450396717,3
49.0,88.0,True,0.3132743820764928,0.1355893559673663,0.5799438105913736,0.1861606941208813,-0.3753423432428714,1
49.0,89.0,True,0.5515861429356331,0.3672705779886532,1.252703036889523,0.2481569521290283,7.582925164006814,2
49.0,90.0,True,0.6053487373625586,0.1998948888653079,0.9069317415741076,-0.1378036820967919,8.620505174114472,2
49.0,91.0,True,0.6459014651082668,0.2601581253362861,1.0361916982607908,-0.1978023868392525,9.882667096352757,2
49.0,92.0,True,0.5950302507433898,0.2240287967909724,1.0458604407852914,0.411186416385155,8.391223146279918,2
49.0,93.0,True,0.9107769552376364,0.2461896740949902,1.5,0.7759208598300595,17.57104550617911,2
49.0,94.0,True,0.9606315390260092,0.1730859349957324,1.2611763495065524,-0.6044469685021031,19.62959843377103,2
49.0,95.0,True,0.7001635564762176,0.2236755975890357,1.0907810122647843,-0.2908637282163888,11.998113705780993,2
49.0,96.0,True,0.59216804830657,0.3147486308941633,1.2373261406017328,0.2480719605927941,8.446636051461281,2
49.0,97.0,True,0.5512273778112611,0.2604142439658012,0.9591733382636806,-0.1564871644537925,7.024565722390884,2
49.0,98.0,True,0.3737923659211368,0.2542864877595885,0.8334803565690408,0.5542026680985019,1.7360116011043352,3
49.0,99.0,True,0.1739660481873988,0.1252029743901295,0.4980559322833331,0.9440123177473548,-4.531553498836556,1
49.0,100.0,True,0.0742724858421204,0.071317640716357,0.2418576119490548,1.003566618424613,-7.627635226442367,1
50.0,1.0,False,,,,,,0
50.0,2.0,True,0.1676427718733092,0.1127688957019836,0.3871617668489014,0.1070969702158202,-4.728737041283824,1
50.0,3.0,True,0.2559230655855317,0.1323476290782867,0.6720693320870511,0.7048065576714819,-2.3489620396476605,1
50.0,4.0,True,0.3031038247910061,0.2518910733122153,1.310034245292781,1.9441944635813484,-1.1022919809980318,3
50.0,5.0,True,0.3676912415032961,0.2293521472574945,0.8810727466009493,0.415543822694367,1.9487711337134055,3
50.0,6.0,True,0.2952116850889488,0.1716017977348267,0.7828922917099925,0.3410332197838022,-1.1349264201415394,3
50.0,7.0,True,0.4418889555793402,0.1426064446850093,0.6743309056782447,-0.2245601513529556,3.879630025711,3
50.0,8.0,True,0.349291752387413,0.178410302957984,0.8713353278759768,0.0677239642641415,0.7561466725793264,3
50.0,9.0,True,0.4165735497864755,0.2523170029588746,1.239243524137635,1.532488687621545,2.62462276785678,2
50.0,10.0,True,0.6177081152686662,0.3241059738503642,1.5,0.5255209712036072,8.63706704949763,2
50.0,11.0,True,0.380031977718965,0.2339467772634278,0.9070647388821363,0.8357673141893084,2.2197073037135255,3
50.0,12.0,True,0.3446167194134179,0.196449642118074,0.7142540658273037,-0.0797662868928722,0.8117970901594582,3
50.0,13.0,True,0.4016387836839526,0.2075820266468357,0.9496093254551118,0.7015962921980601,1.8439415836220363,3
50.0,14.0,True,0.4733586316031167,0.2632803554272827,1.0795356456180891,0.4865487868229622,4.7814066036626715,2
50.0,15.0,True,0.369597330526098,0.1604580711854307,0.7249571814224884,0.2980197443502543,1.5585009508854952,3
50.0,16.0,True,0.3452838491697521,0.1856420437870366,0.6809389708630941,-0.1727005644649349,0.930997491221836,3
50.0,17.0,True,0.3155788789213744,0.2036461099737652,0.8491077772461061,1.1071731231498807,0.1063294844977759,3
50.0,18.0,True,0.3190666662924415,0.1486113755295174,0.6626481673286979,0.3521422269783255,-0.2283233093357721,3
50.0,19.0,True,0.3859321351495894,0.2156517546904232,0.8542502562046583,0.5619777305856942,1.9261832605921756,3
50.0,20.0,True,0.2261897664489895,0.0858015414764409,0.4432803428752377,1.0087317285344644,-3.140322726963519,1
50.0,21.0,True,0.2385210287180124,0.1173279622922068,0.4786307846763978,-0.1336444346299423,-2.5656859189581733,1
50.0,22.0,True,0.2373022835839444,0.1282683909038508,0.5266742012642722,0.6567028520243483,-2.6289385441663424,1
50.0,23.0,True,0.2089569484730702,0.100344649006735,0.4798296484592716,0.5506280749363611,-3.303253098833361,1
50.0,24.0,True,0.2742591892445598,0.1684744805647429,0.6072984432673283,0.225525081982103,-1.544974035345332,3
50.0,25.0,True,0.3471347681911469,0.1075485590397523,0.561851129027629,0.0848700546292257,0.8976875299406843,1
50.0,26.0,True,0.3829524382157085,0.1218027073714777,0.5423847541661192,-1.1568996875596396,1.8654724656186312,3
50.0,27.0,True,0.3918276595390405,0.2311380944811127,0.8804255901484878,0.5542061422372283,2.1064781177897616,3
50.0,28.0,True,0.3266502236752122,0.2876587888307443,1.4841057635087838,1.780092807098112,-0.368933111429138,2
50.0,29.0,True,0.5671420578359242,0.2945609277146378,1.1958877195147464,0.3027981056163717,7.619125720741296,2
50.0,30.0,True,0.5422346518328302,0.2924865772852029,1.2381358499845028,0.4408220520765012,6.5634666416177865,2
50.0,31.0,True,0.5538690508105917,0.1433858364018686,0.8525748118628352,-0.3172534715363345,7.356336065208157,3
50.0,32.0,True,0.6250498131819678,0.2150822882679675,1.0814502424229977,0.5806522560396532,9.38837209698455,2
50.0,33.0,True,0.4110931913923406,0.2515163424279829,0.9823241524413,0.569101452532809,2.748519773744414,3
50.0,34.0,True,0.4117498651385905,0.1483155508745204,0.6021201532194685,-0.9721083682892252,2.865734736109754,3
50.0,35.0,True,0.3994375603889997,0.3308236155694505,1.1838738692803812,0.9498139177047128,2.5764006385631815,2
50.0,36.0,True,0.417190954333581,0.1879450619003197,0.7448534010905594,0.0572318198315126,2.8823016428689856,3
50.0,37.0,True,0.365807508162694,0.2912972712577947,0.9158486649639122,0.4675615119403689,0.9047918498469776,3
50.0,38.0,True,0.3206641540649677,0.1639704301034451,0.6884271743653256,0.0900638103311747,-0.3777324761230861,3
50.0,39.0,True,0.2868470422249858,0.1568051364539721,0.6765937700008242,0.3907416201636733,-1.4182846388903163,3
50.0,40.0,True,0.2200119407616226,0.1153234234321214,0.4544414347784911,-0.0352812573935397,-3.0862147938204094,1
50.0,41.0,True,0.255614809171368,0.1710261026716802,0.7159430829877053,0.5863318943563844,-2.165039113511813,3
50.0,42.0,True,0.1924948517008785,0.1608567243889508,0.472715774172836,0.3410256768258377,-4.0464642018222134,1
50.0,43.0,True,0.2689428377382854,0.144561817831465,0.5550212248216371,0.6220472788816876,-1.6850627381056538,1
50.0,44.0,True,0.332452829039014,0.1894857158256565,0.8837138774238006,0.6607581742909019,0.0482919087744352,3
50.0,45.0,True,0.3424598922582985,0.1410720484492066,0.5797952669455781,-0.3681998118468702,0.8198938394725666,3
50.0,46.0,True,0.3531527256113024,0.2269315001095806,0.8244829861018853,0.6782551327513889,0.8432416505578141,3
50.0,47.0,True,0.4774381104455619,0.1852109955356838,1.2427446922339402,1.7375545936028929,4.348813565001735,2
50.0,48.0,True,0.5130007467944386,0.316530712153942,1.2842346155035949,0.8772040658877327,5.6575071186124175,2
50.0,49.0,True,0.4812458425985759,0.1536561731328882,0.9777522491085888,1.0346227029932595,4.401386410843614,3
50.0,50.0,True,0.58146766234672,0.2953879034001176,1.1294359427579506,0.3875262464302298,8.45422734654262,2
50.0,51.0,True,0.60079886646133,0.3567875330760659,1.5,0.3690770540574775,8.371188943207656,2
50.0,52.0,True,0.606692787598228,0.3488184306379377,1.5,0.5194727056801226,8.47396304922416,2
50.0,53.0,True,0.5576852688235183,0.2270127226662358,1.312660678615881,0.9533726828688042,6.95649036767814,2
50.0,54.0,True,0.4613115040376924,0.2245443264393997,0.9976711866231892,0.2782046502980322,4.1233981234413655,2
50.0,55.0,True,0.3763893689742236,0.2546578614016083,1.3715055561253715,1.975929129520745,1.3621836228901891,2
50.0,56.0,True,0.2529405602974676,0.1899740142939355,0.575494022401924,-0.0232270994794013,-1.9659078347745704,3
50.0,57.0,True,0.2993602469394599,0.1954457071110369,0.8115676314053067,0.8387908910859686,-0.8864836655058775,3
50.0,58.0,True,0.3280325296758631,0.2194297485647795,0.8318314523201439,0.7960011152818521,0.4496706563978347,3
50.0,59.0,True,0.2871857006017371,0.2171283325178386,0.6616124282102738,0.3685509196763296,-1.3040785208728125,3
50.0,60.0,True,0.1995215886413708,0.1218975942385371,0.4223719008180525,0.0103280272249326,-3.621838171976423,1
50.0,61.0,True,0.2858015095071737,0.1805518896313705,0.6887550793566666,0.5441065199871093,-1.0544844157897122,3
50.0,62.0,True,0.2861859978309187,0.125727930924726,0.4897069454670512,-0.3581477488731057,-1.1144193391596349,1
50.0,63.0,True,0.2707271570176688,0.1384452070422993,0.570836361192353,0.3202097261381,-1.61153361616783,1
50.0,64.0,True,0.3791734762534161,0.1950635443235102,0.7383329172111416,0.0544838321804313,1.811271154317763,3
50.0,65.0,True,0.3438007377689305,0.1835434772109266,0.7247831161715333,0.0457323123155973,0.8376138897509197,3
50.0,66.0,True,0.4454421942533758,0.121114807250403,0.667485733372608,-0.034767145835049,3.6591075845168226,3
50.0,67.0,True,0.5288737880956401,0.2120242956550506,1.0014499997960442,0.5252142333824015,6.4402601842185,2
50.0,68.0,True,0.7134906781524549,0.2803288895605782,1.162797489618697,-0.2221859344822863,12.485347420203992,2
50.0,69.0,True,0.909817196059796,0.2300188429576543,1.4264413603435582,0.4405192549991298,18.31724269394097,2
50.0,70.0,True,0.8104824934367423,0.351623149983532,1.5,-0.2012470696354506,15.231013795455937,2
50.0,71.0,True,0.7106653821925852,0.278956535428691,1.1829091396676996,0.0076480143901589,11.632738736880947,2
50.0,72.0,True,0.7594620756570865,0.1988283814449104,1.216933108075171,0.5251737965870646,13.34598554166863,2
50.0,73.0,True,0.5940043713264231,0.2692227505715381,1.3145161543719237,0.4177582191067944,7.955622384178562,2
50.0,74.0,True,0.4583647446062063,0.1811978572861856,0.8096636080230578,0.2580457748941346,4.27697821690262,3
50.0,75.0,True,0.5055495302565061,0.2846112257532284,1.0678379220715584,0.3678828491281423,5.294545693272564,2
50.0,76.0,True,0.478544921589746,0.2527081505966674,1.0048903167955854,0.305373828682365,5.087830800026317,2
50.0,77.0,True,0.3398843123203628,0.1826548147288253,0.7337110505724658,0.350592226778662,0.8560652682601868,3
50.0,78.0,True,0.3009361530318665,0.1373368612909339,0.6164116689112918,-0.0110966043194036,-0.7249038456006939,1
50.0,79.0,True,0.3345842674590943,0.1861362469405662,0.6977791340472234,0.0477919173738707,0.1296897422976285,3
50.0,80.0,True,0.3668208540539683,0.1355340631605943,0.5714391206972625,-0.4081933162646895,1.419017455194753,3
50.0,81.0,True,0.3442296053129201,0.3048324858062272,1.5,2.424911241174571,0.034271111498592,2
50.0,82.0,True,0.3167296118513426,0.2162607535551677,0.8005031391591922,0.6027043645965352,-0.3296292575958793,3
50.0,83.0,True,0.2851273147972503,0.1833907593069257,0.7180049541156732,0.428224058137211,-1.5314851910958682,3
50.0,84.0,True,0.3172933286566334,0.125991050903854,0.5719246453616992,-0.0374941558374383,0.0061623157220806,1
50.0,85.0,True,0.2748671920300778,0.182525244030249,0.7045733669776187,0.7464617739783452,-1.0934409758553532,3
50.0,86.0,True,0.4150669946411866,0.2698913764309848,1.0544570452898003,1.0875068234724148,3.0868272701828348,2
50.0,87.0,True,0.3966804464517441,0.1284779167208937,0.6558199824514466,0.0183705304719938,2.291050357728289,3
50.0,88.0,True,0.344602320126169,0.165553290345128,0.6103462677558051,-0.2818516588830538,1.0655218380209714,3
50.0,89.0,True,0.5893332090747784,0.2667705693676683,1.0582401495241571,-0.3009577933732534,8.158784070905812,2
50.0,90.0,True,0.6017450502443445,0.2267096872389206,0.9499102281314764,-0.2241091226060534,8.701881593028885,2
50.0,91.0,True,0.650574039640385,0.2120690671232515,1.158822443990567,0.4561749029484129,10.227072085135534,2
50.0,92.0,True,0.9589995433547688,0.2676498560302532,1.4372943953323545,0.3215194138260548,20.006146474855147,2
50.0,93.0,True,0.6954878849943609,0.2766187445360969,1.1244196976937129,-0.2110031248950392,11.960003164147029,2
50.0,94.0,True,0.6542743190804703,0.2796635771095516,1.17119695361397,-0.2729201560479247,9.881443164650792,2
50.0,95.0,True,0.5283465706470254,0.2066448389540541,1.0067076798075734,0.0961962513167176,6.064637640093825,2
50.0,96.0,True,0.4415352439275449,0.1881054784289087,0.7906142528332919,0.3760701884309873,3.481488560898157,3
50.0,97.0,True,0.3565702362205478,0.1320972717229397,0.5601593679452783,-0.3836756890507136,0.8590063131917285,3
50.0,98.0,True,0.2488335051912142,0.1734223003742613,0.6099195506045847,0.5134804086748594,-2.131678957659968,1
50.0,99.0,True,0.3025991999229303,0.2040139752819543,0.7516931045639161,0.2624225954158505,-0.4290389465661481,3
50.0,100.0,True,0.1123822250183922,0.1076144352397278,0.4126874189294062,0.8314098832111639,-6.742548930729385,1
51.0,1.0,False,,,,,,0
51.0,2.0,True,0.1540370147538465,0.1286660291122236,0.433326305806738,0.652564337719988,-5.179226443401201,1
51.0,3.0,True,0.3143407698875651,0.2153040035886853,0.797909631940349,0.4301083984929543,-0.2990761374930881,3
51.0,4.0,True,0.3950256796124267,0.2269625875073937,0.9396753491261052,0.8056268304902467,2.193150822991044,3
51.0,5.0,True,0.29606903947176,0.1653997942778294,0.6610024434769733,0.3697595610580497,-0.6217483100023192,3
51.0,6.0,True,0.4535347435168232,0.2073121359640828,0.8895451577694481,0.0910340474664368,3.8510533317906,3
51.0,7.0,True,0.2680713020256848,0.1919211856120233,0.6429866239281389,0.3613528491476542,-1.4090550788514729,3
51.0,8.0,True,0.4376070397652229,0.2267307349058645,1.013353240974644,0.7139176235051797,3.925271916986863,2
51.0,9.0,True,0.5003369123695371,0.1782788829246461,0.8205941997886134,-0.3536632557466825,5.639492871752213,3
51.0,10.0,True,0.3683770095186829,0.1568980755002254,0.642268183337035,-0.1936232103474598,1.4131840296033,3
51.0,11.0,True,0.5350839750894796,0.1708029809068971,0.8106758374038217,-0.6565332183334998,6.436760905131894,3
51.0,12.0,True,0.3927133497739896,0.1490851406113574,0.6312852210951632,0.0480499306614827,2.2609135777642404,3
51.0,13.0,True,0.3731207654540005,0.2259289942637407,0.8490616622688155,0.5071598490350658,1.5466637918980153,3
51.0,14.0,True,0.3823787792873605,0.2058195619169731,0.9583084474721656,1.3950045584570985,1.8615432997782937,3
51.0,15.0,True,0.395405361707406,0.2912644683066692,1.207696375646372,1.1834452701595208,1.980412209078138,2
51.0,16.0,True,0.205486366532146,0.1715251287167764,0.5618781154640713,0.6855747939665743,-3.351514237155471,1
51.0,17.0,True,0.3280007486482773,0.2283084272058759,0.7567185291156668,0.4548483077875248,0.1361175985763362,3
51.0,18.0,True,0.259589776940195,0.1471625862283577,0.5903775054102701,0.1952398271702848,-1.993597831813442,1
51.0,19.0,True,0.3359834109882448,0.1083020971654109,0.5785241382381788,0.5278748038432505,0.4212364793112657,1
51.0,20.0,True,0.2892571471565602,0.1243772351741364,0.5634926538086559,0.7269412310943821,-0.7840975013898042,1
51.0,21.0,True,0.1780655636978672,0.1121013017884741,0.4735532594719616,0.6911470003992887,-4.330592037067934,1
51.0,22.0,True,0.3666072443344336,0.1513222563932238,0.6318161222274215,0.0804953909023579,1.3455779384235478,3
51.0,23.0,True,0.3983785617148267,0.3157555187298272,1.174909687378383,1.0610937514479135,2.209438579822758,2
51.0,24.0,True,0.3302464859655022,0.2085377873249078,0.8649338962137176,0.8961053384557583,0.4942336219081895,3
51.0,25.0,True,0.311872118283895,0.1732758914319412,0.6621737726695022,0.2638751768138396,0.0460201396228701,3
51.0,26.0,True,0.4183794694819102,0.1385925516342318,0.6764286794221928,0.0538070251187229,2.9819830079144234,3
51.0,27.0,True,0.304950751601998,0.1395118824446434,0.5929154709005792,0.2925425071690828,-0.395692274091948,1
51.0,28.0,True,0.4386477433971937,0.1896889945979299,0.8892781613810892,0.1336180508402003,4.0263301191189536,3
51.0,29.0,True,0.3077538588960066,0.1326014900108141,0.528813100919172,-0.4305282268690999,-0.3800643645403311,1
51.0,30.0,True,0.5702594048625735,0.2162543268183412,1.0786299617588142,0.4933356625135676,7.338552788478756,2
51.0,31.0,True,0.2920146786514198,0.1238747691675542,0.5543429374704596,0.095030105070228,-0.8883458765066397,1
51.0,32.0,True,0.4525399104233665,0.1930948782639456,0.8232750296220106,0.165540903583076,4.169643468208643,3
51.0,33.0,True,0.5311047996919873,0.1884393680839883,0.8390540877203662,-0.4902077573152543,6.906927508571642,2
51.0,34.0,True,0.5055929133867751,0.3206896761579954,1.1090234729510091,0.103075744674686,6.11496021781167,2
51.0,35.0,True,0.3562097720155154,0.164924609274009,0.8344036280302612,0.2675593158055093,0.7949958544148976,3
51.0,36.0,True,0.4736138003509513,0.170221354229391,0.8601960304334423,0.0237415749131617,4.78679931044704,3
51.0,37.0,True,0.312716475798132,0.1784825063970412,0.6976089287444474,0.2790900584987585,-0.0366421357028114,3
51.0,38.0,True,0.3002733246058086,0.2307580500464022,0.9505455229711433,1.4015967353675547,-0.6397080502514408,3
51.0,39.0,True,0.3635725055999893,0.2134578325392047,0.8905472092022794,0.7076728508364777,1.5738972161147675,3
51.0,40.0,True,0.2334895536554665,0.1378574832639845,0.6273616269062983,0.6269212354490864,-3.084655915252691,1
51.0,41.0,True,0.2291262394174592,0.1634517312363319,0.5321895686530499,0.4467103724188968,-2.5993593488213325,1
51.0,42.0,True,0.282546839665226,0.1916690551830262,0.7616905808305751,0.8982475091695581,-1.260026574793206,3
51.0,43.0,True,0.334836834465607,0.2497629180200116,0.8669590012890682,0.2603344463606677,0.4604048207249566,3
51.0,44.0,True,0.2394700268396337,0.1260416048405326,0.4348042654988124,-0.170905881447507,-2.4296185355077533,1
51.0,45.0,True,0.4197530718766512,0.1528696865028231,0.7123071262289888,0.0166647478571805,3.189212458537286,3
51.0,46.0,True,0.5748954786941085,0.1708684314407567,0.9234547392555028,0.2587214080409373,7.750154938605097,2
51.0,47.0,True,0.3642482008158018,0.1531604975777161,0.8307692991107679,0.6638508598454135,0.8875776186227281,3
51.0,48.0,True,0.4863587417393598,0.1976220203196806,0.962095460903803,0.3089000076829534,5.130103201842646,2
51.0,49.0,True,0.4284483906552899,0.1656204443415818,0.6909014948465456,-0.1758457183321217,3.3780606618233993,3
51.0,50.0,True,0.4308196408349698,0.1791963532642744,0.8942547563897685,0.6854925882175799,3.634942628304896,3
51.0,51.0,True,0.4686599333040557,0.2160175292304126,0.9542398133844394,0.5865049069283494,4.55940691946891,2
51.0,52.0,True,0.4996555007023162,0.2156817420853052,1.0406356969694015,0.2493605952743927,5.582241476206657,2
51.0,53.0,True,0.5339748729549019,0.2886515445200359,1.5,2.28346461051064,6.159129600781681,2
51.0,54.0,True,0.4318823339573667,0.2240226345584634,0.9066817864988828,-0.0877646786325356,3.3366972716364165,3
51.0,55.0,True,0.368265843572171,0.1992654900976311,0.7163676465008231,0.0726629137535721,1.6629207990796298,3
51.0,56.0,True,0.3637048205371795,0.1944182599352186,0.8057671425675403,0.5285597888136644,0.9881772844422388,3
51.0,57.0,True,0.2996901651540044,0.1832938758413549,0.9177442928363152,0.8532812853003982,-0.9625729762046068,3
51.0,58.0,True,0.2766646178631378,0.1377948349030971,0.5574976497050682,0.080581789190312,-1.5329690381084315,1
51.0,59.0,True,0.2650461187945551,0.1941521137497399,0.6122544700516357,0.0220335743795836,-1.6187045882722226,3
51.0,60.0,True,0.2664825089510149,0.1824060800017561,0.8657029847326231,1.228468770990736,-1.97216182904489,3
51.0,61.0,True,0.4486948642352829,0.1971954249013437,0.9434875846513218,0.1595852356155469,4.024056233194414,3
51.0,62.0,True,0.301039062492914,0.2122535796030966,0.6776680289942216,0.1979018331385628,-1.1101924830052836,3
51.0,63.0,True,0.4062695055936467,0.195045153522033,0.8336337258356797,0.1451757236105655,2.6105760148841917,3
51.0,64.0,True,0.4037616449978891,0.2199741404046682,0.9507162094090362,0.9028596208822728,2.825095571067801,3
51.0,65.0,True,0.5129889915150947,0.2478180440936973,1.0942787169025898,0.3100090248727038,5.833357827739429,2
51.0,66.0,True,0.4400040753336051,0.1860587943455046,0.900559585251657,0.6419434087449685,3.823534437877231,3
51.0,67.0,True,0.6493524829115487,0.2745478820425033,1.143807803897902,-0.2548909218816225,10.319996693242484,2
51.0,68.0,True,0.9172835942432508,0.2694435462594624,1.3157366223046838,-0.3551605851584503,18.30405685306069,2
51.0,69.0,True,0.8550312234578668,0.1710035696717407,1.1683026879097873,-0.1986555313531121,16.648281668484344,2
51.0,70.0,True,0.5847294761959504,0.2780897904085728,1.2098842543692256,0.3598407107210747,8.377732397220063,2
51.0,71.0,True,0.6869645396035001,0.2592059319742366,1.3312098508826908,0.4383954077729983,10.712065949054844,2
51.0,72.0,True,0.7106720950114771,0.318480433949086,1.3584674403488926,0.6308028737770917,11.888520867975766,2
51.0,73.0,True,0.4416916027512219,0.2296120068450357,0.8617386195721953,0.1666104652130428,3.7520471730718223,3
51.0,74.0,True,0.4412096594638013,0.3150055360091179,1.1725699735786577,0.8221305093847722,3.757289065664552,2
51.0,75.0,True,0.538757185094143,0.2180839389202699,1.092763790744357,0.5671303963239741,6.952629819048574,2
51.0,76.0,True,0.4402760733306201,0.2729998718340588,1.1259063548718364,1.054139631057169,3.3854567674165397,2
51.0,77.0,True,0.2590278541021191,0.1563020959120893,0.5642426845043119,0.0527490519188493,-1.8507174610366863,1
51.0,78.0,True,0.4007663687555226,0.2034275186741469,0.9216192415725902,0.8422310521941094,2.5342690419222293,3
51.0,79.0,True,0.3028763008169992,0.1713775568677889,0.5993360464959033,-0.1714907354802808,-0.3422121952480829,3
51.0,80.0,True,0.4171922937876797,0.2171660371100063,0.8409609854434055,-0.1989185541188413,2.5360377288869707,3
51.0,81.0,True,0.3090028247989888,0.1838070903558561,0.7696394608172656,0.8261957914266359,-0.365171377452848,3
51.0,82.0,True,0.4953475593666728,0.2655356028409044,0.9638081985808484,0.1831691519558048,5.6232284622083135,2
51.0,83.0,True,0.3783166160359374,0.2399609399951548,0.8929052548909507,0.739790186484717,2.1865331387047178,3
51.0,84.0,True,0.28648270282595,0.1792019260151083,0.6782442734626362,0.1132429445547463,-1.00726120211409,3
51.0,85.0,True,0.4347148245037893,0.1559951315233053,0.7105140074626386,-0.1106847735582207,3.4321544889369977,3
51.0,86.0,True,0.356048101801325,0.108641921260234,0.5614872736402278,0.1027949795429361,1.1644375089782124,1
51.0,87.0,True,0.4790053152289784,0.2328642633184457,1.0430632941115945,0.3337671270223104,5.075453799033361,2
51.0,88.0,True,0.4706099930432115,0.1709776231413913,0.8230480667524847,0.1608625620769357,4.571094770434409,3
51.0,89.0,True,0.6024814805894713,0.2270687219395,1.1227541304074569,0.4416197265805209,9.29797902580741,2
51.0,90.0,True,0.8720330084495033,0.3794571607822084,1.5,0.1860339483560098,16.541570842820583,2
51.0,91.0,True,1.0323035940876455,0.2909473357948089,1.5,0.0555376242243311,21.88698957061995,2
51.0,92.0,True,0.90211407781282,0.2321297987272896,1.2614680306226838,-0.3339328651627098,17.743714028242447,2
51.0,93.0,True,1.053369893180335,0.2415171536234815,1.5,0.2733672297524005,22.38154086025382,2
51.0,94.0,True,0.695291971705695,0.2136474743671943,1.1745779307395825,0.7343617240392625,11.373966027154752,2
51.0,95.0,True,0.5267563310973719,0.1646705974924171,0.8424707233701929,-0.0656773964886314,6.4862958004861975,3
51.0,96.0,True,0.322514669004589,0.1877444324196489,0.7070164652030061,0.2442743669633488,-0.1772824221265476,3
51.0,97.0,True,0.4915174726222803,0.2529461745393037,1.42811070299963,1.1387807395981522,4.915375940017093,2
51.0,98.0,True,0.3991368666291741,0.238999191448438,0.8079998620556992,0.023238741206037,2.328758626462145,3
51.0,99.0,True,0.4320709441208822,0.1846053909602502,0.8008955415670186,0.1282076869882392,3.140800259724499,3
51.0,100.0,True,0.1289775654387373,0.1060224249207844,0.3741891420512259,0.6328641797347566,-5.875284255884077,1
52.0,1.0,False,,,,,,0
52.0,2.0,True,0.155777447989193,0.132756106379367,0.4688937591248376,0.5918747669237474,-5.054805126081383,1
52.0,3.0,True,0.18910641136456,0.0968305001555737,0.3984956075754681,0.4862851452759297,-4.060760661047371,1
52.0,4.0,True,0.2409356764078183,0.1585459409316617,0.5676611592039718,0.4392809963353737,-2.2536353780010328,1
52.0,5.0,True,0.2921991674970509,0.1954740137875741,0.8648710288604461,1.5841149802123573,-0.6789594672073045,3
52.0,6.0,True,0.345538650387468,0.2572983706742185,1.0234775775859204,1.2666962872958785,0.8848646614667859,3
52.0,7.0,True,0.381347020725665,0.2371500030331149,1.13465530871045,1.3718713638632227,1.3935612284670906,3
52.0,8.0,True,0.5018171829320784,0.2046513481794269,1.042753431020199,0.8163722738085836,5.425506093692943,2
52.0,9.0,True,0.4728648709877761,0.125589744749554,0.740489922011759,0.4129264026463877,4.633755305738231,3
52.0,10.0,True,0.4146505253794397,0.2733001249621042,1.2785176678667114,0.7829982322566823,2.355310444895619,2
52.0,11.0,True,0.3211782405424493,0.1098896135868149,0.5103016379083825,-0.3641479580247505,-0.232331774768231,1
52.0,12.0,True,0.3561987433600622,0.2032019639930585,0.7838178878512035,0.5615546217224165,0.8669625917509237,3
52.0,13.0,True,0.2915191553861325,0.2195301322211748,0.7547186604750399,0.3820660933753618,-0.8257697507901081,3
52.0,14.0,True,0.2932780258298664,0.229478961107347,1.053835473486055,1.417433554462412,-1.3341635085902768,3
52.0,15.0,True,0.3323782757022238,0.2403816378308866,0.8152142510901575,0.4763066970844523,0.1360516938253919,3
52.0,16.0,True,0.3213892948260903,0.113587199420471,0.5957784540261329,-0.5825931300232344,-0.0968498774878137,1
52.0,17.0,True,0.2197525043504714,0.1511624757810168,0.5373902817999858,0.4806668038613654,-3.027513692650335,1
52.0,18.0,True,0.2400359280340497,0.1445044433601406,0.5062552894282314,0.3230177627797581,-2.267242013529484,1
52.0,19.0,True,0.3835066200570867,0.172129727022914,0.7028512881993242,-0.2183960398143579,1.8843338369429536,3
52.0,20.0,True,0.2684387231703836,0.1710098677595055,0.6345733657275952,0.6435201770976829,-1.5447088512620843,3
52.0,21.0,True,0.2188597785848973,0.1390511492954751,0.5161438011620822,0.5150496589173074,-3.2310424903185746,1
52.0,22.0,True,0.2921362150429786,0.176537708327984,0.534218585415069,-0.1268689205496283,-1.1522560820882837,3
52.0,23.0,True,0.3359600400527005,0.2735040940556953,1.1258083956729887,1.5139662056060308,0.2238104607113527,3
52.0,24.0,True,0.3092956880125405,0.1698662486880209,0.6281943934541886,0.349196083748868,-0.3304986495890754,3
52.0,25.0,True,0.2858223170345023,0.1877561283953963,0.7206300403765953,0.6136599413324771,-0.8020468244581029,3
52.0,26.0,True,0.3627354540252273,0.1549025322828415,0.742800967806904,-0.097177936009719,1.0434697626116574,3
52.0,27.0,True,0.4042943465539292,0.2971486304138669,1.2260094893388478,1.039241400207313,1.6349644107357693,2
52.0,28.0,True,0.6595991972221356,0.2470573978664159,1.2301400176464954,-0.3640238312603386,9.918133714793024,2
52.0,29.0,True,0.4098240883405825,0.1966803027984633,0.8144497848007852,0.0029908256938012,2.6042345849255204,3
52.0,30.0,True,0.4032668654253072,0.2125156314033438,0.8233572622971049,0.39871362686146,2.4605521321960677,3
52.0,31.0,True,0.448644596880806,0.2844443134101412,1.3153355497059374,0.7861606575094122,3.465308930596917,2
52.0,32.0,True,0.4938936019503993,0.3832299158596,1.4540667251068915,1.3211993680619238,4.670713340187677,2
52.0,33.0,True,0.5121123932898628,0.3801540119714753,1.373745661869236,1.0304579653022847,5.85366015362298,2
52.0,34.0,True,0.5113562111270973,0.2394513000509315,0.826744543752369,-0.574130106615278,6.245950580158035,2
52.0,35.0,True,0.4095789423473824,0.1933432811012336,0.7976897232126928,0.4123912730741429,2.5657651576593175,3
52.0,36.0,True,0.4304647651017995,0.3274567484163987,1.0955526830627142,0.6368276919818563,2.7565245628718715,2
52.0,37.0,True,0.3726842901251492,0.2229438640239608,0.8584927722472246,0.6109062757027085,1.5726938518066125,3
52.0,38.0,True,0.4471129254195004,0.1909180299030347,1.0073728637257,0.6733540246619995,3.4117443689660014,3
52.0,39.0,True,0.2786113943072313,0.105578062907156,0.4507747759093335,-0.5462653805201615,-1.387075748664334,1
52.0,40.0,True,0.3723479739053657,0.1784593120747545,0.6737093667610659,-0.0505391162106508,1.594137858671948,3
52.0,41.0,True,0.1600694680326881,0.1236921891355382,0.462397962039161,0.8633053175463923,-5.127544680460043,1
52.0,42.0,True,0.3563395966627192,0.1905077003473688,0.8184474821240837,0.4624653795610087,0.9850372776378226,3
52.0,43.0,True,0.2903770656730225,0.1490711668474379,0.6350439990534774,0.5201177294041933,-0.8338963283406733,3
52.0,44.0,True,0.3887374593853118,0.1753700550895325,0.7274720080284093,-0.0246284287488651,2.468821787099098,3
52.0,45.0,True,0.5123978950996463,0.2414816801481158,0.9186536970521932,-0.2233128352907138,5.590585055349122,2
52.0,46.0,True,0.4433461511296971,0.2047319605672805,0.7585312754411372,-0.0632423519160362,3.657648741637435,3
52.0,47.0,True,0.4471972052539026,0.164959985501795,0.8383416159240709,0.804242494601437,3.7936608441253057,3
52.0,48.0,True,0.3479146645822142,0.0828634608633236,0.5277154070375009,0.2347225981120712,0.7833577203234862,1
52.0,49.0,True,0.3882974706160466,0.1447698265514722,0.6634051937330309,-0.4068710881445452,2.335947709253485,3
52.0,50.0,True,0.5643888257532119,0.2789611681985979,1.2000541308248498,0.1274839438784809,7.702478298288708,2
52.0,51.0,True,0.5650789270320475,0.3075666935851357,1.114364296872666,0.1499658096503288,7.924159713806829,2
52.0,52.0,True,0.539298812631906,0.1887685099980182,0.8307778307437135,-0.4820334017813924,7.007995262627148,2
52.0,53.0,True,0.4827215328616094,0.1912640244541963,0.7996452490046472,-0.1734354699330455,4.747768982292995,3
52.0,54.0,True,0.447049865180348,0.2095081275356067,0.971455130438845,0.6451438172994207,4.04883792029761,3
52.0,55.0,True,0.3206956304110153,0.1588552311800735,0.6458547764688191,0.2447778392396334,0.0268619226955443,3
52.0,56.0,True,0.2642314464643444,0.1485884611155912,0.6140469243658551,0.9769483055508796,-1.850523119484658,1
52.0,57.0,True,0.2612929205916801,0.180455194165857,0.6387157088553013,0.3367880205029753,-1.7153598420021734,3
52.0,58.0,True,0.272287081423294,0.1575807703885101,0.5950005981407682,0.2177569324402868,-1.5314671856736617,1
52.0,59.0,True,0.2985439087733302,0.2277944164143176,0.7831166928610769,0.3594935210290617,-0.6684496309575995,3
52.0,60.0,True,0.3633291721754084,0.2246342795428429,0.9596982283158174,1.0023700952364711,1.1997087338267396,3
52.0,61.0,True,0.3053463694430542,0.1961018076225602,0.7639215043281942,0.6888102039319954,-0.3877430885162916,3
52.0,62.0,True,0.1768431280945039,0.1362241060956773,0.5363687949458846,0.6205122214988478,-4.701752103704285,1
52.0,63.0,True,0.2585878971328678,0.1913174576834374,0.6248954832656375,0.5678111529287098,-2.2540742393321977,3
52.0,64.0,True,0.3381843107442354,0.2178077809819249,1.0170483013908145,0.9615180933975892,0.2953494548815197,3
52.0,65.0,True,0.3350427232828341,0.1655806056866271,0.6397591279614155,0.051428328287395,0.7187389449767086,3
52.0,66.0,True,0.3891031400475191,0.1604645588174636,0.9722056403413678,1.1032437758135762,1.775255420432506,3
52.0,67.0,True,0.684313874482684,0.2406094932063549,1.17103947349014,0.2216166385183133,11.275428227408364,2
52.0,68.0,True,0.6246698940825984,0.2356248146236648,1.3046590809282967,1.1292629189239318,9.090548984000826,2
52.0,69.0,True,0.6212220467513868,0.1918266618327485,1.0163994821220297,0.2787626847121935,9.229761752680362,2
52.0,70.0,True,0.7204690494349578,0.2280997666200331,1.345289000669927,0.526632475844262,12.029588364903072,2
52.0,71.0,True,0.8082741139645051,0.1595629504105266,1.081456688045961,-0.3051219047779775,14.873360321527498,2
52.0,72.0,True,0.7434556567180175,0.3246763544245349,1.3258914183051025,-0.1783901633784608,13.62043068098345,2
52.0,73.0,True,0.6219043029257749,0.1702797274596442,0.917379080139451,-0.16191803452031,9.01225219192882,2
52.0,74.0,True,0.513386700526556,0.177771854279233,0.8438500863619138,-0.3762346271237208,6.223909681766685,3
52.0,75.0,True,0.6729997026896904,0.2345518563757792,1.147367264594112,-0.4308374053306783,10.96589395296665,2
52.0,76.0,True,0.4883486448139152,0.2291256150431473,0.8958399771425123,-0.0463764421158769,5.226200972987313,2
52.0,77.0,True,0.3305428429961725,0.1696736189742506,0.745623083302712,0.5247596918074687,0.0560105260650861,3
52.0,78.0,True,0.3470971035601456,0.2098016385592857,0.8998109247032762,0.6410723443815,0.3423189559630075,3
52.0,79.0,True,0.4518858770045338,0.2710322964347992,0.9761227440394342,0.316859441939009,3.766983841645618,2
52.0,80.0,True,0.2697544505324784,0.14087071537375,0.5118046513432907,0.0658143425400083,-1.5597087156696376,1
52.0,81.0,True,0.3556890471496727,0.1724012024095737,1.00677699840164,1.431646095807692,0.7545863929438149,3
52.0,82.0,True,0.2073502597274235,0.0929245954269575,0.4216866298852322,0.2895978707741332,-3.371956626633356,1
52.0,83.0,True,0.3314648691167842,0.135087337506122,0.5219081716776994,-0.9057196719722456,0.3151444549026748,1
52.0,84.0,True,0.2368619573891284,0.1061879767091115,0.4329147211661144,0.0968607344189688,-2.6987110049557064,1
52.0,85.0,True,0.3044971561573908,0.183116679962698,0.7526158305541705,1.0604537313327886,-0.5296918310009657,3
52.0,86.0,True,0.4729238170307263,0.1642631049675702,0.8327533812051988,0.3145985233286262,4.700299726044045,3
52.0,87.0,True,0.5428042730688363,0.191782854228134,0.8977399552807513,0.1865191024865465,7.036529671824243,2
52.0,88.0,True,0.5420889654164693,0.1613658317814428,0.8441825290805326,-0.2764359803536241,6.939667994746161,2
52.0,89.0,True,0.2384373641216666,0.1360547066118793,0.4878135873354692,0.1641018947403371,-2.3729269619364386,1
52.0,90.0,True,0.6773795613862423,0.1991909210630716,1.098709787939019,0.4961292554495679,11.059179838937252,2
52.0,91.0,True,0.8597225459445548,0.296907660503415,1.5,0.6769829193154181,16.082041122714116,2
52.0,92.0,True,0.9461666760936666,0.3874216925912372,1.5,0.1673047231547563,18.875814233792113,2
52.0,93.0,True,0.5907936074491853,0.2962722435733825,1.3816553926857422,0.0337703198391269,8.051499413050491,2
52.0,94.0,True,0.5272707710481529,0.2230489157479495,1.2535627916591812,1.002300559350814,6.2065283727037635,2
52.0,95.0,True,0.4324199017216841,0.1547085419590337,0.8099744259485078,0.2203388083779127,3.195597111126168,3
52.0,96.0,True,0.4057623854395193,0.2414031260001057,1.1562065240470498,1.3063308014825,2.2532349185902927,2
52.0,97.0,True,0.4044807650942112,0.1602011645123965,0.7725372550281226,0.3809448070314182,2.2289662672135178,3
52.0,98.0,True,0.291593524024424,0.175912307341449,0.7656751794596696,1.0947903557650909,-0.7468563771080504,3
52.0,99.0,True,0.3319875817068439,0.2330372890342577,0.9517461323441814,1.1047331151923172,0.2033876162872231,3
52.0,100.0,True,0.0367114470783615,0.0487621046226515,0.1808525527089099,1.7355181115689011,-8.742528763585105,1
53.0,1.0,False,,,,,,0
53.0,2.0,True,0.1911074341884318,0.0871599924071881,0.4132032506836312,0.0463164874831335,-4.132087984905715,1
53.0,3.0,True,0.3441410859110529,0.1554994678958491,0.6179523082784845,-0.2601274665379918,0.4659433704764601,3
53.0,4.0,True,0.3510511404695819,0.1716897174438913,0.6421748132760392,-0.1396997528366672,0.689677875270125,3
53.0,5.0,True,0.2185322271104705,0.0670271130028712,0.3724093916092124,0.5693082137997867,-3.140507078550838,1
53.0,6.0,True,0.3044178252919036,0.1902363383612559,1.0502316239974971,1.522665277706465,-0.7824224345003415,3
53.0,7.0,True,0.3418453639447352,0.2934696049730421,1.0941142416557292,1.1074783624106703,0.4469544789275177,3
53.0,8.0,True,0.5085608832138283,0.2704124935563733,1.161645145642828,0.3664558854325022,5.393830241974272,2
53.0,9.0,True,0.3069890779661607,0.1286898849892923,0.5339931859049544,-0.1223811075430633,-0.5570118919038108,1
53.0,10.0,True,0.5175764597557184,0.1713005266377772,0.827305476918659,-0.4194487078378306,6.109613949049543,3
53.0,11.0,True,0.2542966046801208,0.1125076532544363,0.5469528125102122,0.293789202853591,-2.359139201689271,1
53.0,12.0,True,0.2618939636003383,0.1379309600708396,0.4631333248737424,-0.1847872550604742,-1.6087955803897305,1
53.0,13.0,True,0.2377546137826926,0.2271568813816325,0.795972242449847,1.2264339010490155,-2.345801112166867,3
53.0,14.0,True,0.3353072048854558,0.1167676049562029,0.5633115801995485,-0.6419866250576862,0.5093849924507757,1
53.0,15.0,True,0.357520056401243,0.1959259307818806,0.7444862502378239,0.5050121100308248,1.1440796224942946,3
53.0,16.0,True,0.2306031604388967,0.1250053028318762,0.5092619005628807,0.2563410775510194,-2.730668953388565,1
53.0,17.0,True,0.1626846189975898,0.0905828087655267,0.3492438570092816,0.0922528944329046,-4.810724377897306,1
53.0,18.0,True,0.3859171778152621,0.2531680974210855,1.2237824763968508,1.6894351949742206,1.1384558126594826,2
53.0,19.0,True,0.2764671950578153,0.2121760291764758,0.7309380009765584,0.4348285742363117,-1.350925675338447,3
53.0,20.0,True,0.2867193486732273,0.1913778169593766,0.7025561218734258,0.5073141160833741,-1.0794668700517445,3
53.0,21.0,True,0.2915314515743089,0.2252518324544473,0.8771908733495992,1.3489133623345402,-1.2615836313735134,3
53.0,22.0,True,0.2375239299339033,0.1948879740277144,0.8732394547837106,1.208314783733742,-3.0174865230568715,3
53.0,23.0,True,0.2708899259025798,0.1049088329777568,0.45144410002199,-0.0491973465125637,-1.4662180290921836,1
53.0,24.0,True,0.3815667942590336,0.2470257713066649,1.208491611225394,0.7756012167736885,1.4938691479731316,2
53.0,25.0,True,0.3054314176012077,0.2251284509374548,0.7714837205480796,0.3695389391793627,-0.2031370648449815,3
53.0,26.0,True,0.3114970008432411,0.1086277371598668,0.5422172522388653,-0.0972916319375279,-0.2819008044242619,1
53.0,27.0,True,0.2741095030903915,0.1518054553527537,0.5919667705597739,0.1031032940879305,-1.53212020648773,1
53.0,28.0,True,0.477055120686268,0.1883654382367343,0.8114519058331041,0.0416621937869422,4.898302687643492,3
53.0,29.0,True,0.4910809653008117,0.2766464444426924,1.1735725564320705,0.8281552844125626,5.696742042702206,2
53.0,30.0,True,0.4463498168984102,0.2266609074394445,1.076451149584538,0.6787698596235352,3.7007120627098216,2
53.0,31.0,True,0.4172479789936617,0.2288978771182473,0.8573008893846256,-0.1994466074450304,2.6181999887632537,3
53.0,32.0,True,0.4586470236834085,0.2616974784212557,0.9191934425532609,0.0527800534906626,3.733439686590896,2
53.0,33.0,True,0.577457735176424,0.2091063842477741,1.0280840251616954,-0.0194496516388852,7.964194953171428,2
53.0,34.0,True,0.3679919953587086,0.2112584522980607,0.8926421742075259,0.7423878883489479,1.4901806346053663,3
53.0,35.0,True,0.4128027226370711,0.2176975612520449,0.9241653361226574,0.2060902952665308,2.7757571229753513,3
53.0,36.0,True,0.3383950800706515,0.2854069139309516,1.0217098476813604,0.7338359059573832,0.4847693447094325,3
53.0,37.0,True,0.2980210934572969,0.182027948437235,0.6620245322933076,-0.0233365559661963,-0.7016109254964719,3
53.0,38.0,True,0.298057487993112,0.1864673376875935,0.7038876431946584,0.5302397602886657,-0.9791662266481972,3
53.0,39.0,True,0.2013100149956234,0.105962096421439,0.419781154411471,0.1370517835721388,-3.743448053318355,1
53.0,40.0,True,0.3162823505301359,0.1079330340992791,0.4991296326359169,-0.2989093653104043,-0.2553048847159717,1
53.0,41.0,True,0.2136498000362377,0.1604373290089761,0.6053546750286367,0.5889734562445589,-3.2772282996666116,1
53.0,42.0,True,0.2803267603207129,0.1488224953080579,0.661597051016334,0.2383343467606994,-1.3816349121466214,1
53.0,43.0,True,0.3227388694607831,0.2532875122340851,1.0408382595039962,1.4817441845709547,-0.4348698645844317,3
53.0,44.0,True,0.3342830483967864,0.1992371089823772,0.7513990939995383,0.1181865032509066,0.3931808119351678,3
53.0,45.0,True,0.4562501143205905,0.2438170540547739,1.05730743826045,0.6518766692098622,4.5898834675428075,2
53.0,46.0,True,0.3695623662537523,0.2245764640638874,0.8854212538030286,0.597390611259686,1.6244995291874993,3
53.0,47.0,True,0.3920393632232884,0.2752667221577645,1.2493928714370917,1.0542050215049206,1.8062640191184625,2
53.0,48.0,True,0.3323492656868441,0.1901874116950311,0.7935993245193781,0.7124851429682152,0.3984367024696644,3
53.0,49.0,True,0.4236882712821644,0.1512816528239983,0.7227944240081479,0.271150637382313,3.0305599663437723,3
53.0,50.0,True,0.377822541479609,0.2379803582532225,1.141122783615215,1.0225322533541783,1.26897708215263,3
53.0,51.0,True,0.4857152607343382,0.2473082825699332,1.2293126183842191,0.7163895947930995,4.873596693168037,2
53.0,52.0,True,0.3963366993054488,0.1946965801463039,0.7910087094965341,0.169248341327095,2.4531778094776167,3
53.0,53.0,True,0.377298864937207,0.1599647055240442,0.6346255939534415,-0.1294699109335087,1.8068817520505145,3
53.0,54.0,True,0.4310020889115908,0.1798884965498453,0.7010582789619911,-0.2261735141508839,3.721725330849345,3
53.0,55.0,True,0.255550269088638,0.1480779416561009,0.5962649571969177,0.1573214437773559,-2.0307997460515352,1
53.0,56.0,True,0.3606860372174589,0.1660726307415403,0.6290082484965865,-0.2328331970212943,1.0466758103378888,3
53.0,57.0,True,0.4011861690976623,0.1538081204256454,0.6722150839425819,-0.0607672021808547,2.5183432033097897,3
53.0,58.0,True,0.0925774036297969,0.1090612820972022,0.3667837179300771,1.2823930221203184,-7.041080864464613,1
53.0,59.0,True,0.279654348183261,0.1750978897286109,0.5957983381814964,0.3555527645729095,-1.1269100958884843,3
53.0,60.0,True,0.2556382723880056,0.1284099782285234,0.5513318572067122,0.2253232352373136,-2.0350789953270843,1
53.0,61.0,True,0.3809619859523941,0.2821982301422153,1.1452646949175307,1.38852618995004,1.5972981755034743,2
53.0,62.0,True,0.2488283200298127,0.2274907847474482,0.8037826815229365,0.968539126132977,-2.484818447129511,3
53.0,63.0,True,0.2236130417205553,0.1715894722887783,0.6452438096858738,0.9223138547532722,-3.236239974508074,1
53.0,64.0,True,0.3074824210683632,0.1353832762770151,0.6050792720658164,0.4840134702093505,-0.4053169545988013,1
53.0,65.0,True,0.3259129626459951,0.146315116195125,0.558129175664514,-0.563933924834666,0.2618019996846707,3
53.0,66.0,True,0.4047605162845603,0.1137415731426784,0.6688576191552155,0.9205500286097524,2.582983966907616,3
53.0,67.0,True,0.343897406979423,0.1714916473608555,0.7710910018601365,0.7112285958593461,0.4195756160013592,3
53.0,68.0,True,0.5013842302720155,0.2414866730952531,1.011180129861307,-0.2125378087283291,5.072732107431309,2
53.0,69.0,True,0.4036905986768252,0.1506120129856065,0.7287071952096039,0.2002310573913636,2.587528979566634,3
53.0,70.0,True,0.570656828943156,0.2605754824203006,1.0822908427104478,0.2980386246966887,7.773567904746431,2
53.0,71.0,True,0.6416772256428421,0.2155418384219183,1.057124205203204,0.0713953605721596,9.591954046899753,2
53.0,72.0,True,0.5463936084287149,0.1432983111123757,0.8034641322376572,0.0113439982609883,6.867896468711209,3
53.0,73.0,True,0.5282324609527039,0.2540927516419304,1.2045347895023233,0.6637532559350481,6.416211887309564,2
53.0,74.0,True,0.5204033500201222,0.1620507799978524,0.8626403688526871,0.5296406552367929,5.917992374736605,3
53.0,75.0,True,0.3313236996125148,0.2120384882446936,0.7972124864191537,0.3566979796178301,0.4379317363535513,3
53.0,76.0,True,0.4186030603660777,0.2177721833926482,1.0730332360437196,0.6428188381019104,2.660364929002424,3
53.0,77.0,True,0.4115788153588611,0.1650456703178746,0.6887836243329231,-0.4825653357683206,3.0155649500624766,3
53.0,78.0,True,0.4577466983385382,0.2769495456065036,1.0475340934012258,0.2699141106603446,3.585090925176411,2
53.0,79.0,True,0.3765870998162823,0.1598592605501495,0.7408772612986617,0.4710281771928389,1.5006154058667978,3
53.0,80.0,True,0.5017230568059889,0.2788614162452973,1.1829648811351916,0.7349236498808162,4.786270625531712,2
53.0,81.0,True,0.3645390888201253,0.1927544589720811,0.7241973717133301,0.2544012081908272,1.13252789251612,3
53.0,82.0,True,0.2570432695300588,0.2416440007175039,0.7730586196695216,0.6027628535018452,-1.993184647161614,3
53.0,83.0,True,0.2111201777408206,0.136547391394596,0.5188847908595048,0.4095767473989021,-3.2988878904512333,1
53.0,84.0,True,0.318641038251057,0.1283192082477306,0.5645352510395097,-0.3207133117318579,-0.2506788727369522,1
53.0,85.0,True,0.4085716604619288,0.2150674226209672,0.8187577110221181,0.2678535236506785,2.520549536729405,3
53.0,86.0,True,0.3766783019139222,0.2011615752507028,0.7212075737420515,-0.1871029401397401,1.9127530537821305,3
53.0,87.0,True,0.3303059455266171,0.1477939260688063,0.6444271784267984,0.4623405110587467,-0.0678427449559736,3
53.0,88.0,True,0.5085947654142023,0.2308351467461841,0.9927955315475012,0.1655745926543399,5.549420303053607,2
53.0,89.0,True,0.6674804212818976,0.2607549510485357,1.3264606979854907,0.7873821726093952,10.647603191525375,2
53.0,90.0,True,0.7429754607171027,0.2809410471331104,1.1832636309412508,-0.4098364623560742,13.18626469066006,2
53.0,91.0,True,0.8897362265006881,0.3475310432742705,1.5,0.1063166415256767,18.199320508510144,2
53.0,92.0,True,0.7618308763949432,0.1464309973097489,0.9813114323961316,-1.6481491523686969,13.78150283819986,2
53.0,93.0,True,0.5744891676645313,0.162902318268288,0.9716069520527842,0.0522540411118574,7.566115815428286,2
53.0,94.0,True,0.5903849150302698,0.217319209936071,1.0645358011970123,0.0743638854473022,8.132723296520016,2
53.0,95.0,True,0.4663517651030728,0.145012703456127,0.7929282432417852,0.1713284300274752,4.420591626348432,3
53.0,96.0,True,0.481768921079275,0.2738180584998044,1.271043607012584,0.3658739791667401,4.681723772543504,2
53.0,97.0,True,0.35086975954629,0.1028313366495101,0.6070592988949531,0.6696693081304926,0.9493044939191096,1
53.0,98.0,True,0.2783642487358742,0.1196696763328465,0.4931393726681658,-0.0926382927308966,-1.163275783421588,1
53.0,99.0,True,0.3554871855822453,0.1683763280326408,0.6712910243396679,-0.1400024837585518,1.0046971612023636,3
53.0,100.0,True,0.09341172183143,0.0606906540139646,0.1997109077186487,0.0512385815867959,-6.904808454558704,1
54.0,1.0,False,,,,,,0
54.0,2.0,True,0.1195464191009848,0.097912735369752,0.2859033674205879,0.1875853745821433,-6.2041255358097995,1
54.0,3.0,True,0.3720057020676766,0.1881791104472659,0.7329935089637964,-0.2832187286833235,1.5978623925017534,3
54.0,4.0,True,0.2253236937037391,0.1586997427997719,0.5691556782422894,0.4637843238438141,-3.091402551998148,1
54.0,5.0,True,0.1723057429554451,0.1098423175246747,0.4061023260408135,0.2110897496637431,-4.617780742337908,1
54.0,6.0,True,0.2132472147976898,0.1505084905957337,0.5930372035555318,1.313279501407457,-3.2006639639695376,1
54.0,7.0,True,0.4343442973589327,0.1508332170678779,0.6836840345760831,-0.1878852142423565,3.4257128584201997,3
54.0,8.0,True,0.3035173162813172,0.1604718705757153,0.6344491806809509,0.0579373488029473,-0.4673192560410374,3
54.0,9.0,True,0.3009533293439249,0.2023456737547844,0.6288556342433332,0.3270229661770755,-0.9411512746045898,3
54.0,10.0,True,0.411691843563198,0.1818009219963779,0.7601406116984172,0.1633203333368945,3.051176460285302,3
54.0,11.0,True,0.4241784122848261,0.2069680204343119,0.8417581830582765,0.2707264749120741,3.153832288137014,3
54.0,12.0,True,0.4209208093164645,0.2323225981300496,0.8765172684567845,-0.0052601269940295,3.2930921891747813,3
54.0,13.0,True,0.3056848593694863,0.1075947293325627,0.581409475377019,0.3177653893115676,-0.5692791243608393,1
54.0,14.0,True,0.2733968649697281,0.1145073175769763,0.4341960225273981,-0.8649613541627478,-1.4237249685268607,1
54.0,15.0,True,0.3034667189806125,0.117734933004527,0.5670764049882908,-0.0503460298429042,-0.4645357999833967,1
54.0,16.0,True,0.3280237460480808,0.1471250123987014,0.6915809042830061,0.486974699528155,0.3698264325917046,3
54.0,17.0,True,0.2067066999356084,0.1009422500636662,0.4129268309711527,0.2742030657787199,-3.726903572930568,1
54.0,18.0,True,0.2888008668099497,0.1535889979716926,0.5633237516599602,0.0951948651754616,-0.8923122723728777,1
54.0,19.0,True,0.2764836772520858,0.176042002292151,0.6108894795713767,-0.2375106731910431,-1.4427287447639912,3
54.0,20.0,True,0.2452732719143862,0.1193784341725692,0.4916046161456636,0.0579677168410142,-2.1991371839704392,1
54.0,21.0,True,0.326122915854224,0.2030786339195446,0.7780871682492094,0.5590779635466907,0.3124657232773707,3
54.0,22.0,True,0.2854333542721591,0.1263603293717144,0.5759664586197013,0.3688886747343494,-1.1342276622978542,1
54.0,23.0,True,0.2541738592092603,0.133743926786976,0.5448809658106722,0.4170330839468282,-2.0956154419142785,1
54.0,24.0,True,0.3617905000188827,0.2296453169004878,0.9920145338944916,1.4521269413250557,1.43760499463849,3
54.0,25.0,True,0.3508718040944211,0.2580597034454011,1.0225578747812676,0.6447489642101644,0.2520336320716691,3
54.0,26.0,True,0.4161140542096597,0.1821992772696411,0.730105464397293,-0.1325731433408793,3.085328837801123,3
54.0,27.0,True,0.2553947437123103,0.2398657158156927,0.9037337519542448,1.2922408030721635,-1.859529122464387,3
54.0,28.0,True,0.3126407988700876,0.1651963721435362,0.5842028331694658,-0.2178077763206702,-0.250479052208273,3
54.0,29.0,True,0.588081595777636,0.2656487356945718,1.0765797815288858,0.0284276754135018,8.208589868441562,2
54.0,30.0,True,0.5580114676486381,0.2289099216685703,1.3150327066224403,0.94522784559716,7.037460608961004,2
54.0,31.0,True,0.6246402011955507,0.263146438939519,1.143084422677131,-0.1013927283948082,9.643633744038883,2
54.0,32.0,True,0.5604064973947064,0.284553476648464,1.023421661696547,0.0832780744822586,7.30064996891117,2
54.0,33.0,True,0.3602466571436288,0.1715460636803164,0.6928284382564356,0.1270780914035371,1.3277481647990776,3
54.0,34.0,True,0.6283977171456857,0.2415819302095515,1.1370458028748442,0.3581117212347345,9.287293757945877,2
54.0,35.0,True,0.4574695923921922,0.1503525686265057,0.6826931808482842,-0.6698561796463867,4.054745005991844,3
54.0,36.0,True,0.4231780442414092,0.2273073698999031,0.8828289781800364,-0.1434856456410282,3.155680339685071,3
54.0,37.0,True,0.204523378906213,0.1913540723771873,0.6988372643807214,1.1802875414820662,-3.5648063343897896,1
54.0,38.0,True,0.1960826329246521,0.1393168222215421,0.500803293020068,0.4199174278858779,-3.978124787794182,1
54.0,39.0,True,0.3360863409773594,0.2007502111355571,0.8000237048107627,0.513914321582085,0.5763626814708818,3
54.0,40.0,True,0.2473951444821248,0.1365743809447142,0.5325587435016119,0.0432592611558282,-2.155268817856655,1
54.0,41.0,True,0.3919128943658627,0.1789914851524894,0.6904005330803291,0.1176746009276821,2.5830945925474325,3
54.0,42.0,True,0.3152341803470231,0.1382052627296245,0.6424886622249638,0.906820995135282,-0.1226513263351584,3
54.0,43.0,True,0.3703431055614649,0.1060390846588933,0.656528418861704,0.7642210403884323,1.427244750660043,3
54.0,44.0,True,0.385264268453964,0.3013091862642129,1.5,1.9182433154688328,1.534718284049891,2
54.0,45.0,True,0.3394608701328739,0.1618094799097602,0.6470309475643838,0.2990405770235811,0.9155564212666236,3
54.0,46.0,True,0.3813156852429559,0.2066554375325334,0.7333122349837974,-0.144426103700451,1.8379717030323743,3
54.0,47.0,True,0.3092011104656678,0.1413891429539655,0.5541004839667789,0.0086053711732696,-0.2651441600807394,1
54.0,48.0,True,0.4339705475528079,0.2133553950852434,0.8492175410357908,0.0559043797033497,3.515067544321155,3
54.0,49.0,True,0.3790791709089239,0.172752411832166,0.8154255548963484,0.7508938599120334,1.9881814092900376,3
54.0,50.0,True,0.4147670629724644,0.1698235277905957,0.796480376505053,0.2634105421330837,2.568310724182181,3
54.0,51.0,True,0.4136476880065929,0.1476595576855553,0.7990065692557646,0.4663050245754485,2.98241836205477,3
54.0,52.0,True,0.276314326588618,0.2174111336970489,0.8984132738370486,1.59482338161006,-1.3699727709005185,3
54.0,53.0,True,0.4282054949968116,0.1853039310841956,0.9275887944880578,0.4692181587910248,3.053191742287874,3
54.0,54.0,True,0.4167669165589396,0.1639302449295651,0.6765481920134393,-0.575201845291045,3.016299615383211,3
54.0,55.0,True,0.3269104372747813,0.2046748675421842,0.889781199341681,0.8591563326409287,-0.2192661212152484,3
54.0,56.0,True,0.2931878343162233,0.1273313674658821,0.6876729653288377,0.9473243940925496,-1.11379160710694,1
54.0,57.0,True,0.2327913670546478,0.1200095857022762,0.4411771841712392,0.105722957160723,-2.823030256584454,1
54.0,58.0,True,0.3490861112741174,0.116048498938804,0.5042905941452828,-0.6727090366566151,0.938250892664663,1
54.0,59.0,True,0.424061543893949,0.1392997908340809,0.6638335081782047,-0.0559927010236152,3.1594463194393514,3
54.0,60.0,True,0.3027617051130575,0.2072097915367798,0.7911005738392689,0.4751784482287096,-0.8891811769428339,3
54.0,61.0,True,0.2792323446836933,0.2848092103959171,1.1039636801265575,1.59183999405803,-1.539119738560475,3
54.0,62.0,True,0.2451257582676203,0.1874967426658375,0.5779814983914211,0.387088289331092,-2.483226167312523,1
54.0,63.0,True,0.2255856846853063,0.1317600385202958,0.3864640023558917,-0.6446353718490333,-3.010526283794154,1
54.0,64.0,True,0.2913027306559876,0.1733138001535979,0.6461873719537677,0.2699788899861037,-1.1894355993296293,3
54.0,65.0,True,0.3076434543478064,0.2581441788109263,0.9097496362838148,0.9489650873907902,-0.924679733470076,3
54.0,66.0,True,0.3404331136537065,0.1217613101930306,0.5388709716804434,-0.1534159913478772,0.5048681377732723,1
54.0,67.0,True,0.3724940942160178,0.1498795798707137,0.6375787927780809,-0.0567128446627682,1.733225091876984,3
54.0,68.0,True,0.4309191165762158,0.1634044138151691,0.7429685834308196,-0.325209272526605,3.2004607041082425,3
54.0,69.0,True,0.5231253354742463,0.222355176133811,0.955221104383332,-0.3550815717910139,5.861394490865126,2
54.0,70.0,True,0.5940307892991346,0.366777393588167,1.4216601867483416,0.9410615325963216,8.921001043071124,2
54.0,71.0,True,0.6555457302470904,0.1987949192418516,1.045305153187888,-0.4880479591373387,10.607812881577743,2
54.0,72.0,True,0.6511276097985992,0.2284211937998203,1.1364877030514264,0.2770008240326415,10.202611137098916,2
54.0,73.0,True,0.6001770077072931,0.1917282853124845,1.2035517302627905,0.9915736740894812,8.314337424619902,2
54.0,74.0,True,0.635960922084286,0.3181838425687491,1.5,0.8312291591110775,9.659230638267845,2
54.0,75.0,True,0.3993026587954455,0.2447481228487721,1.01221715717296,0.7866408942991993,2.132652563352292,3
54.0,76.0,True,0.4450588773065598,0.1684938614782228,0.7757309193844006,0.3275959859952306,3.976569840226085,3
54.0,77.0,True,0.3152138832050643,0.1645521784168022,0.6934911254846885,0.470946547393891,-0.436586766960004,3
54.0,78.0,True,0.35044788796117,0.2547373454661936,1.030408137708736,1.0877440885608571,0.9460838417566372,3
54.0,79.0,True,0.229209612761528,0.1670321340564799,0.6227033341698639,0.5680440154553614,-2.7275416712253433,1
54.0,80.0,True,0.3115929590201912,0.1368584430936522,0.5343363582490471,-0.1418368756406451,-0.2834820228659186,1
54.0,81.0,True,0.2723110875340174,0.1675248358400553,0.6807281706494155,0.8001907539620737,-1.516844254827581,3
54.0,82.0,True,0.2594973301454176,0.1500150514839589,0.6078354282083783,0.3658148626813912,-2.1454258101472923,1
54.0,83.0,True,0.3582871215158107,0.1649345341357797,0.5773272245084403,-0.3559594861523401,1.056696015035841,3
54.0,84.0,True,0.3416806462397321,0.2540988050844214,0.8790892399195608,0.5246435746197139,0.6875591207434938,3
54.0,85.0,True,0.5166360723886224,0.1648962818891432,0.8754332960940244,-0.6702802999055267,6.247286287160068,3
54.0,86.0,True,0.4299054508227763,0.249900103861009,0.880673575611595,0.3332877708999311,3.1422664676428504,3
54.0,87.0,True,0.5409645592572027,0.2548334261736002,1.139675497146184,0.2770166084479479,6.488902023889067,2
54.0,88.0,True,0.5855989514619304,0.1376941618715169,0.7757873725294184,-0.3363706163990724,8.247021930130577,2
54.0,89.0,True,0.8291808677231386,0.3165819799687614,1.409336468357118,-0.0562632140411013,15.283435617934083,2
54.0,90.0,True,0.7419206698980293,0.3003162693804329,1.2699923010406662,-0.3818755598107223,12.4023640931279,2
54.0,91.0,True,0.8197552091076349,0.2072935859936868,1.315692979459793,0.4511054892079312,15.517971627646997,2
54.0,92.0,True,0.9855487567493536,0.2728694616234766,1.5,0.3547179508533629,20.046598088442025,2
54.0,93.0,True,0.6863622479624979,0.1848745811831745,1.141475426713921,0.7643399508149263,11.432362961335246,2
54.0,94.0,True,0.5572766859747628,0.2881560156968425,1.0436039113956863,0.0553833524977698,7.122513902127763,2
54.0,95.0,True,0.4972958723455556,0.2334185411468618,0.8946436671510412,0.1990840554290479,5.665683797146531,2
54.0,96.0,True,0.5183775005212278,0.2310339113845766,0.9562413542943062,-0.3710147844450718,6.285032677214969,2
54.0,97.0,True,0.3895108836641258,0.2313401180030009,0.8588962955790133,0.1862937040254841,2.0765030584596857,3
54.0,98.0,True,0.3410322420312733,0.1902006411282821,0.7487220734276732,0.1812188903944098,0.9013037378446496,3
54.0,99.0,True,0.3435309688049849,0.2534443861885993,0.9609745125572072,0.4094338692519116,0.0271889867956707,3
54.0,100.0,True,0.1869724546684095,0.1177080141549982,0.3948348251442215,0.3342450805950397,-4.064779302580498,1
55.0,1.0,False,,,,,,0
55.0,2.0,True,0.0969078687234828,0.1291556337804708,0.4658228057348156,1.663559477673601,-6.820523242049354,1
55.0,3.0,True,0.298030574438013,0.1610321796186623,0.6133858518020737,-0.0142397519426073,-0.521007976764917,3
55.0,4.0,True,0.3190690027154497,0.1642215589903249,0.6869847370016123,0.1116147359170372,-0.0671342951970219,3
55.0,5.0,True,0.3803300052125549,0.2371914056906221,1.2240130576867407,1.543977991268492,1.2145521315697088,3
55.0,6.0,True,0.3139022014713935,0.0839519013612496,0.4580646928945501,-0.5322208496140384,-0.2373536741288374,1
55.0,7.0,True,0.3247480084541692,0.1665749825336396,0.7192437198284323,0.5046469191374702,0.1725215584606622,3
55.0,8.0,True,0.3307402382514819,0.1524426273536669,0.6300226097045898,0.0735985767967144,0.3901711111596065,3
55.0,9.0,True,0.4442748045708253,0.2534259629229353,1.0248290978778434,0.5610882899714775,4.045908036562572,2
55.0,10.0,True,0.2077860470373266,0.1182611565743578,0.4119048232425136,0.2771767112441725,-3.3680361942431487,1
55.0,11.0,True,0.367510855388725,0.1393750450707041,0.6261149146094724,-0.0514585297567701,1.3540203166487683,3
55.0,12.0,True,0.3191982102714981,0.1943242949957414,0.6567449132968851,0.1765612324888851,0.3094435424230877,3
55.0,13.0,True,0.2569016503226686,0.1659817151289295,0.6559610551315971,1.037217677637685,-2.1967735372249484,1
55.0,14.0,True,0.2972720913043514,0.2118036190735751,0.7997142574595649,0.8383212906089389,-0.5136871667950266,3
55.0,15.0,True,0.2815151399767239,0.1587169558537743,0.6747331281691346,1.0094973316325129,-1.2777426947560486,3
55.0,16.0,True,0.3162024244839258,0.1339734501677001,0.5039174336546174,-0.3042086123846383,-0.1962306364802897,1
55.0,17.0,True,0.1734659530152282,0.1080367230626388,0.4319218194670536,0.540035021297735,-4.74698383354414,1
55.0,18.0,True,0.196960562767003,0.1643043113786126,0.5019786340844414,0.5425962024720521,-3.760662843796254,1
55.0,19.0,True,0.1824045953231222,0.0897921917761702,0.4163858760118598,0.4552310602656656,-4.465292667790615,1
55.0,20.0,True,0.2022228960497544,0.1303681711240958,0.5145064267243155,0.5315301974707487,-3.7700443525581546,1
55.0,21.0,True,0.310432340845973,0.2234702821550281,0.8882832643751991,1.1761309070087915,-0.505676603441755,3
55.0,22.0,True,0.2571359191442368,0.1478728578288629,0.5699330464895255,0.1791914917990157,-2.121522762012136,1
55.0,23.0,True,0.5002377310823418,0.1905442558186653,0.8210848244304888,-0.4359251196048541,5.404014988131897,3
55.0,24.0,True,0.2932962245748993,0.1858165934952215,0.682838169493942,0.0548734973611911,-0.6279562064073037,3
55.0,25.0,True,0.3348554108089517,0.2014666157272016,0.6955277626797043,0.1652361275219643,0.7976180086647773,3
55.0,26.0,True,0.354814113643061,0.2014762600825686,0.8124858207570196,0.3474221970471292,1.3284835291748212,3
55.0,27.0,True,0.4105438314818005,0.3317133194561963,1.3594860426987712,1.0004644832629543,2.2183728686558597,2
55.0,28.0,True,0.4771561858079547,0.1771092527168845,0.8868921064674395,0.4057419572712162,4.511532133862407,3
55.0,29.0,True,0.4947394571389029,0.2642947479330761,1.115923619788311,0.9634009595132452,5.141012198194129,2
55.0,30.0,True,0.4760035405186879,0.1899268454600812,1.0506326365170469,0.5157372975053961,4.531020289891646,2
55.0,31.0,True,0.59124659605648,0.1824447374935056,0.964827292436192,-0.7247526902348222,8.04338403670432,2
55.0,32.0,True,0.5426269388564507,0.3307382116744288,1.0676797454062328,0.0371504962599425,7.226095291721422,2
55.0,33.0,True,0.4352784873671474,0.201741065060829,0.7523851130947424,-0.2210689389168081,3.856967031982333,3
55.0,34.0,True,0.3719202429571906,0.1720176783942769,0.6445247701691339,-0.4839858287785977,1.6231949123903808,3
55.0,35.0,True,0.2754141250499599,0.1856734236833084,0.7248769528956961,0.7768679623304208,-1.3661319608718443,3
55.0,36.0,True,0.4186250829730411,0.1896265632958003,0.6887223546745286,-0.4836239676918268,3.238114850418561,3
55.0,37.0,True,0.3074932684785143,0.1754102533935435,0.6872634149664113,0.4108354571823998,-0.5067493074064999,3
55.0,38.0,True,0.2890076459931824,0.1580146801757866,0.7054952814459344,0.7081684970807078,-0.8912785293248314,3
55.0,39.0,True,0.304933093950203,0.1430577539971905,0.5452355098926196,-0.6863405615193434,-0.2783866859282871,1
55.0,40.0,True,0.2785151130265644,0.1742795563653623,0.5569993283048235,-0.1665989591194652,-1.1187243447669917,3
55.0,41.0,True,0.2394066374224703,0.1226839178316548,0.5168631489524129,0.6946795451339952,-2.8661034977895152,1
55.0,42.0,True,0.22163679190935,0.1050010042708439,0.5113575929735138,0.7045979301879736,-3.133079016493012,1
55.0,43.0,True,0.375813030001925,0.2784340401231348,1.0086992680632685,0.6297977781710745,1.3315875659427074,3
55.0,44.0,True,0.2579946394114921,0.1271105906702712,0.6271614919200675,0.3368995384266454,-2.094061468344182,1
55.0,45.0,True,0.3980121831963075,0.2159247634541681,1.0245374041176576,0.7335873486126171,1.802724104418,3
55.0,46.0,True,0.4709213429235195,0.2606791815554066,1.0374773369494856,0.00579550780928,4.6822589368155105,2
55.0,47.0,True,0.4036509219534119,0.1894522234113994,0.7071731661120106,-0.1534748324075265,2.7363186851496493,3
55.0,48.0,True,0.4830994280867896,0.2116701972512368,0.9220225346068122,0.1111421978228851,4.9926421342875535,2
55.0,49.0,True,0.3960590203070143,0.1532944820129234,0.7007979368574488,-0.1129043654077599,2.426257033619614,3
55.0,50.0,True,0.3887384795383423,0.1640979810896374,0.672619767020619,-0.4064421005864452,2.052101619243813,3
55.0,51.0,True,0.3452014337903052,0.2334511638361455,1.136840016649011,1.0618523478949893,0.4947988784249944,3
55.0,52.0,True,0.4290819168322145,0.160032504082977,0.6802818784590315,-0.2329737751791426,3.065599681268474,3
55.0,53.0,True,0.4646098283752891,0.2416212218449752,1.0153653371598317,0.8371240183436695,4.403408442663208,2
55.0,54.0,True,0.361269441541324,0.1795252734689078,0.7197074905708373,0.1951889817887251,1.269471522980828,3
55.0,55.0,True,0.273050234579009,0.1721298738729709,0.6064980906677481,0.2405039783945202,-1.311589531955114,3
55.0,56.0,True,0.3460179251345373,0.1552460893043983,0.771480112270256,1.174623099924574,0.4444415629581339,3
55.0,57.0,True,0.2568128584567945,0.1291276557371877,0.5565042178581138,0.5670350126688083,-1.9597571351507568,1
55.0,58.0,True,0.3015888643606069,0.226967190708671,1.0590481941174672,1.451284002484403,-1.119695818578431,3
55.0,59.0,True,0.1894888081030762,0.1623692527973574,0.7608083704813591,1.2245337931234233,-4.2581170165905995,1
55.0,60.0,True,0.3117404506207196,0.2240085958098933,0.718982829361579,0.2906409433512645,-0.158685291315494,3
55.0,61.0,True,0.3159010657909468,0.2471976490999455,0.9068039761509776,0.952896556220224,-0.1854835126432896,3
55.0,62.0,True,0.299507175212013,0.1490006711534914,0.6200515625906096,0.4548329078107244,-0.4546365610551335,3
55.0,63.0,True,0.2150781178837635,0.1227961785167894,0.3937078857301445,-0.3380406011046316,-3.3093659844839065,1
55.0,64.0,True,0.2999355933301523,0.1544173406524123,0.687114588705619,0.4985798664640585,-0.7892799451328658,3
55.0,65.0,True,0.3437034910541222,0.161325874918964,0.5925422087125805,-0.5044586526263833,0.9416463439697218,3
55.0,66.0,True,0.2419160538842625,0.1815406254325756,0.9865001778805718,1.8623666250168651,-2.6762891295876994,3
55.0,67.0,True,0.2272741219628329,0.1802323763493775,0.5884607519126067,0.5651443672144703,-2.8212592933759035,1
55.0,68.0,True,0.3371971068436949,0.2348529964877096,0.739213020982739,0.1864883616701865,0.4211138993586397,3
55.0,69.0,True,0.3545316067653138,0.1801776405590379,0.6711759594683548,0.0130656110253958,0.8113115168012628,3
55.0,70.0,True,0.425490157575007,0.2302806998174896,0.8961900633877836,0.1265639070697711,3.3135571547743323,3
55.0,71.0,True,0.5926032812659565,0.2246636534850491,1.0950701323559298,0.4983120810131404,8.435272619104046,2
55.0,72.0,True,0.7220643871938582,0.2055143866643025,1.0795161545897018,-0.1513182563970729,12.37371820303584,2
55.0,73.0,True,0.560346160446543,0.1851700785493719,1.025697824215378,0.7567187606117602,7.531333733907828,2
55.0,74.0,True,0.6241231678311336,0.1703985421499365,1.0648254464183478,0.5302310564921825,9.557297152114373,2
55.0,75.0,True,0.3227657075352133,0.2001010960988854,0.7219797415410247,-0.0196153191509506,-0.0988794031825504,3
55.0,76.0,True,0.4006842838745634,0.1887530803576625,0.92397681217199,0.3286274989755659,2.390522341079873,3
55.0,77.0,True,0.5370382330389138,0.2643737613740669,1.189477750364357,0.4055353771071959,7.2390952853382275,2
55.0,78.0,True,0.3290385699194266,0.1928454703639831,0.7211827554894443,0.5021918091060432,0.480609777640185,3
55.0,79.0,True,0.3202453433210753,0.1544479319502697,0.657622075569435,0.6860099235380863,0.2428939343270186,3
55.0,80.0,True,0.2465043476524393,0.1654521850120292,0.5415156779028036,0.0128984960962191,-2.5437076680614785,1
55.0,81.0,True,0.2123594041758477,0.1568352594787685,0.5006710901160354,0.219771651555274,-3.4739607614379713,1
55.0,82.0,True,0.2387429263768452,0.1724332255087361,0.8836255496214357,1.5009860892252098,-2.9583137955407066,3
55.0,83.0,True,0.1570940625310458,0.0912098120191125,0.2882190072374241,-0.4540225111956179,-5.068839735932442,1
55.0,84.0,True,0.3736399730478699,0.1544837856852747,0.8273720194627096,1.392401977256878,1.7179990106590224,3
55.0,85.0,True,0.3193651394442376,0.1627197803165815,0.6178420379732084,0.2261765860312458,0.1542801649305989,3
55.0,86.0,True,0.4851769053285459,0.1956429817181431,0.8669295804158093,0.3235545088143551,5.082942059351331,3
55.0,87.0,True,0.4399256430273034,0.2194524864170702,0.8027269423966852,-0.4615622890405165,3.9693191982766938,3
55.0,88.0,True,0.5624529771380609,0.249598929498857,1.2287790134610672,0.5890065736519366,6.737293546585316,2
55.0,89.0,True,0.6012402038978649,0.3428895322103693,1.5,1.351685310453654,8.048825362211343,2
55.0,90.0,True,0.8588464741531281,0.2925385671034925,1.5,-0.432443189708295,15.98653064812854,2
55.0,91.0,True,0.8119862957812416,0.2877118831432522,1.2511243702810333,-0.1152491762207052,15.423675648828493,2
55.0,92.0,True,1.1213255976761958,0.2363116183659875,1.5,-0.219199495570302,25.040304692651365,2
55.0,93.0,True,0.7414621462245631,0.255261934329646,1.2187667268506688,0.2728488602643751,13.15800397413147,2
55.0,94.0,True,0.5630011303555693,0.3804738318442912,1.5,1.1665313713944294,7.299708093257683,2
55.0,95.0,True,0.5110091584664274,0.2131877261812214,1.2625809634980838,1.3643702897169578,5.5354068135102885,2
55.0,96.0,True,0.5419395704582327,0.2099645824937573,0.8675896977520939,-0.4699022110251526,6.766016275992198,2
55.0,97.0,True,0.4495451503827695,0.2200041545931914,0.8913149517441318,0.1220874475007041,3.9962180881145337,3
55.0,98.0,True,0.5279571166769568,0.1809504629465425,0.9584395734088008,0.6724025708933395,6.44994591304433,2
55.0,99.0,True,0.4626697478536978,0.1466685307911618,0.8457592933686027,0.2116428901299395,4.106470290787823,3
55.0,100.0,True,0.0702257737920674,0.0479706860800947,0.2179435737027229,0.9605978403842512,-7.790349955768731,1
56.0,1.0,False,,,,,,0
56.0,2.0,True,0.088634140206916,0.0835057298836092,0.2932192402736257,0.8242990204480448,-7.233752160056716,1
56.0,3.0,True,0.3272693013698187,0.2369052454972167,0.958645532018874,1.0883772192690253,0.208846349323387,3
56.0,4.0,True,0.2764563279006684,0.1737004228535122,0.7038420681174542,0.8390340893747896,-1.3832357883404516,3
56.0,5.0,True,0.3659247259816326,0.2486467981472188,0.9497379857850556,0.8696833289451874,1.7704088200981114,3
56.0,6.0,True,0.432941099465633,0.1299207635515521,0.7402295523301765,0.0564934285083207,3.574743668628962,3
56.0,7.0,True,0.3364117320398404,0.1258427702370297,0.6071936644023977,0.3019115589908282,0.5476856705342733,3
56.0,8.0,True,0.3413415593687438,0.1814037256994664,0.9051810550156788,0.6176160150794723,0.2448411094586119,3
56.0,9.0,True,0.3286751632064466,0.1371361557304692,0.622433485968803,0.1832904252927003,0.3931666909298305,3
56.0,10.0,True,0.4162530503377556,0.2128125159993201,0.9788445651784649,0.850961085428844,3.154212400056264,3
56.0,11.0,True,0.3963867054470649,0.1294995072230441,0.6657253819787582,0.0494542792571094,2.3425706250561884,3
56.0,12.0,True,0.1906664472717833,0.093586722478597,0.3473073766761849,0.1432391623535224,-3.974300164113432,1
56.0,13.0,True,0.2493528723587806,0.0954298890070699,0.4519434401618042,-0.0130821457911775,-2.2506873930186453,1
56.0,14.0,True,0.3429121083395351,0.19326687777766,0.6605039807638117,-0.1646687875231698,1.0706516428387858,3
56.0,15.0,True,0.2333956374213197,0.136745387719562,0.5944188052977667,0.4247859559441282,-3.0363797727477477,1
56.0,16.0,True,0.4299918137800954,0.2033055650962364,1.074239445029068,0.8652671953253998,3.2002471258268557,3
56.0,17.0,True,0.2450835375833808,0.1164386085637527,0.4468843739842351,-0.2974814837163702,-2.476531788561621,1
56.0,18.0,True,0.2548568552704631,0.1156654515474923,0.4269892725136728,-0.5778602273861351,-1.9215588756236737,1
56.0,19.0,True,0.2589788602189422,0.1855454698549183,0.7710099028209493,0.8162848940856445,-2.078524307292232,3
56.0,20.0,True,0.3238982980770014,0.1874337435845559,0.7478912689311105,0.2371486475659391,0.1273571997013116,3
56.0,21.0,True,0.3171340746640841,0.1457020989035984,0.6286894587735191,-0.3060345784674913,0.0545539065868895,3
56.0,22.0,True,0.210523992355503,0.1209832727763098,0.469841801619723,0.4185233166819502,-3.2859642108816187,1
56.0,23.0,True,0.2857930592225868,0.1189804618937232,0.615213808012002,0.7848086728820264,-1.0615452453058458,1
56.0,24.0,True,0.2900218969724425,0.1890678152139186,0.7494921102781364,0.8824745656442697,-0.976374614589948,3
56.0,25.0,True,0.3681837206678501,0.1812374143284934,0.6248053994902698,-0.3889667526585481,1.5284949968682862,3
56.0,26.0,True,0.2370594102755255,0.1341581464598922,0.4544305344792851,-0.0352187781287702,-2.3123885294004736,1
56.0,27.0,True,0.264766006470911,0.194581997560943,0.5981818993324765,0.0602007176632367,-1.6966269438288704,3
56.0,28.0,True,0.4441910971450118,0.3169359209766602,1.035569603378201,0.6538240981254216,3.760648325173785,2
56.0,29.0,True,0.5189035245488839,0.3380342978905207,1.2702803067477526,0.471743175462527,5.665020118412017,2
56.0,30.0,True,0.5050876343069752,0.1984528440219812,1.002432288497887,0.701106287935367,5.41778622672161,2
56.0,31.0,True,0.4744494293991214,0.1093396714196782,0.6955996995616511,-0.3024271553117321,4.683444227479087,3
56.0,32.0,True,0.6357679471616311,0.2295616608654066,1.066306108436423,0.2056880210278378,9.830265851843862,2
56.0,33.0,True,0.4092838693440409,0.1426323921376263,0.8642487251183489,0.820365956129835,2.342756213987208,3
56.0,34.0,True,0.4621362216410482,0.331576472264706,1.2875350219138884,1.245746924965416,4.432438249171831,2
56.0,35.0,True,0.356011604517622,0.2014267125490149,0.9787082710067716,0.8451771107209766,0.7137306363843418,3
56.0,36.0,True,0.3921904567429937,0.281985705953779,0.8622795467229929,0.3072705623420543,2.2168868259245236,3
56.0,37.0,True,0.3523427983907366,0.1888779886057039,0.6470128267289846,-0.1356290145440808,0.9108207191563475,3
56.0,38.0,True,0.2964349056241608,0.202716851726285,0.6745306832568495,0.383290091561058,-0.6898617044071593,3
56.0,39.0,True,0.3372702521568917,0.206899894678948,0.8589185408594576,0.459831537242027,-0.0990843250755851,3
56.0,40.0,True,0.374988394021057,0.1819324629019007,0.813697259039585,0.7051368623699983,1.670107527638701,3
56.0,41.0,True,0.3811771514749673,0.210973287649698,0.8060385969344718,0.2963147145925306,1.653506193962659,3
56.0,42.0,True,0.2709898263280446,0.1492735198383587,0.6583423064829388,0.91654935376558,-1.3197986787556646,1
56.0,43.0,True,0.2682697197862085,0.1610973946478525,0.5593630345683757,-0.1279247244693812,-1.4779177478125416,1
56.0,44.0,True,0.3558388010704839,0.1868564274143593,0.7858553283425159,0.3780423659358945,1.2436381806340178,3
56.0,45.0,True,0.4327782794114134,0.2084980670774097,0.870560407410842,0.0209634935365463,3.5562137555959956,3
56.0,46.0,True,0.2974132600939908,0.1330714194020661,0.5380654618028339,0.0045568412956592,-0.6948969595081892,1
56.0,47.0,True,0.4296383355236702,0.255333056675552,1.1212025371917047,1.3044531858508226,3.4846771818994373,2
56.0,48.0,True,0.2910730063709616,0.2181791601604228,0.7100487726164946,0.4374427375144469,-0.7771162579858463,3
56.0,49.0,True,0.3632294446192547,0.2327286337544469,0.7904173048076165,0.1695851516038876,1.625046031807797,3
56.0,50.0,True,0.4674812041725675,0.2041673842169342,0.9339182796428483,0.2664700502997804,4.8283789993723145,3
56.0,51.0,True,0.1686775199885372,0.1185685972277278,0.5503815896667613,1.2808271101111104,-4.896157674583622,1
56.0,52.0,True,0.3089592900208803,0.1881001639681246,0.75278441435175,0.7905420492072187,-0.3364477261756421,3
56.0,53.0,True,0.3998216042905462,0.2297853123292309,1.032043890704774,0.1274675684907958,2.0870138565334573,3
56.0,54.0,True,0.24403133701588,0.1465522194238276,0.5028343112859451,-0.0439510169760608,-2.351376223657316,1
56.0,55.0,True,0.3218774056871307,0.243682673959424,0.8497517347257846,0.3980288001736406,-0.2314037789587845,3
56.0,56.0,True,0.1616298256863129,0.1288777368137612,0.4480628619116472,0.4147187106619054,-5.033699859598985,1
56.0,57.0,True,0.3801248618764217,0.1293918147383053,0.7431224241025658,1.0472336083865337,1.8658305015486376,3
56.0,58.0,True,0.2403910477273914,0.1311874182562323,0.5337764956028728,0.1578150359929055,-2.8560125679078814,1
56.0,59.0,True,0.224937566287928,0.1457964622127432,0.5384483308022411,0.4193768469492839,-3.027453436084877,1
56.0,60.0,True,0.306942285378407,0.2297838493290357,0.9465499828669084,1.2514960323088211,-0.4243814700712002,3
56.0,61.0,True,0.2547367778260288,0.1279120478371512,0.49593211843814,-0.0342798344988948,-2.11854951281884,1
56.0,62.0,True,0.2464887384963337,0.1590523612151045,0.6096716517590285,0.7721921621003104,-2.41464646773502,1
56.0,63.0,True,0.2850960515264644,0.1757978398946776,0.6616461670845689,0.3465597818434547,-1.145558881277239,3
56.0,64.0,True,0.2948274985949748,0.1412108644891614,0.5669019501975177,0.0466490009501007,-0.8328123695378,1
56.0,65.0,True,0.2648701850345787,0.1299306071609839,0.4976681773026706,-0.3705169029285005,-1.7508240620216218,1
56.0,66.0,True,0.2525680128779314,0.1938740522339766,0.6488889816919549,0.5484130901099599,-2.0457547908759257,3
56.0,67.0,True,0.3335653584032637,0.1822497139189819,0.6781877007809918,0.1887665227096261,0.554056434687945,3
56.0,68.0,True,0.2939153606017299,0.1882748194756728,0.6762364314428875,0.1952163259774197,-0.6176547703986243,3
56.0,69.0,True,0.4300329534969595,0.1678234912870022,0.8569495751883711,0.1122870520707171,3.371924711793357,3
56.0,70.0,True,0.41167914181778,0.2226144963218783,0.8053041837650241,-0.0179367688732966,2.8178065600247373,3
56.0,71.0,True,0.4645067118108863,0.2060673875860002,0.8475248600325012,-0.7057753661245617,4.6033211846940505,3
56.0,72.0,True,0.6773331442611822,0.2601134080833139,1.158576053213604,-0.125363949002748,10.95518767391666,2
56.0,73.0,True,0.45015335854721,0.1750035874019712,0.7482603091426246,0.0128572503118249,3.78988954743583,3
56.0,74.0,True,0.5292476584357079,0.2247254391769884,0.935491105328964,0.1770441001502454,5.920814966303697,2
56.0,75.0,True,0.428378454114295,0.1512495641678612,0.6759915998613034,-0.4200574802666688,3.6332771371576142,3
56.0,76.0,True,0.306515558277292,0.1479263691166388,0.5265491692828383,-0.3152428571926646,-0.5315287784917233,1
56.0,77.0,True,0.1853839809243949,0.1379246837481556,0.5458213508433736,0.4651888237423764,-4.230113960159875,1
56.0,78.0,True,0.2745318650269224,0.1883768129050209,0.5436303198937701,-0.1952043145211137,-1.545230828362003,3
56.0,79.0,True,0.1643464899048353,0.0778476611573798,0.3677494796126517,0.4546168995889936,-4.939989776611257,1
56.0,80.0,True,0.177542570265687,0.1034509467012899,0.3725443535897965,-0.2567384766986965,-4.495134144563118,1
56.0,81.0,True,0.1698541381767947,0.1473848319392268,0.6328995741661049,1.330349757477926,-4.994018851606358,1
56.0,82.0,True,0.2988132855647291,0.2060571935288297,0.7575783161888234,0.1790803911413015,-0.8557701904034857,3
56.0,83.0,True,0.232191721870223,0.1779660462886095,0.747283871834386,1.5911937094625006,-2.805834178938301,3
56.0,84.0,True,0.295917510453265,0.1341332678975091,0.5346069726656186,0.0583245037339054,-0.7793200824268307,1
56.0,85.0,True,0.2891528578132542,0.1173927890699472,0.5969221772979767,0.6210110901721616,-1.1609586952301665,1
56.0,86.0,True,0.3385463104249133,0.238593748052725,0.8270394009878659,0.5304127625218125,0.5888673962170147,3
56.0,87.0,True,0.4094618689104141,0.1756131830939996,0.7429710705346485,-0.2652751166066684,2.841149997367664,3
56.0,88.0,True,0.3446434496650559,0.2250822950879865,1.068868431322599,1.2399259706650634,0.4689533475777185,3
56.0,89.0,True,0.6158877322357673,0.247000167731397,1.121540463407019,0.2470384542248843,9.15668681655828,2
56.0,90.0,True,0.6219016430092863,0.36827724934537,1.461207755313527,0.3627631031160498,9.118861276120269,2
56.0,91.0,True,0.8416815170979762,0.3679787918714318,1.5,0.5055658860763771,16.771318489710012,2
56.0,92.0,True,0.8238963375991396,0.2656805496546661,1.30040065791928,0.2213483965227848,15.284037629472769,2
56.0,93.0,True,0.8704225958775055,0.2834582148273452,1.5,0.363727757333295,17.174100345779607,2
56.0,94.0,True,0.7694594700757399,0.3041887664174151,1.3299653117154533,0.0594809660558567,14.005495016789236,2
56.0,95.0,True,0.713197107019539,0.2373006941111678,1.160293059301002,-0.258962849712201,12.196312544577282,2
56.0,96.0,True,0.6191810405824505,0.3359017658046932,1.2197912745668635,0.234354122139599,9.275440613052632,2
56.0,97.0,True,0.4930809929595047,0.2373363360550804,0.9858544596222268,0.3114148559726042,4.861644954537909,2
56.0,98.0,True,0.3851989505773253,0.1718482002691427,0.6696778966991027,-0.0662711988709714,2.2747362262835527,3
56.0,99.0,True,0.4254761634344417,0.1343082051827608,0.7162691105370405,0.7014689236920958,3.1315994830818163,3
56.0,100.0,True,0.0495256482408512,0.0418608929691714,0.1273582586069667,0.3559568521371775,-8.371595781798575,1
57.0,1.0,False,,,,,,0
57.0,2.0,True,0.0863114877812344,0.1063787724909616,0.363440658540743,1.2623585814896128,-7.386964853088337,1
57.0,3.0,True,0.320118826754382,0.192454595277776,0.7068882401971129,0.2995398009106041,0.0940396020452883,3
57.0,4.0,True,0.4187133549470191,0.2336909429317225,0.9979049224540372,0.3484320067749215,2.451937608537748,3
57.0,5.0,True,0.4625587929634592,0.2877834741952719,1.1654958995389164,0.977769676137508,4.272474349918125,2
57.0,6.0,True,0.3095885295150825,0.1369982520755809,0.6677225986570201,0.4808683989548961,-0.1320623914727985,3
57.0,7.0,True,0.3745377024513203,0.1755722914687622,0.8092347622752812,0.5293053067720916,1.7820551918884877,3
57.0,8.0,True,0.3898542373618956,0.2205555685662745,0.9748649327849984,0.2204749838981999,1.9543173320481109,3
57.0,9.0,True,0.5285982193670328,0.3243202025374708,1.5,1.1678822074448172,5.953244071595463,2
57.0,10.0,True,0.4520940706657773,0.2422929637137887,1.226425059473489,0.7021531373831489,3.789452547039926,2
57.0,11.0,True,0.3576509832059785,0.2208909934523126,0.9960826799158196,0.4992668269977726,0.5133331020846711,3
57.0,12.0,True,0.3363847432308955,0.1396467442851856,0.5409994145262345,-0.059809270046951,0.5068820488117156,3
57.0,13.0,True,0.331448030947664,0.2269654268030709,0.7323935202287092,0.2402323281385386,0.5119994145111576,3
57.0,14.0,True,0.3151226673412693,0.203529616080416,0.7230773847967039,0.1610799478155438,-0.3946474841827262,3
57.0,15.0,True,0.3615381247030393,0.2384967600398396,1.0251775888606878,1.2357448177297945,0.896472976871003,3
57.0,16.0,True,0.2733570733662473,0.1280738193326412,0.5060338237265298,0.1832049011126029,-1.5585329632008906,1
57.0,17.0,True,0.2310518170577686,0.1841643388277374,0.6344863528264996,0.6455416985918063,-2.923600724347488,1
57.0,18.0,True,0.2157356634176314,0.0902739999615698,0.4661169319194636,0.6021821924114497,-3.0975321692772293,1
57.0,19.0,True,0.3027870628515643,0.2313920735029167,0.8374141555269559,0.7215666490259242,-0.540370764842625,3
57.0,20.0,True,0.2735253823199932,0.2251450855022758,0.7658081341495759,0.8064868087700383,-1.2324017045261413,3
57.0,21.0,True,0.2473312367911466,0.1897211827736884,0.6933445593722188,0.987623652874509,-2.2077506347132188,3
57.0,22.0,True,0.2188243346880391,0.2126993708110869,0.9899038810878966,1.742598377871437,-3.443889627494789,3
57.0,23.0,True,0.2316333475747534,0.1365056587281495,0.4943172898573974,0.32221208186662,-2.84937023802164,1
57.0,24.0,True,0.2865504085230677,0.1701073442095589,0.6992730991428093,1.080182921355803,-1.0476993984301988,3
57.0,25.0,True,0.5116224347423747,0.1785849462367073,0.8146258691843691,-0.4072274028680931,5.547209649277131,3
57.0,26.0,True,0.5478253638363321,0.2248331711013119,1.0664774558383596,0.108336264372518,7.094598972318653,2
57.0,27.0,True,0.4122103227456111,0.1438554400319672,0.673714656478032,-0.1379590786614064,2.826204728896809,3
57.0,28.0,True,0.5165744048949407,0.2982775490537149,1.5,1.7269956019597803,5.535419490694686,2
57.0,29.0,True,0.5456998850849818,0.2670505925349318,1.274755969607937,1.0898309043650394,7.075861541509764,2
57.0,30.0,True,0.6600746982183648,0.2658354950843778,1.0176030014958668,-0.4341302049840341,10.382794862587838,2
57.0,31.0,True,0.4445226279196474,0.1408811944630004,0.7107338645243007,-0.1935918022760619,3.866747665075252,3
57.0,32.0,True,0.4279725838415932,0.2625020038108754,0.9627834119694408,0.2253634048808762,3.3912926068902376,2
57.0,33.0,True,0.4622914921191902,0.2217457112185396,1.0195033941565708,0.764903624096097,4.355862190655789,2
57.0,34.0,True,0.2607517165017317,0.1818800267787857,0.5558726588366646,0.1436972097770787,-1.932323875892481,1
57.0,35.0,True,0.3544206308584256,0.1239061611963421,0.5645969715798027,-0.3001496577302048,0.9724797441100737,3
57.0,36.0,True,0.354064093504449,0.1680178979695428,0.6371806091580949,-0.4319217126712817,1.443023558030348,3
57.0,37.0,True,0.2603938748862183,0.164735546374923,0.568982801331378,0.2813834592127054,-1.7374374125388388,1
57.0,38.0,True,0.3230996345624455,0.1272014066368417,0.6122357543382246,-0.1595523727685256,0.1162087629641238,3
57.0,39.0,True,0.318771499913123,0.2345972465389657,0.7973664251995307,0.4174289624952517,-0.1826737388631426,3
57.0,40.0,True,0.3330008265721331,0.2139923765092858,0.7445374532525632,0.0544864533623785,0.3895049841400276,3
57.0,41.0,True,0.2726968168544867,0.1863037780601703,0.9978095043443804,1.488287839843907,-1.8031967926671428,3
57.0,42.0,True,0.2478468149573751,0.1597839337160618,0.6229700885432377,0.7761546139056582,-2.41425346453131,1
57.0,43.0,True,0.2993517971893206,0.2143490111211663,0.7562634707520464,0.4358152294507188,-0.2102406273887508,3
57.0,44.0,True,0.3341697450456628,0.1389026528610401,0.6518456825917263,0.0844590406039993,0.3478599428447518,3
57.0,45.0,True,0.3266659165035117,0.2039624028386812,0.8208586049645913,0.5805990863102314,-0.0425359288640844,3
57.0,46.0,True,0.3017632273919364,0.1431676650138117,0.6100405257704353,0.171304203984581,-0.5652129843958353,3
57.0,47.0,True,0.3714410905616341,0.2093482857730559,0.8532965365089754,0.5008047568176576,1.0479239669017368,3
57.0,48.0,True,0.3623930846362579,0.1684172144115711,0.6545187873087616,-0.1810037627837534,1.3948469809995778,3
57.0,49.0,True,0.2570128082408932,0.1493550839850587,0.5650788404946424,0.0240290950648586,-2.1032349314273913,1
57.0,50.0,True,0.3226018677276206,0.1949522607466759,0.6928294356182906,0.5504429117760101,0.2655772634623446,3
57.0,51.0,True,0.3559425318613974,0.2153236575852303,0.9015231534576414,0.9641075639964792,1.0227510087967748,3
57.0,52.0,True,0.3126664722841317,0.1898337216006595,0.7046667572473295,0.3696234458740831,-0.3926491748372753,3
57.0,53.0,True,0.271837595547043,0.1378566150551359,0.5586973283575146,-0.0440630505949236,-1.7300062967691932,1
57.0,54.0,True,0.3869644110008858,0.2232674743133623,1.121353653519242,0.5772794836408707,1.5523804613846952,3
57.0,55.0,True,0.3434998825553408,0.1029465330349058,0.5437243184295525,0.0693323627066442,0.788762548937408,1
57.0,56.0,True,0.3861976044698754,0.2520994254799062,0.8689303384772549,0.2163359191486012,1.778946585196647,3
57.0,57.0,True,0.2816127251520362,0.1539552574314646,0.5773871796744089,-0.151878355108311,-1.2485585978781175,1
57.0,58.0,True,0.3498160196603747,0.1820252727501299,0.68062453163548,0.0681961988778846,0.8538977626214312,3
57.0,59.0,True,0.2477646163957364,0.2008571286606906,0.725000907176512,0.8218195222158226,-2.4686977566388486,3
57.0,60.0,True,0.2637317533910008,0.0914606762484207,0.4351790295488298,-0.2005088156837108,-1.6095080637866783,1
57.0,61.0,True,0.1391079502916858,0.1317303696141316,0.4796836181592396,0.9881882193131918,-5.664228700074101,1
57.0,62.0,True,0.2685036527114572,0.2300838414758534,0.7832151358308885,0.8043051132341841,-1.617574224703135,3
57.0,63.0,True,0.2264210518375904,0.1711278062003099,0.5610991071613126,0.5610112723244198,-3.121626736404246,1
57.0,64.0,True,0.3914719068928867,0.126705543783637,0.6206079193175352,-0.685938080463756,2.3368217166852627,3
57.0,65.0,True,0.3678193948173234,0.1933344427660974,0.768633205213185,0.1426743502829709,1.5900731256701914,3
57.0,66.0,True,0.3245974162283961,0.0717115487913647,0.4477457038004579,-0.2187405393801872,0.0403852506686477,1
57.0,67.0,True,0.3480320709834127,0.1981359899796154,0.8570024101787569,0.6355380371743675,1.2216897965132367,3
57.0,68.0,True,0.3707723805335888,0.1977319319875397,0.7753147294005847,0.3626003670655909,1.7916435644649176,3
57.0,69.0,True,0.3564692022151621,0.1801474941361643,0.7834625973032306,0.9127429957409028,0.7804024220081027,3
57.0,70.0,True,0.4860229811127803,0.2333486983278346,0.9056790450750364,-0.0353077738472355,5.231815719563701,2
57.0,71.0,True,0.4383396686785614,0.1887206560396494,0.9895524117698232,0.5893261724467137,3.3242928109424676,3
57.0,72.0,True,0.6944674082080885,0.2390187059101555,1.1002520170989727,-0.4349213785136624,11.70541760135089,2
57.0,73.0,True,0.4131483001863536,0.2049281404903619,0.8149006689721231,0.009324378454529,3.006807295468484,3
57.0,74.0,True,0.47105485185428,0.1759418963649942,0.7922022636983045,0.1626766361967219,4.98186708056744,3
57.0,75.0,True,0.2965184580402601,0.2189060411519973,1.180590710171511,1.7237500897953453,-1.193190396384049,3
57.0,76.0,True,0.3749367253745964,0.2373608755029801,1.1606768066068267,0.8718217988568042,1.1404963911282473,3
57.0,77.0,True,0.4064476452112163,0.2091208385796173,1.238628872264398,1.6513125773330064,2.311045409758864,3
57.0,78.0,True,0.2359805402314558,0.1628436827368561,0.5918952571026516,0.2889546506211647,-2.6118569921767505,1
57.0,79.0,True,0.2980879184140189,0.1340536611837377,0.5412608743045567,0.2633252577085123,-0.7018195130718304,1
57.0,80.0,True,0.1986712652762997,0.1528771475063738,0.5319074264557648,0.7620974350737493,-3.765519940485816,1
57.0,81.0,True,0.1947208584101869,0.1151157004065795,0.4011193153174522,0.0669559856241627,-3.8105697240719314,1
57.0,82.0,True,0.2883040184042091,0.1897045804273487,0.6515177223250447,0.1587795354986693,-0.9174299315751364,3
57.0,83.0,True,0.394949482584277,0.1448253195383085,0.6239964648559225,-0.5305348728622579,2.3898056630113027,3
57.0,84.0,True,0.2650176069742848,0.0953260962895246,0.4944751562945654,-0.0563154401983425,-1.685083439620544,1
57.0,85.0,True,0.227868116610126,0.1235660337717178,0.4963490776514369,0.2869326846310993,-2.955342385808086,1
57.0,86.0,True,0.3567337533285732,0.1458658485290507,0.6356337134522327,0.0148664273377184,1.2509279774375606,3
57.0,87.0,True,0.3893833411183076,0.1519240011139432,0.6601496103792924,-0.0479352411324915,2.0810578327605325,3
57.0,88.0,True,0.4628335038662681,0.1122142373992841,0.746152554480272,0.9493550205926192,4.266837833863359,3
57.0,89.0,True,0.4751946823441175,0.2638592885473993,1.273636471389515,0.8107127950961129,4.558516705900426,2
57.0,90.0,True,0.5227785960142473,0.2140455981064333,1.11511516905633,1.1681904491404766,6.03182514734644,2
57.0,91.0,True,0.621320868633552,0.2864590904796775,1.5,1.0320064795184565,8.529472266021571,2
57.0,92.0,True,0.7714295927984732,0.3128970536608278,1.4681845936106843,-0.069157704403942,13.997350021856994,2
57.0,93.0,True,0.6308652341186396,0.3009360157990481,1.1959554744243297,0.0989652357167964,9.127983776086555,2
57.0,94.0,True,0.7294805349759513,0.2429975389465207,1.2698477852190848,0.4843964833368299,12.766940732697764,2
57.0,95.0,True,0.8741703530464177,0.3125027841076276,1.4821861143831967,0.3678760825112036,16.72515213393315,2
57.0,96.0,True,0.7861932496254258,0.3351912373168877,1.3090478783821866,-0.293384645944183,14.2672203104918,2
57.0,97.0,True,0.6905263745282906,0.2182982545837627,1.0829700102245692,-0.1111615346498576,11.79581663719298,2
57.0,98.0,True,0.8264222582706127,0.2876481376298411,1.3051697870898376,-0.7624649447837248,15.131119160947431,2
57.0,99.0,True,0.5783430866509062,0.2746246643128316,1.2674577069471042,0.846386155848528,8.073347081571907,2
57.0,100.0,True,0.0102789855748701,0.0206288621144559,0.0686873443760743,1.8395502046312255,-9.612209451615742,1
58.0,1.0,False,,,,,,0
58.0,2.0,True,0.0260505002772716,0.0395640955012,0.1349508775294287,1.7159877983229976,-9.129877962529084,1
58.0,3.0,True,0.3559371389835188,0.3094584612651969,1.146204863361207,0.8541470174309788,0.1597212270034582,2
58.0,4.0,True,0.3873920239634626,0.1521263247043272,0.6570124638738455,-0.6535371414205725,2.0832753510520083,3
58.0,5.0,True,0.4254982173777602,0.2115149259943651,0.83241047015027,0.0131597858104408,3.5854015401156465,3
58.0,6.0,True,0.3343336452848363,0.1284505841184327,0.6286562897241053,0.0517999675480645,0.2024590586881377,3
58.0,7.0,True,0.341419838309593,0.1863204612134351,0.6793448127458442,0.2678113287143712,0.3009748168400037,3
58.0,8.0,True,0.4334567519673515,0.1683538238977408,0.7824993078552237,-0.4370734209294667,3.81247629356334,3
58.0,9.0,True,0.3719136007107936,0.1587714520176745,0.6564949077011613,-0.1134648137466853,1.668964825774462,3
58.0,10.0,True,0.3822277185766735,0.1815225714177141,0.7091415929201468,-0.1060716524467018,1.7510738263435677,3
58.0,11.0,True,0.3653550115038984,0.2786371010733786,1.0465504729589925,0.3216064458760315,0.8872303042366197,3
58.0,12.0,True,0.3757512587359528,0.1688691162918637,0.6446515951710742,-0.3949568963708449,1.6972780932703584,3
58.0,13.0,True,0.3284524248983611,0.1422936148331591,0.6261609093561333,0.4125408769509226,0.0955741716025039,3
58.0,14.0,True,0.3140163318236896,0.1503121966419581,0.6407782130114026,0.6569907075945597,-0.1231966096742757,3
58.0,15.0,True,0.3399650840342755,0.1951768716512616,0.828825732693493,0.7478842487344449,0.3676264250611563,3
58.0,16.0,True,0.2679466912043702,0.2220371462380565,0.8769823497548784,1.392170173182038,-1.8433288001602728,3
58.0,17.0,True,0.2969695250558474,0.2215855954299857,0.8773431126257958,1.0410868619533653,-0.6126431539565367,3
58.0,18.0,True,0.3385731934096277,0.1645126561876892,0.6361420630670668,0.0761970016911662,0.5256791654547511,3
58.0,19.0,True,0.320829193167275,0.090747208223779,0.5573281212732492,-0.2455270000173801,-0.2082852227166098,1
58.0,20.0,True,0.3521870304483488,0.3196447151746924,1.1179300738178812,0.9406157556965156,1.371107600769303,2
58.0,21.0,True,0.360905857316997,0.195842868768939,0.7655817312908159,0.2068219040341529,1.2122585749477717,3
58.0,22.0,True,0.3190894545370379,0.2556476684936675,0.9484228826813572,1.0074623249970582,-0.4690594135802334,3
58.0,23.0,True,0.4561030019901536,0.285678556296317,1.3107183998856529,0.7709132092623341,3.5868551486402973,2
58.0,24.0,True,0.1871125562352736,0.148021921186668,0.4266618267449366,0.069314235220227,-4.281019080316603,1
58.0,25.0,True,0.311961958326427,0.1475164819447584,0.6165410577351044,0.3670908827827667,-0.4505330377392859,3
58.0,26.0,True,0.393664103719188,0.2127773624702452,1.030619564833756,0.1469397924575704,1.7060087510221305,3
58.0,27.0,True,0.5083729143574914,0.2265152015111817,0.9335272528988116,-0.1058576973937632,5.60783820932798,2
58.0,28.0,True,0.4983397651601016,0.3632529531813544,1.5,1.040644986316894,5.221598544037739,2
58.0,29.0,True,0.5711064352300282,0.2569423228596207,1.0364165063828394,0.2663308059430819,7.510759392372262,2
58.0,30.0,True,0.3919645394957383,0.22474540124942,0.858474425727922,0.712664003216873,1.91849264133696,3
58.0,31.0,True,0.3274859168407258,0.2015692911031675,0.737027735626518,0.4209088117826871,-0.0390971840844935,3
58.0,32.0,True,0.3736362954162329,0.2390378980916391,0.838123797687763,0.1127873577639657,2.024750171415555,3
58.0,33.0,True,0.4123627944225627,0.275631165296247,1.4053488568260886,1.381011631583324,2.198332874886554,2
58.0,34.0,True,0.3442296630573295,0.1965024519179119,0.7571700151806126,0.5983981304215044,0.8187992325044162,3
58.0,35.0,True,0.3070679106821987,0.2539996204837258,0.8981542042326501,0.7614734414171059,-0.3805402240516823,3
58.0,36.0,True,0.3339913996531618,0.2045798593002226,0.7796104984318855,0.2335462176947834,0.3952976523610306,3
58.0,37.0,True,0.298738483376084,0.2025234828207435,0.7219658040290547,0.4518688951840816,-0.5946865956751208,3
58.0,38.0,True,0.2483451759272784,0.1160445706324231,0.4794433294610926,0.2281587647705048,-2.3079661308348545,1
58.0,39.0,True,0.2377286561381841,0.133772685653041,0.4993698073999286,-0.0633027424088895,-2.452412106814798,1
58.0,40.0,True,0.3681905476638589,0.2200163987512543,0.951481276147246,0.9120237667243112,1.4525508816185202,3
58.0,41.0,True,0.3265208249013245,0.2593880615737536,0.93350878363214,0.881195784109843,0.2428700227922638,3
58.0,42.0,True,0.3120497861063482,0.2059672649953448,0.9949829183830612,0.8519164405865891,-0.6130886887755552,3
58.0,43.0,True,0.2109812643647882,0.161745150435824,0.5586264166263024,0.3801907508358487,-3.44581387385716,1
58.0,44.0,True,0.242289575048158,0.1406141320663687,0.5172181940959447,0.3653281740860929,-2.3703877602905568,1
58.0,45.0,True,0.2517946704396709,0.1838393437762721,0.7137790964872034,0.9552737012607838,-1.9227068514829304,3
58.0,46.0,True,0.3484912268543724,0.1534417766925641,0.6801538622264762,0.622609849910352,0.8124315403338019,3
58.0,47.0,True,0.3062043016977327,0.2041095577429312,0.6961207279896797,0.623155307660968,-0.7185687424613004,3
58.0,48.0,True,0.3638603062192966,0.3092144589974546,1.1918585365230987,1.2044962497542169,1.284126081474248,2
58.0,49.0,True,0.2611312843006805,0.1944268357775677,0.6339201896966726,0.5152311019965045,-1.9281113712317384,3
58.0,50.0,True,0.3455285011860932,0.1995588285802068,0.8711932455824795,1.027011724548067,0.8168744768386381,3
58.0,51.0,True,0.3056006068242329,0.2193689412520032,0.7636838697942553,0.526791483650106,-0.2562111201957542,3
58.0,52.0,True,0.2206419542125431,0.1344733981916854,0.5232892523173281,0.6252377516248264,-2.978291448394516,1
58.0,53.0,True,0.2419499937030964,0.1253313105986533,0.4181073406727653,-0.5298752387716402,-2.4041265922144675,1
58.0,54.0,True,0.2687131894784484,0.111371576078604,0.5028466940710032,0.1107354753799585,-1.4170139697132895,1
58.0,55.0,True,0.26850538829464,0.1709627302137227,0.7669942166529968,0.5999891296820623,-1.8162294383511832,3
58.0,56.0,True,0.3339863069034902,0.1552818494349954,0.6475326740547478,0.1921314868474646,0.5040151201082349,3
58.0,57.0,True,0.2442709192083889,0.1103396270646127,0.4534872954280294,0.0677366455656878,-2.351717260703549,1
58.0,58.0,True,0.2999181727405282,0.1658902557264675,0.6493945139647445,0.47097906093899,-0.6442358287095383,3
58.0,59.0,True,0.3041677234268708,0.1823387355459604,0.7397295446706766,0.5139769283240733,-0.4079325877676328,3
58.0,60.0,True,0.2629067711892885,0.1857084672692709,0.5296336378714452,-0.0731989460677957,-1.6571426179827995,1
58.0,61.0,True,0.288041609977735,0.1755525549681949,0.99403757866399,1.9975707469529855,-1.3463696741354376,3
58.0,62.0,True,0.3843163733073118,0.1702513604434415,0.771419596326503,0.5628517707579693,1.8331405697613208,3
58.0,63.0,True,0.2431336113868309,0.1618595244257014,0.510228177568983,0.1207864667959316,-2.4763919585136676,1
58.0,64.0,True,0.3012115844763013,0.2229180316072384,0.8637429548700742,0.672890410873278,-0.9348155964095674,3
58.0,65.0,True,0.1824378613278097,0.111704478589257,0.3772298414415846,0.1114684880158498,-4.263884010203042,1
58.0,66.0,True,0.2028943111222468,0.1398910646241428,0.5268175482543251,0.4987282560974501,-3.682269515191753,1
58.0,67.0,True,0.2339731563544076,0.1143175630333667,0.4359545050033811,0.2691067386878858,-2.6380194124201495,1
58.0,68.0,True,0.3103780288984059,0.1619725301099726,0.6904846195806089,0.493715036611583,-0.3685997513458701,3
58.0,69.0,True,0.2971733697919149,0.1178846886190425,0.546117675335301,-0.1428545468213315,-0.66820842929341,1
58.0,70.0,True,0.4565008046298041,0.2531588132430314,1.0577579624880764,0.2720959946554585,3.685407147767264,2
58.0,71.0,True,0.5326661280563649,0.21863950007792,0.9132479408802664,0.4146930900768636,6.8971607087445665,2
58.0,72.0,True,0.4929378699570798,0.1352795323749099,0.7936040231733527,0.0817553107274169,5.300887383229051,3
58.0,73.0,True,0.5034372434506877,0.1052393090526524,0.640809281608299,-0.7222357689438568,5.668708808121651,3
58.0,74.0,True,0.5095057593289165,0.2586797888287728,0.8866801793858268,-0.6907115090466607,5.873874913309527,2
58.0,75.0,True,0.3277928406916288,0.2418376780459345,0.8083306318936296,0.2936098160205086,-0.013487839525795,3
58.0,76.0,True,0.3102178387883215,0.1903542125720938,0.7199630537386547,0.0466174689708009,-0.6624780027484373,3
58.0,77.0,True,0.3173819959301277,0.2444797976293208,0.8610870760803812,0.6272156583847724,-0.1926092441415597,3
58.0,78.0,True,0.3577692945820838,0.1966664097737383,0.7678361901036755,0.3708820426113079,1.1481414543800337,3
58.0,79.0,True,0.3019537931265489,0.1944949831928436,0.6692965581544771,0.3736297724358614,-0.5297935509716859,3
58.0,80.0,True,0.1950023424417589,0.1165410708078081,0.4339016254149073,0.187799484629291,-3.686970805857696,1
58.0,81.0,True,0.1452588039595276,0.1487225637986122,0.5421967098686475,1.4300996886240729,-5.774790000791434,1
58.0,82.0,True,0.2304477976166044,0.1448357728715674,0.6639639516309537,0.4716396045166525,-3.219581578289191,1
58.0,83.0,True,0.2504950110969002,0.1077721762805347,0.4986409549501093,0.4211360140354844,-2.336243763790931,1
58.0,84.0,True,0.2750795031045797,0.1612212584646101,0.6589233448595032,0.6543399641653939,-1.5581275126467942,3
58.0,85.0,True,0.2359581928999231,0.1469921764125981,0.5501807072023913,0.2553197388653629,-2.433383649523388,1
58.0,86.0,True,0.2538734064132879,0.1730785487263094,0.4845642527728927,-0.246652395279469,-1.9449456150302344,1
58.0,87.0,True,0.3891652175388634,0.2728302275936406,1.0580904723482338,0.6451965252354407,1.9922515497684816,2
58.0,88.0,True,0.4077086206234067,0.2175989298119496,1.060859887974703,1.1145520705591017,2.0863399438580332,3
58.0,89.0,True,0.4330379124806326,0.1414898831690752,0.7084837155546877,-0.1799893802868197,3.624461121336569,3
58.0,90.0,True,0.6897978963688506,0.2448704741867231,1.046698483108122,-0.3675180864737122,11.498701696966334,2
58.0,91.0,True,0.6622854941340117,0.2346146055457077,1.2174688180586275,0.3954757341760138,10.631870522824167,2
58.0,92.0,True,0.8332017543399158,0.2982931638833361,1.4383354483031356,0.4963550193481396,15.486580228805702,2
58.0,93.0,True,0.9991177950308614,0.2501355596976393,1.5,0.4578103259964898,20.39989579832151,2
58.0,94.0,True,0.9143699639023426,0.2697365548067943,1.3697684127832206,0.022787011619531,18.413754335785622,2
58.0,95.0,True,0.7712978013020145,0.1360066921258278,1.0014246265911706,-0.1360227098106347,13.968519654449798,2
58.0,96.0,True,0.6586563610650739,0.1666827998158314,0.87603508255433,-1.083075174301286,10.807419476359865,2
58.0,97.0,True,0.6954501793836223,0.2722589177291258,1.190987285664783,-0.1338457037308529,12.04365719848922,2
58.0,98.0,True,0.5850697976714497,0.2157424242403268,1.1889747373621615,0.9940843641499888,8.181377462945807,2
58.0,99.0,True,0.6998635062231325,0.4145281687714693,1.5,0.2818970300779013,10.851779887512691,2
58.0,100.0,False,,,,,,0
59.0,1.0,False,,,,,,0
59.0,2.0,False,,,,,,0
59.0,3.0,True,0.2833910806209881,0.3233144773379339,1.5,2.369248014239073,-1.8299154892080889,2
59.0,4.0,True,0.2436429277087822,0.1804689844964485,0.9257381329288588,1.6348196226950331,-2.644707301408758,3
59.0,5.0,True,0.4633134698339542,0.219209170724568,0.8945670364205299,-0.0298508056093233,4.015883007022787,3
59.0,6.0,True,0.3688809926123364,0.1065306077421982,0.537997533838228,-0.9471150582465342,1.3968956216297703,1
59.0,7.0,True,0.553449186235163,0.1988091668281974,0.9450605454264922,0.1783793188418343,7.357210722101914,2
59.0,8.0,True,0.4403130379664891,0.2519740706731547,0.9337905275967376,0.2607772942218093,3.5968545042886992,2
59.0,9.0,True,0.3662930882759747,0.1370094759423622,0.6477070806407823,0.0454358673975778,1.6179375530513436,3
59.0,10.0,True,0.3989215256883493,0.1878072149911425,1.089474333189657,1.2709845123515997,2.0564187751724514,3
59.0,11.0,True,0.3443539112105092,0.1729907845205991,0.8615131714285568,0.524718454290217,0.5269349193880117,3
59.0,12.0,True,0.4858432869641074,0.1528636338050101,0.7573094745974601,0.1176731841279116,5.021934795232661,3
59.0,13.0,True,0.2812456125275561,0.1945467498591591,0.6393480556244898,0.1453343660039593,-0.9436904838868272,3
59.0,14.0,True,0.2537663074814312,0.1750109080309113,0.5813152440274476,0.3002040188525564,-2.2447189533606924,1
59.0,15.0,True,0.4217056980274424,0.2363370214380743,0.9491722789786712,0.7239048766094744,3.1880646216141724,3
59.0,16.0,True,0.3503653802378461,0.1474855558650908,0.8532330597807455,1.5016976106966908,0.7696615732409938,3
59.0,17.0,True,0.2822671799028733,0.1488299772620461,0.5766207187154518,-0.0380189466589248,-1.3411444347917387,1
59.0,18.0,True,0.3378448057462943,0.1619269930770144,0.7792995811940041,0.9321572430559076,-0.0164507774387877,3
59.0,19.0,True,0.3760397776194438,0.2576660760957135,0.9523749762694158,0.6585790561134143,1.1729573577312462,3
59.0,20.0,True,0.2923554146160879,0.14725879360534,0.6127317802874596,0.2405739867251417,-0.6218113455041795,3
59.0,21.0,True,0.3647200508823944,0.1539215478938165,0.6949189557267313,0.3194224686490978,1.0737247839435775,3
59.0,22.0,True,0.2229672558553238,0.1814546614425509,0.716564814121161,1.0545506169732053,-3.066365480844893,3
59.0,23.0,True,0.3618008351155689,0.2734887046053061,1.0797534299384304,0.9422347679355192,1.2243740883531085,3
59.0,24.0,True,0.3934147178323456,0.1910506502701377,0.806842020528627,0.2380469780110345,2.055891033411412,3
59.0,25.0,True,0.2737800021067236,0.2180084421320926,0.9731276002523312,1.2869585769411038,-1.9889228865255089,3
59.0,26.0,True,0.5360190539837376,0.2899248798951634,1.1293968044906155,0.3588146025753759,6.558367300725018,2
59.0,27.0,True,0.4598941580750016,0.1974330536651466,0.7796991671809191,-0.751069194056208,4.214253435494095,3
59.0,28.0,True,0.6200270896979648,0.2371593642340669,1.0088934142206367,-0.175895682567173,9.019352873925838,2
59.0,29.0,True,0.6101575936487804,0.3919415360055199,1.5,0.798661040881741,8.399492275849802,2
59.0,30.0,True,0.5917602588009842,0.2783384375626868,1.188421043815204,0.2290062601641393,8.812729783310207,2
59.0,31.0,True,0.4969608410303021,0.2861307672007479,1.107531758138294,0.1616258861197358,5.623547376620848,2
59.0,32.0,True,0.4333573027382808,0.1741590764397287,0.7675399000488651,0.0311108897310321,3.309792218523695,3
59.0,33.0,True,0.2841099459209744,0.2154296025649005,1.1461858298345982,1.877860482582924,-1.581375037268533,3
59.0,34.0,True,0.3142004152709554,0.2103759874646454,0.8860621108070915,1.191050185673603,0.0259024661155281,3
59.0,35.0,True,0.3273933342652241,0.1895146756642133,0.7192280466011957,0.2148671660530484,0.3030545257369657,3
59.0,36.0,True,0.3159323177395347,0.1953050806930072,0.9927998654177852,1.0038379769522257,-0.4643589652478738,3
59.0,37.0,True,0.3756757156607936,0.1959689498274921,0.7896775131401094,0.542428631227447,1.6923721779131555,3
59.0,38.0,True,0.385160126832088,0.1679152467938445,0.7053670396306619,-0.0140911050738459,1.7905668203598677,3
59.0,39.0,True,0.2916408896608662,0.1631890326887193,0.5635724125686031,-0.0873763178889307,-1.137895071437431,1
59.0,40.0,True,0.4570337780335457,0.2098391510003112,0.9246753522921508,0.2403628333217479,4.446755782837738,3
59.0,41.0,True,0.2980353587235725,0.1865997552000553,0.6392637376230986,0.2430129421979473,-0.4271911342020543,3
59.0,42.0,True,0.2025684171823839,0.1768377131777896,0.5590846029367977,0.6171064235757788,-3.687761625165286,1
59.0,43.0,True,0.3177584917617693,0.1674677943730495,0.5566050845397364,-0.2867886080020738,0.0818792459986271,3
59.0,44.0,True,0.4090841850253153,0.2208184449600627,0.9047996897634532,0.2128236601249015,2.5089243577880422,3
59.0,45.0,True,0.2443845304552475,0.1189881642813168,0.6496628750799098,1.1477131155043645,-2.62190016240638,1
59.0,46.0,True,0.283594866800211,0.1737823297195995,0.6199556720025868,0.0234122665407141,-1.1364059858710578,3
59.0,47.0,True,0.1363852856994707,0.1310304588352542,0.5634891421928868,1.085975892132696,-5.851506636339205,1
59.0,48.0,True,0.2800075314828347,0.0915404268891652,0.4864929078363922,0.4166617919395661,-1.200375119119247,1
59.0,49.0,True,0.231171808597095,0.1316998867316658,0.4811962546887647,0.1064476897980808,-2.940046691819452,1
59.0,50.0,True,0.3477590056837533,0.1653728042616379,0.7533533163383972,0.6214542960323834,1.1007294346760494,3
59.0,51.0,True,0.1623385863004308,0.0663019533970147,0.3384429912767661,0.8850342953187071,-4.81124047240851,1
59.0,52.0,True,0.4224491470811301,0.2605126075034303,1.0492545627551768,0.9354943374644108,3.0804195672518664,2
59.0,53.0,True,0.3216816290469613,0.1655229950596081,0.5909360069931624,-0.4367596284841562,0.1521923683169386,3
59.0,54.0,True,0.2224321628317816,0.149219981447035,0.5665440955268534,0.5832781821002787,-3.037488841835371,1
59.0,55.0,True,0.2195778430271943,0.1779953713606166,0.6679661411506473,0.9756973018400564,-3.380252478305466,1
59.0,56.0,True,0.3074719725194654,0.146344324772494,0.6066277001380662,-0.0273922961836126,-0.2509800797307061,3
59.0,57.0,True,0.344767125023216,0.2782875821893875,1.0023138625016186,0.8102483154007997,0.3679430812799811,3
59.0,58.0,True,0.3401749084865175,0.2007026633250564,0.8369823311667133,0.5665387399590661,0.7906267830414769,3
59.0,59.0,True,0.3047965351461869,0.1884877190893778,0.6621204525223279,-0.0784072619006023,-0.5315576813486175,3
59.0,60.0,True,0.3960217141178632,0.2592995449264,1.0014924726966783,0.5538325971482355,2.7077791700475684,3
59.0,61.0,True,0.2226703480232421,0.1288679904280635,0.4978376839700666,0.2880746190562205,-3.2390799897726756,1
59.0,62.0,True,0.2845191964229811,0.1391638170125231,0.8298795091776079,1.547160957544976,-1.2928225121484431,3
59.0,63.0,True,0.4178275334406827,0.3165163655508232,1.168613530368975,0.7922470520241511,2.497198097914984,2
59.0,64.0,True,0.3143723110526252,0.2239316310376199,1.2189249860071796,2.0163906259226843,-0.5290113627973071,3
59.0,65.0,True,0.1980327814395897,0.0954348680956969,0.4016248595508679,0.1953913878576999,-3.798412158254579,1
59.0,66.0,True,0.353425672862117,0.2139357373392743,1.124408297043182,1.1103777307518523,0.5346744075620992,3
59.0,67.0,True,0.30291501325808,0.2236244094320365,0.8702560479869282,0.94364141477494,-0.939442413742092,3
59.0,68.0,True,0.327136578810987,0.1381341073267349,0.5321652672487162,-0.6878181420312998,0.5311707146727102,3
59.0,69.0,True,0.3534986354092093,0.19475289055271,0.7011617996131753,-0.2198346627479645,1.269239271853305,3
59.0,70.0,True,0.4550300598570691,0.2293085308937448,0.9743849701636994,0.7807636078895558,3.941126746463232,2
59.0,71.0,True,0.4519645478732446,0.1990295055750455,0.7468591021965,-0.1720538747145664,4.3326269089932605,3
59.0,72.0,True,0.4720475517552343,0.2137136446495507,0.8534984560093469,0.1984073105205884,4.793362073889921,3
59.0,73.0,True,0.4183499852035229,0.2455505674703974,0.9802264383681436,0.412041793141933,3.0604902846177957,3
59.0,74.0,True,0.3430979679050205,0.1626726084841031,0.7057458611879459,0.7095623801007969,0.5641497110971795,3
59.0,75.0,True,0.1761271458621417,0.1471252253136574,0.5131151982756789,0.7481807452619094,-4.432757741190336,1
59.0,76.0,True,0.2414272304146741,0.1674542436576454,0.7733786099264897,0.9123916457176368,-2.7411540837871113,3
59.0,77.0,True,0.1823185630282387,0.164973055761002,0.5932809740983039,0.8612035328093548,-4.284564110935778,1
59.0,78.0,True,0.2183309424715758,0.1507781435956827,0.8163551144044114,1.6561747264584288,-3.3466607830923993,1
59.0,79.0,True,0.2198755051156758,0.1145273464928216,0.3792988141924868,-0.2804865186460044,-3.1905294341784085,1
59.0,80.0,True,0.264475975490985,0.1988726887637051,1.0559684806506215,1.7182837331871434,-2.312836037619811,3
59.0,81.0,True,0.1988345611738027,0.1324256726051128,0.519375082739974,0.6334520276051744,-3.7707317116577617,1
59.0,82.0,True,0.2628941096451895,0.1671815343780181,0.6505138902136512,0.6334501238436854,-1.8478519621842993,3
59.0,83.0,True,0.1611219448454681,0.1160305395604474,0.3869125517640385,0.5128661979611848,-4.906200372311079,1
59.0,84.0,True,0.3044992900159428,0.1022369367596929,0.4661352091014329,-0.1906537411009855,-0.5972490139330239,1
59.0,85.0,True,0.2880964680456257,0.1544716050240059,0.6415690308899662,0.6632442486712514,-1.203008459666255,3
59.0,86.0,True,0.2998277942158742,0.2662713802790737,1.093188494123302,1.5546096409823258,-0.879736946380628,3
59.0,87.0,True,0.3735755846331701,0.2117443877490231,0.906138014920218,1.325584054304155,1.4927514898672485,3
59.0,88.0,True,0.2601919034705874,0.1765029987849752,0.6625475648980196,0.4592940293897934,-2.3147317364148257,3
59.0,89.0,True,0.4077966286503428,0.2793454380951938,0.985516466624245,0.7018674530899842,2.6745055391851578,2
59.0,90.0,True,0.592550142664724,0.4500231750125197,1.5,0.7613436390720796,7.9670346306884605,2
59.0,91.0,True,0.7719106921321371,0.3112263195419162,1.5,0.5722826882833094,14.561235236010644,2
59.0,92.0,True,0.7078733873868996,0.2560859838290663,1.175364486932163,-0.0550636065991114,11.734549003212418,2
59.0,93.0,True,1.015161631001037,0.3657806622170958,1.5,0.1098921066936377,21.0649983522492,2
59.0,94.0,True,0.930508972490379,0.3998424962789071,1.5,-0.1052015699661141,19.240813105620255,2
59.0,95.0,True,0.7177700815695718,0.3518961707824364,1.4855179043862845,0.4852891466496495,12.135300283925446,2
59.0,96.0,True,0.7842184333592419,0.3457932785107395,1.5,0.1829202566434822,13.857266675946772,2
59.0,97.0,True,0.9169276723814012,0.2845688607576372,1.5,-0.058459310917198,18.80799865997128,2
59.0,98.0,True,0.7327504627705859,0.2142006602160434,1.0360986873334044,-0.6183920229685226,12.977305387199491,2
59.0,99.0,True,0.6298622953443183,0.1957765320042499,1.0549832999010529,0.1194922140847169,9.512720130772824,2
59.0,100.0,False,,,,,,0
60.0,1.0,False,,,,,,0
60.0,2.0,False,,,,,,0
60.0,3.0,True,0.1608075651380827,0.1301698965564621,0.4950123479537681,1.1737861612092977,-5.0023180405728676,1
60.0,4.0,True,0.403106197705208,0.1946850258530729,0.7492823192577119,-0.060527351135676,2.5130694070131483,3
60.0,5.0,True,0.215369323903506,0.2284208195531492,0.9621631376642495,1.4049762284931242,-4.0536186187957775,3
60.0,6.0,True,0.3150831907869905,0.2110766636144455,0.6715207899126271,0.319202762648191,0.095325918245541,3
60.0,7.0,True,0.3954889214210501,0.1814039101982613,0.717573536326244,0.2150039250428549,1.994399187437652,3
60.0,8.0,True,0.4350440880908799,0.1742717531538634,0.7788247116049273,-0.0092226900592176,3.3672078175974907,3
60.0,9.0,True,0.3799924274210436,0.1979023519688352,0.8301827693815763,0.9635813613268496,1.7319923834216295,3
60.0,10.0,True,0.3483339553009,0.2030246699569641,0.7646076606444789,0.0157543397011914,1.0161656708287363,3
60.0,11.0,True,0.5033051755129969,0.2377414701431925,1.0305622945819914,0.1185369243992075,5.4030502498729325,2
60.0,12.0,True,0.3120924402144027,0.1820956844519309,0.6877043719115263,0.1197534026029102,-0.2256408208635913,3
60.0,13.0,True,0.4172027928974137,0.1711011710841389,0.7971108794231279,0.459023213920517,2.9390633479398627,3
60.0,14.0,True,0.4715262260756601,0.2379885137038062,1.0415254564643612,0.4286571009691441,4.596101712697021,2
60.0,15.0,True,0.2018922800302845,0.113895390838759,0.4008487882227567,0.0525253629299221,-3.6292343576541457,1
60.0,16.0,True,0.2625984151052637,0.1889820905585895,0.5931349979706676,0.2383655011299294,-1.524563292071203,3
60.0,17.0,True,0.2848840120988221,0.1267252578660018,0.4951124573645528,-0.3604506928677767,-1.14427719453659,1
60.0,18.0,True,0.3572849277623811,0.2084817252993751,0.9122623689412608,0.8729503075280339,0.98290912779659,3
60.0,19.0,True,0.2064799475493939,0.1644311452513249,0.653938059236024,1.0992794741405787,-3.2956389649663933,1
60.0,20.0,True,0.2942198068701843,0.1303788819238234,0.5231456481815026,-0.1674936833193943,-0.839384305675233,1
60.0,21.0,True,0.3180974946395823,0.1761550545043797,0.762962550824748,0.6261319710666905,0.039931723107315,3
60.0,22.0,True,0.3126198479018438,0.1520586561456668,0.6394804672512955,-0.2449910684041477,-0.2972688231432778,3
60.0,23.0,True,0.2373479941544516,0.1315958669800942,0.5035524690277926,0.2880753100829082,-2.5902915868941516,1
60.0,24.0,True,0.4244180381774066,0.2742810843074033,0.9022799485827382,0.4498586928208389,3.042535269334084,3
60.0,25.0,True,0.431410138141105,0.20223943648105,1.0069276481456495,0.9110337479784923,3.0325530423240714,3
60.0,26.0,True,0.4343721372148428,0.2237117161297539,0.9289560232982944,0.1506330005455912,3.512969020760109,3
60.0,27.0,True,0.5312752540935048,0.1644746759952889,0.7657985557603972,-0.5894512158849522,6.8176392982886735,3
60.0,28.0,True,0.533907951624703,0.232445667321415,1.0008218056035776,-0.0319607860248333,6.35427893711484,2
60.0,29.0,True,0.5819915749156266,0.2424504533903302,1.1145978704275077,-0.1656559827715175,7.601590031335744,2
60.0,30.0,True,0.4257028036479123,0.2186333796372938,1.0146446019804496,1.300887563472188,3.3220889695369222,3
60.0,31.0,True,0.3412514466491178,0.2105132241912768,0.934245058636988,0.5779010502553803,0.1681110798936009,3
60.0,32.0,True,0.3918565750592191,0.1579917339805024,0.7455065764731417,0.4936190468715509,2.38112339536239,3
60.0,33.0,True,0.2222302438477675,0.1405002420639368,0.5829268408809323,1.1814432973235198,-2.978222090840036,1
60.0,34.0,True,0.2889672172618683,0.1545699195970233,0.5726003598691942,0.0893136137771852,-1.0757294569664957,1
60.0,35.0,True,0.2679421433887166,0.1023803089283339,0.5174431433719856,0.8295265127809346,-1.602126115652605,1
60.0,36.0,True,0.2783280237463088,0.1407691561002965,0.5173351133858292,-0.0358757388462596,-1.280100122558164,1
60.0,37.0,True,0.2867943021340327,0.2280797869571128,0.7980787601580831,0.7480815429022978,-0.8435533102162872,3
60.0,38.0,True,0.2423104821852207,0.1744253609292373,0.5812156010368014,0.5974248194571378,-2.5659346849681657,1
60.0,39.0,True,0.3394854623628103,0.1383798230744905,0.5732071665048268,0.0451732287919314,0.7036746176664429,3
60.0,40.0,True,0.2947317257580353,0.1256358274262448,0.5586520941574498,0.1171740777283887,-0.7947221828813629,1
60.0,41.0,True,0.5399590456016783,0.1843284654595373,0.8294029849661171,-0.6233856979204843,7.14103016510469,2
60.0,42.0,True,0.5453232457897609,0.179887561150397,0.8391701834115853,-0.0461604083772062,6.745165275302745,2
60.0,43.0,True,0.4157441346781179,0.1572160871636268,0.6955946502182313,0.1605873915047073,3.1509373326999515,3
60.0,44.0,True,0.2620243771020252,0.1624237974982405,0.5371447746477372,-0.124686699184031,-2.187555163693947,1
60.0,45.0,True,0.4440751504698961,0.2534219938740626,1.111675711960192,0.7951805633357301,3.329052538727363,2
60.0,46.0,True,0.3671396840546019,0.2186471868493627,0.8501488699336044,0.3405913500371297,1.7473951060629551,3
60.0,47.0,True,0.3323998113283052,0.1875586507636259,0.6673598893392636,0.0816104763917486,0.4626083676159412,3
60.0,48.0,True,0.2953177350620434,0.1381845842835217,0.6029011444793724,0.0272967461633565,-0.7622922004810885,1
60.0,49.0,True,0.327810785882992,0.194860099226604,1.145488821812643,2.107254230150326,-0.1392622941109051,3
60.0,50.0,True,0.284907078881374,0.174739476954801,0.7578530445231743,0.9967520346058224,-0.981591040205853,3
60.0,51.0,True,0.2641864046922806,0.2291565735656388,0.7899848591267759,0.6898465932123273,-1.683097478177018,3
60.0,52.0,True,0.3339428674410222,0.193476368582398,0.7731749783268722,0.5912253775187153,0.373901277071436,3
60.0,53.0,True,0.3050484182006112,0.1240964322350202,0.578934485050497,-0.1834469072246416,-0.4384834700802727,1
60.0,54.0,True,0.2953524021763551,0.2006101354597566,0.951924398394398,0.6795223141752618,-0.9477922853300056,3
60.0,55.0,True,0.4529297067724973,0.2163456044531696,0.8408865176413767,0.1085883609915537,3.928072047373062,3
60.0,56.0,True,0.3244841718323109,0.2838763925170665,1.081823413811354,1.2282705110061476,0.2996905351071753,3
60.0,57.0,True,0.2707830895972118,0.1232125201437294,0.5038645236084462,0.0733377128546289,-1.5821085946003932,1
60.0,58.0,True,0.2717497988788548,0.1467561338277368,0.5770731178928591,0.0014344947362763,-1.2608158077869005,1
60.0,59.0,True,0.2377094899392612,0.1655219337281198,0.6407532795022988,0.6669881243595907,-2.5181803199668744,1
60.0,60.0,True,0.28002224121737,0.2106238715371815,0.6926134416010251,0.6406829820602976,-1.2145248334143175,3
60.0,61.0,True,0.2136234346040306,0.1777099319507935,0.7558146878686132,0.9118712702005995,-3.594328475005511,1
60.0,62.0,True,0.2395784813028946,0.1507209501863967,0.450807520382236,-0.1521509853650214,-2.6346097055077937,1
60.0,63.0,True,0.3052512517899352,0.1423598111275663,0.729957518117557,0.516815311892032,-0.8040990155030069,3
60.0,64.0,True,0.2275430673288882,0.1807972486687927,0.6181146312089509,0.4298235883714787,-2.9283617253571608,1
60.0,65.0,True,0.2844734271336825,0.1586553232794713,0.8052609219523259,1.066544890018914,-1.320950321273802,3
60.0,66.0,True,0.4219384839749686,0.1770472683625855,0.829930326186021,0.5660662143883354,3.2971855977597917,3
60.0,67.0,True,0.3231247517796378,0.2078032745394468,0.940156392250618,1.0017657951367591,-0.2160032646235914,3
60.0,68.0,True,0.4955881936778775,0.2814849252906516,1.250507280232639,0.273216030499597,4.987235521327677,2
60.0,69.0,True,0.4523767535765325,0.2362035939181554,0.9069065102231638,0.3454826113067368,4.359177181073568,2
60.0,70.0,True,0.4430285688695047,0.2125754125491495,0.9327056831168534,0.6136902118241684,3.7927173481606946,3
60.0,71.0,True,0.5467723901939625,0.2561560308273307,1.0727306415199336,0.3354167940565668,6.765682727344701,2
60.0,72.0,True,0.5400800591300755,0.3029811680103458,1.5,1.4477799160647862,6.209994896972678,2
60.0,73.0,True,0.3748595167220745,0.1825947336547634,0.6765589332254501,-0.3319033542692535,2.10133843483377,3
60.0,74.0,True,0.3355990880581131,0.2052139650517754,0.6775049112348426,-0.0600784235657932,0.1759121544260347,3
60.0,75.0,True,0.3436037562890989,0.168845784690982,0.7250655525445517,0.7363505455654331,0.7131247841627253,3
60.0,76.0,True,0.2656971843169676,0.1767650348183076,0.6810130310922565,0.5217332605035979,-1.402334392692692,3
60.0,77.0,True,0.2611950869014232,0.194919880933313,0.6780622469376636,0.4820802963244087,-1.7442589048806805,3
60.0,78.0,True,0.2894081031673422,0.1696077873768993,0.5741205164546597,-0.1296968889405617,-1.178219601326189,3
60.0,79.0,True,0.2503334763289972,0.1116869323195221,0.4386257661618695,-0.3147500209330368,-2.178898152026488,1
60.0,80.0,True,0.141913380061608,0.133170833169312,0.4483798989253441,0.6464845200509435,-5.637929388712405,1
60.0,81.0,True,0.4357051471093087,0.1307458777853763,0.6806591276554739,-0.1198098211016583,3.564989357430785,3
60.0,82.0,True,0.231968770788305,0.2298748898447662,0.7462926194946485,0.6919892500226044,-2.9839355656459956,3
60.0,83.0,True,0.3177961674753072,0.1839168233869092,0.7278760844038212,0.807481556598373,-0.1792615614630107,3
60.0,84.0,True,0.2990712310732777,0.1301726679368653,0.6984762325143385,0.6075808869603085,-1.0163224760056404,3
60.0,85.0,True,0.274899852414762,0.1551545659655033,0.6119789966503625,0.3629794042753947,-1.8482707248906631,1
60.0,86.0,True,0.2615950198389669,0.1369393944913886,0.6067873696296657,0.5789011160728365,-1.6831627702502785,1
60.0,87.0,True,0.3023821478185277,0.1086797973695069,0.5979381295464025,0.4413583418924817,-0.5460097765760686,1
60.0,88.0,True,0.3046471134002213,0.1108469280514635,0.5011780572050155,-0.5317878474013511,-0.4611662412533409,1
60.0,89.0,True,0.4298281263058768,0.2206549309036393,0.8545137514502793,0.3099564175045318,3.406693045964478,3
60.0,90.0,True,0.537389939419968,0.1645973086845835,0.821380012551768,-0.2766881035771467,7.014058224809694,3
60.0,91.0,True,0.5183596739073373,0.2245831575400777,1.1727347786501698,1.6210320823779194,6.051107305728933,2
60.0,92.0,True,0.5217006761396544,0.2344407139773561,1.0295370370342247,0.135437704465871,5.7453265155448765,2
60.0,93.0,True,0.8417411784608062,0.2374237666841999,1.4260075868956943,0.6636261646836532,15.995524079837557,2
60.0,94.0,True,0.8114398360693754,0.3029286196582667,1.3711372882618986,-0.0501770507633005,14.938423070127916,2
60.0,95.0,True,0.9402390881724336,0.279633947520393,1.5,0.0904243911663012,18.573017367793323,2
60.0,96.0,True,0.9906001949652538,0.3220324402746786,1.5,-0.2329777328980644,20.744413876456314,2
60.0,97.0,True,0.7224659345710407,0.2432717083944135,1.2871227680879689,-0.3212608736224026,12.416176182120644,2
60.0,98.0,True,0.7457283092809862,0.3244842684403592,1.5,0.733497963205511,12.310358652670246,2
60.0,99.0,True,0.4532654570111407,0.1717280243435545,0.8638458538046401,0.5388185562955689,3.924743521022428,3
60.0,100.0,False,,,,,,0
61.0,1.0,False,,,,,,0
61.0,2.0,False,,,,,,0
61.0,3.0,True,0.1886095444865595,0.0777805328088625,0.3903050743197708,0.5329448912694592,-4.033544146042806,1
61.0,4.0,True,0.3454847775506952,0.1503675196132208,0.6426947773035854,0.0562523885961698,1.0138273588968167,3
61.0,5.0,True,0.214439422433184,0.1330776409994513,0.491296472654472,0.1780041128497624,-3.101193478391166,1
61.0,6.0,True,0.2637226536653659,0.1795477005717527,0.777152362872941,0.579445168886015,-2.046492029428103,3
61.0,7.0,True,0.3221909292470437,0.1769948417925379,0.5821806060481175,-0.4426597324691799,0.1991838525522548,3
61.0,8.0,True,0.4544847327532282,0.2230247524516062,1.088959507144727,0.1089919376584474,3.9217747165494825,2
61.0,9.0,True,0.3604374312740275,0.1796905692510783,0.7785780793140812,0.8840731538289016,1.299352570825361,3
61.0,10.0,True,0.5329168785014453,0.2939181702589035,1.187356724637571,0.4248901286961639,6.95745840492422,2
61.0,11.0,True,0.3889116622385584,0.1930976071306826,0.88260623230409,0.8375606695313645,2.2329043803648863,3
61.0,12.0,True,0.3578440070332649,0.2449053194078246,1.267104110574694,1.5138824635761774,0.3470562054497488,3
61.0,13.0,True,0.3632986493603158,0.152548765839375,0.6776583484959497,-0.2258660149156381,1.0441032597111164,3
61.0,14.0,True,0.2332044694794106,0.1393477283066649,0.4385658433321666,-0.2529503443138324,-2.5039893574497265,1
61.0,15.0,True,0.3598641505179533,0.1837774368388433,0.6729510197908558,0.0747782937461673,1.223637000330254,3
61.0,16.0,True,0.2884038758711638,0.1974642252708975,0.736862103836414,0.5198334739671172,-1.0495399684276323,3
61.0,17.0,True,0.3551186550045673,0.2673918875488904,0.8965826929334408,0.3611100577542879,1.0267293576497467,3
61.0,18.0,True,0.3996168824841624,0.1808434677727816,0.7089225744595331,-0.1523738590791227,2.4851098440598265,3
61.0,19.0,True,0.2864073915789499,0.1379740351264588,0.4597545893030448,-0.6417395025842009,-1.120730602128062,1
61.0,20.0,True,0.1745257724782158,0.1437943839525266,0.5428186016527475,1.1332167448600992,-4.282848960360242,1
61.0,21.0,True,0.3204042369832239,0.1441143137824334,0.800953967552699,0.6921289032122371,-0.1076670872528147,3
61.0,22.0,True,0.460136753496903,0.2429936455924101,1.0609347877035082,0.9711381739947816,4.295989561229667,2
61.0,23.0,True,0.2138362739780925,0.1661938882032801,0.6383094567755117,0.8567680389532406,-3.360765919991038,1
61.0,24.0,True,0.3998891808051872,0.2423843318255946,0.908725262257306,0.4465126221366722,2.671536865421342,3
61.0,25.0,True,0.3500386188985145,0.2026784339665821,0.7542702095847031,0.2291459015138964,1.14845053126886,3
61.0,26.0,True,0.3609191824685824,0.2239913798260844,0.8355565099888309,0.2790501550524329,1.6494094206341945,3
61.0,27.0,True,0.5920920446380901,0.2837658722027265,0.9843303670725438,-0.6430349568279423,8.752895932033832,2
61.0,28.0,True,0.5534748129712911,0.2985412197409044,1.2617641959239578,0.8811662189602529,7.259850723134457,2
61.0,29.0,True,0.6415177806508376,0.3275623861307347,1.267939464475365,0.2748926987807645,9.90229716379129,2
61.0,30.0,True,0.6093139976872345,0.3009845909610961,1.3847586682373456,0.6463814635558112,8.385531986860933,2
61.0,31.0,True,0.4262426679808234,0.2299594252988455,0.9324403469416508,0.2783729936997946,2.8543273890737604,3
61.0,32.0,True,0.3612873182219242,0.125194056020735,0.6528242047051098,0.3024679673066432,1.224957031295454,3
61.0,33.0,True,0.3201806217966793,0.1662212040069005,0.5557957914348264,-0.2570169577944207,0.0829377899889399,3
61.0,34.0,True,0.2513452473054243,0.1132607266795148,0.4559992794393966,-0.1520215678321681,-2.323833677671793,1
61.0,35.0,True,0.3730350281501301,0.2685199449501593,1.006644245086818,0.6756915865991522,1.2695269738552657,3
61.0,36.0,True,0.3333053552318109,0.2035644401142173,0.7154660354703366,0.1766600119347087,0.6881946001754474,3
61.0,37.0,True,0.3550524387661357,0.184144886270503,0.7273193068516233,0.2035681834396547,1.3620472038021676,3
61.0,38.0,True,0.2638753492188133,0.1687018045090993,0.6949527809015015,0.6135090327454872,-1.6561521283327558,3
61.0,39.0,True,0.5120771363521125,0.2238302007662569,0.9111491261057596,0.0701111852179324,6.212023773411062,2
61.0,40.0,True,0.4843237207325857,0.2785252088043265,1.02729932259564,0.2930702794472441,5.231912592559965,2
61.0,41.0,True,0.4703166796274664,0.2926481297086261,0.9620368662696476,0.1471434903135061,4.873705492481835,2
61.0,42.0,True,0.3704893712916852,0.2007973304048072,0.7942498652543865,0.3790933212924818,1.5448950946235305,3
61.0,43.0,True,0.3795798771224288,0.2292934231252335,0.875362799463185,0.4477061188692534,1.365456493274113,3
61.0,44.0,True,0.2336711530383974,0.1492324712489934,0.5479941854303855,0.2557101938241379,-2.590469043042912,1
61.0,45.0,True,0.3483805499973,0.1290898496172484,0.5708855242806943,-0.0655617475009981,0.9211993508889524,3
61.0,46.0,True,0.328284459718232,0.1700672793282149,0.6585274325986034,0.0521294567728879,0.0692191853280222,3
61.0,47.0,True,0.2856062740780377,0.139913836044395,0.5854831082231684,0.2878500794568889,-1.0673832393496208,1
61.0,48.0,True,0.3253163320360538,0.1651084418444995,0.6591664333445951,0.3067907461538206,0.1964757949338964,3
61.0,49.0,True,0.3244678005528986,0.1394655882299943,0.6181572477558026,-0.4509076024662407,-0.200956626960393,3
61.0,50.0,True,0.2794748549613585,0.1267427930340009,0.4697556866319327,-0.6487575594581725,-1.2330321336446617,1
61.0,51.0,True,0.1153278465872474,0.0951304842290055,0.3979567771140811,0.9332378188183272,-6.62352202033175,1
61.0,52.0,True,0.2780804841271032,0.1533740836382232,0.5610861062104159,0.4389573806455593,-1.4776620454134082,1
61.0,53.0,True,0.274341304009334,0.1472976452776518,0.6369268608253806,0.3759034254425157,-1.1120486419872782,1
61.0,54.0,True,0.2468403601815506,0.1607094251870574,0.483752834411866,-0.1311236776531093,-2.4366111991780897,1
61.0,55.0,True,0.3176760271802074,0.1781662315705151,0.6300471053169221,0.1765764092549663,-0.3142557701528546,3
61.0,56.0,True,0.4714548625673235,0.1690894257384712,0.9704742643673424,0.4305778972708811,4.35271639153821,3
61.0,57.0,True,0.3512222289138645,0.1706300647905142,0.8416714436049352,1.2971765285978374,1.2074442467901214,3
61.0,58.0,True,0.2955744399543518,0.2149531782124134,0.7076676167541044,0.2885077388943169,-0.6892881541834325,3
61.0,59.0,True,0.450433644014697,0.1783551990500365,0.7667916101974065,-0.8945736981688523,4.416126654913312,3
61.0,60.0,True,0.3393644196984081,0.2399852051840891,0.7711985076013158,0.3760855003478996,0.3617165797555344,3
61.0,61.0,True,0.3933435447520182,0.2265369731706634,0.8265995184818012,0.412122310803928,2.6215479469185077,3
61.0,62.0,True,0.4342195585194497,0.1955807812386754,0.8375089814100636,-0.1804290890132632,3.694101585497504,3
61.0,63.0,True,0.3028291391847746,0.0971241620094917,0.5095997440687423,0.0912378408672808,-0.4521254596260793,1
61.0,64.0,True,0.252220115732267,0.139456222373618,0.5153350255710724,0.0906921429520067,-2.1044859076530726,1
61.0,65.0,True,0.3306081890802103,0.1366216514141844,0.6330445728348502,0.5309490310092796,0.4393514219845144,3
61.0,66.0,True,0.3690756541235984,0.2358506618701478,0.8900237122976318,0.6295978183709257,0.9211086849710338,3
61.0,67.0,True,0.5218860527989667,0.2664227549584256,1.0871744603088456,0.0751764176770275,6.657596878329487,2
61.0,68.0,True,0.3693285993746326,0.2112512409857226,0.7332262016254907,0.0536627203149461,1.6105001093902576,3
61.0,69.0,True,0.3310754462603608,0.1707460579676971,0.7106719356353284,0.2914329237365198,0.0268685043351436,3
61.0,70.0,True,0.4715741997371889,0.2291837236732354,0.931544143944443,-0.0349235687967766,4.563299491446971,2
61.0,71.0,True,0.5114591295974141,0.1607594413926236,0.9264602968976792,0.8336470542325637,6.144372860516914,3
61.0,72.0,True,0.3948808505943614,0.2128056681775431,1.0554189742085722,0.919317405614561,1.9185379473583664,3
61.0,73.0,True,0.3049147937255231,0.1630338779097029,0.6331441535270302,0.2288218246665795,-0.3734527489500849,3
61.0,74.0,True,0.5005171164785019,0.2435369480802836,0.889427811052211,-0.4549780691285693,6.005552015685548,2
61.0,75.0,True,0.3372997670418416,0.1863392397552011,0.9408777781658472,0.9544898769201534,-0.0188920673493336,3
61.0,76.0,True,0.2835046934811043,0.1573087493870136,0.5973725586843274,0.1139710218227481,-1.436956444189714,1
61.0,77.0,True,0.3504348541467421,0.217974989689601,0.679482118796517,-0.1027136304979704,0.7846292025735085,3
61.0,78.0,True,0.1381361686585466,0.0879364489314517,0.3356454087217482,0.8628310116731353,-5.602016866404796,1
61.0,79.0,True,0.2626401638875559,0.084347587323633,0.4515884362793449,-0.2042025952139402,-1.6538851406235129,1
61.0,80.0,True,0.2299832487070142,0.18994512682408,0.7204528935610306,0.7117802369973455,-2.9455372124167405,3
61.0,81.0,True,0.2868116247270429,0.1513642502808028,0.7020314019893508,0.3318542113827055,-1.183782443250988,3
61.0,82.0,True,0.1976838316263543,0.1362305843307572,0.4429319044328071,0.1848495855200994,-3.665738263861696,1
61.0,83.0,True,0.2019178592911917,0.1007415371026295,0.5001037358749678,0.6180451929818966,-3.77252542557581,1
61.0,84.0,True,0.2295560890969218,0.1602649014803772,0.6476815391184416,1.0403133599179153,-2.835747544818959,1
61.0,85.0,True,0.1369130997911067,0.1011259010320314,0.3365605112999416,0.1510450547207008,-5.77716723541561,1
61.0,86.0,True,0.3903439080111846,0.2049491953907246,0.8370998876129,0.4138794650034478,2.11582599477902,3
61.0,87.0,True,0.3073038039229365,0.1925453173729278,0.6828781948498267,0.0123572706431029,-0.3888696057399348,3
61.0,88.0,True,0.251733219047985,0.1120822247916943,0.4693923505953528,0.561226718053559,-2.382443888963192,1
61.0,89.0,True,0.3099433207529514,0.1078344964859126,0.4859293800857341,-0.524924038707044,-0.1846363299066963,1
61.0,90.0,True,0.3654946134472238,0.2794374174810465,0.8809483781408014,0.3197435042747412,1.5781964015842762,3
61.0,91.0,True,0.3436565886247225,0.1487732956519406,0.5462026243940047,-0.3328856717163448,0.947562833130752,3
61.0,92.0,True,0.5135023359056744,0.3280990854286093,1.2257373120507329,0.9140038595136046,5.584215292116188,2
61.0,93.0,True,0.6057632555905137,0.2394927658482964,1.1655819257688311,0.0493420436947632,8.579391980850007,2
61.0,94.0,True,0.6379108489601194,0.2399629963696656,1.073375216674746,0.0642321272146005,9.823677085718517,2
61.0,95.0,True,0.7246472597444706,0.2811322448613222,1.5,0.6970389214882755,11.91074271787423,2
61.0,96.0,True,0.6934421854006675,0.248450725541789,0.9811871196137928,-0.9626724862440198,11.752500404894828,2
61.0,97.0,True,0.7489042203815319,0.277171271931771,1.5,0.6277091013634819,12.939044063627582,2
61.0,98.0,True,0.7918091846992628,0.2965824072598664,1.5,-0.077437099838378,14.16900848512253,2
61.0,99.0,True,0.1414492942135669,0.0973190720720115,0.3472742605878961,0.2995359996984715,-5.500990191961429,1
61.0,100.0,False,,,,,,0
62.0,1.0,False,,,,,,0
62.0,2.0,False,,,,,,0
62.0,3.0,True,0.1058612552759949,0.115413797280648,0.3903285508870663,1.0773824612489502,-6.623434425898068,1
62.0,4.0,True,0.3245277616085347,0.1660076464778305,0.7473391784824682,0.4796762752589041,-0.0705877720976901,3
62.0,5.0,True,0.2601422790381532,0.1830224461630258,0.6270019681051048,0.3884870528962607,-1.7325434690996877,3
62.0,6.0,True,0.2903178374761255,0.1879409167160245,0.7583555172504132,0.7728215330233281,-1.1873440009851204,3
62.0,7.0,True,0.2069001914734907,0.182450011742612,0.6834892202790683,0.7069554973744592,-3.730236271069419,1
62.0,8.0,True,0.4782832350114866,0.2039899461422169,0.759237812639804,-0.5171041020402631,5.0415688319966305,3
62.0,9.0,True,0.4113100209685454,0.2377558380833131,0.849939986270301,-0.2686135720413367,2.697890326950729,3
62.0,10.0,True,0.2992093693820055,0.1951992908490302,0.7582741508359672,0.5593151934718901,-1.1292412570147263,3
62.0,11.0,True,0.3021641909668792,0.1907486884941999,0.6794413389164062,0.5905562083723671,-0.6674595122079968,3
62.0,12.0,True,0.2505254841611388,0.1802086168908743,0.7258292490942106,1.1406558333291748,-2.451855906989427,3
62.0,13.0,True,0.3813090979718462,0.2078443631978785,0.9446435234831044,1.4329909618935377,1.9044178442786244,3
62.0,14.0,True,0.2401885670453573,0.1587476715118508,0.5679747148068718,0.1637934259021292,-2.598128756380108,1
62.0,15.0,True,0.2470110458137932,0.2279993477839069,0.838501273785275,1.065911489290547,-2.1899327637287818,3
62.0,16.0,True,0.2171106708172941,0.1451949827475941,0.5229687789809995,0.5044391279939291,-3.370120542900879,1
62.0,17.0,True,0.3321986419266972,0.1583226371236371,0.6754653645403098,-0.0954398026384161,0.2461850196588006,3
62.0,18.0,True,0.1862331554960055,0.138307286427556,0.444566181109836,0.3090096699438552,-4.157583318500569,1
62.0,19.0,True,0.1898120411447055,0.1077826347630802,0.3837190024656014,0.0386163323049683,-3.970379374299456,1
62.0,20.0,True,0.1785326922882397,0.0797140934090916,0.3224231634729723,-0.2882925396182498,-4.348264074784775,1
62.0,21.0,True,0.2598584227994522,0.1302879588757194,0.5343297922045354,0.1542111728733335,-1.7247195623074263,1
62.0,22.0,True,0.3384529220478506,0.2678502286321408,1.3664797394063888,1.9128037638796265,0.075332407842923,2
62.0,23.0,True,0.3507458219845847,0.1726133167411304,0.6787790584787776,0.0112554497373979,1.0823429263432152,3
62.0,24.0,True,0.3785214200919179,0.1823734529899298,0.6581924923428544,-0.2974685539171469,1.842026108010024,3
62.0,25.0,True,0.2801355745774815,0.1437375567048556,0.5458254489891707,0.1080851779429286,-1.3954537914367269,1
62.0,26.0,True,0.3624366558440338,0.1948418114783662,0.6424451694599059,-0.3592575568560557,1.1707551085531305,3
62.0,27.0,True,0.5006803028626133,0.1529215695894118,0.7565138414358934,-0.0476223845388429,5.5402513016834325,3
62.0,28.0,True,0.4035041084244321,0.2163961270502167,0.9330567111780338,0.2885294813762262,2.58055740153367,3
62.0,29.0,True,0.4821355247313277,0.2930344639083713,1.429679696398197,1.2596366871526647,4.227384419788931,2
62.0,30.0,True,0.4086425039775996,0.1884384144930176,1.0622694841691465,1.2381782032487143,2.118116504098365,3
62.0,31.0,True,0.400040372892519,0.2228306685323457,0.9434444910928828,0.2206938867819665,2.1690765606878104,3
62.0,32.0,True,0.3441730114817024,0.178675880784644,0.7130853193055221,0.1382796031292011,0.6816979991268993,3
62.0,33.0,True,0.3039029221304374,0.1532511981873727,0.6489464489027122,0.1334894488277744,-0.5327363061740901,3
62.0,34.0,True,0.2854090746318684,0.2691743904668234,0.8860757912764856,1.178305535595794,-1.199001482856055,3
62.0,35.0,True,0.4065840771079796,0.1334622053348759,0.6533576182014469,0.0257278176592272,2.632322640017943,3
62.0,36.0,True,0.3507848423861874,0.2222864765655162,0.8257109476168711,0.1719709398362818,1.0803506392051432,3
62.0,37.0,True,0.3516683463337752,0.2035566743420139,0.8396063472973526,0.8562356912806017,0.7933150319656388,3
62.0,38.0,True,0.3824644346783172,0.1733597809706462,0.7557103543183151,-0.0225141611451036,2.073379242520806,3
62.0,39.0,True,0.4556306493066189,0.2293484960230048,0.7725634215578029,-0.4819761172337394,4.098255993660156,3
62.0,40.0,True,0.3649511272742865,0.1529316317709176,0.7298980476844388,-0.238334940044915,1.213554544488788,3
62.0,41.0,True,0.4841389332306471,0.2627421028229432,1.0094630309510708,-0.0310279001141782,5.370441423163796,2
62.0,42.0,True,0.4487314410702778,0.1744249835053906,0.8915068546807187,-0.3407657877438509,3.6437450870657777,3
62.0,43.0,True,0.5097457558233354,0.2992563201674293,1.313513736321057,0.3200701035947722,5.56557940223009,2
62.0,44.0,True,0.5895750150498792,0.2939284962939587,1.327759430778668,0.6243824471756295,7.558993075425237,2
62.0,45.0,True,0.3093045390892761,0.1482437440515366,0.7250477837125151,0.2868368710171544,-0.5564716734967761,3
62.0,46.0,True,0.4039388781405649,0.2315998517406206,0.7565624328128212,-0.093177163920796,2.588174285379577,3
62.0,47.0,True,0.2724040997334687,0.1512191324447095,0.7106001507575928,1.0805172071822038,-1.6257437394308596,3
62.0,48.0,True,0.2495418935072611,0.1404044860483322,0.5950251519102372,0.2672901589090032,-2.5116520322304705,1
62.0,49.0,True,0.3081953799046788,0.1896605759019528,0.7778322641027371,0.472668496963231,-0.5288163333934427,3
62.0,50.0,True,0.2566503118180329,0.185834934105984,0.7304181334235038,0.8360941195000055,-1.8655264362154649,3
62.0,51.0,True,0.2720851324122475,0.1976110345477082,0.6699576767522307,0.3008144572287185,-1.5099123250284732,3
62.0,52.0,True,0.249083790814629,0.1744674713282339,0.6278766933634726,0.4965174670072397,-2.3836565872354836,1
62.0,53.0,True,0.3068313731466593,0.252124083560154,1.3065578276119862,1.6606221940535308,-0.9247851833299616,3
62.0,54.0,True,0.2525896102719239,0.1784383718933998,0.6080572591916988,0.4090319459163726,-2.174731220135194,1
62.0,55.0,True,0.3023813598282597,0.1752040328842683,0.5740303596877259,-0.2178470181463671,-0.3069089606239787,3
62.0,56.0,True,0.3803174486200423,0.2237478169656452,0.9515885540663152,0.9179898755611164,1.7014947089880836,3
62.0,57.0,True,0.3757436758179615,0.2621886106644771,1.044012981178713,1.0632811290451578,1.4945960118881547,3
62.0,58.0,True,0.4011265549018773,0.1628084194314081,0.7605369083926483,-0.0614122803845189,2.735126431435465,3
62.0,59.0,True,0.3432363112979468,0.1463752466364089,0.549850684779907,-0.7320195680897413,0.5150760384467281,3
62.0,60.0,True,0.3689195936461242,0.2082061545508726,0.8252908616279964,0.4110881755477624,1.4356328946560375,3
62.0,61.0,True,0.3911502352424429,0.1911676375518863,0.8088674341512994,0.2661293917071702,1.969766088049679,3
62.0,62.0,True,0.3105857993459396,0.1729108756917207,0.7548136947901618,0.450343060812889,-0.4307122590613177,3
62.0,63.0,True,0.4903314538381486,0.2157353108128578,1.1116943050792258,0.3669645110041839,5.17314741313614,2
62.0,64.0,True,0.3581940070767951,0.2194114128938289,1.0432822420403625,0.910117357542437,0.8284800550177246,3
62.0,65.0,True,0.4972040077651947,0.3107890268293348,1.3987136094643124,0.5905495072394463,4.899015879024044,2
62.0,66.0,True,0.4881070379783172,0.2148869731766903,0.9043496045832552,0.3328695010828231,5.212847496901653,2
62.0,67.0,True,0.4389141265207302,0.1997232147266503,0.8504644872046988,0.0275515000679227,3.852717920019235,3
62.0,68.0,True,0.5749603416973423,0.3079808122814743,1.100970216196834,-0.1067916123351422,8.25741784764526,2
62.0,69.0,True,0.3550142032198483,0.1251874332073553,0.6003377043812278,-0.2549813898267397,1.160973300247799,3
62.0,70.0,True,0.334888100734546,0.1728389898824721,0.6267743331648693,-0.0057231604721136,0.5542073823577893,3
62.0,71.0,True,0.4714241303475339,0.2050300450258167,1.097194494547955,1.0508845863916136,4.36513344191625,2
62.0,72.0,True,0.418986900346587,0.1598181501469237,0.7736020132912906,0.1352031953900448,2.8287638155093275,3
62.0,73.0,True,0.4303067532645039,0.2051342623755713,0.903081070395726,0.2196382476835566,3.068840744971922,3
62.0,74.0,True,0.2988197960181027,0.1927361312870281,0.8449951011535726,1.5822920254017334,-0.6122772811885212,3
62.0,75.0,True,0.3437455426524953,0.1927121420683592,0.8056066585483657,0.6215857056763237,0.5017049256347232,3
62.0,76.0,True,0.4038295085467113,0.1811526346335747,0.6471744665354785,-0.384436475555699,2.722484035223791,3
62.0,77.0,True,0.3851648909896695,0.2211220865903756,0.8278136701320195,-0.016220516204949,2.074463690722703,3
62.0,78.0,True,0.1807685428849229,0.1556847962902686,0.6076817705192823,1.1402532639694445,-4.267230510387734,1
62.0,79.0,True,0.319045979803388,0.1659506119677306,0.5989017443841322,-0.3722795770883552,-0.026039667658362,3
62.0,80.0,True,0.2397215105905867,0.1387873197307539,0.5890520947963427,0.5629789714414392,-2.4755800977617257,1
62.0,81.0,True,0.2176297529897259,0.1032566954003873,0.3862032909862929,-0.4554438544947236,-3.023137080739862,1
62.0,82.0,True,0.2199378558095413,0.1437485030503854,0.5487800967810066,0.6791884250251446,-3.1387726858954013,1
62.0,83.0,True,0.2457802763857493,0.113523344132971,0.4727183280735262,0.0986011903659145,-2.2508771643027643,1
62.0,84.0,True,0.1721238129453325,0.115198913015852,0.6194104154871247,1.6270803171373331,-4.772816078501122,1
62.0,85.0,True,0.2191798167754345,0.1326996526407177,0.4954576645815227,0.4778122763370951,-3.260203005844075,1
62.0,86.0,True,0.2321151423018865,0.2536436700355982,0.9331805714698757,1.5171136169769337,-2.409484299173414,3
62.0,87.0,True,0.2482338341766229,0.2066238361752346,0.7508647190993145,0.8198870036951111,-2.3646075486512017,3
62.0,88.0,True,0.3326789789784219,0.2091965616269388,0.7689545199549644,0.2892622886360229,0.3459891343695319,3
62.0,89.0,True,0.2135941640401717,0.1675033440554311,0.6036136453155371,0.6987351872433639,-3.3576690332550596,1
62.0,90.0,True,0.4214066842659053,0.1986329215273752,0.9022076878340084,0.8541313715919878,3.0876448190301,3
62.0,91.0,True,0.4604651508316205,0.2575907606727351,1.121614351879645,0.2780112646343896,4.2495067363643875,2
62.0,92.0,True,0.5708708320421811,0.2446520647866972,1.0923644589683972,0.345970662516061,8.103597121702308,2
62.0,93.0,True,0.6879190958560472,0.2799249931013611,1.3233842342853983,0.7579494277070041,11.456068411777617,2
62.0,94.0,True,0.595396891778037,0.279943817032636,1.3106358684528372,0.9319146655012822,8.243237964693028,2
62.0,95.0,True,0.6582052899517752,0.2536336635078517,1.2169554500519828,-0.192740273203373,9.838357752371762,2
62.0,96.0,True,0.5462595727125643,0.3186279369637557,1.3025596999821107,0.4181378537996032,7.138361567253812,2
62.0,97.0,True,0.759604461953208,0.2179548478324456,1.3385389223553594,1.2154417371072193,13.707328126938991,2
62.0,98.0,True,0.5800309176391503,0.2234599304816023,0.9670999643658076,-0.3379503989450791,7.763669151231073,2
62.0,99.0,True,0.0513797933510178,0.0617628768971273,0.2725052864150216,1.5200013680730626,-8.49044891935873,1
62.0,100.0,False,,,,,,0
63.0,1.0,False,,,,,,0
63.0,2.0,False,,,,,,0
63.0,3.0,True,0.0525697316439251,0.0577901118404958,0.1968841830852449,0.8773501633275945,-8.301470216411998,1
63.0,4.0,True,0.3774972033428485,0.2237256966388697,1.082692797552607,1.024026901536248,1.11844529282585,3
63.0,5.0,True,0.351084227842771,0.2072054686912772,0.7572352859739409,0.01924733097249,0.9898602708805376,3
63.0,6.0,True,0.2905013764773014,0.1700686213750581,0.6466549520480012,0.092987298302659,-0.7165369359553376,3
63.0,7.0,True,0.3085544327333719,0.1673344415600558,0.7281436292447893,0.7981722345670624,-0.1795584270817969,3
63.0,8.0,True,0.3057235880282733,0.1454254922225782,0.6364197578248583,-0.326973904884276,-0.7685266134023112,3
63.0,9.0,True,0.4197614487816757,0.3209778881374899,1.0835427255849237,0.506581840018634,3.2149169434823746,2
63.0,10.0,True,0.5010029439797904,0.2835636383302515,1.2799899561207828,1.3700470950966936,5.724813159126183,2
63.0,11.0,True,0.3004898965993031,0.1207898484839123,0.5357918205953344,-0.1434895996963655,-0.4870749194336237,1
63.0,12.0,True,0.3663121863497908,0.2620257417749796,1.103929158710855,1.2689976011906523,1.2726231287927012,3
63.0,13.0,True,0.3357376112844585,0.1908875825021343,0.7110133565548642,-0.0387546745873214,0.4647836796941019,3
63.0,14.0,True,0.2816384422915431,0.1641317432453938,0.5353849010920928,-0.246546614056364,-1.416194935698736,1
63.0,15.0,True,0.4144179519261867,0.1777529107389203,0.8646309646625916,0.3167911632290611,2.463375746432944,3
63.0,16.0,True,0.3362758534720626,0.1659134134873518,0.6595461967833166,-0.126044942308691,0.5155098622735294,3
63.0,17.0,True,0.2757801098236683,0.1193305887003597,0.4304381077286363,-0.5964293228209342,-1.3513928741957353,1
63.0,18.0,True,0.2778719553040437,0.1306864682496136,0.5569226611207091,-0.0079757248735677,-1.324947753829821,1
63.0,19.0,True,0.4053193873236665,0.2275917541655696,0.8886706141547411,0.5099988672324485,2.5771244572355387,3
63.0,20.0,True,0.2623984234725358,0.2095735587049865,0.6500736541182807,0.3675375128673005,-1.945344796844653,3
63.0,21.0,True,0.1692213255393642,0.1261158791092349,0.4329731531553263,0.4020553345289958,-4.714706298517292,1
63.0,22.0,True,0.2661429638420502,0.1649575777995839,0.7109356903760214,0.4820901856852149,-1.834632594710826,3
63.0,23.0,True,0.2891030921189253,0.2917911073862146,0.8975889597577064,0.771103111074864,-0.894688562364511,3
63.0,24.0,True,0.2853232815883762,0.1941966359977882,0.6780533753117255,0.2188843302503189,-0.9437379812912012,3
63.0,25.0,True,0.3261432964511283,0.197698026627666,0.8104402518617699,0.567883040054802,0.1902628821291418,3
63.0,26.0,True,0.4124047636437383,0.2969623794868204,0.9954779274389328,0.3912058203809763,2.4898258957981243,2
63.0,27.0,True,0.3749355611964535,0.2542328863572616,1.4547722282581417,2.422328908020415,1.225286054914481,2
63.0,28.0,True,0.462110610873722,0.2656916634558638,1.2263429142404965,0.4957660842177874,3.9227646517453696,2
63.0,29.0,True,0.3638006689197939,0.1741521683385757,0.8093037288686974,-0.2799574059914221,1.3233838743267028,3
63.0,30.0,True,0.4964521888772183,0.3211303444315225,1.338410631376639,1.4638364168489215,5.405219641556546,2
63.0,31.0,True,0.4520910340128619,0.1779711877778338,0.8099125545458848,0.2602439024587211,4.259225351672839,3
63.0,32.0,True,0.3784590402335868,0.1632132771548394,0.7091354873598334,0.3868935919363634,2.053744729464438,3
63.0,33.0,True,0.5337937966265491,0.2566244416411038,1.050210921434318,0.1180270812899993,6.34842238243423,2
63.0,34.0,True,0.3157580202494356,0.1661576277225352,0.7007286462738546,0.4767763671637061,-0.3061360760176867,3
63.0,35.0,True,0.4210606791189096,0.1693232817039828,0.8194935540258841,0.3958693848787696,3.214405038941769,3
63.0,36.0,True,0.4959075758295175,0.3333957137791444,1.2259296651207745,0.5627420378068346,5.212666093547653,2
63.0,37.0,True,0.3571957715870862,0.1577691597574424,0.7564342949667827,0.6569018441551421,1.1727845004981623,3
63.0,38.0,True,0.6018389003307008,0.2476479216897007,0.9502694152050688,-0.5363655689263789,8.70537039330797,2
63.0,39.0,True,0.7067833221064408,0.2412992133490562,1.146749417894066,-0.436043715125332,12.010821045057584,2
63.0,40.0,True,0.6417623545508311,0.2694684962599415,1.19231885892747,0.7461907726439748,10.225247398976675,2
63.0,41.0,True,0.7113522957745853,0.3668665042613834,1.4572120296828128,0.0002373836774795,11.344850104356755,2
63.0,42.0,True,0.5167821940704246,0.1360435717836234,0.9293277857834322,1.2668968019037945,6.064046493670426,3
63.0,43.0,True,0.7187108177019302,0.2427814148911085,1.2834589782709651,0.494677219554077,12.165981472620178,2
63.0,44.0,True,0.5656843258932944,0.2026726222469559,0.933956633320298,-0.9692718983396508,7.414854561221824,2
63.0,45.0,True,0.5904918715274039,0.2726149550982774,1.139597222489715,-0.7368653876688541,8.177289406887637,2
63.0,46.0,True,0.3613979459615353,0.1729892030246763,0.6718872227690382,-0.2355914823527751,1.4045821304132278,3
63.0,47.0,True,0.3873467786301731,0.1658917169909251,0.8931629643337055,0.9499572727341254,1.8489823957729952,3
63.0,48.0,True,0.4012920849219242,0.2548696339907633,0.7806013463806051,0.0568155239518607,2.3658671192640153,3
63.0,49.0,True,0.2520665404209918,0.1090806408055089,0.4937406307297818,-0.1664128201570213,-2.3669293624572143,1
63.0,50.0,True,0.2379343990026725,0.2573424036579116,1.220488111907349,2.443583221989261,-3.1073626236698124,3
63.0,51.0,True,0.1335682865873366,0.1164733474535994,0.4206782059476788,0.7056823073603368,-5.705866004838272,1
63.0,52.0,True,0.2223233234625826,0.1696948411485394,0.7372470899109322,0.5437806235125189,-3.456089019154608,1
63.0,53.0,True,0.3082817012724984,0.1499181013018795,0.759518331576497,0.9042546074399284,-0.8985103593291898,3
63.0,54.0,True,0.2472027024711849,0.1541604303779662,0.5580785060406604,0.2205487333767401,-2.3784387151993287,1
63.0,55.0,True,0.323662827545109,0.1765441434619057,0.6449529254079192,0.2787843162980442,-0.0953552338258156,3
63.0,56.0,True,0.353798752976409,0.1608752292308632,0.846179308668514,0.4618773643860511,0.7702263031247613,3
63.0,57.0,True,0.3842832265867198,0.1338706768091005,0.6561292898934741,-0.0723471137300817,1.9559287477265324,3
63.0,58.0,True,0.3454457085967244,0.1379217152614963,0.6002434413948134,-0.5895219196444031,0.7170082006777876,3
63.0,59.0,True,0.3719047707015055,0.2207767503099287,0.7980493255749939,0.2878026024483971,1.1262765244524289,3
63.0,60.0,True,0.5048962526226306,0.2749327957288168,1.0421764250678942,0.3502206582170817,5.771139391429714,2
63.0,61.0,True,0.4492128372817336,0.2208822689681829,1.0025600680328022,0.1514626149421837,3.8610092960762694,3
63.0,62.0,True,0.3176456189397011,0.1558450720896714,0.6486497619748438,0.4953076592498276,0.0499994787858974,3
63.0,63.0,True,0.4684506427858843,0.2386869099396109,0.8482485553590867,-0.3386023130940645,4.624993859625084,2
63.0,64.0,True,0.3915493106083843,0.2673861712696776,1.0790150158407004,1.0117527372914057,2.6344602955440943,2
63.0,65.0,True,0.4657905601839658,0.2623784110600914,1.0132524981923383,0.1635856588228828,4.357253326079417,2
63.0,66.0,True,0.5744974939908574,0.2212490104692757,0.9756272923113052,-0.0416159798572167,7.975242638402774,2
63.0,67.0,True,0.4885482323649458,0.2631762732704518,1.1745540790259843,0.7821623869196994,4.764777984097307,2
63.0,68.0,True,0.5780125485377595,0.2072013526626579,1.0464434089071073,0.3070538664038286,8.173060555893265,2
63.0,69.0,True,0.5264909173616071,0.2414340443246061,1.0163441109108051,-0.0089917099619958,6.586114201917606,2
63.0,70.0,True,0.500633930715356,0.2706872798197193,1.1458003748755792,0.4701768128317266,4.946899525962242,2
63.0,71.0,True,0.5034412944787847,0.3089346863182782,1.2312827118295724,0.3919493915143546,6.014580416637851,2
63.0,72.0,True,0.4866728100305376,0.1926559001908407,0.9876989149947134,0.6907777738908057,4.631999639896892,2
63.0,73.0,True,0.3583872013739229,0.2149921235560046,0.7940603215388794,0.3815435437998376,1.1418462824235642,3
63.0,74.0,True,0.2704631646884353,0.1612293120064982,0.6184765324086973,0.3426191834880062,-1.3986368398885651,1
63.0,75.0,True,0.2223730067096909,0.1211743325116998,0.4207459834968018,-0.0081958122401982,-2.798949878750726,1
63.0,76.0,True,0.2207193638685326,0.1119888641097839,0.389306660889092,-0.4247794143287339,-3.1341461727720663,1
63.0,77.0,True,0.2874211554882315,0.2191186413835442,0.8758255885026899,0.8569314296389248,-0.9506771117359052,3
63.0,78.0,True,0.2498411897998569,0.1872270454557078,0.664790303076639,0.4694173886374835,-1.972503250479499,3
63.0,79.0,True,0.247357134501102,0.1738600505443198,0.6410913412705409,0.2188584756168013,-2.435228364024203,1
63.0,80.0,True,0.3127472176962088,0.1603542105489982,0.668504218265293,0.274049632481103,-0.1511247715455013,3
63.0,81.0,True,0.2806049742103323,0.1533815524739527,0.5837052817989234,0.2655708961614654,-1.40967497556883,1
63.0,82.0,True,0.1860669321991571,0.106853875580935,0.4360132404277553,0.4149057941343161,-4.101005212839109,1
63.0,83.0,True,0.2123867262343981,0.1479115729194036,0.5238877002039858,0.259918523579273,-3.6335586886751727,1
63.0,84.0,True,0.1927791568522206,0.1427724638031418,0.4642925214063875,0.4972117085184536,-3.812406349078154,1
63.0,85.0,True,0.3053239024294617,0.1942656560556046,0.7758174451021358,1.062545631447695,-0.5850258709182522,3
63.0,86.0,True,0.3397374146335523,0.1678851129970178,0.6701505073521742,0.181558167543246,0.8277901328152663,3
63.0,87.0,True,0.2195443019398576,0.1133546430863785,0.5231340227395224,0.1302581371528842,-3.245753631594334,1
63.0,88.0,True,0.2352815047543776,0.1243101875351461,0.4951995216924039,0.0781006810713627,-2.742641078195218,1
63.0,89.0,True,0.2599954567734769,0.1054618273935363,0.4503535846536342,-0.3759823410615041,-1.6290963108516614,1
63.0,90.0,True,0.2582497036621446,0.1105394191545245,0.4333790892846395,-0.22994954836664,-1.9073337414808769,1
63.0,91.0,True,0.2114820053462188,0.1277010349958015,0.4783370518870398,0.3859321981580572,-3.336015487472338,1
63.0,92.0,True,0.4883796750564277,0.2407948327309512,0.999900044200864,0.4035396832716646,4.916418565028217,2
63.0,93.0,True,0.4469931198412969,0.2311931975090311,0.880879120381855,0.0437281873903746,4.028544534654283,3
63.0,94.0,True,0.5511774426075148,0.3223353643424674,1.221863264474034,-0.0174561813665565,6.498318825878842,2
63.0,95.0,True,0.6084940460578787,0.1982835270420653,0.9093132358892604,-0.5224168387041149,8.82876582027166,2
63.0,96.0,True,0.659124521353294,0.2372656593983399,1.2993362822207848,0.9560765925481516,10.475813966890149,2
63.0,97.0,True,0.8619806479985289,0.4173242636636506,1.5,0.0516341324658711,16.907291572579542,2
63.0,98.0,True,0.4402303380847681,0.2631232896294346,1.4175422931422368,1.161775549816248,3.1594993167432053,2
63.0,99.0,False,,,,,,0
63.0,100.0,False,,,,,,0
64.0,1.0,False,,,,,,0
64.0,2.0,False,,,,,,0
64.0,3.0,False,,,,,,0
64.0,4.0,True,0.160257801641468,0.175821749965175,0.6506816388028113,1.4420842419168838,-4.884896038852173,1
64.0,5.0,True,0.3323966904191293,0.2665782440000117,1.0166359291275762,1.1879070268791028,0.2321459284367941,3
64.0,6.0,True,0.3322531574708752,0.1895354678574927,0.5913482083130605,-0.2614870847145296,0.4759807281368288,3
64.0,7.0,True,0.3482694799869497,0.2721947632479433,1.0586730044323822,1.5326011645747235,0.6071829632564193,3
64.0,8.0,True,0.3246512548346809,0.239664722798923,1.3750214605390354,2.629006836519701,-0.2892060800614264,3
64.0,9.0,True,0.4351442799540744,0.221159109412183,0.8612965674591976,0.4090388027909115,3.359756174959792,3
64.0,10.0,True,0.4169739720605703,0.1966394781269173,0.8216534516735504,-0.0191244481427415,3.219858327354319,3
64.0,11.0,True,0.2997499981748547,0.1550374878379811,0.611529858717888,0.0484684224800823,-0.3747824198421763,3
64.0,12.0,True,0.3108788266811668,0.1563581988655334,0.6317215697127863,0.1563281000239911,-0.3429721749080403,3
64.0,13.0,True,0.1612736485764787,0.127533468399399,0.4323030284132641,0.3862721474680979,-5.034954334054788,1
64.0,14.0,True,0.2911704764474573,0.2134252153302944,0.7169355591634102,0.3190042432436116,-0.9187703431676764,3
64.0,15.0,True,0.1904906185331414,0.1494582475986919,0.4180430035483115,0.0879837723781896,-4.048216032018002,1
64.0,16.0,True,0.3545074711554271,0.2416473319676795,0.9057563532709256,0.6726579617624577,1.400087257900519,3
64.0,17.0,True,0.3297879889333755,0.1651733194606434,0.5560254706518423,-0.5841071009239114,0.253129038272133,3
64.0,18.0,True,0.2796610544991202,0.2015168155903934,0.7645307306941798,0.6798698767273313,-1.1125293673013663,3
64.0,19.0,True,0.3803452753791156,0.2668244291420505,0.8713933134855537,0.2852209826303376,1.412243406539146,3
64.0,20.0,True,0.2226069344243533,0.1639455227741692,0.6230310214834429,0.618857646583576,-3.0126124247524446,1
64.0,21.0,True,0.2319016047255417,0.1837026047146977,0.5881938625584564,0.6940773804602789,-2.7225846790021553,1
64.0,22.0,True,0.3228385053167559,0.179999796869425,0.6703800094971912,0.2935520373832923,0.1602604293327765,3
64.0,23.0,True,0.2758765220448532,0.2022629523681494,0.7085748853579629,0.5516861234084546,-1.6533980962799435,3
64.0,24.0,True,0.1955726144524488,0.225044751788519,0.7266401663059332,1.0845528992498863,-3.909406314799467,3
64.0,25.0,True,0.1953336412090139,0.1116036050877279,0.4844748809854151,0.9125369006151156,-3.982319782978252,1
64.0,26.0,True,0.4288269294158674,0.3700768961685816,1.3536430742156191,1.107394070807885,3.0842620767951416,2
64.0,27.0,True,0.3587159070118215,0.2612892629944034,0.9347534913652898,0.6998967302673932,1.1502244510515252,3
64.0,28.0,True,0.2672325058461793,0.1567653641287745,0.8832101749385839,1.6427600961593696,-1.9753443652304088,3
64.0,29.0,True,0.3167000615417513,0.1413347076804114,0.6284391063479482,0.2191570642218351,-0.1653685373718635,3
64.0,30.0,True,0.3483257784410996,0.1551370879733725,0.6232290187627375,-0.0044624171319405,0.7817148064510931,3
64.0,31.0,True,0.3493012602021603,0.3039580104131888,1.0892347472980042,0.7825144517178103,1.1696083621110407,2
64.0,32.0,True,0.3893097775036326,0.1310088330328361,0.6850176976779849,-0.0955831345091039,2.1314151867807913,3
64.0,33.0,True,0.5794859894426827,0.2896884836051766,1.3247566190328708,0.1403856790213022,7.937764737681871,2
64.0,34.0,True,0.4341874637340124,0.2255434630028577,0.8870340620540461,0.3535997043474622,3.302274764113096,3
64.0,35.0,True,0.425502350209715,0.2617375778862653,0.9494689727330762,0.3093275050991438,3.507696563634114,2
64.0,36.0,True,0.5062572739312802,0.3222636915302195,1.2324923205281242,0.6704990737932645,5.2299572073189955,2
64.0,37.0,True,0.5864188085040417,0.2819916349795563,1.157237384212432,0.336574015613492,7.926893850712607,2
64.0,38.0,True,0.4280572130162779,0.1812990672234614,0.7753505823179596,-0.6301726274453795,3.265586486814753,3
64.0,39.0,True,0.7625874978396687,0.3069400899105411,1.5,1.0203544353628646,12.89604752307209,2
64.0,40.0,True,0.8084349721898935,0.2433526108656319,1.1878111085368872,-0.0889479658772231,14.912408837618976,2
64.0,41.0,True,0.8334217700867573,0.3351983603673042,1.4581257957407452,0.4896486102029865,16.330762905826873,2
64.0,42.0,True,0.5818312240518689,0.2303391376044851,0.9734365496629014,-0.3246856472389781,8.502730567132094,2
64.0,43.0,True,0.771893618110954,0.3355618467888842,1.4379270277866762,-0.013927647923244,14.34647491609427,2
64.0,44.0,True,0.5456320364727509,0.2216816700404033,1.1008150580861074,-0.0223019808139852,6.517401034167786,2
64.0,45.0,True,0.414495105592279,0.2311775570827411,0.8456755916104726,0.0857218462571475,2.7313358071785667,3
64.0,46.0,True,0.3526461326332141,0.2572117033588268,0.9354483462367532,0.9083867421462684,0.3653031634151607,3
64.0,47.0,True,0.3821562982501157,0.1472533851816795,0.679249457643623,0.0427459827590239,1.6601625360271195,3
64.0,48.0,True,0.317902674662898,0.1713644101169143,0.7608441227246827,0.7911146649584655,-0.2379318685178009,3
64.0,49.0,True,0.2982259297004814,0.2017888979453983,0.687265297356755,0.5837919251047502,-0.6366275624191207,3
64.0,50.0,True,0.4174444780277339,0.3113491434551058,0.983402699332928,0.4274157832844071,2.7018952710026194,2
64.0,51.0,True,0.1854097460806893,0.1410037922006406,0.552329560417022,1.0750999709984117,-4.28665228301461,1
64.0,52.0,True,0.3406949101626062,0.162512985009304,0.634637787969026,0.0659792294988389,0.6429029906057552,3
64.0,53.0,True,0.3433797562672824,0.2232274682993714,0.8396649264569915,0.686416211412443,0.3054737660912348,3
64.0,54.0,True,0.355471809512098,0.2700910093054984,1.0173613953985885,0.9552967129943218,0.951032637854834,3
64.0,55.0,True,0.2648780736658225,0.1668348281799137,0.6315834256812836,0.3447667496470684,-1.886842674298275,1
64.0,56.0,True,0.4247704408210183,0.1509784835973537,0.7204862853836004,0.0967103434736034,3.14084182488033,3
64.0,57.0,True,0.4311728317534417,0.1579420198117625,0.7617748216090299,-0.1420493657348441,3.769392367057097,3
64.0,58.0,True,0.5135519383100763,0.2911351401339536,1.3507790184095068,1.5661605962034757,6.195160843824374,2
64.0,59.0,True,0.4816536170916091,0.2360049444875326,0.96524495260527,0.1079717158651883,5.339946663831894,2
64.0,60.0,True,0.4216996965179654,0.1936338208332568,0.7850199203561194,-0.4147857787706117,2.722956330962603,3
64.0,61.0,True,0.3849642717571814,0.1972745665106481,0.8819795734484355,0.4723995495634906,2.304207999095192,3
64.0,62.0,True,0.4995856065621881,0.2465712340305462,1.218030323898055,0.8045791499146273,4.749135273263008,2
64.0,63.0,True,0.4818825230401498,0.1859726657169327,1.0449293566144269,0.7274843141103511,4.8628331546671655,2
64.0,64.0,True,0.6258765600374101,0.202238606544789,0.9091849626063908,-0.5028584899378098,9.719551095802093,2
64.0,65.0,True,0.3843548756446062,0.1673167737456845,0.7274497689346756,-0.1646168420749395,2.030274362807587,3
64.0,66.0,True,0.5144207782427421,0.3539449569519728,1.391026100794763,1.2272966130624683,6.61944053560049,2
64.0,67.0,True,0.4518640121273651,0.18285131587519,0.8580538497428448,0.2939490716415276,4.068289516223619,3
64.0,68.0,True,0.5032879041317432,0.2733588993145921,1.1435843370354737,0.3828727110755864,5.558952396337276,2
64.0,69.0,True,0.4598659704851136,0.1866349865953315,0.8388128914337976,-0.2225297618403177,4.420126046726186,3
64.0,70.0,True,0.4126421700570522,0.2968975769980492,1.3645411370575862,1.2144763809239094,2.183903309862659,2
64.0,71.0,True,0.3121389040942266,0.1090243190810056,0.513936806544494,-0.1524265764664344,-0.2260785445741656,1
64.0,72.0,True,0.2082831042124145,0.110551213384559,0.4629082077877096,0.4152611658425481,-3.3750747293042354,1
64.0,73.0,True,0.3279203476017793,0.1767468349500646,0.7528180285063072,0.6272338836674979,0.484926431301254,3
64.0,74.0,True,0.219406313703266,0.1778708094390751,0.6801487406806945,1.078218261722671,-3.1113934590565,1
64.0,75.0,True,0.2215983259400938,0.1354032717369093,0.4943118368272849,0.5862967609654679,-2.943736287743252,1
64.0,76.0,True,0.3760338767853235,0.2301898774245501,0.7714907790242583,0.3832327361914469,1.5448046597112717,3
64.0,77.0,True,0.1821726396882047,0.102029462015714,0.4243846466929198,0.4994694031871161,-4.104083088528704,1
64.0,78.0,True,0.2168942024899509,0.1482286325590195,0.612293683253496,1.0376197466305643,-3.1793021540128112,1
64.0,79.0,True,0.2049695276032617,0.0633118659558141,0.3442151073537812,-0.5749559655922344,-3.6202469536497306,1
64.0,80.0,True,0.3030710016786257,0.147787667293845,0.6232018239182772,0.2632589429104046,-0.5058442549346545,3
64.0,81.0,True,0.346606423142121,0.1403320193443985,0.7204727184189199,0.719369985175376,0.983971250671438,3
64.0,82.0,True,0.1660893942802785,0.1201408253363644,0.4655077251739652,0.7293574370505,-4.941871194574335,1
64.0,83.0,True,0.2288810164626259,0.1844932406016911,0.6221060915100269,0.680553068152997,-2.642851249360825,1
64.0,84.0,True,0.2337399515971234,0.1315244927635398,0.5139972332032903,0.1101337845955639,-2.6228652903111103,1
64.0,85.0,True,0.2283065604371655,0.1527926506710744,0.5104784067541556,0.1979750547260312,-2.7412077735913334,1
64.0,86.0,True,0.2349654075086113,0.1589074597826595,0.5723314260646346,0.5341322037194755,-2.704183955945995,1
64.0,87.0,True,0.4364843709977967,0.1923489354379408,0.773717703681468,0.4463802920721151,3.65763874647172,3
64.0,88.0,True,0.2523764187289528,0.1579924505678183,0.513685984819824,0.0754012409562458,-2.015077802994015,1
64.0,89.0,True,0.3286145540698244,0.1288775746258416,0.6401119272492664,0.5842973991520332,0.2221026874401464,3
64.0,90.0,True,0.2464520079897834,0.178762672790691,0.6508368391704722,0.6694390289938131,-2.090966121362801,3
64.0,91.0,True,0.3391626811691008,0.1709395088433113,0.7410089727281872,0.4582857591229132,0.6632173449794533,3
64.0,92.0,True,0.3124504014633409,0.1134250694153903,0.5147820570396959,-0.2051880577194424,-0.0822672133321352,1
64.0,93.0,True,0.4914264778718152,0.2385920181366298,1.0537476639511916,0.1812729126295164,5.14152496740116,2
64.0,94.0,True,0.539346662743751,0.264425973675121,1.2495513379954426,0.4760971209365904,6.3215812953868715,2
64.0,95.0,True,0.5291052490129677,0.2435570120102307,1.417856013142894,1.1939627478211492,6.013107816234504,2
64.0,96.0,True,0.5869683305467184,0.2719543578749956,1.1724439945778249,0.3773136708886525,8.821072471964298,2
64.0,97.0,True,0.7296673700425368,0.4718015559144672,1.5,0.5726904746172451,12.94375557484971,2
64.0,98.0,True,0.264558557097369,0.1961302905356454,0.9753192137284032,1.201478029947788,-1.9248489264412696,3
64.0,99.0,False,,,,,,0
64.0,100.0,False,,,,,,0
65.0,1.0,False,,,,,,0
65.0,2.0,False,,,,,,0
65.0,3.0,False,,,,,,0
65.0,4.0,True,0.153789947011197,0.1277357493256171,0.4341855074398932,0.7054854881204276,-5.111172577019536,1
65.0,5.0,True,0.2195839146779147,0.1324263257058797,0.4742026303589456,0.2514523810052184,-3.032597981889688,1
65.0,6.0,True,0.4179180090239433,0.1431071189662955,0.7351986441733793,0.1913173128292247,2.7435921984861684,3
65.0,7.0,True,0.2939345089038574,0.2023973071649814,0.6583010494041915,0.2116201449232301,-0.8594761166119756,3
65.0,8.0,True,0.4092520613183,0.1961204427762447,0.7618111995717592,-0.0300203536769086,2.590436577276116,3
65.0,9.0,True,0.4292818858003011,0.1280618173683742,0.6167407434005602,-0.1953254972806701,3.2973427370048944,3
65.0,10.0,True,0.366506097553943,0.1904404301264438,0.7571686971379217,0.137932439348947,1.4470476250146207,3
65.0,11.0,True,0.3797007220667312,0.194328375936499,0.8029052459489918,0.2405441384275646,1.784327102448216,3
65.0,12.0,True,0.342773408075536,0.1925980926903228,0.7294378430385161,0.2166314735295347,0.7455637754641261,3
65.0,13.0,True,0.2525697877992989,0.138384044040792,0.5209129606150112,0.1825564600962192,-1.837903006672985,1
65.0,14.0,True,0.2917983073599189,0.1662894615615295,0.6596381413623624,0.5562523587649316,-0.938544664237276,3
65.0,15.0,True,0.2932385183420926,0.2147608700714265,0.9193707036139854,1.451533077750703,-1.2012245497489349,3
65.0,16.0,True,0.2848815076119248,0.1671650558251114,0.691637499105745,0.7047009575776614,-1.2761395200641616,3
65.0,17.0,True,0.1772670045152553,0.1154296353482415,0.6770564996061178,2.0693095555839593,-4.716657494456076,1
65.0,18.0,True,0.1096359338578138,0.1018712618513938,0.3669451294603897,0.9657780188578364,-6.6450682071625495,1
65.0,19.0,True,0.2776094345149685,0.17954993457213,0.749211717108123,1.0422137480556208,-1.521702561062494,3
65.0,20.0,True,0.1800202330964045,0.1231147888031739,0.5080657719364378,0.4594821341081837,-4.65916289185507,1
65.0,21.0,True,0.2886125192652135,0.1875511719722761,0.7311385211383719,0.4871975914614005,-1.211503046641476,3
65.0,22.0,True,0.1876762730171915,0.1153419454103028,0.4142269550594187,-0.1111606227605588,-4.102259898117951,1
65.0,23.0,True,0.1935765726323144,0.1419613699656609,0.4854517117611797,0.3890245475604752,-4.007918426959496,1
65.0,24.0,True,0.2933178226800311,0.1779925674614123,0.6454311582075779,-0.2103243188868393,-1.1267938546387557,3
65.0,25.0,True,0.2304168970229073,0.105312334370779,0.4162427890468,-0.5550717671182671,-2.8315475712401454,1
65.0,26.0,True,0.2805903566001511,0.1765353730453749,0.84312600072385,1.0290284910330707,-1.5550212009527715,3
65.0,27.0,True,0.3649946958591394,0.2279089183408613,0.765984879066352,0.1005675745004133,1.3518601946542024,3
65.0,28.0,True,0.367684907442954,0.2307970674761261,0.8113936046290812,0.4268464988933566,1.2786364924299032,3
65.0,29.0,True,0.5644923432249619,0.2428547094736354,1.006950472731497,-0.277654979632264,7.874040168689549,2
65.0,30.0,True,0.5022665023673782,0.2191563561635948,1.040125827222148,0.6372424734417913,5.64487541344014,2
65.0,31.0,True,0.5803143045910903,0.280026870268068,1.1977628546225794,0.5783829978747083,8.079552470532848,2
65.0,32.0,True,0.4146815270087147,0.1330909981350785,0.6430653906550838,-0.4627396285007519,3.14512212906864,3
65.0,33.0,True,0.6329936336244213,0.2340457645797548,1.170317061769127,0.0382538612298063,9.379743431812232,2
65.0,34.0,True,0.5305316713602011,0.2873829752526904,1.2216667465227342,1.080396888374804,6.656203005790529,2
65.0,35.0,True,0.5605992900298359,0.1899372425706628,0.9624089359850472,0.2743112726334559,7.753669418481954,2
65.0,36.0,True,0.5623594527237212,0.2709150763579105,1.112512695356672,-0.0310076314854977,6.936408717253029,2
65.0,37.0,True,0.5756710291567428,0.230141722553684,1.0049591110724363,0.3848432625525743,7.749070556293106,2
65.0,38.0,True,0.5988799354189108,0.3260427179430803,1.34184406977382,0.8067449699642129,8.768341924706908,2
65.0,39.0,True,0.7590319948071428,0.3005136295364145,1.3751159698008772,0.2301822006791767,14.227638053557303,2
65.0,40.0,True,0.7865765396764652,0.419744764549764,1.5,0.1388423200011539,14.592444019515378,2
65.0,41.0,True,0.8472029996012349,0.2951493014107821,1.450910537713477,0.382866357128706,16.249457903175827,2
65.0,42.0,True,0.6250630415496958,0.300515216473841,1.1256494603307508,-0.1255402829369944,9.395291563734723,2
65.0,43.0,True,0.6045025388548906,0.2794132236820892,1.2979495301560544,0.3889598948406935,8.868679609701536,2
65.0,44.0,True,0.597385403232021,0.2707685503532199,1.2520686231684144,0.0248394491026154,8.221675782188424,2
65.0,45.0,True,0.6454053314371858,0.389572085096277,1.5,0.6551378779699147,10.009843387508916,2
65.0,46.0,True,0.4847784488867659,0.2564936743036066,0.9585214121158596,0.0612150809244106,4.960422935899547,2
65.0,47.0,True,0.3655565795886705,0.2086315979486832,0.8221100719982498,0.3307620955693484,1.4693544104461878,3
65.0,48.0,True,0.3013692813753844,0.1798605282804252,0.7276086250751556,0.6544288728535079,-0.6536520216206968,3
65.0,49.0,True,0.4580660189009247,0.1378947834983617,0.7312654012505322,0.2209523868409899,4.163565914964803,3
65.0,50.0,True,0.2867124112783042,0.2110302158315073,0.7878756587161224,0.7560584492552713,-1.210721502279974,3
65.0,51.0,True,0.2579308578309486,0.1519732437193748,0.6771109038846308,1.3629872930401796,-1.8867373577803268,1
65.0,52.0,True,0.3744553737822096,0.3052922749009367,1.1529739039133178,0.8346271662233,1.691142528079718,2
65.0,53.0,True,0.3654314981319962,0.2512092838595808,0.8812668716809352,0.4332212749615716,1.0392375875859623,3
65.0,54.0,True,0.3072755914716699,0.1883338383627857,0.6737199296033675,0.3825124127630397,-0.1096539124648087,3
65.0,55.0,True,0.5208377385400423,0.2347249088216181,1.0989088046658206,0.3916289456321961,6.182218966785929,2
65.0,56.0,True,0.5578867623149562,0.2245799142984874,0.8820122458299132,-0.7602815659651365,7.453796975710485,2
65.0,57.0,True,0.562149427998637,0.2713212892812816,1.0903533102141112,0.175864839419749,7.426276748270532,2
65.0,58.0,True,0.4864136421593205,0.1390866568920521,0.7944181302403296,0.4599113689964338,5.1753256290031455,3
65.0,59.0,True,0.4524061539235002,0.1849533719730903,0.8008211025933049,-0.00176023393091,3.751460761547576,3
65.0,60.0,True,0.3603048821168257,0.2132549149281453,1.021459651213513,1.1734596009452722,0.7080121026804206,3
65.0,61.0,True,0.4337096142495975,0.116378804559593,0.7014162992138335,0.5406423415097019,3.618585662285518,3
65.0,62.0,True,0.4933328891127081,0.2724652941238875,1.04109844167512,0.2846848435806419,4.835528425756997,2
65.0,63.0,True,0.4671659845858914,0.1690725213768569,0.951691915996658,0.6681620888042207,4.099262013320705,3
65.0,64.0,True,0.4014385288855119,0.2669932569115826,0.8733863128908285,0.574892929098595,2.7329199531551067,3
65.0,65.0,True,0.3619425547152959,0.2134859175144051,1.0803268719123886,1.787440857041276,0.5741307554380677,3
65.0,66.0,True,0.4816613005145745,0.238965496423387,0.9921617295986104,0.5406259311036234,5.085148099440552,2
65.0,67.0,True,0.5617430971672174,0.184282648901681,1.116123418365096,0.7719381161274199,6.9821149346758835,2
65.0,68.0,True,0.4338393896219615,0.1968485332251541,0.7770852859086029,0.0808962836196285,3.425723735683441,3
65.0,69.0,True,0.3194572349684583,0.1719247201847447,0.6079949286877301,0.2126397000349091,-0.2286779572588346,3
65.0,70.0,True,0.3490626558135097,0.1878853263394677,0.7469909088544032,0.0846616675855548,1.1890940038119786,3
65.0,71.0,True,0.2570784855258607,0.0969998092721084,0.4950677670392402,0.3071871520191759,-1.8500698925626915,1
65.0,72.0,True,0.3245849060061593,0.1810759264143205,0.6271781760371308,-0.0397557696838092,0.2462733137249481,3
65.0,73.0,True,0.2695063782019601,0.1055577752892395,0.4459979260999102,-0.341793848819251,-1.52261818366151,1
65.0,74.0,True,0.3281270473747978,0.2167945701403229,0.75839743456824,0.184602491576697,0.0926628729817744,3
65.0,75.0,True,0.2650719441725142,0.2689324397234567,0.9692454180839531,1.445648611055964,-1.833269809776482,3
65.0,76.0,True,0.2924687666286155,0.18754003986151,0.6826896560077124,0.5133181994576103,-0.7420540588361378,3
65.0,77.0,True,0.310700519256058,0.2055639272293131,0.8568804380315674,1.002904734028237,-0.2159463566656786,3
65.0,78.0,True,0.2503837803638831,0.1672186315814577,0.5758969341304845,0.3660809283515895,-2.255598166749805,1
65.0,79.0,True,0.2781052437783671,0.1838108829883709,0.6925903634753933,0.3094113924549274,-1.6507527434671148,3
65.0,80.0,True,0.2029604549490374,0.1143096383801499,0.4894862085252078,0.6123238316047765,-3.740873826972024,1
65.0,81.0,True,0.2627716349456612,0.1505871166719415,0.5583981351748805,-0.1823908845415505,-1.9604531762940751,1
65.0,82.0,True,0.1409728993986504,0.1389260863235557,0.5227230747508214,1.5497210543874609,-5.494420005272543,1
65.0,83.0,True,0.2791987960791838,0.1751381305950303,0.7138370107819211,0.6236309267765536,-1.169852877787495,3
65.0,84.0,True,0.2851745114616782,0.1498963270527653,0.4927368558235246,-0.2921458537124315,-1.0238830793487843,1
65.0,85.0,True,0.2340738329608028,0.1782573048049635,0.7037492819394637,0.3696644086737515,-3.165069066895845,1
65.0,86.0,True,0.2690003301083246,0.1605251345298554,0.6219246750029088,0.6882719194085932,-1.9497191030550427,1
65.0,87.0,True,0.2642931407622182,0.1609045265946937,0.6181980228697233,0.5975469970674951,-1.6601417020204534,1
65.0,88.0,True,0.3756955075380394,0.1968770337722846,0.7786863493745111,0.0454812006464155,1.9210906973789537,3
65.0,89.0,True,0.2687555172860118,0.138533019988293,0.6880998515774422,0.3448385029637144,-1.9091704023135148,1
65.0,90.0,True,0.1909822834053674,0.1197172310139283,0.4674114227993638,0.5108462917058957,-3.925481033104377,1
65.0,91.0,True,0.3512457034209973,0.2078750999382476,0.8604622721644475,0.6015794284851889,1.2709313348311178,3
65.0,92.0,True,0.3856449673319412,0.214439888816749,1.0904785813998623,1.1159244205486276,1.5076852650896275,3
65.0,93.0,True,0.4018511179868445,0.1711856384008617,0.943129351412575,0.6288598522668,2.077352056545317,3
65.0,94.0,True,0.5134869637225947,0.3668499350290558,1.4397291345474197,0.4801947301771166,5.453483108434704,2
65.0,95.0,True,0.5961824516972645,0.2883237046117741,1.4475304972113787,0.4779108304059183,8.04528852699275,2
65.0,96.0,True,0.5367358277934179,0.3983353386012824,1.356595514670363,1.0207608191971702,6.816982414006687,2
65.0,97.0,True,0.4816965694763895,0.2338450491913196,0.9072399327690632,0.1547551176438359,5.0943617391644755,2
65.0,98.0,True,0.1226223388801557,0.1024633182758385,0.3504891257464766,0.6752763569113757,-6.095852029594704,1
65.0,99.0,False,,,,,,0
65.0,100.0,False,,,,,,0
66.0,1.0,False,,,,,,0
66.0,2.0,False,,,,,,0
66.0,3.0,False,,,,,,0
66.0,4.0,True,0.0737763128751331,0.0867309894137549,0.2683109032968928,0.845212840872362,-7.5999853130590225,1
66.0,5.0,True,0.284920763421255,0.1319713438195621,0.5528911685925783,0.2406035295254796,-0.8553486882377637,1
66.0,6.0,True,0.3754073055244579,0.1876802061265214,0.8976994347398836,0.7751500927073268,1.4335312380029654,3
66.0,7.0,True,0.3888260261253616,0.210501139990817,0.881931914926747,0.3248106607195871,2.00631837391536,3
66.0,8.0,True,0.4246424538115391,0.1707588274567584,0.8219870416295489,0.0163152505705622,3.339119720334536,3
66.0,9.0,True,0.3630116771714556,0.1987841299709898,0.7928173375964875,0.3338514652580711,1.705143882183303,3
66.0,10.0,True,0.334959325815544,0.1841627067859405,0.8076638043790034,0.7910856963193629,0.4503532954725046,3
66.0,11.0,True,0.3035038179318268,0.1827599538737898,0.7531038426609286,0.8350568155405768,-1.009867012506657,3
66.0,12.0,True,0.3085795318587551,0.167494289234992,0.5826588289216944,-0.0655229750659957,-0.6632912852722592,3
66.0,13.0,True,0.202021074870012,0.1660213268288101,0.6214367531663898,1.1524298207168215,-3.700005626450654,1
66.0,14.0,True,0.2287500034059024,0.1620239005399665,0.5947014731228809,0.2440386362498492,-2.93891634364904,1
66.0,15.0,True,0.1856952541781803,0.1180826097640964,0.4688038891085559,0.2027856731148653,-4.3370598061111325,1
66.0,16.0,True,0.2895303673168143,0.2183321765863086,0.8873965410274857,1.1764944402967028,-1.2780872534028045,3
66.0,17.0,True,0.196297430253347,0.1105249218210327,0.4581364622771305,0.8723296076082664,-3.846352445559466,1
66.0,18.0,True,0.2881582030380161,0.2024853479069176,0.6711252527681009,-0.1538826424544798,-0.8966190783166447,3
66.0,19.0,True,0.2417089385596995,0.1570720965841005,0.4665894841496608,-0.2661536284708587,-2.4469991141606235,1
66.0,20.0,True,0.3746762926663807,0.2485070856734807,0.9400240408074966,0.6223808800272187,1.7648446479045736,3
66.0,21.0,True,0.3739666194313865,0.2947109598543868,0.9111432995485204,0.3995926162109961,1.5483883485516523,3
66.0,22.0,True,0.3507742515033212,0.1632423445206023,0.6619292419890052,0.0894619738014646,1.1195320314550752,3
66.0,23.0,True,0.3298882560067087,0.2233338402992256,0.7906302044702153,0.889397147208803,-0.163224544775355,3
66.0,24.0,True,0.3008663527558101,0.3014882644471307,1.1474154056273185,1.5301969493328176,-0.7494265250181608,3
66.0,25.0,True,0.2609991436826394,0.1604012776316604,0.6011587880151836,0.2758238269546341,-1.85858161612048,1
66.0,26.0,True,0.3769318268128154,0.2048967730993229,0.7594131456657831,-0.0058473128189848,1.7812257353594627,3
66.0,27.0,True,0.3300715527696445,0.2114257325285747,0.7789583415775752,0.6001796136531258,0.2734794646626969,3
66.0,28.0,True,0.4227951529886938,0.3195779182734373,1.1244806109310526,0.7843904922172493,2.524504143402625,2
66.0,29.0,True,0.4201956495818591,0.1600717724380543,0.8941934707287424,0.686051261752378,2.520987982822373,3
66.0,30.0,True,0.5490094620170762,0.2359185632931468,1.1172710610311969,0.4741583144497012,6.509286131674187,2
66.0,31.0,True,0.3601991092515318,0.2167091880928421,0.8390601488359539,0.7350704301122847,1.642820522108463,3
66.0,32.0,True,0.4887898351856629,0.2469828350870364,0.9836150169159048,0.0608342685441221,5.52674548859271,2
66.0,33.0,True,0.4390033461814632,0.2238500490700545,0.8866300016175381,0.2186699002562945,3.7848278355310945,3
66.0,34.0,True,0.5891006439667698,0.231492491854864,1.0111194454685095,-0.3686984942367128,8.496853837294326,2
66.0,35.0,True,0.7590806459717186,0.3030333351938667,1.3440703638046496,0.2932848426972114,13.441228955389034,2
66.0,36.0,True,0.7921292953372062,0.2997100145135774,1.5,0.3554517129707041,14.155178184201446,2
66.0,37.0,True,0.8419836459628797,0.3434838930944263,1.5,0.2027375851606655,16.196427339594365,2
66.0,38.0,True,0.8007518007427525,0.2852559394404218,1.434282079677064,0.549541765900764,14.802078463579749,2
66.0,39.0,True,0.6793431323912139,0.3330636910440611,1.4338640730431949,0.5765897387388902,10.888025297219652,2
66.0,40.0,True,0.9513671841404578,0.3208500519283229,1.5,0.2199334393718127,19.871048625969404,2
66.0,41.0,True,0.6656641556099113,0.1487676970772219,0.8741918935079713,-0.3739495870667507,10.600787041148044,2
66.0,42.0,True,0.5719838084905277,0.2407782370174041,1.120300953577528,0.1993974780906851,8.062666706047713,2
66.0,43.0,True,0.7159521498734978,0.2674942670040705,1.100405634577033,-0.5290166576481284,11.881936534732391,2
66.0,44.0,True,0.5519033874010992,0.2487803314047573,1.2663223698560278,0.5791729796965661,6.640197801762344,2
66.0,45.0,True,0.5621690689416043,0.2030479895946006,0.9653383960966844,0.2112403715282355,7.128269611014344,2
66.0,46.0,True,0.6038195812745955,0.2394263377593372,1.0570150114628516,-0.1721571422056693,8.498112096394296,2
66.0,47.0,True,0.4316969100930143,0.2855674507989838,1.064309440320934,0.6017475077022663,3.2741074060402564,2
66.0,48.0,True,0.1732795823984862,0.1820870853448958,0.5977788495845592,0.913625809666517,-4.7310981035010995,1
66.0,49.0,True,0.2704801723173724,0.2245200215601831,0.80474605047713,1.0819307685627286,-1.6296886644686313,3
66.0,50.0,True,0.3215525810856807,0.1742089804115412,0.7918437808312284,0.9924578064738064,0.227371655880588,3
66.0,51.0,True,0.4027182290443163,0.2973295883264159,1.1416640973009669,0.7469414543406762,1.9205301884784824,2
66.0,52.0,True,0.3030584783698414,0.1154513751635624,0.5307228006593788,0.1402667720026678,-0.7255430248430791,1
66.0,53.0,True,0.3271823196612247,0.1712528641500898,0.6153885649077155,0.0863137989141181,0.105352854589742,3
66.0,54.0,True,0.2918825374297625,0.176382551738338,0.6641594286902341,0.3907335183438568,-0.9358560779669256,3
66.0,55.0,True,0.3775634728597399,0.1561617430761405,0.7295211386125634,-0.1337823846943705,1.9205515606435524,3
66.0,56.0,True,0.3280422830893206,0.2259542101117684,0.8833301743431485,1.010826134317161,0.2801251315983255,3
66.0,57.0,True,0.415669839650414,0.2035590799710688,0.9336989663847328,0.1832500594848805,2.336230031076637,3
66.0,58.0,True,0.6464836674400375,0.3693201519636376,1.5,0.7677555984038771,10.459095013609504,2
66.0,59.0,True,0.3418669299296792,0.1981797714688148,0.8752133237062091,1.4308063558116475,0.5051844146332884,3
66.0,60.0,True,0.3916100510384383,0.1812360648491845,0.7550076912616553,0.1336226337579201,2.433026946167341,3
66.0,61.0,True,0.5277534761979217,0.3171355133843409,1.1716049158133848,0.2422237582443332,6.022216041792204,2
66.0,62.0,True,0.4267088725884511,0.2384717669419539,0.9109644979407812,0.3851913930833606,3.3947661399359963,3
66.0,63.0,True,0.2828638627468818,0.1375039712647901,0.5802878845181513,0.4766554799947657,-1.1546890551580165,1
66.0,64.0,True,0.287328665322851,0.2077076312973607,1.0987658238552112,2.270149595390682,-1.3930351886445962,3
66.0,65.0,True,0.3616787921452261,0.2670627907360399,1.481255057552017,2.3233917643852844,0.6749820879790456,2
66.0,66.0,True,0.4310680918926167,0.2034746718263001,0.867976584591329,0.2560362817790709,3.3522510981599085,3
66.0,67.0,True,0.432722523514584,0.1955528662637476,0.8687912111355459,0.1920946318204253,3.330039488170679,3
66.0,68.0,True,0.3332088693713859,0.1664575901499659,0.8462903830536159,0.5331668422488994,0.2003623766639977,3
66.0,69.0,True,0.3382097758612092,0.2023338586887707,0.8313711589215095,0.65065398739813,0.6105718819382757,3
66.0,70.0,True,0.2631226711301171,0.1431407605736387,0.5216430996863598,0.0948384415381871,-1.683014487053289,1
66.0,71.0,True,0.4085540341767957,0.1452128270422046,0.6523909742099309,-0.7381783374627308,2.439536183925329,3
66.0,72.0,True,0.3504018570772091,0.2059001524373275,0.937723331570193,0.4267875974901373,0.3490923799194676,3
66.0,73.0,True,0.1839009662903637,0.1186385830917992,0.4812794750315933,0.5263473191632331,-4.064843332529032,1
66.0,74.0,True,0.2035095675051381,0.0970605868811552,0.3619070929882815,-0.0799004926356435,-3.647846945287888,1
66.0,75.0,True,0.203053958750612,0.1313681137433189,0.7375834771597032,1.3850577701440625,-3.8040542833472903,1
66.0,76.0,True,0.2570809326264324,0.1436867217122703,0.4786475297059817,-0.2818085669110097,-1.8208537187389184,1
66.0,77.0,True,0.2537015179708354,0.1989401456546703,0.6222284821347381,0.1901270268125588,-1.9042180786451173,3
66.0,78.0,True,0.2906340490461935,0.1673279461781455,0.6046579663371491,0.3629628624858194,-1.111241402797455,3
66.0,79.0,True,0.1497562314089122,0.120155506261477,0.4318440116853076,0.7213259670888896,-5.467573628969084,1
66.0,80.0,True,0.2047631337338348,0.1653420943094077,0.611379769909039,0.8057272664792668,-3.5089792603603884,1
66.0,81.0,True,0.1744172777794808,0.1488300553222591,0.4355807812615376,0.1832076797763357,-4.662297967613884,1
66.0,82.0,True,0.2057386681259802,0.1347090386100842,0.4189586594586419,-0.0050364730880795,-3.823699690673421,1
66.0,83.0,True,0.1916215996654917,0.0916020914473885,0.3320774767401017,-0.2631855508304239,-3.9689061469102818,1
66.0,84.0,True,0.2327378840454434,0.1620789273065359,0.5498025064156598,0.1958924312272895,-2.7203112324805145,1
66.0,85.0,True,0.2295128597560829,0.1241818350215618,0.4768792168136581,0.3099491362428039,-2.866557627607824,1
66.0,86.0,True,0.2928291004686545,0.0892629205267709,0.5020610160248763,0.8942476104640223,-0.8575815126030808,1
66.0,87.0,True,0.2045892829489143,0.1469953299158697,0.5067046485394546,0.587251833207628,-3.450168379343469,1
66.0,88.0,True,0.2441937660625502,0.1449386225800113,0.5750013518759651,-0.0623679148290731,-2.4893177303595024,1
66.0,89.0,True,0.3408661609468171,0.1655814551106205,0.6923897315761296,0.2671197168295021,0.663201636300701,3
66.0,90.0,True,0.3134550425382162,0.1172252362726563,0.5174793518426,0.0401268670666816,-0.2080880465319737,1
66.0,91.0,True,0.3475780652158122,0.2115605600971405,0.8005879843008541,0.5756241423325501,0.7783392728056496,3
66.0,92.0,True,0.3129684505830284,0.1489538047213889,0.6102931931735958,-0.4675435900033196,-0.5334721084163921,3
66.0,93.0,True,0.3573413670468223,0.1706661791183241,0.6031022544064649,-0.2734131469296555,1.1395957615428625,3
66.0,94.0,True,0.5269626429726318,0.2225383684662948,0.944652680449755,-0.0313452391963689,6.439292897575463,2
66.0,95.0,True,0.6385915361272303,0.3150735288996008,1.3611298410982733,0.491993216951188,9.505850824239396,2
66.0,96.0,True,0.8603865038111549,0.3154137577054638,1.5,0.3253968217186704,17.154641248364335,2
66.0,97.0,True,0.5207193112923512,0.1853469011594631,0.8634720628939073,-0.5651864850058789,6.212644761666762,2
66.0,98.0,False,,,,,,0
66.0,99.0,False,,,,,,0
66.0,100.0,False,,,,,,0
67.0,1.0,False,,,,,,0
67.0,2.0,False,,,,,,0
67.0,3.0,False,,,,,,0
67.0,4.0,True,0.0232429670205119,0.0368646690300982,0.131641166766635,1.9268242358255592,-9.177474916997532,1
67.0,5.0,True,0.4549451905305268,0.1982105785182507,1.108613952621735,0.8591623065521696,3.665547628057915,2
67.0,6.0,True,0.3759417715883549,0.1762534448767113,0.6872100074499408,-0.2982929310779093,1.9569412208597012,3
67.0,7.0,True,0.2762933976240486,0.1522577845489325,0.6741618926628288,1.2689671723804508,-1.2027108823471953,3
67.0,8.0,True,0.4362927275961833,0.192484968111828,0.7255564625619656,-0.5875617737883891,3.8340812531150337,3
67.0,9.0,True,0.2716618860265427,0.1120412127229434,0.4682112907509736,0.0390155543016543,-1.3285874038431178,1
67.0,10.0,True,0.3338452471964616,0.1877815332780818,0.7069662747535116,-0.0211681629555504,0.3386568466351934,3
67.0,11.0,True,0.1875275065716814,0.1370422200166582,0.4432618343521103,0.0941850253445167,-4.029403571572014,1
67.0,12.0,True,0.3139402044947578,0.1834646716150191,0.780068805254227,0.756101117905605,-0.2023940208195336,3
67.0,13.0,True,0.2058264143411438,0.1441245538272252,0.5991686196213343,1.2782174508657973,-3.591138094907748,1
67.0,14.0,True,0.3085839079422919,0.194835791647624,0.9846610803038862,1.3580663349874864,-0.6480494464701437,3
67.0,15.0,True,0.3083701136054659,0.1140755738662922,0.5036703581110301,-0.0780158699568677,-0.1749509410915083,1
67.0,16.0,True,0.2451791161718857,0.1572096239139837,0.6904179929148451,0.7574495840588945,-2.6474665845287246,1
67.0,17.0,True,0.3993473820840714,0.2417084150221943,0.9352155797998848,0.7817058998636006,2.20691846166438,3
67.0,18.0,True,0.2679948783485673,0.1222623515930678,0.5345572309089381,0.3581631230041319,-1.600973610244672,1
67.0,19.0,True,0.1938742736672017,0.1382709025020911,0.5016991393217143,0.4780520709830474,-3.7878342533924414,1
67.0,20.0,True,0.2529934496938879,0.1543223136287993,0.5898794192221322,0.6890855810135628,-2.043773602848256,1
67.0,21.0,True,0.4243251376614912,0.1882591606155619,0.9693588376025976,0.7206164815708921,2.88158145505124,3
67.0,22.0,True,0.2330716261565052,0.1249197963685241,0.4329202115022421,-0.0804953093274883,-2.8262764032310477,1
67.0,23.0,True,0.3516737060596028,0.1466234821957913,0.6828516664486985,0.2612720717519105,0.8588308714402462,3
67.0,24.0,True,0.2489995791507102,0.2448064878461696,0.878338971071692,1.1568831305881917,-2.4709701437782408,3
67.0,25.0,True,0.3944596220167107,0.1752445170113044,0.7399701132995291,0.0594338716704488,2.0658712930665324,3
67.0,26.0,True,0.3148867114813539,0.1654002289673117,0.6526871917656863,0.3974983502430965,0.0147807251363286,3
67.0,27.0,True,0.3411318538584968,0.1538658983203044,0.588387907598205,-0.2470101069624768,0.5156360074830973,3
67.0,28.0,True,0.2681836388121802,0.1366892778092953,0.5390229956859658,0.0732968442946585,-1.6656735050456064,1
67.0,29.0,True,0.3786728887741322,0.2219781272950713,0.9125043773888204,0.7366638594892884,1.7283137274410634,3
67.0,30.0,True,0.403389884616469,0.1581438770915352,0.6864016152130703,-0.2879642918733083,2.602818245818981,3
67.0,31.0,True,0.5544699686918653,0.1991758596931462,0.9803300518421642,0.3152709119487867,7.165656083164774,2
67.0,32.0,True,0.6309339148797439,0.2582787293036834,1.0565806325460976,-0.4375015463443572,9.887438321342454,2
67.0,33.0,True,0.4895094502558244,0.2059551306909798,0.8133408474484213,-0.4246229459029402,5.3903920902684215,3
67.0,34.0,True,0.5200681924757867,0.159809483305642,0.7991797679981396,-0.92282755351054,6.40054236914765,3
67.0,35.0,True,0.7310140861983322,0.3100369610501962,1.3097008329092887,0.1462687804766683,12.598666291322797,2
67.0,36.0,True,0.7885667858684269,0.2136277475871376,1.1216176460524243,-0.2616515802308278,14.71636197411449,2
67.0,37.0,True,0.7791606224798255,0.1832658358045266,1.0849194210185138,-0.3654216913894897,14.082638729567128,2
67.0,38.0,True,0.7179427296137829,0.3617346460415913,1.2636337225625265,-0.071106065819676,11.866522204907303,2
67.0,39.0,True,0.7637628694106272,0.267418314845895,1.3027638366319103,0.0990278452864586,13.19665836132924,2
67.0,40.0,True,0.6786870695676136,0.1969326216245913,1.1784688144643884,0.1075044893664426,11.30547737790408,2
67.0,41.0,True,0.8648975496618296,0.2887155346097847,1.5,0.2833443209114951,16.223595880247125,2
67.0,42.0,True,0.6620386829534152,0.3466518433796153,1.4136460483056217,0.6284809636126285,10.765523466399172,2
67.0,43.0,True,0.554991580251829,0.2949336908370371,1.2832374464013965,-0.0309620787965135,6.456662070119099,2
67.0,44.0,True,0.6242494984137865,0.211527526263865,0.9797886386022402,-0.3783185190835811,9.61965252597522,2
67.0,45.0,True,0.5162064503644733,0.1383224482334507,0.8261555987218192,-0.5887067746020991,5.7713969650638255,3
67.0,46.0,True,0.4627905639026076,0.1744398486068745,0.8582499929518617,0.3252848503614706,4.176850235379631,3
67.0,47.0,True,0.4332816589174538,0.3083243428454509,1.2388954665243488,1.1500516807838732,3.2558618392638463,2
67.0,48.0,True,0.4563565587575264,0.2049334982867117,0.9352039261074984,0.5225535265692102,4.366413061995418,3
67.0,49.0,True,0.318022469976757,0.176475834072339,0.6842557412656239,-0.0477820438890444,-0.3906430968445311,3
67.0,50.0,True,0.3162193948719652,0.1728782296481038,0.6207882060769322,0.1268990449018849,-0.049018274198171,3
67.0,51.0,True,0.2906562064984533,0.1461910623999797,0.5851857369259885,-0.072603666769481,-0.7618635607937797,1
67.0,52.0,True,0.4073878820036992,0.3435177287900277,1.39047932559939,1.7402890392192345,2.250323380192098,2
67.0,53.0,True,0.3540900938643486,0.209842664906314,0.7680709181765015,-0.0417328074161751,1.026466433466821,3
67.0,54.0,True,0.3370316658611125,0.2096330083485582,0.958008891273104,0.6927529412786249,0.2911498555751175,3
67.0,55.0,True,0.4358679133085417,0.2217589914533291,0.8108029528096148,-0.3293203139080523,3.4771370708659672,3
67.0,56.0,True,0.5324360829581194,0.2581766092013725,1.0156573624920702,-0.0300393857667165,6.502499026840006,2
67.0,57.0,True,0.5282795116273042,0.1701808029859845,0.9453597992017352,-0.344712363606032,6.053880507937362,2
67.0,58.0,True,0.5774314337243825,0.2624430256533983,1.101360395575745,0.0870520309888048,7.576045053737298,2
67.0,59.0,True,0.4612799473579916,0.1993896763757571,0.7544083070920428,-1.1486796190173192,4.277725987816549,3
67.0,60.0,True,0.4856000226184696,0.2572348723543425,0.9301750582440442,-0.1120654459790323,5.21596769713181,2
67.0,61.0,True,0.4539974473993439,0.1327632445111204,0.7182151163110867,-0.735354783482849,4.287582345170395,3
67.0,62.0,True,0.4297416813493829,0.2133684933903922,0.8279852010558174,-0.0428582394897954,3.170695356435667,3
67.0,63.0,True,0.3520440690233891,0.2670043489222548,1.242438095804076,1.2398011909085076,0.3552836889017504,3
67.0,64.0,True,0.3518063478393918,0.1715070363435182,0.6576196984267634,-0.0588217461558374,1.110356902836926,3
67.0,65.0,True,0.4304675198440422,0.1951167715664055,0.7998431936478902,-0.0549747398109241,3.390987924934868,3
67.0,66.0,True,0.3184497455718058,0.124741049724472,0.579316108284398,-0.2452864146049339,-0.3102901549996105,1
67.0,67.0,True,0.2694137317903749,0.1062005471396504,0.4733446099026146,0.1133419208073663,-1.6603212097707365,1
67.0,68.0,True,0.2390424390127656,0.0839368601986784,0.4229194602343778,0.9384478100501624,-2.605509575003053,1
67.0,69.0,True,0.3625488797111595,0.1488380986991365,0.716196033152918,0.4800800173855428,1.2674297066665576,3
67.0,70.0,True,0.3746491744734747,0.1716527214140304,0.6858930520071076,0.3720318411380638,1.5994774780694774,3
67.0,71.0,True,0.3596469803828835,0.1714691631504711,0.7461313318430102,0.4437675963999215,1.36406615254005,3
67.0,72.0,True,0.2988826691116626,0.182283151308294,0.7764788266324832,0.3311353353350694,-1.0806969587467985,3
67.0,73.0,True,0.2505894712082134,0.1997411917544297,0.795873542618229,0.9942159486884976,-2.8144861773210996,3
67.0,74.0,True,0.1337699330290556,0.113709995831645,0.5111793431950177,1.3193265630878117,-5.932654187715266,1
67.0,75.0,True,0.2434173549697117,0.1538622212109661,0.5231172991544482,-0.0827257611347836,-2.7492298637667396,1
67.0,76.0,True,0.2492330909523623,0.1520881745613134,0.4948965267597475,-0.0683767813339114,-1.9911353288987297,1
67.0,77.0,True,0.2982899772887168,0.1820908549073987,0.6451337333238926,0.3657235876818454,-0.5538136837827642,3
67.0,78.0,True,0.267433795382145,0.2245946006248513,0.9430972185805716,0.9919584072079902,-2.134899133096383,3
67.0,79.0,True,0.3646971900419181,0.0737378984239797,0.5633923885846279,0.5724069186390115,1.3556858910764442,1
67.0,80.0,True,0.205003219897653,0.1164929508373218,0.3781304918808672,-0.4000628020710961,-3.779055819148153,1
67.0,81.0,True,0.2661374695381172,0.1495160759855621,0.5180588918150466,-0.1986525086193822,-1.6291711055992897,1
67.0,82.0,True,0.2284253109168972,0.2167438385844533,0.8178671178744474,0.7287211326751839,-3.186143799856092,3
67.0,83.0,True,0.2534207293667687,0.1332901360700236,0.4777066440709263,0.0293559017606562,-2.111021717381224,1
67.0,84.0,True,0.2510577601962993,0.2108214362451682,0.7031762082734032,0.7384032549087349,-2.2653412668509767,3
67.0,85.0,True,0.3273181233155883,0.2096521291498778,0.8775314455882384,1.0226918487075791,0.491765853677243,3
67.0,86.0,True,0.1914556210473144,0.1091952578458537,0.3615749590530497,-0.4130570103252809,-3.943410764749835,1
67.0,87.0,True,0.2328616174889155,0.1400890911843368,0.478448487654432,0.3934475486896654,-2.686041512584973,1
67.0,88.0,True,0.235556274716519,0.1465326221737285,0.4777402880341775,0.0448880344889142,-2.614082500357829,1
67.0,89.0,True,0.3559839383818736,0.178393478155545,0.7029137603087757,0.1164325127314017,0.9983038693381224,3
67.0,90.0,True,0.3547903121241914,0.1408026788598197,0.6395772173198678,-0.2640695995010388,0.9845964524358588,3
67.0,91.0,True,0.3490767945252812,0.1401210244223447,0.7388413535789231,0.1472460113262513,0.5022524329652317,3
67.0,92.0,True,0.3103019829256506,0.2034078380360086,0.8448944385905497,1.048497674853367,-0.1581851651641853,3
67.0,93.0,True,0.3906502719118748,0.1843708433322667,0.9019177361432392,0.2187234996812917,2.0632848697806874,3
67.0,94.0,True,0.5454851926145053,0.2459233754103935,0.969595230202248,-0.2905693368260167,7.430658295544837,2
67.0,95.0,True,0.5006851136796674,0.2150119060797627,0.863429149433226,-0.1241196137534781,5.408085149874343,2
67.0,96.0,True,0.6012979820139102,0.2252184905533871,1.044280293393712,0.0204539968863167,8.829906849658359,2
67.0,97.0,True,0.3290406992609186,0.0831227440475957,0.467334098071698,-0.3298261087169045,0.2801718403514567,1
67.0,98.0,False,,,,,,0
67.0,99.0,False,,,,,,0
67.0,100.0,False,,,,,,0
68.0,1.0,False,,,,,,0
68.0,2.0,False,,,,,,0
68.0,3.0,False,,,,,,0
68.0,4.0,False,,,,,,0
68.0,5.0,True,0.2779360096890687,0.249602402055008,0.8239433366529721,0.7924384829679455,-1.5232990652730345,3
68.0,6.0,True,0.394627470187376,0.2359783161819048,0.9558839621379984,0.8123415470622561,2.43150037717357,3
68.0,7.0,True,0.4586414364674338,0.2551340277889994,1.0640223293423896,0.3643738469851832,4.450784725486131,2
68.0,8.0,True,0.3054455368743475,0.1929177152194515,0.6993911033437419,0.1170742211643413,-0.5928891947101589,3
68.0,9.0,True,0.3272540111806022,0.2037515438922657,0.6941586304257329,0.4163750454415543,0.1275579838948745,3
68.0,10.0,True,0.3181937694927758,0.1777386858008272,0.5994161332624139,-0.220899500976121,0.057868883832886,3
68.0,11.0,True,0.2819967492673719,0.1495455574402999,0.594081994398166,0.1147876046186494,-1.177783220183907,1
68.0,12.0,True,0.2598793117051612,0.1622759199400731,0.7022768574766364,1.156041406247163,-1.8661132893815164,3
68.0,13.0,True,0.2631392868068202,0.1486131725435405,0.5897037090493609,0.4982919995235971,-1.9742926029271055,1
68.0,14.0,True,0.2530306760737376,0.2022125784327251,0.7745921844376814,1.6720062721054283,-2.4027926483021136,3
68.0,15.0,True,0.2443862846033561,0.1648532489435359,0.6185786990777741,0.8382375989140181,-2.4691254242763363,1
68.0,16.0,True,0.2641218334476836,0.1351542542708977,0.6623041788497234,1.0626860131743263,-1.910219257079568,1
68.0,17.0,True,0.174539498683826,0.138813197199038,0.4106548165278124,0.2945769235456469,-4.6309398355965135,1
68.0,18.0,True,0.2832260834191117,0.1281083631127974,0.51751573779026,-0.2626079309546751,-0.9935335476535406,1
68.0,19.0,True,0.2675351426700102,0.2417356061646899,0.8204534425661717,0.8081072542693778,-1.2805127598516064,3
68.0,20.0,True,0.2531682580508688,0.1677082479161737,0.8311628951840832,0.7916145736592708,-2.3030325139003764,3
68.0,21.0,True,0.2207927791173562,0.1788062312012792,0.638754426730795,1.0290756580499216,-3.0725912493092027,1
68.0,22.0,True,0.2810594202863515,0.2978981758815913,1.110556982639908,1.2635317659714589,-1.844699909843684,3
68.0,23.0,True,0.2748261997951758,0.2151187872900696,0.6824672852481395,0.468240599642273,-1.6097721158580631,3
68.0,24.0,True,0.291129033352192,0.1917963230293876,0.715780019306567,0.4447525291102309,-1.3480287619874756,3
68.0,25.0,True,0.1978624342604663,0.1744293342567195,0.6017229089712733,0.9587267636594244,-3.8161759561773345,1
68.0,26.0,True,0.2800875088676585,0.1471476062596333,0.7069244207939911,1.448187491317524,-1.418254675957125,3
68.0,27.0,True,0.3456607297810296,0.1676656014325139,0.7172951657542408,0.4199580660156058,0.6177881370760209,3
68.0,28.0,True,0.326668306313201,0.220438236516592,0.8778876794004999,0.6226721987191821,0.0641115813956684,3
68.0,29.0,True,0.2367792389835486,0.1745655053335507,0.5331351110102197,0.0249416016785688,-2.8316349268250507,1
68.0,30.0,True,0.4249498827795506,0.2278985016365798,1.0777794022641325,1.0308304765207128,2.7609210219166584,3
68.0,31.0,True,0.3486615696155663,0.1653921514230635,0.6527679685825497,-0.0358605090314772,0.9725645530950612,3
68.0,32.0,True,0.4614999521086492,0.1967882566596518,0.8372599106396266,0.0191965713081291,4.511518693752389,3
68.0,33.0,True,0.4547699848552214,0.223376221203507,0.8168393585746907,-0.1807996427642293,4.380232502695494,3
68.0,34.0,True,0.6725079475951847,0.2364719157552893,1.219378033590229,0.468343067934202,10.650169763160156,2
68.0,35.0,True,0.7488148330341966,0.2860988270920716,1.255022721222828,-0.0043178096061386,13.130568034883929,2
68.0,36.0,True,0.6555326223889888,0.1706153134284845,1.0392038176518716,-0.0436556444625781,10.371284861915315,2
68.0,37.0,True,0.8603925629682504,0.3587814922008943,1.5,0.3885679857815937,17.293929052336505,2
68.0,38.0,True,0.9298564209853264,0.3359129292207766,1.5,-0.4040944135588521,19.180193794292165,2
68.0,39.0,True,0.6225865077088569,0.2680085620080559,1.2088992992746117,0.3850940076509145,9.455757192011454,2
68.0,40.0,True,0.7488512169013593,0.2938179299472607,1.2545417478561771,-0.1452228156960191,13.636589361699688,2
68.0,41.0,True,0.5366940461256485,0.2716915388864128,1.1864121781400572,0.8929728836934052,6.6103454996301645,2
68.0,42.0,True,0.4269906696577568,0.282390287043734,1.0373489869751469,0.6138483996534709,3.314812919553243,2
68.0,43.0,True,0.650197550662946,0.269273273379546,1.3442187981432991,0.5815694471031666,10.509265231459093,2
68.0,44.0,True,0.6802140454562642,0.3445354550469049,1.5,0.4790704065662669,10.426937889056068,2
68.0,45.0,True,0.5173038416168376,0.2835226905051849,1.1479156230944572,0.5172630351581395,6.300918204855634,2
68.0,46.0,True,0.4144525718103752,0.1839691860420307,0.8479097609636492,0.3964956526745439,3.1262505580160447,3
68.0,47.0,True,0.4572726089664897,0.1814917900980354,1.0284354923667944,0.6917765835606592,3.986369466036393,3
68.0,48.0,True,0.3139394773405365,0.1643233231883352,0.6508697874203906,0.2060256993458005,-0.2257586961958962,3
68.0,49.0,True,0.3951736249833444,0.1917259739734311,0.7469648297694045,0.0259320714332584,2.626984949976451,3
68.0,50.0,True,0.2772032370382589,0.1396904141092508,0.5005654601945929,-0.5941127335860147,-1.278930085833111,1
68.0,51.0,True,0.2884861126344555,0.2247976355537778,1.117402097874565,2.10932204822954,-1.4486018108871446,3
68.0,52.0,True,0.3237501801884241,0.1937466694331983,0.8185515345511089,0.8763880185687154,-0.2055898020524291,3
68.0,53.0,True,0.4225450811689457,0.1772226937560694,0.8663718712761573,0.8285327570424452,2.949254664852553,3
68.0,54.0,True,0.4719640109897587,0.3240784321217881,1.4243944719381438,1.6660979798328197,4.890694141511099,2
68.0,55.0,True,0.5143215249472828,0.280465974944312,1.5,1.72261152664213,5.278318311565854,2
68.0,56.0,True,0.4636814279016365,0.2650497741435702,1.0139377884412146,0.4594671207189021,4.184956294709415,2
68.0,57.0,True,0.5452889438728081,0.1673070154261237,0.8983358219213606,0.0947674690372053,6.589686484499558,2
68.0,58.0,True,0.4877769015454496,0.1847934420734117,0.7604240430076531,-0.6122586585538304,5.267715169509579,3
68.0,59.0,True,0.4603448297657918,0.1877855158831157,0.932591563220334,0.7581128775137703,4.650726763896546,3
68.0,60.0,True,0.380776935125632,0.212413126557511,0.8398239511461018,0.5614203949808464,1.8674124693844116,3
68.0,61.0,True,0.4262414084449306,0.1939730584256062,0.952121645662822,0.3584082663441368,3.1214000383316307,3
68.0,62.0,True,0.4741614118634383,0.2026963445600298,0.9637378208364896,0.7711160738055888,4.424786846366483,3
68.0,63.0,True,0.386473668407742,0.168871243527731,0.7526307207776735,0.4038361969979535,1.7676569720031945,3
68.0,64.0,True,0.2538238763429618,0.1421615118568291,0.5077421114220619,0.1989040155532906,-1.7656245582224868,1
68.0,65.0,True,0.3904133988448288,0.1920089298571174,0.7802613653081586,0.6234100423585736,2.3090536580689105,3
68.0,66.0,True,0.3461415559739127,0.1863864397109761,0.7240573962918516,0.1205244959840992,1.087174810269083,3
68.0,67.0,True,0.2822084861224663,0.1392411761852532,0.5394535584527339,-0.1481331326118633,-0.9360560114208752,1
68.0,68.0,True,0.3419113177978271,0.2003883834312685,0.6872521161533046,0.00431851834946,0.8089673097229919,3
68.0,69.0,True,0.2079769101950671,0.1438025893871843,0.4932995594956485,0.1705325848661704,-3.691627026278768,1
68.0,70.0,True,0.2176115473144275,0.1706257362738397,0.6408642631489025,1.0086481418831754,-3.429443726770685,1
68.0,71.0,True,0.2130156381517702,0.1335931124778998,0.4733155606096552,0.1529215395994899,-3.3203305184283316,1
68.0,72.0,True,0.2410780106369404,0.1566248587490704,0.5101581614127924,0.2991173164858245,-2.299639455107187,1
68.0,73.0,True,0.3129350688140198,0.1924340699558087,0.695314287814587,0.4966338245052961,-0.4184942212659197,3
68.0,74.0,True,0.2800796641325528,0.1601974502645935,0.6224323325369735,0.4700905183963295,-1.075880765159948,3
68.0,75.0,True,0.2126615434014578,0.1206841095744629,0.5038967364990046,0.6987386612659131,-3.4466518067175547,1
68.0,76.0,True,0.2780692084629386,0.2513099879237552,1.266908132887259,2.020885476291132,-1.931274643763324,3
68.0,77.0,True,0.2970090674480108,0.3190828520229392,1.1594783925524603,1.1140779781370431,-1.0448679485057135,3
68.0,78.0,True,0.2188356130367131,0.0745904058603416,0.3809703910666224,-0.1562731604044364,-3.0065260096258513,1
68.0,79.0,True,0.1927746927616651,0.1331244440266379,0.4808786318460102,0.3913481247360223,-3.7578195190485975,1
68.0,80.0,True,0.2633864096071663,0.2069918437831639,0.6913481656579529,0.6347249467285185,-1.6957263648659044,3
68.0,81.0,True,0.2338425389071735,0.0759491209999239,0.3981563776542273,0.3292328532569514,-2.7121218422218507,1
68.0,82.0,True,0.1932917681480264,0.1320708203332814,0.5100235547913571,0.8226823483308054,-4.045805915406719,1
68.0,83.0,True,0.3367358471934554,0.235583192072637,0.8982917337675126,0.8170499157424556,0.4910281899714716,3
68.0,84.0,True,0.1993674165577584,0.1625520557963442,0.4422959104311939,0.0916263194532318,-3.611943978839944,1
68.0,85.0,True,0.2777450109175414,0.1763365773406336,0.5999191880132895,-0.0512626978376844,-1.1922597444135572,3
68.0,86.0,True,0.2308708502499004,0.162445408841751,0.6231146315657778,0.8899883144126051,-2.859965316277159,1
68.0,87.0,True,0.3214351800495463,0.1576183269260323,0.657401899904337,0.1963358090743007,0.0626993448312994,3
68.0,88.0,True,0.3643655088792763,0.099945561982275,0.5741830904926082,-0.6557245729957387,1.5247521499704462,1
68.0,89.0,True,0.1813038464288065,0.1309931289971397,0.5140243511635619,0.129616334924893,-4.414031349207479,1
68.0,90.0,True,0.2436357148610939,0.1472165738627029,0.5651977380766137,0.3910845584047257,-2.5171381014997314,1
68.0,91.0,True,0.3863445055169897,0.1650535149297331,0.6531940926413914,-0.2093672349753426,1.791029760401815,3
68.0,92.0,True,0.3624055968966048,0.1764880363755389,0.8381247874065566,0.5245722638370681,1.102481627874452,3
68.0,93.0,True,0.4828345610274172,0.2209431125709907,0.8465877029660162,0.0626581379054343,4.914534797230674,3
68.0,94.0,True,0.6033487690407024,0.3121141948951922,1.3207678551192772,0.2073754143252905,8.423892991546124,2
68.0,95.0,True,0.6124175402755172,0.2678794933647512,1.2125891819827512,-0.0241016029459837,9.00608602465732,2
68.0,96.0,True,0.5537997954952334,0.2402691737680239,1.0709502876698869,0.4346303682846655,7.482802817511776,2
68.0,97.0,True,0.0805557756049861,0.1151648984265661,0.3824162517629402,1.3200464677948096,-7.437227290086933,1
68.0,98.0,False,,,,,,0
68.0,99.0,False,,,,,,0
68.0,100.0,False,,,,,,0
69.0,1.0,False,,,,,,0
69.0,2.0,False,,,,,,0
69.0,3.0,False,,,,,,0
69.0,4.0,False,,,,,,0
69.0,5.0,True,0.1490068571347741,0.1450753701367288,0.475675102573988,0.7711161927389439,-5.43394605299064,1
69.0,6.0,True,0.4807568691864858,0.1139993759428915,0.8336461050655737,0.7700509326768311,4.684391034313864,3
69.0,7.0,True,0.3720519770518428,0.2545644460716095,1.0008951413512035,1.0537129090659156,1.4934816583552124,3
69.0,8.0,True,0.3755969269297955,0.137516371976515,0.6615546333077061,0.1348924993447171,1.7096341752828028,3
69.0,9.0,True,0.3556462638358705,0.1587359481261004,0.6139513857598321,-0.1666658296864387,1.0326348045592066,3
69.0,10.0,True,0.2613706876235773,0.1207893166845359,0.6256949838688322,0.6929176190280848,-2.0875731830545368,1
69.0,11.0,True,0.2783939112453354,0.1848169111074548,0.6187791111630786,0.2591043347772417,-1.1211528803675042,3
69.0,12.0,True,0.2737955794237489,0.1292707674050717,0.555611737500759,0.3478407338326585,-1.44589811058083,1
69.0,13.0,True,0.1919343644046863,0.1341423204973359,0.6125412910785911,1.1923311463877189,-4.206893198392087,1
69.0,14.0,True,0.2838023237157541,0.1116390635108899,0.504666019183336,-0.0093048401230718,-1.185906830396041,1
69.0,15.0,True,0.2087310287352532,0.1860577718440921,0.6683264196419105,1.004621053014365,-3.455395546696501,1
69.0,16.0,True,0.2755057713769564,0.1464051640926008,0.5934106513102578,0.1764470604674891,-1.2037031523825354,1
69.0,17.0,True,0.2974452428046719,0.1875399646721139,0.6322494920551525,0.1280405473348048,-0.5876038322124383,3
69.0,18.0,True,0.2668568207098461,0.221500570779088,0.7984447822845495,1.0748989013883836,-1.6805865948447176,3
69.0,19.0,True,0.2275688631170089,0.1954340493091046,0.6829433649943131,0.9235732799077886,-2.9090201159707476,3
69.0,20.0,True,0.2991200554097464,0.1818676598761509,0.7217601760725716,0.5433298776242227,-0.8527270762576938,3
69.0,21.0,True,0.2956656198151661,0.1719501181064567,0.7276743943217471,0.1866877166778559,-0.888092423259722,3
69.0,22.0,True,0.3452905865915621,0.1657134129374786,0.6146521241305175,0.0571506750450529,0.7942708774752635,3
69.0,23.0,True,0.2858285603206366,0.1208368137678718,0.5208061115216261,0.1169342230715782,-1.1441474804592806,1
69.0,24.0,True,0.3019501908704553,0.1188319794652805,0.544357744658366,-0.0675697045213827,-0.5378312993502132,1
69.0,25.0,True,0.3596126873921335,0.1881021151068422,0.721670860215738,-0.2142173096809492,1.1083925136629778,3
69.0,26.0,True,0.2523617905194589,0.1587575584286549,0.5350751886029654,0.021703769726165,-1.9715659483984704,1
69.0,27.0,True,0.2837675945160766,0.2464926649322191,0.8689103532047865,0.808016337646273,-1.3018088369809564,3
69.0,28.0,True,0.4218048920189587,0.1630390722784961,1.0405343077223477,1.5246390041861742,2.87273928795206,3
69.0,29.0,True,0.3223111604051015,0.143733957473373,0.6275155007948467,0.313603789487378,-0.1245193521938874,3
69.0,30.0,True,0.3024171834412311,0.1863735378237415,0.6437587895057788,0.1751486984843673,-0.5932783117849149,3
69.0,31.0,True,0.2747896831709852,0.141731604031954,0.5266491314514749,0.5136483771619563,-1.5578610783993705,1
69.0,32.0,True,0.4674258321752179,0.1605274041135486,0.7669727736582864,-0.4626830335309689,4.379996453799293,3
69.0,33.0,True,0.3292225733477171,0.1274792205213649,0.5433837047621444,-0.3221959457916485,0.3329044945591675,1
69.0,34.0,True,0.3716838662839859,0.245298651023006,0.9297567892851644,0.6759207747953521,1.505647746265976,3
69.0,35.0,True,0.5273972338803428,0.1531650025794688,0.7713157465567986,-0.804654573874624,6.443947343749989,3
69.0,36.0,True,0.678357569337988,0.2812219784695464,1.3898843797981826,0.6564018333604992,11.46820760567026,2
69.0,37.0,True,0.6366632996162532,0.1512768571658349,1.132821718071843,0.4554216849491119,9.688060482071522,2
69.0,38.0,True,0.5465235919225866,0.2642976132764542,0.9973081768052684,0.1117212980068231,6.750440669359281,2
69.0,39.0,True,0.7993409098416151,0.4101378754009199,1.5,-0.0493684405261409,14.794280551150871,2
69.0,40.0,True,0.5225880164619262,0.1781956848687403,0.9390129654680224,0.5184694585906531,6.160093718352239,2
69.0,41.0,True,0.622675720311405,0.1761960176576404,0.9841488462169397,0.0188190994792262,9.589633222292507,2
69.0,42.0,True,0.5778428144261382,0.1816996113354291,0.9148382088392064,-0.3146810710877464,8.153226561081551,2
69.0,43.0,True,0.5333817738869138,0.1733074147776528,0.995538151181384,0.7691196175766026,6.748980804803141,2
69.0,44.0,True,0.5679317731678393,0.2806789271767085,1.2174844795161546,0.873914914481972,7.662874083340475,2
69.0,45.0,True,0.536397545188498,0.1212890315554931,0.8744297487131867,0.6724102021083255,6.536617826948315,3
69.0,46.0,True,0.6519185007559475,0.1864638127377041,0.9598977366254832,-0.572539708566219,10.393952919907822,2
69.0,47.0,True,0.4602316726403787,0.238386042075313,1.212666287466551,0.1127082380081283,3.9377544385020418,2
69.0,48.0,True,0.4315121273209775,0.2187578699635824,0.748430529843548,-0.3055286621892788,3.5584662853273468,3
69.0,49.0,True,0.3322828336001339,0.2094164169895036,1.0041359133318062,0.5109555868381044,0.0099394496149843,3
69.0,50.0,True,0.3211220133169078,0.3049994041032381,1.0570178301903292,1.2512297097307998,-0.2452153496301443,3
69.0,51.0,True,0.2979211187399871,0.1771541036497448,0.6120268097324726,0.350499774986284,-0.7680777319935027,3
69.0,52.0,True,0.3730710371020037,0.2539858752473022,0.9258709548521752,0.4586922192224108,1.7733655162502662,3
69.0,53.0,True,0.3212987317984975,0.1916999349822168,0.6972309422242748,0.1787745626811388,0.025386625252236,3
69.0,54.0,True,0.4104038218501654,0.2083275010083063,0.7404742498551992,-0.1501688164532258,2.86969784300972,3
69.0,55.0,True,0.7613721637919807,0.2727715176589649,1.5,0.4011010918015584,13.11224738307279,2
69.0,56.0,True,0.4556093404100525,0.1978511491237719,0.8806692879496896,-0.3039991189418096,3.8590914929850495,3
69.0,57.0,True,0.5350017110203911,0.1289985651228767,0.937804721598884,0.4024648206573724,6.3687625058820645,3
69.0,58.0,True,0.539406296788652,0.13069614067589,0.7828267707599608,0.1969034211558756,6.8156560756076905,3
69.0,59.0,True,0.4362282481650945,0.3733812945463596,1.4888698953569153,1.5392425425586305,3.964134894724201,2
69.0,60.0,True,0.3552354082978571,0.2330158648323491,0.8840782802444725,0.9352684401180096,0.4339389639694782,3
69.0,61.0,True,0.3638580841114963,0.1893998538974716,0.7190642050090844,0.2399782208520572,1.2208865778445182,3
69.0,62.0,True,0.3232058816759489,0.2060987141776858,0.942865239962648,0.9792808360232184,-0.1393043762618422,3
69.0,63.0,True,0.2040426047444772,0.1271771863986954,0.4921121291124677,0.4916628642700748,-3.666039406130929,1
69.0,64.0,True,0.3549067343221306,0.1762703372898649,0.7235046188733126,0.375552493153817,1.1179663009304588,3
69.0,65.0,True,0.2862707696781109,0.20816794613525,1.0080166928693317,1.4045517724228536,-1.4138576349285932,3
69.0,66.0,True,0.3935871697046693,0.27377314977269,0.981415452341638,0.5178277409829846,2.3837657835295563,3
69.0,67.0,True,0.2880876951065892,0.1758474019586792,0.6176013774848729,0.2402758220068667,-1.146524090346989,3
69.0,68.0,True,0.2616117401966805,0.1233866226281953,0.4762726591048662,0.1401770796261011,-1.895761455087631,1
69.0,69.0,True,0.2973173488069115,0.1859597715507289,0.6002667489276748,-0.0305738423545893,-0.575275510829289,3
69.0,70.0,True,0.2517027263391291,0.1289774141404034,0.4927657598768908,0.2593797401204075,-2.2305912452843684,1
69.0,71.0,True,0.2634613882606106,0.1994527962756826,0.627415229051296,0.223415598267509,-1.538463321133713,3
69.0,72.0,True,0.3354359291384441,0.245203558181518,1.161949480143436,1.1098100138401898,-0.1408641748788525,3
69.0,73.0,True,0.1534202940845722,0.1121510766895322,0.4325489132783424,0.9486224101103344,-5.300697158221499,1
69.0,74.0,True,0.3263636445618799,0.1650927179719184,0.6330451982214418,0.1722565439022387,0.3196947792138341,3
69.0,75.0,True,0.2111067034538772,0.1459264770390582,0.6150807588323562,1.0653544885534072,-3.3856904491835182,1
69.0,76.0,True,0.343496598060543,0.1891525283331933,0.6643062499410229,0.1703045129365247,0.6742086681856797,3
69.0,77.0,True,0.2037688116219928,0.1358819497543393,0.4833419257853975,0.648716397265193,-3.675770553825043,1
69.0,78.0,True,0.2317461841886488,0.1931998709434557,0.8486706254784706,0.9766074210578192,-3.2309093428027413,3
69.0,79.0,True,0.1778029791524288,0.1036819309473658,0.4017781956523051,-0.0344447240106217,-4.695321446661282,1
69.0,80.0,True,0.2189991016321859,0.141608303144623,0.4844153801014554,0.5068141444915013,-3.0396432379129497,1
69.0,81.0,True,0.0955115790356,0.0652753922660954,0.250243994508927,0.5022140197545198,-7.001283718455956,1
69.0,82.0,True,0.299311327056263,0.1861295102890115,0.6199628177609104,-0.0014174031333956,-0.5873433797160608,3
69.0,83.0,True,0.3777849838725735,0.1993928817224292,0.8832891984552684,1.1187373111781618,1.817916485308815,3
69.0,84.0,True,0.2948424160115107,0.1389408065901732,0.5132803859848816,-0.4500082729270369,-0.7126133566575107,1
69.0,85.0,True,0.1819119342321757,0.0923454834107193,0.4092857825372678,-0.0299052634966666,-4.421323681421421,1
69.0,86.0,True,0.2723397349110073,0.1291013733146948,0.4701170246346807,-0.0361404654859114,-1.5354444059296075,1
69.0,87.0,True,0.2466210083144463,0.1226367386430877,0.5041784413258261,0.3636026626236026,-2.319861522985051,1
69.0,88.0,True,0.2479902450306792,0.1614540030039028,0.7378142394591031,0.9904435280775769,-2.3937434508367157,3
69.0,89.0,True,0.2478417924121693,0.1238684503976506,0.4368877226087934,-0.0931301974944929,-2.226435207429693,1
69.0,90.0,True,0.2941879422722729,0.1613632084263233,0.5748806542942184,-0.0430005691043206,-0.5555640598994781,3
69.0,91.0,True,0.2709411909298057,0.1063939481422959,0.4867625976365232,0.2870297663057642,-1.510215508394665,1
69.0,92.0,True,0.3926043824770116,0.21997160455967,0.838491944402141,0.344052632987907,2.354306043789177,3
69.0,93.0,True,0.5472444018851864,0.2258357499409544,1.01561567449014,-0.1933438421381848,7.461638626765781,2
69.0,94.0,True,0.7454516166317035,0.3719495455505415,1.39381993623579,0.1331414220592976,13.15748480053296,2
69.0,95.0,True,0.5336798528908661,0.3429930372819108,1.2384742180222337,0.5379554643356922,7.0740800393776135,2
69.0,96.0,True,0.4012826217286895,0.2093532852628071,0.8372471566364953,0.1206964700279496,2.641000599429572,3
69.0,97.0,False,,,,,,0
69.0,98.0,False,,,,,,0
69.0,99.0,False,,,,,,0
69.0,100.0,False,,,,,,0
70.0,1.0,False,,,,,,0
70.0,2.0,False,,,,,,0
70.0,3.0,False,,,,,,0
70.0,4.0,False,,,,,,0
70.0,5.0,False,,,,,,0
70.0,6.0,True,0.405892036579883,0.17444187887763,0.8933979029829946,0.4443667282524448,2.4879858424059926,3
70.0,7.0,True,0.2760808106111445,0.1488050481661708,0.5798592509161433,0.4102479216920071,-1.2995815690256218,1
70.0,8.0,True,0.4739748295495961,0.1929835862100601,0.8890192328210877,-0.0308435258880754,4.842527362872755,3
70.0,9.0,True,0.3238004664510046,0.2995438297577095,1.0205543416682437,1.180256436521553,0.0035170678041538,3
70.0,10.0,True,0.4055236365722822,0.1450844086911512,0.7155772746185158,-1.0024603163395145,2.6167414153118,3
70.0,11.0,True,0.3958266009950333,0.119973241119607,0.6080378693178224,-0.713081258526077,2.4579057984997226,3
70.0,12.0,True,0.2850444699303329,0.1929750385001264,0.7698989130701367,0.9177015146552372,-1.2047438352238775,3
70.0,13.0,True,0.1710290016843758,0.1061605659644949,0.4549856423112282,0.6513735088960219,-4.646402587521026,1
70.0,14.0,True,0.2279494125300441,0.1081949485781886,0.4141710859135024,0.1697084125839451,-2.7740906996368735,1
70.0,15.0,True,0.2153011133179997,0.2019053719558021,0.7143964391251872,0.980357631612624,-3.0967226889062913,3
70.0,16.0,True,0.2228136954610672,0.1653732832271981,0.5430060815040113,0.1931017928148709,-3.209748027227115,1
70.0,17.0,True,0.2246432180538755,0.115679900054238,0.4356918097321191,-0.1530420111293875,-2.781247344248963,1
70.0,18.0,True,0.2242311727627215,0.1950486212820882,0.6130382542447188,0.4294777461620506,-2.849666408613296,1
70.0,19.0,True,0.260802728206181,0.1959345894507309,0.7060533131123452,0.8716666756971513,-1.8796933156840196,3
70.0,20.0,True,0.3421274330817351,0.1731439224208834,0.6808038031653751,0.4743736656826477,0.739493836597445,3
70.0,21.0,True,0.24875408301052,0.1114596321224959,0.4828928970929874,0.2614752164023096,-2.095191213504436,1
70.0,22.0,True,0.3278494019292106,0.1760631745656176,0.7488155343863496,0.4318893498583956,0.2126844746538174,3
70.0,23.0,True,0.2171605765532943,0.1620485899659865,0.6439310515991051,0.6410090140526722,-3.5053052204233603,1
70.0,24.0,True,0.3274554017428274,0.2944042645206263,1.045941503865196,1.2849132372386038,0.0202265998076787,3
70.0,25.0,True,0.3143419300211073,0.23385558871355,1.1161950725556782,1.280321618332109,-0.7547500430779263,3
70.0,26.0,True,0.3127658583782861,0.1745382624272336,0.6083796182310225,0.0439526819766279,-0.2674528161476144,3
70.0,27.0,True,0.2896200692969534,0.1698537452413572,0.6575133932078736,0.5599704061288288,-0.9173930577808864,3
70.0,28.0,True,0.305689705208606,0.1893333803394134,0.8005610416589929,0.3857823988096204,-0.5337175931707993,3
70.0,29.0,True,0.3153284373402993,0.1868587260710323,0.6693701949327577,0.34647335556089,-0.3940215133423638,3
70.0,30.0,True,0.2787788382794182,0.1840353280427701,0.7465233931788336,0.7737268023074958,-1.4826150825472544,3
70.0,31.0,True,0.3905967584895414,0.2668750961176663,0.9794731200259398,0.9948049914573812,1.926077985626307,3
70.0,32.0,True,0.3951407714614471,0.1747449051482254,0.769045315411466,0.0800403830373388,2.274673878257536,3
70.0,33.0,True,0.4314567828568395,0.2194395157206708,0.7750692127473504,-0.1007204249759228,3.638262308379649,3
70.0,34.0,True,0.3746460894395795,0.233795809919903,0.93676110466227,0.8191728946764028,1.672066964889756,3
70.0,35.0,True,0.5323082204095483,0.2719542755637064,1.0658491029542014,-0.0730537922997069,6.301953438939913,2
70.0,36.0,True,0.4994075188779038,0.2153218455664526,0.98173454404168,0.0841966709784075,5.768774765483523,2
70.0,37.0,True,0.599820414302357,0.1914031159228734,0.935023194141258,0.0043728333898374,8.563283110165171,2
70.0,38.0,True,0.4887423743833685,0.2857369108227192,1.0672797031622332,0.0339133263627632,4.586106342343393,2
70.0,39.0,True,0.5130013791695721,0.1822801271148188,0.9478071528706666,0.3651801266762834,5.757881610286384,2
70.0,40.0,True,0.5010933644984519,0.2076026009540815,0.8612538142175317,-0.1041749718750913,5.690719340517378,2
70.0,41.0,True,0.4782270129989833,0.2464262481790834,0.8881133677206212,-0.0222520276210374,5.036882090245055,2
70.0,42.0,True,0.5437779021187878,0.3007901920096225,1.1165070486445767,0.2834209564852074,6.289373861157899,2
70.0,43.0,True,0.4817399971149511,0.1470069727577818,0.7360468399991565,0.0528122631685959,5.1204871203900035,3
70.0,44.0,True,0.6951130956450462,0.2722014476596219,1.475921769352646,0.6899325071950467,11.204655168207545,2
70.0,45.0,True,0.6038140657156716,0.2154299836360504,1.1026450635206353,0.2520791732897034,8.488486660457069,2
70.0,46.0,True,0.676839035528388,0.2208140139564676,0.9712807649492824,-0.6664460415073485,10.764896881600915,2
70.0,47.0,True,0.5333382844617438,0.2568019435126782,1.5,1.922026028082475,5.867211918519581,2
70.0,48.0,True,0.3306964007892806,0.1241691885335485,0.5738724626810386,0.1456762690314518,0.1870546273363991,1
70.0,49.0,True,0.4237192053197131,0.2045500514559427,0.7783382043217069,-0.1918179099446182,3.0671138515565635,3
70.0,50.0,True,0.4675978601363415,0.2647638725389871,1.2947188262615588,0.7110192662740672,4.291361715185256,2
70.0,51.0,True,0.3458818389102644,0.2985581868165454,1.427761646157877,1.8009906823945283,0.4782455260438142,2
70.0,52.0,True,0.5646150834731682,0.2963720643275807,1.0991796907539826,0.0419950332831847,7.080492148207267,2
70.0,53.0,True,0.4270799652688604,0.2078014980918764,0.8669909213103758,-0.0502425128247015,3.268463167862717,3
70.0,54.0,True,0.4080330207046682,0.1775391757083516,0.7216504817185149,-0.1354093947778358,2.8984632406295163,3
70.0,55.0,True,0.5086038969380937,0.2223763748305792,0.8787927141015653,-0.7440553869183738,6.016397444245403,2
70.0,56.0,True,0.5317276287176064,0.2674177193418183,1.051889077523846,0.0229238221138869,6.5697919528555495,2
70.0,57.0,True,0.4416925750748051,0.1799601720674718,0.8037485713609075,-0.0093865173785639,3.6597886056158577,3
70.0,58.0,True,0.569440654947591,0.3050692506265419,1.1905268929418484,0.3038677360688354,8.058589558987038,2
70.0,59.0,True,0.5093186056817915,0.2298488313233399,0.9471249060831836,-0.2932687641060154,5.845472162867445,2
70.0,60.0,True,0.3260138716912239,0.1363927384568586,0.5336702099748003,-0.3657335880868688,0.2744720524886247,1
70.0,61.0,True,0.258773259471083,0.1500124965526812,0.5495230831068533,0.6035007762619998,-1.9406826088162343,1
70.0,62.0,True,0.2774691983190226,0.1489902725690373,0.5530257149908571,-0.0485300631513137,-1.267962681867814,1
70.0,63.0,True,0.2832701301998853,0.2565747769978375,0.91621032877253,1.1466687593974167,-0.9937243734795824,3
70.0,64.0,True,0.2210354928914149,0.1165615777190344,0.4342889780352276,-0.2373442830004125,-3.0330330354820596,1
70.0,65.0,True,0.1905680180132045,0.1463763441159483,0.613045698783982,1.5929735854289344,-3.947541062240111,1
70.0,66.0,True,0.186227146543294,0.0861861592749174,0.3596069615943267,-0.1817636110635096,-4.118436520468377,1
70.0,67.0,True,0.2620073713999588,0.132375360494567,0.5090932874596967,-0.0549754260429546,-1.8782006036654275,1
70.0,68.0,True,0.188106816493599,0.1006371897516924,0.3802119832174315,0.4311396423041797,-4.074647763756557,1
70.0,69.0,True,0.27451274545759,0.1401304872054088,0.6212099335818914,0.3431152078197605,-1.521572721055585,1
70.0,70.0,True,0.3459369110648305,0.1532087149643662,0.605489145137402,-0.3055874260858392,0.8643261426225339,3
70.0,71.0,True,0.2134548423010673,0.1223592680114748,0.4826613572113511,0.519991325781763,-3.1333308372764956,1
70.0,72.0,True,0.3295706672606697,0.1416820163013897,0.5642038645248861,0.1592546982281988,0.3915850141068028,3
70.0,73.0,True,0.2092792349387018,0.1704228469561953,0.6031468077082774,0.9400879661228452,-3.596677926958578,1
70.0,74.0,True,0.3313670743706262,0.1519203702592967,0.5737166047571846,0.000760672382198,0.2723171646784921,3
70.0,75.0,True,0.2363794535768036,0.1566293303778038,0.7027304158107732,0.1895691299879525,-2.926533083593581,1
70.0,76.0,True,0.2655945058048334,0.1659911192223784,0.528996561581814,-0.1530322004117654,-1.6478431354360858,1
70.0,77.0,True,0.2401862293518167,0.1098626662440825,0.4092003201493367,-0.3805270219182946,-2.5261522194619928,1
70.0,78.0,True,0.1785795287207602,0.1607775883701246,0.6222942924256875,1.2951593993169377,-4.528063753492575,1
70.0,79.0,True,0.2167499555330182,0.1612272505908203,0.5574003451932525,0.5131209497607442,-3.163906877717641,1
70.0,80.0,True,0.1804905654802492,0.1594035437320926,0.4969565544452656,0.4630068275170137,-4.14477473212457,1
70.0,81.0,True,0.2025484402165064,0.1149532402819071,0.4003800966455788,-0.1646309238523942,-3.73076663161237,1
70.0,82.0,True,0.2327465824732338,0.1625034459155465,0.5017302969757591,0.2930381351778489,-2.709609365841582,1
70.0,83.0,True,0.2353175589607004,0.1368650987170455,0.5100673216490783,0.329370279420595,-2.761081416837425,1
70.0,84.0,True,0.2223787161544509,0.1614550719685737,0.6583190260307367,0.6568781042449343,-3.31881082518118,1
70.0,85.0,True,0.2033463594830309,0.1910469855233524,0.6812487157452447,1.0585260064436746,-3.582176561135101,1
70.0,86.0,True,0.3258581013193453,0.2458690792867878,0.94698722859617,1.2256075421003585,0.2242997409306463,3
70.0,87.0,True,0.3260471544965472,0.2077461789021251,0.7194653754992797,0.215873332549786,0.3060497260947218,3
70.0,88.0,True,0.2877158043939584,0.1623514147412443,0.6095737273055967,0.2555635043431546,-0.9481732165049088,3
70.0,89.0,True,0.1767870904867955,0.139973803109525,0.4146245588978732,0.2131001025177088,-4.321346703436965,1
70.0,90.0,True,0.2783208202123761,0.1651986691601587,0.5903881509965914,0.011047341306895,-1.5961701832790969,1
70.0,91.0,True,0.3126816121213163,0.2403533710998125,0.9272921381410584,0.9142381252470267,-0.1715392745294569,3
70.0,92.0,True,0.5655001571741926,0.3609372775024996,1.434798258851941,0.7406075090521103,7.452595227182608,2
70.0,93.0,True,0.691655344155409,0.1746464020649412,1.2891810115903253,1.095276189239221,10.92776447172925,2
70.0,94.0,True,0.4829596321501819,0.2588902506008028,1.5,2.5834897596977293,4.640678547466311,2
70.0,95.0,True,0.5328702239312274,0.21999756009105,1.1660746526588666,0.9096601182242142,6.324168036813716,2
70.0,96.0,True,0.3057500059903614,0.2376255147995502,1.094307679631663,1.222143633671022,-0.8743830210913187,3
70.0,97.0,False,,,,,,0
70.0,98.0,False,,,,,,0
70.0,99.0,False,,,,,,0
70.0,100.0,False,,,,,,0
71.0,1.0,False,,,,,,0
71.0,2.0,False,,,,,,0
71.0,3.0,False,,,,,,0
71.0,4.0,False,,,,,,0
71.0,5.0,False,,,,,,0
71.0,6.0,True,0.1956461372367354,0.1146015400626071,0.5115463504066926,0.8882870971995382,-4.116152748078126,1
71.0,7.0,True,0.4005428369655726,0.2192131357903748,0.9902545859886788,0.9365545091895344,2.4071759853519383,3
71.0,8.0,True,0.3085726516953787,0.1564113574054943,0.614242255165226,0.0916828313184553,-0.4907127721695072,3
71.0,9.0,True,0.2577060951401376,0.1026812083122331,0.478123265027534,-0.1077520167184196,-1.9459824957950769,1
71.0,10.0,True,0.181480279176154,0.169962270325979,0.4982984542329756,0.6099884776014104,-4.458159783915136,1
71.0,11.0,True,0.1864069559854921,0.1152793829931983,0.4679727916002514,0.8800303427248951,-4.117893848231442,1
71.0,12.0,True,0.1514028306147973,0.1230727882956385,0.3810373858971723,0.2489572964235023,-5.145217478765231,1
71.0,13.0,True,0.2935136753090884,0.2375080092472747,0.8848100537836971,0.9754209394924038,-1.3200423898725862,3
71.0,14.0,True,0.2589182052737974,0.1865744182178366,0.6986354783427248,0.5860266825168727,-2.219778543467408,3
71.0,15.0,True,0.2112886808627106,0.1734273812869675,0.487957897152146,0.1928586480316266,-3.2305815635468123,1
71.0,16.0,True,0.262814521854455,0.1943436174876074,0.6666677343006703,0.4545564573657054,-1.8497130053437263,3
71.0,17.0,True,0.2996118220729794,0.1715124607079369,0.6792205293645673,0.2175609584408522,-0.5652875955838746,3
71.0,18.0,True,0.2046913328235583,0.1042564554759259,0.4156110576204734,-0.0683308336666802,-3.423684579268625,1
71.0,19.0,True,0.2642283742700957,0.2163985149579802,0.7818189965946475,0.9393301143742095,-1.9394971326834949,3
71.0,20.0,True,0.1899834463453188,0.1407220333836165,0.4587187198947815,0.3350090812372379,-4.0866167957893635,1
71.0,21.0,True,0.2682861415655855,0.1368604399820384,0.8175214889524433,1.6284385603242,-1.987081243811424,3
71.0,22.0,True,0.2596843919373135,0.1808480656816878,0.758443838760084,1.0598682806764663,-1.896720888532755,3
71.0,23.0,True,0.189763865182145,0.1158123873496597,0.4137283707198737,-0.0579914058375485,-4.0821198526756595,1
71.0,24.0,True,0.3248337586243823,0.2214092634722928,0.7737193726734759,0.147567362394292,0.1146717210624442,3
71.0,25.0,True,0.2962846536315268,0.1579646209190857,0.5550245963378386,0.0093432176304939,-1.0130770038520551,1
71.0,26.0,True,0.2350136453134806,0.1905678152091498,0.7583819973492808,1.095208533195158,-2.40291196450319,3
71.0,27.0,True,0.2789909904635674,0.1729864462051845,0.6635478467279946,0.6985831154399446,-1.5660845132920531,3
71.0,28.0,True,0.1754270591204365,0.1573951751763755,0.5768047449641214,0.7778557693806323,-4.529725163367137,1
71.0,29.0,True,0.2299646627122506,0.1786746921705101,0.8392506824534305,0.8384786802791533,-3.22261133616159,3
71.0,30.0,True,0.2492911297727768,0.1746554128977856,0.6152299640760879,0.3412391369468402,-2.289547836882206,1
71.0,31.0,True,0.2284076725792985,0.1032714743065881,0.4158949065241156,-0.0882172515207349,-2.67734477184663,1
71.0,32.0,True,0.4261574929655394,0.3246896671807359,1.5,1.34706021821682,2.9182853596966143,2
71.0,33.0,True,0.5688731447295341,0.3093076482197748,1.236120245023036,0.0938444360460843,7.508252734636702,2
71.0,34.0,True,0.5035645317891845,0.2390541102183817,0.9573859747448672,0.1031437523030321,5.668560932853947,2
71.0,35.0,True,0.5136014531248676,0.192450306224364,0.891585669042387,-0.8020372400187521,6.368848077407482,2
71.0,36.0,True,0.4330074763909809,0.2008620651641599,0.8955147469659706,0.3880337079990754,3.586986851524969,3
71.0,37.0,True,0.5835753501259638,0.2882664253074022,1.4922994548985304,1.0263278162800396,7.069083791921467,2
71.0,38.0,True,0.5187090117142917,0.2834355168995932,1.0218914612091838,-0.0931231574074404,6.600537259022483,2
71.0,39.0,True,0.3727816053511456,0.2125847681798833,0.7621726562416941,0.0520976311767183,1.301379083693193,3
71.0,40.0,True,0.3046223816412412,0.230206397787299,0.7480571953226414,0.2526249463772557,-0.2769838036498568,3
71.0,41.0,True,0.3437310756101278,0.1794521931488027,0.7204221502612371,0.5287968464089321,0.4572251281155879,3
71.0,42.0,True,0.6673996377597096,0.2468785272536744,1.1782253121327797,0.3634976647114901,10.801302825609676,2
71.0,43.0,True,0.5008680707725599,0.2075796427460567,0.804313368757052,-0.4621270161742785,6.035438815989483,3
71.0,44.0,True,0.503834834785058,0.2591735070610931,1.2192307017106432,1.073117789062325,5.4764698857404435,2
71.0,45.0,True,0.523432777972601,0.2545902844492505,0.871198431707477,-0.6030737281483455,6.372162572479783,2
71.0,46.0,True,0.5595000185985542,0.2732165050878611,1.1973862066670162,0.3465394118889883,7.481876121919472,2
71.0,47.0,True,0.5821701881041443,0.1990823930280332,0.9608853899680556,-0.2830273648162087,7.93224873784403,2
71.0,48.0,True,0.5103218589051075,0.2986024212081059,1.178707636400303,0.3155117960158629,5.792900312739394,2
71.0,49.0,True,0.5017738196052379,0.232717423131785,0.9039278752531924,-0.1118594507016319,5.250809573555217,2
71.0,50.0,True,0.5347922350867994,0.2895118808574336,1.245066702037469,0.8790688743764647,6.359929851980811,2
71.0,51.0,True,0.4064593969855506,0.2186853013441174,0.8161276512516707,0.2143797891819927,3.050624202634482,3
71.0,52.0,True,0.5362332163071051,0.1698477608129591,0.9124012212421766,-0.1907336716776719,6.978911758077264,2
71.0,53.0,True,0.6666646233744689,0.3293378065945847,1.4578217550799657,0.7546709141483188,10.767672028323789,2
71.0,54.0,True,0.6529991372582518,0.2705239858087838,1.1913545228966824,0.2005972575880912,10.31312749086819,2
71.0,55.0,True,0.4798545006648894,0.1687182155464224,0.7445196277932955,-0.4416159792530654,4.834511450319588,3
71.0,56.0,True,0.5761025184697811,0.2293512763252602,1.149733909244574,0.8310624861296302,8.129352437661181,2
71.0,57.0,True,0.4621291222178005,0.2088637776589327,0.8748550687154195,0.0790738593629312,4.127769292517969,3
71.0,58.0,True,0.5396079870412042,0.2236009415751826,1.1402614961994724,0.7353371075996656,7.123307021399438,2
71.0,59.0,True,0.4270584260356261,0.2115249359661827,0.881791656128154,0.3777508354777316,3.736795072338482,3
71.0,60.0,True,0.321766426686035,0.1480970889685033,0.7618824409615792,0.3703841510655065,-0.2592894248258488,3
71.0,61.0,True,0.516085835029121,0.226940806364831,0.9176395237803364,-0.5599757583122352,6.049164124037784,2
71.0,62.0,True,0.3834970001093952,0.1699773561582691,0.7099958391211987,-0.0029885969090802,1.9247127547058656,3
71.0,63.0,True,0.3377714027044504,0.2614435786277278,0.9867379627427886,0.9895625388406158,0.6365630880951589,3
71.0,64.0,True,0.2287071095560195,0.1374546626481704,0.4551325061311217,0.0114899725553367,-2.714309210158941,1
71.0,65.0,True,0.2803830753656351,0.1505013002106459,0.5226262533338488,-0.0894231227232093,-1.1918953646711976,1
71.0,66.0,True,0.2292133317671436,0.0994229069426956,0.400892351743601,-0.4194337115360231,-2.6008060398484667,1
71.0,67.0,True,0.298554367411719,0.1952179579857864,0.7370203924765445,0.3524775898410149,-0.4605147631890382,3
71.0,68.0,True,0.2452016470591682,0.1396153049831523,0.458827793933388,-0.1677924937209767,-2.287976909105753,1
71.0,69.0,True,0.2043319431135918,0.0977964772406582,0.3610398749386372,-0.2693156422836602,-3.459021924352269,1
71.0,70.0,True,0.2823374171106028,0.1592655845487561,0.5790137818040784,0.0780977529394688,-1.1272662196085808,1
71.0,71.0,True,0.3349901601071846,0.1692035526578044,0.7164578175941972,0.1811915656460587,0.0571777696698452,3
71.0,72.0,True,0.3369568529871984,0.1688220314467894,0.7871740159328358,1.104396194726075,0.2186260299276324,3
71.0,73.0,True,0.2717442344300666,0.1707291634334,0.6602374725269896,0.4085738606527793,-1.4853921540927664,3
71.0,74.0,True,0.1954547752511872,0.0834454885418194,0.3568576429986754,0.3188443779259289,-3.79883060946773,1
71.0,75.0,True,0.2556466126192621,0.1597216235658689,0.5324592436262326,0.0064416939544763,-1.9144401583066577,1
71.0,76.0,True,0.2222721999613799,0.1066812907713214,0.4750709941521806,0.2781429069667595,-3.2798566509818308,1
71.0,77.0,True,0.2023835147902057,0.1112489981493575,0.4531083270460321,0.1209651648153604,-3.7894156927850102,1
71.0,78.0,True,0.2913052148429609,0.1659560368655401,0.817724679605789,0.8656321510269791,-1.032950951422641,3
71.0,79.0,True,0.2191947201781205,0.2065406803672884,0.7119161217524641,0.8820418642545605,-3.1443797383000778,3
71.0,80.0,True,0.2874952349586447,0.1236413709355614,0.5056054034628167,0.0873589309610527,-1.123418507892259,1
71.0,81.0,True,0.2390310392938819,0.2157746034702756,1.123943025012281,2.046671933026635,-2.9069862551351155,3
71.0,82.0,True,0.3246082909633733,0.1577274721319256,0.6742166917472688,0.1604439720927022,0.1115089613642015,3
71.0,83.0,True,0.4130155844503475,0.2973227586556928,1.0990192206967522,0.987028842553576,2.304175249415262,2
71.0,84.0,True,0.1757535159786641,0.1021418910742139,0.4168740885721458,0.5154504774448537,-4.568872509844309,1
71.0,85.0,True,0.2712867786760932,0.1743987634240544,0.9285643776278526,1.221396755594417,-2.035254628369956,3
71.0,86.0,True,0.3228029094671206,0.1575427852583239,0.7295488234842339,0.3148817637295732,-0.3199284467791008,3
71.0,87.0,True,0.172412037539428,0.1039971144901968,0.345668208242177,-0.0497731448701023,-4.5142167919496545,1
71.0,88.0,True,0.2688532648588479,0.196206785962751,0.5894732676105915,-0.1427789681462755,-1.8999914842650856,3
71.0,89.0,True,0.2719911064468946,0.1363453820094433,0.5684590950290437,0.3038026432136123,-1.4699857097754454,1
71.0,90.0,True,0.3029728109408732,0.1855782712107896,0.8844562309900865,1.69558605280774,-1.206211615341769,3
71.0,91.0,True,0.2842031957172248,0.1470542403604932,0.5935950841351592,-0.0479653882231888,-1.0729432640629564,1
71.0,92.0,True,0.5325199405867018,0.136221386837458,0.8788815545208345,0.8154138382934925,6.461604104545286,3
71.0,93.0,True,0.6686311425970046,0.2691742288936971,1.31458926105909,0.852473568794183,10.488593107768278,2
71.0,94.0,True,0.5825553356820531,0.3751705242880714,1.5,0.987881707418725,8.303224815856616,2
71.0,95.0,True,0.4968856187053822,0.235548036629474,0.9326620762854276,0.0333863787072587,5.350822914220212,2
71.0,96.0,True,0.0303173953095889,0.0638169286534153,0.2135972892425927,1.9890915792934551,-8.967086191529871,1
71.0,97.0,False,,,,,,0
71.0,98.0,False,,,,,,0
71.0,99.0,False,,,,,,0
71.0,100.0,False,,,,,,0
72.0,1.0,False,,,,,,0
72.0,2.0,False,,,,,,0
72.0,3.0,False,,,,,,0
72.0,4.0,False,,,,,,0
72.0,5.0,False,,,,,,0
72.0,6.0,True,0.0202629602742241,0.0291483205875042,0.0829912003310631,0.9758872576396668,-9.31612056309771,1
72.0,7.0,True,0.343963681829821,0.1508123735388029,0.7051223239557208,0.2434044609109737,0.6792291186151177,3
72.0,8.0,True,0.3526870901666014,0.1620132961862114,0.7095378816044211,0.2787765021035783,1.187209814467979,3
72.0,9.0,True,0.3241811485583293,0.1284080045177656,0.6575432046746006,0.7990644425581671,0.1648096688662891,3
72.0,10.0,True,0.2232279944504829,0.0821315777097348,0.3760469775236959,-0.2723090602056206,-2.982052612105654,1
72.0,11.0,True,0.2943951662228267,0.2061154260659179,0.6635964046043269,0.2687339765672543,-0.7421082470044209,3
72.0,12.0,True,0.2145283711241067,0.088565416901937,0.4049649715165165,-0.51230648777857,-3.3434698459651737,1
72.0,13.0,True,0.2088889944467156,0.2382348718766086,0.8242328516541254,1.341036341026034,-3.900346796630754,3
72.0,14.0,True,0.2231017599831021,0.1243428985286162,0.4643723190125781,0.2928528759759884,-3.036004591331176,1
72.0,15.0,True,0.2424220162677897,0.1335416039291871,0.4903557495347923,0.4133124205101838,-2.351567535957459,1
72.0,16.0,True,0.316966506378895,0.2312885162952751,0.8575641125352331,0.5896882841844489,-0.223228775754965,3
72.0,17.0,True,0.3019585914511109,0.2591386179509135,1.0097977220021193,1.3807413088980456,-0.8632002521142053,3
72.0,18.0,True,0.2563153793145655,0.1704667473245509,0.6309514779032863,0.6464458538810552,-2.118274642258708,1
72.0,19.0,True,0.3286584796351172,0.1395121727744739,0.5432134534759636,-0.5056512789040266,0.1466627642002108,3
72.0,20.0,True,0.1883737743396472,0.1124221393558459,0.4400144405485701,0.4900630253424073,-4.19852226090834,1
72.0,21.0,True,0.1716762641576139,0.1230868080005931,0.3949165359324079,-0.0097353937259624,-4.5919637504813515,1
72.0,22.0,True,0.2707824340005937,0.2300989199250302,0.8391797746375422,0.9265906979206648,-1.8170967748536555,3
72.0,23.0,True,0.2264201522274032,0.1769821781248759,0.6460966661021365,0.6675193766330424,-2.8674777540403253,1
72.0,24.0,True,0.254735876859496,0.1817703519759346,0.7420479223852896,1.041404221630294,-1.9208124408888123,3
72.0,25.0,True,0.2455652702677353,0.2113556440455775,0.7356863171692264,0.9765225539040812,-2.5083335298674747,3
72.0,26.0,True,0.211167595474305,0.0869593099612168,0.3948336996686838,-0.4755390130390836,-3.493184761710592,1
72.0,27.0,True,0.2287439052615825,0.1733358191952513,0.6987329570808575,0.6314507275669107,-3.262537379303345,1
72.0,28.0,True,0.2501877351542588,0.2145672447549581,0.662819986762669,0.3882768683497902,-2.466221619687721,3
72.0,29.0,True,0.2076133645620239,0.080760935715536,0.3386264590283228,-0.1637739042429979,-3.50763236586935,1
72.0,30.0,True,0.2634553016283123,0.1511738865417746,0.5563593206501196,-0.1753849785532105,-1.6565554898532104,1
72.0,31.0,True,0.2587428793359444,0.2132365281212724,0.7119206577584005,0.8176436896428755,-2.098204811467874,3
72.0,32.0,True,0.3695800290442982,0.2090204225228084,0.8610195786251335,0.4329284386744765,1.0957633041943633,3
72.0,33.0,True,0.4211601869398388,0.2446226990499967,0.9205026702577364,0.3198918336438283,3.347872754224362,3
72.0,34.0,True,0.5297689073468101,0.2569343122009041,1.058653458108015,0.7909073860143973,6.738254664320422,2
72.0,35.0,True,0.4589351588870793,0.1282738348341648,0.7322787714600913,0.3361073594318484,4.090156447533693,3
72.0,36.0,True,0.477698587371498,0.2704437288656743,1.0117452319413034,0.5803034238264558,4.721500316644463,2
72.0,37.0,True,0.3481876768654028,0.2341865329112513,1.2465856208116597,1.6836035600570105,0.3810453605301055,3
72.0,38.0,True,0.3601651525675318,0.1584070490011134,0.7659472965248856,0.5567428108065122,1.1417452959711558,3
72.0,39.0,True,0.3962345318023815,0.1966714169458333,0.8160234788770329,0.1143647499853049,2.2214656006593,3
72.0,40.0,True,0.3606835540756365,0.165958314760217,0.753387775069013,0.2989481780821586,1.0726200521664035,3
72.0,41.0,True,0.4515740663874204,0.2872599807501976,1.236569648191992,1.304898520667486,4.497061068722339,2
72.0,42.0,True,0.4203108533377521,0.1559418336130901,0.7405044813448368,-0.1148007295757249,2.783889190148769,3
72.0,43.0,True,0.5681060097402894,0.2313286674398394,0.9257742530801872,-0.201881873688476,8.148755850623123,2
72.0,44.0,True,0.5701564635504716,0.2636241302281284,0.9881229163273336,-0.4568006924105833,7.713817395623491,2
72.0,45.0,True,0.4437595694601673,0.2531599480064064,0.9607891537768716,0.2311203931193999,3.793645813615059,2
72.0,46.0,True,0.4639380751767749,0.1087106169458608,0.680308610941093,-0.1575357990426068,4.475211698514237,3
72.0,47.0,True,0.6533412043851488,0.2190208111618688,0.9804016683861778,-0.1406601973601167,10.143544745199463,2
72.0,48.0,True,0.4476017728556468,0.1430529874249446,0.7441201610379276,0.0838271601700437,3.610557865798316,3
72.0,49.0,True,0.4921036153507606,0.1528572678152086,0.94377386412238,0.8416276156813132,5.000921800898322,3
72.0,50.0,True,0.462417893271403,0.2725939438472291,0.9613631053958924,0.3617933878413147,4.334268563102426,2
72.0,51.0,True,0.5294088523148166,0.2286159981291863,1.1894895270375985,0.2783650332217406,6.326674239137845,2
72.0,52.0,True,0.4227539402275406,0.3322167978194997,1.117697441130561,0.7866909911128167,3.3260355981059093,2
72.0,53.0,True,0.6934997342652511,0.3108703929734015,1.4542913781148616,0.5936752907185858,11.749720042318652,2
72.0,54.0,True,0.43643669025144,0.2088743166827672,0.9598017724625674,0.4298759491711186,3.869855700324333,3
72.0,55.0,True,0.5832301969211134,0.1407042758904831,0.8536277332445702,0.0359537783393921,8.112750369714695,2
72.0,56.0,True,0.5473796594802047,0.2329937384500778,1.0497287402815438,0.571241325353601,6.999110985422124,2
72.0,57.0,True,0.5953828492066466,0.2847519853808924,1.5,1.4356811383115144,7.805506909276718,2
72.0,58.0,True,0.371098294558176,0.2755504518540685,0.9380864783032544,0.3514038094166755,1.3921492964329627,3
72.0,59.0,True,0.4088349181282518,0.1716940214021349,0.7740401362021115,-0.0465617797856383,2.5418712274323263,3
72.0,60.0,True,0.2725865605880604,0.1773135377068443,0.7290778344405378,0.9433461982586424,-1.459650875073672,3
72.0,61.0,True,0.2983677775501179,0.2120017545364159,0.8706796260471977,0.868187252745495,-0.9994944060998144,3
72.0,62.0,True,0.1880752629157975,0.1320669387396573,0.4035750363541823,0.0027250135660517,-3.9989011318353658,1
72.0,63.0,True,0.2532704957357908,0.1839101421799059,0.6901442337249909,0.8512489923575625,-2.562342512535896,3
72.0,64.0,True,0.3558161880100167,0.1878484382199492,0.7417539883034039,0.3850111406171357,1.0704959265302372,3
72.0,65.0,True,0.2721344571340522,0.1461624655423046,0.6385825507418317,0.7317861376288061,-1.4003898215974884,1
72.0,66.0,True,0.2580665376269421,0.173277813863394,0.5345961484335333,0.1694410815739604,-2.102943988885097,1
72.0,67.0,True,0.2203119702723324,0.1483035921960648,0.5759992321453739,0.3432794026969213,-3.2726773636207387,1
72.0,68.0,True,0.2031264401397176,0.1347335356041032,0.5654315313576921,1.1118444057460342,-3.7142721733424695,1
72.0,69.0,True,0.3715966385576829,0.2747915262307134,1.0071393131692703,0.5447793089885679,1.3524158233527033,3
72.0,70.0,True,0.3742121020844854,0.1912042086169856,0.7992167993398722,0.8302359709695416,1.6577230955040034,3
72.0,71.0,True,0.1316333736155414,0.1100120991694314,0.3633488425926321,0.4487252980524721,-5.7441561284598475,1
72.0,72.0,True,0.2342887238719765,0.1279187494480455,0.5749968708816964,0.3265056622497617,-2.825263972845862,1
72.0,73.0,True,0.2491693587517833,0.1880681587136091,0.6318029140712771,0.2452559103214074,-2.063465967910358,3
72.0,74.0,True,0.2611035458763091,0.1316544503771213,0.5273991939939804,-0.1891191676033091,-1.5817123723547488,1
72.0,75.0,True,0.2585076285129309,0.1195522478417728,0.5032302095429003,-0.331832731552694,-2.1016194926688234,1
72.0,76.0,True,0.2321955129243494,0.1219931121551935,0.4686522130577368,0.1710791832704709,-2.6212123424867,1
72.0,77.0,True,0.1810946189151719,0.1222649361593634,0.3722007147115326,-0.13680549675297,-4.517161913501095,1
72.0,78.0,True,0.2326410324534559,0.1624203164809181,0.5658184510473772,0.1114380172362597,-2.759554626349513,1
72.0,79.0,True,0.2799910156116217,0.1875164279307614,0.751042062060417,0.7640676043271137,-1.1407734399903475,3
72.0,80.0,True,0.2692191095817334,0.1660492497909207,0.5553083392206738,0.0314659948218646,-1.5236174596973893,1
72.0,81.0,True,0.2235322762867165,0.1592712084992822,0.5903193648104506,0.8395088422508223,-3.1574311449738683,1
72.0,82.0,True,0.465410040033343,0.2481984884843371,0.9576515135412712,-0.1994576340123956,4.839753443922285,2
72.0,83.0,True,0.3309998583336946,0.2410659485019534,0.9548571191864744,1.3357671613396498,0.1293786584570286,3
72.0,84.0,True,0.3057847805383979,0.1621659580917573,0.7761817769090297,0.7876248469381755,-0.5937660435489948,3
72.0,85.0,True,0.3627848058160811,0.1847191477192969,0.7491654453593941,0.611797226705952,1.40557709345762,3
72.0,86.0,True,0.4469945615719123,0.1272157647131773,0.7010139878515521,0.1075425243774567,4.003986759616124,3
72.0,87.0,True,0.3007714188275789,0.1765121741987572,0.6084012328282459,-0.1974804909264212,-0.7210123211378043,3
72.0,88.0,True,0.2741384758469988,0.0992482168696079,0.4816574379081108,0.5480656576110472,-1.4778910804380878,1
72.0,89.0,True,0.3305614082835828,0.2524393903590526,0.8961579348862192,0.597954761098399,0.0792673091693208,3
72.0,90.0,True,0.2571565543964781,0.163729440294638,0.6100848088624041,0.2696202390661278,-2.175599131535583,1
72.0,91.0,True,0.6567626764502953,0.2632097187370449,1.169647562919328,0.476592355589636,10.434540355295946,2
72.0,92.0,True,0.5686375915461473,0.271581084234889,1.003938468885867,-0.1257747799931507,8.238818162393601,2
72.0,93.0,True,0.6499688498130822,0.3343279880168984,1.4660678214591267,1.030390649608138,10.338109661769996,2
72.0,94.0,True,0.3770087865853033,0.166147476071857,0.7363837727831323,0.2007075687076994,1.385706847049496,3
72.0,95.0,True,0.1506977798736153,0.1223714096379295,0.4524214893095721,0.7626204260111333,-5.272965339772607,1
72.0,96.0,False,,,,,,0
72.0,97.0,False,,,,,,0
72.0,98.0,False,,,,,,0
72.0,99.0,False,,,,,,0
72.0,100.0,False,,,,,,0
73.0,1.0,False,,,,,,0
73.0,2.0,False,,,,,,0
73.0,3.0,False,,,,,,0
73.0,4.0,False,,,,,,0
73.0,5.0,False,,,,,,0
73.0,6.0,False,,,,,,0
73.0,7.0,True,0.3561078284947343,0.1639383471622527,0.673863225603373,0.3802017199689085,1.2804467540290414,3
73.0,8.0,True,0.4323816375346599,0.189154803908069,0.8248358550077666,0.2286979047377129,3.546530034858641,3
73.0,9.0,True,0.2550871630472521,0.1016986159503397,0.4598686782453753,0.6957790042259545,-2.046992903632553,1
73.0,10.0,True,0.1924850106254928,0.1905596293958965,0.579330795688561,0.7872877860520963,-4.019625325561802,1
73.0,11.0,True,0.2198024693524546,0.1085512541982867,0.4110665903545697,-0.1411495483976014,-3.1987704786856748,1
73.0,12.0,True,0.3111066187608604,0.2006269123445097,0.8149252401330052,1.0570325042390425,-0.3175485413342803,3
73.0,13.0,True,0.2465319856064231,0.1954446861542812,0.6786875794586835,0.7263774909285159,-2.2772723236063137,3
73.0,14.0,True,0.2329312118050608,0.1541293787107024,0.5314391954025159,0.2761395659985147,-2.5910701125619804,1
73.0,15.0,True,0.2847012882257717,0.1610766329058557,0.5661908073844297,-0.1476248334599743,-1.0786130704089745,1
73.0,16.0,True,0.2335372280943279,0.1329449439319869,0.4747807120505935,-0.1062155647876695,-2.623553495591639,1
73.0,17.0,True,0.2359138824263385,0.223554916257555,0.6587643435594072,0.3985829232282069,-2.78545873924333,3
73.0,18.0,True,0.3192576985369436,0.2396753790295877,0.7377413981116396,0.4530041891678953,-0.0843397707897924,3
73.0,19.0,True,0.2622461575672015,0.1551995188244344,0.6152106297716631,0.3885135203190495,-1.7789955855165382,1
73.0,20.0,True,0.1825741802194828,0.15933533623183,0.5790090821361863,0.9738847072022848,-4.234383765815009,1
73.0,21.0,True,0.2785797730544022,0.2047769346518286,0.7837338839788465,0.8806980492647988,-1.6926394943280871,3
73.0,22.0,True,0.3181332580571136,0.2432198888314888,1.087356864543039,1.04366589694731,-0.6064662379779692,3
73.0,23.0,True,0.235630698639284,0.1133400593566999,0.4940609859200755,0.0326487764569745,-2.686501474753009,1
73.0,24.0,True,0.3474239738946398,0.1778740021819628,0.9468691766773354,1.149770672640399,0.2059676457452497,3
73.0,25.0,True,0.3325952538687347,0.2535161611919219,0.9368689914771748,1.1834709511562826,0.1739543450908329,3
73.0,26.0,True,0.1723179582910201,0.1856919244820049,0.6604555164164472,1.1112380992045476,-4.716396838115903,1
73.0,27.0,True,0.2230665325071942,0.1952089413005522,0.7211515768751469,1.1744949525613462,-3.2804442807394465,3
73.0,28.0,True,0.2572871550714848,0.1992507782763427,0.7629118906099566,1.0949879632154946,-2.0794301690868444,3
73.0,29.0,True,0.2996224722927087,0.16992692997787,0.6301382578603585,0.4730053615130338,-0.4174520938901833,3
73.0,30.0,True,0.2467664031485853,0.1268832386648132,0.5382394400038387,-0.2265072343742048,-2.4794999055483116,1
73.0,31.0,True,0.3344681675604084,0.1493772252380858,0.7735602224140268,0.5188365223714906,0.1745814694103134,3
73.0,32.0,True,0.3045501358591971,0.1598301657940032,0.6244713020641001,0.3357921581958934,-0.6055635615880341,3
73.0,33.0,True,0.3286500309613891,0.2004712369672119,0.7547555853011318,0.4216349186679143,0.537774039033511,3
73.0,34.0,True,0.5268185198268408,0.1448975380022809,0.8022233688290369,-0.3681131678509858,6.231981914374795,3
73.0,35.0,True,0.4475637297415642,0.3085288929936992,1.0111820213898164,0.2960072087546145,3.843449388821448,2
73.0,36.0,True,0.3945432211022545,0.2014414742517271,0.9219255614735477,0.5993897806388933,2.408143362073273,3
73.0,37.0,True,0.2842732584348913,0.2140503330805346,0.8141414236062353,1.1206063082927955,-0.8518671399343053,3
73.0,38.0,True,0.3521143523690959,0.2895025502409724,0.9244869917165486,0.5979761601301411,1.054782067010686,3
73.0,39.0,True,0.3687276027067386,0.1622806810537573,0.6312207049617665,-0.0073841090563398,1.5787239113323135,3
73.0,40.0,True,0.412449022833419,0.201094607798065,0.8031688631656764,0.1160279887680423,3.0415772170075694,3
73.0,41.0,True,0.415373139155309,0.1999537351858301,0.7868366088281273,0.2500588460307943,2.9112516854367407,3
73.0,42.0,True,0.4047885392104165,0.1493372334651679,0.7748322283932831,0.1192527325536465,2.4740974393714534,3
73.0,43.0,True,0.4231933974957306,0.2266502183723736,0.7697137744030352,-0.2379302057936631,3.238533513766352,3
73.0,44.0,True,0.4057203134686651,0.1566582432104957,0.7362226086618783,-0.3875319275441809,2.44987893910669,3
73.0,45.0,True,0.3609859832237132,0.2475400680370103,1.0081779078284163,1.181595739226483,1.1318603476644329,3
73.0,46.0,True,0.4284299751444697,0.2018728191531798,0.8606342718798694,0.5473884302923581,3.293661188222563,3
73.0,47.0,True,0.5224317362538694,0.2356488472758882,1.1010339474410726,0.4181567599636341,6.042334867778839,2
73.0,48.0,True,0.4715426070417217,0.193733423056468,0.870700348228282,0.3902006045095582,4.5991460204038415,3
73.0,49.0,True,0.5361513907269785,0.2273101275958133,0.9156046236996914,-0.2482679038787159,6.53599404870334,2
73.0,50.0,True,0.4466326333517709,0.1154383304842292,0.7015941888448038,-0.0711578911208683,3.7054400401935945,3
73.0,51.0,True,0.6183770758250966,0.2932795390498503,1.2544029309593412,0.431279364446714,8.75304367879371,2
73.0,52.0,True,0.5906741930473205,0.250697586535874,1.0744869059314104,-0.3068181574573004,8.88408493350093,2
73.0,53.0,True,0.5894325809980663,0.274538321962899,1.139054474354894,0.1903071331242233,8.22920676503903,2
73.0,54.0,True,0.4787786046965791,0.1790593708482136,0.7798396431022022,0.2420686108847704,4.807398036256203,3
73.0,55.0,True,0.6388587937565829,0.2463276770188703,1.5,0.7075288515000517,9.444254013205828,2
73.0,56.0,True,0.4877237745522482,0.2102716460580068,0.9327686770229142,0.5445705493189991,5.122318456481569,2
73.0,57.0,True,0.4734777546695392,0.2685955905714887,0.989703756841978,0.159994421944416,4.94124685991252,2
73.0,58.0,True,0.3511863802784541,0.1341380062291292,0.6783586546354238,0.3131551176229667,1.213484936277495,3
73.0,59.0,True,0.3505801594747623,0.1847604357561817,0.7051185858129737,0.3208380280614633,1.0302384848980524,3
73.0,60.0,True,0.3141049293498531,0.141631569929435,0.5642765501390818,0.1137964574487256,-0.1779461371092985,1
73.0,61.0,True,0.3574270113698571,0.1950084465440122,0.7816495491731247,0.3900697822508996,1.13171423662951,3
73.0,62.0,True,0.2336160222640034,0.1653381526970264,0.6456834590664932,0.4674756236301619,-2.8619001260977672,1
73.0,63.0,True,0.2946283963071955,0.1203699205658524,0.5145409138989778,0.2704058810919408,-0.8860887544827055,1
73.0,64.0,True,0.1880134798975044,0.1701547003289119,0.6209464634066354,1.1492618940531705,-4.387441925821852,1
73.0,65.0,True,0.1631370287825198,0.166317420422108,0.5158303210525222,0.6977258950711724,-5.095278451458871,1
73.0,66.0,True,0.3300019694634299,0.2173741117176224,0.7876160442517419,0.555434308451645,0.5236284619130148,3
73.0,67.0,True,0.281369521459315,0.2711705667879298,0.8709861635588424,0.9798239458457272,-1.303635359637315,3
73.0,68.0,True,0.2242540158456589,0.1020155513292833,0.4196643210183023,-0.2786356703747371,-3.0823937358197084,1
73.0,69.0,True,0.3276290470048527,0.1288615666989076,0.559073656477203,-0.3673846266370595,0.1189997196826287,1
73.0,70.0,True,0.1407397288395336,0.0671684196302167,0.2454572460229589,-0.3929979909026789,-5.604985902691062,1
73.0,71.0,True,0.2420755321486282,0.1423730823695325,0.5805943766330702,0.1537324998048184,-2.5228875819861374,1
73.0,72.0,True,0.2788706788486038,0.1821399483573749,0.647440038757661,0.5568605850921473,-1.3234046270947784,3
73.0,73.0,True,0.2427475901803147,0.1490459303782664,0.5357395062586414,0.2665505524774916,-2.447389121089059,1
73.0,74.0,True,0.2502085459719574,0.1579007049535548,0.621361899408347,0.6598301269484723,-2.375314442689085,1
73.0,75.0,True,0.363496365143398,0.212753213871653,0.8240359261591171,0.3606900397483863,1.6760358885003428,3
73.0,76.0,True,0.1994159813710487,0.1645454089301479,0.5262777837854945,0.2916820087643809,-3.5590093975904367,1
73.0,77.0,True,0.3018592072582233,0.1505790772465791,0.7110386191231505,0.1967818035001352,-0.835724631151279,3
73.0,78.0,True,0.2701087387875657,0.2198538131624244,0.7998166869033411,0.8783120391651527,-1.6682669888018085,3
73.0,79.0,True,0.3877148700734624,0.2213790923660413,0.9205926102818774,0.837427195070805,2.350225736984913,3
73.0,80.0,True,0.1830081661727105,0.0884796934779737,0.3606017837869504,0.2278065053395714,-4.306932163004107,1
73.0,81.0,True,0.3528337561702158,0.1455337422221826,0.5731622852818468,-0.1842278705157301,1.077189060340012,3
73.0,82.0,True,0.3221821584663293,0.2169803698905618,0.829770167340631,0.6661250528663936,0.3111279733242104,3
73.0,83.0,True,0.5687978581537179,0.165817923772471,0.9681572333457164,0.0860226981801871,7.670840537821827,2
73.0,84.0,True,0.4187685406898738,0.151909652336101,1.0763176725779042,1.9944161101966311,2.547985899287316,3
73.0,85.0,True,0.392638329338187,0.1465213877203136,0.6681979175333306,-0.1565629440363405,2.361170363042283,3
73.0,86.0,True,0.348180818895482,0.2798274244780093,1.5,2.3500935836990187,0.3802725244437414,2
73.0,87.0,True,0.3677099221310076,0.1889884296372946,0.8406317860726372,0.7202962897411953,1.5130266402578698,3
73.0,88.0,True,0.3724064690829293,0.182433986001508,0.7208836020869923,-0.0353984696438322,1.6993534826291763,3
73.0,89.0,True,0.3127636931155416,0.1651840631490246,0.6470789628206419,0.2630675817845464,-0.143966994937412,3
73.0,90.0,True,0.4744077711837295,0.2307788878589325,1.0140461395532192,-0.0203422969168626,4.201279413810367,2
73.0,91.0,True,0.6170821921358576,0.2136530770915929,1.1087721789200575,0.2520910762447386,9.201480944276096,2
73.0,92.0,True,0.7371327599344368,0.2380438973872443,1.2057282609316922,-0.1257569296098773,12.82192234054252,2
73.0,93.0,True,0.4872105112897323,0.1583163328739712,0.7677476743344612,-0.1489433532226969,5.2940822111285515,3
73.0,94.0,True,0.4775138945276451,0.2673375394747103,1.5,1.8048005730766623,4.296105958338177,2
73.0,95.0,True,0.0334503600768854,0.0415351372037751,0.1482725706779965,1.7433182930339044,-8.839267642818722,1
73.0,96.0,False,,,,,,0
73.0,97.0,False,,,,,,0
73.0,98.0,False,,,,,,0
73.0,99.0,False,,,,,,0
73.0,100.0,False,,,,,,0
74.0,1.0,False,,,,,,0
74.0,2.0,False,,,,,,0
74.0,3.0,False,,,,,,0
74.0,4.0,False,,,,,,0
74.0,5.0,False,,,,,,0
74.0,6.0,False,,,,,,0
74.0,7.0,True,0.0375795744844155,0.0423893375734363,0.1356311297278228,0.7756490645418359,-8.725213959801957,1
74.0,8.0,True,0.3171999518758638,0.2486716025404169,1.1364973006701289,1.0941753157932617,-0.3632998868375461,3
74.0,9.0,True,0.311100467660331,0.1836495021222117,0.8237558344975614,1.302293306247907,-0.2776224980203136,3
74.0,10.0,True,0.3310362915084922,0.1693007837191786,0.5941112506038072,-0.3263649215388602,0.421473884816999,3
74.0,11.0,True,0.2397761506668857,0.1634512959882709,0.5248795066128742,0.1477709355247162,-2.2943661057104214,1
74.0,12.0,True,0.2116121257371118,0.0982005631122722,0.5404315809622037,0.8262846380586557,-3.609738076107128,1
74.0,13.0,True,0.3093700140809073,0.191257013149566,0.9143847252770584,0.6222795507044633,-0.6942598881374143,3
74.0,14.0,True,0.2187195679849877,0.1854543970072743,0.5637927505192551,0.4780013172162057,-3.0611223519327018,1
74.0,15.0,True,0.2443899978849782,0.1500997011852425,0.5509109804283406,0.2447753984070232,-2.2647422758033446,1
74.0,16.0,True,0.2570178566971578,0.1452037460716454,0.5375016839217904,0.181798426778212,-1.888800414932431,1
74.0,17.0,True,0.3033249406210276,0.1742550831896943,0.6946804305980956,0.4564145499316496,-0.5457152806580395,3
74.0,18.0,True,0.3390061837387501,0.138069006795969,0.6797717122631104,0.200712337699528,0.7334257052507392,3
74.0,19.0,True,0.2507197073811988,0.1694229583776747,0.6998215175469146,0.3952413624607329,-2.4200780856741453,3
74.0,20.0,True,0.2642272309753739,0.2001835742290847,0.8000844240557878,1.1356425523895968,-1.7822211465643285,3
74.0,21.0,True,0.2182766565243985,0.2051912945670072,0.76219238795606,1.0756033214521434,-3.200945387006998,3
74.0,22.0,True,0.1964357773699695,0.1605370777165644,0.4842917616908773,0.003801266578305,-3.7801856826779927,1
74.0,23.0,True,0.2322326057841295,0.1784768543659059,0.6893028499983109,0.9439926032374087,-2.7912558733127963,1
74.0,24.0,True,0.3377369051005156,0.24139738059735,0.8242672226433223,0.5764904090197345,0.5228748496282525,3
74.0,25.0,True,0.2188347669862075,0.1432785809811576,0.5451081217163843,0.4938162333195531,-3.4101917284713577,1
74.0,26.0,True,0.1892579018722791,0.1353573359104083,0.5019393219436473,0.2943305702695738,-4.0949895843038435,1
74.0,27.0,True,0.2574905656815972,0.1401795566266381,0.5695794533910641,0.4627520545864882,-1.8824281559234384,1
74.0,28.0,True,0.2654496279832799,0.1360474790245164,0.5682644910440464,0.4636267125226626,-1.8285748315804935,1
74.0,29.0,True,0.420906812394141,0.2525428958329133,1.011146496084714,0.6007223404607579,3.297628453956252,2
74.0,30.0,True,0.203191578547927,0.2038895604489206,0.6288337835385046,0.6708956306450187,-3.4751395092121333,1
74.0,31.0,True,0.1968108807886166,0.1427580079322069,0.4313154559843169,0.1014780365910281,-3.796624515528251,1
74.0,32.0,True,0.4544982970379674,0.2463825451148243,0.8725723011587788,0.3788826357074041,3.787033581576148,3
74.0,33.0,True,0.5056927050470174,0.250157932627284,1.0432338992450767,0.4668565184163255,6.059499271876641,2
74.0,34.0,True,0.5533533210902768,0.2865679258244276,0.9399642984277136,-0.5365832706002512,7.491071157190864,2
74.0,35.0,True,0.3305872310538691,0.2053447484396346,0.8784290557265618,0.8625705346902334,0.6742028875118534,3
74.0,36.0,True,0.3729031858091475,0.2115326326911542,0.7025315351657925,0.1375775477213862,1.6130751458382255,3
74.0,37.0,True,0.2829363666516141,0.1704296327476708,0.6414934707894719,0.0022902097766139,-1.278085914956428,3
74.0,38.0,True,0.2219635270931883,0.0809683306593328,0.4384539838481568,0.4139298437012931,-2.968791855756262,1
74.0,39.0,True,0.2806331304463868,0.1342707609985857,0.5191215986317653,-0.2657015043712963,-1.2441201148336662,1
74.0,40.0,True,0.2644606681225387,0.0732845964705432,0.3783937763309879,-0.267558615183598,-1.849428922350628,1
74.0,41.0,True,0.191279773288039,0.090307589880813,0.3425949593660567,-0.2005494356743133,-3.779974216347449,1
74.0,42.0,True,0.3359069946765839,0.1573715571962443,0.6900142520600869,0.3428027153690969,0.4939411405608476,3
74.0,43.0,True,0.4408043479984983,0.238276597802891,0.9683751692172288,0.3179488873696549,4.042196064625616,2
74.0,44.0,True,0.3993375978319,0.2915946109101494,1.0280124117058766,0.5097787706321932,2.361389302702366,2
74.0,45.0,True,0.4456131664678386,0.3354534988454086,1.3070832982189968,1.1888563396398946,4.390845532866433,2
74.0,46.0,True,0.3810694673150439,0.1989343005634146,1.1434937717238105,1.7558150020653112,1.417130712704206,3
74.0,47.0,True,0.5399704461666325,0.1631390438665808,0.9041020133472116,-0.1010836170701451,6.952081845669911,2
74.0,48.0,True,0.4228241894119432,0.2123942660443804,0.8785128929628011,0.1913593669856941,3.507992214257376,3
74.0,49.0,True,0.4039903471271938,0.2368785190089228,0.7582421104354228,-0.1964220185876525,2.7746123463443633,3
74.0,50.0,True,0.5566864153010331,0.2521184750069036,1.0242536832995486,0.404561159291552,7.150521916286366,2
74.0,51.0,True,0.4121742698016864,0.20733645204882,0.7821230534765777,-0.2056361961465181,3.276803945136623,3
74.0,52.0,True,0.5377412592471084,0.1369393483808692,0.852544754929749,0.6878388921911235,6.722082879916743,3
74.0,53.0,True,0.4232291205161311,0.1816705437944741,0.7583160114078884,0.3613066277834339,3.001635339423524,3
74.0,54.0,True,0.5765477840342781,0.1710288410068786,0.9272337579099448,-0.06555108329168,7.979352005620769,2
74.0,55.0,True,0.4020787250680976,0.2407750272407694,0.906642167035544,0.539503474238661,1.8072629011043335,3
74.0,56.0,True,0.3599975963507069,0.1678692534817414,0.6775422076917987,-0.1402103581318406,1.3073642569676984,3
74.0,57.0,True,0.3734186801804529,0.1379452759213958,0.7674875584344024,0.976616052025455,1.5315893561300995,3
74.0,58.0,True,0.3630139636526023,0.2645770146392139,0.9390221314858171,0.6736747641136963,1.3983615528262212,3
74.0,59.0,True,0.1959814546961705,0.1632276145329507,0.5027880401476315,0.6281646396382777,-3.8952703175881993,1
74.0,60.0,True,0.2507927471544298,0.144928378216196,0.5107997251710678,0.2738796173449296,-1.924118701126183,1
74.0,61.0,True,0.3819299403285033,0.2642628218305135,0.8537895020238413,0.3685173942230135,1.7462358479133155,3
74.0,62.0,True,0.3214691363350266,0.2071560244024572,0.6336976706314976,-0.0326014370761216,-0.0788182974295446,3
74.0,63.0,True,0.3124535012580615,0.2132096419285188,1.1193486700112052,1.1875064974710612,-0.6146252698033569,3
74.0,64.0,True,0.1775971012083986,0.1336157658591161,0.492422593801034,0.5633530559116738,-4.5427605553858115,1
74.0,65.0,True,0.213433319524691,0.1253780553961709,0.5604701555718458,1.3505469891839803,-3.2183411457926256,1
74.0,66.0,True,0.2762726797582259,0.1611308440807616,0.8999229752490381,1.28735626298086,-1.7363487336389982,3
74.0,67.0,True,0.249957152729693,0.1400249840282226,0.5499016297587913,0.2062611064401029,-2.2041130908427986,1
74.0,68.0,True,0.2549530015742108,0.1300114519766819,0.4834930999232481,0.0223068745235315,-1.8304390662055692,1
74.0,69.0,True,0.1787918653381516,0.1327567916550956,0.417187024842039,0.4069503580386656,-4.3380756383951296,1
74.0,70.0,True,0.2542432022489205,0.1194280337726302,0.4952488812662397,0.4040972055615494,-2.0731864911988196,1
74.0,71.0,True,0.2997712614839009,0.134921026088488,0.5917826869186633,0.4034365026587057,-0.6884387496848661,1
74.0,72.0,True,0.2264914897067279,0.1552686982992793,0.5780881888155631,0.7694301913913218,-2.8710943918391587,1
74.0,73.0,True,0.3479601806151897,0.1347002742685079,0.6408018925843116,-0.0640805344946694,0.6531447965198086,3
74.0,74.0,True,0.4195401471646761,0.2284870242546513,0.9535921361322596,0.3520364596908971,3.1407575162028634,3
74.0,75.0,True,0.3568484964974129,0.2072803558861449,0.7525501136092716,0.0115871648947302,1.007669289153442,3
74.0,76.0,True,0.2493082453627146,0.2160550816876566,0.9048076281275548,1.131224354515266,-2.6762004044126844,3
74.0,77.0,True,0.2346032284992883,0.1249838967605509,0.5377876108706058,0.3689942223644496,-2.5692251296394435,1
74.0,78.0,True,0.3935850252979028,0.1849893585499712,0.7750325508151513,0.3816560893393517,2.289659400693807,3
74.0,79.0,True,0.4181828058253371,0.1511854395325142,0.6333908827412774,-0.7915467676878664,3.0207181245741377,3
74.0,80.0,True,0.3427353090667923,0.1202638167221113,0.6201424983412056,0.6455559761506985,0.7707529106721857,3
74.0,81.0,True,0.4690821269503454,0.254883017757734,0.9081035443886408,-0.2452907489919555,4.3586372841375205,2
74.0,82.0,True,0.4899018508681738,0.1938088810428139,1.1426930112709257,1.00164697226672,5.134966494466878,2
74.0,83.0,True,0.6204252550877319,0.3456470069441669,1.4370879072683982,0.1151365219999067,8.880372906531528,2
74.0,84.0,True,0.5332253268067676,0.2176098276939276,0.8725972693062344,-0.8293696525840379,6.606622357940755,2
74.0,85.0,True,0.454685572864282,0.2226712385326645,0.86870403412031,-0.170348957808394,3.634362605779916,3
74.0,86.0,True,0.5660026888940309,0.2723512146171676,1.1422960959606518,0.586294383985682,7.425948262495632,2
74.0,87.0,True,0.5073464588008182,0.2731068179002265,1.093978017426366,0.2924201301778606,5.917984097947023,2
74.0,88.0,True,0.4735418257973635,0.2167642627032654,0.8008022110226392,-0.6382107303042883,4.583920447282517,3
74.0,89.0,True,0.3033791731200755,0.1573441264094535,0.7151578878857515,0.994669440700294,-0.4710469611195543,3
74.0,90.0,True,0.5620214028990206,0.1236127208840989,0.8297419412443792,0.0617353239784673,7.584279474669089,3
74.0,91.0,True,0.690275272865876,0.2034003475865067,1.2335338522852413,0.5708654080348531,11.032641591205016,2
74.0,92.0,True,0.5446919188130178,0.1959326560510756,0.968891190892357,-0.2257858499922319,6.853858611306376,2
74.0,93.0,True,0.5192261122858605,0.2163003062512717,1.0584838667023015,0.3204815581251651,5.798589957769954,2
74.0,94.0,True,0.2766223258345354,0.1605081705725398,0.615273688950353,0.0148310515915925,-1.775251057281479,1
74.0,95.0,False,,,,,,0
74.0,96.0,False,,,,,,0
74.0,97.0,False,,,,,,0
74.0,98.0,False,,,,,,0
74.0,99.0,False,,,,,,0
74.0,100.0,False,,,,,,0
75.0,1.0,False,,,,,,0
75.0,2.0,False,,,,,,0
75.0,3.0,False,,,,,,0
75.0,4.0,False,,,,,,0
75.0,5.0,False,,,,,,0
75.0,6.0,False,,,,,,0
75.0,7.0,False,,,,,,0
75.0,8.0,True,0.1282217041653759,0.1303990628892899,0.4099572638019104,0.7414074717198378,-6.045244682029055,1
75.0,9.0,True,0.4699106544640743,0.2019868353098597,0.7953110186548051,-0.3340542840891058,4.885835248634585,3
75.0,10.0,True,0.4583849449600111,0.208959647522111,0.8162786530911958,-0.3350283586488116,4.284030793162857,3
75.0,11.0,True,0.1870445587676893,0.1258006507601317,0.4777535504827005,0.9212660776534366,-4.276323689385615,1
75.0,12.0,True,0.2612414578206569,0.1492086426736393,0.6118036591223757,0.3986992066786721,-1.9568426906460297,1
75.0,13.0,True,0.319484810314671,0.2279005733758203,1.1915498994038702,2.0905152579343653,-0.39029886443427,3
75.0,14.0,True,0.1932892775043896,0.1624091791958291,0.6276215685392764,0.6622041055903367,-4.0101122342146995,1
75.0,15.0,True,0.2761999425409099,0.1433964978397246,0.5964972469294693,0.250145304610475,-1.725022872726626,1
75.0,16.0,True,0.3110363053368558,0.1703156104914075,0.6697167422406337,0.4578110412054115,-0.4772770299633367,3
75.0,17.0,True,0.1938541036059514,0.148612988799614,0.6195860168310766,1.0107625936134303,-4.24913732633756,1
75.0,18.0,True,0.2791886537115862,0.1498629676716217,0.542330979040918,-0.092949928766189,-0.9980857774928868,1
75.0,19.0,True,0.2316649527994569,0.1244571385903258,0.5142625360308896,0.3053062180739101,-2.6992702588966013,1
75.0,20.0,True,0.3190702449347467,0.1439001326956309,0.5469051022131389,-0.0819334121367667,0.1323272180966047,3
75.0,21.0,True,0.2924142947945404,0.1313749927115934,0.5212874618054492,0.2025857853362025,-1.0493178137812444,1
75.0,22.0,True,0.2661553917244078,0.1115806409054915,0.4961345869362893,-0.1525313818670139,-1.6065666970204586,1
75.0,23.0,True,0.3069477710932452,0.1464737163182352,0.569665571882421,-0.082418800676997,-0.5010966250694346,1
75.0,24.0,True,0.3550433364781741,0.272472350497508,0.8740271078118524,0.2471369517758106,0.6844261302861133,3
75.0,25.0,True,0.2272537065253088,0.1875582327798799,0.7353771011395788,1.2918169677691589,-2.815795175825426,3
75.0,26.0,True,0.1743690165359026,0.1147533971833423,0.4439269913157391,0.4959387356030649,-4.544396241805314,1
75.0,27.0,True,0.1695889459187047,0.1035804666402779,0.3646546877931737,-0.0260763636542934,-4.494966649492304,1
75.0,28.0,True,0.2332223188012037,0.1461046531944016,0.534481054852586,0.25920589324448,-2.6771412083722934,1
75.0,29.0,True,0.2675845151211151,0.1064762036451273,0.4489664659837709,-0.2090563249512453,-1.529729646564566,1
75.0,30.0,True,0.2946863811852833,0.148101145180911,0.6999216936699347,1.12946398991803,-0.6374291047245404,3
75.0,31.0,True,0.2996538318343376,0.1403745301687932,0.6796087652393795,1.135897574373601,-0.5200487973349629,3
75.0,32.0,True,0.3413766565899134,0.1767505443348282,0.7064040844854321,0.2965748803467531,0.8862729124166435,3
75.0,33.0,True,0.2865425245363333,0.1128586216405035,0.4573601013774555,-0.6695874483422193,-1.0820058248565243,1
75.0,34.0,True,0.4220777430902301,0.2380579714678111,0.779799566727888,-0.169523712069112,3.372404358393102,3
75.0,35.0,True,0.2259849774681026,0.1479544318897027,0.5790704323459053,0.9943432193223862,-3.034830362403607,1
75.0,36.0,True,0.3085091071252366,0.2066651811131087,0.6767797489614168,0.0674154570094965,-0.640231480860591,3
75.0,37.0,True,0.2407183981685444,0.1827652052122162,0.7057749327700888,1.111782622656498,-2.4461954394254564,3
75.0,38.0,True,0.2159390176467017,0.1283459611438605,0.5126401735389847,0.3665304677976215,-3.1193971387527206,1
75.0,39.0,True,0.28893360975401,0.1356009011632896,0.5591877416089528,0.2848114629898872,-0.8840604627699363,1
75.0,40.0,True,0.4154007442017354,0.3078949907860009,1.1477525859893405,0.906866435110118,2.580729687440913,2
75.0,41.0,True,0.3433816289953649,0.1609898878676919,0.8670305074939635,0.92608801886695,0.6528008442805395,3
75.0,42.0,True,0.3548845596490211,0.215269309230164,0.8917371017257348,0.7575843467026446,0.8470347484192957,3
75.0,43.0,True,0.4788420043045738,0.221815858889971,1.1010378112426578,1.38904381264928,5.04808606073964,2
75.0,44.0,True,0.2728611148580099,0.1570786046262038,0.6817689789639411,-0.054299441262477,-1.6708436354292062,3
75.0,45.0,True,0.3455301258162886,0.1333702699188537,0.5635640462327817,-0.4999468722366073,0.7632472463387225,3
75.0,46.0,True,0.4120373254106932,0.2388231662987352,0.8312834163465583,-0.047048043245144,2.65039737448992,3
75.0,47.0,True,0.2640883767202709,0.2196843346473745,0.8883463344515805,1.5215360909709854,-1.8122223168923215,3
75.0,48.0,True,0.3537934577987448,0.1671330518493462,0.6242916088601302,-0.7134881741862558,0.7737399389315988,3
75.0,49.0,True,0.3515131706765009,0.2397984959112394,0.821602632768877,0.3835503464621349,0.9928864304313922,3
75.0,50.0,True,0.3248630915279092,0.1645820548174036,0.8562930569409168,1.1478162549395343,-0.1987334399622195,3
75.0,51.0,True,0.3737688782556737,0.1620406292014274,0.7033505766370266,0.0616053041942402,1.3231211717415667,3
75.0,52.0,True,0.3830967899475924,0.1805859877539412,0.8675803427449397,0.970594476413719,2.206427732935253,3
75.0,53.0,True,0.3977359275560873,0.2246188783963591,0.906942740801332,0.6690557129577724,2.6082444178341375,3
75.0,54.0,True,0.3643955116442768,0.273809628016969,1.048717854789366,0.5314446284744611,0.7965624974834596,3
75.0,55.0,True,0.3467594907091442,0.1884096736991414,0.9378760817220886,0.5161589607872272,0.6524435107154676,3
75.0,56.0,True,0.3234392326598538,0.1822498910259462,0.8264073304766891,1.125626810649849,0.0235544555791716,3
75.0,57.0,True,0.3103171500432592,0.2993801183504267,0.988390128775828,0.8811353691522005,-0.3402039171830971,3
75.0,58.0,True,0.2190028095740881,0.1169331252919269,0.451063139573575,0.0094935224142592,-3.2002931857928347,1
75.0,59.0,True,0.2629840452782948,0.1817455960526851,0.6033904480393812,0.2092829920918132,-1.6998274555523856,3
75.0,60.0,True,0.3950729565154183,0.2379691803179685,0.9756822225607812,1.1015943764870764,2.497778482997549,3
75.0,61.0,True,0.2043827616825704,0.1962035135934541,0.6553576778844767,0.8405850405291175,-3.5070381190466753,1
75.0,62.0,True,0.250049953332025,0.1223140250486855,0.5027883298595449,0.057928065990148,-2.049545836665675,1
75.0,63.0,True,0.2472818688370996,0.117136734683489,0.3785669837938381,-0.76458680976094,-2.2429540845024585,1
75.0,64.0,True,0.2576928885849255,0.1291834672439889,0.4851157352317769,-0.2535500827597459,-1.8854729588705368,1
75.0,65.0,True,0.2936049203271765,0.1288667043588745,0.6359608515779198,0.6752007319061534,-0.8895443570670382,1
75.0,66.0,True,0.3290438611350376,0.3021698528400621,1.1765335065257227,1.711210272715801,0.025575214267063,3
75.0,67.0,True,0.2723443869034741,0.2001834412469869,0.7419526033481303,0.6731896011550694,-1.6186836273401302,3
75.0,68.0,True,0.2889874669213352,0.1547394200584274,0.5776574920257712,0.3107864092862106,-0.7627007522197322,1
75.0,69.0,True,0.3755457688027737,0.1659202196607297,0.6352226440951443,0.0963212491230372,1.6055057878500674,3
75.0,70.0,True,0.2023365695079071,0.2024640867928954,0.8113368548651206,1.0996245485114966,-3.869130281915788,3
75.0,71.0,True,0.2715567015884176,0.1884353681419725,0.792648459142788,0.7526949872109444,-1.745780686625613,3
75.0,72.0,True,0.2449123036007161,0.1229632734271051,0.4531795444543776,0.0253911619942188,-2.406704484214089,1
75.0,73.0,True,0.3911388662429736,0.2469407559734983,0.7832848092163447,0.1020961953831974,2.2669682740822914,3
75.0,74.0,True,0.3701217309853142,0.1385276555630694,0.5883042553285971,-0.0532811454383868,1.4222436042441426,3
75.0,75.0,True,0.2605456875271789,0.2009619216317131,0.6002893001976823,0.4797223784737077,-2.0367209195839013,3
75.0,76.0,True,0.3190902100953544,0.2351559661883801,1.0867014173853509,0.6461962039428856,-0.1159628376325386,3
75.0,77.0,True,0.3538698893169248,0.1643756061571133,0.6666723757876118,0.191936689365382,1.1418573596609896,3
75.0,78.0,True,0.3811300542118582,0.2646557960032794,1.137569327356536,1.3347368578577707,1.48719574958284,2
75.0,79.0,True,0.2887306078068503,0.1677032886356246,0.5702721484402968,-0.1891323879615929,-0.9513382904608396,3
75.0,80.0,True,0.4358300794643159,0.1209334274779386,0.6277450229834642,-0.2829441946267904,3.602537690332481,3
75.0,81.0,True,0.5492201932885636,0.3677126573901916,1.303620733195756,0.4200884172141784,7.44240641533074,2
75.0,82.0,True,0.4587890993766885,0.2962203830714233,1.1844854768024016,1.0153949678072982,3.806469023003823,2
75.0,83.0,True,0.5001788369682362,0.2017820484632876,0.8261637691288208,0.0031621994713513,5.4521190615482205,3
75.0,84.0,True,0.4902465507084589,0.2090122991631625,0.8631774001063421,-0.2820730127179385,5.448639843182098,2
75.0,85.0,True,0.6261482097100299,0.2456219795559263,1.081473117202468,-0.4109360642123084,9.41139674527698,2
75.0,86.0,True,0.6857954502148198,0.226692983639564,1.061282142598906,-0.1775091422351801,11.446017837402318,2
75.0,87.0,True,0.5483048302457251,0.2212109322583116,0.9865669071662588,-0.3402669248269492,6.863546474366738,2
75.0,88.0,True,0.3556586038522567,0.1738290488965085,0.6043088818409564,-0.510502589757649,1.4849837796659235,3
75.0,89.0,True,0.567270222310645,0.1956223391516137,0.9522449541728928,-0.5246066756723281,8.126031192822813,2
75.0,90.0,True,0.6903543561822136,0.2863133699544426,1.300764249669763,-0.2627250013926678,11.400834410761949,2
75.0,91.0,True,0.6195106777722604,0.2744432148453881,1.1289670048976057,0.0587294568008545,9.17024130996385,2
75.0,92.0,True,0.6958073994962476,0.312704282938386,1.252201794006173,0.1354224190101575,11.6108552186333,2
75.0,93.0,True,0.4731712007899603,0.2404608136009339,1.064777328113174,0.5267449599671368,4.736852640764143,2
75.0,94.0,False,,,,,,0
75.0,95.0,False,,,,,,0
75.0,96.0,False,,,,,,0
75.0,97.0,False,,,,,,0
75.0,98.0,False,,,,,,0
75.0,99.0,False,,,,,,0
75.0,100.0,False,,,,,,0
76.0,1.0,False,,,,,,0
76.0,2.0,False,,,,,,0
76.0,3.0,False,,,,,,0
76.0,4.0,False,,,,,,0
76.0,5.0,False,,,,,,0
76.0,6.0,False,,,,,,0
76.0,7.0,False,,,,,,0
76.0,8.0,True,0.0294553863652919,0.0307608856779877,0.0841641383565594,0.407255709981726,-8.992477962297217,1
76.0,9.0,True,0.3963499323180805,0.2851106720796701,1.1079999634927031,0.8883733646331071,2.435295100345998,2
76.0,10.0,True,0.3637851552376467,0.2105664425143511,0.9178952493944385,0.6468995778490958,1.1605236844718656,3
76.0,11.0,True,0.3186652382979723,0.1612630710444573,0.7175551564908104,0.5631466285690938,-0.055020785440635,3
76.0,12.0,True,0.3266731368139662,0.1584030633472891,0.8830064604298312,0.7729112672552989,-0.036624855154983,3
76.0,13.0,True,0.2271582880647344,0.1208973864421582,0.5103958638689645,0.258392730593725,-3.108380045743499,1
76.0,14.0,True,0.1341547202761048,0.1401950931783804,0.7356731676684084,2.253010830005491,-6.197156569399812,1
76.0,15.0,True,0.2440591169674072,0.2033817266451206,1.0561090923925005,1.624167733253635,-2.780913816504203,3
76.0,16.0,True,0.2573935441778421,0.1968776895392841,0.6960248466094823,0.6662075842667922,-1.8942027254506155,3
76.0,17.0,True,0.2863473384289171,0.2303401140414251,0.9085251082981544,1.2856222639863368,-1.2000917107032971,3
76.0,18.0,True,0.2398280554359767,0.1579172831103413,0.631457042074523,0.8350924737209564,-2.8015397707683984,1
76.0,19.0,True,0.3424664968496887,0.1830937879775145,0.7378736690101425,0.2785698541094486,0.6312233792762502,3
76.0,20.0,True,0.2711707866538734,0.1458678147128717,0.5432202264893988,0.0587522147554913,-1.3878334823474852,1
76.0,21.0,True,0.2825650757384619,0.2139836743298103,0.8414645737425425,0.9520901786007092,-0.9628106371524552,3
76.0,22.0,True,0.244501181973001,0.1558873495265387,0.6164917737820563,0.5509326098762911,-2.283684797545738,1
76.0,23.0,True,0.3483789419177149,0.1877852242721805,0.7261040847380532,0.2667189395796778,0.9624442630055144,3
76.0,24.0,True,0.2683466262006194,0.1838416365602833,0.7205534771080533,0.2380686885126328,-1.906706374926396,3
76.0,25.0,True,0.2289961550567834,0.1497986311520091,0.5568009015424744,0.5482587383299422,-3.0488113503753436,1
76.0,26.0,True,0.3659388843118734,0.1676962350941476,0.6837144563839314,-0.1199413553937824,1.4469823542244429,3
76.0,27.0,True,0.1924174076144807,0.1465309497153789,0.5164316317682501,0.5993613252825889,-3.929847097747727,1
76.0,28.0,True,0.2902123778070651,0.1841842199573052,0.8358334975537932,0.8298816139778782,-1.422680535650319,3
76.0,29.0,True,0.1885892868392162,0.0962209934784465,0.5001407697192473,0.7449751391638089,-4.359680491294752,1
76.0,30.0,True,0.3504338595954998,0.1843809936610013,0.7727041061186537,0.1742727001703461,0.4902608059367982,3
76.0,31.0,True,0.4779942954406743,0.2921201917647448,1.135469260653028,0.5169078643441833,5.092303408091391,2
76.0,32.0,True,0.3906119484743169,0.1926224821650848,0.6522546167779644,-0.3500904849683003,2.212576801053732,3
76.0,33.0,True,0.3777791353080935,0.2564835582153713,0.9605823839286562,0.5182453140360854,1.5533038874403,3
76.0,34.0,True,0.321800956088509,0.105858382754747,0.5134899229719778,-0.3875941117712042,-0.018410152485312,1
76.0,35.0,True,0.3495056178266033,0.2241555052071179,0.9055251554513992,0.8796057184358055,0.4106107031273018,3
76.0,36.0,True,0.2717755971682028,0.1262331569092758,0.5881312722126706,0.7041828893031346,-1.4599286318920646,1
76.0,37.0,True,0.3907587903348196,0.2478498957254946,0.8193682163149442,0.0973883447075661,2.375835599422711,3
76.0,38.0,True,0.1739187315732039,0.1614791668265409,0.5555069927685107,0.9445552144717076,-4.466055267596526,1
76.0,39.0,True,0.2844333641070235,0.1820389103432613,0.6706262563263385,0.5921514884517302,-1.1740710661777038,3
76.0,40.0,True,0.2500164322204191,0.1435796058511874,0.5100307487688681,-0.1176741107198925,-2.163055187593677,1
76.0,41.0,True,0.2488227795748996,0.1494788091324777,0.4941866950696763,-0.164342190852039,-2.3497994873275143,1
76.0,42.0,True,0.2612350974747042,0.1438763522545606,0.5904678857553034,0.741770931960188,-1.797869667222447,1
76.0,43.0,True,0.2646749526995429,0.1254346765065555,0.5286736815172833,-0.0653411554860273,-1.7073409071336332,1
76.0,44.0,True,0.2173577380012336,0.1436634876958224,0.6453884408656003,0.879093420055951,-3.3294188812603225,1
76.0,45.0,True,0.2421274020427562,0.2046070350949194,0.6873603558658318,0.6857927386869972,-2.524921803749769,3
76.0,46.0,True,0.3109895970074294,0.1480927332013301,0.631019572243433,-0.0604046681320074,-0.4588469285848597,3
76.0,47.0,True,0.250991472666788,0.1590147757643766,0.5179475497590241,0.0994845215176622,-1.935403324334466,1
76.0,48.0,True,0.2738394036096861,0.1613304440108258,0.5336483991727028,0.1453855738207682,-1.4909362620247886,1
76.0,49.0,True,0.2001984525847691,0.0996319720490888,0.4723289923791883,0.9553387297142952,-3.8218837940033423,1
76.0,50.0,True,0.3181489632468133,0.1756620361081492,0.7142316475098981,0.5266583333970845,-0.0211663490294575,3
76.0,51.0,True,0.1882732493710663,0.1666700765147987,0.5285975020855882,0.375252150854924,-3.9530882633876696,1
76.0,52.0,True,0.3141429569808159,0.2670524295249347,0.939551225478558,0.7310335825616829,-0.0286854505103253,3
76.0,53.0,True,0.3112658270824813,0.142903564723935,0.549189164951569,-0.1547645314019842,-0.1381969511164215,1
76.0,54.0,True,0.3326830500796046,0.2095666506701037,0.7227731329335412,0.2625589986951392,0.1453106681468347,3
76.0,55.0,True,0.2306340130985523,0.1551656207070351,0.6547681389839506,0.9747873677912507,-2.8416260875697494,1
76.0,56.0,True,0.2181064440445011,0.1033480915281983,0.4038665882096134,-0.2844579520056052,-3.0885188763370692,1
76.0,57.0,True,0.1853934604862229,0.1598847341823898,0.5104967230919626,0.6103895878625805,-4.32500857392131,1
76.0,58.0,True,0.2848530734600458,0.2413249269979042,0.9036789759176724,0.922872790230079,-1.2936346674344734,3
76.0,59.0,True,0.2247726693018874,0.1535735195141798,0.6393737655476316,0.5553718289801836,-3.008338003859593,1
76.0,60.0,True,0.2983935754754812,0.1642691716900643,0.6237658499844263,0.2674529799386954,-0.7003326696754458,3
76.0,61.0,True,0.2256701608297998,0.1300578118734931,0.5496635699865839,0.7639480160675922,-2.8763854424717454,1
76.0,62.0,True,0.3388898650328825,0.246499616388917,0.8284297837179009,0.3364866060634927,0.5474126443609274,3
76.0,63.0,True,0.2779236326918007,0.1648268869335321,0.5030363236342048,-0.3519212488819093,-1.1225686422411345,1
76.0,64.0,True,0.3080677530237271,0.2533871432676444,1.2719910313137652,1.9422558953052584,-0.9161304262229876,3
76.0,65.0,True,0.241307060057576,0.1478058868418023,0.5902298822659021,0.9962646398407944,-2.639276157747071,1
76.0,66.0,True,0.2089188124178046,0.1665795888120461,0.5953895290890879,0.5242955274808341,-3.669682466509206,1
76.0,67.0,True,0.19649336907736,0.1332516170222796,0.5047390627882278,0.732960355074856,-3.9620895844887145,1
76.0,68.0,True,0.2097429096625643,0.1563737360733571,0.5359922508868008,0.2239840124637838,-3.5645122939751803,1
76.0,69.0,True,0.2203750624616698,0.1966352233673441,0.698932644015649,1.0693395104425822,-3.3185374382663557,3
76.0,70.0,True,0.2258004478904853,0.1367798130346755,0.4926254742205472,0.2700642440466761,-3.0931352992149126,1
76.0,71.0,True,0.3177748405963519,0.1302721561197733,0.5945431626409275,0.0055558820689248,-0.0704093360478415,1
76.0,72.0,True,0.225497685717607,0.2002968437830641,0.7753634955063264,0.3697043724168044,-2.953922111801486,3
76.0,73.0,True,0.2104355979497895,0.2228654770867715,0.8162633332597685,1.365876081076176,-3.255171537436521,3
76.0,74.0,True,0.2360380693154465,0.2143860034160031,0.6797823217843699,0.3588925314370119,-2.5917326174593556,3
76.0,75.0,True,0.407556665157482,0.1830018882290043,0.7953094202881102,0.3091987665630697,2.8258593833836945,3
76.0,76.0,True,0.2884584877461363,0.1598022827285996,0.6250325194655927,0.0569164750519908,-1.128698101441372,3
76.0,77.0,True,0.4045101579225776,0.2191459265771565,1.180799774680242,1.3551551153772554,2.1899552937034708,3
76.0,78.0,True,0.4537425847928812,0.1718238872342586,0.7677434092094151,-0.1066482543446104,4.09376114058623,3
76.0,79.0,True,0.4232464667215181,0.1368623272836912,0.712131737264625,0.2395038196377875,2.871822603930954,3
76.0,80.0,True,0.5838435548465479,0.251184155109276,1.2727585638310026,1.0481909215088128,8.297013151972138,2
76.0,81.0,True,0.5434223251361917,0.2815745767003443,1.108676395113407,0.3505474660097083,7.141209230873465,2
76.0,82.0,True,0.5739149768737865,0.2934868119208295,1.5,1.0886753886547986,7.153097815924842,2
76.0,83.0,True,0.4524363127999563,0.1531852075377095,0.7581791354945415,-0.0976307990073757,3.981286149279677,3
76.0,84.0,True,0.5413367618527078,0.2277342510761535,1.0013399213992609,0.4534381949105564,7.266481547816913,2
76.0,85.0,True,0.4220873157749667,0.2251082351534125,0.9362481491899836,0.1183932964554167,3.0740589832136003,3
76.0,86.0,True,0.4548344879941298,0.2589359253356985,0.9485785123063272,0.383064319521965,4.31050388695658,2
76.0,87.0,True,0.4635045150165656,0.1767511308566395,0.7951170742613204,-0.4442236737100882,4.552612491676647,3
76.0,88.0,True,0.564324419465407,0.2798428697185799,1.0976344387740602,-0.1043924208725985,7.20951446249188,2
76.0,89.0,True,0.469984510973769,0.1397769819424536,0.7510386033902942,-0.2509198151127736,4.9576549062643585,3
76.0,90.0,True,0.7696730991514416,0.3436824254212954,1.5,0.7961690053482507,14.136034826601437,2
76.0,91.0,True,0.677595655522654,0.2205216404829737,1.4094448477659685,1.2188541010913068,10.611612811400272,2
76.0,92.0,True,0.6111433954539807,0.2886454100077779,1.2504639693519486,0.7143549937122635,9.079456758872633,2
76.0,93.0,True,0.2261731986908181,0.1078422095019942,0.448976807121013,-0.3224446387179993,-2.9760808209325473,1
76.0,94.0,False,,,,,,0
76.0,95.0,False,,,,,,0
76.0,96.0,False,,,,,,0
76.0,97.0,False,,,,,,0
76.0,98.0,False,,,,,,0
76.0,99.0,False,,,,,,0
76.0,100.0,False,,,,,,0
77.0,1.0,False,,,,,,0
77.0,2.0,False,,,,,,0
77.0,3.0,False,,,,,,0
77.0,4.0,False,,,,,,0
77.0,5.0,False,,,,,,0
77.0,6.0,False,,,,,,0
77.0,7.0,False,,,,,,0
77.0,8.0,False,,,,,,0
77.0,9.0,True,0.1046202177232953,0.1245924500103535,0.6604206708272078,2.639125752886709,-7.093301854255679,1
77.0,10.0,True,0.4786570495077784,0.187069143441346,0.7844104009312562,-0.1477035104275688,4.91725141412757,3
77.0,11.0,True,0.3851870361624502,0.1483722953027214,0.6392534689229934,-0.0362054134165599,1.9255899204063085,3
77.0,12.0,True,0.3424641274402222,0.1731774509010713,0.7039406729761106,0.0964792532716351,0.5260498875377303,3
77.0,13.0,True,0.2472419662109494,0.2018914336618796,0.6675255586640189,0.7700437079230783,-2.1644694197351644,3
77.0,14.0,True,0.2487937337938836,0.1291450314222382,0.4923681171328528,-0.0531092789649895,-2.0177536136818777,1
77.0,15.0,True,0.2994440486984095,0.1373175556589423,0.5383547795671345,-0.4863844061132799,-0.5347059559424645,1
77.0,16.0,True,0.2911584963521713,0.1046744581257693,0.4744292421313932,-0.4259897118915701,-0.8898198546300938,1
77.0,17.0,True,0.1831519529451735,0.1424173213588621,0.5412303434509144,1.0893222621267775,-4.021057249622102,1
77.0,18.0,True,0.1743396004437382,0.1323400401295906,0.5614385650486255,0.7673899577280187,-4.701219244961313,1
77.0,19.0,True,0.2431385127652625,0.1554590600193906,0.5212143365607551,0.0710225382908265,-2.605366424071841,1
77.0,20.0,True,0.2112790941741774,0.1721961828766862,0.591863299113315,0.5236814702203471,-3.666398833523883,1
77.0,21.0,True,0.2565943417646867,0.1487837825496457,0.6840596316991003,0.1004465068647752,-2.2717896241584175,1
77.0,22.0,True,0.29522306686173,0.1755784291189077,0.6888809464041076,0.3201511171038262,-0.5804839182414786,3
77.0,23.0,True,0.3298033347674086,0.238876489783362,0.8660871095464279,0.7933550559618069,0.3978712698404715,3
77.0,24.0,True,0.274944430462443,0.2067893650685723,0.823816545238312,1.1002107432091457,-1.81169906746478,3
77.0,25.0,True,0.2647864743187278,0.1746533285856774,0.5106503056814172,-0.4844545426933302,-2.0196803942391357,1
77.0,26.0,True,0.1555824950213223,0.0891824744111927,0.3561754798486482,0.4230196385641702,-5.091864504992864,1
77.0,27.0,True,0.2563859955280338,0.1920220853780703,0.71202633455849,0.6540744241450659,-1.7909629338493946,3
77.0,28.0,True,0.2300330606363992,0.1850085266354499,0.6788904529902587,0.4950530703153181,-3.1062962304454453,1
77.0,29.0,True,0.270266391387341,0.1096982935211397,0.4509483592935009,-0.8158168302678839,-1.5628627201230385,1
77.0,30.0,True,0.2687366448584706,0.1657381197518513,0.7412035118533492,0.4961331659294034,-1.782981798488994,3
77.0,31.0,True,0.3362510471981436,0.1390831478962343,0.8954854764965338,1.8622510505891008,0.2703448169728879,3
77.0,32.0,True,0.2634903342487178,0.1690264376426625,0.6160134925165698,0.3554332634967609,-1.9751220058066303,1
77.0,33.0,True,0.49957301742973,0.2833700475005054,1.0338119144058149,0.1804270622449586,5.714382222389813,2
77.0,34.0,True,0.3562625923806157,0.2072967548617179,0.6642733863391249,-0.1421418623733817,1.3053358733143008,3
77.0,35.0,True,0.2983208199995248,0.2132752024924321,0.7355930570497812,0.4189170031886612,-0.7072611318899641,3
77.0,36.0,True,0.2358509999038661,0.1944780809455757,0.7223872761789288,0.8330747148654359,-2.614457971496619,3
77.0,37.0,True,0.2896572300600223,0.1234095991837364,0.5493260545618455,-0.0127020910312145,-0.6938293840285364,1
77.0,38.0,True,0.3352856698828833,0.1984187117879336,0.8370898980874352,0.7190232836723256,0.4724795744002598,3
77.0,39.0,True,0.2716148387620237,0.1689780960037027,0.6733102429037086,0.5457522057565694,-1.5985911422831882,3
77.0,40.0,True,0.1790026132240198,0.1123733661735122,0.3782742545027624,0.549386990699761,-4.492243675638991,1
77.0,41.0,True,0.2283991355783715,0.1199094158363057,0.4477440691055451,0.2119987046985852,-2.7954118274241155,1
77.0,42.0,True,0.2168148341365013,0.1354689182918001,0.504368141386045,0.2189540956665811,-3.151102183402429,1
77.0,43.0,True,0.2657287228058802,0.175029356362781,0.6382932564885772,0.4908836530940527,-2.0717454143990977,3
77.0,44.0,True,0.2911427197653258,0.1080359725879805,0.4409312224908549,-0.5413582604776408,-1.1031312369030202,1
77.0,45.0,True,0.2978473595601274,0.1736285413585366,0.5747688795013142,0.0472671413844059,-0.8585783512178568,3
77.0,46.0,True,0.3461403175448596,0.2416367157931877,0.9105033064392938,0.5491036681411066,1.1609779376437726,3
77.0,47.0,True,0.3225493593927767,0.1602608081013104,0.6899673348370507,0.3767923985164116,0.1855009803164933,3
77.0,48.0,True,0.2964052524488981,0.2009831408806366,0.6053520015288864,0.0137648672748249,-0.5881740415769591,3
77.0,49.0,True,0.2676950320887822,0.140556599020223,0.5494565514638458,0.0276766317569146,-1.595690565164808,1
77.0,50.0,True,0.258129960717588,0.1454715070562039,0.5387972771784577,-0.0738362618299918,-1.9122495279722531,1
77.0,51.0,True,0.3053146481632394,0.1244999695462672,0.5197329438504422,-0.2368287109321635,-0.616609653664152,1
77.0,52.0,True,0.4441934262629797,0.2588942803630357,0.8736201443300791,0.0193524430744989,3.956687589200633,2
77.0,53.0,True,0.2292112247429003,0.15539339440535,0.5355893596461064,0.2787619342108072,-2.69699872103841,1
77.0,54.0,True,0.2401628043096801,0.1498777819779154,0.6863343235327483,1.3054450837131175,-2.6246930533731363,1
77.0,55.0,True,0.2444533716915121,0.1398841405544269,0.5506470467348693,0.4041979291897386,-2.0745400597192662,1
77.0,56.0,True,0.2947839239385476,0.1417044922064594,0.6129664292127096,0.5286174155021334,-0.8737597726269773,1
77.0,57.0,True,0.3193120776537019,0.1691197309440457,0.5800601468909142,-0.2688820292254087,-0.2341844910981124,3
77.0,58.0,True,0.2152779120626194,0.0865602697134321,0.3875588552864337,0.3093021005683349,-3.2921933210738548,1
77.0,59.0,True,0.1441921719882925,0.0636537816522919,0.2372235607673733,-0.6111453100066894,-5.453692519893968,1
77.0,60.0,True,0.2632079557326505,0.1252767001378893,0.4767333200038741,-0.3746480539427868,-1.6833336008867643,1
77.0,61.0,True,0.2707486886224983,0.1181171794447495,0.61486276727968,0.2933959051108788,-1.8450125290917148,1
77.0,62.0,True,0.2397916393304794,0.1454797011114942,0.6126039975185812,0.0148888751506827,-2.7605446643759457,1
77.0,63.0,True,0.2500743113254353,0.1910049257954973,0.7914434346342718,0.9297533320909448,-2.4110003954887897,3
77.0,64.0,True,0.3215751058978983,0.1744666683841315,0.7262844948160692,0.6127308924830579,-0.1475588577947859,3
77.0,65.0,True,0.2590726329000506,0.1505958776337869,0.6019294447668094,0.6705623047642373,-2.0790901132210866,1
77.0,66.0,True,0.2253943817823372,0.1568186501486902,0.7262587664824375,0.957904487414102,-3.19058796621819,1
77.0,67.0,True,0.3224818909454675,0.1814347355055798,0.5584415800244104,-0.3270278194532339,0.0711009389160275,3
77.0,68.0,True,0.2280001445525569,0.1187358897403578,0.4752317628425699,0.3417999135469156,-2.803838470787432,1
77.0,69.0,True,0.252808135755895,0.1655153259163009,0.6684585566825076,0.8138975316179736,-2.1661275006708554,1
77.0,70.0,True,0.2299589267179002,0.1332096926766003,0.4256609098561508,-0.3111151009042892,-2.6586577937117686,1
77.0,71.0,True,0.2594737053512843,0.1333476210585906,0.5602244186253764,0.7429576004447446,-1.7334945780643611,1
77.0,72.0,True,0.2281898079875634,0.1471511045787008,0.6341604343333568,0.573855386718051,-3.0635150632761174,1
77.0,73.0,True,0.2805625251569889,0.1983170056107724,0.7281246973809433,0.4824801833444553,-1.3261240653842323,3
77.0,74.0,True,0.2871239485931932,0.1220496196149252,0.5197788905043342,0.2635618831992584,-1.1049186068149717,1
77.0,75.0,True,0.4663325199962817,0.2521072477726736,1.0848636958232492,0.9111244844310068,4.641791151909628,2
77.0,76.0,True,0.3740202633387715,0.2350367693483795,0.8640492107045296,0.3484314215215734,1.9660719886620632,3
77.0,77.0,True,0.380709763489837,0.1476159943161267,0.6659941524719774,-0.4934224248947431,2.116439616836401,3
77.0,78.0,True,0.522960981882588,0.2190966420649061,0.9337948907829436,0.2385221476445297,6.702572297166268,2
77.0,79.0,True,0.4791861398412152,0.2273977112640123,1.2105039880467614,1.1502472204903118,4.344173781460534,2
77.0,80.0,True,0.5823857258854978,0.2345194990144173,1.203359744311287,0.8556342865215242,8.055629209484701,2
77.0,81.0,True,0.5505616382104384,0.252243271291151,1.0028036762639607,-0.2414967034335594,7.595720609200827,2
77.0,82.0,True,0.5640608735336557,0.2219044757512173,1.025497391129313,0.1039112740737631,7.687148243526592,2
77.0,83.0,True,0.6010031697524832,0.2783617972839413,1.219290327830329,0.0617298504375755,8.646044793961702,2
77.0,84.0,True,0.5030075296130985,0.1628373621260913,0.7885286490219097,-0.6386272411932818,6.026283392630028,3
77.0,85.0,True,0.5740323860854822,0.2466746347906107,1.2084051761979109,1.1237313014238466,7.645997769843384,2
77.0,86.0,True,0.4883268708154121,0.202905458946366,0.77951748137455,-0.6167862764952139,4.79146116615427,3
77.0,87.0,True,0.5732879669929657,0.2395311062166146,1.0157408324910873,0.135839014044534,8.15502364463427,2
77.0,88.0,True,0.4507274479617713,0.2088714687317223,1.009940264209055,0.4354002962789034,3.5224567373965123,3
77.0,89.0,True,0.729161131639022,0.3964177030503371,1.5,0.587413951884688,11.860427278770674,2
77.0,90.0,True,0.52968603038945,0.2464594000461054,1.2564056942733093,0.2630851346734683,5.946421041552457,2
77.0,91.0,True,0.8383055804646526,0.3374243378587146,1.5,0.4233526381337965,16.3635127390452,2
77.0,92.0,True,0.4872096942121084,0.3036775108930454,1.467483454564105,0.9805710688936896,4.684934441594561,2
77.0,93.0,False,,,,,,0
77.0,94.0,False,,,,,,0
77.0,95.0,False,,,,,,0
77.0,96.0,False,,,,,,0
77.0,97.0,False,,,,,,0
77.0,98.0,False,,,,,,0
77.0,99.0,False,,,,,,0
77.0,100.0,False,,,,,,0
78.0,1.0,False,,,,,,0
78.0,2.0,False,,,,,,0
78.0,3.0,False,,,,,,0
78.0,4.0,False,,,,,,0
78.0,5.0,False,,,,,,0
78.0,6.0,False,,,,,,0
78.0,7.0,False,,,,,,0
78.0,8.0,False,,,,,,0
78.0,9.0,False,,,,,,0
78.0,10.0,True,0.2446956763182254,0.1737323057182183,0.6612674681521066,0.8075360236213861,-2.706335604652951,1
78.0,11.0,True,0.3491976442526213,0.1601692465788496,0.6490470746960894,0.0221893977754564,1.0049540046597918,3
78.0,12.0,True,0.374997316749559,0.1741080270091382,0.6488995691959586,-0.5369452142115289,1.5858321478670585,3
78.0,13.0,True,0.1963901385539018,0.1115797087112518,0.3999457872854516,-0.073933449951754,-4.078592014128019,1
78.0,14.0,True,0.3057771359531318,0.2225384505141876,0.7632337508552092,0.4021006132960792,-0.3280776299365399,3
78.0,15.0,True,0.2399506854003588,0.1731461427492675,0.7153258883199286,1.2180805583259002,-2.5092829550559497,3
78.0,16.0,True,0.3571283571792603,0.1981363253054303,0.7540830516688741,-0.0344647936386657,0.9321210154966478,3
78.0,17.0,True,0.2610153599152642,0.1216446327724516,0.5098516793622421,0.4021416014874729,-1.7552767953432655,1
78.0,18.0,True,0.2933608462690077,0.1892142040634148,1.0515181774859397,1.9869146338383925,-1.1146726618295169,3
78.0,19.0,True,0.2077763213297698,0.0957121490401088,0.3808006054064701,0.0009626396259306,-3.3447570911028652,1
78.0,20.0,True,0.2452243258905418,0.1183920060191434,0.5263959023476852,-0.0607848740558586,-2.577977675445088,1
78.0,21.0,True,0.3247448013931047,0.1653379530314782,0.6705555401212174,0.399136406403977,-0.0002388337073929,3
78.0,22.0,True,0.2853469884693874,0.1581986546318063,0.5274591305399651,-0.1044929546290259,-1.1538164509397015,1
78.0,23.0,True,0.270312883056914,0.1042751155420814,0.445691495988828,-0.4126795421485958,-1.555715028273478,1
78.0,24.0,True,0.2665787061550739,0.1523718641800124,0.5812243826319202,0.4831241448491667,-1.766244108242111,1
78.0,25.0,True,0.3100077409022132,0.1716738501188725,0.61002720310856,0.040781111173396,-0.2198150889802827,3
78.0,26.0,True,0.2425287074580321,0.1790170523861776,0.5837317205515817,0.5759657289980215,-2.661409781430799,1
78.0,27.0,True,0.2693089377008051,0.2172287494049032,0.7843368660298761,0.7605120277519535,-1.608966329746681,3
78.0,28.0,True,0.2369300789182001,0.151685521981993,0.5454190129107459,0.2209225031329832,-2.5831136854469205,1
78.0,29.0,True,0.2377989151292333,0.1603342367615031,0.5655857363856336,0.1236461233204526,-2.6485626437677814,1
78.0,30.0,True,0.3610110900780829,0.1399496112755442,0.5802908992954489,-0.56762966518343,1.5242650474903154,3
78.0,31.0,True,0.3950579953005642,0.161230008030259,0.64753830450257,-0.2639308854110126,2.44108105043864,3
78.0,32.0,True,0.3148452077355245,0.1410042156742329,0.6472338283448829,0.4445502790209621,-0.1592425817250926,3
78.0,33.0,True,0.3877318798733176,0.1837903764763852,0.8750968437372283,0.5353471406307417,1.8523620416495312,3
78.0,34.0,True,0.375722911844335,0.1888130428684891,0.8524070690346941,0.683493960850853,1.97789405508505,3
78.0,35.0,True,0.2759874722034578,0.1589793937248233,0.5659510835951939,-0.1738062472629416,-1.2925351664875766,1
78.0,36.0,True,0.2274347498133306,0.1666279738728948,0.5978768145908682,0.6423390909530979,-2.756678514682275,1
78.0,37.0,True,0.3730170363589367,0.205461230320186,0.7018185541398013,-0.124292108183161,1.9324950473559668,3
78.0,38.0,True,0.1812602685954401,0.1115415605035049,0.41314244752303,0.0332559237875187,-4.2530527194193954,1
78.0,39.0,True,0.1732190607032753,0.1050550130632461,0.375550808800265,0.3758074792842554,-4.534042667711755,1
78.0,40.0,True,0.2979836485920545,0.1349767854448642,0.5903659602200828,0.2595405608950304,-0.659928607801593,1
78.0,41.0,True,0.1541795392310281,0.1282127875208877,0.5090285010228043,0.9610565625963364,-5.197184725010074,1
78.0,42.0,True,0.2362519599293044,0.1196870710076525,0.4372045391145262,-0.4398982708801632,-2.6141613071360323,1
78.0,43.0,True,0.1717008895798546,0.0902981847609771,0.3620313186974501,-0.199616464162928,-4.676490544680231,1
78.0,44.0,True,0.2182986633454024,0.1111995995710871,0.4143417329994827,0.3382182649018491,-3.1157015534158092,1
78.0,45.0,True,0.2056520565933914,0.1308009753650006,0.5410099727581709,0.7285796974516212,-3.463229056403171,1
78.0,46.0,True,0.3627081178220635,0.2117925006831598,0.7738707760188731,0.2746290410172359,1.4207877126392123,3
78.0,47.0,True,0.3704564136387455,0.1641585602758589,0.659287744816695,-0.1900482225245768,1.6666357091349475,3
78.0,48.0,True,0.2619654476031292,0.2193768727042742,0.6826461085924377,0.3024755577606023,-1.9021964746653224,3
78.0,49.0,True,0.2470140987433136,0.1385466855948095,0.4766931092146467,-0.1459641437787698,-2.5634386838225662,1
78.0,50.0,True,0.3245109651044674,0.2401650003951512,1.0170886784139443,1.0556933366765715,-0.3792906410481217,3
78.0,51.0,True,0.4044031069906288,0.2653181755762884,1.0808892313887868,0.7940686897121697,2.6098799990958894,2
78.0,52.0,True,0.3533196591270925,0.1766180939619485,0.8101284041210429,0.9476552517936386,0.9815068306499688,3
78.0,53.0,True,0.2479745136331774,0.1284594190693325,0.5890333524914322,0.08581922650089,-2.408196047336114,1
78.0,54.0,True,0.2554281751660816,0.1731729558766957,0.6575926808284465,0.7970412075815487,-2.1372396628350643,3
78.0,55.0,True,0.2689491752129126,0.1110719250929886,0.4854518477552819,0.0012205298298368,-1.7780790711531995,1
78.0,56.0,True,0.278503248100057,0.1724772815141214,0.6776160655881992,0.3493238064921788,-1.317507213426932,3
78.0,57.0,True,0.2850653222160796,0.1639786248586037,0.666639405621055,0.3419603086806022,-1.121108299592041,3
78.0,58.0,True,0.1483095100758649,0.1004159016423842,0.4439528977843082,0.8571046435210453,-5.54443610112264,1
78.0,59.0,True,0.3127302638707048,0.1960161318117555,1.0232903744255846,0.9475926147499864,-0.7290046822624604,3
78.0,60.0,True,0.2726301991570379,0.1764422000579829,0.6899201126032831,0.6833865442526406,-1.7363957343549576,3
78.0,61.0,True,0.2233502609609998,0.1220852738815191,0.4713526927079615,0.1709860894921931,-2.8970514191161847,1
78.0,62.0,True,0.3299708506600151,0.1886503837160082,0.8869207892259571,1.473327151527754,0.3792950395073635,3
78.0,63.0,True,0.1730156605368393,0.1783712381454314,0.6166207160713069,1.1357252229511925,-4.458500071685155,1
78.0,64.0,True,0.2266751484150026,0.1754298852136576,0.5698907649651419,0.4854189779766605,-2.900059791771446,1
78.0,65.0,True,0.2194306626507796,0.1178219641271974,0.5149169118436573,0.6138266243321912,-3.2382325873593354,1
78.0,66.0,True,0.2085325481396499,0.1128424156782428,0.4462497014372896,0.1169250248918332,-3.4965509382692126,1
78.0,67.0,True,0.2362264830905896,0.1547799280162166,0.596456455577369,0.4864891038038995,-2.9592496337135605,1
78.0,68.0,True,0.1807893785395804,0.1138852103656337,0.4898189975370468,0.2311636550780103,-4.446130866908979,1
78.0,69.0,True,0.4738354565614625,0.2101136633947444,0.9985728197524596,0.1136128360708281,4.2875571150092116,2
78.0,70.0,True,0.2260029498492864,0.1288516697304986,0.5049658974808873,0.4528514488396712,-2.8935703522424605,1
78.0,71.0,True,0.2552608781612329,0.1619855642948303,0.609373378781126,0.5525688479013461,-1.971996185835972,1
78.0,72.0,True,0.1827094079538903,0.1012299126059832,0.4121908665525594,0.2773318157183225,-4.223726668871346,1
78.0,73.0,True,0.2894630194489764,0.1305667817701387,0.4851670469780709,-0.7005759592012107,-1.1108845223127093,1
78.0,74.0,True,0.3513348672721315,0.2341636853272577,0.7928239297552103,0.5085788507440714,1.0091569669125138,3
78.0,75.0,True,0.2919173296628887,0.1554482566252213,0.6653749005148991,0.8463722613113174,-1.1264043314893155,3
78.0,76.0,True,0.3511777058309868,0.1846750382106961,0.6979123963319375,0.2911957810886904,0.8978196622680795,3
78.0,77.0,True,0.4178242847611017,0.1461957391436143,0.7015467744298418,-0.2754924421327073,2.984319459929434,3
78.0,78.0,True,0.4317709815214484,0.1953020424159751,0.9390018647993156,0.7636403271254016,3.326388450617042,3
78.0,79.0,True,0.4995301754273369,0.2599932341306831,1.0331753240809571,0.0855480963748002,5.516523924076761,2
78.0,80.0,True,0.6471578323521499,0.2533314564568508,1.5,1.8957063463246264,9.6680380463717,2
78.0,81.0,True,0.4318163114067998,0.2531128923329924,1.2183341558618634,1.2421604280658671,3.245734895330563,2
78.0,82.0,True,0.4857830341988605,0.2458901960548917,1.017226687282087,0.2861485468998266,5.288881000907749,2
78.0,83.0,True,0.3306417325621615,0.1490323926094076,0.6830240292094436,0.5257568686704833,0.0634483767487871,3
78.0,84.0,True,0.2670299346795575,0.223183549305794,0.7285678943691225,0.7722698039664233,-1.5540608221366463,3
78.0,85.0,True,0.426016601677369,0.2565162815129634,0.9798780200005326,0.7101059490928601,3.1497562504297054,2
78.0,86.0,True,0.5929839340302622,0.2306308821174992,1.0607489842667397,-0.2921332861761835,8.318049490791624,2
78.0,87.0,True,0.5738262822288961,0.1540498483542367,0.8270181801429968,-1.137973150632525,8.03094597036229,2
78.0,88.0,True,0.5487139869419967,0.2565154575384389,1.0722797400214206,0.0821274519940767,7.3196202513451984,2
78.0,89.0,True,0.543426647429787,0.1494695727808419,0.7544040515437543,-0.5778104047245716,6.983620256620475,3
78.0,90.0,True,0.7495795395687113,0.2901679274780895,1.3580905218602173,0.444245833758012,13.47444632556687,2
78.0,91.0,True,0.595995048292301,0.2867468252888349,1.5,1.5316538196774534,8.122131119851588,2
78.0,92.0,True,0.0993743770360779,0.1090760224178881,0.3751366337096324,1.0623837557423434,-6.829560475835117,1
78.0,93.0,False,,,,,,0
78.0,94.0,False,,,,,,0
78.0,95.0,False,,,,,,0
78.0,96.0,False,,,,,,0
78.0,97.0,False,,,,,,0
78.0,98.0,False,,,,,,0
78.0,99.0,False,,,,,,0
78.0,100.0,False,,,,,,0
79.0,1.0,False,,,,,,0
79.0,2.0,False,,,,,,0
79.0,3.0,False,,,,,,0
79.0,4.0,False,,,,,,0
79.0,5.0,False,,,,,,0
79.0,6.0,False,,,,,,0
79.0,7.0,False,,,,,,0
79.0,8.0,False,,,,,,0
79.0,9.0,False,,,,,,0
79.0,10.0,True,0.0204032116485828,0.0245550508034152,0.0851569881419513,1.2667975145931134,-9.27448334670939,1
79.0,11.0,True,0.4577621168955358,0.2261591907284304,0.896053874766831,-0.0444926736423694,3.818523586719248,3
79.0,12.0,True,0.2923258990759683,0.1727989091135907,0.7173518207155152,0.9624524614836076,-0.6871304402626095,3
79.0,13.0,True,0.2206200095716162,0.1663730115182338,0.5574335932251275,0.6332286106162472,-2.8169240079983218,1
79.0,14.0,True,0.337540263631474,0.1428426503859974,0.6208384470658111,-0.2054563103841804,0.3466647498786337,3
79.0,15.0,True,0.2567759361282422,0.1800917403537487,0.6854018951224259,1.1711173532970225,-2.0372086310357944,3
79.0,16.0,True,0.2513670799778738,0.115833988979278,0.4630297213805005,0.0082842982930229,-2.036916575105843,1
79.0,17.0,True,0.1131343919261329,0.0965226225716419,0.3230693561376771,0.5241865075653913,-6.334270660485494,1
79.0,18.0,True,0.3436357217724201,0.2039037268798389,1.111946970766721,1.838387986551946,0.3948152602540403,3
79.0,19.0,True,0.2200796967034297,0.1478096646901353,0.5338658396216194,0.3991302335116266,-2.950140803731641,1
79.0,20.0,True,0.3236929467779667,0.1187792305978217,0.597925881106088,-0.3120663883387998,0.0912413501541556,1
79.0,21.0,True,0.2446691389689805,0.1290677355498082,0.6124223988242075,1.2008867366803546,-2.123529431853014,1
79.0,22.0,True,0.2306476320160863,0.1497602828173245,0.5177972903048228,0.3618691469901881,-2.587662693470511,1
79.0,23.0,True,0.3709637468708969,0.1623956708001381,0.652647784680904,-0.6586353425625174,1.1297968140084804,3
79.0,24.0,True,0.3658638022936896,0.2106710277992967,0.8584429004316059,0.8238214884220373,0.8586358329858855,3
79.0,25.0,True,0.3631594411558069,0.2542010549582817,1.0818524197124637,1.1249117663116524,1.3921447656793853,3
79.0,26.0,True,0.3852355567281379,0.2606521009351687,0.9577674027114468,0.2794454187319949,1.5760612929611613,3
79.0,27.0,True,0.3224463695907461,0.2117938163815993,0.8001770759091615,0.5317217971038982,0.0772867147172539,3
79.0,28.0,True,0.2922108809400703,0.1454040040908089,0.597935348384741,0.338749912279116,-0.912092312026354,1
79.0,29.0,True,0.2172387814823897,0.1436148458904595,0.4772568244755037,-0.0003500278752559,-3.362486098030206,1
79.0,30.0,True,0.455759030360198,0.2054953330439999,0.8882783848283295,-0.0857039039443426,4.1641034138782675,3
79.0,31.0,True,0.3436930941147778,0.1894143304113786,0.7168625609139663,0.0646759972773342,0.6815250309279207,3
79.0,32.0,True,0.17836586565681,0.1116549550103736,0.4603942243029016,0.7163267366021476,-4.341492346211445,1
79.0,33.0,True,0.3200193282278595,0.1833982479028459,0.6856066277474305,0.112941811740603,-0.0133462244535857,3
79.0,34.0,True,0.3118184226336325,0.2118453759165374,0.6710441237344629,-0.0406227479384301,-0.5993882875206685,3
79.0,35.0,True,0.2753155369485065,0.1839716061495562,0.6647706436268102,0.4742412393661487,-1.3229842158392358,3
79.0,36.0,True,0.194459812997103,0.1587963962121816,0.5880560438710134,0.9670379150394254,-4.006017471228576,1
79.0,37.0,True,0.2538117279972566,0.1846892367863963,0.638866011432264,0.3886936778231599,-1.9051879452970677,3
79.0,38.0,True,0.1496732586501529,0.0954262713414588,0.3594957496681891,0.4620316369127427,-5.291963126094433,1
79.0,39.0,True,0.3770985049880533,0.1787055588331975,0.736046515098846,0.1775289968774578,1.8321109312796984,3
79.0,40.0,True,0.296706502959195,0.12602732382856,0.5541609074113217,-0.0803877676547611,-0.9183859587099886,1
79.0,41.0,True,0.2151911002789811,0.1239340651430663,0.4518842826970037,-0.0542443305586112,-3.2118886489105787,1
79.0,42.0,True,0.4076476694173237,0.1670163469946541,0.6767660352210435,-0.3466534484586702,2.7709980407585535,3
79.0,43.0,True,0.3362221157182857,0.1559120654590734,0.6382925348390479,0.0336471109996698,0.4550243225856296,3
79.0,44.0,True,0.1956871390541327,0.1256065982571782,0.5294762216580328,0.8370519258330874,-4.096740851104153,1
79.0,45.0,True,0.1551710463534606,0.0807145937745271,0.4043260084926857,0.6738243076224362,-5.3132889574829685,1
79.0,46.0,True,0.2032324203643729,0.1743406486203194,0.5449542671005453,0.6539494387507644,-3.5929345368904637,1
79.0,47.0,True,0.2516892642604738,0.1987281202926727,0.6751264527392794,0.4111626645287073,-2.05357935260595,3
79.0,48.0,True,0.1839371525981802,0.1149880061594676,0.4394910704250366,-0.0170512559547065,-4.309766346932998,1
79.0,49.0,True,0.2006013154762755,0.1438131111317347,0.5130766251841612,0.303514138461361,-3.642930941580351,1
79.0,50.0,True,0.1438369660486236,0.0907860230723682,0.3362774976284543,0.2378913717190403,-5.421823963352175,1
79.0,51.0,True,0.2251902163156081,0.1324176825037177,0.4999983961788473,0.2195896643692553,-2.86891582818017,1
79.0,52.0,True,0.385590572639868,0.1877211236789905,0.7272541987728933,-0.0933924426690507,1.7847595030763743,3
79.0,53.0,True,0.2622439080492107,0.1007866721809139,0.4263216753393093,-0.228726439100389,-1.882984007217666,1
79.0,54.0,True,0.2430399917830707,0.2242885550786092,0.6682125398119236,0.4052086870221638,-2.6192513655732417,3
79.0,55.0,True,0.1729296374283583,0.1129023781539608,0.3615332390597946,0.1263929761325189,-4.4277724458729715,1
79.0,56.0,True,0.2368688834606694,0.2967687373993385,0.994948571523907,1.3263970400153808,-2.5891029979070224,3
79.0,57.0,True,0.2280617073115622,0.1893369166442355,0.7147090251287446,0.9700062670711004,-2.887310640931603,3
79.0,58.0,True,0.1937329221905258,0.0982796204844663,0.3696201259641902,0.3726190856591065,-3.991613457164574,1
79.0,59.0,True,0.1789829658138872,0.1380906598475486,0.498813111219221,0.7639693286532954,-4.540774679955562,1
79.0,60.0,True,0.3028424995995288,0.2012550731970507,0.7868007348010427,0.8880926107357945,-0.4156672052315004,3
79.0,61.0,True,0.2484810285834773,0.0939173660381764,0.4140772099303034,-0.394452265111162,-2.27971514777653,1
79.0,62.0,True,0.2316536649997434,0.1142699809648551,0.4158926020520667,-0.4654054447732447,-2.5429972453003877,1
79.0,63.0,True,0.2347477403548377,0.10919052211845,0.4435480092626093,-0.3554491650933026,-2.726222562792912,1
79.0,64.0,True,0.1918676516555265,0.1397057077343543,0.460803474406079,0.5819289964135005,-3.853765857298426,1
79.0,65.0,True,0.2358822138527819,0.124086902811119,0.566780815796383,0.8549627247089673,-2.527686664218149,1
79.0,66.0,True,0.3115445130821418,0.178806857389691,0.668079340233566,-0.0571684650022629,-0.0812992285537978,3
79.0,67.0,True,0.254155020549248,0.1994852826129105,0.7012727986808889,0.7532204129773763,-1.779543676153751,3
79.0,68.0,True,0.2571843049007018,0.1976890464824149,0.6445537726009906,0.5559736232707905,-2.1786889784962455,3
79.0,69.0,True,0.1949138504267114,0.1343977667416174,0.5369207222774554,0.7067395866237957,-3.686349329157863,1
79.0,70.0,True,0.2766428491363437,0.1228486994576158,0.5386451788653386,0.3286762364297475,-1.2618088335724238,1
79.0,71.0,True,0.3753082635697673,0.1840344559570369,0.8700648782231998,0.2445265684995412,1.4155123425522422,3
79.0,72.0,True,0.3156117751525894,0.1265296955510113,0.6390379672122417,0.5711203851856432,0.1251068094594145,3
79.0,73.0,True,0.2632307387788083,0.2351361945832828,1.2418000577983823,2.3206933470010824,-2.3995816630188767,3
79.0,74.0,True,0.3696707481946073,0.1801792638372731,0.7155384449021144,0.0830771342574743,1.591496618074405,3
79.0,75.0,True,0.4043472891880466,0.1456490670229141,0.8692889144158764,1.0481082920978164,2.2931620829752175,3
79.0,76.0,True,0.4754938648896181,0.2419049571941798,0.8694481728601958,0.0410909594792117,4.929036459804419,2
79.0,77.0,True,0.3283957790716426,0.1791819988717518,0.9124435861217708,0.7235175531339882,0.0340054412462216,3
79.0,78.0,True,0.4348540544109688,0.2088882272728491,0.9044974136359352,0.5164160225480956,3.226665714368753,3
79.0,79.0,True,0.4280237488793138,0.2231083400578047,1.0150759508824894,0.9502522724048696,3.4174214288001163,3
79.0,80.0,True,0.4237028643689746,0.2049974696112027,0.8923894149041186,0.2452976178446999,3.4962839045755683,3
79.0,81.0,True,0.3327212874392298,0.1863414613858499,0.7955777740917099,0.4826591539099133,0.6316763771252049,3
79.0,82.0,True,0.411004125312379,0.1808600502533902,0.8000807567988562,0.2799300988754922,2.999095304979992,3
79.0,83.0,True,0.303035883591128,0.1179437366676118,0.5619549869241627,0.0612198275778822,-0.5135219846755487,1
79.0,84.0,True,0.305714921261107,0.1489419167094418,0.5722765553577269,0.1652676941354924,-0.269315549068495,3
79.0,85.0,True,0.3317687294264554,0.1617505610590295,0.5893153894501488,-0.2439489750051161,0.3650503049031305,3
79.0,86.0,True,0.4222997335380564,0.2359689408253192,1.1011985519715972,1.0076360955723664,2.531401292632641,2
79.0,87.0,True,0.39965195341617,0.2367423044108189,0.9393593473982016,0.3132305059956614,2.7614298128653076,3
79.0,88.0,True,0.4956759053397209,0.2320870701267411,0.9768633381629472,0.216279598114864,5.854431755661103,2
79.0,89.0,True,0.5223817288944581,0.2405565475107494,0.916663640845684,-0.1255344125972026,6.290176961477366,2
79.0,90.0,True,0.6205246054976565,0.1760032697069637,0.9859031711696724,-0.9406243958568062,9.446497664964475,2
79.0,91.0,True,0.4128774135078862,0.1593221967821184,0.760023937104263,0.4430098261856344,2.825989919582957,3
79.0,92.0,False,,,,,,0
79.0,93.0,False,,,,,,0
79.0,94.0,False,,,,,,0
79.0,95.0,False,,,,,,0
79.0,96.0,False,,,,,,0
79.0,97.0,False,,,,,,0
79.0,98.0,False,,,,,,0
79.0,99.0,False,,,,,,0
79.0,100.0,False,,,,,,0
80.0,1.0,False,,,,,,0
80.0,2.0,False,,,,,,0
80.0,3.0,False,,,,,,0
80.0,4.0,False,,,,,,0
80.0,5.0,False,,,,,,0
80.0,6.0,False,,,,,,0
80.0,7.0,False,,,,,,0
80.0,8.0,False,,,,,,0
80.0,9.0,False,,,,,,0
80.0,10.0,False,,,,,,0
80.0,11.0,True,0.0631502305074962,0.0645406456992262,0.2106644296602696,0.7493471701632346,-7.920987694029677,1
80.0,12.0,True,0.3831211339572262,0.2037931707242761,0.7089781392982686,-0.2481444752912815,1.9466302723858755,3
80.0,13.0,True,0.41973271911853,0.1403115802707182,0.6987139081081125,0.1538133237440581,3.21613333134746,3
80.0,14.0,True,0.2873040999617625,0.1505368590224763,0.5742715563210392,0.413739544434018,-1.0051693107412674,1
80.0,15.0,True,0.3269122734992112,0.1889224005162528,0.7894722245961303,0.4622586324326119,0.0908403658345799,3
80.0,16.0,True,0.2772681810187967,0.1499892444883875,0.7116493765950952,1.386206695525091,-1.5475792262421446,3
80.0,17.0,True,0.2389023670860514,0.1002469265097135,0.4238103417984692,-0.3053919508849559,-2.560045829166129,1
80.0,18.0,True,0.2233320056850911,0.134673756468295,0.5042142942943602,0.0514658420220765,-3.0738579800132104,1
80.0,19.0,True,0.227610037650772,0.1387110685143275,0.4704814284421836,0.3607546707548542,-2.8545917088421646,1
80.0,20.0,True,0.324464276418989,0.1659984592052253,0.5990527039556339,-0.2527140606600889,0.259271604285129,3
80.0,21.0,True,0.3637517470587655,0.2082121292637808,0.708785648012019,-0.0480892212848422,1.0355023905113985,3
80.0,22.0,True,0.3451844080137475,0.2890701153872682,1.5,2.066820745056002,0.2508077054537272,2
80.0,23.0,True,0.3994995775290382,0.2169885948857517,0.7980331001284248,0.3312735121704783,2.2508241640804547,3
80.0,24.0,True,0.3455148190726074,0.2263856439006429,0.6985248157223823,0.1367864030026104,0.8762634215172257,3
80.0,25.0,True,0.4057181424700336,0.246069030565611,1.1446960718124446,0.6783302671624258,2.520001165973708,2
80.0,26.0,True,0.3928895785130354,0.1722337184057844,0.6936892660048926,-0.117255988228034,2.138581388537837,3
80.0,27.0,True,0.2573314537855742,0.1700175388424169,0.7124595877703502,0.3179343821109008,-2.22959490694085,3
80.0,28.0,True,0.3811458389895912,0.1515120090806461,0.7290490123809449,0.5885912546091409,2.1113260220647874,3
80.0,29.0,True,0.3234480984229408,0.2072819881406213,0.8663107106692336,0.2848557175802774,0.1148173921144507,3
80.0,30.0,True,0.422558483162809,0.2700275539576228,1.2014521621234824,0.647396883678352,2.8697232827071213,2
80.0,31.0,True,0.318686212944992,0.2452588436980128,0.8834822543969629,0.6434393117740533,-0.3547259654546359,3
80.0,32.0,True,0.3552980441936627,0.2310297546902981,0.9085327603037544,0.5934545759059199,1.4579656602930688,3
80.0,33.0,True,0.2742980491892102,0.1403139511849325,0.5461847477228148,-0.143909468345151,-1.2664314409410315,1
80.0,34.0,True,0.3202942204033211,0.2131171407513153,1.0097109358698224,1.5179212925632923,-0.4791964531302423,3
80.0,35.0,True,0.2299593971096064,0.1440736409598657,0.5256106432398576,0.3010639708580808,-2.841217993220398,1
80.0,36.0,True,0.2139714634898448,0.127963016855712,0.5769915507457336,1.1978568242275416,-3.3491370601506305,1
80.0,37.0,True,0.3046801019374489,0.1827028308127219,0.6535469842644691,0.2285452253150429,-0.3392690441060744,3
80.0,38.0,True,0.2358360907885427,0.1409134793148226,0.4835662574386776,-0.1169469944518994,-2.4282372143286364,1
80.0,39.0,True,0.1922807498889096,0.1423901711649593,0.4020549405411452,-0.0784789366143249,-3.812395345062931,1
80.0,40.0,True,0.1847775402307712,0.0962737076134031,0.3795114334830921,0.1377621291506199,-4.288416113354773,1
80.0,41.0,True,0.3022820612492938,0.2101935846458373,0.7471602183933068,0.4467707058260199,-0.3716891881838702,3
80.0,42.0,True,0.2442493371472872,0.1575776049025426,0.5025516148641965,0.0901966319695948,-2.0909850247749477,1
80.0,43.0,True,0.266936605104605,0.1544418077330181,0.578018192289148,-0.0976893695324441,-1.437084702645985,1
80.0,44.0,True,0.306849495608797,0.1949108709999572,0.6269231135722865,-0.0886910102096045,-0.1654021746278362,3
80.0,45.0,True,0.2070900366997312,0.1517493329706916,0.4848192238741179,0.2560486180284803,-3.440203993842185,1
80.0,46.0,True,0.2341349594505256,0.1577983890034197,0.6128613176921527,0.1169783788084091,-3.0514910593974953,1
80.0,47.0,True,0.2942914172803011,0.245747937326519,0.9152559255710156,1.1612644660378613,-0.9145860744436286,3
80.0,48.0,True,0.1987802548207418,0.1594819840852115,0.5495045014714179,0.6205277228550127,-3.585994033020672,1
80.0,49.0,True,0.2432556522908954,0.1487238147344201,0.476344503891521,0.106811134536794,-2.5674444910171834,1
80.0,50.0,True,0.2509513477644552,0.1610763067897684,0.6677903025492086,0.85341568982222,-2.331064690392245,1
80.0,51.0,True,0.2482066065916112,0.0978059915629811,0.5237077869022643,-0.1423347901338297,-2.3963242900255173,1
80.0,52.0,True,0.408861165520671,0.2169820595662552,0.8331675449285874,0.3070819472639486,2.867698659813885,3
80.0,53.0,True,0.2306379098436471,0.1450187239102371,0.460221801161622,-0.0380236301360628,-2.9481461051957476,1
80.0,54.0,True,0.2198826071317779,0.1215956712945854,0.5283607692486255,0.6407842930198577,-2.884996441769073,1
80.0,55.0,True,0.2580055851906041,0.1457227968888615,0.5315305958090827,0.1868706810302236,-1.9372523346497923,1
80.0,56.0,True,0.2478753761034402,0.1715943196617239,0.6493707029358601,0.8283646220187383,-2.520176098770805,1
80.0,57.0,True,0.2588204279819742,0.1608896717480912,0.5831167531406585,0.3993231935678892,-1.805564637537054,1
80.0,58.0,True,0.1333697432400252,0.0849570217339266,0.2962901936528123,-0.0187052999174329,-5.961209961455552,1
80.0,59.0,True,0.2705277699447835,0.1715185222554693,0.6383780916916934,0.4010250317555208,-1.8896888523695716,3
80.0,60.0,True,0.2904810296212768,0.1259983201647642,0.5895228012765878,0.780899345191721,-1.2517680866959515,1
80.0,61.0,True,0.2955239656531834,0.1863468522375269,0.6429273112950807,0.2483386471119502,-1.0343178188169897,3
80.0,62.0,True,0.2345709165377051,0.139605430224191,0.5417608334378569,0.2492994488777655,-2.7669525407246547,1
80.0,63.0,True,0.2944241702965153,0.1445788747366276,0.5998605250263108,-0.0076764984998713,-0.7657637515210937,1
80.0,64.0,True,0.2398836180887378,0.1110280160312568,0.3923663005332816,-0.3444085626243758,-2.454422599335,1
80.0,65.0,True,0.2812006525449935,0.0989531791209164,0.502050726884893,-0.1331977727051738,-1.1283987423301385,1
80.0,66.0,True,0.1911606311246759,0.1372629734596818,0.5005428132754184,0.5019666327823497,-4.0075361143894925,1
80.0,67.0,True,0.2913517429398749,0.2105485063020778,0.8139889959545278,0.4992948627719784,-1.1317143049061142,3
80.0,68.0,True,0.2207755616956074,0.196723843021491,0.6896764406046335,1.1729930211706738,-2.980678766352387,3
80.0,69.0,True,0.345445431527928,0.2886773913733247,1.5,2.796946019394704,0.0960569798344474,2
80.0,70.0,True,0.4052874817568387,0.1683105693035823,0.6889987527232022,0.0931734867563076,2.757278825068535,3
80.0,71.0,True,0.2286641419195908,0.1774053915805104,0.6288913414898242,0.8847592430149385,-2.77104435538003,1
80.0,72.0,True,0.327620471042292,0.1095681851034246,0.5528622691075239,0.0913408897420885,0.2663756170077151,1
80.0,73.0,True,0.4341816507028068,0.2147971888538587,0.7513637677465378,-0.2393261819896308,3.398267840460388,3
80.0,74.0,True,0.4013709657203355,0.228334732195779,0.8891656642678712,0.4681718565783593,2.333528063392522,3
80.0,75.0,True,0.1996041879411292,0.2132207156980423,0.7997053284816906,1.4273001005134522,-3.5180893008330827,3
80.0,76.0,True,0.1993137546332465,0.0881639315404131,0.3962752817339378,0.1057223527047739,-3.816095505105458,1
80.0,77.0,True,0.5125136004696728,0.2057205550577343,0.8850155727323122,0.2079732860509756,5.742431026781753,2
80.0,78.0,True,0.4182802044818898,0.2262797013308921,0.9965449645914104,0.9006505289591523,3.103024882862389,3
80.0,79.0,True,0.5145733228734574,0.1757984232791601,0.8314631029551547,-0.0751055700014403,6.212568434831103,3
80.0,80.0,True,0.4726504230659612,0.1879421444435361,0.9680297339382128,1.3015116660374568,4.901861286829868,3
80.0,81.0,True,0.2681443357020486,0.1851323686733554,0.6615047810225363,0.264669687784316,-1.53463901832748,3
80.0,82.0,True,0.2874664250494579,0.1758822718036894,0.7205337273361283,0.8799825386351456,-1.2144227875519895,3
80.0,83.0,True,0.22088555091124,0.1362646420601164,0.4970523506898319,0.293464828158149,-2.908529376025111,1
80.0,84.0,True,0.2787412419975238,0.1774028128090899,0.6336909157917152,0.3061584377333166,-1.2444889295363075,3
80.0,85.0,True,0.3346110731011026,0.2128288569500305,1.0328937804171587,1.0983497982333756,0.0243442248678613,3
80.0,86.0,True,0.3626960758751426,0.1206207307794031,0.6224760347231942,-0.5277476987222149,1.254562702662517,3
80.0,87.0,True,0.4492322476433995,0.1317133029359288,0.7452111345791089,0.7693636092231191,3.8582916854356943,3
80.0,88.0,True,0.3848019178363916,0.1943330615103741,0.7991298059863288,0.3297349320543842,1.960957760321922,3
80.0,89.0,True,0.4056047778518452,0.2514228370013805,0.9939873159137056,0.6293001582606095,2.4599001173367214,3
80.0,90.0,True,0.4043972824947359,0.2652814847344811,0.844300106798373,0.1500504817707337,2.8696040762656105,3
80.0,91.0,True,0.0129996720146045,0.017028914977906,0.0526687023341853,1.0654962354436424,-9.510496399127192,1
80.0,92.0,False,,,,,,0
80.0,93.0,False,,,,,,0
80.0,94.0,False,,,,,,0
80.0,95.0,False,,,,,,0
80.0,96.0,False,,,,,,0
80.0,97.0,False,,,,,,0
80.0,98.0,False,,,,,,0
80.0,99.0,False,,,,,,0
80.0,100.0,False,,,,,,0
81.0,1.0,False,,,,,,0
81.0,2.0,False,,,,,,0
81.0,3.0,False,,,,,,0
81.0,4.0,False,,,,,,0
81.0,5.0,False,,,,,,0
81.0,6.0,False,,,,,,0
81.0,7.0,False,,,,,,0
81.0,8.0,False,,,,,,0
81.0,9.0,False,,,,,,0
81.0,10.0,False,,,,,,0
81.0,11.0,False,,,,,,0
81.0,12.0,True,0.2094251360026311,0.1405006320245985,0.534157945472157,0.4756563706904828,-3.461510335804684,1
81.0,13.0,True,0.4094509066866216,0.1871325909952614,0.7960593971299783,-0.001854065127599,2.7347522825851733,3
81.0,14.0,True,0.2304712433617584,0.1036015237995615,0.4551272488866426,0.2728399599154628,-2.9175069109731604,1
81.0,15.0,True,0.4859423600596384,0.1630497103270728,0.7158118170245122,-0.2149123335615117,5.060274446682633,3
81.0,16.0,True,0.2661412429308153,0.2441153545207602,1.0024387142191489,1.3131541838078968,-2.4653603656242127,3
81.0,17.0,True,0.2764986449464131,0.1446172187834659,0.5063460081021913,-0.2048095371146594,-1.6805546222415877,1
81.0,18.0,True,0.2215829326334807,0.1343378099272465,0.5231140384048631,0.3117507615860889,-2.9660508609745335,1
81.0,19.0,True,0.3717373433951154,0.2142818975000344,0.8639819111631147,0.5834031232627637,1.2734178938107084,3
81.0,20.0,True,0.2861578670503846,0.1648066490666458,0.6699449998920559,0.5924190442493881,-0.9369699860013276,3
81.0,21.0,True,0.3876306733000802,0.1308721110211602,0.6001576221369179,-0.8184939116663116,2.2693699910076663,3
81.0,22.0,True,0.3276962912987041,0.2190977883106057,0.8431731043020426,0.6570160236426694,0.0834862778285154,3
81.0,23.0,True,0.4164423275932326,0.1973010535095727,0.8156913678094118,-0.0885065062431389,2.520309187850265,3
81.0,24.0,True,0.3737887825692015,0.2419221003732639,1.0490614456909575,1.4243044704250274,1.7158673380075622,3
81.0,25.0,True,0.3458389429071633,0.2355588507975236,1.0727729679681408,1.0089465049290138,0.6466426294207653,3
81.0,26.0,True,0.4578796680187795,0.1917945921648576,0.9096193190822603,0.4619566282810242,4.292855579827218,3
81.0,27.0,True,0.5046572279776613,0.2583396490392505,1.0150270736940106,-0.0589724517167583,5.3258889791287745,2
81.0,28.0,True,0.3646892280663067,0.2426224852976304,0.890811397409979,0.2295433005769325,1.31578194969891,3
81.0,29.0,True,0.3209812853178155,0.2162757898360166,0.6930650576410576,0.2190111580629559,0.2431594932256068,3
81.0,30.0,True,0.3102071878807861,0.1576479817660863,0.5883744689651864,-0.2497939875614006,-0.3045855473370308,3
81.0,31.0,True,0.3711878553281978,0.2147242355386626,0.8443934786292114,0.7398275344554232,1.731591019399069,3
81.0,32.0,True,0.294482802303824,0.1855693027071735,0.7844210514839731,1.0593323796721197,-0.6564918100128984,3
81.0,33.0,True,0.2842215029137955,0.143480603566511,0.5566156925801071,-0.1867872646327006,-1.1037657637195024,1
81.0,34.0,True,0.342644604721244,0.21549274769555,0.7258891111783153,0.1550564914042799,0.5107510330623245,3
81.0,35.0,True,0.2857446331729843,0.1332548916059781,0.5205124763806352,0.1336603415447665,-1.0790491362162034,1
81.0,36.0,True,0.254588891650727,0.1816028872386479,0.7867122119963168,1.615314957382752,-1.8569506105427729,3
81.0,37.0,True,0.2707793649688731,0.2179388042200379,0.6977862918022955,0.4797777194177307,-1.4714702476537802,3
81.0,38.0,True,0.3807366943140155,0.1563306686629312,0.76433646887191,0.2906173797520924,1.4909196048984086,3
81.0,39.0,True,0.2879078472545698,0.1420099554203144,0.6118057862928129,0.2022664183593507,-1.0170987190640743,1
81.0,40.0,True,0.2976529226837515,0.1670365501271895,0.5410072348635673,-0.3092809435853039,-0.490842468640967,3
81.0,41.0,True,0.1596790112293415,0.1235084192988577,0.4153623553204694,0.399417184345011,-4.820652002135301,1
81.0,42.0,True,0.2662140804252049,0.1431567959004435,0.6717547668342467,0.4225941739263101,-1.7297696518031125,1
81.0,43.0,True,0.2259158080759408,0.1064352373294164,0.4271102837600656,0.0749641747648918,-3.0993365668202766,1
81.0,44.0,True,0.174410936745697,0.1109122842749663,0.4338402814176977,0.7158059340044242,-4.411630812517644,1
81.0,45.0,True,0.2646466855837937,0.1024900927440304,0.4597026086771745,0.357812615697963,-1.674417333264695,1
81.0,46.0,True,0.2380206493933477,0.1370700274693607,0.5538758807672398,0.5486799777748266,-2.47592362413217,1
81.0,47.0,True,0.1497252770582362,0.09034677678985,0.3008689883452012,-0.12070165171578,-5.183204280063975,1
81.0,48.0,True,0.2819565276352847,0.1451243545222917,0.6592457167598573,0.5151390847906848,-1.5277715377239924,1
81.0,49.0,True,0.1653618991819605,0.1005198481411722,0.351481753426919,0.1510210893294739,-4.808906677212084,1
81.0,50.0,True,0.2907269680482459,0.181704564445852,0.8321571052133686,0.5406052266654496,-1.18246814674935,3
81.0,51.0,True,0.259320885478191,0.1813831374554388,0.5342511002498369,-0.0227520346071742,-2.038375513295114,1
81.0,52.0,True,0.1787449053999552,0.1506759402716113,0.4527351935854588,0.2924987820768237,-4.315603925251452,1
81.0,53.0,True,0.2356271056102905,0.1422008033827594,0.462808040862195,0.1272991643956591,-2.3938752727907016,1
81.0,54.0,True,0.3189391696395634,0.1856580340594603,0.7666712475777593,0.2036728688369689,-0.1350863620835788,3
81.0,55.0,True,0.2826746032604324,0.1517489982277438,0.5643578164077745,0.2739782376505364,-1.3824050800566072,1
81.0,56.0,True,0.3818099652328529,0.2509031454179946,0.8530611617332456,0.1833050568837409,1.6072205852054586,3
81.0,57.0,True,0.2136091107566566,0.1266698070275522,0.6465968686945995,1.3780923310033302,-3.5050701804375617,1
81.0,58.0,True,0.2437855308039528,0.1223047266977882,0.551903793129591,0.4097619021239708,-2.4518476358276193,1
81.0,59.0,True,0.224856200926099,0.1551635707511833,0.5399211104281403,0.6427999119510922,-2.9313739105913146,1
81.0,60.0,True,0.1886635806483965,0.1622067505927055,0.6226751096742114,1.46144212013998,-4.227983090483958,1
81.0,61.0,True,0.2862125911732728,0.2272999818147493,1.1786540295623846,1.885001378851738,-1.3435680355640855,3
81.0,62.0,True,0.250045090327555,0.1042109450270602,0.4422091979047465,-0.0691638645507114,-2.20601499389667,1
81.0,63.0,True,0.320196712482815,0.2165035342230424,1.0377845368028669,1.1860305656283625,-0.4518661426293512,3
81.0,64.0,True,0.1867521848654315,0.0886766600487885,0.3708459438200482,0.2976435542551662,-4.1195014088456245,1
81.0,65.0,True,0.2817695853285595,0.150817004902404,0.6132821993414623,0.3014757492055144,-1.042319717814291,1
81.0,66.0,True,0.2978836078739048,0.185553418211303,0.8103857009040516,1.2690240941098188,-0.8545914071645655,3
81.0,67.0,True,0.166388616840286,0.1047510044541547,0.3608914312837991,0.2323799585018492,-4.686643428549076,1
81.0,68.0,True,0.3029099345258457,0.2742783659403909,0.9992386845716772,1.231387500374802,-0.3036633312821001,3
81.0,69.0,True,0.2274020380368855,0.2212615022540789,0.7203125726228945,0.7998333619028126,-2.6644068899434337,3
81.0,70.0,True,0.2273322486351946,0.2125074374100329,0.7958729761937177,0.8833165922946735,-3.3704661492746735,3
81.0,71.0,True,0.2424733736341884,0.1632528076673242,0.6212252823466364,0.7603102629581725,-2.302954127917272,1
81.0,72.0,True,0.3624148666318937,0.2529149162863124,0.902109457660876,0.5307230575774268,0.7725065002085566,3
81.0,73.0,True,0.4894626549515399,0.1983539788399671,0.9906296279202702,0.407491446146316,5.531267843133416,2
81.0,74.0,True,0.4014536756437365,0.173667745389766,0.7196917921736491,-0.0987232107060267,2.283880983042641,3
81.0,75.0,True,0.418303602697389,0.2897593728685391,1.2036294692193197,1.1369059670123136,3.0853611445232834,2
81.0,76.0,True,0.2921405864941165,0.2132875444654575,0.972218624940052,0.915538961018631,-1.472026666532335,3
81.0,77.0,True,0.3936949958216916,0.2048598004537724,0.8629875402623431,0.2783303314089448,1.978359049882649,3
81.0,78.0,True,0.4381230977255003,0.2765567210298579,1.1284666022128067,0.7401570287149872,3.0495287980293257,2
81.0,79.0,True,0.3900146636103159,0.2630091148929522,1.2217676661835448,1.1028901374084226,1.5782990068888316,2
81.0,80.0,True,0.424443690210015,0.2108955949040589,1.0076821655726005,0.5239020023494726,2.8664169286904713,3
81.0,81.0,True,0.2501039389091082,0.1281536051522669,0.5411662485039824,0.4002229510143689,-2.2140290515878123,1
81.0,82.0,True,0.2827479185944676,0.1471737427833112,0.5887056805414294,0.3911192788444212,-1.0943581827415811,1
81.0,83.0,True,0.3035434220323165,0.1973135200202198,0.6243219308903829,-0.0642337045523271,-0.4058140527833425,3
81.0,84.0,True,0.2767010015719072,0.1860341730121112,1.1154171932237675,2.633304871808264,-1.808244820632955,3
81.0,85.0,True,0.2578684862136167,0.1337906559709371,0.5241082099919249,0.5309761607557768,-2.081874491109396,1
81.0,86.0,True,0.3220625683951989,0.2139420670020438,0.8859441371965767,0.850008330249169,-0.4848648780047283,3
81.0,87.0,True,0.3250107256450298,0.2090130222406126,0.7335452726673917,0.4978760649978437,-0.0446190550471485,3
81.0,88.0,True,0.5662472178954943,0.128494672517813,0.8818994656682663,0.7400976032908568,7.49176728228539,2
81.0,89.0,True,0.3877817758017909,0.2313707777844722,0.8963873507614636,0.4231962029228852,1.8900045537355168,3
81.0,90.0,True,0.0677464716934091,0.0722373483087072,0.2354685645204939,0.7758550047098655,-7.759079420287509,1
81.0,91.0,False,,,,,,0
81.0,92.0,False,,,,,,0
81.0,93.0,False,,,,,,0
81.0,94.0,False,,,,,,0
81.0,95.0,False,,,,,,0
81.0,96.0,False,,,,,,0
81.0,97.0,False,,,,,,0
81.0,98.0,False,,,,,,0
81.0,99.0,False,,,,,,0
81.0,100.0,False,,,,,,0
82.0,1.0,False,,,,,,0
82.0,2.0,False,,,,,,0
82.0,3.0,False,,,,,,0
82.0,4.0,False,,,,,,0
82.0,5.0,True,0.017119744366692,0.0377905600152104,0.1287612288428174,2.0496886221432624,-9.364824063660675,1
82.0,6.0,False,,,,,,0
82.0,7.0,False,,,,,,0
82.0,8.0,False,,,,,,0
82.0,9.0,False,,,,,,0
82.0,10.0,False,,,,,,0
82.0,11.0,False,,,,,,0
82.0,12.0,False,,,,,,0
82.0,13.0,True,0.2825831876771555,0.1856523322226441,0.6539779959211595,0.036490042410832,-0.8756112323013298,3
82.0,14.0,True,0.3261243614356511,0.2426892748241274,0.7602501367922951,0.4847882586116294,0.0087234351065669,3
82.0,15.0,True,0.3106199230557323,0.1862411074233675,0.5840311926779512,-0.1210951796376418,-0.2121464280224653,3
82.0,16.0,True,0.3395192071871131,0.1654314669988772,0.7545603354463217,0.4841811412680626,0.444053614827388,3
82.0,17.0,True,0.2476230135442524,0.1381146944177822,0.5867555905507097,0.4888790542931841,-2.1158896482529697,1
82.0,18.0,True,0.4169594722209857,0.2043630567868054,0.8618613511635721,0.1002125102886099,3.1484567269892603,3
82.0,19.0,True,0.311771775167676,0.1672825481643329,0.8184720806220727,0.6265058369195249,-0.3310031168192265,3
82.0,20.0,True,0.4475032015332805,0.1716667840106412,0.8236443590764028,0.4080045646993426,3.967437269477043,3
82.0,21.0,True,0.3464471410675996,0.1865400264847689,0.659669157441883,0.0723010048151337,0.4138927172377112,3
82.0,22.0,True,0.5392462044936734,0.2278862800800022,0.9211452454502052,-0.2702319853259498,6.750195535871016,2
82.0,23.0,True,0.6676878573554228,0.3082594144712104,1.4724720524338382,0.9612634370063288,10.654970471065344,2
82.0,24.0,True,0.3607317703245843,0.2378685366120438,0.861921577675335,0.3171453399661736,1.2119759908733334,3
82.0,25.0,True,0.2961241610598991,0.1765625406467046,0.8800851330458639,1.2624338080698294,-1.0512942807513417,3
82.0,26.0,True,0.3790584956454154,0.1931895914132005,0.9008975557388086,1.2802964932531005,1.6071429530482724,3
82.0,27.0,True,0.3863805261305065,0.154715432916416,0.5766476239323636,-0.541753666478281,2.1496058790851262,3
82.0,28.0,True,0.2284093502328471,0.1520482690308144,0.5451387691221721,0.3855518238576106,-2.877285476865765,1
82.0,29.0,True,0.5365921855996431,0.2368684827519935,1.074383699709052,0.4621937993437514,6.666107767831802,2
82.0,30.0,True,0.4693829457711142,0.1545219180903258,0.8017711878167191,-0.1343509355875632,4.545341771449144,3
82.0,31.0,True,0.2560089677984027,0.1658965868468566,0.6412419374546179,0.7502647342984577,-1.7617638709628738,1
82.0,32.0,True,0.2150268686119323,0.1150808035462885,0.410569745223539,-0.1934767385196112,-3.283584162536526,1
82.0,33.0,True,0.3791918554113921,0.2809314992178417,1.2677112583717751,0.7139464383583809,1.455379865523415,2
82.0,34.0,True,0.3105772697827017,0.162946266096877,0.6404530022360021,0.2361041330868457,-0.2196277358565166,3
82.0,35.0,True,0.3310085779861474,0.1695034297374161,0.6560206845068906,-0.0925646702971385,0.3157469478594322,3
82.0,36.0,True,0.3238327121884765,0.1887961892906771,0.7626094288656611,0.8523504331079365,0.1488605844746566,3
82.0,37.0,True,0.4100592987800251,0.1937323565267066,0.8019281399969868,0.0834060101668583,3.2290886056099515,3
82.0,38.0,True,0.2600951141912616,0.110128744134864,0.4951640904639888,-0.1274803088521657,-1.8431396329067635,1
82.0,39.0,True,0.2612807138737461,0.178089459393936,0.6879469732925395,0.6903724911127928,-1.9581455707481896,3
82.0,40.0,True,0.2351293805704949,0.1769532306780138,0.5128494991201671,-0.06937265567092,-2.652480428392974,1
82.0,41.0,True,0.3208484627275361,0.0964374367619391,0.5630692963897346,0.5414058270651252,-0.034036832337484,1
82.0,42.0,True,0.3505562444525251,0.1383480395746194,0.5369126820390389,-0.8304095511663476,0.931619990426424,3
82.0,43.0,True,0.1822482152110685,0.1439920703669855,0.4812037241425633,0.5401571698135459,-4.273254142832199,1
82.0,44.0,True,0.1954620007485774,0.1252253245051819,0.4592208936973791,0.4432718108046267,-3.935033293633155,1
82.0,45.0,True,0.3926721925819541,0.2322499768968209,0.8832083608497233,0.5074611001723236,2.653414742566513,3
82.0,46.0,True,0.2236123173701538,0.145175325623187,0.5329278319348906,0.1910389440860517,-2.903604807584576,1
82.0,47.0,True,0.2177844870205661,0.1407933763101603,0.5179016941797976,0.3212442624034392,-3.214789742378276,1
82.0,48.0,True,0.2253044928649167,0.1538075175151768,0.548464199943378,0.3524898628927203,-2.9429175800612493,1
82.0,49.0,True,0.2250868184639236,0.1298458785102675,0.5113977602780154,0.4351368168538201,-3.1014225358992276,1
82.0,50.0,True,0.2019309306402791,0.1160302069682845,0.409716064551758,-0.0555061745943127,-3.5953548593560973,1
82.0,51.0,True,0.2133458047729669,0.278528913509777,0.982297202250516,1.6548352772154138,-2.948845576574496,3
82.0,52.0,True,0.1667675901074713,0.0888185934742837,0.3203031034818819,0.1080546736649025,-4.883199127528521,1
82.0,53.0,True,0.1612438035021869,0.1063917992439514,0.3930029890235262,0.3054773262372734,-4.836060547281148,1
82.0,54.0,True,0.1160483950556658,0.0832458529128839,0.2666742575931855,0.2737147254025618,-6.33682742336402,1
82.0,55.0,True,0.2084548946723075,0.1570731487836157,0.4438695815726802,0.1086192580715751,-3.6688627592101897,1
82.0,56.0,True,0.1039213490025439,0.0746124329827439,0.2958326105785265,0.709437405398515,-6.767867974944859,1
82.0,57.0,True,0.3090735041052992,0.2053111197795817,0.7498927898673982,0.6101509764694876,-0.4086747530796364,3
82.0,58.0,True,0.2262479109484123,0.1348897653988789,0.4533483337743066,-0.0279284110911266,-3.037455859147009,1
82.0,59.0,True,0.3190106736742218,0.2070066156793432,0.8387734602195553,0.7052900603925911,0.1188327370696087,3
82.0,60.0,True,0.2351968586350599,0.1243102325554817,0.4619502518850473,0.0793263147427251,-2.41779735980168,1
82.0,61.0,True,0.2085423330998951,0.1194250931436364,0.4638237643260892,0.2008078758702536,-3.6685122308533185,1
82.0,62.0,True,0.2869195506721375,0.1372078111957938,0.549922207847326,0.1418092726286099,-1.1395053232922243,1
82.0,63.0,True,0.2557068091246849,0.1803194507801953,0.8770001899133856,0.9315549053275176,-2.4707467442171938,3
82.0,64.0,True,0.288433565116392,0.1730688055000376,0.8459095548454806,0.8089124494042035,-1.2198282679356396,3
82.0,65.0,True,0.3823299440178403,0.2432096304061136,0.9013079327545814,0.3001262911733133,2.3140958075766527,3
82.0,66.0,True,0.3224117953940125,0.1674705281233728,0.7316621442539658,0.3715741414553613,0.3131612898973623,3
82.0,67.0,True,0.2377160184536662,0.1298002909122892,0.4801937598409144,-0.172205460096421,-2.7371676593798417,1
82.0,68.0,True,0.2495187394959221,0.1366973961441772,0.4750216492014763,-0.3046115996188425,-2.3412676235076746,1
82.0,69.0,True,0.3366482433015155,0.1536638161326605,0.716037975464371,0.7311004846448697,0.4307016637336433,3
82.0,70.0,True,0.2719753968393231,0.2098675513487808,0.6101653623901206,0.0958138701170566,-1.407196454323059,3
82.0,71.0,True,0.2835332252797125,0.1296386673101658,0.4995613337908516,0.140431945236719,-1.24603044324799,1
82.0,72.0,True,0.3784218252418154,0.224979526278054,0.7356612511332108,0.1021039556419278,1.9612176374335508,3
82.0,73.0,True,0.3737421296211198,0.1580781351079616,0.6943936842038111,-0.3590882756058501,1.699249567843776,3
82.0,74.0,True,0.3546795923708359,0.153913820253594,0.7290553060030524,0.1061002928367693,0.9944763804915844,3
82.0,75.0,True,0.3006076097270232,0.1520365627246263,0.5541008941729924,-0.0743577165843907,-0.4748574112289841,1
82.0,76.0,True,0.4357687603383602,0.1989824011276886,0.8080039036867538,-0.288783389433884,3.96109958263,3
82.0,77.0,True,0.3622041728014573,0.1828673574389006,0.8946578122614443,0.6455660347274791,1.15618622955075,3
82.0,78.0,True,0.4466041995337054,0.2022392254071185,0.7993458656129306,-0.2520307497379154,4.056279783043071,3
82.0,79.0,True,0.4324567512162466,0.2600482993438464,1.2230484452296528,1.0098663879418002,3.3646921865820425,2
82.0,80.0,True,0.2787048475871093,0.1493386441923052,0.5379877394766316,0.1135804256752931,-1.3397832018358085,1
82.0,81.0,True,0.3331687912685102,0.1836983087083997,0.6535993399344743,0.1542227307870785,0.7007823018129946,3
82.0,82.0,True,0.3381926100991558,0.1932881782939299,0.6887709277390014,0.4303772281701699,0.8911078514795824,3
82.0,83.0,True,0.2630142612988799,0.1186647065822766,0.5176462152420492,-0.2534424080037438,-1.6670096917997828,1
82.0,84.0,True,0.313488837166787,0.1779576954200737,0.6808741806207803,0.3463417301574202,-0.1204939676439826,3
82.0,85.0,True,0.2408469258623403,0.1493952836117065,0.5066991399435024,0.2412810890545966,-2.4862578125778825,1
82.0,86.0,True,0.3676907344894709,0.2814538777037419,0.9123389075625502,0.6214903606689934,1.4420522633303738,3
82.0,87.0,True,0.3857114985173498,0.2357854046490667,1.0707306475558651,0.938603726287431,1.3042933973625517,3
82.0,88.0,True,0.3022695264340438,0.2052742394414326,0.7617539470465443,0.9753043419347328,-0.792143520831546,3
82.0,89.0,True,0.1046674914081382,0.1274742733801595,0.4054688384631086,1.2943035052108387,-6.891562804033394,1
82.0,90.0,False,,,,,,0
82.0,91.0,False,,,,,,0
82.0,92.0,False,,,,,,0
82.0,93.0,False,,,,,,0
82.0,94.0,False,,,,,,0
82.0,95.0,False,,,,,,0
82.0,96.0,False,,,,,,0
82.0,97.0,False,,,,,,0
82.0,98.0,False,,,,,,0
82.0,99.0,False,,,,,,0
82.0,100.0,False,,,,,,0
83.0,1.0,False,,,,,,0
83.0,2.0,False,,,,,,0
83.0,3.0,False,,,,,,0
83.0,4.0,False,,,,,,0
83.0,5.0,False,,,,,,0
83.0,6.0,False,,,,,,0
83.0,7.0,False,,,,,,0
83.0,8.0,False,,,,,,0
83.0,9.0,False,,,,,,0
83.0,10.0,False,,,,,,0
83.0,11.0,False,,,,,,0
83.0,12.0,False,,,,,,0
83.0,13.0,False,,,,,,0
83.0,14.0,True,0.2203954416538998,0.1385348777710497,0.4650776711105819,0.2848561291681721,-3.133194689818937,1
83.0,15.0,True,0.2826367009326544,0.2073940535664852,0.7319462101258863,0.3616267241540358,-1.096902789428923,3
83.0,16.0,True,0.2973396864916021,0.1868896898013234,0.7662171101438362,0.717718536291238,-0.5412295012792093,3
83.0,17.0,True,0.3001681025215096,0.1957794353612211,0.8927195704956651,1.1938042372242916,-0.7801175223845137,3
83.0,18.0,True,0.5279734949763563,0.2825582081574829,1.1161558827952036,0.1226220432623124,6.5077457596502555,2
83.0,19.0,True,0.4185050038917224,0.1559262820218422,0.8345409286122223,0.7893939331731773,3.033800744340967,3
83.0,20.0,True,0.4207315794408871,0.2484709376850837,0.9193594116738532,0.5482522793291145,3.099490729752176,3
83.0,21.0,True,0.4724952541985275,0.232327597391105,1.098477079274876,0.9039385963694117,4.809067824716432,2
83.0,22.0,True,0.3982515586818931,0.1656991961627392,0.6720904094518492,-0.2816514236196281,2.4313810042022523,3
83.0,23.0,True,0.390790284863369,0.1966198788520094,0.8292098208436893,0.5363730499818903,1.5592896168857489,3
83.0,24.0,True,0.3394481067417924,0.1457340238729419,0.6748723407522529,0.1980424623821398,0.3626811029816355,3
83.0,25.0,True,0.3715574880740771,0.1967036404006329,0.8104608643574934,0.4387138908023628,1.2992904830917058,3
83.0,26.0,True,0.4296021417048425,0.2323803324116955,0.968095966414066,0.443006479425797,3.254070182222525,3
83.0,27.0,True,0.4370602535766296,0.1563412609992893,0.767361939634502,0.2288196208953669,3.833247118679621,3
83.0,28.0,True,0.3913616727716236,0.2090358135249328,1.1914610475360907,1.526036777607136,1.9008199480000636,3
83.0,29.0,True,0.3380247471713983,0.1477993761300949,0.6358447606131594,0.265507506961686,0.8020368409023825,3
83.0,30.0,True,0.4372852009319768,0.1623649269700576,0.823561873938138,0.5370907787019792,3.389852549379889,3
83.0,31.0,True,0.2894996862028815,0.2022439230367351,0.8072884922393754,0.8294112196021811,-1.0908253772087442,3
83.0,32.0,True,0.381945635319767,0.1490918024058128,0.7019806379678606,-0.1295837637352139,2.1353029911215287,3
83.0,33.0,True,0.2867459510528736,0.1658203388069424,0.6162796031682698,0.1755449536615744,-0.7639361881844932,3
83.0,34.0,True,0.250394435412383,0.1003574016683612,0.4865609450720194,0.1512698237907701,-2.1043344308947245,1
83.0,35.0,True,0.2775842516638349,0.2047882761593659,0.7715186512670168,0.7038344186103176,-1.0687735395027484,3
83.0,36.0,True,0.2284061103929796,0.1520696615244199,0.488673783358408,0.0379145346289766,-2.7845551098968353,1
83.0,37.0,True,0.3153728722582806,0.2077485593635718,0.854321154445334,1.0315123118534606,-0.0409273827603642,3
83.0,38.0,True,0.3959809568546166,0.1097444083954478,0.6713872795282054,0.2115062960614204,2.160707515195078,3
83.0,39.0,True,0.2282602660969292,0.1550846540772447,0.5247334165109742,0.114242614158237,-2.6135097609215308,1
83.0,40.0,True,0.3386916665328523,0.1496488888766975,0.6417816276024352,0.1037362370828825,0.463046818314589,3
83.0,41.0,True,0.3191873385092237,0.2408606199298905,1.0985397563945594,1.1369286925134856,-0.8712249496474849,3
83.0,42.0,True,0.3235847766307926,0.2492264938414947,0.9736243778228372,1.0886741535821205,-0.2939747728731286,3
83.0,43.0,True,0.2023715136047736,0.083673666344711,0.4120415550194495,-0.0870459056036355,-3.709020226622332,1
83.0,44.0,True,0.2390657201570615,0.1300777777302713,0.6082192840447788,0.3934854744660141,-2.655439399387321,1
83.0,45.0,True,0.2643891613205933,0.1935088761218181,0.7402097630497374,0.8358063839463424,-1.5725798588078015,3
83.0,46.0,True,0.1380959930705994,0.1050503854935529,0.377120177810554,0.7020024692136997,-5.684407991002668,1
83.0,47.0,True,0.2462485819630839,0.1304719653174812,0.516302460646197,0.3318573026027966,-2.2649879963163477,1
83.0,48.0,True,0.2082489940411432,0.1024101187289126,0.5155968098859322,0.328770064675829,-3.614298542131718,1
83.0,49.0,True,0.2138070501856758,0.1391922224919849,0.5412610874803149,0.4455006553430481,-3.553016741559966,1
83.0,50.0,True,0.2894754603767843,0.1504656432997217,0.5894516675219524,0.3384734033758817,-1.2341476772601945,1
83.0,51.0,True,0.2413529061034477,0.0871127208533689,0.4598578861413545,0.4153902465712966,-2.388114899962672,1
83.0,52.0,True,0.1761124836896349,0.1268717465674874,0.453466388509928,0.6619604293182441,-4.470118429978336,1
83.0,53.0,True,0.225121087325397,0.165122736963993,0.6258406489349871,0.8062195333304412,-2.69069409860576,1
83.0,54.0,True,0.1664141231988919,0.128052997923199,0.4369245330813694,0.7551101356594577,-4.640109927516781,1
83.0,55.0,True,0.2025356003108926,0.1025429616896303,0.3758287124898026,-0.0031140368503708,-3.908467112321372,1
83.0,56.0,True,0.2622708852368509,0.1516100023384781,0.5911231956929014,0.2523432883950867,-1.7790124526823128,1
83.0,57.0,True,0.3121068780573174,0.1251321279935286,0.5535949377829219,-0.1204974953670934,-0.4390227614294761,1
83.0,58.0,True,0.2856382695976184,0.1547626373722107,0.5891685073977792,0.3828821512071927,-1.05914857460749,1
83.0,59.0,True,0.1987772765488421,0.1509038812486709,0.7024811179638313,1.4517063102906362,-4.099660804264475,1
83.0,60.0,True,0.1635574993224808,0.124937808853519,0.5350720904286642,1.1801146622247711,-5.258216713295238,1
83.0,61.0,True,0.1453106852087709,0.1572092943670557,0.5846874312231658,1.415088898658073,-5.2372325235217865,1
83.0,62.0,True,0.1962413898847021,0.1788350165041794,0.662805524239477,1.262637568390611,-3.894497948346662,1
83.0,63.0,True,0.3021612708197608,0.1399870773295863,0.6291279043117154,0.558790903597307,-0.5297145419788453,3
83.0,64.0,True,0.2010679019353612,0.119669227231973,0.6052098194204629,0.7777324461562883,-3.864380113598087,1
83.0,65.0,True,0.2997504820747926,0.1825584955995737,0.8183298978248031,0.4356490999242364,-0.754917943111955,3
83.0,66.0,True,0.2145410256143608,0.1799840056078389,0.698119264010922,1.226192672837011,-3.431442864758734,1
83.0,67.0,True,0.2638692240193124,0.1782624336179022,0.8644864064525039,1.3442050302818078,-2.1492306011538824,3
83.0,68.0,True,0.3429572648417868,0.163740011047159,0.6118375792430202,0.0822720360054319,0.7842330563213671,3
83.0,69.0,True,0.2912127497056795,0.1772765098479958,0.5957507247871869,0.3398196345775444,-0.9286165855363172,3
83.0,70.0,True,0.3232610901037506,0.1436957760187374,0.6637129173902179,0.452818423938583,-0.2317293573092357,3
83.0,71.0,True,0.2338207923877633,0.1541688844067672,0.544840566458111,0.3722749016804043,-2.9895131017742975,1
83.0,72.0,True,0.3073976146707804,0.1755858207128598,0.7242739792088526,0.4083328982290109,-0.6907544109999374,3
83.0,73.0,True,0.421360831434928,0.146808224178368,0.7129014475001475,0.379116069134044,2.788813795953776,3
83.0,74.0,True,0.4770333200774453,0.2824492291303508,1.3531315104888826,0.679092239362945,4.169539396913992,2
83.0,75.0,True,0.4044623958588808,0.1661819927692197,0.7578629966399414,-0.0896508333607364,2.6667358287658205,3
83.0,76.0,True,0.4131091234183891,0.318728506259135,1.1554154350584964,0.8616477344469462,2.333763259035719,2
83.0,77.0,True,0.396278475788279,0.2546445105398752,0.8874289669312654,0.684914762492201,2.3841107653616236,3
83.0,78.0,True,0.4007334134116647,0.129343132648896,0.7421458450598505,0.5468321885901047,2.428226576996218,3
83.0,79.0,True,0.3642878272180272,0.2653197081961013,0.9510628209936834,0.730996242369216,0.9314204330489289,3
83.0,80.0,True,0.1650037204505758,0.1200553209792136,0.4064544272753211,0.2553482498098145,-5.024204376567984,1
83.0,81.0,True,0.2154750938863175,0.1721555880318017,0.6633781211341404,1.1710645134730329,-3.2161267509067804,1
83.0,82.0,True,0.3343379952439639,0.3496118058179729,1.2983878288695376,1.504149197394072,0.3995199852334531,2
83.0,83.0,True,0.2392591081398669,0.1607541701220884,0.6293000322143222,0.5399910742503076,-2.485305712553051,1
83.0,84.0,True,0.2399001222828125,0.1746343271506411,0.6035181134457525,0.4859565907606913,-2.308184860068411,1
83.0,85.0,True,0.3329638257329811,0.1811991036988574,0.6284526158107978,-0.2199835565433978,0.2993549649383009,3
83.0,86.0,True,0.3770876044467878,0.2095826199314615,1.0326506985109276,1.2177515029352677,1.1917985035010747,3
83.0,87.0,True,0.4479013377767023,0.2660094893077578,1.0468441453319544,0.3289262021475081,3.5990174823258148,2
83.0,88.0,True,0.1557451121125901,0.1457877176892516,0.5479813119027517,1.1968470008689809,-5.236144111850949,1
83.0,89.0,False,,,,,,0
83.0,90.0,False,,,,,,0
83.0,91.0,False,,,,,,0
83.0,92.0,False,,,,,,0
83.0,93.0,False,,,,,,0
83.0,94.0,False,,,,,,0
83.0,95.0,False,,,,,,0
83.0,96.0,False,,,,,,0
83.0,97.0,False,,,,,,0
83.0,98.0,False,,,,,,0
83.0,99.0,False,,,,,,0
83.0,100.0,False,,,,,,0
84.0,1.0,False,,,,,,0
84.0,2.0,False,,,,,,0
84.0,3.0,False,,,,,,0
84.0,4.0,False,,,,,,0
84.0,5.0,False,,,,,,0
84.0,6.0,False,,,,,,0
84.0,7.0,False,,,,,,0
84.0,8.0,False,,,,,,0
84.0,9.0,False,,,,,,0
84.0,10.0,False,,,,,,0
84.0,11.0,False,,,,,,0
84.0,12.0,False,,,,,,0
84.0,13.0,False,,,,,,0
84.0,14.0,True,0.0113202847623194,0.022572799456626,0.0777819647012165,2.0123551078208832,-9.563321242645507,1
84.0,15.0,True,0.2766427607080958,0.2438550112797283,0.8167152169072562,0.7207043934019978,-1.778161481173898,3
84.0,16.0,True,0.2849276098078024,0.141120770324868,0.5410151914647099,-0.4052211920624101,-0.987158884282314,1
84.0,17.0,True,0.3331680293454221,0.2336052796965148,0.8917983784689185,0.9906222121015652,0.33294510487139,3
84.0,18.0,True,0.4166434268897194,0.2447589199854324,1.270841548413635,1.0105552764462091,2.6981259973663585,2
84.0,19.0,True,0.2629831075853389,0.1353353742913049,0.5882424661127295,0.4681523108488653,-1.8410572327403256,1
84.0,20.0,True,0.3279674040391893,0.1710669297756404,0.6229483693556074,0.1967031905143167,0.3054713047501869,3
84.0,21.0,True,0.2738195865116343,0.1862602809350839,0.7052925771613825,1.0042709405561194,-1.3215465644961193,3
84.0,22.0,True,0.2855056028606029,0.1289426024581481,0.5336751890933881,0.0823479543159795,-1.203210548378158,1
84.0,23.0,True,0.3338259177044096,0.1608273994407806,0.6058723025025077,-0.0882992053157672,0.294502948139563,3
84.0,24.0,True,0.4523020723196876,0.2398276052068973,0.8855360467418639,0.4403825701581403,4.117736787995231,3
84.0,25.0,True,0.4016646130264688,0.2035760211676635,0.6767345534342228,-0.8026175398395107,2.602222936159696,3
84.0,26.0,True,0.470695581437606,0.3192406049560907,1.115606194657897,0.5866218776450263,4.348850228129839,2
84.0,27.0,True,0.6697816525496458,0.2176268744514199,1.0754823922588328,-0.1917874286045151,10.851302869092295,2
84.0,28.0,True,0.4811329517848005,0.1897425249379724,0.7878268605926615,-0.3831470096453393,5.1996777829703005,3
84.0,29.0,True,0.3843774255496556,0.1214581835912538,0.6399165269178309,0.1570952075657721,1.7424565155233396,3
84.0,30.0,True,0.4919916686200876,0.2631708608464618,1.094636553341811,0.5717919087331245,5.337743361714721,2
84.0,31.0,True,0.5627249297931057,0.4055761950074853,1.2244950226090994,0.1737502675599328,7.81537445479274,2
84.0,32.0,True,0.3769980244634391,0.1927547041169975,0.6779728456768855,-0.4218009399200944,1.8595459233864544,3
84.0,33.0,True,0.3425823933552094,0.1865634981524486,0.7090301939275593,0.2098727289059263,0.8714408124569124,3
84.0,34.0,True,0.226804482279612,0.0611713015356232,0.3527673249867143,-0.4185361240437112,-2.946765555911772,1
84.0,35.0,True,0.3108434731831189,0.1619793981344957,0.6852181029522344,0.3327537990729159,-0.5718967285919567,3
84.0,36.0,True,0.3288362130709189,0.2472440899518502,0.92804146207528,0.762642465187264,0.2411335198890786,3
84.0,37.0,True,0.3224486125852984,0.1627703626447156,0.7892684726652663,0.7514322151796722,-0.4381332681558701,3
84.0,38.0,True,0.3316005000373139,0.1753677188165669,0.6925853393599725,0.0372279732476373,0.6970916214097232,3
84.0,39.0,True,0.3872669917298317,0.1543433923406113,0.714916857352184,0.416114106372696,1.8058606496042655,3
84.0,40.0,True,0.2319070367311146,0.1558502753774742,0.5587478160306937,0.212155277222761,-2.685349644453388,1
84.0,41.0,True,0.3076405588626933,0.1957847351311255,0.6307587425291425,-0.3206550408495467,-0.3868555222035789,3
84.0,42.0,True,0.238287084113705,0.091474972469604,0.4634289653549719,0.7431247400043265,-2.585661786971606,1
84.0,43.0,True,0.27807301512431,0.2034991405068411,0.6667998910282402,0.6593443659559205,-1.174136488354803,3
84.0,44.0,True,0.2077353060125331,0.1998552464343039,0.7462856808801698,1.4314662803000702,-3.7329136507250618,3
84.0,45.0,True,0.2338436300626029,0.2011394216674938,0.7793009503815365,1.5640307699739104,-2.4507434670469745,3
84.0,46.0,True,0.2383545246071045,0.1264438932485151,0.5396070209070136,0.345566599294336,-2.5217142417383274,1
84.0,47.0,True,0.1776263788118671,0.1220361550293061,0.4188477245513414,0.3920733107105316,-4.452623930361159,1
84.0,48.0,True,0.2213277353398818,0.1605057721919767,0.6043143172448794,0.6033806275870434,-3.1992693612856167,1
84.0,49.0,True,0.305031877774716,0.1963154714349644,0.868313333886986,0.5054397597308644,-0.5924290955735126,3
84.0,50.0,True,0.183311221032437,0.1003969610034689,0.4324054996663501,0.667144284805915,-4.262262867081114,1
84.0,51.0,True,0.1545155204677403,0.0638492653660355,0.2667213874514816,-0.3093771985659983,-5.187167008067321,1
84.0,52.0,True,0.2067932627972778,0.1834400580612027,0.8266681630985798,1.0816442138164657,-3.780145054860312,3
84.0,53.0,True,0.2288428102658168,0.159065965986196,0.5274789115754148,-0.0005977617798011,-3.049856125277346,1
84.0,54.0,True,0.203562239395058,0.1707695616546273,0.5422049031133288,0.6086855616032634,-3.927790616776885,1
84.0,55.0,True,0.2694300760157173,0.1476124785873997,0.5291651738052364,-0.0428468859156274,-1.6806709217924571,1
84.0,56.0,True,0.1766046692185729,0.1679006226608162,0.6126663453141197,1.0532646941126265,-4.314580304519049,1
84.0,57.0,True,0.3177070979335287,0.1316239740484847,0.5642123609209332,0.1092665890781013,-0.2939474850105958,1
84.0,58.0,True,0.1917114719001179,0.1266380918478441,0.4407002508515595,0.1021242974811597,-3.8299368816683046,1
84.0,59.0,True,0.2224677882100222,0.1515102112378546,0.6145419154240269,1.1230804450129568,-3.032885065138046,1
84.0,60.0,True,0.1868302764065025,0.1391732766304805,0.6813359136678485,1.4786049217011037,-4.4153978857611955,1
84.0,61.0,True,0.1947551636627059,0.1188443495308191,0.6282666819786153,1.5770112107908236,-4.120433053763342,1
84.0,62.0,True,0.1666936246152071,0.1268590980618423,0.4279278104006695,0.7358988633602779,-4.809748384484329,1
84.0,63.0,True,0.394426382599381,0.1588618918812818,0.6591489534742216,-0.3030584457458015,1.995254113598973,3
84.0,64.0,True,0.3002552767405871,0.1681855282782784,0.6266307398632666,0.1063063833159112,-0.5942660892789741,3
84.0,65.0,True,0.3446613667226111,0.1504894995646954,0.6588046492950265,0.0945060673060128,0.4890314481261166,3
84.0,66.0,True,0.3354312680952239,0.2299596323640289,0.7830222484332705,0.1869678013439367,0.1838764417415097,3
84.0,67.0,True,0.3451718150493202,0.1584314811033615,0.7896035877590375,0.8474506548972257,0.5584353289038986,3
84.0,68.0,True,0.3810816764427382,0.139359927089403,0.7182766210879373,0.1385353759885069,1.562414224922713,3
84.0,69.0,True,0.3072998688863326,0.1663413231004973,0.5706288456830563,-0.0862490970248237,-0.2208542273691874,3
84.0,70.0,True,0.3715232363924775,0.2032566191748705,0.7350915145573306,0.0963212153909178,1.4692504819162129,3
84.0,71.0,True,0.3345536198000775,0.1991800859018178,0.6909501643685341,0.1906009724019708,0.7113397888904335,3
84.0,72.0,True,0.2477246620206066,0.1268257416219642,0.5979137739134164,0.8346533370029533,-2.330827888724323,1
84.0,73.0,True,0.3680540225680331,0.1264917416111844,0.7226280544015427,0.4413793708041221,1.1143944644159351,3
84.0,74.0,True,0.4473946464059022,0.1868716982082809,0.719799417554912,-0.4411661244254395,4.159589767851222,3
84.0,75.0,True,0.3623927594468871,0.1835396314335086,0.7186215347380389,0.1354715087194964,1.3551998053966507,3
84.0,76.0,True,0.4122197571787941,0.2095235843683925,0.8897297833266186,0.0448623730470764,2.700926716506929,3
84.0,77.0,True,0.4667642577849429,0.2061730887551566,0.782481255471669,-0.0117620372277307,4.342374737620403,3
84.0,78.0,True,0.4824926700836958,0.1555912972813335,0.7520374893689977,-0.5580900042950627,5.182258126346693,3
84.0,79.0,True,0.409692729972976,0.3083068324754014,0.9256876759286534,0.2358195795473607,2.875014269477222,2
84.0,80.0,True,0.3431624568200198,0.1523162674604353,0.6726127672382064,0.6885819297215607,0.6129587800526364,3
84.0,81.0,True,0.364411409498604,0.2544912399802568,0.9081928588897116,0.3925797257989101,1.521400048445702,3
84.0,82.0,True,0.3375697498458358,0.1381348923954918,0.6434094097636895,-0.3047780855799148,0.6678392187212006,3
84.0,83.0,True,0.2425791377913004,0.1279471692425898,0.5458839008465464,0.443915271654703,-2.4686713676633216,1
84.0,84.0,True,0.2311040377953647,0.1510727761742325,0.8192771828682538,1.864668945477868,-3.085776488434811,1
84.0,85.0,True,0.2884874838331475,0.1698492496214878,0.6264500213852414,0.0557170650703411,-1.20224378927928,3
84.0,86.0,True,0.3028247714756506,0.2467449894624248,0.823593444422201,0.6184478650074093,-0.6881345482938711,3
84.0,87.0,True,0.2001864058600165,0.160262404052141,0.659511557860631,0.5745631864638757,-4.0387369455846285,1
84.0,88.0,False,,,,,,0
84.0,89.0,False,,,,,,0
84.0,90.0,False,,,,,,0
84.0,91.0,False,,,,,,0
84.0,92.0,False,,,,,,0
84.0,93.0,False,,,,,,0
84.0,94.0,False,,,,,,0
84.0,95.0,False,,,,,,0
84.0,96.0,False,,,,,,0
84.0,97.0,False,,,,,,0
84.0,98.0,False,,,,,,0
84.0,99.0,False,,,,,,0
84.0,100.0,False,,,,,,0
85.0,1.0,False,,,,,,0
85.0,2.0,False,,,,,,0
85.0,3.0,False,,,,,,0
85.0,4.0,False,,,,,,0
85.0,5.0,False,,,,,,0
85.0,6.0,False,,,,,,0
85.0,7.0,False,,,,,,0
85.0,8.0,False,,,,,,0
85.0,9.0,False,,,,,,0
85.0,10.0,False,,,,,,0
85.0,11.0,False,,,,,,0
85.0,12.0,False,,,,,,0
85.0,13.0,False,,,,,,0
85.0,14.0,False,,,,,,0
85.0,15.0,True,0.0659875872602078,0.0659686834442459,0.234089265392749,0.989401467357034,-7.780689160045177,1
85.0,16.0,True,0.2620883843855117,0.1393280694042931,0.6314116598998641,0.6767572753674608,-2.013062038927245,1
85.0,17.0,True,0.3563936974811837,0.1826125435346083,0.7476402473785476,0.5527210479383079,1.3564835897723184,3
85.0,18.0,True,0.4352700925752831,0.1562580994055663,0.700829124087991,-0.4219445885686906,3.5043417520158595,3
85.0,19.0,True,0.368921614092916,0.2270714849329716,0.8916345041559235,0.7307485998029315,1.6988521694468417,3
85.0,20.0,True,0.3128202293305633,0.1777522467779572,0.6354503255389026,-0.138726325736219,-0.4619771553352285,3
85.0,21.0,True,0.2481943097418003,0.2313627915038473,1.0070872924407253,1.3722749505691538,-2.465493024194397,3
85.0,22.0,True,0.3697304194935304,0.138794976171989,0.6104470760919549,-0.5076504598341469,1.6970477712470835,3
85.0,23.0,True,0.4947891537413738,0.2027579906452232,0.8412586844814133,-0.1110540635567934,5.580207900735207,3
85.0,24.0,True,0.528475813143309,0.2456019392357344,1.0476815994263755,0.4046977831008395,6.439950256506138,2
85.0,25.0,True,0.3956791079200869,0.2377782918699901,0.9213262666492632,0.8365287695022324,2.1983505848418465,3
85.0,26.0,True,0.6277196348733491,0.2565397644141249,1.286534861421344,0.5241985268691807,8.924144565105012,2
85.0,27.0,True,0.4986368204377904,0.1997062702421874,0.7926374485178759,-0.569670989067524,5.502103598792865,3
85.0,28.0,True,0.5959163908450422,0.286822642996964,1.228905794443973,-0.0217828918001601,8.16045226073226,2
85.0,29.0,True,0.4265339113705034,0.1009489382393279,0.6562327315854188,0.2187540196954399,3.136896815893177,3
85.0,30.0,True,0.3333301788499464,0.177092457179768,0.8517949107564327,1.1147298978850009,-0.0249928324660786,3
85.0,31.0,True,0.4926742419545528,0.1998498386329144,0.8929453443713894,-0.022768036440544,5.10350173857669,3
85.0,32.0,True,0.4131569757850307,0.2269612850167169,0.8761588080739358,0.1094398296810669,3.1369502275405186,3
85.0,33.0,True,0.3183828707629133,0.2535904850510149,0.8735607052616193,0.8997112918732401,-0.1942186253672767,3
85.0,34.0,True,0.2562857406258952,0.1518987078454952,0.5867763480073934,0.5034920795978295,-2.010401851478359,1
85.0,35.0,True,0.3933897352906229,0.2892371522158156,1.080402640925536,0.7685721369142207,2.7187559727954813,2
85.0,36.0,True,0.4283569140614636,0.1606744292979828,0.717285927879203,-0.0694665458950801,3.281868070088315,3
85.0,37.0,True,0.3655788757534136,0.2361546188325208,0.920446449277908,0.5033762711134905,1.1951609922390325,3
85.0,38.0,True,0.470921395028104,0.2252914722115367,0.9065800614641468,0.1873382557468307,4.199984954607893,3
85.0,39.0,True,0.3587295196681002,0.2094875831834021,0.7484526882752769,0.0903253658320509,0.9528218994242664,3
85.0,40.0,True,0.2272191819534236,0.1215667970880937,0.4204328208548054,-0.2871510827934669,-2.7191670251328377,1
85.0,41.0,True,0.3013325811875977,0.1241930289628866,0.5270115005218043,0.0222360592206198,-0.5876525344926482,1
85.0,42.0,True,0.3630003695229445,0.249121277748046,0.8884257526303064,0.4687504605420721,1.043614420702857,3
85.0,43.0,True,0.174233494462146,0.1087815859091728,0.4584574785656251,0.7532394026522773,-4.588125856355007,1
85.0,44.0,True,0.292670986442166,0.1665770796425132,0.6029758384188053,0.2200208938420845,-1.012876548077489,3
85.0,45.0,True,0.2387196353689612,0.1274614394399574,0.4583946739966233,-0.1613944368002586,-2.5688126972138474,1
85.0,46.0,True,0.1798594772515649,0.1440062856705024,0.6594808571157549,1.0164953550612077,-4.6843243181728385,1
85.0,47.0,True,0.2580325858161258,0.2439144215632375,1.1438965940546697,1.6652032674876642,-2.38587496238294,3
85.0,48.0,True,0.2320393927190665,0.1927980366633688,0.7451353073569649,1.0526806602365313,-2.386053023484938,3
85.0,49.0,True,0.2524867395787348,0.1925578345579528,0.9680817255727134,1.470954784488442,-2.336443139986045,3
85.0,50.0,True,0.1709868415338892,0.1383065845166705,0.535631549230769,1.4539854715439369,-4.879825368340101,1
85.0,51.0,True,0.1887221973511028,0.1065198230203095,0.4158910785347574,0.0053406978143547,-3.894406577413602,1
85.0,52.0,True,0.2591707200701302,0.2048985133940121,0.6582962879517574,0.2488877998634946,-1.7667570672102295,3
85.0,53.0,True,0.2091135017729338,0.1733641552818225,0.6324039679869451,0.7003400807759025,-3.70400330407287,1
85.0,54.0,True,0.3201328645423027,0.2215665293052743,0.7968203532728617,0.513304771500601,-0.2785600095227595,3
85.0,55.0,True,0.1713631344855775,0.1518399740364695,0.4827979209177195,0.630166491906778,-4.4607965721436615,1
85.0,56.0,True,0.1254847364611891,0.108456199252783,0.3267049559454175,0.3527349204291028,-6.06812116878491,1
85.0,57.0,True,0.2492043393189145,0.1761723622841974,0.6320332297815511,0.4384469276887056,-2.084125621464484,1
85.0,58.0,True,0.1816338424687048,0.1378250077380752,0.5158163321480336,0.5584778795463189,-4.296787497885261,1
85.0,59.0,True,0.2282632139382475,0.1530771046773141,0.5045271803440612,0.1907740450628293,-2.729968209035129,1
85.0,60.0,True,0.3198890783107135,0.1717310337618966,0.7324566966994718,0.5387151769283249,0.0261744316459502,3
85.0,61.0,True,0.2422530703525743,0.17075214078479,0.6269600499384756,0.8143395527858891,-2.5639365224808577,1
85.0,62.0,True,0.2007518122129597,0.1172408754712459,0.4984951728008546,0.8132654538142265,-3.734146111703699,1
85.0,63.0,True,0.319522105645665,0.1612088504175302,0.5643715139073907,-0.2797508292243464,-0.0329995564928534,3
85.0,64.0,True,0.3072405661858985,0.2039860162836057,0.9398172778064596,0.8196542615764857,-0.6473340401271027,3
85.0,65.0,True,0.3505189238055293,0.1462288940560159,0.6241296871532825,-0.2547734119750215,0.8122022654633932,3
85.0,66.0,True,0.3156012606959569,0.1796589679451923,0.5756462165471294,-0.2852222065224427,-0.2632967637472671,3
85.0,67.0,True,0.3674545201422207,0.2033628327825896,0.8130938400437845,0.6434794236601418,1.190321842337221,3
85.0,68.0,True,0.3435589273312974,0.1762699872631556,0.7746106357118112,0.2448861263092693,0.3552410495286664,3
85.0,69.0,True,0.2756087941527427,0.1305918967230969,0.505538627059581,-0.1650523761699712,-1.2638611752600868,1
85.0,70.0,True,0.311799948839945,0.1463995533555988,0.6469589538444777,0.4496828300016558,-0.2771773559179752,3
85.0,71.0,True,0.3579679904812482,0.2438171060958005,0.9320548637631836,0.7918929632705347,1.4194707318762658,3
85.0,72.0,True,0.3235552567595512,0.1882091930481218,0.6007268927926533,-0.20186852881674,0.1528658383025918,3
85.0,73.0,True,0.3159815662207404,0.2109569098215173,0.867817892888854,1.1635360815286149,-0.2828682306230952,3
85.0,74.0,True,0.3814267816750757,0.2256570804454238,0.7955817299070606,0.1086714335582845,1.9323990822481856,3
85.0,75.0,True,0.4143847507584649,0.2927425118256409,1.0239536444519728,0.3041441575852393,2.905798768909893,2
85.0,76.0,True,0.3483953185645222,0.2089336344810636,1.1421976185701517,1.321275897088814,0.3463525242340334,3
85.0,77.0,True,0.5493302064026893,0.197428151019447,0.9244619231937232,-0.360906622806278,6.925849314693201,2
85.0,78.0,True,0.4248224609487569,0.2387704318212898,1.1501724132366034,0.7101316895185528,2.9169991880132176,2
85.0,79.0,True,0.5223566339554621,0.3319220267567296,1.4394649999329316,1.1917866600269027,6.698017660957867,2
85.0,80.0,True,0.3916470404595882,0.1874966055241571,0.7452600345508323,-0.1437326964513584,2.035353715925944,3
85.0,81.0,True,0.3861287278834976,0.2148648796482244,0.8095383102896649,-0.1363557816086094,2.3860204571704067,3
85.0,82.0,True,0.2961990281167063,0.1351990110778644,0.6489472831462335,0.0917705377541018,-0.8638991401559802,1
85.0,83.0,True,0.2654485181297997,0.2618714582858441,0.9455355185513724,1.2394503708506497,-1.8720595602880363,3
85.0,84.0,True,0.3638587638331751,0.1965164206665632,0.826519171411663,0.8381008576632727,1.1329759903466243,3
85.0,85.0,True,0.3834010895050787,0.181582326661973,1.0656284841970942,1.198132703846506,1.6111753522564114,3
85.0,86.0,True,0.0758384410222001,0.0682494328325052,0.2268985224822015,0.851251729011091,-7.503207861884446,1
85.0,87.0,False,,,,,,0
85.0,88.0,False,,,,,,0
85.0,89.0,False,,,,,,0
85.0,90.0,False,,,,,,0
85.0,91.0,False,,,,,,0
85.0,92.0,False,,,,,,0
85.0,93.0,False,,,,,,0
85.0,94.0,False,,,,,,0
85.0,95.0,False,,,,,,0
85.0,96.0,False,,,,,,0
85.0,97.0,False,,,,,,0
85.0,98.0,False,,,,,,0
85.0,99.0,False,,,,,,0
85.0,100.0,False,,,,,,0
86.0,1.0,False,,,,,,0
86.0,2.0,False,,,,,,0
86.0,3.0,False,,,,,,0
86.0,4.0,False,,,,,,0
86.0,5.0,False,,,,,,0
86.0,6.0,False,,,,,,0
86.0,7.0,False,,,,,,0
86.0,8.0,False,,,,,,0
86.0,9.0,False,,,,,,0
86.0,10.0,False,,,,,,0
86.0,11.0,False,,,,,,0
86.0,12.0,False,,,,,,0
86.0,13.0,False,,,,,,0
86.0,14.0,False,,,,,,0
86.0,15.0,False,,,,,,0
86.0,16.0,True,0.0171186223702874,0.0377880832917525,0.1287527900698588,2.049688622143262,-9.36372456046266,1
86.0,17.0,True,0.4001169770815817,0.1418447773967553,0.688026513033927,0.1524814817858529,2.6165532338152104,3
86.0,18.0,True,0.3259717065591491,0.1795430704354848,0.7087760412829085,0.2244038512966243,0.4510951405986662,3
86.0,19.0,True,0.3208017685686288,0.1925293372547609,0.7483639338585001,0.3714497807334078,0.0733486316586088,3
86.0,20.0,True,0.3377105746682894,0.1956903278937964,0.7262807937497224,0.5099571575427161,0.6736971039800022,3
86.0,21.0,True,0.1749698535740143,0.1216043985959422,0.4410289858434436,0.4890012273744791,-4.399830539347575,1
86.0,22.0,True,0.524012335939078,0.3549153001415089,1.3614721425481386,0.451124397726137,5.834076379344207,2
86.0,23.0,True,0.2925138433346578,0.1590728578141332,0.6968076899556869,0.6375493545705307,-0.9837681938739444,3
86.0,24.0,True,0.4122129727540605,0.1354668238527957,0.7757280197756253,0.6186552708877026,2.7730515585100837,3
86.0,25.0,True,0.5294034121779677,0.1571772496107479,0.8857643991041284,0.3203149261038549,6.587536388821147,3
86.0,26.0,True,0.5453198470909325,0.3826171147183645,1.4314112865773765,0.6745530304652759,7.639057651815491,2
86.0,27.0,True,0.547164258813772,0.182274888913294,0.9189538978912092,-0.0224544663672643,6.804880858092141,2
86.0,28.0,True,0.4543638373418479,0.193407833370461,0.8659183723581717,0.2114776158064165,3.7937299633608466,3
86.0,29.0,True,0.4904423375746381,0.2779827143006114,0.962816272261758,-0.1213188324736338,5.143563288058512,2
86.0,30.0,True,0.3801018700970056,0.1341458501332096,0.6337491632864273,-0.0611425631561139,1.6114758177522637,3
86.0,31.0,True,0.5607979740601872,0.2429900436045277,0.9659267859848244,-0.5893390202709368,7.776353461453039,2
86.0,32.0,True,0.4055206007321405,0.216816231873429,0.7386442952038071,-0.0013194612919277,2.7790437163215005,3
86.0,33.0,True,0.3466710633287192,0.1974387617880042,0.7640322287632618,0.0307028307789435,0.8699251486660876,3
86.0,34.0,True,0.3719798255914517,0.180287653918993,0.7845943445803845,0.4749326766839247,1.157807251527113,3
86.0,35.0,True,0.575215269509779,0.1774533055346296,1.043564603264721,0.5104515652908048,7.705755153251507,2
86.0,36.0,True,0.3970827755551589,0.2013880813039008,0.6964084068124784,-0.509354144353961,2.364775254642707,3
86.0,37.0,True,0.4532926947883114,0.1940266129793005,0.8966816597574551,0.7437304548402466,3.7067732521647567,3
86.0,38.0,True,0.4542445308594174,0.1823828703949024,0.796320646151502,0.345179649998927,4.188668895126603,3
86.0,39.0,True,0.3071827736513613,0.1786144517985436,0.7282198216089785,0.4978895318084935,-0.2804083973044389,3
86.0,40.0,True,0.3804636936958541,0.2086515031254353,0.7273233528567178,0.1153595432685852,2.0750948010306045,3
86.0,41.0,True,0.3032171392900751,0.1471803624144617,0.5951858657535586,-0.0255226138287799,-0.6103860612983564,3
86.0,42.0,True,0.2718654272480784,0.1837282320507573,0.778342175433556,1.4933702012445975,-1.626041644976373,3
86.0,43.0,True,0.2467414536591608,0.1441972108526765,0.4835149451805217,-0.1131826209530431,-2.419660392589001,1
86.0,44.0,True,0.2350892256686513,0.1549152353566588,0.6512793462179469,1.0524025379207684,-2.7911416546456467,1
86.0,45.0,True,0.2251846229021484,0.1383002239289416,0.5443909902883112,0.6962054349829866,-3.096334850315655,1
86.0,46.0,True,0.1938402331767295,0.0916792915242721,0.3717032282188857,-0.3805876783959069,-3.883774721961478,1
86.0,47.0,True,0.2059353385948985,0.1229334736454352,0.4600427575080157,0.3752199580452057,-3.607637483977082,1
86.0,48.0,True,0.2597170546950106,0.1844173901890883,0.666154844661815,0.5170242296168369,-2.10153107618309,3
86.0,49.0,True,0.1409129784432173,0.0876383390969341,0.3052507496833051,0.0169984634476662,-5.619098250479564,1
86.0,50.0,True,0.3276493985665617,0.2655231577634171,1.0448420263070657,1.171758635829564,0.2374032844124395,3
86.0,51.0,True,0.1517282523514423,0.0952951876518929,0.354590343145633,0.2900069374407021,-5.259392010584696,1
86.0,52.0,True,0.2006406983420456,0.0984950251070243,0.3837490745171702,0.1538030552924662,-3.7298638700087734,1
86.0,53.0,True,0.1744791736067518,0.1183735799291423,0.4232846061622459,0.1698533411721021,-4.555094152263294,1
86.0,54.0,True,0.3006245544511765,0.2128947835634952,0.7554157621438654,0.7175046018158888,-0.8224191484152322,3
86.0,55.0,True,0.2586904696047392,0.1256077064666051,0.4743333263321405,-0.2938072565211369,-1.7845821085194635,1
86.0,56.0,True,0.2126774474533764,0.1422162335390742,0.5596588849204528,0.3731455550812644,-3.177318959270401,1
86.0,57.0,True,0.2073997333627868,0.1391068976219595,0.5085044179003,0.6593040667915057,-3.48420349228695,1
86.0,58.0,True,0.1669661053939207,0.1325148077798964,0.495110478675153,0.8959951478535728,-4.653998270096683,1
86.0,59.0,True,0.3375454675646821,0.1577017197537449,0.6922618295706728,0.2065282360071724,0.636727056431524,3
86.0,60.0,True,0.1634844998149336,0.1442693225772322,0.5383490552092866,1.0986557590358703,-4.911505893580404,1
86.0,61.0,True,0.2309308535430731,0.1206163693359041,0.3918351389890371,-0.2882249758352139,-2.923419541995804,1
86.0,62.0,True,0.1470115816140592,0.1030261796012873,0.3758544181297161,0.5908599573194367,-5.471525459644007,1
86.0,63.0,True,0.2946800431860772,0.2481207722385466,1.049151200899656,0.8084425162046325,-0.9421730599471022,3
86.0,64.0,True,0.333436194495254,0.1806279331257707,0.7639133480979954,0.795779011311919,0.0726253085322373,3
86.0,65.0,True,0.4121546782331593,0.1890262999202673,1.0108568800484967,0.4601923818193356,2.665328690176054,3
86.0,66.0,True,0.3424714546989746,0.1739136837153889,0.6623599169627746,-0.2913130593264306,0.5943861940848212,3
86.0,67.0,True,0.2759340837161359,0.1329603641968542,0.5358121848399051,0.2309494034822121,-1.3913996614357738,1
86.0,68.0,True,0.2787257431677449,0.158270110638574,0.5609882611524929,-0.081717003406421,-1.1663294422353427,1
86.0,69.0,True,0.3402440052006965,0.2169833593537825,0.8537091811672419,0.9044441721663128,0.6921674627622977,3
86.0,70.0,True,0.3872796731438228,0.2526156256975987,0.9823992435117834,0.6191043499449627,2.5722420185081583,3
86.0,71.0,True,0.2019679744230714,0.1254070249158302,0.5003889501052535,0.6123969898583422,-3.570634830173039,1
86.0,72.0,True,0.3229680904956709,0.1051638152776008,0.4995460305020357,-0.3833801312774483,0.1379401695858106,1
86.0,73.0,True,0.3545585421977152,0.2537297713584843,0.8127936672732866,0.4688424452452838,1.0259640955948703,3
86.0,74.0,True,0.4535620000143825,0.2829533936430961,1.0886188544303537,0.7156299263729896,4.3250308292299,2
86.0,75.0,True,0.4186044869294194,0.1520094650505106,0.7356016723916474,-0.1871291897093006,3.372912577315822,3
86.0,76.0,True,0.3816385040320889,0.1851823514085927,0.7068629118943885,0.367252032702654,1.531233035206202,3
86.0,77.0,True,0.4323489310300608,0.2628185741106104,1.110201057373677,0.8546247370028379,3.534394690001576,2
86.0,78.0,True,0.4087459055430404,0.2299007274104717,0.9980279377713324,0.9530866664483,2.8847566988010707,3
86.0,79.0,True,0.4098527453922927,0.178522785035969,0.8389366816669587,0.1587224673496751,2.427557063547016,3
86.0,80.0,True,0.3418619607480878,0.2186606073152488,0.7408929905236217,0.4051064198075175,0.7236815830112894,3
86.0,81.0,True,0.3759341085713946,0.2450365096119044,0.8962767097799015,0.4205986611492666,1.7962597797802855,3
86.0,82.0,True,0.3283272952640984,0.1274069051249121,0.523704621525534,-0.2627775169587186,0.0495534033171883,1
86.0,83.0,True,0.2159643881556079,0.1247264578677058,0.4837759620456262,-0.0872105938799854,-3.1896652444863176,1
86.0,84.0,True,0.2380399206605617,0.1632422951055858,0.5950786841139372,0.6431762862692395,-2.865192146133991,1
86.0,85.0,True,0.1104490192028513,0.0727197810295702,0.2376712175390559,0.0700794299689473,-6.5687898005302765,1
86.0,86.0,False,,,,,,0
86.0,87.0,False,,,,,,0
86.0,88.0,False,,,,,,0
86.0,89.0,False,,,,,,0
86.0,90.0,False,,,,,,0
86.0,91.0,False,,,,,,0
86.0,92.0,False,,,,,,0
86.0,93.0,False,,,,,,0
86.0,94.0,False,,,,,,0
86.0,95.0,False,,,,,,0
86.0,96.0,False,,,,,,0
86.0,97.0,False,,,,,,0
86.0,98.0,False,,,,,,0
86.0,99.0,False,,,,,,0
86.0,100.0,False,,,,,,0
87.0,1.0,False,,,,,,0
87.0,2.0,False,,,,,,0
87.0,3.0,False,,,,,,0
87.0,4.0,False,,,,,,0
87.0,5.0,False,,,,,,0
87.0,6.0,False,,,,,,0
87.0,7.0,False,,,,,,0
87.0,8.0,False,,,,,,0
87.0,9.0,False,,,,,,0
87.0,10.0,False,,,,,,0
87.0,11.0,False,,,,,,0
87.0,12.0,False,,,,,,0
87.0,13.0,False,,,,,,0
87.0,14.0,False,,,,,,0
87.0,15.0,False,,,,,,0
87.0,16.0,False,,,,,,0
87.0,17.0,True,0.034545817525899,0.0478601609377069,0.1287625406033382,0.9480521181570108,-8.784137371344,1
87.0,18.0,True,0.3780902086229815,0.2103631479062614,0.8746843349793809,0.710056106707194,1.7429606953007015,3
87.0,19.0,True,0.4456824124617162,0.282013489026111,1.48997372567208,1.1765873053000244,3.2551201559552485,2
87.0,20.0,True,0.3574772181514418,0.1776181875525199,0.7523844281294636,0.4131878032100421,1.286922307315978,3
87.0,21.0,True,0.3770266527620488,0.1468699780152126,0.6258682674581398,-0.3518878480915265,1.793967285005198,3
87.0,22.0,True,0.3320304119885586,0.2059270219441919,0.7796516630608574,0.1628412208370805,0.5311604989510006,3
87.0,23.0,True,0.2288678315580303,0.128761690323674,0.4566295835597498,-0.3327779449203586,-2.610256758397747,1
87.0,24.0,True,0.4159331291113358,0.1900507328518289,0.8212810499552539,0.1474606949626471,2.6072190375370297,3
87.0,25.0,True,0.383383448044553,0.1794237014927951,0.772964084412145,0.6705864595195155,1.7918331709560391,3
87.0,26.0,True,0.4695305618171869,0.2925207499890991,1.0395647378262147,0.2711407050958552,4.672911190844444,2
87.0,27.0,True,0.4711085202408822,0.1066070623178966,0.6533823983124971,-0.4762217581742959,4.7253557428645365,3
87.0,28.0,True,0.4610695203389305,0.2093907199173603,0.916407553515447,0.2501798225630737,4.478204982972602,3
87.0,29.0,True,0.6863843697544442,0.2502662906285581,1.2686389226718056,0.5279557752923746,11.27547469568857,2
87.0,30.0,True,0.5504358888690769,0.2719653703284423,1.316598216307351,0.8579433448940228,6.93796447070523,2
87.0,31.0,True,0.5038634979124632,0.2993751462230608,1.0538646170357824,-0.1054531738424539,5.919186636715447,2
87.0,32.0,True,0.4759061646352525,0.3080392237805995,1.2484592031744917,0.9163829729532832,4.40446009268696,2
87.0,33.0,True,0.4999017286255905,0.1530369313545002,0.8600606227233696,-0.0217703543165768,5.887582174763354,3
87.0,34.0,True,0.4805350409943619,0.2007387501719506,0.7890499342912773,-0.8753280161264233,5.32740188290335,3
87.0,35.0,True,0.3990330841602383,0.213312298409758,0.8122883614376947,0.4824960270047911,2.430132568028524,3
87.0,36.0,True,0.419252855246629,0.1780108832777821,1.0876957345128284,1.3883116508649154,2.751205630191825,3
87.0,37.0,True,0.535526539054648,0.324182993874584,1.5,1.2210620888615595,5.764729443571138,2
87.0,38.0,True,0.4586169228505723,0.1910006306568352,0.8962289455985982,0.5112473388643712,4.219327994850093,3
87.0,39.0,True,0.4283106118556101,0.1676844246529477,0.926396633343479,1.667437578243668,3.4526919107627636,3
87.0,40.0,True,0.4704004938961177,0.2301980737950263,0.8221017067640654,-0.2109936418673948,4.193376614095214,3
87.0,41.0,True,0.2944467860051753,0.1464321145438973,0.5631195573677237,0.2113722027045988,-0.9260539798448012,1
87.0,42.0,True,0.3492211593222989,0.2296717648675898,0.7959656389677423,0.2572586283846751,0.9192251656077406,3
87.0,43.0,True,0.2457805775128902,0.1676340541998407,0.5438126095474107,0.1993240566637833,-2.2265352499115547,1
87.0,44.0,True,0.145586981964069,0.0844517589063587,0.3358564003132233,0.4845089499907012,-5.64602363834939,1
87.0,45.0,True,0.2220694948431079,0.1385584416430912,0.5125203378655172,0.1883967494876442,-3.0377399938575502,1
87.0,46.0,True,0.2585202216919122,0.091281290508056,0.3751348404796342,-0.8153678503416953,-1.834697219538868,1
87.0,47.0,True,0.1722443737066372,0.1738708204694775,0.6156071965183643,1.4067088657223814,-4.922255400874535,1
87.0,48.0,True,0.3017881513315663,0.1251926506736065,0.4919630491939876,-0.1428184992623272,-0.6003230796461791,1
87.0,49.0,True,0.0996095894718814,0.0742728938579546,0.2522129620762739,0.2634918798499807,-6.718544900029559,1
87.0,50.0,True,0.307003094426899,0.1964764499346269,0.7455793661295866,0.4982073835216375,-0.423802129604066,3
87.0,51.0,True,0.2462048429601567,0.1651265895336031,0.7924168689140256,0.9810698491693564,-2.6070537759016363,3
87.0,52.0,True,0.2213511427214095,0.1082354731179081,0.430576778667621,-0.0879083548551432,-3.1858317263247313,1
87.0,53.0,True,0.1949910547145266,0.0824563973657388,0.494750077053399,1.4420350785724605,-4.093642365256605,1
87.0,54.0,True,0.1229485162467889,0.1368355592118382,0.4838220317975008,1.215402085422772,-6.081529086395004,1
87.0,55.0,True,0.1787709688239243,0.1230734332639091,0.4308496132616743,0.4888577187581839,-4.161107604487698,1
87.0,56.0,True,0.2606059710996186,0.1935038555125743,0.648023317132914,0.2010905938877263,-1.8660717215823,3
87.0,57.0,True,0.2953377539025655,0.1809683684592204,0.7792677012841439,0.9218025712675436,-0.7443807952691578,3
87.0,58.0,True,0.1546812104043439,0.0879396194918998,0.2990078974094551,-0.1008990293911308,-4.991663403684858,1
87.0,59.0,True,0.1742450549562684,0.1470939991078735,0.5398072701306635,0.4499758733881447,-4.754289783346652,1
87.0,60.0,True,0.162882653825749,0.1168101982095098,0.4205990865163499,0.4731711725891855,-4.96352790160646,1
87.0,61.0,True,0.265250010951543,0.1763954214709437,0.6122902076511878,0.3603537371000411,-1.6142493044060764,3
87.0,62.0,True,0.2873782133170011,0.1868251650381084,0.6446048565486536,0.2139763795541767,-0.9951729405613992,3
87.0,63.0,True,0.2950380744861579,0.1951691287498757,0.6786342563456544,0.3804505008472192,-0.6640212337727256,3
87.0,64.0,True,0.3087652026362086,0.1562391018233488,0.6691878995738237,0.4751793891242807,-0.222938036008524,3
87.0,65.0,True,0.2881068476371113,0.1356585383170268,0.6908676631984866,1.140178959384769,-1.2896575308198286,1
87.0,66.0,True,0.2601831871053298,0.1794564948923007,0.5832581420138013,-0.2353115304258566,-1.7056577123774148,3
87.0,67.0,True,0.2935622711613723,0.2151466713705678,0.8336214846999641,0.9826940144791974,-0.7629101550113219,3
87.0,68.0,True,0.3035512476538486,0.1309380475676655,0.606456055402541,0.424417188960986,-0.5270628565431787,1
87.0,69.0,True,0.2793399840174992,0.1545435873145989,0.5638438771418005,-0.0408243272603389,-1.0810111401383828,1
87.0,70.0,True,0.3063277688649088,0.0963825369837857,0.4311374791357027,-1.2690967961458537,-0.3424010948839754,1
87.0,71.0,True,0.2743783910237279,0.11892869042837,0.49984471339978,0.2216432648413221,-1.4933974760032542,1
87.0,72.0,True,0.2393739315924511,0.125947494649063,0.4727843995272223,-0.1144888692935793,-2.5222392466906425,1
87.0,73.0,True,0.4149014894877197,0.1464239729992527,0.6909034822417666,0.0175252327135461,3.0229815172971133,3
87.0,74.0,True,0.3119099728126066,0.170774299629757,0.5948685217082569,-0.1501411846031096,-0.0919687701276015,3
87.0,75.0,True,0.3277019545482602,0.1818979846236898,0.7692406609469182,0.1151630878026207,0.2565368216374653,3
87.0,76.0,True,0.370948589370916,0.2082312526604826,0.8587635751946208,0.5148500123434409,1.4627800578533856,3
87.0,77.0,True,0.4056511559204274,0.2054136489719837,0.6963446396837742,-0.3973957789034222,2.524446446891362,3
87.0,78.0,True,0.351138662300732,0.2765430075753994,1.1283914243446906,1.0576496468724166,0.5278863221451057,3
87.0,79.0,True,0.3626428674664108,0.1636380133195211,0.6858931392350732,0.0374149584117017,1.1395623311589436,3
87.0,80.0,True,0.3818515555810419,0.2232675008365305,0.8378835665627731,0.1044282961396137,1.7645783808321032,3
87.0,81.0,True,0.2520251050585823,0.1964602976671899,0.6925250600586482,0.5576999972943055,-2.1555030496677223,3
87.0,82.0,True,0.383409179506188,0.1803983597877418,0.7062266629108022,0.1093019253543201,1.8318199488626064,3
87.0,83.0,True,0.3100942934239001,0.1437242834576469,0.5684047412607076,-0.2267941125148061,-0.0755645752859962,3
87.0,84.0,True,0.2387475191418007,0.1130438542891766,0.4414608921556642,-0.1132884554725023,-2.4166313484338056,1
87.0,85.0,True,0.010615863373222,0.0234337273574921,0.0798441602798097,2.049688622143262,-9.591074658990706,1
87.0,86.0,False,,,,,,0
87.0,87.0,False,,,,,,0
87.0,88.0,False,,,,,,0
87.0,89.0,False,,,,,,0
87.0,90.0,False,,,,,,0
87.0,91.0,False,,,,,,0
87.0,92.0,False,,,,,,0
87.0,93.0,False,,,,,,0
87.0,94.0,False,,,,,,0
87.0,95.0,False,,,,,,0
87.0,96.0,False,,,,,,0
87.0,97.0,False,,,,,,0
87.0,98.0,False,,,,,,0
87.0,99.0,False,,,,,,0
87.0,100.0,False,,,,,,0
88.0,1.0,False,,,,,,0
88.0,2.0,False,,,,,,0
88.0,3.0,False,,,,,,0
88.0,4.0,False,,,,,,0
88.0,5.0,False,,,,,,0
88.0,6.0,False,,,,,,0
88.0,7.0,False,,,,,,0
88.0,8.0,False,,,,,,0
88.0,9.0,False,,,,,,0
88.0,10.0,False,,,,,,0
88.0,11.0,False,,,,,,0
88.0,12.0,False,,,,,,0
88.0,13.0,False,,,,,,0
88.0,14.0,False,,,,,,0
88.0,15.0,False,,,,,,0
88.0,16.0,False,,,,,,0
88.0,17.0,False,,,,,,0
88.0,18.0,True,0.0229688769520378,0.0288930732653579,0.0884493851124458,0.9275702253409136,-9.20408350182882,1
88.0,19.0,True,0.2372855425325921,0.1242514166094651,0.4777775786475575,0.1648172221845292,-2.5260182187725784,1
88.0,20.0,True,0.3133970119073704,0.2265247446800533,0.9358602766602856,0.5519669577036792,-0.8907138903001642,3
88.0,21.0,True,0.2747976029444052,0.1656814295150429,0.634598064660291,0.5762710246767728,-1.5906576238823376,3
88.0,22.0,True,0.3311309212060593,0.2284216235823839,0.8058519628585709,0.4525078047307729,0.303828801566577,3
88.0,23.0,True,0.332561606359121,0.2167908668810786,0.9039507928399976,1.1687282017609488,0.2624156477064114,3
88.0,24.0,True,0.5058597036032553,0.1922713793288314,1.0311128668891585,0.4378462084404992,5.363089993566202,2
88.0,25.0,True,0.4244587154339063,0.2853339058192203,0.9958210884396236,0.5159145784156767,3.458531639103432,2
88.0,26.0,True,0.4835113795638326,0.2637755707237073,1.01858915771777,0.3135592385974392,4.82626265861973,2
88.0,27.0,True,0.4847881897117123,0.2052956819764788,0.8163320176257699,-0.4006014039769149,5.061405152325915,3
88.0,28.0,True,0.4186804162250231,0.2016878482561067,0.8270810111404483,0.1641966084364645,2.9190984212381927,3
88.0,29.0,True,0.5540367693717023,0.1627678010053356,0.8056939583865668,-0.5201431472657403,6.927594710624118,3
88.0,30.0,True,0.3892462338819578,0.230217453571803,0.8622565765420328,0.2864546799289553,1.89653503721629,3
88.0,31.0,True,0.4065930378543195,0.1195978929678105,0.6516990418641284,-0.5069215552390854,2.6790599311607592,3
88.0,32.0,True,0.3967187869934465,0.2003086459682686,0.8227992504168141,0.1471138525963652,2.226471832928649,3
88.0,33.0,True,0.3661300686429637,0.1627412930548737,0.5848098305128828,-0.3489791875982491,1.546157366791178,3
88.0,34.0,True,0.5144406997105873,0.2283793187517922,1.1131998837588435,0.8893345621523979,5.760078978778349,2
88.0,35.0,True,0.6263632874710888,0.1870055958622254,0.9129687688893954,-0.4494700849922886,9.84171921075633,2
88.0,36.0,True,0.4832292796795048,0.2575906942507466,0.939800465872534,0.2561479627520017,5.480547402649232,2
88.0,37.0,True,0.5013718876297608,0.1400780692342456,0.7853298810241576,0.3323752048784373,5.276539201084076,3
88.0,38.0,True,0.4946339643270108,0.1408967262410652,0.7130471679223921,-0.7524166286520492,5.052864736357155,3
88.0,39.0,True,0.4507361846121998,0.1798736042304254,0.8699221864453045,0.5444462050472926,4.081089659417434,3
88.0,40.0,True,0.3134037733671571,0.2618496474363104,1.3434526207332833,2.010768325939389,-0.7155723273743658,3
88.0,41.0,True,0.3219451906024011,0.1478287032924678,0.6398971088964873,0.1833926822738004,-0.0591066671520165,3
88.0,42.0,True,0.3758920086053669,0.235349894373763,0.9502761085838336,0.7186943132572133,1.713517172515562,3
88.0,43.0,True,0.2933268360185347,0.1399274027655526,0.5797097772685287,0.4733574548033389,-0.7798578240102131,1
88.0,44.0,True,0.361455562679694,0.2079651499490357,0.796223670885655,0.2474301882264344,1.3507955854516371,3
88.0,45.0,True,0.175485368002454,0.0923070539287426,0.3620829575094026,0.2811579410161144,-4.571310569907808,1
88.0,46.0,True,0.2510016437881999,0.1624775242852691,0.635175553328187,0.7523317358918363,-2.180919881195609,1
88.0,47.0,True,0.2507828141753513,0.1345738268548712,0.4740699050081575,-0.1553610547472909,-2.0129590466879685,1
88.0,48.0,True,0.3106369957660488,0.1441639240693305,0.7770368329044872,1.0651125659322094,-0.636780821996047,3
88.0,49.0,True,0.236323925397293,0.2341067235938392,0.8776524726032588,1.4817511786163895,-2.610539047985315,3
88.0,50.0,True,0.2535667487639653,0.2011398740912366,0.8142924862169008,1.2508689566513138,-2.0814658895729954,3
88.0,51.0,True,0.3288096353492715,0.1212927437763049,0.5626771140418132,-0.3529336273246238,0.3884856295187368,1
88.0,52.0,True,0.2462060220243697,0.1361958909116248,0.502023735117251,-0.0359545764530215,-2.3897402328186867,1
88.0,53.0,True,0.1543462508935035,0.1358233885057984,0.5383460740897034,1.4355089119024904,-5.147812297153463,1
88.0,54.0,True,0.1378214522314833,0.1459547612704095,0.4384319725138414,0.781079645268641,-5.5062228531102315,1
88.0,55.0,True,0.2202333700912064,0.1252547266549269,0.5619385788896756,0.6677691101954464,-3.2994691850473954,1
88.0,56.0,True,0.2485189423186828,0.1976541797530006,0.9222753404266408,1.3390172492530312,-2.7704279067269804,3
88.0,57.0,True,0.2182766280488392,0.1018636814367476,0.5015180922886294,0.6660176527958535,-3.3286293352180234,1
88.0,58.0,True,0.1415278673338695,0.1537474856524662,0.4231790046472971,0.612853866110319,-5.571368779996412,1
88.0,59.0,True,0.2673851155621574,0.2036243460218296,0.730042322856415,0.6823606734405382,-1.379785464941078,3
88.0,60.0,True,0.2803106544324289,0.1626451204418497,0.580247059178878,0.1060878921628989,-1.2194430892772945,1
88.0,61.0,True,0.3694549801282219,0.1955371485432985,0.7829946343347235,0.3122274446222139,1.945579881504888,3
88.0,62.0,True,0.3369185381855071,0.1157572631220937,0.5914641476376389,-0.1206027272732531,0.4768351289959185,1
88.0,63.0,True,0.3153974598162859,0.1275354601542792,0.5383917529587713,-0.3517605073495804,-0.0952468493249281,1
88.0,64.0,True,0.3154273143605146,0.1686419904053855,0.877274600509875,0.910584201431563,-0.374333809338991,3
88.0,65.0,True,0.3523184667561921,0.1817986078383897,0.685119201912193,-0.0541176416217322,0.8369178712248947,3
88.0,66.0,True,0.3318580023251734,0.17397804061425,0.597636473425515,-0.2482649811569385,0.3340321776714263,3
88.0,67.0,True,0.254107214128041,0.1122506969289283,0.5320981524262556,0.6051463564041359,-1.9796747470251004,1
88.0,68.0,True,0.4251666883624872,0.2000036026927972,0.9026941659664208,0.5099423942230206,3.175861097355213,3
88.0,69.0,True,0.3986816805876212,0.2050620013435883,0.7735014352168484,0.3053142684374267,2.742237032758835,3
88.0,70.0,True,0.3137616930299343,0.200843376924058,0.6612114098806869,0.1753146073013758,-0.3473419967237695,3
88.0,71.0,True,0.2031645634313207,0.1467350030850733,0.6133711507499983,0.5626269383451036,-3.970858747372265,1
88.0,72.0,True,0.2462679653745451,0.1507355029893671,0.7038322666352065,0.849042531841844,-2.633695045542921,1
88.0,73.0,True,0.4997940132281547,0.2318898193722495,0.971219253474896,-0.0517995260195427,5.169376261930309,2
88.0,74.0,True,0.4533337918634676,0.1711763446677826,0.8307676029976668,0.4576094835832343,4.006701934508324,3
88.0,75.0,True,0.3669681267583735,0.2943600884055638,1.5,2.5559286310191784,0.7983386946787644,2
88.0,76.0,True,0.3814233904608214,0.1610509916499269,0.7876209708800418,0.8501731113634643,1.762498826973011,3
88.0,77.0,True,0.3314032164651533,0.1370817649669136,0.610333248033739,0.2727066341816392,0.2197778668796246,3
88.0,78.0,True,0.2720168369016817,0.105035748082999,0.4330724665651259,-0.4649961088484928,-1.693145713070098,1
88.0,79.0,True,0.5210373778098948,0.150126285184367,0.9673664641455698,0.585778744323016,5.981057407809318,3
88.0,80.0,True,0.4600964505615312,0.2581706115586805,0.832520452351197,-0.1785724730171887,4.777189479950833,2
88.0,81.0,True,0.4312404057561961,0.1978496389423725,0.9121359728372432,0.476789693904635,3.4215965765485983,3
88.0,82.0,True,0.1771211346687576,0.0862220488105043,0.3746307395349538,0.3708988851458828,-4.468638350273979,1
88.0,83.0,True,0.219931424216793,0.1323513419516242,0.4753873919618704,0.2594718819519388,-2.9841677724824565,1
88.0,84.0,False,,,,,,0
88.0,85.0,False,,,,,,0
88.0,86.0,False,,,,,,0
88.0,87.0,False,,,,,,0
88.0,88.0,False,,,,,,0
88.0,89.0,False,,,,,,0
88.0,90.0,False,,,,,,0
88.0,91.0,False,,,,,,0
88.0,92.0,False,,,,,,0
88.0,93.0,False,,,,,,0
88.0,94.0,False,,,,,,0
88.0,95.0,False,,,,,,0
88.0,96.0,False,,,,,,0
88.0,97.0,False,,,,,,0
88.0,98.0,False,,,,,,0
88.0,99.0,False,,,,,,0
88.0,100.0,False,,,,,,0
89.0,1.0,False,,,,,,0
89.0,2.0,False,,,,,,0
89.0,3.0,False,,,,,,0
89.0,4.0,False,,,,,,0
89.0,5.0,False,,,,,,0
89.0,6.0,False,,,,,,0
89.0,7.0,False,,,,,,0
89.0,8.0,False,,,,,,0
89.0,9.0,False,,,,,,0
89.0,10.0,False,,,,,,0
89.0,11.0,False,,,,,,0
89.0,12.0,False,,,,,,0
89.0,13.0,False,,,,,,0
89.0,14.0,False,,,,,,0
89.0,15.0,False,,,,,,0
89.0,16.0,False,,,,,,0
89.0,17.0,False,,,,,,0
89.0,18.0,False,,,,,,0
89.0,19.0,True,0.0154642071716477,0.0219389844789185,0.0698147253478675,1.2378571396700024,-9.435753094503276,1
89.0,20.0,True,0.1760071041242479,0.1498596165526069,0.5759198125708939,1.0273879751531627,-4.444118163756758,1
89.0,21.0,True,0.3068929317675836,0.173020558175058,0.6810370276948335,0.2503436895691588,-0.6788890893136335,3
89.0,22.0,True,0.231572363893679,0.1821114497046141,0.95195528508964,1.9673337299842475,-3.0654233910695536,3
89.0,23.0,True,0.2826788136145978,0.1252176158431693,0.5369110488043771,0.3851222695709499,-1.2969700774562374,1
89.0,24.0,True,0.4289823755001422,0.1996038130059778,0.8058110764019305,0.1584127510687504,3.512865836846923,3
89.0,25.0,True,0.3194720851836047,0.1836100590941677,0.7395893726702311,0.0104010149727699,0.0845117531036661,3
89.0,26.0,True,0.4125245138433908,0.239189786590289,0.8541942487548162,0.1440722399200351,2.647618721001744,3
89.0,27.0,True,0.5700329295954655,0.2163816079191403,1.0805192181912375,-0.163610094064516,7.203579416779767,2
89.0,28.0,True,0.5219179290058445,0.1218906361028799,0.7470504772658637,0.0103434654154803,6.143073797548404,3
89.0,29.0,True,0.5523573875721931,0.354332853630412,1.2209414535879577,0.0718128534346634,7.319183073681481,2
89.0,30.0,True,0.7116494112375904,0.163171925491448,0.9800922224991008,-0.4530294873631721,11.949327100047189,2
89.0,31.0,True,0.6619143086345138,0.2487714986212191,1.4078090014894142,0.5928995688289324,10.314212394386546,2
89.0,32.0,True,0.607784266652456,0.2728221619327401,1.406494175360953,0.5493725901362132,8.5490019490862,2
89.0,33.0,True,0.5319250062595786,0.1901355874927957,0.9324131724400608,-0.0346714510189157,6.444891079593859,2
89.0,34.0,True,0.4826225565728673,0.2759079736932077,1.180273963246916,1.0681498532439435,5.093750277839039,2
89.0,35.0,True,0.5268385327193739,0.154021429440295,0.8254392373244798,0.3690633031927386,6.640972940572496,3
89.0,36.0,True,0.5886078369412974,0.2116356755002109,0.9596464499215752,-0.8467674008862444,8.435291118867196,2
89.0,37.0,True,0.4361004109311491,0.2580049268456217,1.348033957420944,1.242245371548973,2.7801992904836856,2
89.0,38.0,True,0.4618700791549409,0.2011542362768237,0.7816800601818255,0.0959614135071924,4.384771605079394,3
89.0,39.0,True,0.5909113042595985,0.1364339305846833,0.8834869747260912,0.018234729199273,8.180510910271243,2
89.0,40.0,True,0.5395004668214041,0.2905452815158319,1.2345809809921608,0.6630195867897659,7.148186270628148,2
89.0,41.0,True,0.3280460257246643,0.2525397021703451,0.9579344043072404,0.7877501406260233,-0.2206553456843056,3
89.0,42.0,True,0.4710190236038472,0.3103205698650786,1.5,1.0597845882523884,4.158563626853597,2
89.0,43.0,True,0.3590786193289108,0.1872557703226687,0.6919224589469302,-0.1705477259531314,1.327029242311998,3
89.0,44.0,True,0.3783939689051205,0.256000241812718,1.0535709500040842,0.8258402901672168,1.5094305667148673,3
89.0,45.0,True,0.3116859725372875,0.16307727350766,0.6641571296644502,0.1677782892458783,-0.0749604366831686,3
89.0,46.0,True,0.303339141447042,0.1532467264570618,0.5614807125079327,-0.148087849647356,-0.7633231967145389,1
89.0,47.0,True,0.2383659448962141,0.1312476779129965,0.6995871371346789,1.1240918238511153,-2.7238124500999694,1
89.0,48.0,True,0.1714412843989383,0.0905717494405344,0.4262786164909421,0.2656081195635311,-4.835349554772915,1
89.0,49.0,True,0.2707296720813422,0.2287626124059414,1.2595458028565345,2.500978751514668,-2.11220926331547,3
89.0,50.0,True,0.2103825057496153,0.120644451233586,0.5677265153470695,0.6645161546875921,-3.6134753873904017,1
89.0,51.0,True,0.1132548451129264,0.112044317614782,0.4065033266048948,1.178278880985496,-6.511297624586583,1
89.0,52.0,True,0.2785312254703693,0.1707242074904938,0.6160926104566903,0.2442434682012993,-1.2014839160576063,3
89.0,53.0,True,0.2586392642577289,0.2480302180221316,0.9605200496682864,1.6109802314316877,-1.8550634508980284,3
89.0,54.0,True,0.2410412795695918,0.1281976212493853,0.5053893640810492,0.1911579614603988,-2.3613815055075715,1
89.0,55.0,True,0.2761788559737795,0.2067152895749461,1.1276143409415254,2.204374416459469,-2.056265560571309,3
89.0,56.0,True,0.2441970301352412,0.2606151130295126,0.90553222184285,1.264947498873504,-1.9752284961819373,3
89.0,57.0,True,0.2666102612400949,0.1363938612315657,0.47121688417184,-0.1637311561059106,-1.7291178924490582,1
89.0,58.0,True,0.2489274010305104,0.1637674756687227,0.8711045630281065,1.5864802817998676,-2.5316325101414607,3
89.0,59.0,True,0.1641644591190063,0.1953284209876241,0.5242594036883442,0.7504661596422726,-4.498089814189485,1
89.0,60.0,True,0.2693219185500241,0.2342106473388883,0.8028571226335643,0.8332250818113476,-1.822819018061558,3
89.0,61.0,True,0.3272252031541841,0.0717704658714632,0.4547547722428493,-0.1258754751223345,0.0577291925725255,1
89.0,62.0,True,0.3740643475954426,0.1870508504755302,0.679126164891861,-0.0196388736082036,1.6190513510437483,3
89.0,63.0,True,0.238404761921907,0.1578880793417404,0.5155890406316004,0.2304362892489292,-2.4725588516846284,1
89.0,64.0,True,0.2632239842286172,0.1819835908404243,0.8352648683886702,0.6235094774595304,-2.3096206462589244,3
89.0,65.0,True,0.1697674462859068,0.1002673917151306,0.3721790681229828,0.1730140072115666,-4.8372782569341455,1
89.0,66.0,True,0.2793688393526862,0.1780244026704428,0.6420663650935743,0.2405125171439897,-1.1286400080138332,3
89.0,67.0,True,0.2741927695616796,0.1217099738287564,0.527657669946359,0.211121522836727,-1.5012678542589946,1
89.0,68.0,True,0.2119689901504148,0.138906852317977,0.5176097955306389,0.4706747240637129,-3.4405641474602984,1
89.0,69.0,True,0.301925534926743,0.1451745007049605,0.6132264440304915,0.3477112501773426,-0.3818902007046192,3
89.0,70.0,True,0.1686105347798653,0.1341608304154102,0.5138530141304266,1.113880021256745,-4.682661121739052,1
89.0,71.0,True,0.2644861761817469,0.096362782721534,0.4785518508979655,0.207593877497266,-1.7243579855150162,1
89.0,72.0,True,0.2525864133424579,0.1739935588448052,0.6284762969935913,0.2483844513521162,-1.922919390037057,1
89.0,73.0,True,0.3234968606840936,0.2002498105400691,0.777174003525036,0.5038591421877148,0.3030521343131228,3
89.0,74.0,True,0.2555443180739656,0.2043833201409779,0.8578997155248685,1.5580715604625806,-2.062593565758008,3
89.0,75.0,True,0.320884089013918,0.1694587799257548,0.6025106263252057,0.0529177779698756,-0.0512899970438592,3
89.0,76.0,True,0.3218512935111711,0.1937316155654235,0.7057167145409914,0.2421797531253491,0.044963088603861,3
89.0,77.0,True,0.4171098090001795,0.2370188312991127,0.9930301739816086,0.2232198482959558,2.732824891176334,3
89.0,78.0,True,0.4013651892528342,0.1131975985643334,0.6420739499354463,-0.3926946618524302,2.6226742239271723,3
89.0,79.0,True,0.386950723679151,0.1449352976251473,0.6502728250381201,-0.2515741693045504,1.895641652904062,3
89.0,80.0,True,0.2857756765873338,0.1675959392577945,0.6209791089334576,0.1709145977362251,-0.8756810488112884,3
89.0,81.0,True,0.39849305514984,0.1851477143943292,0.8272541613331446,0.7692747892199029,2.2032672750438063,3
89.0,82.0,True,0.1038413766631831,0.104947284092656,0.3682179229190697,1.268682440135708,-6.744965944961061,1
89.0,83.0,False,,,,,,0
89.0,84.0,False,,,,,,0
89.0,85.0,False,,,,,,0
89.0,86.0,False,,,,,,0
89.0,87.0,False,,,,,,0
89.0,88.0,False,,,,,,0
89.0,89.0,False,,,,,,0
89.0,90.0,False,,,,,,0
89.0,91.0,False,,,,,,0
89.0,92.0,False,,,,,,0
89.0,93.0,False,,,,,,0
89.0,94.0,False,,,,,,0
89.0,95.0,False,,,,,,0
89.0,96.0,False,,,,,,0
89.0,97.0,False,,,,,,0
89.0,98.0,False,,,,,,0
89.0,99.0,False,,,,,,0
89.0,100.0,False,,,,,,0
90.0,1.0,False,,,,,,0
90.0,2.0,False,,,,,,0
90.0,3.0,False,,,,,,0
90.0,4.0,False,,,,,,0
90.0,5.0,False,,,,,,0
90.0,6.0,False,,,,,,0
90.0,7.0,False,,,,,,0
90.0,8.0,False,,,,,,0
90.0,9.0,False,,,,,,0
90.0,10.0,False,,,,,,0
90.0,11.0,False,,,,,,0
90.0,12.0,False,,,,,,0
90.0,13.0,False,,,,,,0
90.0,14.0,False,,,,,,0
90.0,15.0,False,,,,,,0
90.0,16.0,False,,,,,,0
90.0,17.0,False,,,,,,0
90.0,18.0,False,,,,,,0
90.0,19.0,False,,,,,,0
90.0,20.0,False,,,,,,0
90.0,21.0,True,0.1092610316602148,0.1304913103850485,0.4689078288837952,1.4451613830996648,-6.612866364896419,1
90.0,22.0,True,0.2106521104477907,0.2267537205559493,1.002282925938609,1.336005429289296,-3.639150545293579,3
90.0,23.0,True,0.3228504715418893,0.2090324652619417,0.8370376339706754,0.6988753437482403,0.1096537665443286,3
90.0,24.0,True,0.2883455412371886,0.1192194930630178,0.5973174034643551,0.2676613742005563,-1.091470556565314,1
90.0,25.0,True,0.4271938974749349,0.1595519209156671,0.6651838229615772,-0.8545341764002375,3.669143751268721,3
90.0,26.0,True,0.4293407480154868,0.1425773798390064,0.6672379793543707,-0.3030565097874387,3.5979770261651884,3
90.0,27.0,True,0.6516712812006997,0.2053697729147898,0.9727673643435888,-0.4098239697846452,10.191563200977958,2
90.0,28.0,True,0.6180347657558463,0.2745545759021981,1.5,1.1086859914443468,8.61026032749975,2
90.0,29.0,True,0.6183482630265513,0.1822118070888622,1.074123781932833,0.3745807817287323,8.932669583968325,2
90.0,30.0,True,0.4246613407822951,0.3272865647616009,1.217981897169652,1.0086838176905808,3.4717823992325005,2
90.0,31.0,True,0.4519004787767786,0.1603134509216282,0.7197077787198205,0.0330229342063069,4.169455486092971,3
90.0,32.0,True,0.6508259280357068,0.1434290811884747,1.143804834691477,1.363230207823719,9.720670968985027,2
90.0,33.0,True,0.5527320620484517,0.3268586435665533,1.1789016156127357,0.3373347991092176,6.917983516150782,2
90.0,34.0,True,0.5544570475212198,0.2899339588195292,1.1282315800883376,0.17311854240694,7.58557805265712,2
90.0,35.0,True,0.440067505724074,0.2240711727335781,0.9386865755270466,-0.1074289893082524,3.542468807154726,3
90.0,36.0,True,0.4699545905000238,0.1500896280332489,0.7048240822854611,-0.1269928562022265,4.523746053071028,3
90.0,37.0,True,0.3738931118097142,0.2590175963739694,0.9213985507627552,0.6612832886603531,1.2957890045461768,3
90.0,38.0,True,0.4893525333961026,0.1687323800323554,0.8322824787339573,-0.3545458912678839,5.252219791573422,3
90.0,39.0,True,0.4183118601025905,0.1846184501571808,1.0466356944625477,1.142922856980855,2.658680797232819,3
90.0,40.0,True,0.3511236514424291,0.1658484949232261,0.7813137250305405,0.1325353646425999,0.7651298840555083,3
90.0,41.0,True,0.4244846910688866,0.2145954944358164,0.894626830659803,0.1908206955267739,3.274498927459706,3
90.0,42.0,True,0.5313335530572094,0.1951397954360812,1.075420603656992,0.3042257706261726,6.224365259920846,2
90.0,43.0,True,0.3697013203089871,0.1752619602088511,0.6964636685354493,-0.0605214937061836,1.6303433306683637,3
90.0,44.0,True,0.3980886697627702,0.2068022345918858,0.8120511739696563,-0.075759734537893,2.4344751815812984,3
90.0,45.0,True,0.3483170112086495,0.2729825881019067,1.1322285387594937,1.3055918594112668,0.6396579407894536,3
90.0,46.0,True,0.3148231848803854,0.246127443769027,0.8733441712990901,0.801380292373197,-0.1108668795285397,3
90.0,47.0,True,0.3635470982251637,0.1842571750538613,0.6277278532283757,-0.5512093644103397,1.1183948674367907,3
90.0,48.0,True,0.1033388415026349,0.1365777176085034,0.5029991037680961,1.802182975318828,-6.742404339253814,1
90.0,49.0,True,0.2141928787820619,0.1787553890070201,0.6501755702083198,0.7621336884872921,-3.065262454036307,1
90.0,50.0,True,0.2465598849446067,0.1652127170297155,0.5938872149097788,0.2683018817688985,-2.211451183721938,1
90.0,51.0,True,0.2668803728938344,0.2772941053164088,1.429935792485803,2.689853542273512,-2.2848102974259645,3
90.0,52.0,True,0.3316145547516213,0.2016445762263051,0.8343553008209469,0.7611410808437892,0.1637592065923142,3
90.0,53.0,True,0.1737473707384003,0.1455261048485339,0.4659897003387111,0.306484967417958,-4.466148635650036,1
90.0,54.0,True,0.1187964932293019,0.0989712294848225,0.315372329412273,0.2916159080366552,-6.141582129100846,1
90.0,55.0,True,0.17305487888307,0.1548904308226835,0.5925187558944601,0.9480596158243766,-4.705731611278931,1
90.0,56.0,True,0.1496306533943804,0.110498633436003,0.3984036840358799,0.8615674089358789,-5.225061897480447,1
90.0,57.0,True,0.2574446670833989,0.1238117405961623,0.5434662518191089,0.7694581208981174,-1.9892361744570404,1
90.0,58.0,True,0.2505478010309785,0.1454483834921426,0.5324232650881255,0.2305187753695844,-1.9942832960328083,1
90.0,59.0,True,0.2718040410916734,0.1634219690947582,0.7661590404693066,1.3630614669836083,-2.0370844348320154,3
90.0,60.0,True,0.2858156117144125,0.1506853152056532,0.6773002778216475,0.8116272473468336,-1.3059189094061,3
90.0,61.0,True,0.1523968655778315,0.1974764938652764,0.6763733641795373,1.367199145282933,-5.067557660115496,1
90.0,62.0,True,0.2958888269337057,0.1497226353181793,0.585145478980254,-0.018415814671462,-0.6304704390883347,1
90.0,63.0,True,0.2264642277811812,0.1267175697209673,0.4378844232650822,-0.2678984168269366,-2.8099348204878773,1
90.0,64.0,True,0.2610876196109483,0.1991951297704928,0.6812509133533632,0.6886850533914679,-2.230026609479028,3
90.0,65.0,True,0.2603097310093864,0.1980051572612388,0.6668998002971519,0.4110843725406636,-1.9127627139715635,3
90.0,66.0,True,0.3114433985334752,0.1707753968783045,0.709770524750583,0.4689855088862113,-0.4089461450950376,3
90.0,67.0,True,0.2729717334517287,0.1510797177589256,0.5949312855528147,0.4073721746442533,-1.4499779839094735,1
90.0,68.0,True,0.3575095619967245,0.2210892074556829,0.912454028467704,0.5129231353731395,1.314390547383193,3
90.0,69.0,True,0.178860642049517,0.1165735686008737,0.4672031985557472,0.2484037997729416,-4.5344957691481325,1
90.0,70.0,True,0.2077258181206826,0.1360607818223514,0.4493832228261232,0.000546332346099,-3.4783473709744737,1
90.0,71.0,True,0.3878527779989528,0.2054083191447093,0.7591780538360849,0.0776025216210255,2.284966924090016,3
90.0,72.0,True,0.2253740538977386,0.1470193588593541,0.5533621200928509,0.630441172714992,-3.135032156625111,1
90.0,73.0,True,0.2925178962342232,0.1265736509602697,0.4411038992795018,-1.0220073052606924,-0.6532164699281665,1
90.0,74.0,True,0.337187361294389,0.2268995083769107,0.8317736324204837,0.5275744338565307,0.2550227910473414,3
90.0,75.0,True,0.2875131222268731,0.1866156855138058,0.632556176846612,0.1654819289190837,-1.1956952822991294,3
90.0,76.0,True,0.2619983538663326,0.1390733086714634,0.6004394551173835,0.6310042758722425,-1.931206965471702,1
90.0,77.0,True,0.3004678359458476,0.1286070943853868,0.4615087136655886,-0.7712268214976109,-0.5587382383642348,1
90.0,78.0,True,0.307806244208489,0.1688858170250046,0.6420458426577822,0.0933524362489195,-0.394935960613123,3
90.0,79.0,True,0.3883950795617503,0.290529307885716,0.9988924321232224,0.6970172349426392,1.8843736491238647,2
90.0,80.0,True,0.4022824240821666,0.1677664008355843,0.6897138422408206,-0.2328319298826812,2.5761941917199396,3
90.0,81.0,True,0.0699924985206922,0.0727027145466043,0.3609044589778982,1.8582612391313291,-7.90261756846883,1
90.0,82.0,False,,,,,,0
90.0,83.0,False,,,,,,0
90.0,84.0,False,,,,,,0
90.0,85.0,False,,,,,,0
90.0,86.0,False,,,,,,0
90.0,87.0,False,,,,,,0
90.0,88.0,False,,,,,,0
90.0,89.0,False,,,,,,0
90.0,90.0,False,,,,,,0
90.0,91.0,False,,,,,,0
90.0,92.0,False,,,,,,0
90.0,93.0,False,,,,,,0
90.0,94.0,False,,,,,,0
90.0,95.0,False,,,,,,0
90.0,96.0,False,,,,,,0
90.0,97.0,False,,,,,,0
90.0,98.0,False,,,,,,0
90.0,99.0,False,,,,,,0
90.0,100.0,False,,,,,,0
91.0,1.0,False,,,,,,0
91.0,2.0,False,,,,,,0
91.0,3.0,False,,,,,,0
91.0,4.0,False,,,,,,0
91.0,5.0,False,,,,,,0
91.0,6.0,False,,,,,,0
91.0,7.0,False,,,,,,0
91.0,8.0,False,,,,,,0
91.0,9.0,False,,,,,,0
91.0,10.0,False,,,,,,0
91.0,11.0,False,,,,,,0
91.0,12.0,False,,,,,,0
91.0,13.0,False,,,,,,0
91.0,14.0,False,,,,,,0
91.0,15.0,False,,,,,,0
91.0,16.0,False,,,,,,0
91.0,17.0,False,,,,,,0
91.0,18.0,False,,,,,,0
91.0,19.0,False,,,,,,0
91.0,20.0,False,,,,,,0
91.0,21.0,False,,,,,,0
91.0,22.0,True,0.0818580886406415,0.0979933853758886,0.2975439456871533,1.0426376695494697,-7.292173843651097,1
91.0,23.0,True,0.2507350249396939,0.1410719006198948,0.5881399743851913,0.5876513066155071,-2.1040514169831264,1
91.0,24.0,True,0.318933725339001,0.1143834390724671,0.5308012965136901,-0.9406996894050854,0.1009779770228547,1
91.0,25.0,True,0.4790579407433185,0.1873812802708407,0.9428697260453442,0.1056308056630494,4.601448832690774,3
91.0,26.0,True,0.3515725066265624,0.1587061343567335,0.6092056065013561,-0.2359404159139614,1.3347970660734678,3
91.0,27.0,True,0.3532567630027212,0.1520239564991836,0.674622604972416,0.5351332343890107,1.0747735867599024,3
91.0,28.0,True,0.637101518722505,0.2484554051794622,1.16032554891551,0.0233608677792831,9.743343247280814,2
91.0,29.0,True,0.5874252852150565,0.3549461527488965,1.3937417433816577,0.3867546615790089,8.474391752933698,2
91.0,30.0,True,0.3889317300546112,0.2709173672066914,0.9176359000091646,0.2662735796730534,2.351661721898594,3
91.0,31.0,True,0.5604251957678461,0.247347527406633,1.1274292744871044,0.660595114736328,7.081894608112094,2
91.0,32.0,True,0.4433551659450527,0.2366111284344553,1.0621842478231638,0.7228789468083618,3.55710148064792,2
91.0,33.0,True,0.4353218977496656,0.2278906502042636,1.0092314598262913,0.6365679876955987,3.860240381597232,2
91.0,34.0,True,0.3515989023782618,0.1865133264452554,0.7723821909022375,0.2822605074273307,1.2966427956623878,3
91.0,35.0,True,0.550830965876941,0.2969192704442615,1.5,1.188897465830946,6.50033849590331,2
91.0,36.0,True,0.4292475303980832,0.2219223974872823,0.8850582131934552,0.2773697402168923,3.1901793963790936,3
91.0,37.0,True,0.3926042643186678,0.1880638930168323,0.7368270568367409,-0.3268972904226161,2.2810190676475175,3
91.0,38.0,True,0.338432466636313,0.2326192237566821,1.091048204553586,1.0130783815681836,0.2351966836456853,3
91.0,39.0,True,0.442963722738585,0.2506346834606927,0.7859965014341562,-0.3271916894788113,3.882064514882157,3
91.0,40.0,True,0.4450490901375472,0.1724949821272295,0.8407585663692775,0.1011917988612424,3.5295864445136296,3
91.0,41.0,True,0.350859359695401,0.2768643345784179,1.215173781944028,0.902265064674154,0.5561783170215976,2
91.0,42.0,True,0.6556318237802751,0.2498293556612271,1.0931112482872842,-0.1141406461189999,10.197776801365608,2
91.0,43.0,True,0.4894987849579589,0.2008977614654369,0.9440227248258948,0.5933334814747648,5.298901417729854,2
91.0,44.0,True,0.4113061539576591,0.2666408073261621,1.1070308704102791,0.8693024083919672,2.5844588745103403,2
91.0,45.0,True,0.3957024316274632,0.1955936030478802,0.9498392661480832,0.71825754007179,1.809840211706531,3
91.0,46.0,True,0.2484679009148114,0.1341441803830017,0.7840961746343065,1.827459007704522,-2.547622668644389,1
91.0,47.0,True,0.2686726578693686,0.1820266310669915,0.6081712551450442,-0.1405880708273849,-1.6107986227318003,3
91.0,48.0,True,0.2490546043977347,0.1527213735977972,0.7777176610339772,1.2093887152285776,-2.5207567655961656,3
91.0,49.0,True,0.1316360714901645,0.0802011178856565,0.2436166093228722,-0.2373123935962623,-5.771001888232257,1
91.0,50.0,True,0.3073324183102206,0.1475666790247478,0.6562429259727658,0.3572975042412243,-0.3261693525498884,3
91.0,51.0,True,0.2286922089238657,0.1436975997541424,0.4608801472825857,0.0397349291154935,-2.830678769435324,1
91.0,52.0,True,0.2363334614069016,0.1934098570257187,0.6942931315789863,0.6005446947176047,-2.5576863963372065,3
91.0,53.0,True,0.1458668987206312,0.1172831807840415,0.378298235196618,0.4247625297027204,-5.595835078552553,1
91.0,54.0,True,0.253074569273694,0.1390470977773581,0.6308768335839511,0.2199399280000285,-2.394245893913447,1
91.0,55.0,True,0.3102507840197026,0.2466153480215108,1.2321586547655814,1.2286258673118302,-0.624562945216842,3
91.0,56.0,True,0.2316667992362834,0.1143157865468105,0.674585266230147,1.6049263513327383,-2.9337883288066493,1
91.0,57.0,True,0.1346549635181006,0.1065530033430827,0.4037825400550687,0.6954149946036653,-5.589158771335418,1
91.0,58.0,True,0.3405238728118716,0.2332878304127379,0.816318908057093,0.3458526374085418,0.6817393937587455,3
91.0,59.0,True,0.2207596298882984,0.1125656514766863,0.4578820813823573,-0.3166760387412662,-3.3650048766606786,1
91.0,60.0,True,0.2949285945269748,0.1609003770995543,0.5299560833441116,-0.576049337646519,-0.7948016350378675,1
91.0,61.0,True,0.1793276519596686,0.145199437175605,0.4703539537288921,0.299423389228624,-4.547251649134802,1
91.0,62.0,True,0.2790356622042476,0.1907439088045442,0.9614145716167,1.403539120838437,-1.6100063937766178,3
91.0,63.0,True,0.2705431071867321,0.1397401179615962,0.5697875418629734,0.6113772141604626,-1.5918147482183298,1
91.0,64.0,True,0.3588900596969713,0.2310940419067642,0.7495715976236621,0.1279461741644458,1.2588123907860629,3
91.0,65.0,True,0.2458605309440105,0.1291645031329498,0.549134372551175,0.3056925875028223,-2.1257393969181813,1
91.0,66.0,True,0.2708417259243665,0.1265354228510595,0.5663990876154493,0.4174526383087745,-1.627048778743008,1
91.0,67.0,True,0.2546839360746658,0.1277959834716959,0.4608885510560001,-0.0705275696780608,-1.89582788920295,1
91.0,68.0,True,0.321148277162142,0.193418759427789,0.6600123026501084,-0.1020659544832595,-0.0122643894380904,3
91.0,69.0,True,0.3023748875778277,0.1771603983068254,0.8623313891876093,0.5712519816533924,-0.745483240491677,3
91.0,70.0,True,0.2376074422696815,0.1428393398875162,0.4709797593526245,-0.1784981000663482,-2.607404954758277,1
91.0,71.0,True,0.1953418730500626,0.1220436044084785,0.4249059837030995,0.3209103865389485,-3.969206287485774,1
91.0,72.0,True,0.313997760306316,0.1758896932757043,0.746045577271062,0.7402716287608325,-0.1175043172789166,3
91.0,73.0,True,0.2464916585085359,0.1577176956025852,0.6305379531241021,0.9770771029262876,-2.3145155997536753,1
91.0,74.0,True,0.3648777110396928,0.2417726076359506,1.1015772342790968,0.7934316244504228,0.8735694575827925,3
91.0,75.0,True,0.3372085503940361,0.1906700118640584,0.7840117369440704,0.5634927919563532,0.4927571099539529,3
91.0,76.0,True,0.3605063405439172,0.1384600813744743,0.651286381395927,-0.090730054862391,0.8992354001856825,3
91.0,77.0,True,0.2959265337980125,0.1565038688837932,0.6385464195989025,-0.1837008162540947,-0.7553939056386471,3
91.0,78.0,True,0.4097665128369052,0.2482608580898501,1.063053333064688,1.480978430593463,2.5411865968638367,3
91.0,79.0,True,0.1724788161832616,0.0747376352982978,0.2956938880055386,-0.3920124658012471,-4.519621726753635,1
91.0,80.0,False,,,,,,0
91.0,81.0,False,,,,,,0
91.0,82.0,False,,,,,,0
91.0,83.0,False,,,,,,0
91.0,84.0,False,,,,,,0
91.0,85.0,False,,,,,,0
91.0,86.0,False,,,,,,0
91.0,87.0,False,,,,,,0
91.0,88.0,False,,,,,,0
91.0,89.0,False,,,,,,0
91.0,90.0,False,,,,,,0
91.0,91.0,False,,,,,,0
91.0,92.0,False,,,,,,0
91.0,93.0,False,,,,,,0
91.0,94.0,False,,,,,,0
91.0,95.0,False,,,,,,0
91.0,96.0,False,,,,,,0
91.0,97.0,False,,,,,,0
91.0,98.0,False,,,,,,0
91.0,99.0,False,,,,,,0
91.0,100.0,False,,,,,,0
92.0,1.0,False,,,,,,0
92.0,2.0,False,,,,,,0
92.0,3.0,False,,,,,,0
92.0,4.0,False,,,,,,0
92.0,5.0,False,,,,,,0
92.0,6.0,False,,,,,,0
92.0,7.0,False,,,,,,0
92.0,8.0,False,,,,,,0
92.0,9.0,False,,,,,,0
92.0,10.0,False,,,,,,0
92.0,11.0,False,,,,,,0
92.0,12.0,False,,,,,,0
92.0,13.0,False,,,,,,0
92.0,14.0,False,,,,,,0
92.0,15.0,False,,,,,,0
92.0,16.0,False,,,,,,0
92.0,17.0,False,,,,,,0
92.0,18.0,False,,,,,,0
92.0,19.0,False,,,,,,0
92.0,20.0,False,,,,,,0
92.0,21.0,False,,,,,,0
92.0,22.0,False,,,,,,0
92.0,23.0,True,0.0183171553915978,0.0388767196081798,0.1333355131197516,2.0534176148092276,-9.325778824606642,1
92.0,24.0,True,0.1082743899181546,0.1128859581488531,0.3809588616966615,0.8595221266334846,-6.599039895724185,1
92.0,25.0,True,0.4149441691303016,0.1547239020846634,0.7947816788001998,0.6778721332224096,3.1901045164929926,3
92.0,26.0,True,0.4090477631433953,0.1464694924198219,0.7249003626423965,0.2102442431312447,2.723438825538808,3
92.0,27.0,True,0.5127734236673941,0.2929591144406056,1.5,1.1080766189824685,5.39380707371588,2
92.0,28.0,True,0.4899530210985406,0.2388950566721589,1.090998473218594,0.7810101703844102,5.0963706177916945,2
92.0,29.0,True,0.5431543518814052,0.2509100447705158,1.0192937512988207,0.0044979836847284,6.740589427183406,2
92.0,30.0,True,0.5133769442252286,0.27918334352836,1.1525580420747892,0.5385227940093035,6.145377216664635,2
92.0,31.0,True,0.4051351838273662,0.17644498128866,0.8285439470632856,0.9556788438997488,2.452296402925556,3
92.0,32.0,True,0.4343102897371967,0.1090340985634609,0.6662009090252177,-0.023592286479603,3.3538630624912127,3
92.0,33.0,True,0.3950779596255727,0.1647244400701749,0.6466956632775634,-0.8787008538852168,2.2946311099800853,3
92.0,34.0,True,0.435854797955793,0.281028273759709,1.0579620973107542,0.557127938526781,3.964021722170658,2
92.0,35.0,True,0.388718359352224,0.1189553561597207,0.6877223962631984,0.7392260542166245,2.1067362633172775,3
92.0,36.0,True,0.3216771209039382,0.1436475958801338,0.4973308587569469,-0.8131067979582633,0.0502405628361295,1
92.0,37.0,True,0.3219283561356367,0.1604258852721883,0.6551708175488796,0.3765259743713378,0.0213206096277152,3
92.0,38.0,True,0.2256937794925415,0.1458654588436983,0.6452963806722186,0.2555934236694168,-3.1523536969310433,1
92.0,39.0,True,0.3655388342156845,0.1441883246170444,0.6444907082985296,-0.0748160232580262,1.683953307947413,3
92.0,40.0,True,0.4338053239977791,0.2029953989890358,0.8414056652476677,0.0207043651438543,3.9094680529674495,3
92.0,41.0,True,0.5489171442798205,0.2275492799123698,1.1546066402639192,0.2618261892496906,6.909493807073468,2
92.0,42.0,True,0.5331332250551194,0.2452198850654545,1.00224608597467,-0.0604267036577007,6.489569612642758,2
92.0,43.0,True,0.4548231646614381,0.215846189205365,0.7598163778339249,-0.4121194641037189,4.2956402261016775,3
92.0,44.0,True,0.3795809668619083,0.2378596908972458,0.999396855489656,0.877933770489007,1.943903153612211,3
92.0,45.0,True,0.442957293673836,0.1950459340298438,0.7272200051823831,-0.5579595115909743,3.82380697639992,3
92.0,46.0,True,0.3528619851138466,0.2341728616043931,0.7055447327497426,-0.0934478118778256,0.5388412566547988,3
92.0,47.0,True,0.3999215298876006,0.2877994456529271,1.0851254532592016,0.7179574583844481,2.452204638074027,2
92.0,48.0,True,0.319287519740674,0.2176278204619981,0.6748173638728363,0.0390519009887381,0.0473187335030445,3
92.0,49.0,True,0.2097190009100095,0.124351980911848,0.5097577657608541,0.7012835026423552,-3.413819465458643,1
92.0,50.0,True,0.2773757656222844,0.1698331217935945,0.6446273903228618,0.2088199662864656,-1.2137940274646066,3
92.0,51.0,True,0.250584086640422,0.2132488878231671,1.0026842288078328,1.36220795002496,-2.558683018871879,3
92.0,52.0,True,0.1416262318857092,0.0988584168162384,0.3470890313337393,0.309710420532653,-5.393341301889865,1
92.0,53.0,True,0.2746473521368769,0.172286133829627,0.7629891851914736,0.5297855282104174,-1.7796567447810112,3
92.0,54.0,True,0.2867762933717893,0.1583816006868982,0.5400236771340605,-0.2659806579354499,-0.9272620568537736,1
92.0,55.0,True,0.2807837890678838,0.1442923254319802,0.7414166240879988,0.5034794769228099,-1.6460556482620334,3
92.0,56.0,True,0.1216000711288151,0.1009921560983989,0.345239791817939,0.5918178888275958,-6.09075557188874,1
92.0,57.0,True,0.242652151058806,0.1345335793265846,0.5158530685926772,-0.0004964597415354,-2.4714594604164057,1
92.0,58.0,True,0.1056298540624973,0.0834063436515514,0.2798801206533697,0.4376360115438426,-6.508778102150276,1
92.0,59.0,True,0.1801501857235474,0.0944906344438168,0.3970707218097817,0.2577309427879217,-4.295147979345509,1
92.0,60.0,True,0.2020870650126208,0.0969286441349686,0.432289584749351,0.4141388109462908,-3.8261863083220815,1
92.0,61.0,True,0.3568271885768214,0.219488116900033,0.9113598569704964,0.6022967396853096,1.249011927391306,3
92.0,62.0,True,0.3034899410825009,0.1350705178934131,0.5991783995839977,0.5020824151420143,-0.478643743096481,1
92.0,63.0,True,0.2329830516294929,0.1263747319617544,0.4453019589147608,0.2897290302292314,-2.783239323132853,1
92.0,64.0,True,0.4072112515523021,0.1999220061053696,0.8582740781825406,0.3563518691889992,2.524177883624277,3
92.0,65.0,True,0.5357848723712108,0.2259404044687985,0.9475870012952964,-0.3381269265679009,6.613407696660388,2
92.0,66.0,True,0.3841760933979182,0.28534460074452,1.0502058123298086,0.6241149077960805,1.4904413775487304,2
92.0,67.0,True,0.2945475980436834,0.1376987354575583,0.5585303212764987,-0.135522745573525,-1.0432419493302598,1
92.0,68.0,True,0.3117171461611657,0.1571704606275659,0.7970532073770631,0.5630763301275684,-0.507356018639156,3
92.0,69.0,True,0.2517481997711749,0.1298090647270336,0.4723082096173646,-0.2538953323084844,-2.1905415129529677,1
92.0,70.0,True,0.2404104783316455,0.139053895430177,0.5247842884995816,0.3387516455374871,-2.3231466391007984,1
92.0,71.0,True,0.285294654443837,0.2086194610021017,0.7723063081160595,0.8417208681709978,-1.3060181321639173,3
92.0,72.0,True,0.3595110289814009,0.2322066304709593,0.9114056056646362,0.4686223788300317,1.241309202263464,3
92.0,73.0,True,0.326709272452817,0.2249216331049454,0.7087949787991603,0.1703500671692532,0.2511561064915911,3
92.0,74.0,True,0.3172169752136828,0.2418693734506593,0.8820175141470048,0.850467623052731,-0.540679085706613,3
92.0,75.0,True,0.2956889814797209,0.1477408030463457,0.764741047771479,1.134479880517107,-0.9927065363749892,3
92.0,76.0,True,0.3019884764282158,0.1281718738860213,0.5797812573757231,0.5443559233573029,-0.5837112658051793,1
92.0,77.0,True,0.4110265388821373,0.2812188432563815,0.9794527654613244,0.5397204490738584,2.466065844778303,2
92.0,78.0,True,0.0907808762027038,0.0707720908731744,0.2190217920808274,0.0063513468638825,-7.128383718394004,1
92.0,79.0,False,,,,,,0
92.0,80.0,False,,,,,,0
92.0,81.0,False,,,,,,0
92.0,82.0,False,,,,,,0
92.0,83.0,False,,,,,,0
92.0,84.0,False,,,,,,0
92.0,85.0,False,,,,,,0
92.0,86.0,False,,,,,,0
92.0,87.0,False,,,,,,0
92.0,88.0,False,,,,,,0
92.0,89.0,False,,,,,,0
92.0,90.0,False,,,,,,0
92.0,91.0,False,,,,,,0
92.0,92.0,False,,,,,,0
92.0,93.0,False,,,,,,0
92.0,94.0,False,,,,,,0
92.0,95.0,False,,,,,,0
92.0,96.0,False,,,,,,0
92.0,97.0,False,,,,,,0
92.0,98.0,False,,,,,,0
92.0,99.0,False,,,,,,0
92.0,100.0,False,,,,,,0
93.0,1.0,False,,,,,,0
93.0,2.0,False,,,,,,0
93.0,3.0,False,,,,,,0
93.0,4.0,False,,,,,,0
93.0,5.0,False,,,,,,0
93.0,6.0,False,,,,,,0
93.0,7.0,False,,,,,,0
93.0,8.0,False,,,,,,0
93.0,9.0,False,,,,,,0
93.0,10.0,False,,,,,,0
93.0,11.0,False,,,,,,0
93.0,12.0,False,,,,,,0
93.0,13.0,False,,,,,,0
93.0,14.0,False,,,,,,0
93.0,15.0,False,,,,,,0
93.0,16.0,False,,,,,,0
93.0,17.0,False,,,,,,0
93.0,18.0,False,,,,,,0
93.0,19.0,False,,,,,,0
93.0,20.0,False,,,,,,0
93.0,21.0,False,,,,,,0
93.0,22.0,False,,,,,,0
93.0,23.0,False,,,,,,0
93.0,24.0,False,,,,,,0
93.0,25.0,True,0.0809852470624383,0.0716946113102369,0.2368867480721314,0.5853720508659088,-7.304147429546438,1
93.0,26.0,True,0.4288908312783844,0.1901134872481576,0.9036673830044244,0.846245907304695,3.5413632818200735,3
93.0,27.0,True,0.3945240218267122,0.1005454459940449,0.5884153669154862,0.0855477187487166,2.239855500835569,3
93.0,28.0,True,0.429122517979255,0.1664263154939284,0.757033588459042,-0.2558190368478532,3.4005848403530776,3
93.0,29.0,True,0.3597532060337421,0.1656404739081303,1.0092196573226355,1.90897468413984,0.9920300148267984,3
93.0,30.0,True,0.487231517621794,0.2564050703367048,1.2341874815507126,1.3647040775839676,5.1291073696755065,2
93.0,31.0,True,0.36533448163713,0.1681083220122398,0.6534656256388798,-0.3980030694205657,1.5144266767504548,3
93.0,32.0,True,0.3718853403815157,0.1607982217294931,0.674003595864909,-0.3786356686304516,1.6992694812803264,3
93.0,33.0,True,0.3402432518912885,0.1473652391627017,0.5929893651564131,0.1666757427962962,0.5645063971975133,3
93.0,34.0,True,0.3310410749167793,0.141191554731806,0.6030985684018416,-0.6843228565173726,0.4708970273577746,3
93.0,35.0,True,0.2346363867725282,0.0824710721858878,0.4060475336043002,0.1311875535572997,-2.6485724712410987,1
93.0,36.0,True,0.4190126517603846,0.16246248236619,0.739619339865064,0.2838605558037317,3.169965743334608,3
93.0,37.0,True,0.3050958237326367,0.1352963472879055,0.5425397195058814,0.3563529856888212,-0.458512674079922,1
93.0,38.0,True,0.3537516884731325,0.1749781605343233,0.7460312816626228,0.4598269145238523,0.8915634999708472,3
93.0,39.0,True,0.2661522482690223,0.1564591507666801,0.6577863104272713,0.409406692126341,-1.8550980270906003,1
93.0,40.0,True,0.4365260795219048,0.2254067733280985,0.9125217456543524,0.192798764942582,3.469440232011623,3
93.0,41.0,True,0.4221058570566052,0.2089634425523557,0.9208731222011184,0.2949080521722135,3.1648514089909083,3
93.0,42.0,True,0.5797491185547262,0.3043646844800451,1.5,0.6924375002894054,7.472839324265647,2
93.0,43.0,True,0.5026723417062314,0.178394306256759,0.8376359656617358,-0.2576014665364901,5.737276315061672,3
93.0,44.0,True,0.6099680324785987,0.2562002239410195,1.0612662411857872,-0.2919946084922483,8.652954355275472,2
93.0,45.0,True,0.4642073656542675,0.183001698757112,0.9513068902477344,0.4614954597791073,4.014373715550596,3
93.0,46.0,True,0.332758202654872,0.2352627372325539,1.1170186541071006,1.0943521141221926,0.1382153024515852,3
93.0,47.0,True,0.3224471696322595,0.1256249157713325,0.6206419776845731,0.4408728423823692,-0.0203842057781656,1
93.0,48.0,True,0.2161941600141053,0.1158900174281989,0.4129753406824774,-0.0206240843633466,-3.133959089993294,1
93.0,49.0,True,0.2084762026043672,0.1866852133562581,0.7141504088724245,1.4527776084075028,-3.907901275508772,1
93.0,50.0,True,0.3355005648444504,0.1904796108015266,0.7267686982110807,0.5603393351720578,0.5215731081524192,3
93.0,51.0,True,0.2867453658519724,0.1265222032223767,0.6414827098161097,0.4616766655949848,-1.308135260344323,1
93.0,52.0,True,0.2817201332735315,0.1755932315023181,0.6790177831997573,0.5040718479001193,-1.3365350915881162,3
93.0,53.0,True,0.239156486732419,0.1477859896701509,0.5669594172060072,0.6073356808689006,-2.5423231134598026,1
93.0,54.0,True,0.2610775080301346,0.2038939738936804,0.6856112878157347,0.6289314065299489,-2.1756966276542062,3
93.0,55.0,True,0.2586972890222334,0.2339906147356111,1.2767650143442206,2.1645032488598677,-2.500776977497719,3
93.0,56.0,True,0.1986887414385779,0.0867093673696501,0.3470941051533625,-0.2561512168169277,-3.601718847676355,1
93.0,57.0,True,0.2462549905200122,0.1396977166342557,0.5008466349813612,0.0645826451057361,-2.0555407183355965,1
93.0,58.0,True,0.2475295780980128,0.1327125772587905,0.6274510752098074,0.2276840538907638,-2.461913991943029,1
93.0,59.0,True,0.3911106305843511,0.1673435052810744,0.7388843478306069,-0.2865410616718924,2.2174701604604365,3
93.0,60.0,True,0.3180518775903092,0.124731474756264,0.5845036228896162,-0.0015806343924391,0.0909684330840571,1
93.0,61.0,True,0.1400249114588427,0.0892312254997695,0.3202298220271471,0.5706880731360715,-5.569584420721102,1
93.0,62.0,True,0.2756604092816433,0.1583011193687738,0.5365531022383659,0.1228236866514484,-1.4043966325991533,1
93.0,63.0,True,0.3779696053155335,0.2257396964376122,1.070276744098256,0.5195134063089115,1.6204497488387732,3
93.0,64.0,True,0.3001747687403223,0.1669572969875297,0.6791329550330388,0.3357827967766966,-0.8028181978354436,3
93.0,65.0,True,0.2906159813351793,0.1821944471905811,0.7122554668657047,0.2000388943093234,-0.9664669963936252,3
93.0,66.0,True,0.2537985066480588,0.0992830292202194,0.4769539546018491,0.2658321417317844,-2.032741220283869,1
93.0,67.0,True,0.2180643746619851,0.1404476598245854,0.4910358161055731,0.3664387787920392,-3.2421451381300717,1
93.0,68.0,True,0.387528385672204,0.2391379127042876,0.8947240341951196,0.5186037080597827,2.3822939995749337,3
93.0,69.0,True,0.3227517027820718,0.1507449875276087,0.649597084468787,0.0486976687236934,0.0267663639073749,3
93.0,70.0,True,0.3568102466310727,0.1538964751120838,0.6270000387029908,0.1121867489655772,1.0208863839738678,3
93.0,71.0,True,0.3570547483802502,0.1034873569486061,0.551775102912006,-0.1041043152787847,1.278914260084355,1
93.0,72.0,True,0.3161584182653629,0.2185904267926348,0.8460571295333075,1.0861936743393383,-0.2558962348627787,3
93.0,73.0,True,0.3513826028758913,0.294785188939555,1.0741906168389177,0.8627850342962928,0.6150047164826838,3
93.0,74.0,True,0.3423857012378601,0.185202617142695,0.8436044868130359,0.7529697000281381,0.5853224862768517,3
93.0,75.0,True,0.276441482737511,0.2070893917517225,0.6723805516914803,0.2694613563896126,-1.170593878364116,3
93.0,76.0,True,0.2040685656681424,0.1214132179239258,0.4761668322195304,0.785801880336494,-3.864065374810344,1
93.0,77.0,True,0.0516274194949416,0.0435212177427876,0.1325418650458517,0.3124273174900687,-8.334812308264754,1
93.0,78.0,False,,,,,,0
93.0,79.0,False,,,,,,0
93.0,80.0,False,,,,,,0
93.0,81.0,False,,,,,,0
93.0,82.0,False,,,,,,0
93.0,83.0,False,,,,,,0
93.0,84.0,False,,,,,,0
93.0,85.0,False,,,,,,0
93.0,86.0,False,,,,,,0
93.0,87.0,False,,,,,,0
93.0,88.0,False,,,,,,0
93.0,89.0,False,,,,,,0
93.0,90.0,False,,,,,,0
93.0,91.0,False,,,,,,0
93.0,92.0,False,,,,,,0
93.0,93.0,False,,,,,,0
93.0,94.0,False,,,,,,0
93.0,95.0,False,,,,,,0
93.0,96.0,False,,,,,,0
93.0,97.0,False,,,,,,0
93.0,98.0,False,,,,,,0
93.0,99.0,False,,,,,,0
93.0,100.0,False,,,,,,0
94.0,1.0,False,,,,,,0
94.0,2.0,False,,,,,,0
94.0,3.0,False,,,,,,0
94.0,4.0,False,,,,,,0
94.0,5.0,False,,,,,,0
94.0,6.0,False,,,,,,0
94.0,7.0,False,,,,,,0
94.0,8.0,False,,,,,,0
94.0,9.0,False,,,,,,0
94.0,10.0,False,,,,,,0
94.0,11.0,False,,,,,,0
94.0,12.0,False,,,,,,0
94.0,13.0,False,,,,,,0
94.0,14.0,False,,,,,,0
94.0,15.0,False,,,,,,0
94.0,16.0,False,,,,,,0
94.0,17.0,False,,,,,,0
94.0,18.0,False,,,,,,0
94.0,19.0,False,,,,,,0
94.0,20.0,False,,,,,,0
94.0,21.0,False,,,,,,0
94.0,22.0,False,,,,,,0
94.0,23.0,False,,,,,,0
94.0,24.0,False,,,,,,0
94.0,25.0,False,,,,,,0
94.0,26.0,False,,,,,,0
94.0,27.0,True,0.2251783419187268,0.1281288154587401,0.581634323436629,0.7165378621494113,-3.0231370907186963,1
94.0,28.0,True,0.3554632394641847,0.2278930255629064,1.059096086091739,0.7661883192023428,0.9814442946558876,3
94.0,29.0,True,0.400344165462664,0.210691807623533,0.797100313148211,0.0241559669252098,2.2324461552295336,3
94.0,30.0,True,0.2800465905097614,0.1003207630952963,0.4570090172984311,0.0142802997563584,-1.425234071247405,1
94.0,31.0,True,0.3877143250954942,0.2728091392722618,1.0134141381484711,0.6629302312213773,2.20482030848897,3
94.0,32.0,True,0.3212793936754647,0.1703644958151788,0.5690679796912748,-0.4689632603691447,-0.0225211895843634,3
94.0,33.0,True,0.4411422827506672,0.2310983917858808,0.8769060642701243,-0.1856306374526308,3.979274065076791,3
94.0,34.0,True,0.4516717749353897,0.2335718570854505,0.8953303051390707,0.1309167613290302,4.131558027568441,3
94.0,35.0,True,0.2783666660036378,0.2088458981927222,1.0010068325845694,1.0162569440599762,-1.9795121458835157,3
94.0,36.0,True,0.3775962653121964,0.2112551564955144,0.7924030443985189,0.2138230331854476,1.9553027499412128,3
94.0,37.0,True,0.2555008013927652,0.1211172849231442,0.4469624146378202,-0.0643053116734878,-2.0492452417430456,1
94.0,38.0,True,0.2797356494434543,0.1735793142435068,0.7009528423295698,0.8941918869083195,-1.412136790264341,3
94.0,39.0,True,0.3884565990477957,0.1963516130326964,0.8882092073624551,0.4314328157055406,1.9254047780961696,3
94.0,40.0,True,0.382849148249297,0.1903629937013878,0.758093523972846,0.4909966063153065,1.8534268221303585,3
94.0,41.0,True,0.3944640781666181,0.1542576306450919,0.7287573702147705,0.2237521913206181,2.4032091303795884,3
94.0,42.0,True,0.6018960783064249,0.2116868665119703,1.0268190429867272,-0.1458698867279759,8.352327842612453,2
94.0,43.0,True,0.4548244555954451,0.2030653173411409,0.925605076787744,0.6595274452867944,3.96665117598118,3
94.0,44.0,True,0.4119392833248775,0.135307390836683,0.6977529898794831,0.0899379982931131,2.7294265338417043,3
94.0,45.0,True,0.6434485728894992,0.347476178773532,1.5,1.2872715433343018,9.73052661061226,2
94.0,46.0,True,0.3643418907716948,0.1652710894721027,0.7385110688223948,-0.0213440346448006,1.423511706585309,3
94.0,47.0,True,0.4204563556834363,0.1936983121239399,0.9106248398151072,0.5882869506616715,3.2088465177263563,3
94.0,48.0,True,0.2108330874801358,0.097552139009657,0.3616692325284915,-0.3874635213480173,-3.430418910791752,1
94.0,49.0,True,0.2759323227980766,0.1117180379402795,0.5016567013450339,-0.2329022233310702,-1.2091034169763126,1
94.0,50.0,True,0.269820520522481,0.207630510616427,0.720221899069608,0.7315857686348971,-1.5231537732455562,3
94.0,51.0,True,0.2426032745997083,0.1781469487497221,0.6196386023370964,0.7255758010616566,-2.3712954308077574,1
94.0,52.0,True,0.1870838399198719,0.0877802578314357,0.3309275806206382,-0.627457764756424,-4.290903186615389,1
94.0,53.0,True,0.1448972601203753,0.1338830859398461,0.4484467615813263,0.6623525107937245,-5.350472181044267,1
94.0,54.0,True,0.3264597514014114,0.2133191057192185,0.8930274997358287,0.4877923474426076,-0.057274538848607,3
94.0,55.0,True,0.3161711083658041,0.1864839994881612,0.7056880086132723,0.8735613808277936,0.0064284170132543,3
94.0,56.0,True,0.2108181142469231,0.1083128798716565,0.5728007900675252,1.209116376715746,-3.496170533262406,1
94.0,57.0,True,0.2962604911733437,0.2188422544988805,0.8389626264528789,1.2781259784492691,-0.5689697700027195,3
94.0,58.0,True,0.2982767288621992,0.215002495031982,0.7178075469625922,0.3674152578664233,-0.7564345124588964,3
94.0,59.0,True,0.3132418931441829,0.1959530794308712,0.7428346301290469,0.5438757095618846,-0.349532712920504,3
94.0,60.0,True,0.2581017646431642,0.1563948046137677,0.528807953656491,0.1827784733957898,-1.675571881238607,1
94.0,61.0,True,0.2362569381941561,0.1635037296199875,0.6544396353032954,0.8630544475384612,-2.6473129945036407,1
94.0,62.0,True,0.2189225982299001,0.1888651937363171,0.5219989217046039,0.0753398152321188,-3.096533831588218,1
94.0,63.0,True,0.3491640668688318,0.15766182688531,0.7885499216834415,1.411349335307314,0.5387380787897719,3
94.0,64.0,True,0.2744338562186903,0.2288651513426761,0.9292308575076864,1.527125586364655,-1.5437290165131294,3
94.0,65.0,True,0.4449396103445279,0.250350582577814,0.917335910276018,0.3845063950387855,4.127231067028968,2
94.0,66.0,True,0.3589338387754555,0.1140113783772896,0.5577739353011296,-0.3816020124675237,1.2771785360611685,3
94.0,67.0,True,0.4844095101026187,0.1522255253920824,0.7749199920463897,-0.1433510635120703,5.021633436597486,3
94.0,68.0,True,0.4320171387624343,0.1957172471893228,1.0160215262516137,0.0930907376224264,2.8932578323193416,3
94.0,69.0,True,0.3670017281424697,0.140258895997538,0.5847304979816462,-0.4298828980083437,1.407683696226666,3
94.0,70.0,True,0.3524916420341272,0.2269113598231277,0.789246518080211,0.5721249369010483,0.7073265676940229,3
94.0,71.0,True,0.2315919756431182,0.1423546176397726,0.5279380748597683,0.2922078158149772,-2.5534940595014435,1
94.0,72.0,True,0.3983172503506682,0.1414014337392806,0.6827049364330495,-0.3951776876052544,2.594384554102299,3
94.0,73.0,True,0.3144706225207453,0.1399498801230992,0.528950833449585,-0.3983282223077444,-0.0063612190124836,1
94.0,74.0,True,0.1795023500052411,0.1220389644075527,0.5209373590975448,0.7997628360938747,-4.435231577512686,1
94.0,75.0,True,0.1082516976848583,0.0981918051098006,0.3598155145230335,1.0694427130002218,-6.5558682018654935,1
94.0,76.0,False,,,,,,0
94.0,77.0,False,,,,,,0
94.0,78.0,False,,,,,,0
94.0,79.0,False,,,,,,0
94.0,80.0,False,,,,,,0
94.0,81.0,False,,,,,,0
94.0,82.0,False,,,,,,0
94.0,83.0,False,,,,,,0
94.0,84.0,False,,,,,,0
94.0,85.0,False,,,,,,0
94.0,86.0,False,,,,,,0
94.0,87.0,False,,,,,,0
94.0,88.0,False,,,,,,0
94.0,89.0,False,,,,,,0
94.0,90.0,False,,,,,,0
94.0,91.0,False,,,,,,0
94.0,92.0,False,,,,,,0
94.0,93.0,False,,,,,,0
94.0,94.0,False,,,,,,0
94.0,95.0,False,,,,,,0
94.0,96.0,False,,,,,,0
94.0,97.0,False,,,,,,0
94.0,98.0,False,,,,,,0
94.0,99.0,False,,,,,,0
94.0,100.0,False,,,,,,0
95.0,1.0,False,,,,,,0
95.0,2.0,False,,,,,,0
95.0,3.0,False,,,,,,0
95.0,4.0,False,,,,,,0
95.0,5.0,False,,,,,,0
95.0,6.0,False,,,,,,0
95.0,7.0,False,,,,,,0
95.0,8.0,False,,,,,,0
95.0,9.0,False,,,,,,0
95.0,10.0,False,,,,,,0
95.0,11.0,False,,,,,,0
95.0,12.0,False,,,,,,0
95.0,13.0,False,,,,,,0
95.0,14.0,False,,,,,,0
95.0,15.0,False,,,,,,0
95.0,16.0,False,,,,,,0
95.0,17.0,False,,,,,,0
95.0,18.0,False,,,,,,0
95.0,19.0,False,,,,,,0
95.0,20.0,False,,,,,,0
95.0,21.0,False,,,,,,0
95.0,22.0,False,,,,,,0
95.0,23.0,False,,,,,,0
95.0,24.0,False,,,,,,0
95.0,25.0,False,,,,,,0
95.0,26.0,False,,,,,,0
95.0,27.0,False,,,,,,0
95.0,28.0,False,,,,,,0
95.0,29.0,True,0.2321857695508265,0.158858274087999,0.645410562290586,0.649056212038071,-2.540573697119193,1
95.0,30.0,True,0.3970728523749571,0.2708840283739249,0.8671116872338538,0.1713484317025236,2.322593233769502,3
95.0,31.0,True,0.395609175298975,0.194069681697811,0.6860914922708281,-0.2170602971238029,2.2253625847861933,3
95.0,32.0,True,0.3545721177964424,0.1643916204242593,0.6790656658088252,0.43461139964254,1.147814385490164,3
95.0,33.0,True,0.3815617201544782,0.1673760738979144,0.6637191815604355,-0.640829679547669,2.0605942665323633,3
95.0,34.0,True,0.211584269754917,0.1149338974152446,0.467509602498439,0.1221431717676567,-3.4087600544545884,1
95.0,35.0,True,0.3806622795114041,0.1210057777867829,0.6134814835957375,-0.2200255849338509,1.6847897347050604,3
95.0,36.0,True,0.3227511341433752,0.187972764451006,0.7051461505107198,0.2793302216191869,-0.3276596775123837,3
95.0,37.0,True,0.286847340467641,0.2169010609218858,0.8066186106352701,1.015063339527538,-0.9784753838384216,3
95.0,38.0,True,0.3115681903698243,0.2544192158724467,0.81354954868273,0.4792615412110461,-0.3784236706410807,3
95.0,39.0,True,0.3731644797071283,0.2406873593385004,0.8294184554689567,0.4362033777346106,1.4523961119315931,3
95.0,40.0,True,0.3795303870998402,0.2292858181654607,0.927255138078408,0.5355318331980456,2.1039522520343774,3
95.0,41.0,True,0.6102516223446081,0.1693357438593146,0.962564963736152,0.3902811166292748,8.992836019047301,2
95.0,42.0,True,0.461150114247959,0.1757984524896837,0.8389023534272727,0.2295980056223708,4.2601205434335725,3
95.0,43.0,True,0.5734985086831798,0.2019076889432009,1.0746393706768085,0.6876198732179555,8.157837278083692,2
95.0,44.0,True,0.5065074805940437,0.1804668212702012,0.8714331361273613,-0.2041324000193157,5.229902423620703,3
95.0,45.0,True,0.3848800578972736,0.1519133920657452,0.6984153296517326,0.0916657751448868,1.7072326484907914,3
95.0,46.0,True,0.4549757029087222,0.275519269212428,1.0087740862348291,0.1801672434485848,4.181801746594689,2
95.0,47.0,True,0.2979646536297772,0.1668109544599221,0.5798535841994451,0.2568503782722693,-0.5612704549194424,3
95.0,48.0,True,0.2565070538034799,0.162832486761871,0.6970192175025136,1.014500072058316,-2.111010652502972,3
95.0,49.0,True,0.1543233336112199,0.108711050219523,0.3603876423190594,0.1740876424465887,-5.355433903017479,1
95.0,50.0,True,0.2206286758555588,0.0862219552588273,0.3435216804126368,-0.7582885751507771,-3.166797876523983,1
95.0,51.0,True,0.2807531063347469,0.1780315828101716,0.7030943460372405,0.9713944477834798,-1.1029853328027113,3
95.0,52.0,True,0.2023281628200799,0.1238910052700892,0.5619074594265683,0.8192042924739358,-4.068721908234466,1
95.0,53.0,True,0.2729192851728859,0.160059056701617,0.5475652779000567,-0.0456012354398695,-1.510817591427956,1
95.0,54.0,True,0.2880053113260142,0.1823049109540447,0.7019330448906241,0.4656029532983802,-0.9609942348006224,3
95.0,55.0,True,0.2909907256135697,0.184585134256965,0.7524920943845482,0.4626120438600109,-0.6204621234287905,3
95.0,56.0,True,0.4623453679650192,0.1581518453021385,0.7936117883663311,-0.0607021982978001,4.614295239631992,3
95.0,57.0,True,0.4682238802705752,0.2055910567026752,0.8688669697308764,0.1468806823806004,4.256409593199657,3
95.0,58.0,True,0.32428781649885,0.1632597716555694,0.6307554923934552,0.2838163759954619,0.2042115262115668,3
95.0,59.0,True,0.4595388791970232,0.2106380111635303,0.8925085445289919,0.5929444749673385,4.0301809299278135,3
95.0,60.0,True,0.3802707553313659,0.2325513616189547,0.8422862248134336,0.4352940505392016,2.086792292555653,3
95.0,61.0,True,0.381694423219695,0.1821516022221473,0.7343941824838692,-0.0277817784650925,2.160317861073569,3
95.0,62.0,True,0.3851781895023434,0.1386642272664495,0.6390720453726235,0.1970029438942116,1.9188693184030523,3
95.0,63.0,True,0.350203697828085,0.1821163211889449,0.7353640644775888,0.6088575475510731,1.2509577252253274,3
95.0,64.0,True,0.4154528185730767,0.196990797977855,1.022443238168052,1.286554745375225,2.721506429669023,3
95.0,65.0,True,0.3471310897428811,0.2540092426688337,1.071894610190003,1.4539967210843152,0.6174137965294023,3
95.0,66.0,True,0.2852922234020162,0.1387133151456862,0.5181961347979136,0.1282918414771759,-0.9917100152572184,1
95.0,67.0,True,0.3612262359426075,0.2563202321904418,0.9669490872003532,0.9069525057343496,0.7176275772372377,3
95.0,68.0,True,0.5378815999624207,0.3172470649054403,1.3238043119436314,0.678053424294167,6.764339895232189,2
95.0,69.0,True,0.384934113629517,0.2027768808735416,0.8023668407916623,0.2967668771973383,2.0466204901942944,3
95.0,70.0,True,0.3348715990100862,0.1948000317170032,0.7675320915979323,0.2465821662605652,0.3135200709229361,3
95.0,71.0,True,0.3292468252976929,0.1235469475328424,0.6878100595288122,0.2078647387718145,-0.0873710142848386,3
95.0,72.0,True,0.3354309698472722,0.1961857080697695,0.7061424361646724,0.3833041526804455,-0.0245322659769194,3
95.0,73.0,True,0.0963014222572471,0.0871445299515879,0.3068390966301118,0.708057572591913,-6.963888512235133,1
95.0,74.0,False,,,,,,0
95.0,75.0,False,,,,,,0
95.0,76.0,False,,,,,,0
95.0,77.0,False,,,,,,0
95.0,78.0,False,,,,,,0
95.0,79.0,False,,,,,,0
95.0,80.0,False,,,,,,0
95.0,81.0,False,,,,,,0
95.0,82.0,False,,,,,,0
95.0,83.0,False,,,,,,0
95.0,84.0,False,,,,,,0
95.0,85.0,False,,,,,,0
95.0,86.0,False,,,,,,0
95.0,87.0,False,,,,,,0
95.0,88.0,False,,,,,,0
95.0,89.0,False,,,,,,0
95.0,90.0,False,,,,,,0
95.0,91.0,False,,,,,,0
95.0,92.0,False,,,,,,0
95.0,93.0,False,,,,,,0
95.0,94.0,False,,,,,,0
95.0,95.0,False,,,,,,0
95.0,96.0,False,,,,,,0
95.0,97.0,False,,,,,,0
95.0,98.0,False,,,,,,0
95.0,99.0,False,,,,,,0
95.0,100.0,False,,,,,,0
96.0,1.0,False,,,,,,0
96.0,2.0,False,,,,,,0
96.0,3.0,False,,,,,,0
96.0,4.0,False,,,,,,0
96.0,5.0,False,,,,,,0
96.0,6.0,False,,,,,,0
96.0,7.0,False,,,,,,0
96.0,8.0,False,,,,,,0
96.0,9.0,False,,,,,,0
96.0,10.0,False,,,,,,0
96.0,11.0,False,,,,,,0
96.0,12.0,False,,,,,,0
96.0,13.0,False,,,,,,0
96.0,14.0,False,,,,,,0
96.0,15.0,False,,,,,,0
96.0,16.0,False,,,,,,0
96.0,17.0,False,,,,,,0
96.0,18.0,False,,,,,,0
96.0,19.0,False,,,,,,0
96.0,20.0,False,,,,,,0
96.0,21.0,False,,,,,,0
96.0,22.0,False,,,,,,0
96.0,23.0,False,,,,,,0
96.0,24.0,False,,,,,,0
96.0,25.0,False,,,,,,0
96.0,26.0,False,,,,,,0
96.0,27.0,False,,,,,,0
96.0,28.0,False,,,,,,0
96.0,29.0,False,,,,,,0
96.0,30.0,True,0.0272217194063186,0.0370819138529564,0.0972431141452324,0.8936068476939147,-9.041513548549862,1
96.0,31.0,True,0.1123632577945684,0.0670533760034573,0.2284781632317723,-0.2541256774495675,-6.359123030923709,1
96.0,32.0,True,0.1757583479004939,0.0890696483734147,0.3973691833301201,0.6607915142567521,-4.630794319865669,1
96.0,33.0,True,0.2034498671745709,0.1333069469042558,0.4130722734883505,-0.0863035306862969,-3.7092886344550102,1
96.0,34.0,True,0.2572171642553407,0.1382603016307481,0.4964494031945966,-0.2897736614260535,-2.21966394527017,1
96.0,35.0,True,0.3800940481989572,0.2610526007162796,1.1093184501023847,1.1573772161824334,1.629859684449828,3
96.0,36.0,True,0.2881473546858812,0.1049153023667852,0.4803510440253458,0.1394755276886849,-1.272499452038229,1
96.0,37.0,True,0.4359370330686173,0.1698555739720216,0.7391027720755335,0.1686227305894521,3.7848526373471385,3
96.0,38.0,True,0.3284627413598184,0.2022748617217004,0.7555028422584051,0.4993889929687384,0.3209619911701249,3
96.0,39.0,True,0.3633598444822866,0.2499988374073182,0.9975310269239251,0.8899653345924546,1.6321253771031337,3
96.0,40.0,True,0.3946045422975379,0.2572039853639724,0.8716406277431873,0.1945774144962139,2.083374991873292,3
96.0,41.0,True,0.4892925630360741,0.2485933577139245,1.1060316803712948,0.8699968042753007,5.176260431810026,2
96.0,42.0,True,0.6658537922448662,0.2958610337985768,1.1642085770434596,-0.1081492955810854,11.188591827890097,2
96.0,43.0,True,0.8049989833629156,0.2948004991545467,1.3130770057347274,-0.2564325817884037,15.14281122238344,2
96.0,44.0,True,0.3934557411114101,0.1463753490690647,0.7326988636021396,-0.3009455801349679,2.2040569927465334,3
96.0,45.0,True,0.5961486408000198,0.2068959465692894,0.8842552465360743,-0.9459102892349084,8.865413410425184,2
96.0,46.0,True,0.5570370362981268,0.2994845285444334,1.0328245240978198,-0.3681811598355088,7.6373096065484765,2
96.0,47.0,True,0.402236771704582,0.1646154821936261,0.7487102043761206,-0.0007225416164129,2.3784665032526267,3
96.0,48.0,True,0.4022758610746453,0.2600205038966325,0.9240402221742824,0.5432844857581461,2.27307245593354,3
96.0,49.0,True,0.414669383343638,0.3230186362059725,1.193722484888088,0.9821152417085312,2.454502046695662,2
96.0,50.0,True,0.3485860748000683,0.2181170639185622,0.7552302292208051,0.3242526843048832,0.8674289089508925,3
96.0,51.0,True,0.3670974335476162,0.182121166753031,0.6930708473313879,-0.0747790761053251,1.6071563912465,3
96.0,52.0,True,0.2420745723909136,0.1671328044398125,0.6675687036965056,0.8065409385624444,-2.2913880014578334,1
96.0,53.0,True,0.4065432999810937,0.1076391725251403,0.5922056717258212,0.0113008794357897,2.718858758504165,3
96.0,54.0,True,0.5009380953925889,0.2589319824602941,1.0124462461871366,-0.0023247503995099,5.455907777744802,2
96.0,55.0,True,0.4087095141562308,0.2147659992943442,0.8226937654821322,0.094525058906113,2.91424596114686,3
96.0,56.0,True,0.4986825684626297,0.223175538669622,0.8693426492707026,-0.1426550392514265,5.625686887403214,2
96.0,57.0,True,0.4802822080570567,0.1426560324680941,0.819202983206697,0.3433914035077361,5.104706682712895,3
96.0,58.0,True,0.5208184581209567,0.2373112155008669,1.1855035458947774,0.8242866676772691,5.737196926669842,2
96.0,59.0,True,0.4585882832385061,0.2021550738198199,0.862280933479699,0.1350578869098124,4.352879979142613,3
96.0,60.0,True,0.4330526511938471,0.1429202988443654,0.7948797860386603,0.8175323629230976,3.3005806740179335,3
96.0,61.0,True,0.50617752699571,0.1939849091221309,0.766619411735863,-0.4665949968529091,5.849956716489026,3
96.0,62.0,True,0.5726904122735132,0.2351293044208192,1.1366492655395284,0.5022519271895516,7.420742387636175,2
96.0,63.0,True,0.4580891193539996,0.1837015502102782,0.8538238743173907,-0.3979281089485649,4.036660289145981,3
96.0,64.0,True,0.503737928269954,0.2473761497320911,0.9396571722175964,0.4730609428426623,5.754950919785602,2
96.0,65.0,True,0.3708167703120787,0.1694865273125756,0.7185863257925914,0.1416948178337528,1.862056713426981,3
96.0,66.0,True,0.479751444944278,0.3385194321630427,1.0398417718428667,0.2412112945739739,5.267299320526493,2
96.0,67.0,True,0.5308000522858024,0.2416535618706057,1.1551015664751527,0.998073700329611,6.517408148592543,2
96.0,68.0,True,0.5016106796183629,0.3038420248639884,1.3354247629878253,0.5025623183062976,5.2866868204280975,2
96.0,69.0,True,0.420768692474781,0.1878167583939267,0.7216127346415224,-0.6540019859841403,3.18334046580943,3
96.0,70.0,True,0.3264633967819053,0.1603954503824533,0.6884747036430822,0.391051057922944,0.3359535253371731,3
96.0,71.0,True,0.0926726152117601,0.0891718793420568,0.2721839450688408,0.5871150579022186,-7.085764562687497,1
96.0,72.0,False,,,,,,0
96.0,73.0,False,,,,,,0
96.0,74.0,False,,,,,,0
96.0,75.0,False,,,,,,0
96.0,76.0,False,,,,,,0
96.0,77.0,False,,,,,,0
96.0,78.0,False,,,,,,0
96.0,79.0,False,,,,,,0
96.0,80.0,False,,,,,,0
96.0,81.0,False,,,,,,0
96.0,82.0,False,,,,,,0
96.0,83.0,False,,,,,,0
96.0,84.0,False,,,,,,0
96.0,85.0,False,,,,,,0
96.0,86.0,False,,,,,,0
96.0,87.0,False,,,,,,0
96.0,88.0,False,,,,,,0
96.0,89.0,False,,,,,,0
96.0,90.0,False,,,,,,0
96.0,91.0,False,,,,,,0
96.0,92.0,False,,,,,,0
96.0,93.0,False,,,,,,0
96.0,94.0,False,,,,,,0
96.0,95.0,False,,,,,,0
96.0,96.0,False,,,,,,0
96.0,97.0,False,,,,,,0
96.0,98.0,False,,,,,,0
96.0,99.0,False,,,,,,0
96.0,100.0,False,,,,,,0
97.0,1.0,False,,,,,,0
97.0,2.0,False,,,,,,0
97.0,3.0,False,,,,,,0
97.0,4.0,False,,,,,,0
97.0,5.0,False,,,,,,0
97.0,6.0,False,,,,,,0
97.0,7.0,False,,,,,,0
97.0,8.0,False,,,,,,0
97.0,9.0,False,,,,,,0
97.0,10.0,False,,,,,,0
97.0,11.0,False,,,,,,0
97.0,12.0,False,,,,,,0
97.0,13.0,False,,,,,,0
97.0,14.0,False,,,,,,0
97.0,15.0,False,,,,,,0
97.0,16.0,False,,,,,,0
97.0,17.0,False,,,,,,0
97.0,18.0,False,,,,,,0
97.0,19.0,False,,,,,,0
97.0,20.0,False,,,,,,0
97.0,21.0,False,,,,,,0
97.0,22.0,False,,,,,,0
97.0,23.0,False,,,,,,0
97.0,24.0,False,,,,,,0
97.0,25.0,False,,,,,,0
97.0,26.0,False,,,,,,0
97.0,27.0,False,,,,,,0
97.0,28.0,False,,,,,,0
97.0,29.0,False,,,,,,0
97.0,30.0,False,,,,,,0
97.0,31.0,False,,,,,,0
97.0,32.0,False,,,,,,0
97.0,33.0,True,0.0983772537564612,0.0849546779331069,0.2611669829189221,0.5177820042865013,-6.85206371977665,1
97.0,34.0,True,0.2431092876998701,0.1480986906583284,0.5256404361449071,0.5542661724978606,-2.3152219747270797,1
97.0,35.0,True,0.2495795164656126,0.1397475456334113,0.4815825186207358,0.0928312512304722,-2.1949173038145444,1
97.0,36.0,True,0.3494147139841693,0.1387489562466434,0.5451620550237358,-0.6805666489307614,0.8169926887704796,3
97.0,37.0,True,0.3719032142267554,0.212706932035403,0.880314842705464,0.4126179838787648,1.5140284454727384,3
97.0,38.0,True,0.4449038422473148,0.2576580629481401,0.953067768800867,0.3014489745421546,3.421710689774728,2
97.0,39.0,True,0.5451258227245926,0.2288849929674246,0.997468956726164,-0.057221565166743,6.607775401337206,2
97.0,40.0,True,0.5001496883595364,0.1434158572470787,0.7350601445918121,-0.8526587653438337,5.629170557390126,3
97.0,41.0,True,0.681337556616005,0.3232752768132267,1.3752837146155763,1.0648811437664003,11.1521749744173,2
97.0,42.0,True,0.5904710178363153,0.1289537536277382,0.8480056629472923,0.3338952273469849,8.522938070940102,2
97.0,43.0,True,0.584696049576421,0.2290724426941176,1.3495275217993528,1.3600768590379766,7.842778557040504,2
97.0,44.0,True,0.461366594397069,0.2849559085926003,1.0923409785002236,0.620081308980073,4.417238113098152,2
97.0,45.0,True,0.4048785163332078,0.252013833455596,1.2632565466597656,1.032433251152696,2.266273666877921,2
97.0,46.0,True,0.5886841967905571,0.207985735497478,1.1856641368870158,0.1646015232310678,7.972188329192,2
97.0,47.0,True,0.5255565935725814,0.2393632671453875,0.9139833746891554,-0.2503316140333965,6.275056954169766,2
97.0,48.0,True,0.4523854309192602,0.2496476380921776,0.9495364104796072,0.4330101197951798,4.136937230251503,2
97.0,49.0,True,0.4213033677925392,0.2720402225198097,1.392627206992315,1.3355380036731903,2.3585920369480875,2
97.0,50.0,True,0.3435682796758423,0.1827810031837349,0.9344104185864648,0.5860912658467075,0.4860583264961301,3
97.0,51.0,True,0.4696255478746637,0.2802498329105475,1.0176456570909718,0.2749338645762709,4.801338163467958,2
97.0,52.0,True,0.3991990870023914,0.1595602586796639,0.7302515228019804,0.1167939789899981,2.26958897480861,3
97.0,53.0,True,0.3170641724964545,0.1496557945513806,0.6321440946843455,0.5533367091510737,0.0472843918212495,3
97.0,54.0,True,0.3340369204829696,0.1503098068608553,0.6838404406942928,0.05613179289645,0.269113351960102,3
97.0,55.0,True,0.1993763198186877,0.1046330025849599,0.3719599346148472,-0.0937365404974028,-3.660968966033237,1
97.0,56.0,True,0.3212047097604719,0.167735007974429,0.6225190368101744,0.2032660256227197,0.3385671479577595,3
97.0,57.0,True,0.3422721657920845,0.1725815317805874,0.9993572073442882,1.5469917277812937,0.4491145301543464,3
97.0,58.0,True,0.4027288289917008,0.3373140943247705,1.082662750394933,0.4825804300862995,2.568837719334564,2
97.0,59.0,True,0.4289056394343898,0.2285115558016038,0.8185054447282855,-0.0155702199687038,3.2285232094683884,3
97.0,60.0,True,0.3011807474562165,0.1706580865479087,0.7113707731922777,0.8030533371239935,-1.0416333731717442,3
97.0,61.0,True,0.3053716365992271,0.1402122208465268,0.5352407128067522,-0.1557064714451462,-0.3954450542465284,1
97.0,62.0,True,0.2883244309525123,0.1901089607248093,0.7712857211377497,1.1013733923679656,-1.0292628566814974,3
97.0,63.0,True,0.3983774587652665,0.099678472684529,0.6202317596590191,0.1707089559865872,2.5603558766201915,3
97.0,64.0,True,0.4245167510214743,0.2313541891423011,0.844183579569948,0.3104438152981718,3.371360021089875,3
97.0,65.0,True,0.6418526280053201,0.2101461859688495,1.0283570450655122,-0.1820868335868472,10.182611198269004,2
97.0,66.0,True,0.3755418609633357,0.1303347973675356,0.5963094857371849,-0.3924792735922682,1.6607351592553568,3
97.0,67.0,True,0.4483574025003853,0.2183749497589051,0.8938080676756535,0.5778520309206358,3.3849026124179353,3
97.0,68.0,True,0.2460227338649458,0.1494005635003054,0.5771170300582853,0.5731945730108541,-2.3341757025070127,1
97.0,69.0,True,0.0676216196599138,0.0510682101018822,0.1552768726551223,0.1478577905264349,-7.825907438055517,1
97.0,70.0,False,,,,,,0
97.0,71.0,False,,,,,,0
97.0,72.0,False,,,,,,0
97.0,73.0,False,,,,,,0
97.0,74.0,False,,,,,,0
97.0,75.0,False,,,,,,0
97.0,76.0,False,,,,,,0
97.0,77.0,False,,,,,,0
97.0,78.0,False,,,,,,0
97.0,79.0,False,,,,,,0
97.0,80.0,False,,,,,,0
97.0,81.0,False,,,,,,0
97.0,82.0,False,,,,,,0
97.0,83.0,False,,,,,,0
97.0,84.0,False,,,,,,0
97.0,85.0,False,,,,,,0
97.0,86.0,False,,,,,,0
97.0,87.0,False,,,,,,0
97.0,88.0,False,,,,,,0
97.0,89.0,False,,,,,,0
97.0,90.0,False,,,,,,0
97.0,91.0,False,,,,,,0
97.0,92.0,False,,,,,,0
97.0,93.0,False,,,,,,0
97.0,94.0,False,,,,,,0
97.0,95.0,False,,,,,,0
97.0,96.0,False,,,,,,0
97.0,97.0,False,,,,,,0
97.0,98.0,False,,,,,,0
97.0,99.0,False,,,,,,0
97.0,100.0,False,,,,,,0
98.0,1.0,False,,,,,,0
98.0,2.0,False,,,,,,0
98.0,3.0,False,,,,,,0
98.0,4.0,False,,,,,,0
98.0,5.0,False,,,,,,0
98.0,6.0,False,,,,,,0
98.0,7.0,False,,,,,,0
98.0,8.0,False,,,,,,0
98.0,9.0,False,,,,,,0
98.0,10.0,False,,,,,,0
98.0,11.0,False,,,,,,0
98.0,12.0,False,,,,,,0
98.0,13.0,False,,,,,,0
98.0,14.0,False,,,,,,0
98.0,15.0,False,,,,,,0
98.0,16.0,False,,,,,,0
98.0,17.0,False,,,,,,0
98.0,18.0,False,,,,,,0
98.0,19.0,False,,,,,,0
98.0,20.0,False,,,,,,0
98.0,21.0,False,,,,,,0
98.0,22.0,False,,,,,,0
98.0,23.0,False,,,,,,0
98.0,24.0,False,,,,,,0
98.0,25.0,False,,,,,,0
98.0,26.0,False,,,,,,0
98.0,27.0,False,,,,,,0
98.0,28.0,False,,,,,,0
98.0,29.0,False,,,,,,0
98.0,30.0,False,,,,,,0
98.0,31.0,False,,,,,,0
98.0,32.0,False,,,,,,0
98.0,33.0,False,,,,,,0
98.0,34.0,False,,,,,,0
98.0,35.0,True,0.01190851658576,0.025844291011462,0.086576103269949,1.99683955458701,-9.557963711473327,1
98.0,36.0,True,0.126901637973607,0.103110218211673,0.3937137562429523,0.306172579775844,-6.140110016479703,1
98.0,37.0,True,0.1690102542699523,0.0980103283099757,0.3460996677774509,0.1808942935136828,-4.660962248826935,1
98.0,38.0,True,0.328871472165276,0.1931169447332049,0.773282116471704,0.5905263499774006,0.1057516628291413,3
98.0,39.0,True,0.5003982597792865,0.2272317859136544,1.042372835291234,0.5355337213393689,5.637840759123361,2
98.0,40.0,True,0.5568735641583458,0.188826596425564,0.9904372546234516,-0.3234388893081878,7.068857660317568,2
98.0,41.0,True,0.5942638521350594,0.2715397819734909,1.2379399275533134,0.7587076752446384,8.75588937614549,2
98.0,42.0,True,0.5423615171910259,0.1370826785241473,0.7982393918445808,0.1307201780155453,6.68609390724401,3
98.0,43.0,True,0.651842200540237,0.1063502108696359,0.9287362283661116,0.3696128692381526,10.18369859578526,2
98.0,44.0,True,0.5221129190838526,0.3470989503560485,1.4138076774590065,0.954707694728513,5.406561688004921,2
98.0,45.0,True,0.4489077527851444,0.1809856541129594,0.8224574580774511,-0.2325083392113573,4.00380503849853,3
98.0,46.0,True,0.5610362793868674,0.248743649155054,1.0702095118253114,-0.0179423938101472,7.412326521361845,2
98.0,47.0,True,0.4347644264795409,0.2369571626582287,0.8187129828778976,-0.1334510738097351,3.463739589950132,3
98.0,48.0,True,0.4289755696162088,0.2597386528831142,0.974365850864472,0.5506910148894275,3.461006731032674,2
98.0,49.0,True,0.3498719923487412,0.1823823886332509,0.6093094641414429,-0.0180505377020623,0.926404707113787,3
98.0,50.0,True,0.3114212826691517,0.1743362700763174,0.6706498837763438,0.0879208464392493,-0.1065464808110169,3
98.0,51.0,True,0.3480204485616869,0.1797703989291674,0.7255670042964403,0.3714737404746085,0.9015268523953612,3
98.0,52.0,True,0.2800831694224475,0.1504683128334441,0.6390852790650708,0.8408976340525489,-1.2997987372101645,1
98.0,53.0,True,0.2325888235956889,0.1243764637189113,0.5303704795451246,0.536303572235613,-2.80192109195666,1
98.0,54.0,True,0.2055549338522307,0.1640731759706425,0.5683696067028371,0.372728492397308,-3.5717448153695477,1
98.0,55.0,True,0.2265674621106452,0.152164685495437,0.5461738259558806,0.1242977394054051,-3.0017612422093767,1
98.0,56.0,True,0.3575165818295484,0.1877098464033572,0.6212046339682533,-0.3968483583117186,1.5622215956829235,3
98.0,57.0,True,0.2396778168219398,0.1897389440489203,0.9472544892767538,1.6824621914794051,-3.0156375822989134,3
98.0,58.0,True,0.2476038374464023,0.1530999296245434,0.5215893543520498,0.0606340805740155,-2.242520315227486,1
98.0,59.0,True,0.3274655967071419,0.2111831993524455,0.822334141102576,0.8250966895381232,0.5749145641853429,3
98.0,60.0,True,0.2934575504123755,0.1928689229484917,0.7669357051266343,0.6865193042586318,-0.6602809352679572,3
98.0,61.0,True,0.3300566541813954,0.1701856148506103,0.649502053363378,0.1275048181512267,0.6074703559890721,3
98.0,62.0,True,0.3870922056309684,0.2012215985618132,0.8886094466560068,0.6461645487942858,2.264350750412236,3
98.0,63.0,True,0.2685312139531907,0.1848150058040446,0.8135699605324599,1.7894907800139228,-1.7137090047257832,3
98.0,64.0,True,0.2252493280624041,0.172917957317857,0.6395481160012704,0.5394474888895092,-3.1837442845273607,1
98.0,65.0,True,0.0931625527365891,0.1127377008031627,0.41074123278103,1.2815957859179303,-7.222338051083208,1
98.0,66.0,True,0.121028389994458,0.1264406820866683,0.378488163566559,0.8043585849558711,-6.149063364026964,1
98.0,67.0,False,,,,,,0
98.0,68.0,False,,,,,,0
98.0,69.0,False,,,,,,0
98.0,70.0,False,,,,,,0
98.0,71.0,False,,,,,,0
98.0,72.0,False,,,,,,0
98.0,73.0,False,,,,,,0
98.0,74.0,False,,,,,,0
98.0,75.0,False,,,,,,0
98.0,76.0,False,,,,,,0
98.0,77.0,False,,,,,,0
98.0,78.0,False,,,,,,0
98.0,79.0,False,,,,,,0
98.0,80.0,False,,,,,,0
98.0,81.0,False,,,,,,0
98.0,82.0,False,,,,,,0
98.0,83.0,False,,,,,,0
98.0,84.0,False,,,,,,0
98.0,85.0,False,,,,,,0
98.0,86.0,False,,,,,,0
98.0,87.0,False,,,,,,0
98.0,88.0,False,,,,,,0
98.0,89.0,False,,,,,,0
98.0,90.0,False,,,,,,0
98.0,91.0,False,,,,,,0
98.0,92.0,False,,,,,,0
98.0,93.0,False,,,,,,0
98.0,94.0,False,,,,,,0
98.0,95.0,False,,,,,,0
98.0,96.0,False,,,,,,0
98.0,97.0,False,,,,,,0
98.0,98.0,False,,,,,,0
98.0,99.0,False,,,,,,0
98.0,100.0,False,,,,,,0
99.0,1.0,False,,,,,,0
99.0,2.0,False,,,,,,0
99.0,3.0,False,,,,,,0
99.0,4.0,False,,,,,,0
99.0,5.0,False,,,,,,0
99.0,6.0,False,,,,,,0
99.0,7.0,False,,,,,,0
99.0,8.0,False,,,,,,0
99.0,9.0,False,,,,,,0
99.0,10.0,False,,,,,,0
99.0,11.0,False,,,,,,0
99.0,12.0,False,,,,,,0
99.0,13.0,False,,,,,,0
99.0,14.0,False,,,,,,0
99.0,15.0,False,,,,,,0
99.0,16.0,False,,,,,,0
99.0,17.0,False,,,,,,0
99.0,18.0,False,,,,,,0
99.0,19.0,False,,,,,,0
99.0,20.0,False,,,,,,0
99.0,21.0,False,,,,,,0
99.0,22.0,False,,,,,,0
99.0,23.0,False,,,,,,0
99.0,24.0,False,,,,,,0
99.0,25.0,False,,,,,,0
99.0,26.0,False,,,,,,0
99.0,27.0,False,,,,,,0
99.0,28.0,False,,,,,,0
99.0,29.0,False,,,,,,0
99.0,30.0,False,,,,,,0
99.0,31.0,False,,,,,,0
99.0,32.0,False,,,,,,0
99.0,33.0,False,,,,,,0
99.0,34.0,False,,,,,,0
99.0,35.0,False,,,,,,0
99.0,36.0,False,,,,,,0
99.0,37.0,False,,,,,,0
99.0,38.0,False,,,,,,0
99.0,39.0,True,0.0752899602633553,0.0768752203536051,0.2437742057651047,0.6398433711802315,-7.72648690972735,1
99.0,40.0,True,0.2368702363047018,0.1791882487411343,0.8065441431596069,1.5585774940035269,-3.1309024494604873,3
99.0,41.0,True,0.5167319210602664,0.1891191078402052,0.8191812377066369,-0.4776543906237606,6.013685657736987,3
99.0,42.0,True,0.4345360882299589,0.3192850223425515,1.3767278017359246,0.7818458113711427,3.3144795790093573,2
99.0,43.0,True,0.6156751282478216,0.2851445137601615,1.1116367663696574,-0.0584020796666446,8.994924838579886,2
99.0,44.0,True,0.556545969412605,0.2272797030302584,1.2842103188824836,0.7322582374350568,7.216573773084226,2
99.0,45.0,True,0.5904336641848882,0.2316935471100976,1.1187816798985208,-0.3622562862949615,8.389291558038376,2
99.0,46.0,True,0.4169582470614098,0.1686614567384547,0.7613061551925141,-0.0428614420164624,3.133163994362124,3
99.0,47.0,True,0.3876856431500538,0.143985475223346,0.7997686589762487,0.4996706409224185,1.890717582730596,3
99.0,48.0,True,0.2842942285306588,0.3083918007633845,1.08218508305334,1.3801031265905983,-1.287647377721123,3
99.0,49.0,True,0.2465666985523969,0.1450671686748135,0.5929569014512692,0.540351362011017,-2.1293889115648157,1
99.0,50.0,True,0.2673887555477875,0.1796263280163624,0.5878931807883976,0.1286940780797727,-1.541644887830928,3
99.0,51.0,True,0.3071832935992074,0.1905007737253314,0.702083861140979,0.6666931792850576,-0.5523486661293477,3
99.0,52.0,True,0.254641087725591,0.1460349874424902,0.5554790429777428,0.0181340230587406,-1.7562194552490749,1
99.0,53.0,True,0.303086999083939,0.1851891210291407,0.8109841898763455,0.916207959463929,-0.2731321910316571,3
99.0,54.0,True,0.1964671953632442,0.1598594013310854,0.7110593184639762,1.7043394695092329,-4.096150612180959,1
99.0,55.0,True,0.1981585498487234,0.1833618249584467,0.8934247861532372,1.6219221605621272,-4.118160037089635,3
99.0,56.0,True,0.2031037450511345,0.1852498297420936,0.6937205215007994,1.4958038397216131,-3.4568914671120403,1
99.0,57.0,True,0.3888786514360607,0.1559696676748327,0.6289985050863385,-0.2505576282426315,1.8506850435469608,3
99.0,58.0,True,0.2216628214586619,0.1562214579842426,0.7277482344074927,1.025482105234034,-3.1352488210280502,1
99.0,59.0,True,0.2994238927521335,0.2457460262930809,0.8830550309530567,0.4503930438380629,-1.0162555530783353,3
99.0,60.0,True,0.2498842294613189,0.1473976068101384,0.4930249957110109,-0.3207742529914861,-2.0818949842437977,1
99.0,61.0,True,0.1843324029899306,0.117520175709928,0.368250124197292,-0.0625088503102353,-4.277613239396179,1
99.0,62.0,True,0.1588335857472093,0.1482761440981825,0.5704181648770057,1.5503724851068748,-4.855228416770888,1
99.0,63.0,False,,,,,,0
99.0,64.0,False,,,,,,0
99.0,65.0,False,,,,,,0
99.0,66.0,False,,,,,,0
99.0,67.0,False,,,,,,0
99.0,68.0,False,,,,,,0
99.0,69.0,False,,,,,,0
99.0,70.0,False,,,,,,0
99.0,71.0,False,,,,,,0
99.0,72.0,False,,,,,,0
99.0,73.0,False,,,,,,0
99.0,74.0,False,,,,,,0
99.0,75.0,False,,,,,,0
99.0,76.0,False,,,,,,0
99.0,77.0,False,,,,,,0
99.0,78.0,False,,,,,,0
99.0,79.0,False,,,,,,0
99.0,80.0,False,,,,,,0
99.0,81.0,False,,,,,,0
99.0,82.0,False,,,,,,0
99.0,83.0,False,,,,,,0
99.0,84.0,False,,,,,,0
99.0,85.0,False,,,,,,0
99.0,86.0,False,,,,,,0
99.0,87.0,False,,,,,,0
99.0,88.0,False,,,,,,0
99.0,89.0,False,,,,,,0
99.0,90.0,False,,,,,,0
99.0,91.0,False,,,,,,0
99.0,92.0,False,,,,,,0
99.0,93.0,False,,,,,,0
99.0,94.0,False,,,,,,0
99.0,95.0,False,,,,,,0
99.0,96.0,False,,,,,,0
99.0,97.0,False,,,,,,0
99.0,98.0,False,,,,,,0
99.0,99.0,False,,,,,,0
99.0,100.0,False,,,,,,0
100.0,1.0,False,,,,,,0
100.0,2.0,False,,,,,,0
100.0,3.0,False,,,,,,0
100.0,4.0,False,,,,,,0
100.0,5.0,False,,,,,,0
100.0,6.0,False,,,,,,0
100.0,7.0,False,,,,,,0
100.0,8.0,False,,,,,,0
100.0,9.0,False,,,,,,0
100.0,10.0,False,,,,,,0
100.0,11.0,False,,,,,,0
100.0,12.0,False,,,,,,0
100.0,13.0,False,,,,,,0
100.0,14.0,False,,,,,,0
100.0,15.0,False,,,,,,0
100.0,16.0,False,,,,,,0
100.0,17.0,False,,,,,,0
100.0,18.0,False,,,,,,0
100.0,19.0,False,,,,,,0
100.0,20.0,False,,,,,,0
100.0,21.0,False,,,,,,0
100.0,22.0,False,,,,,,0
100.0,23.0,False,,,,,,0
100.0,24.0,False,,,,,,0
100.0,25.0,False,,,,,,0
100.0,26.0,False,,,,,,0
100.0,27.0,False,,,,,,0
100.0,28.0,False,,,,,,0
100.0,29.0,False,,,,,,0
100.0,30.0,False,,,,,,0
100.0,31.0,False,,,,,,0
100.0,32.0,False,,,,,,0
100.0,33.0,False,,,,,,0
100.0,34.0,False,,,,,,0
100.0,35.0,False,,,,,,0
100.0,36.0,False,,,,,,0
100.0,37.0,False,,,,,,0
100.0,38.0,False,,,,,,0
100.0,39.0,False,,,,,,0
100.0,40.0,False,,,,,,0
100.0,41.0,False,,,,,,0
100.0,42.0,False,,,,,,0
100.0,43.0,True,0.0310909898886799,0.0349068477007516,0.1056418107836266,0.9078633961803756,-8.945828843776233,1
100.0,44.0,True,0.1142682172853537,0.1882201486583157,0.5731647024572787,1.4229961874893615,-6.460500084851847,1
100.0,45.0,True,0.0752320503806485,0.0946431719334291,0.4350306397098555,1.9543005613104725,-7.755924947374468,1
100.0,46.0,True,0.1590477185564372,0.136789907339843,0.5214788467895444,1.2086313558460755,-4.904336413621565,1
100.0,47.0,True,0.1824147189471103,0.1579413646155252,0.5365587405034222,0.666622371910413,-4.474758974902898,1
100.0,48.0,True,0.2410488090998095,0.1099630661376911,0.419885380236649,-0.888337873066934,-2.5345324227193147,1
100.0,49.0,True,0.1595968532005766,0.1132884691767809,0.4583544613082974,0.8414439198582381,-4.931359098974314,1
100.0,50.0,True,0.2182134739057771,0.1903205206060841,0.60119299882456,0.2714218961808692,-3.111560115893432,1
100.0,51.0,True,0.1999005360562855,0.0996236613296701,0.3678954538785987,-0.0604937737706334,-3.7737580359597143,1
100.0,52.0,True,0.1130224842585857,0.114375666748041,0.4137451615615536,1.1901949870662452,-6.392314038169963,1
100.0,53.0,True,0.2225832571685405,0.1456666276231452,0.5260679329118764,0.1894249165478894,-3.031717877132305,1
100.0,54.0,True,0.0488640882539882,0.0447442959970672,0.1343730563658633,0.3821466007941977,-8.35042440220591,1
100.0,55.0,True,0.1094965129412997,0.1128602471854165,0.3944015556015619,1.0105933911461753,-6.508593886034868,1
100.0,56.0,True,0.0587893157100853,0.0675622050163383,0.2164890322887129,0.9404827232862822,-8.037702754590278,1
100.0,57.0,True,0.0804450830266332,0.0860926045725911,0.2811674571424493,0.7894612226706457,-7.635125914758841,1
100.0,58.0,False,,,,,,0
100.0,59.0,False,,,,,,0
100.0,60.0,False,,,,,,0
100.0,61.0,False,,,,,,0
100.0,62.0,False,,,,,,0
100.0,63.0,False,,,,,,0
100.0,64.0,False,,,,,,0
100.0,65.0,False,,,,,,0
100.0,66.0,False,,,,,,0
100.0,67.0,False,,,,,,0
100.0,68.0,False,,,,,,0
100.0,69.0,False,,,,,,0
100.0,70.0,False,,,,,,0
100.0,71.0,False,,,,,,0
100.0,72.0,False,,,,,,0
100.0,73.0,False,,,,,,0
100.0,74.0,False,,,,,,0
100.0,75.0,False,,,,,,0
100.0,76.0,False,,,,,,0
100.0,77.0,False,,,,,,0
100.0,78.0,False,,,,,,0
100.0,79.0,False,,,,,,0
100.0,80.0,False,,,,,,0
100.0,81.0,False,,,,,,0
100.0,82.0,False,,,,,,0
100.0,83.0,False,,,,,,0
100.0,84.0,False,,,,,,0
100.0,85.0,False,,,,,,0
100.0,86.0,False,,,,,,0
100.0,87.0,False,,,,,,0
100.0,88.0,False,,,,,,0
100.0,89.0,False,,,,,,0
100.0,90.0,False,,,,,,0
100.0,91.0,False,,,,,,0
100.0,92.0,False,,,,,,0
100.0,93.0,False,,,,,,0
100.0,94.0,False,,,,,,0
100.0,95.0,False,,,,,,0
100.0,96.0,False,,,,,,0
100.0,97.0,False,,,,,,0
100.0,98.0,False,,,,,,0
100.0,99.0,False,,,,,,0
100.0,100.0,False,,,,,,0
