kx,ky,valid,mean_intensity,std_intensity,max_intensity,skew_intensity,ts_pca1,cluster
1.0,1.0,False,,,,,,0
1.0,2.0,False,,,,,,0
1.0,3.0,False,,,,,,0
1.0,4.0,False,,,,,,0
1.0,5.0,False,,,,,,0
1.0,6.0,False,,,,,,0
1.0,7.0,False,,,,,,0
1.0,8.0,False,,,,,,0
1.0,9.0,False,,,,,,0
1.0,10.0,False,,,,,,0
1.0,11.0,False,,,,,,0
1.0,12.0,False,,,,,,0
1.0,13.0,False,,,,,,0
1.0,14.0,False,,,,,,0
1.0,15.0,False,,,,,,0
1.0,16.0,False,,,,,,0
1.0,17.0,False,,,,,,0
1.0,18.0,False,,,,,,0
1.0,19.0,False,,,,,,0
1.0,20.0,False,,,,,,0
1.0,21.0,False,,,,,,0
1.0,22.0,False,,,,,,0
1.0,23.0,False,,,,,,0
1.0,24.0,False,,,,,,0
1.0,25.0,False,,,,,,0
1.0,26.0,False,,,,,,0
1.0,27.0,False,,,,,,0
1.0,28.0,False,,,,,,0
1.0,29.0,False,,,,,,0
1.0,30.0,False,,,,,,0
1.0,31.0,False,,,,,,0
1.0,32.0,False,,,,,,0
1.0,33.0,False,,,,,,0
1.0,34.0,False,,,,,,0
1.0,35.0,False,,,,,,0
1.0,36.0,False,,,,,,0
1.0,37.0,False,,,,,,0
1.0,38.0,False,,,,,,0
1.0,39.0,False,,,,,,0
1.0,40.0,False,,,,,,0
1.0,41.0,False,,,,,,0
1.0,42.0,False,,,,,,0
1.0,43.0,False,,,,,,0
1.0,44.0,False,,,,,,0
1.0,45.0,False,,,,,,0
1.0,46.0,False,,,,,,0
1.0,47.0,False,,,,,,0
1.0,48.0,False,,,,,,0
1.0,49.0,False,,,,,,0
1.0,50.0,False,,,,,,0
1.0,51.0,False,,,,,,0
1.0,52.0,False,,,,,,0
1.0,53.0,False,,,,,,0
1.0,54.0,False,,,,,,0
1.0,55.0,False,,,,,,0
1.0,56.0,False,,,,,,0
1.0,57.0,False,,,,,,0
1.0,58.0,False,,,,,,0
1.0,59.0,False,,,,,,0
1.0,60.0,False,,,,,,0
1.0,61.0,False,,,,,,0
1.0,62.0,False,,,,,,0
1.0,63.0,False,,,,,,0
1.0,64.0,False,,,,,,0
1.0,65.0,False,,,,,,0
1.0,66.0,False,,,,,,0
1.0,67.0,False,,,,,,0
1.0,68.0,False,,,,,,0
1.0,69.0,False,,,,,,0
1.0,70.0,False,,,,,,0
1.0,71.0,False,,,,,,0
1.0,72.0,False,,,,,,0
1.0,73.0,False,,,,,,0
1.0,74.0,False,,,,,,0
1.0,75.0,False,,,,,,0
1.0,76.0,False,,,,,,0
1.0,77.0,False,,,,,,0
1.0,78.0,False,,,,,,0
1.0,79.0,False,,,,,,0
1.0,80.0,False,,,,,,0
1.0,81.0,False,,,,,,0
1.0,82.0,False,,,,,,0
1.0,83.0,False,,,,,,0
1.0,84.0,False,,,,,,0
1.0,85.0,False,,,,,,0
1.0,86.0,False,,,,,,0
1.0,87.0,False,,,,,,0
1.0,88.0,False,,,,,,0
1.0,89.0,False,,,,,,0
1.0,90.0,False,,,,,,0
1.0,91.0,False,,,,,,0
1.0,92.0,False,,,,,,0
1.0,93.0,False,,,,,,0
1.0,94.0,False,,,,,,0
1.0,95.0,False,,,,,,0
1.0,96.0,False,,,,,,0
1.0,97.0,False,,,,,,0
1.0,98.0,False,,,,,,0
1.0,99.0,False,,,,,,0
1.0,100.0,False,,,,,,0
2.0,1.0,False,,,,,,0
2.0,2.0,False,,,,,,0
2.0,3.0,False,,,,,,0
2.0,4.0,False,,,,,,0
2.0,5.0,False,,,,,,0
2.0,6.0,False,,,,,,0
2.0,7.0,False,,,,,,0
2.0,8.0,False,,,,,,0
2.0,9.0,False,,,,,,0
2.0,10.0,False,,,,,,0
2.0,11.0,False,,,,,,0
2.0,12.0,False,,,,,,0
2.0,13.0,False,,,,,,0
2.0,14.0,False,,,,,,0
2.0,15.0,False,,,,,,0
2.0,16.0,False,,,,,,0
2.0,17.0,False,,,,,,0
2.0,18.0,False,,,,,,0
2.0,19.0,False,,,,,,0
2.0,20.0,False,,,,,,0
2.0,21.0,False,,,,,,0
2.0,22.0,False,,,,,,0
2.0,23.0,False,,,,,,0
2.0,24.0,False,,,,,,0
2.0,25.0,False,,,,,,0
2.0,26.0,False,,,,,,0
2.0,27.0,False,,,,,,0
2.0,28.0,False,,,,,,0
2.0,29.0,False,,,,,,0
2.0,30.0,False,,,,,,0
2.0,31.0,False,,,,,,0
2.0,32.0,False,,,,,,0
2.0,33.0,False,,,,,,0
2.0,34.0,False,,,,,,0
2.0,35.0,False,,,,,,0
2.0,36.0,False,,,,,,0
2.0,37.0,False,,,,,,0
2.0,38.0,False,,,,,,0
2.0,39.0,False,,,,,,0
2.0,40.0,False,,,,,,0
2.0,41.0,False,,,,,,0
2.0,42.0,False,,,,,,0
2.0,43.0,True,0.0228437030074889,0.036864357683987,0.1268761857939473,1.672452534396346,-8.847158750279569,1
2.0,44.0,True,0.0444405520845606,0.0817180594032673,0.3400850846668224,2.145480721407702,-8.34226323930862,1
2.0,45.0,True,0.0792455502519151,0.0824651505343797,0.3089365152034993,1.1560021521615884,-7.27075458361883,1
2.0,46.0,True,0.1535481767674048,0.1263674989681709,0.500838125260725,0.6655299172270654,-5.057060568450833,1
2.0,47.0,True,0.1381699001758838,0.1505026150142546,0.5323865103278445,1.4463750297868574,-5.264284412679514,1
2.0,48.0,True,0.1194320586276987,0.144345467270392,0.5875677159785203,1.4620733720142305,-6.2493682288808365,1
2.0,49.0,True,0.2423743275152846,0.3126109930322709,1.5,3.0706190743250694,-2.8114235826334166,2
2.0,50.0,True,0.120501646066044,0.0813623182238212,0.2749154157367461,0.2997897068655303,-5.991958702839643,1
2.0,51.0,True,0.2076381732402018,0.1060328504094346,0.4308658495508717,0.0932828680479034,-3.2086744768118187,1
2.0,52.0,True,0.1490986528989635,0.143510965491419,0.5716279988369684,1.2670443647808058,-5.099046980492548,1
2.0,53.0,True,0.1366352340946959,0.0880523427202648,0.3724220433123766,0.6132506037741343,-5.423834014879573,1
2.0,54.0,True,0.1523560044114457,0.120921117931015,0.3987967168767149,0.5258473747654091,-4.738997260380494,1
2.0,55.0,True,0.2439309291060673,0.128620021271684,0.4946856591870714,0.129710478162899,-1.9202020219558955,1
2.0,56.0,True,0.1302343010368729,0.1159327051119975,0.4517542241648218,0.8559651205466908,-5.694546880392508,1
2.0,57.0,True,0.1272767411221876,0.09812175138634,0.3171923621424821,0.237362616343856,-5.696090987018873,1
2.0,58.0,True,0.086435216712805,0.0863629761579607,0.3555028107364412,1.424925107951985,-7.190882961612827,1
2.0,59.0,False,,,,,,0
2.0,60.0,False,,,,,,0
2.0,61.0,False,,,,,,0
2.0,62.0,False,,,,,,0
2.0,63.0,False,,,,,,0
2.0,64.0,False,,,,,,0
2.0,65.0,False,,,,,,0
2.0,66.0,False,,,,,,0
2.0,67.0,False,,,,,,0
2.0,68.0,False,,,,,,0
2.0,69.0,False,,,,,,0
2.0,70.0,False,,,,,,0
2.0,71.0,False,,,,,,0
2.0,72.0,False,,,,,,0
2.0,73.0,False,,,,,,0
2.0,74.0,False,,,,,,0
2.0,75.0,False,,,,,,0
2.0,76.0,False,,,,,,0
2.0,77.0,False,,,,,,0
2.0,78.0,False,,,,,,0
2.0,79.0,False,,,,,,0
2.0,80.0,False,,,,,,0
2.0,81.0,False,,,,,,0
2.0,82.0,False,,,,,,0
2.0,83.0,False,,,,,,0
2.0,84.0,False,,,,,,0
2.0,85.0,False,,,,,,0
2.0,86.0,False,,,,,,0
2.0,87.0,False,,,,,,0
2.0,88.0,False,,,,,,0
2.0,89.0,False,,,,,,0
2.0,90.0,False,,,,,,0
2.0,91.0,False,,,,,,0
2.0,92.0,False,,,,,,0
2.0,93.0,False,,,,,,0
2.0,94.0,False,,,,,,0
2.0,95.0,False,,,,,,0
2.0,96.0,False,,,,,,0
2.0,97.0,False,,,,,,0
2.0,98.0,False,,,,,,0
2.0,99.0,False,,,,,,0
2.0,100.0,False,,,,,,0
3.0,1.0,False,,,,,,0
3.0,2.0,False,,,,,,0
3.0,3.0,False,,,,,,0
3.0,4.0,False,,,,,,0
3.0,5.0,False,,,,,,0
3.0,6.0,False,,,,,,0
3.0,7.0,False,,,,,,0
3.0,8.0,False,,,,,,0
3.0,9.0,False,,,,,,0
3.0,10.0,False,,,,,,0
3.0,11.0,False,,,,,,0
3.0,12.0,False,,,,,,0
3.0,13.0,False,,,,,,0
3.0,14.0,False,,,,,,0
3.0,15.0,False,,,,,,0
3.0,16.0,False,,,,,,0
3.0,17.0,False,,,,,,0
3.0,18.0,False,,,,,,0
3.0,19.0,False,,,,,,0
3.0,20.0,False,,,,,,0
3.0,21.0,False,,,,,,0
3.0,22.0,False,,,,,,0
3.0,23.0,False,,,,,,0
3.0,24.0,False,,,,,,0
3.0,25.0,False,,,,,,0
3.0,26.0,False,,,,,,0
3.0,27.0,False,,,,,,0
3.0,28.0,False,,,,,,0
3.0,29.0,False,,,,,,0
3.0,30.0,False,,,,,,0
3.0,31.0,False,,,,,,0
3.0,32.0,False,,,,,,0
3.0,33.0,False,,,,,,0
3.0,34.0,False,,,,,,0
3.0,35.0,False,,,,,,0
3.0,36.0,False,,,,,,0
3.0,37.0,False,,,,,,0
3.0,38.0,False,,,,,,0
3.0,39.0,True,0.0991358885529129,0.0717420241185085,0.2669602246219885,0.4612891288295297,-6.554154108232187,1
3.0,40.0,True,0.1582562709925859,0.1115140329089698,0.3516172691481408,-0.114778951647402,-4.6733354199518296,1
3.0,41.0,True,0.3870304227619246,0.2164397273686755,0.8519291023567299,0.2999092245279748,2.221777782912647,3
3.0,42.0,True,0.3663189941364795,0.1433880868515924,0.5886505358048258,-0.6348930895270973,1.839143815965446,3
3.0,43.0,True,0.340112085842132,0.1847390772978885,0.6156716699861894,-0.1010910614905754,1.2446091263637582,3
3.0,44.0,True,0.299635388725007,0.1524763431451872,0.6652920511001733,0.4302638796453011,-0.3148530750916848,3
3.0,45.0,True,0.2605692137318998,0.1450273354316986,0.5044036110601233,0.0064033163220432,-1.5981789392795782,1
3.0,46.0,True,0.3094114998217707,0.1509574975594005,0.64863016455014,0.2299728519545335,0.2048852414848566,3
3.0,47.0,True,0.3698940228363881,0.1784226422414848,0.6772783907101223,-0.3726041430386658,1.9259917342194532,3
3.0,48.0,True,0.200071887962575,0.1452903189770706,0.462409018330057,0.3342293170597361,-3.327469194383053,1
3.0,49.0,True,0.2979565602406837,0.1442496903634738,0.868926082473167,1.486781265767179,-0.6833791602776436,3
3.0,50.0,True,0.2450652514684909,0.2178840529775575,0.7095687884434734,0.778627776331284,-1.9769167323071828,3
3.0,51.0,True,0.3409824678868201,0.2707064508698993,0.9201074611585578,0.7089568656403763,0.539726615867733,3
3.0,52.0,True,0.206000741634752,0.1746688880259538,0.6364494278180133,0.8592775003777225,-3.1685122590699817,1
3.0,53.0,True,0.3067781578190824,0.1315196402944386,0.5803705198637696,0.0254009032898081,-0.0848404725407076,3
3.0,54.0,True,0.4637956581203299,0.2636359852153527,1.019040758232524,0.3439897973408537,5.070760842383821,2
3.0,55.0,True,0.3941207771727339,0.2178937647823504,0.8299698328246988,0.3699642600148697,2.39058899609496,3
3.0,56.0,True,0.4137224438635866,0.2216107215627928,0.8707161558009637,-0.0485940912132758,3.1827091952344886,3
3.0,57.0,True,0.4042213698496579,0.1774118948064876,0.7916814444011373,0.2196490227791462,2.899924392092582,3
3.0,58.0,True,0.502147716712067,0.1251820790744786,0.8367033461280091,-0.0811550912855801,5.708674737070408,3
3.0,59.0,True,0.376365223017232,0.1870666166975689,0.7254362630449157,0.0927521735197157,1.944072172621255,3
3.0,60.0,True,0.2615522628095087,0.1656406246125264,0.5654957162118643,-0.0450580373686124,-1.548097704961947,3
3.0,61.0,True,0.2181323925808159,0.1444473412238462,0.604174099190995,1.1135029766292013,-2.858280318849453,1
3.0,62.0,True,0.1796234828246264,0.1037137350221452,0.3913410472573417,-0.0780207218698625,-4.0876791510168555,1
3.0,63.0,True,0.0744202901127241,0.0778453447436331,0.2313635179709906,0.531416976875081,-7.1862529475878345,1
3.0,64.0,False,,,,,,0
3.0,65.0,False,,,,,,0
3.0,66.0,False,,,,,,0
3.0,67.0,False,,,,,,0
3.0,68.0,False,,,,,,0
3.0,69.0,False,,,,,,0
3.0,70.0,False,,,,,,0
3.0,71.0,False,,,,,,0
3.0,72.0,False,,,,,,0
3.0,73.0,False,,,,,,0
3.0,74.0,False,,,,,,0
3.0,75.0,False,,,,,,0
3.0,76.0,False,,,,,,0
3.0,77.0,False,,,,,,0
3.0,78.0,False,,,,,,0
3.0,79.0,False,,,,,,0
3.0,80.0,False,,,,,,0
3.0,81.0,False,,,,,,0
3.0,82.0,False,,,,,,0
3.0,83.0,False,,,,,,0
3.0,84.0,False,,,,,,0
3.0,85.0,False,,,,,,0
3.0,86.0,False,,,,,,0
3.0,87.0,False,,,,,,0
3.0,88.0,False,,,,,,0
3.0,89.0,False,,,,,,0
3.0,90.0,False,,,,,,0
3.0,91.0,False,,,,,,0
3.0,92.0,False,,,,,,0
3.0,93.0,False,,,,,,0
3.0,94.0,False,,,,,,0
3.0,95.0,False,,,,,,0
3.0,96.0,False,,,,,,0
3.0,97.0,False,,,,,,0
3.0,98.0,False,,,,,,0
3.0,99.0,False,,,,,,0
3.0,100.0,False,,,,,,0
4.0,1.0,False,,,,,,0
4.0,2.0,False,,,,,,0
4.0,3.0,False,,,,,,0
4.0,4.0,False,,,,,,0
4.0,5.0,False,,,,,,0
4.0,6.0,False,,,,,,0
4.0,7.0,False,,,,,,0
4.0,8.0,False,,,,,,0
4.0,9.0,False,,,,,,0
4.0,10.0,False,,,,,,0
4.0,11.0,False,,,,,,0
4.0,12.0,False,,,,,,0
4.0,13.0,False,,,,,,0
4.0,14.0,False,,,,,,0
4.0,15.0,False,,,,,,0
4.0,16.0,False,,,,,,0
4.0,17.0,False,,,,,,0
4.0,18.0,False,,,,,,0
4.0,19.0,False,,,,,,0
4.0,20.0,False,,,,,,0
4.0,21.0,False,,,,,,0
4.0,22.0,False,,,,,,0
4.0,23.0,False,,,,,,0
4.0,24.0,False,,,,,,0
4.0,25.0,False,,,,,,0
4.0,26.0,False,,,,,,0
4.0,27.0,False,,,,,,0
4.0,28.0,False,,,,,,0
4.0,29.0,False,,,,,,0
4.0,30.0,False,,,,,,0
4.0,31.0,False,,,,,,0
4.0,32.0,False,,,,,,0
4.0,33.0,False,,,,,,0
4.0,34.0,False,,,,,,0
4.0,35.0,True,0.0291296144390045,0.0377066331390214,0.136952171135692,1.6590528535501297,-8.646889461614169,1
4.0,36.0,True,0.1648711790428454,0.1140333667786932,0.3943378796786964,0.2134318374932647,-4.587553732523343,1
4.0,37.0,True,0.3083472103432391,0.224848571186616,0.6503506280744046,0.0374216758665615,0.0072118537313374,3
4.0,38.0,True,0.2682201779693441,0.2069006762629967,0.7111624874346509,0.569743195107742,-1.2790025252072577,3
4.0,39.0,True,0.3794475963930372,0.3192347066651654,1.1593701782692345,0.943877142774888,2.4025507436969664,2
4.0,40.0,True,0.3302483152249726,0.2146904083765351,1.037430404066881,0.5546445743948402,0.3718860819453617,3
4.0,41.0,True,0.4013266858268612,0.1910594296083491,0.9789858645931044,0.6588620791751637,2.5843993673424697,3
4.0,42.0,True,0.3015004989195118,0.197143737127748,0.6991344028411827,0.5629157428599278,0.1156976869834145,3
4.0,43.0,True,0.3675143792299224,0.2373825794586662,0.9049423811509936,0.774790780105011,1.949870311451409,3
4.0,44.0,True,0.2806963219300993,0.1773653651122897,0.8793725910996326,1.1361345945622987,-1.3094126764236198,3
4.0,45.0,True,0.3580544819979091,0.1617555669860722,0.7209557606216509,0.2318472809046228,1.2786064543313886,3
4.0,46.0,True,0.2651121560361928,0.1466546102724472,0.5342262360908061,0.2439853256859897,-1.4013550901871623,1
4.0,47.0,True,0.4263676696962474,0.3534709668949341,1.2975271877378445,1.0471161283942028,3.603536762432984,2
4.0,48.0,True,0.3339578890974559,0.1771981981703341,0.633153309119193,-0.2815537224373928,0.6950082566653253,3
4.0,49.0,True,0.2404691591398768,0.1029476916815886,0.5099101463951218,0.4813739061605997,-2.320367132293806,1
4.0,50.0,True,0.3933859222123397,0.194102169910961,0.7764466988519954,-0.010785423391031,2.5890928055293303,3
4.0,51.0,True,0.2923500442792178,0.2463694380004954,0.8282035285432496,0.6816304849243627,-0.714399404864637,3
4.0,52.0,True,0.4871500724436471,0.2187308118877214,0.9720887154675384,0.1905522008236127,5.480754823465126,2
4.0,53.0,True,0.279197499418163,0.1583842876495657,0.6110782332002638,0.584047176346166,-0.8050166319883352,3
4.0,54.0,True,0.3169011226694747,0.1505172924097673,0.7224667936361252,0.9267336493200026,0.354632515399734,3
4.0,55.0,True,0.3402696284354907,0.1770469449207085,0.6546527911668323,-0.1999001241647916,0.94223579603621,3
4.0,56.0,True,0.4128682732829826,0.1355254974681087,0.7464065791479216,0.8119646089884965,3.1397154211815956,3
4.0,57.0,True,0.4444695030244148,0.2144621938869531,1.1772744998627305,1.1481752321078795,3.954437670053902,2
4.0,58.0,True,0.446243472118295,0.2273575253207445,0.9756667970585318,0.120419141499616,3.7441202269093026,2
4.0,59.0,True,0.5317295789776841,0.2244378871246235,0.9311456669625272,-0.1358142268648339,6.706859941933903,2
4.0,60.0,True,0.2635459918016936,0.1908919452203911,0.7164522753314823,1.0334263471302216,-1.50759352777616,3
4.0,61.0,True,0.2100756724365141,0.1712039611312703,0.5255375220097678,0.5110729132529899,-3.0083533817594965,1
4.0,62.0,True,0.2829636799703808,0.1090486485598089,0.480919016563595,-0.0109574283804308,-0.7719782560068469,1
4.0,63.0,True,0.2642548800557864,0.1503594256442241,0.627411806185717,0.4481092069363662,-1.3026276652022994,3
4.0,64.0,True,0.3856330618053485,0.205162309071934,0.6879442501504265,-0.564876415205618,2.336089685441978,3
4.0,65.0,True,0.256689639667832,0.1063994549919143,0.4724291999781737,-0.1470358114499309,-1.7226470606367057,1
4.0,66.0,True,0.110532234230913,0.0820225980426252,0.2394468785318381,0.0137832636868248,-6.174297316742408,1
4.0,67.0,False,,,,,,0
4.0,68.0,False,,,,,,0
4.0,69.0,False,,,,,,0
4.0,70.0,False,,,,,,0
4.0,71.0,False,,,,,,0
4.0,72.0,False,,,,,,0
4.0,73.0,False,,,,,,0
4.0,74.0,False,,,,,,0
4.0,75.0,False,,,,,,0
4.0,76.0,False,,,,,,0
4.0,77.0,False,,,,,,0
4.0,78.0,False,,,,,,0
4.0,79.0,False,,,,,,0
4.0,80.0,False,,,,,,0
4.0,81.0,False,,,,,,0
4.0,82.0,False,,,,,,0
4.0,83.0,False,,,,,,0
4.0,84.0,False,,,,,,0
4.0,85.0,False,,,,,,0
4.0,86.0,False,,,,,,0
4.0,87.0,False,,,,,,0
4.0,88.0,False,,,,,,0
4.0,89.0,False,,,,,,0
4.0,90.0,False,,,,,,0
4.0,91.0,False,,,,,,0
4.0,92.0,False,,,,,,0
4.0,93.0,False,,,,,,0
4.0,94.0,False,,,,,,0
4.0,95.0,False,,,,,,0
4.0,96.0,False,,,,,,0
4.0,97.0,False,,,,,,0
4.0,98.0,False,,,,,,0
4.0,99.0,False,,,,,,0
4.0,100.0,False,,,,,,0
5.0,1.0,False,,,,,,0
5.0,2.0,False,,,,,,0
5.0,3.0,False,,,,,,0
5.0,4.0,False,,,,,,0
5.0,5.0,False,,,,,,0
5.0,6.0,False,,,,,,0
5.0,7.0,False,,,,,,0
5.0,8.0,False,,,,,,0
5.0,9.0,False,,,,,,0
5.0,10.0,False,,,,,,0
5.0,11.0,False,,,,,,0
5.0,12.0,False,,,,,,0
5.0,13.0,False,,,,,,0
5.0,14.0,False,,,,,,0
5.0,15.0,False,,,,,,0
5.0,16.0,False,,,,,,0
5.0,17.0,False,,,,,,0
5.0,18.0,False,,,,,,0
5.0,19.0,False,,,,,,0
5.0,20.0,False,,,,,,0
5.0,21.0,False,,,,,,0
5.0,22.0,False,,,,,,0
5.0,23.0,False,,,,,,0
5.0,24.0,False,,,,,,0
5.0,25.0,False,,,,,,0
5.0,26.0,False,,,,,,0
5.0,27.0,False,,,,,,0
5.0,28.0,False,,,,,,0
5.0,29.0,False,,,,,,0
5.0,30.0,False,,,,,,0
5.0,31.0,False,,,,,,0
5.0,32.0,False,,,,,,0
5.0,33.0,True,0.1215110972948167,0.1160805184749707,0.4705304498433262,1.5553979354166376,-5.937290403210316,1
5.0,34.0,True,0.2345089442934623,0.1593263501121269,0.6716791631325841,0.2721916107600291,-2.708019904706555,1
5.0,35.0,True,0.4469555680636475,0.1507346638181675,0.984370715847608,1.1502306319198696,3.995258060411008,3
5.0,36.0,True,0.7156493038364681,0.293067846961995,1.3059956928468863,0.4451128078844917,12.002507142750575,2
5.0,37.0,True,0.6128101002966831,0.224176443017537,1.0916712966939215,0.2219651694503658,9.087833506602866,2
5.0,38.0,True,0.438954626832891,0.2600006520038012,1.0124722243419049,0.43224023286723,3.919853808952637,2
5.0,39.0,True,0.5074924740883331,0.2199280977804208,0.9566362911776158,-0.0129232095384397,6.321764241169118,2
5.0,40.0,True,0.3492961541314615,0.2693185725193343,0.8803775228406853,0.5424272989124908,1.475352278402853,3
5.0,41.0,True,0.3889877447985133,0.1558863604856799,0.6348800777954128,-0.3827088858510248,2.4731824722663984,3
5.0,42.0,True,0.4519184235977622,0.2381653513817986,0.9000284589157032,0.1669293132805294,4.639620422845242,2
5.0,43.0,True,0.2767428827298489,0.2079772154459063,0.757549312647583,0.5972921768541587,-0.8747899373974592,3
5.0,44.0,True,0.2269461896084409,0.1416646275819606,0.5713536643602128,0.754242137368649,-2.724315358242169,1
5.0,45.0,True,0.3904340537657687,0.2315128300887884,1.247026825588587,1.3520759726440337,2.147513606505557,2
5.0,46.0,True,0.3664063899398071,0.2408116862659477,0.92755239322031,0.6866727203954738,1.8567693351304373,3
5.0,47.0,True,0.3081893247679282,0.1264111449098137,0.696730438896338,0.8706868186168596,-0.2462632743892782,3
5.0,48.0,True,0.428141623437539,0.2229607667318303,0.8763297664776538,0.3211252449328543,3.6816712629371633,3
5.0,49.0,True,0.212192564244536,0.1179020976331615,0.4571191960814669,-0.0430859451019617,-2.797650294441299,1
5.0,50.0,True,0.3039190974990057,0.0997934589240838,0.475627718751084,-0.6670757497494723,-0.031180667558995,1
5.0,51.0,True,0.3401252698137438,0.1552817387404446,0.6848262796644392,0.2320260343024029,1.1884802388703648,3
5.0,52.0,True,0.398153289121995,0.1603370711305848,0.8828970732655907,0.8041752613570398,2.3733433754050046,3
5.0,53.0,True,0.283623088945013,0.1601844989000752,0.5717363655263684,-0.0226702191817555,-0.9648795685226446,3
5.0,54.0,True,0.2737823106247083,0.1915419051522736,0.6141322161976187,0.2498437659670211,-1.132783873065486,3
5.0,55.0,True,0.4612206257550406,0.2156639693766821,0.9553035259652444,0.2209029703425191,4.943494805368296,2
5.0,56.0,True,0.4849353439257684,0.2229929828146585,1.0221115004520296,0.1694380965271187,5.31182840183836,2
5.0,57.0,True,0.3659449589791381,0.1865544065258348,0.7660665347669554,0.3137861916748513,1.951232825502201,3
5.0,58.0,True,0.3862756805823178,0.1765804872524471,0.7429391551504563,0.3888913797602203,2.1343815487250506,3
5.0,59.0,True,0.2682967914501902,0.1356339262033951,0.577904775172164,0.3327161531139052,-1.4602039041064658,1
5.0,60.0,True,0.3550087042402816,0.1395900480821977,0.5918914451246419,-0.0633756625117845,1.3126930717446146,3
5.0,61.0,True,0.3379682303500154,0.141395322351571,0.6505476115593795,0.1831029042383274,0.9022120236375551,3
5.0,62.0,True,0.4485265105208157,0.2359818521713755,1.120229910192521,1.0273969416337785,4.016198251706294,2
5.0,63.0,True,0.3249188217569612,0.1952729157600414,0.6980382443050213,0.1039430901475101,0.2052215754502733,3
5.0,64.0,True,0.2855519245821578,0.1670447026770346,0.6129124054590696,0.1374175847765914,-0.7955717501154165,3
5.0,65.0,True,0.3758134228792443,0.1811513535236498,0.6732167270850136,-0.1505339686497355,2.047565175238889,3
5.0,66.0,True,0.301449343668234,0.0980934969231764,0.4947367602915082,-0.2159781714862348,-0.3002816523085462,1
5.0,67.0,True,0.2617368967496472,0.2685186391215967,0.8681719295548864,0.8231425624957871,-1.2407240846608467,3
5.0,68.0,True,0.0675565986313322,0.091517808090566,0.292310164868908,1.1538766514749517,-7.647590569458011,1
5.0,69.0,True,0.0516581388403726,0.069241683075861,0.2288377106369841,1.1809619882420812,-7.908934664637714,1
5.0,70.0,False,,,,,,0
5.0,71.0,False,,,,,,0
5.0,72.0,False,,,,,,0
5.0,73.0,False,,,,,,0
5.0,74.0,False,,,,,,0
5.0,75.0,False,,,,,,0
5.0,76.0,False,,,,,,0
5.0,77.0,False,,,,,,0
5.0,78.0,False,,,,,,0
5.0,79.0,False,,,,,,0
5.0,80.0,False,,,,,,0
5.0,81.0,False,,,,,,0
5.0,82.0,False,,,,,,0
5.0,83.0,False,,,,,,0
5.0,84.0,False,,,,,,0
5.0,85.0,False,,,,,,0
5.0,86.0,False,,,,,,0
5.0,87.0,False,,,,,,0
5.0,88.0,False,,,,,,0
5.0,89.0,False,,,,,,0
5.0,90.0,False,,,,,,0
5.0,91.0,False,,,,,,0
5.0,92.0,False,,,,,,0
5.0,93.0,False,,,,,,0
5.0,94.0,False,,,,,,0
5.0,95.0,False,,,,,,0
5.0,96.0,False,,,,,,0
5.0,97.0,False,,,,,,0
5.0,98.0,False,,,,,,0
5.0,99.0,False,,,,,,0
5.0,100.0,False,,,,,,0
6.0,1.0,False,,,,,,0
6.0,2.0,False,,,,,,0
6.0,3.0,False,,,,,,0
6.0,4.0,False,,,,,,0
6.0,5.0,False,,,,,,0
6.0,6.0,False,,,,,,0
6.0,7.0,False,,,,,,0
6.0,8.0,False,,,,,,0
6.0,9.0,False,,,,,,0
6.0,10.0,False,,,,,,0
6.0,11.0,False,,,,,,0
6.0,12.0,False,,,,,,0
6.0,13.0,False,,,,,,0
6.0,14.0,False,,,,,,0
6.0,15.0,False,,,,,,0
6.0,16.0,False,,,,,,0
6.0,17.0,False,,,,,,0
6.0,18.0,False,,,,,,0
6.0,19.0,False,,,,,,0
6.0,20.0,False,,,,,,0
6.0,21.0,False,,,,,,0
6.0,22.0,False,,,,,,0
6.0,23.0,False,,,,,,0
6.0,24.0,False,,,,,,0
6.0,25.0,False,,,,,,0
6.0,26.0,False,,,,,,0
6.0,27.0,False,,,,,,0
6.0,28.0,False,,,,,,0
6.0,29.0,False,,,,,,0
6.0,30.0,True,0.0160580050752083,0.0513770046562903,0.2534870801157898,3.473387684618673,-9.184380655988116,1
6.0,31.0,True,0.1307042071399251,0.0872648700903003,0.2859758917202455,0.0806334038898167,-5.594841092889858,1
6.0,32.0,True,0.2858640199892815,0.1010505944272631,0.5080107945892851,0.4458626116715209,-0.7626981287714112,1
6.0,33.0,True,0.4476141281392888,0.1810119927942318,0.8624737137402223,0.2998058945131749,4.486787769441534,3
6.0,34.0,True,0.5390637920222708,0.3516512250432323,1.2717167539797576,0.3139631432824953,6.754019056880374,2
6.0,35.0,True,0.3594027250406275,0.1265914110130117,0.6180546896146522,0.1690192888066115,1.635897735277233,3
6.0,36.0,True,0.6140653151736563,0.1598246888233588,1.0251062229586203,-0.1673118663194311,9.17431034942735,2
6.0,37.0,True,0.6337187373027967,0.2154806550057184,1.2695199636474188,0.823712311771568,9.59916805680413,2
6.0,38.0,True,0.5440381383719989,0.2970703213052202,1.0161211225532,-0.0004819270770738,6.999113385489373,2
6.0,39.0,True,0.4395445320452053,0.2625339017030007,0.8710839504543763,-0.0641053078814315,4.0054985747659355,2
6.0,40.0,True,0.4135991664972893,0.2280852796677296,0.9122249690523236,0.3372051536016536,3.3254823694910383,3
6.0,41.0,True,0.3837306812891255,0.2063707615196542,1.1462481135696307,1.635250940285029,2.037253571647323,3
6.0,42.0,True,0.4502059297154588,0.2416665201431317,1.1001647174063425,0.9588832579151564,4.330180477730291,2
6.0,43.0,True,0.3029440239679332,0.1449370443556028,0.5085178681717292,-0.1911293762155278,-0.4231470901055491,1
6.0,44.0,True,0.2327425283896227,0.1708509509138124,0.6086322100223024,0.7501456671615044,-2.654761404541964,1
6.0,45.0,True,0.3495238542920056,0.1949570314279771,0.683347777909917,-0.2852462755152406,1.3508960452559364,3
6.0,46.0,True,0.3945869205467404,0.1913253658710808,0.8796936884936651,0.7739604235777608,2.686374467797368,3
6.0,47.0,True,0.4109371965798684,0.2588536308067555,0.8256301402164867,-0.1892758578655489,2.702744975510418,3
6.0,48.0,True,0.2749234584955947,0.1959072020224842,0.6663648067792537,0.2190753732485255,-0.9594961779609664,3
6.0,49.0,True,0.29809359136827,0.1427560961637534,0.7542006675932826,0.6259201854200409,-0.6305553992411208,3
6.0,50.0,True,0.471121080624914,0.1438817700579258,0.7613766836138999,0.0954518342988963,4.8788383847514485,3
6.0,51.0,True,0.385691391792244,0.1581609066011544,0.7775261459418624,0.4042759595974617,2.5152743235434194,3
6.0,52.0,True,0.4297724457074801,0.2016010971701366,0.7323863417042138,-0.37858800996991,3.668042478015235,3
6.0,53.0,True,0.3900699241302363,0.1778453404423546,0.7405377497732556,-0.0418648611659944,2.7805660763657354,3
6.0,54.0,True,0.2472932565732248,0.1620953940272451,0.6335480861697476,0.5174140162811895,-1.6551447268449924,3
6.0,55.0,True,0.2787288164699771,0.1889882104041412,0.699584370251587,0.2684762747349818,-1.1177234726563057,3
6.0,56.0,True,0.2743772723680869,0.1208450420342405,0.4688178425332874,-0.1398651801889664,-1.2442166618821395,1
6.0,57.0,True,0.3389803244014263,0.2059962806423338,0.8122587012538193,0.8618425395007535,0.620959981396792,3
6.0,58.0,True,0.3263112919401064,0.2118807988899455,0.7536121111979669,0.3494276717404043,0.5383243426242608,3
6.0,59.0,True,0.2550602801236203,0.1497577016564067,0.5885179416465143,0.5461246330203875,-1.6840978184984807,1
6.0,60.0,True,0.2980174138713046,0.16354854581665,0.6416036838203755,0.4010051370231682,-0.3780570969096531,3
6.0,61.0,True,0.3582764284135019,0.2301446702708744,0.7555016185508492,0.2425892608550911,1.8134465215228548,3
6.0,62.0,True,0.4307132944469292,0.2417496721326076,0.883719393284575,0.2047783989671505,3.541514625041244,3
6.0,63.0,True,0.2175530570250792,0.130898634497148,0.5668139825077242,0.5987328890666864,-2.9618184969489993,1
6.0,64.0,True,0.4087374583382291,0.2385009233989963,0.9991039581811648,0.8621009925608359,2.9216068587727615,2
6.0,65.0,True,0.4027848771104465,0.2764159299753447,1.0217970585934062,0.6370054962543399,3.142983495822808,2
6.0,66.0,True,0.217776316871345,0.1434036521589224,0.8238285403004774,1.7614824597754717,-3.1902679568382504,3
6.0,67.0,True,0.2110836399557844,0.2191875169090979,1.10111040080722,2.02426387277545,-3.632143962489444,3
6.0,68.0,True,0.3159859776854622,0.1833987786788163,0.6317937271834538,-0.0611463613436612,0.1284400354416882,3
6.0,69.0,True,0.3327398549149139,0.1653064689765405,0.6760098477299272,0.3298146628566715,0.7539361579499396,3
6.0,70.0,True,0.2878913966219132,0.2013244423470041,0.707445922776511,0.5342916606037653,-0.5345058894874084,3
6.0,71.0,True,0.1304715672246941,0.1024429577399255,0.3587099640075419,0.4667740591483266,-5.506706881239633,1
6.0,72.0,False,,,,,,0
6.0,73.0,False,,,,,,0
6.0,74.0,False,,,,,,0
6.0,75.0,False,,,,,,0
6.0,76.0,False,,,,,,0
6.0,77.0,False,,,,,,0
6.0,78.0,False,,,,,,0
6.0,79.0,False,,,,,,0
6.0,80.0,False,,,,,,0
6.0,81.0,False,,,,,,0
6.0,82.0,False,,,,,,0
6.0,83.0,False,,,,,,0
6.0,84.0,False,,,,,,0
6.0,85.0,False,,,,,,0
6.0,86.0,False,,,,,,0
6.0,87.0,False,,,,,,0
6.0,88.0,False,,,,,,0
6.0,89.0,False,,,,,,0
6.0,90.0,False,,,,,,0
6.0,91.0,False,,,,,,0
6.0,92.0,False,,,,,,0
6.0,93.0,False,,,,,,0
6.0,94.0,False,,,,,,0
6.0,95.0,False,,,,,,0
6.0,96.0,False,,,,,,0
6.0,97.0,False,,,,,,0
6.0,98.0,False,,,,,,0
6.0,99.0,False,,,,,,0
6.0,100.0,False,,,,,,0
7.0,1.0,False,,,,,,0
7.0,2.0,False,,,,,,0
7.0,3.0,False,,,,,,0
7.0,4.0,False,,,,,,0
7.0,5.0,False,,,,,,0
7.0,6.0,False,,,,,,0
7.0,7.0,False,,,,,,0
7.0,8.0,False,,,,,,0
7.0,9.0,False,,,,,,0
7.0,10.0,False,,,,,,0
7.0,11.0,False,,,,,,0
7.0,12.0,False,,,,,,0
7.0,13.0,False,,,,,,0
7.0,14.0,False,,,,,,0
7.0,15.0,False,,,,,,0
7.0,16.0,False,,,,,,0
7.0,17.0,False,,,,,,0
7.0,18.0,False,,,,,,0
7.0,19.0,False,,,,,,0
7.0,20.0,False,,,,,,0
7.0,21.0,False,,,,,,0
7.0,22.0,False,,,,,,0
7.0,23.0,False,,,,,,0
7.0,24.0,False,,,,,,0
7.0,25.0,False,,,,,,0
7.0,26.0,False,,,,,,0
7.0,27.0,False,,,,,,0
7.0,28.0,False,,,,,,0
7.0,29.0,True,0.1878906461787371,0.1671578346677874,0.7720766606392225,1.2630854682784127,-4.1832339428161625,1
7.0,30.0,True,0.3538776851787558,0.1721073422646859,0.7165625171159379,-0.0531968346342058,0.9774617413202912,3
7.0,31.0,True,0.2538474519370418,0.1557274908772936,0.6037828017769894,0.5213709275332538,-1.8925252433659496,1
7.0,32.0,True,0.3731712207338034,0.1425125170603208,0.7188085579343979,0.5236196748901998,1.96421517821526,3
7.0,33.0,True,0.4932854008216929,0.2440984455519677,1.1784385240885271,0.1103735678982479,5.490694156439588,2
7.0,34.0,True,0.4589313457745093,0.1680009090650802,0.7134674343478603,-0.1905179124680307,4.668893455869025,3
7.0,35.0,True,0.5531210465276456,0.2922806072181342,1.111234674936558,0.3936445432470253,7.549121455247932,2
7.0,36.0,True,0.4105478117376809,0.2045441526152153,0.9744147793928905,0.7702457216797602,3.3688864246289416,3
7.0,37.0,True,0.4603606142674999,0.3679897520684373,1.5,0.9296671668361728,4.072032932000004,2
7.0,38.0,True,0.4931675775328882,0.2428874871075041,0.9268314243934092,0.0320280566221212,5.761840290588819,2
7.0,39.0,True,0.4107936452642097,0.1587868243794389,0.6064155786880666,-0.8145863700709348,2.9870765411617004,3
7.0,40.0,True,0.5023679626001623,0.206748298802616,0.8281725165756696,-0.2134241483692071,6.271449271510992,2
7.0,41.0,True,0.4589992624344811,0.1663523320377114,0.864638496031734,0.6511968391209302,4.699071448974159,3
7.0,42.0,True,0.3169629238780115,0.1916711063419095,1.041389254530784,1.8310536174444336,-0.3382926040823589,3
7.0,43.0,True,0.3654055305118319,0.2520186967285615,0.8331508281149353,0.2292195346403199,1.9583224152138976,3
7.0,44.0,True,0.3462986614422011,0.1649609879596899,0.7651862556360527,0.5146041435447762,0.9961888988534192,3
7.0,45.0,True,0.251925579440784,0.1502045270694349,0.5724716225975601,0.3585211622957936,-1.604421489402437,1
7.0,46.0,True,0.3342558421116071,0.2005269250238492,0.8597616520853247,1.0223523724426251,0.7094491222440713,3
7.0,47.0,True,0.2943965224692996,0.1515503781703404,0.7386127368123327,1.404899699105196,-0.5017067049875847,3
7.0,48.0,True,0.2718107688642833,0.1837239598086996,0.7188703666561923,0.7906349130565481,-1.2830948539386444,3
7.0,49.0,True,0.4098989381589696,0.1497000031480452,0.7317443202766144,-0.2391877250005825,3.1609383670252567,3
7.0,50.0,True,0.3577357138899107,0.2037437926149627,0.7662670404935941,0.3087998324205689,1.6584411810020427,3
7.0,51.0,True,0.3560361073301038,0.1064409615243272,0.6078450520281388,0.3508801021720465,1.4867973126059122,3
7.0,52.0,True,0.3990700760301638,0.2331904051986655,1.0760177947791778,1.3364968542204103,2.935825731499043,2
7.0,53.0,True,0.3705548258240015,0.1506362196034348,0.7524248659268932,0.4942454678742927,1.750014880908551,3
7.0,54.0,True,0.212183281935911,0.0780258199900498,0.3806278778337598,0.1363891854164547,-3.04373877749938,1
7.0,55.0,True,0.2395786031602369,0.1224211208751891,0.5152821826931464,0.6283311001337998,-2.1158183812299463,1
7.0,56.0,True,0.1709394560764404,0.119025771029635,0.6112024698441444,1.4729321924897418,-4.589996194214723,1
7.0,57.0,True,0.3762475002508759,0.1883524631381323,0.8161487475454858,0.5930182436249919,1.9028158190326672,3
7.0,58.0,True,0.3687664650340678,0.1677062600229964,0.7378960076833047,0.3646503744338363,1.9968934001073788,3
7.0,59.0,True,0.4630900982582162,0.2487621227752097,1.0898893209091318,1.1825241432219176,4.880242843641764,2
7.0,60.0,True,0.3529781386635438,0.2073620080937142,0.7657002186493442,0.1602050995562543,1.5112621253800271,3
7.0,61.0,True,0.2774261919662792,0.1824497868679885,0.6265358326911562,0.0925483634742322,-0.9324086228226888,3
7.0,62.0,True,0.3164896886887834,0.2537048519688319,1.0519559130592406,0.8203016316997956,-0.3173516111852069,3
7.0,63.0,True,0.2668018284431205,0.130079290999314,0.5082272395665146,0.1921518556391932,-1.164143558076853,1
7.0,64.0,True,0.2629627910610916,0.14261130919889,0.5122051075746117,0.2577441650038709,-1.3187850091792488,1
7.0,65.0,True,0.3702214307974588,0.1870050559696275,0.9519525482568296,0.571490217149337,1.7107639506239658,3
7.0,66.0,True,0.1594216646587408,0.1334456109024419,0.5426168954874281,0.7422203247021038,-5.049349998219531,1
7.0,67.0,True,0.3842869568050527,0.2217583523351709,0.8718112309479723,0.5011888464261826,2.3574709422327853,3
7.0,68.0,True,0.3702669341501165,0.1898548402272811,0.6824506353042442,0.0200180895567401,1.868553226605237,3
7.0,69.0,True,0.3526570598295219,0.3888575009139601,1.5,1.62038845708267,0.7006681243785884,2
7.0,70.0,True,0.4488165218332631,0.1943446634306644,0.85021788484209,0.1760106351937747,3.9845267732805967,3
7.0,71.0,True,0.4556912659154337,0.2439280001275834,0.910753783362132,0.1382734859795584,4.757645286530083,2
7.0,72.0,True,0.3250439978977376,0.1991205146910893,0.7641289646999062,0.4949195689431393,0.0384140704961659,3
7.0,73.0,True,0.1234927665442085,0.0878131373496097,0.3621233102588178,0.4822911613245557,-5.860988211152614,1
7.0,74.0,False,,,,,,0
7.0,75.0,False,,,,,,0
7.0,76.0,False,,,,,,0
7.0,77.0,False,,,,,,0
7.0,78.0,False,,,,,,0
7.0,79.0,False,,,,,,0
7.0,80.0,False,,,,,,0
7.0,81.0,False,,,,,,0
7.0,82.0,False,,,,,,0
7.0,83.0,False,,,,,,0
7.0,84.0,False,,,,,,0
7.0,85.0,False,,,,,,0
7.0,86.0,False,,,,,,0
7.0,87.0,False,,,,,,0
7.0,88.0,False,,,,,,0
7.0,89.0,False,,,,,,0
7.0,90.0,False,,,,,,0
7.0,91.0,False,,,,,,0
7.0,92.0,False,,,,,,0
7.0,93.0,False,,,,,,0
7.0,94.0,False,,,,,,0
7.0,95.0,False,,,,,,0
7.0,96.0,False,,,,,,0
7.0,97.0,False,,,,,,0
7.0,98.0,False,,,,,,0
7.0,99.0,False,,,,,,0
7.0,100.0,False,,,,,,0
8.0,1.0,False,,,,,,0
8.0,2.0,False,,,,,,0
8.0,3.0,False,,,,,,0
8.0,4.0,False,,,,,,0
8.0,5.0,False,,,,,,0
8.0,6.0,False,,,,,,0
8.0,7.0,False,,,,,,0
8.0,8.0,False,,,,,,0
8.0,9.0,False,,,,,,0
8.0,10.0,False,,,,,,0
8.0,11.0,False,,,,,,0
8.0,12.0,False,,,,,,0
8.0,13.0,False,,,,,,0
8.0,14.0,False,,,,,,0
8.0,15.0,False,,,,,,0
8.0,16.0,False,,,,,,0
8.0,17.0,False,,,,,,0
8.0,18.0,False,,,,,,0
8.0,19.0,False,,,,,,0
8.0,20.0,False,,,,,,0
8.0,21.0,False,,,,,,0
8.0,22.0,False,,,,,,0
8.0,23.0,False,,,,,,0
8.0,24.0,False,,,,,,0
8.0,25.0,False,,,,,,0
8.0,26.0,False,,,,,,0
8.0,27.0,True,0.1582539498050777,0.1217600713839046,0.5196010550532675,0.6404759244532566,-4.791285999307792,1
8.0,28.0,True,0.3089404553080863,0.1854906765198508,0.6226216198018829,0.2011042246570853,0.1106192175958858,3
8.0,29.0,True,0.2733956677556258,0.1787841501082602,0.7276134619212999,0.5253794861756226,-0.9643083527026884,3
8.0,30.0,True,0.3436160212530836,0.1657459704075516,0.7116706981385534,0.6008447031319178,1.0307938610322605,3
8.0,31.0,True,0.471704297645952,0.2745836458748852,1.0536087024575331,0.2074953094835476,4.847915190515244,2
8.0,32.0,True,0.3832974420822703,0.1581762636725893,0.716925958301179,0.4107767978059145,1.9542720174344488,3
8.0,33.0,True,0.5445897400394173,0.2530772807758402,1.1088054197572847,0.0281031194442836,7.5241121891357405,2
8.0,34.0,True,0.3601698991294789,0.1961492272872834,0.7308770034193554,-0.146320542992336,1.771616679509213,3
8.0,35.0,True,0.5360645279767756,0.2452476346863712,0.993243951795458,0.1857992419826726,7.040935126553034,2
8.0,36.0,True,0.5710986504937029,0.2480812096484612,1.0502327388405424,0.263801916677585,8.156739679340209,2
8.0,37.0,True,0.6078606368352366,0.1776092968388986,0.9528541795277692,-0.665296172896078,9.631811420596756,2
8.0,38.0,True,0.5776556287563723,0.2177160191581673,0.9790756858380476,0.3890096630758906,8.121055586148417,2
8.0,39.0,True,0.427688813667838,0.2725913081591495,0.9942804704057562,0.5540868950221829,3.6971695752092586,2
8.0,40.0,True,0.3041495347485187,0.1508075934791319,0.6309076748490154,0.0641171122472679,-0.2479074890187061,3
8.0,41.0,True,0.389775552548256,0.1819366637710371,0.7711207397039095,0.0108665962060303,2.4056204881061043,3
8.0,42.0,True,0.348870838415325,0.1650659087526666,0.9346592809743284,1.0205359424878433,0.9248758725551668,3
8.0,43.0,True,0.5281382322456277,0.3484820149889227,1.2672931306684383,-0.0543744059179811,6.558723302469815,2
8.0,44.0,True,0.4014563519037308,0.2435458062590484,0.9378957482314234,0.7489239502167541,3.0305571992154725,3
8.0,45.0,True,0.306751479695546,0.1424117686083234,0.5404618132166065,-0.1055926902287055,-0.0377956793786398,3
8.0,46.0,True,0.2026073164551817,0.0663321983578602,0.3187619393529317,-0.5754808700751446,-3.4254260505280336,1
8.0,47.0,True,0.2318573134425613,0.1559745354281208,0.5309242890845649,0.2607253984001031,-2.2306271046732307,1
8.0,48.0,True,0.2036367763127639,0.1232306059146112,0.3991402522734886,-0.2752114995880022,-3.146763405223437,1
8.0,49.0,True,0.3105740974536642,0.1447917731714964,0.5616078553643741,-0.233849828283281,0.0817207355104108,3
8.0,50.0,True,0.2512798576741205,0.151197751408197,0.6205404285336962,0.8246964968466384,-2.1012666343461612,1
8.0,51.0,True,0.226854988368633,0.1214900316765558,0.4362146952098021,-0.1739322995858255,-2.5787035562514884,1
8.0,52.0,True,0.3600244842951447,0.1749589597863892,0.8160348053068748,0.9402588202911156,1.5306214995054237,3
8.0,53.0,True,0.1919435497467965,0.1011101842086251,0.4253261857485614,0.6281024776637306,-3.726244961604306,1
8.0,54.0,True,0.1909824746849674,0.1102340862947633,0.4575809808069204,0.8732125404611197,-3.566593809267313,1
8.0,55.0,True,0.2715691499790217,0.2222499852123878,0.8836547604410707,1.3332980385770443,-1.0244780632738013,3
8.0,56.0,True,0.2667274336842556,0.1943703021877285,0.7079737697289974,0.5283123740352087,-1.633944143337015,3
8.0,57.0,True,0.2706290089980248,0.1502233389725926,0.5537837344369367,-0.0840628983892434,-1.1698472605457906,1
8.0,58.0,True,0.2705089513149664,0.166304498466551,0.5594810601844432,-0.2027228320300831,-1.1191567384636945,3
8.0,59.0,True,0.2968978445853465,0.188602672518617,0.6601119773874269,0.4236330192273855,-0.5315731071922394,3
8.0,60.0,True,0.2977621218675461,0.124702544837767,0.5790010419929537,0.400837931169296,-0.4806142515314672,1
8.0,61.0,True,0.2740389839359852,0.1746828205547635,0.6017662314140122,-0.1232510196432009,-0.9492256133429492,3
8.0,62.0,True,0.2339120052780311,0.1868808179934157,0.5815325501879857,0.527354650257462,-2.3921022023315963,3
8.0,63.0,True,0.2248765973789114,0.1718879093407633,0.5187487495377553,0.1923546811510605,-2.7278082208860344,1
8.0,64.0,True,0.2452805679335082,0.12215332390369,0.4495114408793692,-0.2884667805069126,-2.085498965575029,1
8.0,65.0,True,0.2723100226986418,0.1240036201968929,0.5818355476357109,0.5264973514832063,-1.1967558628048272,1
8.0,66.0,True,0.3177484247324019,0.1699018114284815,0.5899352647309514,-0.3051248945014649,0.0688764379484082,3
8.0,67.0,True,0.1912875993104752,0.1603587195403723,0.5802868704141209,0.6195130904357589,-3.4312356956616616,1
8.0,68.0,True,0.3540653494406974,0.1447716403202582,0.6164811167579606,-0.4386927275737853,1.5224885150858725,3
8.0,69.0,True,0.4380770341226647,0.205678544280764,0.998209940331473,0.5058736796170998,3.7235563578532407,3
8.0,70.0,True,0.3980194610417459,0.240848015712916,1.0695032383298697,0.6103476770195377,2.2709453755518845,2
8.0,71.0,True,0.4264294866545906,0.2373526513990409,0.9636655933875368,0.7838941234862341,3.6114894020003248,2
8.0,72.0,True,0.570265286121928,0.3514274971607862,1.2248413582919289,0.2149438995273092,7.475348887771083,2
8.0,73.0,True,0.53841502899967,0.161799474880431,0.8987997603567895,0.5521071828530517,6.868459374441596,2
8.0,74.0,True,0.3658724984857192,0.1963071790232114,0.8499131752434883,0.3901127447228517,1.3943963449902377,3
8.0,75.0,True,0.1191209592681925,0.116652009806593,0.4229618090866215,1.1078805447345486,-5.818134036068791,1
8.0,76.0,False,,,,,,0
8.0,77.0,False,,,,,,0
8.0,78.0,False,,,,,,0
8.0,79.0,False,,,,,,0
8.0,80.0,False,,,,,,0
8.0,81.0,False,,,,,,0
8.0,82.0,False,,,,,,0
8.0,83.0,False,,,,,,0
8.0,84.0,False,,,,,,0
8.0,85.0,False,,,,,,0
8.0,86.0,False,,,,,,0
8.0,87.0,False,,,,,,0
8.0,88.0,False,,,,,,0
8.0,89.0,False,,,,,,0
8.0,90.0,False,,,,,,0
8.0,91.0,False,,,,,,0
8.0,92.0,False,,,,,,0
8.0,93.0,False,,,,,,0
8.0,94.0,False,,,,,,0
8.0,95.0,False,,,,,,0
8.0,96.0,False,,,,,,0
8.0,97.0,False,,,,,,0
8.0,98.0,False,,,,,,0
8.0,99.0,False,,,,,,0
8.0,100.0,False,,,,,,0
9.0,1.0,False,,,,,,0
9.0,2.0,False,,,,,,0
9.0,3.0,False,,,,,,0
9.0,4.0,False,,,,,,0
9.0,5.0,False,,,,,,0
9.0,6.0,False,,,,,,0
9.0,7.0,False,,,,,,0
9.0,8.0,False,,,,,,0
9.0,9.0,False,,,,,,0
9.0,10.0,False,,,,,,0
9.0,11.0,False,,,,,,0
9.0,12.0,False,,,,,,0
9.0,13.0,False,,,,,,0
9.0,14.0,False,,,,,,0
9.0,15.0,False,,,,,,0
9.0,16.0,False,,,,,,0
9.0,17.0,False,,,,,,0
9.0,18.0,False,,,,,,0
9.0,19.0,False,,,,,,0
9.0,20.0,False,,,,,,0
9.0,21.0,False,,,,,,0
9.0,22.0,False,,,,,,0
9.0,23.0,False,,,,,,0
9.0,24.0,False,,,,,,0
9.0,25.0,True,0.0180832463320703,0.0372427312516379,0.1185677114348228,1.996160721382618,-9.047717681270685,1
9.0,26.0,True,0.2902697047378911,0.2255036288184007,0.7782378503331122,0.7374395097460077,-0.5677348043156535,3
9.0,27.0,True,0.3060412733303632,0.1788921678931373,0.6680836738968073,0.1651316240884633,-0.4485970372858401,3
9.0,28.0,True,0.3132765119747551,0.2212974168254737,1.183260139191654,1.72153682187463,-0.6223307507713843,3
9.0,29.0,True,0.3186169939668877,0.2210633182693843,0.890221381627242,0.4402469264553186,-0.1045331206411446,3
9.0,30.0,True,0.2928007574900892,0.1673912602929676,0.7319602457342371,0.784955148269527,-0.504545193784752,3
9.0,31.0,True,0.2967779559154808,0.1832301161344757,0.7278657470299201,0.4821947341649469,-0.4188573955686741,3
9.0,32.0,True,0.3273767194676892,0.1721915970760739,0.6460762369296454,-0.0566822503927211,0.6437022781371969,3
9.0,33.0,True,0.5717123037331243,0.2423232420955572,1.3532141312192922,0.9321478534302936,7.702041327644032,2
9.0,34.0,True,0.3520133337270535,0.1539206595431544,0.6352675970799313,-0.0886244377567671,1.0522336563992662,3
9.0,35.0,True,0.4372105317171827,0.1590226384560185,0.7906442684620246,0.7240888872085998,4.092615764513697,3
9.0,36.0,True,0.5149831565854509,0.172018533827676,0.8127170738480906,-0.0600601414223041,6.373751838569913,3
9.0,37.0,True,0.5452604206297926,0.2207901021300865,0.9970847067318004,-0.0239815758990496,7.1751844204623705,2
9.0,38.0,True,0.6158744785035168,0.3359866499201857,1.4219024967753475,0.7024339563634755,9.514197647783329,2
9.0,39.0,True,0.4413913280575179,0.2218962436827858,0.9084042944033746,0.3029485482749829,4.436229114808539,2
9.0,40.0,True,0.2720091141763415,0.2259428475164065,0.8337921693270433,1.225562094561657,-1.5092653213680345,3
9.0,41.0,True,0.387108682378122,0.2232822086529812,0.93110459740568,0.4424141926780946,1.99943377210322,3
9.0,42.0,True,0.330815692580142,0.2161140044835034,0.7527786314144982,0.4533184477193312,0.8285691588735434,3
9.0,43.0,True,0.2321850268955266,0.1190236253048955,0.4790782499777017,0.050093028245398,-2.228643585784704,1
9.0,44.0,True,0.2301047163034065,0.2323737972601681,0.8744749068901222,1.39434067543175,-2.318170917606176,3
9.0,45.0,True,0.1703454894570745,0.1122926677889882,0.4059667056412555,0.2006284849011186,-4.3099271466005575,1
9.0,46.0,True,0.2299803495084917,0.0851926131178079,0.3759485677086587,-0.3290643904611865,-2.5054762847578904,1
9.0,47.0,True,0.2068750448062436,0.0818792664641993,0.4286447304831993,0.6271513900104244,-3.322014204996634,1
9.0,48.0,True,0.2270797162872476,0.1920523747137505,0.6448586698417363,0.6626847202311827,-2.4408950484457144,3
9.0,49.0,True,0.2155795076934114,0.171445476013105,0.5854532272956672,0.657895216743684,-2.699838776422858,1
9.0,50.0,True,0.3389552885576211,0.1834760310184083,0.6609496322804493,-0.1955279273470979,0.7983873958799822,3
9.0,51.0,True,0.177266604819679,0.1320242275628169,0.4585193977759632,0.5661543665660445,-3.869092080343478,1
9.0,52.0,True,0.1884416603655456,0.126529565643263,0.4625024006431235,0.7456195897608948,-3.5787263503991413,1
9.0,53.0,True,0.241670633209682,0.116973191044025,0.4515044261974805,-0.0687766845035151,-1.959287112498051,1
9.0,54.0,True,0.1251677319604194,0.0622327296488585,0.2567931167188452,-0.0158892986058455,-5.767805492242067,1
9.0,55.0,True,0.3217369701366473,0.1788725356909606,0.7060419983810403,0.3269649235481494,0.3738666437954495,3
9.0,56.0,True,0.212185613363356,0.1434940202245098,0.5548228867072743,1.08475010106522,-3.0387281559256314,1
9.0,57.0,True,0.1711281843499913,0.1586386958669954,0.5685530685756586,0.8830311717694076,-4.083365354318992,1
9.0,58.0,True,0.1157806564435201,0.1043169011754841,0.3666227142495536,1.031367843128565,-6.013265272929329,1
9.0,59.0,True,0.2385511302129792,0.1638164585909058,0.5848900502347811,0.4482283707935683,-2.0680926534721005,1
9.0,60.0,True,0.1706471284540731,0.1758675918048176,0.624386792344099,1.3491653048840464,-4.336998597910294,1
9.0,61.0,True,0.2149436976908332,0.1807993113291238,0.5724474659329837,0.7530609869921735,-3.3047081908401115,1
9.0,62.0,True,0.2489956590103034,0.1740607612301502,0.6155126468186245,0.3731478134648471,-1.771603070150759,3
9.0,63.0,True,0.1683037442178745,0.1067849441782256,0.4123732549910941,0.4972670938960397,-4.296048710416038,1
9.0,64.0,True,0.2553192369863933,0.2775172165816528,1.022543615512239,1.5968277862974016,-1.5703234854409207,3
9.0,65.0,True,0.2266843713978855,0.1525577227904958,0.5211251100653375,0.3448163426257978,-2.599065452681935,1
9.0,66.0,True,0.2469004281163855,0.2588024324902483,0.8941297755239933,1.1785300057872017,-2.0305911071966465,3
9.0,67.0,True,0.2129182129828152,0.1527579840532015,0.6276952701465385,1.2846188178768525,-2.9041310529518416,1
9.0,68.0,True,0.3287499149278934,0.2192338404198,0.8347085613744403,0.5865310099484183,0.6129622361961773,3
9.0,69.0,True,0.4206595171237277,0.2089081380513164,0.9659151137258636,0.8927577483639749,3.480982611011272,3
9.0,70.0,True,0.4312619177087326,0.2527911127946201,1.5,2.940384893610727,3.1316917949868524,2
9.0,71.0,True,0.4989063119148951,0.1295544148399997,0.7525993391954295,-0.0798450251946269,5.927052368956964,3
9.0,72.0,True,0.52911023435894,0.2608046427400985,1.1449919236166812,0.6208565876332302,6.347946485464867,2
9.0,73.0,True,0.4381893538271831,0.2319097902247585,0.9571680455869408,0.2862837737501431,4.000076803963428,2
9.0,74.0,True,0.2668272775829999,0.201905079947652,0.6817149091176162,0.5495130645563282,-1.6011664042314353,3
9.0,75.0,True,0.2869589447014249,0.2219389417039201,0.7747292462172536,0.8122226825337787,-0.5545591284671528,3
9.0,76.0,True,0.1695157428027268,0.227387847488025,1.109127650584062,2.442115413017428,-4.903245253630508,3
9.0,77.0,True,0.0739454001321841,0.11471136485092,0.3972292116999135,1.649715006293709,-7.23687937475873,1
9.0,78.0,False,,,,,,0
9.0,79.0,False,,,,,,0
9.0,80.0,False,,,,,,0
9.0,81.0,False,,,,,,0
9.0,82.0,False,,,,,,0
9.0,83.0,False,,,,,,0
9.0,84.0,False,,,,,,0
9.0,85.0,False,,,,,,0
9.0,86.0,False,,,,,,0
9.0,87.0,False,,,,,,0
9.0,88.0,False,,,,,,0
9.0,89.0,False,,,,,,0
9.0,90.0,False,,,,,,0
9.0,91.0,False,,,,,,0
9.0,92.0,False,,,,,,0
9.0,93.0,False,,,,,,0
9.0,94.0,False,,,,,,0
9.0,95.0,False,,,,,,0
9.0,96.0,False,,,,,,0
9.0,97.0,False,,,,,,0
9.0,98.0,False,,,,,,0
9.0,99.0,False,,,,,,0
9.0,100.0,False,,,,,,0
10.0,1.0,False,,,,,,0
10.0,2.0,False,,,,,,0
10.0,3.0,False,,,,,,0
10.0,4.0,False,,,,,,0
10.0,5.0,False,,,,,,0
10.0,6.0,False,,,,,,0
10.0,7.0,False,,,,,,0
10.0,8.0,False,,,,,,0
10.0,9.0,False,,,,,,0
10.0,10.0,False,,,,,,0
10.0,11.0,False,,,,,,0
10.0,12.0,False,,,,,,0
10.0,13.0,False,,,,,,0
10.0,14.0,False,,,,,,0
10.0,15.0,False,,,,,,0
10.0,16.0,False,,,,,,0
10.0,17.0,False,,,,,,0
10.0,18.0,False,,,,,,0
10.0,19.0,False,,,,,,0
10.0,20.0,False,,,,,,0
10.0,21.0,False,,,,,,0
10.0,22.0,False,,,,,,0
10.0,23.0,True,0.0290573658250459,0.0571180171194993,0.1873779172369205,1.8926431940241757,-8.630300390104487,1
10.0,24.0,True,0.1739771460775196,0.1463589407401651,0.5723228595169976,1.169674410851346,-4.052946467372061,1
10.0,25.0,True,0.3250252574173466,0.1572190103565258,0.6541279050294913,-0.0101967923871953,0.4777530287609031,3
10.0,26.0,True,0.4184226159136697,0.2441706266021063,1.244385720927777,1.553172004170674,2.943302856053376,2
10.0,27.0,True,0.45288685976867,0.3716106196301416,1.4991683377833511,1.1229724672173569,4.089709428910133,2
10.0,28.0,True,0.3251856808634144,0.1548174619315633,0.7023256323085473,0.8217000478827924,0.6100007418442615,3
10.0,29.0,True,0.2800481041018821,0.1596805614957366,0.6378465349409647,0.503457220681874,-1.0866125914136358,3
10.0,30.0,True,0.2103642877332806,0.079716893299591,0.3476898341393312,-0.0063889658170808,-3.239655498008577,1
10.0,31.0,True,0.4199528864579368,0.192518016658428,0.7729722745574645,-0.0325036079672357,3.5924440381398046,3
10.0,32.0,True,0.3439324304036093,0.2317770063278935,0.8859332816234653,0.8635555101836261,1.407228901615974,3
10.0,33.0,True,0.4554623992594285,0.2041808119647996,0.8642367610342596,0.4296211253978778,4.233029049674691,3
10.0,34.0,True,0.4732799289681538,0.1735217451642555,0.8149687425770537,-0.1212861656398842,5.232308810701821,3
10.0,35.0,True,0.6070022665389784,0.2741423442009288,1.3118027124625835,0.73130796717995,8.999430888873787,2
10.0,36.0,True,0.6569589675974747,0.3252334967495968,1.2011710794333943,-0.0105915625935297,10.62761804085584,2
10.0,37.0,True,0.6350721743130543,0.2826182310633516,1.3199087520375898,0.717686664144075,10.31341528214014,2
10.0,38.0,True,0.5740388599032018,0.1831789771385993,1.0739441508178744,0.4042304990414661,7.834036982359799,2
10.0,39.0,True,0.459887652798999,0.2004525634282558,0.7892706534027445,-0.5061537628993188,4.998603255977078,3
10.0,40.0,True,0.3224094551838235,0.1735936247817268,0.6354341411956017,-0.3052325351812784,0.1391614001916398,3
10.0,41.0,True,0.3630763598087836,0.2326919406799282,0.8986671155282631,0.5861304350763283,1.6197560927350874,3
10.0,42.0,True,0.1729412721251139,0.1142379878676911,0.3356237176773012,-0.1056790994063881,-4.261676788568193,1
10.0,43.0,True,0.153016202064984,0.1192577441918426,0.4249147243764817,0.9018529997305968,-4.882923608590087,1
10.0,44.0,True,0.2365813590023803,0.1770322486943212,0.6557348498784362,0.573534628109418,-2.0890948616382525,3
10.0,45.0,True,0.1921823113811481,0.1473186902624691,0.5119903229620056,0.494129102522865,-3.746218559302656,1
10.0,46.0,True,0.2346427826535591,0.1619815887642503,0.6050526181780095,0.5581589356905705,-2.245308515689989,1
10.0,47.0,True,0.1792859399338903,0.1276277718918676,0.4419742625123986,0.6146657051273,-3.835814168044627,1
10.0,48.0,True,0.1139782684066828,0.0807130763000551,0.3038363536917263,0.5119078234710387,-5.997273108526683,1
10.0,49.0,True,0.1800380489984341,0.1093871684027803,0.3540759942955633,-0.3826751369525557,-4.165178785762161,1
10.0,50.0,True,0.1575374380547027,0.0761118541339245,0.2624526411815703,-0.6120841161969451,-4.796977663897399,1
10.0,51.0,True,0.1825358058449201,0.150585364885889,0.5088735800640677,0.4540365428626697,-3.831207925769892,1
10.0,52.0,True,0.1591088623942882,0.1175465679997311,0.3954866715790265,0.4510229973401117,-4.636270904499408,1
10.0,53.0,True,0.1685423959025979,0.1327439095143068,0.6784691968772649,1.437944346807498,-4.674282219757636,1
10.0,54.0,True,0.2632818686633243,0.2087407324259018,0.765260572534805,0.5728265940119958,-1.5748429393355237,3
10.0,55.0,True,0.2066684535289636,0.2043934506204144,0.8287052298836979,0.9982405588741136,-3.546528535406305,3
10.0,56.0,True,0.2859746780510304,0.1957716474707569,0.821072932074202,1.1127348242268025,-0.5241286018968307,3
10.0,57.0,True,0.2904886990298101,0.1217183913181224,0.5681637642864341,0.4195808353308504,-0.6674654720267911,1
10.0,58.0,True,0.263264545141457,0.1678141980603923,0.5999553972484081,0.4356320812512242,-1.7020316412102483,3
10.0,59.0,True,0.2904231306541828,0.1717576969457916,0.6949540494703128,0.898394546227551,-0.639536573354806,3
10.0,60.0,True,0.2629825156274215,0.1810834660114484,0.6419410772497549,0.2347014090536392,-1.2059012276407446,3
10.0,61.0,True,0.2872759064822027,0.1810509577559885,0.779891450538573,0.4854268798410929,-0.92391636031459,3
10.0,62.0,True,0.2490108229671093,0.1575628348709855,0.9061775775005132,1.9315520915458464,-2.3389960653332125,3
10.0,63.0,True,0.1818502214549098,0.1154642199313732,0.4315160085784987,0.2014292552088935,-3.9099146268157208,1
10.0,64.0,True,0.217232926556095,0.1491445590167472,0.4791626571815063,0.1783604769344251,-3.087903247078881,1
10.0,65.0,True,0.2724038007306267,0.1375436196581521,0.4722515899175945,-0.1353972039854064,-1.22965083263619,1
10.0,66.0,True,0.2631530344495958,0.1666393965977153,0.8383513489485281,1.136910015868328,-1.612670611307735,3
10.0,67.0,True,0.4267240069161079,0.2226717170420418,0.7886194683680923,-0.1311981319004573,3.8832560410114576,3
10.0,68.0,True,0.4277790856357038,0.299202843510121,1.4859564092725763,1.2869980442710869,2.9411236535969083,2
10.0,69.0,True,0.3625594998073886,0.2284907338000417,0.9180112157571426,0.8199217274764723,1.3312726315681418,3
10.0,70.0,True,0.4180816894776525,0.185507335007296,0.9030670977727976,1.0473066649858305,3.1567761043713043,3
10.0,71.0,True,0.4809071315246865,0.2421234382914233,0.9651057113188906,0.5215596052936881,5.525704389363792,2
10.0,72.0,True,0.3961659120415939,0.3395602025324937,1.160620215144079,1.2881457018571345,2.400824881798205,2
10.0,73.0,True,0.4852919416474754,0.2620489725394367,0.9308435725034054,0.109400728337049,5.410034269853098,2
10.0,74.0,True,0.416201062967572,0.1743914423590087,0.8254152277161462,0.175231055482661,3.298881554778209,3
10.0,75.0,True,0.3412180086542586,0.2222405253205737,0.8402153777238573,0.4861022376982745,1.1350893179001924,3
10.0,76.0,True,0.2611332009619193,0.1041570104139452,0.4283927438939897,-0.4308356660983712,-1.631012720029126,1
10.0,77.0,True,0.3364218002736451,0.2174104097892931,0.8202540203664183,0.1166723971896901,0.6290808266796596,3
10.0,78.0,True,0.1137629232470253,0.1625876643501754,0.8459578170353385,2.893062336722418,-6.4551549071438314,1
10.0,79.0,True,0.0164087540081273,0.0350888772483042,0.1199855606638063,2.036326122396316,-9.038481603713224,1
10.0,80.0,False,,,,,,0
10.0,81.0,False,,,,,,0
10.0,82.0,False,,,,,,0
10.0,83.0,False,,,,,,0
10.0,84.0,False,,,,,,0
10.0,85.0,False,,,,,,0
10.0,86.0,False,,,,,,0
10.0,87.0,False,,,,,,0
10.0,88.0,False,,,,,,0
10.0,89.0,False,,,,,,0
10.0,90.0,False,,,,,,0
10.0,91.0,False,,,,,,0
10.0,92.0,False,,,,,,0
10.0,93.0,False,,,,,,0
10.0,94.0,False,,,,,,0
10.0,95.0,False,,,,,,0
10.0,96.0,False,,,,,,0
10.0,97.0,False,,,,,,0
10.0,98.0,False,,,,,,0
10.0,99.0,False,,,,,,0
10.0,100.0,False,,,,,,0
11.0,1.0,False,,,,,,0
11.0,2.0,False,,,,,,0
11.0,3.0,False,,,,,,0
11.0,4.0,False,,,,,,0
11.0,5.0,False,,,,,,0
11.0,6.0,False,,,,,,0
11.0,7.0,False,,,,,,0
11.0,8.0,False,,,,,,0
11.0,9.0,False,,,,,,0
11.0,10.0,False,,,,,,0
11.0,11.0,False,,,,,,0
11.0,12.0,False,,,,,,0
11.0,13.0,False,,,,,,0
11.0,14.0,False,,,,,,0
11.0,15.0,False,,,,,,0
11.0,16.0,False,,,,,,0
11.0,17.0,False,,,,,,0
11.0,18.0,False,,,,,,0
11.0,19.0,False,,,,,,0
11.0,20.0,False,,,,,,0
11.0,21.0,False,,,,,,0
11.0,22.0,True,0.042500482328966,0.0847551088216233,0.2966017462378525,2.040020033823465,-8.25356839949027,1
11.0,23.0,True,0.398011781898837,0.1817188576791645,0.7510794005711858,-0.7461527341758765,2.5639767928216113,3
11.0,24.0,True,0.382308619268655,0.3005052599093196,1.1956430071827795,1.0748148136530573,1.321532192952529,2
11.0,25.0,True,0.2859765889782929,0.1554254362622581,0.5851063170481338,0.0640266016347265,-0.7188144713331497,3
11.0,26.0,True,0.281961037696133,0.105203941666994,0.4943992717233365,-0.0510222655739002,-0.7120364304443427,1
11.0,27.0,True,0.2740345132308066,0.1244808660487005,0.5110920251462037,-0.2155668057132777,-1.2442254035633622,1
11.0,28.0,True,0.3927804791819544,0.1712331646499325,0.7025215158713477,0.065425352631607,2.729847154439466,3
11.0,29.0,True,0.2844500752686448,0.1974471800013648,0.620320030640262,-0.0901687186481359,-0.8635589766362111,3
11.0,30.0,True,0.3094534897374851,0.1610453045204248,0.5617694558005669,-0.1764452725645898,0.2970564945734933,3
11.0,31.0,True,0.4196764133286423,0.2162386878341649,1.1398649478548195,0.5622613166105872,2.923191102346561,2
11.0,32.0,True,0.3266380748727817,0.1657588431551751,0.8308788354682971,1.6503297164799493,0.6291042977496482,3
11.0,33.0,True,0.3712337087604245,0.1125828116317665,0.6145009539949684,-0.39897150911153,1.7451662133067751,3
11.0,34.0,True,0.5189264605438195,0.1853011592789366,0.8662963747828605,0.0027039670883615,6.487278991794339,2
11.0,35.0,True,0.4425295534190816,0.1725163588261318,0.7880161478833098,0.0491036839563835,4.453508172366744,3
11.0,36.0,True,0.5750997903356648,0.2699018559264754,1.158521050803368,0.3776164212369861,8.490856800547471,2
11.0,37.0,True,0.6148247019936314,0.1863981495600285,0.9735809718474108,-0.4529337502946612,9.679274000777614,2
11.0,38.0,True,0.548591874064588,0.1450112967469932,0.8082629747202981,-1.408390894248649,7.565858590280564,2
11.0,39.0,True,0.3244247031205431,0.1940788476740985,0.755522374751901,0.2074446144532958,0.4522165226221516,3
11.0,40.0,True,0.1758097742670373,0.1485788889203846,0.5306865159167552,0.7721371787908206,-4.147220768896297,1
11.0,41.0,True,0.2417601861742484,0.1366716217441581,0.5570925804765197,0.5185403139132814,-2.1582326885315326,1
11.0,42.0,True,0.2225930990939695,0.1479165439160548,0.508581928025854,0.5431785094589361,-2.747124455619641,1
11.0,43.0,True,0.3034829714893377,0.2069990557673581,0.7649412977133642,0.5453813218360501,-0.1766233067439669,3
11.0,44.0,True,0.2509136612576775,0.109641688879703,0.4707354228678533,-0.2248698966843156,-1.805815457532876,1
11.0,45.0,True,0.2149393844710889,0.1344798781659352,0.5206846088268305,0.6835831403456178,-2.824601733238284,1
11.0,46.0,True,0.2542455753917628,0.1403693576494612,0.5872956963094842,0.4869913694365497,-1.4912061029355042,1
11.0,47.0,True,0.0560259048486743,0.0594159613036217,0.2640619655643028,1.3311975665513005,-7.946068799215004,1
11.0,48.0,True,0.2124421344377427,0.1234497717323532,0.4942672035481156,0.3503146535407643,-3.056216411551114,1
11.0,49.0,True,0.1920568200872936,0.1329629517052498,0.467449200285076,0.2881780830607334,-3.5317179330789306,1
11.0,50.0,True,0.1759164574209551,0.1309347919364376,0.4837272614708307,0.3817098836947307,-4.114593411271235,1
11.0,51.0,True,0.1415869804884964,0.1483203733609334,0.5301565836397385,1.2422824936614048,-5.059791442504917,1
11.0,52.0,True,0.1617597662742239,0.1249773522782917,0.3700193099785065,0.1619968347617931,-4.478691428810226,1
11.0,53.0,True,0.1286784894201107,0.1041188466976865,0.3449513506278917,0.4028462739805455,-5.4762836206192675,1
11.0,54.0,True,0.2166438749634967,0.1454389379540486,0.4760844178688696,0.1770625780182841,-2.8471790928557974,1
11.0,55.0,True,0.1676199125179839,0.1317183804215378,0.605794169999718,1.180622899372998,-4.615853920217646,1
11.0,56.0,True,0.2667858790922185,0.2353649028722075,0.971690615020801,1.2755476600182571,-1.8995640839139545,3
11.0,57.0,True,0.219356149331928,0.1834526157534387,0.8411699078671111,1.2131235684362829,-3.162857305907454,3
11.0,58.0,True,0.1637270397972512,0.0752811594065418,0.3374312685915249,0.2673838130067328,-4.61780879601867,1
11.0,59.0,True,0.2353516272271367,0.159227108531264,0.5087214328559903,0.2571854738878499,-2.3621991679009073,1
11.0,60.0,True,0.2687162844278553,0.1162926838933654,0.4547108563935443,-0.1559994023835444,-1.392759272939119,1
11.0,61.0,True,0.2491607900483659,0.1944773047980937,0.7307322130934956,1.1232770581752,-1.73308088713222,3
11.0,62.0,True,0.2784657795133345,0.1517100069835874,0.6209256043537322,0.2211962252927616,-0.9184647160353508,3
11.0,63.0,True,0.1736582097622363,0.1288193724827435,0.4252365508003857,0.5142903604207212,-4.098026498602451,1
11.0,64.0,True,0.3175149998754554,0.2217563717820793,0.8557683956275374,0.8348523928811808,0.2338989151493544,3
11.0,65.0,True,0.2139424545317719,0.1203073171583065,0.4425898633353565,-0.251514075262279,-3.1559214599974705,1
11.0,66.0,True,0.2424689553908877,0.1998391974347592,0.7376616629503314,0.9461104714729472,-1.9906063041190112,3
11.0,67.0,True,0.3575884283893257,0.1814365695407524,0.7211314013943277,0.1046222705160943,1.3165087180385786,3
11.0,68.0,True,0.3528835768422763,0.1539035413952625,0.6400231724842826,0.2074451519571615,1.4405116340833195,3
11.0,69.0,True,0.3731474793509153,0.2779889847710216,0.8997798818921063,0.6809610185528697,1.5782736248551683,3
11.0,70.0,True,0.3128986236199898,0.2245801301584393,0.8920247396052301,1.0303974688458548,0.2017650737279639,3
11.0,71.0,True,0.3422707151306121,0.2785932601703339,1.0421220809304337,1.0765842542673043,1.1349724523489952,3
11.0,72.0,True,0.3410031083919544,0.1663724413644416,0.6617649489377949,0.2657699960114841,1.2395287376549924,3
11.0,73.0,True,0.4728179895771736,0.18382655053422,0.8205559173826723,0.5656581384347613,5.164629365612459,3
11.0,74.0,True,0.3658518987698872,0.1338343963600265,0.6135236970442275,0.0402553431500422,1.7454629473904997,3
11.0,75.0,True,0.3789319311535308,0.1955787693578931,0.7249011677870822,-0.1606066206794323,2.4463673084488846,3
11.0,76.0,True,0.2804350836703804,0.1285665049585959,0.5530663007574791,0.6363479178751109,-1.0022693856116156,1
11.0,77.0,True,0.3896428151686933,0.1749287440984487,0.7463775104568141,-0.2660343616965772,2.456881627512257,3
11.0,78.0,True,0.2632947743204232,0.2084904471766284,0.7911528933464068,0.3586992731917481,-2.03005532245272,3
11.0,79.0,True,0.2588791685292403,0.1277657148826745,0.4962925917314731,0.1913967401509849,-1.4685350111417466,1
11.0,80.0,True,0.0187596220899532,0.0376303017709386,0.1291868804775663,1.9875558606610644,-8.963606604889742,1
11.0,81.0,False,,,,,,0
11.0,82.0,False,,,,,,0
11.0,83.0,False,,,,,,0
11.0,84.0,False,,,,,,0
11.0,85.0,False,,,,,,0
11.0,86.0,False,,,,,,0
11.0,87.0,False,,,,,,0
11.0,88.0,False,,,,,,0
11.0,89.0,False,,,,,,0
11.0,90.0,False,,,,,,0
11.0,91.0,False,,,,,,0
11.0,92.0,False,,,,,,0
11.0,93.0,False,,,,,,0
11.0,94.0,False,,,,,,0
11.0,95.0,False,,,,,,0
11.0,96.0,False,,,,,,0
11.0,97.0,False,,,,,,0
11.0,98.0,False,,,,,,0
11.0,99.0,False,,,,,,0
11.0,100.0,False,,,,,,0
12.0,1.0,False,,,,,,0
12.0,2.0,False,,,,,,0
12.0,3.0,False,,,,,,0
12.0,4.0,False,,,,,,0
12.0,5.0,False,,,,,,0
12.0,6.0,False,,,,,,0
12.0,7.0,False,,,,,,0
12.0,8.0,False,,,,,,0
12.0,9.0,False,,,,,,0
12.0,10.0,False,,,,,,0
12.0,11.0,False,,,,,,0
12.0,12.0,False,,,,,,0
12.0,13.0,False,,,,,,0
12.0,14.0,False,,,,,,0
12.0,15.0,False,,,,,,0
12.0,16.0,False,,,,,,0
12.0,17.0,False,,,,,,0
12.0,18.0,False,,,,,,0
12.0,19.0,False,,,,,,0
12.0,20.0,False,,,,,,0
12.0,21.0,True,0.2263480947596692,0.1260944999705661,0.4841918079282622,0.2604701489462622,-2.65329162123194,1
12.0,22.0,True,0.4922550057787893,0.3718698577479653,1.5,1.3446216474250656,4.437952108888086,2
12.0,23.0,True,0.4740425565334468,0.325781878252805,1.5,1.4497956161944217,4.483719884210095,2
12.0,24.0,True,0.4869823549763454,0.2587730955873402,0.9857657212305512,0.2519717317621547,5.614793672137927,2
12.0,25.0,True,0.3319930387918434,0.1726199678106681,0.9982802023468318,1.453026560253595,0.2403360363199671,3
12.0,26.0,True,0.4594840559466309,0.1770629991671349,0.7985656433720435,0.3795979618825107,4.735428356936138,3
12.0,27.0,True,0.3900014712643756,0.1992935766599526,0.7561991317247904,-0.5602592182538507,2.3125597604536687,3
12.0,28.0,True,0.3443282017849969,0.2199374318643271,0.7994610281723242,0.5710076896255003,1.1510777988024408,3
12.0,29.0,True,0.1899784073089497,0.2000667224345519,0.7451994113545182,1.4747771043845068,-3.595531204091781,3
12.0,30.0,True,0.3016184177580231,0.1766869045159252,0.6664223678407146,0.2008116313262914,-0.1998552670710472,3
12.0,31.0,True,0.2951460832661125,0.2331768332617198,0.8670201094393847,0.5158705852399363,-0.7626395257877591,3
12.0,32.0,True,0.3549838235439332,0.1631401433607482,0.6161515244240933,-0.3536082437671597,1.3381977013406738,3
12.0,33.0,True,0.3906545689262174,0.1618364968550255,0.895374193627339,0.820062107518649,2.0947558241441664,3
12.0,34.0,True,0.6178210354574588,0.2627224222316474,1.5,0.871332130206121,9.15811280017532,2
12.0,35.0,True,0.4648286914197688,0.204934833059437,0.8699046421498067,-0.2131937795517518,5.044772961072447,3
12.0,36.0,True,0.6169483455270681,0.2321829507159711,1.073748943329329,0.0728553281809776,9.62104977286358,2
12.0,37.0,True,0.5106563705800421,0.1136199609082203,0.7244825204089014,-1.3934526079803111,6.335189198677349,3
12.0,38.0,True,0.6540358385518361,0.2857564638137997,1.0663445512623413,-0.5123766717927615,10.416853588952996,2
12.0,39.0,True,0.3542143816982759,0.2081866081492823,0.7097984173865299,0.0593089379520951,1.43087231260222,3
12.0,40.0,True,0.2967002372696661,0.1663602417123812,0.6463404375930303,0.0906317420271052,-0.132527499153844,3
12.0,41.0,True,0.251451559730048,0.1585316699014216,0.5943422097927965,0.4945072289835939,-1.780835866694965,1
12.0,42.0,True,0.2572973579222369,0.1492125988317109,0.467581102530261,-0.2316934269853452,-1.4089816521302654,1
12.0,43.0,True,0.2490110296196666,0.1122383608105446,0.540769392662193,0.6259854384809528,-1.6483791792786704,1
12.0,44.0,True,0.2863131421808783,0.2041741155136895,0.7931379351607615,0.6622183369172403,-0.8907138633330316,3
12.0,45.0,True,0.2238122906525673,0.1395302575194789,0.583027857493334,0.4644880585414158,-2.5612227985689136,1
12.0,46.0,True,0.1998509393061735,0.170576164018833,0.5295801133682042,0.5736633567216414,-3.5367825718854986,1
12.0,47.0,True,0.1091364884180965,0.1222161108990921,0.359344525389879,0.7982989693912003,-6.338908372042305,1
12.0,48.0,True,0.2838120443461493,0.1603145501310104,0.585759329235605,0.2920419189493354,-0.8578488371712194,3
12.0,49.0,True,0.2305294030405422,0.1901467453816211,0.932914172916128,1.5652386952743524,-2.954792635788059,3
12.0,50.0,True,0.2413186069629491,0.1368143501423765,0.561232040561307,0.5108199037960348,-2.089001431802344,1
12.0,51.0,True,0.1274282100068036,0.0717604880161427,0.2357058005051233,-0.3139746826614242,-5.5387245801283935,1
12.0,52.0,True,0.1775191296034518,0.1099383088932681,0.3999411790774198,0.0446666106368055,-4.0851192069721485,1
12.0,53.0,True,0.1837312511035234,0.1617344804188951,0.557757970071281,0.7760902629111668,-3.943532851252044,1
12.0,54.0,True,0.1271408525754848,0.0912866010681204,0.280219120867909,0.0809023201124797,-5.7363530947187265,1
12.0,55.0,True,0.1546572010514864,0.1039009420430273,0.4383704056421939,0.7733307162581086,-5.039496193238946,1
12.0,56.0,True,0.2739545804040403,0.1733803897654302,0.7279950323691899,0.4490926456012009,-1.3054594259068109,3
12.0,57.0,True,0.1819249162383411,0.1331253080894442,0.5043295749564686,0.6291455223887565,-4.112249657280705,1
12.0,58.0,True,0.2520759753065773,0.115867352099501,0.4370426278661087,-0.3732886086827488,-1.6122580209320727,1
12.0,59.0,True,0.2765660795020518,0.1585946466455115,0.5944518024469645,0.2002475283256048,-1.2399365636492266,3
12.0,60.0,True,0.3140406689279439,0.1990311050376902,0.7399259002397008,0.5766516119678803,0.0208183054011454,3
12.0,61.0,True,0.2310868484621227,0.1328342153563098,0.4229854926475099,-0.1769210540297622,-2.4275381593668017,1
12.0,62.0,True,0.1923495506302814,0.0874595617298918,0.3353352264098109,-0.5437530205287011,-3.7281294147787767,1
12.0,63.0,True,0.2850686323235499,0.227873854626211,0.8539167501295184,1.149236062500122,-0.6759271390763728,3
12.0,64.0,True,0.3302609639550899,0.2409665590789951,1.1900353957055634,1.6161199231687382,0.2416733405237918,3
12.0,65.0,True,0.2563213641983785,0.1781603895161326,0.7064683362351188,0.980367690689,-1.8022117124094823,3
12.0,66.0,True,0.2493489212896872,0.1766169192446413,0.6817795071942203,0.631968836083517,-1.896382170159604,3
12.0,67.0,True,0.3424568656012463,0.2740732719382007,0.9704954110420264,0.6545303521726015,1.2836055803059605,3
12.0,68.0,True,0.2893926136907543,0.1466714906235482,0.7949176611772127,0.662133481392894,-0.8088565002937744,3
12.0,69.0,True,0.3242089284414277,0.1939150634142752,0.6864375788204762,-0.0534320363397442,0.7525661755565829,3
12.0,70.0,True,0.3121007005274594,0.1831175039155114,0.8034037025453321,0.5304030064508307,-0.1930343690990036,3
12.0,71.0,True,0.2457199084848211,0.1425926227988975,0.6646963695543333,0.3591870156171797,-2.2363574589806228,1
12.0,72.0,True,0.5339620933678556,0.2119186465102847,0.9713383128908896,0.2922573996733851,7.1572265936835056,2
12.0,73.0,True,0.4447999530328551,0.1481501084355191,0.7867885920663052,0.3860770829480694,4.383777142579131,3
12.0,74.0,True,0.3999476332972322,0.1800552865626034,0.6712442150733864,-0.3230083448153866,2.628344888690225,3
12.0,75.0,True,0.2605747884442376,0.1893178415220338,0.6408145675628606,0.3778767600733844,-1.3484653015043917,3
12.0,76.0,True,0.2868948038011711,0.1863988405730476,0.6669536994373481,0.3788935895456171,-0.9423860387834124,3
12.0,77.0,True,0.3152045472841514,0.1851502482989172,0.6077858164592319,-0.1493332989767085,0.3462250804257092,3
12.0,78.0,True,0.2094645386041936,0.1263356946115896,0.4584834812908232,0.2383632039430529,-3.013035292060878,1
12.0,79.0,True,0.1821774866349512,0.1179259474444725,0.5382476320065733,1.346022497335224,-3.959245543486093,1
12.0,80.0,True,0.3065695565954214,0.1691072014903546,0.599475642879587,-0.134285172923704,-0.0997028438099225,3
12.0,81.0,True,0.1348379799826153,0.153565674352256,0.486621775462693,0.8807561395490102,-5.314611405764255,1
12.0,82.0,False,,,,,,0
12.0,83.0,False,,,,,,0
12.0,84.0,False,,,,,,0
12.0,85.0,False,,,,,,0
12.0,86.0,False,,,,,,0
12.0,87.0,False,,,,,,0
12.0,88.0,False,,,,,,0
12.0,89.0,False,,,,,,0
12.0,90.0,False,,,,,,0
12.0,91.0,False,,,,,,0
12.0,92.0,False,,,,,,0
12.0,93.0,False,,,,,,0
12.0,94.0,False,,,,,,0
12.0,95.0,False,,,,,,0
12.0,96.0,False,,,,,,0
12.0,97.0,False,,,,,,0
12.0,98.0,False,,,,,,0
12.0,99.0,False,,,,,,0
12.0,100.0,False,,,,,,0
13.0,1.0,False,,,,,,0
13.0,2.0,False,,,,,,0
13.0,3.0,False,,,,,,0
13.0,4.0,False,,,,,,0
13.0,5.0,False,,,,,,0
13.0,6.0,False,,,,,,0
13.0,7.0,False,,,,,,0
13.0,8.0,False,,,,,,0
13.0,9.0,False,,,,,,0
13.0,10.0,False,,,,,,0
13.0,11.0,False,,,,,,0
13.0,12.0,False,,,,,,0
13.0,13.0,False,,,,,,0
13.0,14.0,False,,,,,,0
13.0,15.0,False,,,,,,0
13.0,16.0,False,,,,,,0
13.0,17.0,False,,,,,,0
13.0,18.0,False,,,,,,0
13.0,19.0,False,,,,,,0
13.0,20.0,True,0.3074141350145565,0.1776709798800899,0.5558753226678793,-0.4120220410997049,0.0067391870386768,3
13.0,21.0,True,0.3200793386281427,0.1901293849296726,0.7695416674116414,-0.02829467708396,-0.0695528956211012,3
13.0,22.0,True,0.3981144124546598,0.3240070223443642,1.2638406362437953,1.2869998249197374,2.699712187766561,2
13.0,23.0,True,0.3713415862104431,0.1874550783976105,0.7760338742064288,0.2485511155818227,2.011575861768369,3
13.0,24.0,True,0.4499084907473634,0.19127637156154,0.8604142873109796,0.135156374594361,4.077028825454387,3
13.0,25.0,True,0.3920584025017787,0.1663546674057995,0.7299368683113814,0.1479929748585911,2.554951557684576,3
13.0,26.0,True,0.3409912795776355,0.1959170234275252,0.7970838911531158,0.9375614837291852,0.9204253940950718,3
13.0,27.0,True,0.3623923757400173,0.2073671658094347,0.8075968732327883,0.0679602857688036,1.2531542559234798,3
13.0,28.0,True,0.4530007937782959,0.1835377425350459,0.7192274039295562,-0.3074716345163927,4.707372710369915,3
13.0,29.0,True,0.3940420124764809,0.2169939479489171,0.8729440693473939,0.8898774328702702,2.3986233937527324,3
13.0,30.0,True,0.3377095760973209,0.1905120750000007,0.7937371321345273,0.2813215967825815,0.9082828953587784,3
13.0,31.0,True,0.4073394343439395,0.178750896323859,0.7583511170066947,0.0457255706962389,3.320051093630112,3
13.0,32.0,True,0.4691098482269441,0.2025121072307837,1.0474380181158671,0.0442643472139201,4.366425381012926,2
13.0,33.0,True,0.5385943122001626,0.3709539500482549,1.5,1.206886441562068,7.05414552658949,2
13.0,34.0,True,0.4406214159924583,0.2552507791010299,0.8821293030911836,0.128690203006517,4.327216850887336,2
13.0,35.0,True,0.4183888304476017,0.1910071925440696,0.8495446980385157,0.0738794755902679,3.024487261685442,3
13.0,36.0,True,0.4810086411369447,0.22400700239881,0.9625682105358214,0.29248453589519,5.341341563221171,2
13.0,37.0,True,0.5587350067691086,0.3027280577985555,1.096335909786292,-0.2085177274979519,7.6173557376553696,2
13.0,38.0,True,0.3639115877232575,0.1712294968902266,0.6866569298776721,-0.216464888818448,1.8090362606773576,3
13.0,39.0,True,0.3240192866936276,0.2249396907668279,1.2310932930965233,2.0013847355087795,-0.2694849215365447,3
13.0,40.0,True,0.2883150555319343,0.1874329833199577,0.8161851403228129,0.5315010093135959,-0.8173457344890631,3
13.0,41.0,True,0.2041541782240506,0.1472939582571326,0.4979057660068717,0.5932318306756115,-3.117091178171634,1
13.0,42.0,True,0.199218679959141,0.1735584485093093,0.4845772818139457,0.2099201294790979,-3.271448838685877,1
13.0,43.0,True,0.2034236542690591,0.0874833807679973,0.3697662885311891,0.162565463228752,-3.191127345172406,1
13.0,44.0,True,0.1080122726886655,0.0727098377213763,0.2548383918027672,0.2952410829340449,-6.270786551326663,1
13.0,45.0,True,0.1819505714175146,0.1431095926065373,0.4758663592519258,0.5867854650213618,-3.840718138860159,1
13.0,46.0,True,0.1712348363858734,0.1262881555943308,0.4661893480332355,0.5627621079050542,-4.255355154642716,1
13.0,47.0,True,0.1955420154431063,0.1005945037245407,0.3853445018048198,-0.4956750472103752,-3.4170136120416617,1
13.0,48.0,True,0.2954734762930858,0.15852814853549,0.5679980091195123,-0.1140647080328399,-0.5834662188410678,3
13.0,49.0,True,0.1452954701708918,0.1208789760785934,0.479069796960719,1.3421978136574644,-4.992654739635638,1
13.0,50.0,True,0.1315728743177817,0.1249454317415474,0.514648932667312,0.9440652329252156,-5.766845221813147,1
13.0,51.0,True,0.1174270681484273,0.1307050220954249,0.5581241614364487,1.4102895998974925,-6.155943767035714,1
13.0,52.0,True,0.0855079895815727,0.1190064009770841,0.3852819240733841,1.528619478723801,-7.014459149628211,1
13.0,53.0,True,0.0789586867457532,0.0724332129055141,0.2355423435214446,0.4816795772038405,-7.08870037863301,1
13.0,54.0,True,0.175110100789009,0.105319092604841,0.4153834929049462,0.1850651659370632,-4.454597723320723,1
13.0,55.0,True,0.2287475863759085,0.1348929634100773,0.4692206615465394,0.4204874143284018,-2.498593582521329,1
13.0,56.0,True,0.2516505606945868,0.1964297339171198,0.7180759892611213,0.6849654306025708,-1.7450500577047878,3
13.0,57.0,True,0.1189598042809406,0.0967136744453135,0.3280679564514865,0.3476430109211617,-5.982647044579397,1
13.0,58.0,True,0.1753908249593009,0.1673269192196263,0.6246399556896243,1.2462716417716733,-4.307922140176418,1
13.0,59.0,True,0.1491261319230608,0.1292462655990524,0.4752903012930568,0.9529194764097004,-4.958162417212135,1
13.0,60.0,True,0.3389360616945442,0.2722268226472459,1.3370234152260396,1.4852116993019522,0.4065159755394715,2
13.0,61.0,True,0.2091108823410588,0.1178742812527593,0.4413369573730443,0.2087816286329873,-3.2695306151456474,1
13.0,62.0,True,0.14492752795327,0.1136366515748951,0.3559876033181822,0.1052263092510992,-5.180853091808279,1
13.0,63.0,True,0.2235279786828197,0.1467254044984137,0.5761112565990109,0.9356941032754548,-2.922834909501966,1
13.0,64.0,True,0.1699935892318623,0.1025649781396722,0.3002160610676508,-0.2521296683776379,-4.33958917027924,1
13.0,65.0,True,0.2142676414306448,0.1162184309512578,0.4713743356116033,0.4014372148067845,-2.8208989099254627,1
13.0,66.0,True,0.3398365342658653,0.1661061203986956,0.6616365872320541,0.1192460194766135,1.0073363631439924,3
13.0,67.0,True,0.2961017241715888,0.1066388082749246,0.5490658827098277,0.2791460503750417,-0.7116393570508082,1
13.0,68.0,True,0.3303321947064194,0.2109699526465784,0.8767575248612082,0.3960583868719076,0.1799932449519716,3
13.0,69.0,True,0.269585648443584,0.1663854847201861,0.6864006887492955,0.6646166683641693,-1.038811816018712,3
13.0,70.0,True,0.2425229765711026,0.1355502883701391,0.5756832775139881,0.7717283103239182,-2.0604299628855394,1
13.0,71.0,True,0.435208759738695,0.1870799432653639,1.158524994098312,1.5924127630871503,3.53291140251588,2
13.0,72.0,True,0.2811043177542127,0.179373088005991,0.651372319442756,0.3084470142185175,-1.128634962075905,3
13.0,73.0,True,0.4002094323139966,0.2683391807954151,0.8756138553187645,0.4294517925801623,2.604499532904204,3
13.0,74.0,True,0.3198859998102001,0.1870857204349437,0.7522347589397097,-0.0320132546868659,0.1981996294816961,3
13.0,75.0,True,0.2175395559692823,0.1353871750003579,0.4485875427824224,-0.1172189912127183,-2.7762927321879873,1
13.0,76.0,True,0.2417536986464975,0.1178565046718459,0.4163522678868074,-0.3840954545203417,-2.124709224463214,1
13.0,77.0,True,0.2608824073063803,0.163490671515676,0.5467532126251973,0.339108036640016,-1.3908283728994275,1
13.0,78.0,True,0.4056516178730136,0.1725584690255269,0.7543544152049665,0.4448975799147705,2.8946855123815487,3
13.0,79.0,True,0.314568400246048,0.2080846029100741,0.8049498120294786,0.8097567474256611,0.3380402078804704,3
13.0,80.0,True,0.362700218221851,0.1817353375754182,0.6908080954843205,-0.1313582529935729,1.6883729203556257,3
13.0,81.0,True,0.3156994152005249,0.1598118347971328,0.6678841120466104,0.3418110204190256,0.2804426125026298,3
13.0,82.0,True,0.0607183965255799,0.0622838915859601,0.2050395898550686,0.8681799612945232,-7.74587761098501,1
13.0,83.0,False,,,,,,0
13.0,84.0,False,,,,,,0
13.0,85.0,False,,,,,,0
13.0,86.0,False,,,,,,0
13.0,87.0,False,,,,,,0
13.0,88.0,False,,,,,,0
13.0,89.0,False,,,,,,0
13.0,90.0,False,,,,,,0
13.0,91.0,False,,,,,,0
13.0,92.0,False,,,,,,0
13.0,93.0,False,,,,,,0
13.0,94.0,False,,,,,,0
13.0,95.0,False,,,,,,0
13.0,96.0,False,,,,,,0
13.0,97.0,False,,,,,,0
13.0,98.0,False,,,,,,0
13.0,99.0,False,,,,,,0
13.0,100.0,False,,,,,,0
14.0,1.0,False,,,,,,0
14.0,2.0,False,,,,,,0
14.0,3.0,False,,,,,,0
14.0,4.0,False,,,,,,0
14.0,5.0,False,,,,,,0
14.0,6.0,False,,,,,,0
14.0,7.0,False,,,,,,0
14.0,8.0,False,,,,,,0
14.0,9.0,True,0.0216341257878573,0.0434174554087887,0.1445658851685514,1.839550204631225,-8.893127572734546,1
14.0,10.0,False,,,,,,0
14.0,11.0,False,,,,,,0
14.0,12.0,False,,,,,,0
14.0,13.0,False,,,,,,0
14.0,14.0,False,,,,,,0
14.0,15.0,False,,,,,,0
14.0,16.0,False,,,,,,0
14.0,17.0,False,,,,,,0
14.0,18.0,True,0.0349051837799134,0.0490793476636596,0.1461116178834599,0.9608065593060476,-8.429334278993048,1
14.0,19.0,True,0.2081100549597702,0.1194437409469946,0.4670077271905811,0.4198609412214206,-3.256844584958425,1
14.0,20.0,True,0.4852498341117853,0.1992805604068422,0.9264633039218768,0.3200806623322099,5.173451419828031,2
14.0,21.0,True,0.4157500838341322,0.2564761874097292,0.9268272034454068,0.2738380491865672,3.3743761780520396,2
14.0,22.0,True,0.5888861164622207,0.3038745414076755,1.148549850111485,-0.0374624651892659,9.130899898587382,2
14.0,23.0,True,0.3432488622900234,0.1747863304543148,0.7348181625584701,0.4576018876304542,0.9378080975647894,3
14.0,24.0,True,0.4613984931560795,0.2347622806987647,0.9421038294173388,0.3577106073819259,4.799109258806526,2
14.0,25.0,True,0.1991630287639526,0.1391935537168737,0.5675038213670269,1.0523641120639924,-3.271678284836415,1
14.0,26.0,True,0.4437703018321683,0.1269499087387946,0.6744879423053763,-0.3692314414324649,4.025081789689329,3
14.0,27.0,True,0.5728413629251279,0.2005318861607143,0.94734527070916,-0.2569453224816068,7.862129854660097,2
14.0,28.0,True,0.3133287980385319,0.1406609084429541,0.5661310622016794,0.1508948679806824,0.3018567475738931,3
14.0,29.0,True,0.5018522824457348,0.303204066793988,1.3915048367987986,0.4366944837048033,5.158923013689652,2
14.0,30.0,True,0.2784862049014749,0.1483923302978959,0.506095981353526,-0.0804980351571286,-0.7752209625593574,1
14.0,31.0,True,0.3621785125989022,0.1613303037468539,0.6176297213810699,-0.2696593354238531,1.7342518528798752,3
14.0,32.0,True,0.2620956265901343,0.1306506792072112,0.4853825146407919,-0.2635490617789603,-1.2351144565939138,1
14.0,33.0,True,0.2577151448422567,0.1213061554207215,0.4954242491483595,-0.0219936890895066,-1.5425822155457534,1
14.0,34.0,True,0.4366937747233995,0.1679775445447684,0.7955842769641607,0.1611831913297252,3.931030344675015,3
14.0,35.0,True,0.3153651054650717,0.2250788503853516,0.8320933833147394,0.5010724439627814,0.3580685715606394,3
14.0,36.0,True,0.4273573851633884,0.2030326647822465,0.929432063507399,0.5073965882258576,3.4554997023714136,3
14.0,37.0,True,0.4488536099926044,0.2244815485851974,0.92804225797698,0.4980113474775061,4.383394134512162,2
14.0,38.0,True,0.3461145481006734,0.2294702943231377,0.927017089929645,0.8230489823484587,1.279550575801596,3
14.0,39.0,True,0.2710373762620445,0.1724121414509491,0.5200102529711872,-0.1607060416112348,-0.9741888682558812,3
14.0,40.0,True,0.3012783062797859,0.1708842905747188,0.5344806022894298,-0.3365336719593075,-0.2037337139507,3
14.0,41.0,True,0.2187612268420158,0.1115883306802526,0.5107436211196721,0.0713839882781929,-3.0209575926216834,1
14.0,42.0,True,0.1817885562943585,0.1112131089853088,0.4166324940184742,0.5952762478677612,-4.2726801140878585,1
14.0,43.0,True,0.1645069015056083,0.1549543672369733,0.473306569985656,0.4403461140310308,-4.64869665653246,1
14.0,44.0,True,0.2874339036232947,0.2110634312435884,0.7931136828645259,1.0942874802940772,-0.6297252255599259,3
14.0,45.0,True,0.2153514429829729,0.1690901694889753,0.5095563070967342,0.449601366313612,-3.0461376670444507,1
14.0,46.0,True,0.1729032089602279,0.1064714589325109,0.4391869168350488,0.7422423085504596,-4.091437486704829,1
14.0,47.0,True,0.1695948242696774,0.0930225921579702,0.3238969999319053,-0.446594093606504,-4.4144575935492085,1
14.0,48.0,True,0.103765353324921,0.0671301087108622,0.260365439575107,0.3504904100622866,-6.286460806532989,1
14.0,49.0,True,0.1851986168764532,0.1955978291185005,0.6241131737866998,0.961743327308762,-3.9970655890275153,1
14.0,50.0,True,0.1474413712705952,0.1580756277759049,0.5869792447934343,1.4316666596766063,-4.925782080384979,1
14.0,51.0,True,0.1913739973235661,0.0773424780630195,0.3788240199843776,0.3578189508963194,-3.602600258831905,1
14.0,52.0,True,0.0999305192101643,0.1212237361859064,0.6382722917527215,2.765248893414559,-6.744432449106308,1
14.0,53.0,True,0.2496271205781282,0.1661892766912004,0.6349901258068097,0.7255742681678007,-1.616734257791147,3
14.0,54.0,True,0.1905500074785382,0.1242853582753672,0.4055295939817149,0.0928323883812544,-3.5842900756146716,1
14.0,55.0,True,0.2066388941615065,0.0877935028504722,0.3827266013176697,-0.1436660686808291,-3.122462737405471,1
14.0,56.0,True,0.112090315519452,0.0854344829323815,0.2841798750487842,0.3011720956168714,-6.001182147801472,1
14.0,57.0,True,0.1366767885913343,0.1526923688436956,0.5774069249030881,1.4713544863663257,-5.31861030604536,1
14.0,58.0,True,0.2251017526151033,0.1015149929586615,0.6331132313885832,1.7391275326708593,-2.829263760358603,1
14.0,59.0,True,0.2416368749653652,0.1134958835036556,0.4474281930297885,-0.1472697635464809,-1.9910515990069573,1
14.0,60.0,True,0.158524247344132,0.0966252750112199,0.4588030509778833,0.8519954330735736,-4.920851428380868,1
14.0,61.0,True,0.200140751938853,0.1212469322726622,0.4734976788642466,0.345362336193257,-3.3474165491857644,1
14.0,62.0,True,0.1375646617613825,0.1136204954768976,0.3937250349886036,0.5370454003383744,-5.337545319112744,1
14.0,63.0,True,0.1548964627511282,0.1029577300414244,0.4501960271550903,0.7862536605274029,-4.943426690865527,1
14.0,64.0,True,0.1992622080798689,0.1013198553587644,0.3674608082988438,-0.0972981058825526,-3.32801174144873,1
14.0,65.0,True,0.2218829587871637,0.1652272409829055,0.5679288209831888,0.3030507269758798,-2.593957825238517,1
14.0,66.0,True,0.2070021716374038,0.1143652338438886,0.4682121523343673,0.2288171113083185,-3.0816017521675456,1
14.0,67.0,True,0.2914908846666884,0.2254558543097585,0.7473412022467582,0.5128762768912803,-0.7887267669174434,3
14.0,68.0,True,0.3246233192977062,0.1169725579240718,0.7536577246981572,1.0826708691427511,0.2226413041368379,3
14.0,69.0,True,0.2109500295404916,0.220346443616833,0.8044063591532274,1.299257166491078,-2.8522470436010137,3
14.0,70.0,True,0.34176784415953,0.2330452709211779,0.9290165968790216,1.0578845212532637,0.9839527529590804,3
14.0,71.0,True,0.2964096732781906,0.1223850704304162,0.533873341432696,-0.1417284717245581,-0.4681672447614656,1
14.0,72.0,True,0.3650036473084756,0.2645952131754639,1.017028451498025,0.5029204330798737,1.6380110625240385,3
14.0,73.0,True,0.4367488476826868,0.2419947794027261,0.990056047201708,0.7349748907013743,3.495649201428473,2
14.0,74.0,True,0.2408193454727837,0.1688993187992678,0.5355186666897042,0.3179135266965314,-2.3095216047009828,1
14.0,75.0,True,0.2812519683292029,0.1598955181897338,0.591392994834871,0.2369635944414681,-0.8975388285314609,3
14.0,76.0,True,0.2793237934931295,0.1639291964877884,0.6404788782219613,0.2379829230162805,-1.0533793910283658,3
14.0,77.0,True,0.1548697754938454,0.1599994846868994,0.5860478014234375,1.3101450972253652,-4.652764742357307,1
14.0,78.0,True,0.1730831436117617,0.1410400837279876,0.5220284364512415,0.858364088880738,-4.071348469987536,1
14.0,79.0,True,0.2687129546978964,0.2072860180196787,0.7623285460594785,0.8848353989610909,-1.3560346343248617,3
14.0,80.0,True,0.2511358352839484,0.1569558815998455,0.6839391520283381,1.1262246461112624,-1.7510562631171465,3
14.0,81.0,True,0.4089118399792498,0.1532780926777817,0.6513696575386624,-0.5789774789837351,3.208806299807815,3
14.0,82.0,True,0.4018560796247656,0.1848389873928001,0.762639945498524,0.2215205383646024,2.903008743372613,3
14.0,83.0,True,0.4020316563609013,0.2432771934989011,1.1141304687494689,1.381655840200654,2.109626706185383,2
14.0,84.0,False,,,,,,0
14.0,85.0,False,,,,,,0
14.0,86.0,False,,,,,,0
14.0,87.0,False,,,,,,0
14.0,88.0,False,,,,,,0
14.0,89.0,False,,,,,,0
14.0,90.0,False,,,,,,0
14.0,91.0,False,,,,,,0
14.0,92.0,False,,,,,,0
14.0,93.0,False,,,,,,0
14.0,94.0,False,,,,,,0
14.0,95.0,False,,,,,,0
14.0,96.0,False,,,,,,0
14.0,97.0,False,,,,,,0
14.0,98.0,False,,,,,,0
14.0,99.0,False,,,,,,0
14.0,100.0,False,,,,,,0
15.0,1.0,False,,,,,,0
15.0,2.0,False,,,,,,0
15.0,3.0,False,,,,,,0
15.0,4.0,False,,,,,,0
15.0,5.0,False,,,,,,0
15.0,6.0,False,,,,,,0
15.0,7.0,False,,,,,,0
15.0,8.0,False,,,,,,0
15.0,9.0,False,,,,,,0
15.0,10.0,False,,,,,,0
15.0,11.0,False,,,,,,0
15.0,12.0,False,,,,,,0
15.0,13.0,False,,,,,,0
15.0,14.0,False,,,,,,0
15.0,15.0,False,,,,,,0
15.0,16.0,False,,,,,,0
15.0,17.0,True,0.0628359404362214,0.0796860433234407,0.368525654981325,1.7652849284873653,-7.771855821953394,1
15.0,18.0,True,0.2287748097667863,0.1003476795908806,0.385229239355654,-0.4984038905748534,-2.345743450334594,1
15.0,19.0,True,0.49153736550877,0.1947794742579209,0.8399493790025105,0.205174696852131,5.522241681327241,2
15.0,20.0,True,0.2481477855856208,0.1328660226307859,0.4667754984684645,-0.3624610124333749,-1.929142497882377,1
15.0,21.0,True,0.3031245919849176,0.1216174048885137,0.5153943888586495,0.0742151170311664,-0.3748927563017027,1
15.0,22.0,True,0.520769942110331,0.2323730502677382,0.8625561327690426,-0.3014047465460193,6.456756335201977,2
15.0,23.0,True,0.6553657598707113,0.2680166427312629,1.164946636666644,-0.0921737552057273,10.920632284566627,2
15.0,24.0,True,0.5262743734060326,0.1869274193572035,0.9597908197168518,0.3101947789665577,6.720327302972426,2
15.0,25.0,True,0.525115084699998,0.16238972336416,0.8591208083904428,-0.880476021850483,7.061647278841464,2
15.0,26.0,True,0.4447632130496905,0.1911567086034304,0.9047527639754372,0.3665296468692764,4.080629068213203,3
15.0,27.0,True,0.5292994444367388,0.2274144968945964,1.0854035478878914,0.5705614746643988,6.812293090597631,2
15.0,28.0,True,0.4216697868106754,0.1589133793081784,0.6970187547303635,-0.2182485092029838,3.279456815425203,3
15.0,29.0,True,0.5205046279753159,0.1983313667636415,0.9488163355308998,0.1276308325785096,6.432419428045314,2
15.0,30.0,True,0.7043993970170768,0.2659027085681815,1.2386939326136464,0.3144399594838236,12.181961763962576,2
15.0,31.0,True,0.5139053030548045,0.2540005945770286,1.083717326402362,0.4214402075183091,6.6104800458670185,2
15.0,32.0,True,0.4276661081752205,0.1481225808741981,0.738669656328373,-0.0463818579780631,3.820880905836165,3
15.0,33.0,True,0.4299481414997132,0.2181193886029586,0.964667669240766,0.6986859835799465,3.555779874435414,3
15.0,34.0,True,0.3828232526075986,0.1782984696403592,0.7437003084638439,0.1199023126510853,2.3089583165792087,3
15.0,35.0,True,0.5311870316013039,0.2582871442299312,1.0510273403891934,0.297143515495337,6.592503425078855,2
15.0,36.0,True,0.4274307959416524,0.2617028348983213,1.0644142355472992,0.9433395154435964,3.641309124314489,2
15.0,37.0,True,0.3813805485425695,0.1447909409722384,0.6286169118077991,-0.1376201069595049,2.273103013530506,3
15.0,38.0,True,0.377927084471332,0.1715469196404907,0.6657953999572636,0.049524711992033,2.1983106816612445,3
15.0,39.0,True,0.1720260549938778,0.1318831883198909,0.461487347183647,0.3630747080635549,-4.2356077660900215,1
15.0,40.0,True,0.2396905601529724,0.1528263313587079,0.814903110652507,1.2859301273971742,-2.581712780536024,3
15.0,41.0,True,0.1659657500232831,0.1767805934262023,0.6521205868694664,1.2924000646990423,-4.393131849620206,1
15.0,42.0,True,0.1813602878714944,0.1708277582421487,0.8406364098189879,1.6016854853280016,-4.227339966096579,3
15.0,43.0,True,0.2263622529174148,0.1458482048654319,0.5932667038063045,0.9775895987302448,-2.3696114841749445,1
15.0,44.0,True,0.2014846414566805,0.1797786158010435,0.5915411571870873,0.9272742187457343,-3.3748437881726923,1
15.0,45.0,True,0.2827827366953972,0.2002166622463028,0.7501663911630709,0.3827469511004003,-1.0535368664950775,3
15.0,46.0,True,0.1358500925454961,0.0898137446507532,0.3090686792132825,0.3625217636867399,-5.441551937568512,1
15.0,47.0,True,0.2291929716007967,0.1341337058592066,0.6463470995135369,1.1703082181331603,-2.7523537317519793,1
15.0,48.0,True,0.1157083424035532,0.0864436068514445,0.2828492687241023,0.2971657842839361,-6.150804991747359,1
15.0,49.0,True,0.164030752030894,0.2842953918718737,0.9908694827800522,1.861086807162064,-4.494832900154429,3
15.0,50.0,True,0.021772411525309,0.0412770273160293,0.1388946591949057,1.8405079572403984,-8.85662223665082,1
15.0,51.0,True,0.1334829083765711,0.1175758233401077,0.4534252977172616,1.3354652779427314,-5.352098263339189,1
15.0,52.0,True,0.1775582764305179,0.1860803815607482,0.9149102949411348,2.1325216941850926,-4.436346215554996,3
15.0,53.0,True,0.0965723279096446,0.0788218136263068,0.2640560012640758,0.6695157468915637,-6.597092595397992,1
15.0,54.0,True,0.1170490655398985,0.0921333036709247,0.2640552453703491,0.1463464616932857,-5.950139666079707,1
15.0,55.0,True,0.2882444802484184,0.1669471710275765,0.718526773724958,0.5606198572121892,-0.8013573206826715,3
15.0,56.0,True,0.1180869592604963,0.1343811357262344,0.6370806652561409,2.151139144420649,-6.378664824967355,1
15.0,57.0,True,0.1529783005319187,0.1004729378411759,0.510106325601177,1.5843332522108438,-5.038754570637561,1
15.0,58.0,True,0.1612951443348375,0.0929202432695891,0.3067559763604728,0.0544291598000075,-4.452246302702499,1
15.0,59.0,True,0.1991561801097562,0.1330946423693348,0.4856394559380845,0.6986226921510812,-3.485749159764421,1
15.0,60.0,True,0.1131387386382109,0.112997486112287,0.3342817960130184,0.7370186715310321,-6.113907291324541,1
15.0,61.0,True,0.1825521677526568,0.1001856308866826,0.4167593706399655,0.4393046918368973,-4.079118959395682,1
15.0,62.0,True,0.2374222701123712,0.2044612200739849,0.6829919407805751,0.4208381973263539,-2.082943107473005,3
15.0,63.0,True,0.2658109339163657,0.2083801655412971,0.7907629787092353,0.6395193786625242,-1.560012115581581,3
15.0,64.0,True,0.1668436657827883,0.1201009949341033,0.4700825936233553,0.6852191357937625,-4.365096250769042,1
15.0,65.0,True,0.1759693930533867,0.1123588635255387,0.3772462316089059,0.0533214021201271,-4.061117588045363,1
15.0,66.0,True,0.1572257862419535,0.134749683489813,0.5151891034371218,1.1446637258611407,-4.824736448797527,1
15.0,67.0,True,0.2376146815208817,0.1945495356256628,0.7029117700762227,0.8661280511004862,-2.263662536317283,3
15.0,68.0,True,0.2778955356239803,0.1811976030244806,0.9270521545285528,1.4042864405891593,-1.437777371009734,3
15.0,69.0,True,0.1709271249871481,0.1197208723207453,0.3847604755292766,0.2501390928640373,-4.29811971738631,1
15.0,70.0,True,0.2232806974956881,0.1027798169081319,0.392947312957949,-0.2661300364793736,-2.684993982492217,1
15.0,71.0,True,0.339632821527547,0.1853013167234432,0.780050143601031,0.7940677716758308,1.013441424197711,3
15.0,72.0,True,0.2984799732406403,0.1376381026315348,0.5010490598088818,-0.5805266743324744,-0.2707912199149649,1
15.0,73.0,True,0.3519559012709127,0.2313816059312396,0.854221978637848,0.5031131817066542,1.3405639205728346,3
15.0,74.0,True,0.2774890792026974,0.178029179668213,0.6131362289189901,0.4023128616411766,-1.0162775579193908,3
15.0,75.0,True,0.2617263160168326,0.2175926782607348,0.934564863641096,1.057866808667465,-1.74163455470079,3
15.0,76.0,True,0.249348356730629,0.2123488468053876,0.7832312998297011,1.1326523596647922,-1.753400098396274,3
15.0,77.0,True,0.1979993529695388,0.125740701765678,0.7225130244270186,1.6291005637456597,-3.6447770665802626,1
15.0,78.0,True,0.2629564803931024,0.0947804742788192,0.5831455803433573,0.9094459710584388,-1.626428729747292,1
15.0,79.0,True,0.28205182928469,0.2288069603127452,0.8482295826275548,0.858913068058865,-0.8669887520364176,3
15.0,80.0,True,0.3293173474314538,0.1869757052184811,0.7560427083206203,0.234114049449902,0.4379770523693329,3
15.0,81.0,True,0.376143424750197,0.1894114524649481,0.6649587168276662,-0.3363891671016829,2.093166003430208,3
15.0,82.0,True,0.3823193973305484,0.1862643824573807,0.8574410009124809,0.4517351046974499,2.040096268591304,3
15.0,83.0,True,0.3905988911933379,0.2680773732903808,1.000301011564975,0.9247551574244464,2.4402262737499374,2
15.0,84.0,True,0.2950670894804156,0.2363265814252351,1.252115545293196,1.7754350093128763,-0.9142855059601008,3
15.0,85.0,False,,,,,,0
15.0,86.0,False,,,,,,0
15.0,87.0,False,,,,,,0
15.0,88.0,False,,,,,,0
15.0,89.0,False,,,,,,0
15.0,90.0,False,,,,,,0
15.0,91.0,False,,,,,,0
15.0,92.0,False,,,,,,0
15.0,93.0,False,,,,,,0
15.0,94.0,False,,,,,,0
15.0,95.0,False,,,,,,0
15.0,96.0,False,,,,,,0
15.0,97.0,False,,,,,,0
15.0,98.0,False,,,,,,0
15.0,99.0,False,,,,,,0
15.0,100.0,False,,,,,,0
16.0,1.0,False,,,,,,0
16.0,2.0,False,,,,,,0
16.0,3.0,False,,,,,,0
16.0,4.0,False,,,,,,0
16.0,5.0,False,,,,,,0
16.0,6.0,False,,,,,,0
16.0,7.0,False,,,,,,0
16.0,8.0,False,,,,,,0
16.0,9.0,False,,,,,,0
16.0,10.0,False,,,,,,0
16.0,11.0,False,,,,,,0
16.0,12.0,False,,,,,,0
16.0,13.0,False,,,,,,0
16.0,14.0,False,,,,,,0
16.0,15.0,False,,,,,,0
16.0,16.0,True,0.0104483095003784,0.0230638646684324,0.0785839520604219,2.0496886221432637,-9.244907647630724,1
16.0,17.0,True,0.3617171450914762,0.2573623829882311,1.0219811044924192,0.9579250385127548,1.5291733336424769,3
16.0,18.0,True,0.5003184961467256,0.2389708695447329,1.0063727535582012,0.0998374739202879,6.1724708446315235,2
16.0,19.0,True,0.3463526453808423,0.2595801879971726,0.8514896656754779,0.5476165667184583,1.253286778163094,3
16.0,20.0,True,0.3645189924679899,0.3240927864936492,1.048718253860967,0.5771653305749592,1.7026993140685394,2
16.0,21.0,True,0.5843081493969127,0.2537409920929954,1.0555634848745823,-0.0002026519252496,8.700708296020293,2
16.0,22.0,True,0.4823969637246111,0.2473210855844209,1.033085935234522,0.466081273539793,5.635239072834662,2
16.0,23.0,True,0.5051614654395769,0.1695252448635523,0.854180367244624,0.2982940401267899,5.844311589615311,3
16.0,24.0,True,0.5364050373452098,0.2217617874432357,1.1306971196017863,1.0788473567853398,7.104939703460889,2
16.0,25.0,True,0.4943840340181068,0.2002287886298275,1.048866460873736,0.8751756305366059,5.667910951009684,2
16.0,26.0,True,0.5542470386525506,0.1933013218203937,1.0239749452488114,0.586442784746171,7.660551422975129,2
16.0,27.0,True,0.4944573866101482,0.189285993243978,0.9209461531012568,0.2106583793145411,5.7104215886884075,2
16.0,28.0,True,0.5694706657333706,0.3673966898466398,1.3536534630407469,0.719419796002914,8.433051047074697,2
16.0,29.0,True,0.5100493387340422,0.211085224532029,0.9450652751909776,-0.3078650695167388,6.388598291512703,2
16.0,30.0,True,0.3693939100683432,0.179079768105062,0.811979729315305,0.2220566659449341,2.122551553995929,3
16.0,31.0,True,0.59363976116606,0.2433488531186711,1.1855993231143882,1.0286454557628737,8.850547282273718,2
16.0,32.0,True,0.6643827756277196,0.2939789272699695,1.2864539523514362,0.4207682285588724,10.961297688339275,2
16.0,33.0,True,0.6513856854128746,0.2564991328966756,1.0416502362820736,-0.3733695780578464,10.753960419473506,2
16.0,34.0,True,0.484706989508488,0.3014738743816229,1.1479083925777414,0.641058136680542,5.195493955871998,2
16.0,35.0,True,0.4633975626273948,0.3009192252477809,1.5,1.126152798881536,3.8251924285235823,2
16.0,36.0,True,0.4573978292669075,0.2522275612086921,0.9609354159100238,0.2942908001435874,4.502314462154585,2
16.0,37.0,True,0.2142999706287987,0.2193644858994295,1.0501709798425434,1.8543573364858696,-3.207187087331647,3
16.0,38.0,True,0.1799419937610276,0.0958180365581835,0.4252308137841623,0.1721662540878138,-4.272808785888811,1
16.0,39.0,True,0.2481060916953838,0.1717013061655182,0.6424444060845476,0.4815970207152061,-1.7162347171970465,3
16.0,40.0,True,0.2112759537766102,0.1279029608118172,0.5493824528984365,1.0611868342768789,-2.9738825092650907,1
16.0,41.0,True,0.1875650079471439,0.0881657473668641,0.3064114789966956,-0.50982932141714,-3.7256214591009926,1
16.0,42.0,True,0.2293293622471925,0.1776874831498314,0.6811297191017365,0.981454169244126,-2.851850499654363,3
16.0,43.0,True,0.1425140803472138,0.1564965629762524,0.5313507570430634,1.137155893176043,-5.423325734781365,1
16.0,44.0,True,0.1860133687815628,0.141344133425404,0.7823392461638867,2.331825884377994,-4.229434253814041,1
16.0,45.0,True,0.2171404639628757,0.1447134198879128,0.5064331565606596,0.374892012654805,-2.946434756574207,1
16.0,46.0,True,0.1252344307681839,0.1229293044024548,0.4394693659981442,1.048662408043152,-5.611943150409238,1
16.0,47.0,True,0.1970483584644786,0.1483919730131302,0.5459605334953128,0.9733774417965344,-3.729021316667721,1
16.0,48.0,True,0.1186755015193749,0.1165955295896289,0.3532887342479123,0.6321170464284815,-5.867788083051279,1
16.0,49.0,True,0.1703091800345717,0.1024092888171266,0.3537300853557558,-0.0323417751293294,-4.137610672511946,1
16.0,50.0,True,0.1787139535435702,0.1476232384964366,0.5097251018337107,0.7651193647359665,-4.086423826026807,1
16.0,51.0,True,0.1274338189925086,0.098713499912889,0.3767077078668636,0.864948578667982,-5.629403184414418,1
16.0,52.0,True,0.0846602097831242,0.067730697029827,0.2631574564763525,0.8875960946009916,-6.90212122757395,1
16.0,53.0,True,0.1296307275348573,0.1194116722426521,0.6110123159046321,2.4787648326233893,-5.802826824032365,1
16.0,54.0,True,0.1320022407420995,0.1241333166177008,0.3950208427113986,0.5521316579000549,-5.5556359907310435,1
16.0,55.0,True,0.1369596092151495,0.13318635315367,0.593627584352256,1.2111870691127726,-5.517308117420663,1
16.0,56.0,True,0.1091390872111433,0.11542364482428,0.3850899994016337,0.9547972643684016,-6.052816286894756,1
16.0,57.0,True,0.1250961331400254,0.074032113883545,0.2749700833209685,-0.13588247442262,-5.756093370003586,1
16.0,58.0,True,0.1530548308257356,0.0813787722960878,0.292763709234543,0.1203528455426473,-4.7111387482208675,1
16.0,59.0,True,0.2275245025021935,0.2094772844714552,0.9660022730591556,1.4795305389412778,-2.902833284416533,3
16.0,60.0,True,0.1738623151666113,0.1113923919011313,0.3852259361303214,0.001996535769904,-4.204518493450276,1
16.0,61.0,True,0.1445217593148524,0.1545395059885841,0.5416973947494288,1.1332996665690394,-5.0401545264358365,1
16.0,62.0,True,0.2247461082881868,0.138889799505305,0.5494647518312872,0.1409027596253605,-2.8015517316117062,1
16.0,63.0,True,0.1543347785768877,0.1765909700352798,0.6372766661311292,1.2720104964097172,-4.621518459536231,1
16.0,64.0,True,0.1670880183173662,0.131399183400159,0.5112856793198699,0.9836242740325823,-4.764351855969051,1
16.0,65.0,True,0.1678584390239658,0.1868030895438084,0.6509800849241811,1.1005459061859744,-4.348298439175739,1
16.0,66.0,True,0.3378644072094872,0.2418885905567834,0.8679653865099726,0.3442488426622633,0.847659499911056,3
16.0,67.0,True,0.1346867889535207,0.1250061027813004,0.4552186890155325,1.134592637368548,-5.52696756953449,1
16.0,68.0,True,0.2244135203881654,0.189981944163726,0.6202747141354589,0.6298682170817591,-2.3863533607964675,3
16.0,69.0,True,0.2056919690936589,0.1388936015335116,0.5206932645700497,0.764980578361334,-3.220491349510966,1
16.0,70.0,True,0.211941138958078,0.1151726019480414,0.5645486094789843,0.626825516895847,-3.101453997982349,1
16.0,71.0,True,0.2455964461034941,0.1433787731899713,0.5658417662258143,0.683120811124942,-1.8549420287891665,1
16.0,72.0,True,0.3524741630728712,0.2366777357578259,0.847030317867006,0.4168075323395858,1.0012679787661978,3
16.0,73.0,True,0.4004239653363236,0.1384142341109252,0.71290885030642,0.3238738763355015,2.6452683309565654,3
16.0,74.0,True,0.3479298831734349,0.1451179294387383,0.6432661181595937,0.3014544494578787,1.1527137027457868,3
16.0,75.0,True,0.2507610155500629,0.2624283719201074,1.4955100746721677,3.1509928067044237,-2.409802689334069,3
16.0,76.0,True,0.2671167564747815,0.1458653411766913,0.5483705526172551,-0.0824521251161284,-1.3088302894094734,1
16.0,77.0,True,0.2162704666970769,0.1847608957501436,0.6609763081160409,0.9576062020248712,-2.7852790499721554,3
16.0,78.0,True,0.2001786944507316,0.1516608618881646,0.6018754357312222,1.098525446769569,-3.710864805566369,1
16.0,79.0,True,0.2690953404241703,0.1579099053578127,0.7751183868465472,1.1355151619750126,-1.7485427965930385,3
16.0,80.0,True,0.2711757593255362,0.1785615235242917,0.6184574580225132,-0.0768882679427367,-0.9531891512075332,3
16.0,81.0,True,0.3740913415216726,0.1949485850358716,0.7648601666662213,0.1184690121070779,2.03370553570951,3
16.0,82.0,True,0.4730549540746158,0.2283253086398746,0.9093063940983044,-0.2420980663428685,5.324024754586999,2
16.0,83.0,True,0.4551161292303121,0.2705535211591056,1.1529368789774808,1.295944011335988,4.555495797256285,2
16.0,84.0,True,0.4507735964610732,0.2821234731310081,0.9996831454836124,0.3246985537911088,4.297880723738999,2
16.0,85.0,True,0.4435218252223413,0.3287986884196362,1.1690898145785036,0.6137546311367585,3.49700145961253,2
16.0,86.0,True,0.0356545401040112,0.0488581787632002,0.1381346186977495,0.9686870144665244,-8.429011244316172,1
16.0,87.0,False,,,,,,0
16.0,88.0,False,,,,,,0
16.0,89.0,False,,,,,,0
16.0,90.0,False,,,,,,0
16.0,91.0,False,,,,,,0
16.0,92.0,False,,,,,,0
16.0,93.0,False,,,,,,0
16.0,94.0,False,,,,,,0
16.0,95.0,False,,,,,,0
16.0,96.0,False,,,,,,0
16.0,97.0,False,,,,,,0
16.0,98.0,False,,,,,,0
16.0,99.0,False,,,,,,0
16.0,100.0,False,,,,,,0
17.0,1.0,False,,,,,,0
17.0,2.0,False,,,,,,0
17.0,3.0,False,,,,,,0
17.0,4.0,False,,,,,,0
17.0,5.0,False,,,,,,0
17.0,6.0,False,,,,,,0
17.0,7.0,False,,,,,,0
17.0,8.0,False,,,,,,0
17.0,9.0,False,,,,,,0
17.0,10.0,False,,,,,,0
17.0,11.0,False,,,,,,0
17.0,12.0,False,,,,,,0
17.0,13.0,False,,,,,,0
17.0,14.0,False,,,,,,0
17.0,15.0,True,0.0333959293201328,0.0808653340873919,0.4029070146296223,3.35565636234661,-8.72589811385267,1
17.0,16.0,True,0.2652724598496483,0.1383636414619934,0.5053732204459138,-0.0863563060698399,-1.368888837244005,1
17.0,17.0,True,0.337220322186899,0.2357684385668219,0.8938244618737693,0.7672395428945703,0.2547153792867662,3
17.0,18.0,True,0.3195763586671207,0.1747483227409437,0.7012666431504313,0.0694736243684038,0.1664423818393103,3
17.0,19.0,True,0.3189394998771162,0.1746292736194044,0.7887717549049447,1.1831685111519907,0.1968372781825921,3
17.0,20.0,True,0.2730449312679707,0.1469176621775656,0.6273440573616939,0.6222978256550817,-1.2580231688445718,3
17.0,21.0,True,0.3531734124870295,0.236014804115101,1.2290338395549318,1.209875478831511,0.917658556279832,3
17.0,22.0,True,0.4744838082036582,0.2290123771792948,1.080444828546805,0.9433312086644228,4.871316933232052,2
17.0,23.0,True,0.4708833926928578,0.2305707417121923,1.4178890663983084,2.0791530041924933,4.573524663519213,2
17.0,24.0,True,0.5659535719454779,0.208085436782908,1.0818116822255683,0.1672553192701663,7.34124500884672,2
17.0,25.0,True,0.6637701502143639,0.2937159715175801,1.3476849271051947,0.5091624862800044,10.919941688453129,2
17.0,26.0,True,0.6156493070935006,0.2194795676598451,1.196818865994983,0.9420810130375498,9.139790885473865,2
17.0,27.0,True,0.6409756302884254,0.1676608765621852,0.9822150980090928,-0.4224988389446086,10.484944134623731,2
17.0,28.0,True,0.5551745832386844,0.2685423635786472,1.1904673531036174,0.2433050851342058,7.351323250998048,2
17.0,29.0,True,0.4594306062839362,0.2375795767902795,1.0188871475438592,0.5680329303587576,4.627820705852972,2
17.0,30.0,True,0.525172627833256,0.2244142523677031,1.093029215660764,0.5190151403859287,6.132257655521372,2
17.0,31.0,True,0.4378196287606258,0.256396400096463,1.112257643960318,0.6458006386532086,3.699380812864328,2
17.0,32.0,True,0.5870101147160315,0.1847854895195555,0.9409311851468944,0.3514748761271294,8.336272365023996,2
17.0,33.0,True,0.5091489470178494,0.2719100749986584,1.2022328088577932,0.7885999876605697,6.4425614026464775,2
17.0,34.0,True,0.298380558858365,0.2153100997553206,0.9444980547503998,0.3788177402664069,-0.5347304344775416,3
17.0,35.0,True,0.4168590819876863,0.256760845335497,0.9994954069548816,0.5778448368100041,3.633378833823977,2
17.0,36.0,True,0.2779081371104837,0.1272350137077338,0.4931099499731097,0.3183074803531582,-1.0948107229863195,1
17.0,37.0,True,0.3120327312285794,0.1973828374919946,0.9548837377498804,1.154677292517129,-0.0834913629197139,3
17.0,38.0,True,0.1677765038604559,0.0883197705761619,0.3421111910405118,-0.1372444956719692,-4.324317616872454,1
17.0,39.0,True,0.272884771290115,0.1684183194213061,0.7030112892194381,0.4685205979256906,-1.299525507688405,3
17.0,40.0,True,0.1261483704517695,0.0451304593980552,0.2502607545480937,1.0939191975713327,-5.743797376275546,1
17.0,41.0,True,0.2073477858477707,0.1303323567060086,0.7471975127450893,1.9998340384605555,-3.340588241700487,1
17.0,42.0,True,0.1845368865509199,0.1117782073926997,0.4733263048242709,0.8696934604322383,-4.017397799572675,1
17.0,43.0,True,0.1162141343630366,0.0871081592971979,0.2905456019790479,0.2550152193682856,-5.946106019267697,1
17.0,44.0,True,0.1975309452862143,0.1208211806617659,0.4164500769913026,-0.1035066422922905,-3.6457361136410222,1
17.0,45.0,True,0.2212724053949203,0.140998689992011,0.5176615620815471,0.4312613765092359,-2.788153742068732,1
17.0,46.0,True,0.1663039873926553,0.1128838423584186,0.4068280058321331,0.4898812528941095,-4.45521094578522,1
17.0,47.0,True,0.0878975556678298,0.0568308977658111,0.2107602718490017,0.0511281501636731,-6.838844229954686,1
17.0,48.0,True,0.116289956425382,0.0832874037749016,0.2725616499358227,0.216081900150979,-5.9110745297583325,1
17.0,49.0,True,0.108300581668931,0.1015977548284363,0.3816956341209753,1.0858064608318685,-6.122572699014441,1
17.0,50.0,True,0.1670146100774431,0.1278347098347729,0.5072073372240762,1.0255517759259354,-4.372306955448932,1
17.0,51.0,True,0.1593815931160069,0.0922813374519657,0.3366511488627829,0.1132041096032155,-4.62017200700716,1
17.0,52.0,True,0.1945473463321612,0.0936344821248104,0.3843446847843883,-0.0965125180822831,-3.400718719628444,1
17.0,53.0,True,0.1575444277521078,0.1189281878497033,0.4557107282409837,0.8607031143673021,-4.656894872854424,1
17.0,54.0,True,0.1744968902708338,0.1845345248510992,0.6568146564691553,1.293032872894836,-4.253223137088043,1
17.0,55.0,True,0.1977723220195173,0.1425950792601694,0.4922842611135663,0.2299821025805329,-3.4506108346274984,1
17.0,56.0,True,0.1141364948749833,0.0720757879674832,0.295488705361181,0.686182324894305,-6.022361630538668,1
17.0,57.0,True,0.1113854979085077,0.1148959935679074,0.4016917718109334,0.935404164668566,-6.254997650164427,1
17.0,58.0,True,0.1282091152604485,0.1196989901298687,0.5426136252922693,1.3637879779501203,-5.820858239458749,1
17.0,59.0,True,0.1502929993302992,0.1199469248749946,0.4709838209794899,0.5198222091982583,-5.092389668421188,1
17.0,60.0,True,0.2219114633029889,0.1424295832149765,0.5931998906418282,0.7579336726991059,-3.1085602318781196,1
17.0,61.0,True,0.1483394656046845,0.12665892589114,0.6258753134464657,1.6195432804530088,-5.195497484721734,1
17.0,62.0,True,0.1367629994469202,0.1327966659423275,0.4510319851712254,0.6583669111070892,-5.373474613865583,1
17.0,63.0,True,0.1538707268606561,0.1651146140682647,0.5507866452126675,1.1702811656232344,-4.803933616321635,1
17.0,64.0,True,0.2195545706698213,0.1688430369282595,0.5621851490809191,0.3889653353071301,-2.63725997718586,1
17.0,65.0,True,0.1018522524713067,0.0805225609487978,0.2715422530255368,0.4425447533430945,-6.350030952331696,1
17.0,66.0,True,0.1050350672810052,0.08982065740601,0.3213554231357454,0.5796704588915451,-6.309385858878551,1
17.0,67.0,True,0.077043483455822,0.0617367937437272,0.2011024645717511,0.6017938091427615,-7.122630724016297,1
17.0,68.0,True,0.2109214124499929,0.0914257808069764,0.4340433841448484,0.5728870428962279,-3.159214560788161,1
17.0,69.0,True,0.1334373913732062,0.0931431333987298,0.32463407039447,-0.0372516378962077,-5.53232361721804,1
17.0,70.0,True,0.2053741916166397,0.1312829858741819,0.6657361866173479,1.072344426765249,-3.552007863255609,1
17.0,71.0,True,0.2455992698069786,0.0985011074750604,0.4575873508443001,-0.246274234241785,-2.125463645855927,1
17.0,72.0,True,0.2334705443786108,0.1681975105443159,0.7429165205786165,0.7683136748863235,-2.6296097568029695,3
17.0,73.0,True,0.2912153229664199,0.1289937398835126,0.62110899937277,0.8287939626453942,-0.501360828727025,3
17.0,74.0,True,0.2043579272110829,0.1371335019394009,0.4375887985106338,-0.0943205127751861,-3.156466343972269,1
17.0,75.0,True,0.3678657684880268,0.1928099175730185,0.7216132852348347,-0.2060948364507901,1.8586529359656885,3
17.0,76.0,True,0.2380671846554788,0.242464235945967,0.7331086968665723,0.8041354271521984,-2.346342000784053,3
17.0,77.0,True,0.2570724550195836,0.1444811205987676,0.5505683820876591,0.1790237547335645,-1.8266498418786508,1
17.0,78.0,True,0.2959237645260882,0.1554802641807934,0.6717411464532431,0.4512494783633325,-0.3418654478515356,3
17.0,79.0,True,0.2082089375344362,0.1196097535039373,0.4404104355178175,-0.2295405060220192,-3.211457771871859,1
17.0,80.0,True,0.3331813828689247,0.143563442866152,0.5557642345917133,-0.1812471652817084,0.6454001450402246,3
17.0,81.0,True,0.2371387908490559,0.1602377807406633,0.5644997525799662,0.5274521938450412,-2.2515683504800723,1
17.0,82.0,True,0.4195733316294219,0.1864409952049461,0.7684320898136288,0.1275113634645427,3.4370348518292673,3
17.0,83.0,True,0.3151802764438436,0.1522491002967519,0.6693352222895451,0.2065692403530423,-0.0808780385026543,3
17.0,84.0,True,0.4592879632021029,0.2946699474255596,1.3747154769152694,0.5962907187722991,4.20371432356372,2
17.0,85.0,True,0.4840147563463307,0.1973812074459495,0.7564795892027201,-0.3229975532759402,5.294867768209333,3
17.0,86.0,True,0.2344832158924919,0.1989948064976179,0.8102381039322459,0.8895784124907296,-2.4857219685323093,3
17.0,87.0,True,0.0253995946927014,0.0333702163777451,0.1027050884829467,1.0103867468028604,-8.757284782174663,1
17.0,88.0,False,,,,,,0
17.0,89.0,False,,,,,,0
17.0,90.0,False,,,,,,0
17.0,91.0,False,,,,,,0
17.0,92.0,False,,,,,,0
17.0,93.0,False,,,,,,0
17.0,94.0,False,,,,,,0
17.0,95.0,False,,,,,,0
17.0,96.0,False,,,,,,0
17.0,97.0,False,,,,,,0
17.0,98.0,False,,,,,,0
17.0,99.0,False,,,,,,0
17.0,100.0,False,,,,,,0
18.0,1.0,False,,,,,,0
18.0,2.0,False,,,,,,0
18.0,3.0,False,,,,,,0
18.0,4.0,False,,,,,,0
18.0,5.0,False,,,,,,0
18.0,6.0,False,,,,,,0
18.0,7.0,False,,,,,,0
18.0,8.0,False,,,,,,0
18.0,9.0,False,,,,,,0
18.0,10.0,False,,,,,,0
18.0,11.0,False,,,,,,0
18.0,12.0,False,,,,,,0
18.0,13.0,False,,,,,,0
18.0,14.0,True,0.0563299307823683,0.0589727338622409,0.2005853268990727,0.8992836014529937,-7.761831303670634,1
18.0,15.0,True,0.3114004344911961,0.1350605713844473,0.6045322635892539,0.0433825981191941,-0.0288069039547408,3
18.0,16.0,True,0.2654283093779203,0.1357298008391803,0.5730180626153192,0.421143090574136,-1.3152485687651538,1
18.0,17.0,True,0.4046362396531768,0.1697817569244977,0.7596052010147667,-0.3438932343002425,2.5326122037852645,3
18.0,18.0,True,0.1419654990807258,0.1033200087001783,0.3787018527352971,0.5281803919536153,-5.033799523870255,1
18.0,19.0,True,0.3817053090482804,0.2473684079204597,0.8443261465936178,-0.0391872587885898,2.2031405122972756,3
18.0,20.0,True,0.3336374163723818,0.3038289567777411,1.0668466873645752,1.2256863429758316,0.2353842629772031,3
18.0,21.0,True,0.3986291552604726,0.1724244824085123,0.8197739741387788,0.8184662213185513,2.5998714994134473,3
18.0,22.0,True,0.5530694046715888,0.1614682800777188,0.939241450574372,0.5635091276637727,7.461727368757788,2
18.0,23.0,True,0.6861353279519409,0.2793659387285755,1.1940481304799502,-0.2412047114360186,12.146430153096516,2
18.0,24.0,True,0.5372099711744143,0.1869176776891952,0.9561312226717518,0.5367875812668456,7.254535621793845,2
18.0,25.0,True,0.565316930496874,0.3074021096283943,1.5,1.263669652271532,6.96567941902747,2
18.0,26.0,True,0.444809851382792,0.1930734740046951,0.7598753595797778,-0.377298948712351,4.380998198502924,3
18.0,27.0,True,0.4404093855544508,0.2447574135045175,1.067228271681946,1.0270005462635414,4.13336029337899,2
18.0,28.0,True,0.4748648326828427,0.3247645797786962,1.2199499413918815,0.8448533848144327,4.71122988555027,2
18.0,29.0,True,0.4013633027776725,0.1599460163247858,0.7632230166297163,0.6362615798399996,2.692841623478228,3
18.0,30.0,True,0.4346828572695718,0.2235615678995811,0.9778387828692404,0.8407238781214013,3.760254347291121,2
18.0,31.0,True,0.365079400224408,0.1869668859364706,0.6952157805873543,0.1328477360867176,1.7487939163187052,3
18.0,32.0,True,0.4978168251116272,0.2215327820561941,0.9903129128086118,0.718883656429722,5.927970400643465,2
18.0,33.0,True,0.3854782636090733,0.2009851564216703,0.7844054441695436,0.5826247001392405,2.179574173274363,3
18.0,34.0,True,0.2242182976527979,0.1482942374159254,0.4960930702699748,0.387078959210094,-2.472649895380361,1
18.0,35.0,True,0.2748347080248381,0.1718650520582868,0.7618760583082728,0.5500457389945463,-1.2425916050893715,3
18.0,36.0,True,0.2736448183825496,0.1275932523276717,0.5056955529048258,-0.1014182589396162,-1.121706616687264,1
18.0,37.0,True,0.2266135530646799,0.161782595357426,0.6537014477884472,0.7674154369114075,-2.9443219905114537,1
18.0,38.0,True,0.1268698922782514,0.1188264346547776,0.3933107816687838,0.547405348578576,-5.4885339827805035,1
18.0,39.0,True,0.1639634586351833,0.1426465318374262,0.4174471358504384,0.206326962125439,-4.405003465699979,1
18.0,40.0,True,0.1643201548782689,0.1087679937313982,0.4427981230687791,0.9156002006054856,-4.371450253612599,1
18.0,41.0,True,0.1078275156119608,0.0608550262865473,0.227275386035879,-0.1003734481214631,-6.212678405050331,1
18.0,42.0,True,0.1932486617180286,0.1948050765709762,0.8113885731949504,1.6255540172050933,-3.8192705479525904,3
18.0,43.0,True,0.2159666683210819,0.1865144675589552,0.6257325022281577,0.8909924121053794,-2.7528157294826245,3
18.0,44.0,True,0.102962171179753,0.0798652692866127,0.2572481316173032,0.3486548556197605,-6.525741513629283,1
18.0,45.0,True,0.1248614993772644,0.0640835166609023,0.269151370248646,0.1356416473265238,-5.694145208731044,1
18.0,46.0,True,0.1543771168089719,0.1117891516270377,0.3491145185417904,-0.0183861542134121,-4.975472685733544,1
18.0,47.0,True,0.0541306970244265,0.0505288882850759,0.150998496992977,0.7236991909483599,-7.886155632340154,1
18.0,48.0,True,0.1614401058557027,0.1264745462910755,0.4278537005715719,0.6366602011558976,-4.805036249224772,1
18.0,49.0,True,0.1143111822509793,0.0942639292365625,0.2951896486381554,0.4663757137101922,-6.09810645950671,1
18.0,50.0,True,0.1144946491284272,0.1088952084604014,0.330363819915167,0.367127934704289,-5.968167682809825,1
18.0,51.0,True,0.2172032779229782,0.1969564169605422,0.6087876423619082,0.5609338284780068,-2.9264336584602524,3
18.0,52.0,True,0.0594499800883995,0.0725018623969263,0.231388445696328,1.2580618873045666,-7.780683925999997,1
18.0,53.0,True,0.0771850947003296,0.1095239718186653,0.3348799831010438,1.086006236638672,-7.092986140686909,1
18.0,54.0,True,0.1925804735104841,0.1983604866729907,0.6998609025678129,1.4425524485609678,-3.4891400272245674,3
18.0,55.0,True,0.0700146136280371,0.0547242770371308,0.1729086138993835,0.025068019539593,-7.365660377531831,1
18.0,56.0,True,0.0926073303122946,0.0903591871313623,0.2540633221228692,0.4865562408570846,-6.58362883826296,1
18.0,57.0,True,0.1659380673890975,0.135091897819005,0.5810829555817976,1.1048451890898447,-4.859270660380698,1
18.0,58.0,True,0.094053020998418,0.0756264163987915,0.2889641678411095,0.9250760656033236,-6.7089751692300785,1
18.0,59.0,True,0.1405180451518401,0.1055330786233577,0.3461940534131985,0.2119533013206086,-5.155975566531524,1
18.0,60.0,True,0.096123959564756,0.0924959394485617,0.3660185894010423,0.9341361412629472,-6.700522164257009,1
18.0,61.0,True,0.1486014245842126,0.1143375605429022,0.3915084690151635,0.2390438970676206,-4.947952240295215,1
18.0,62.0,True,0.1237395938199239,0.0732315673961346,0.2860101326850748,0.2495668120166748,-5.676245234881058,1
18.0,63.0,True,0.1207899066335186,0.0908112647391648,0.3622520447242591,1.120559493367286,-5.779034736360304,1
18.0,64.0,True,0.1303625920320895,0.0926960892843802,0.3777447326593726,1.0209348580699489,-5.6285913167814465,1
18.0,65.0,True,0.1027481635227909,0.0875484573584561,0.32729922231541,0.4772304125588809,-6.601136907058497,1
18.0,66.0,True,0.1104395752259471,0.0962701964161842,0.271215205361199,0.2420955101282557,-6.168230939729796,1
18.0,67.0,True,0.1851305147527202,0.1455506685451622,0.5382447210999707,0.6769395457947075,-3.63958869342457,1
18.0,68.0,True,0.1369192950691885,0.1706543447634927,0.5438368121580582,1.0773851663264458,-5.373650145383876,1
18.0,69.0,True,0.1525892013669786,0.1143474352619691,0.4343102099251008,0.661648394461039,-4.834418742778925,1
18.0,70.0,True,0.2178927028141571,0.1135613558115213,0.6268270197138021,1.456646566282393,-3.147170626010443,1
18.0,71.0,True,0.1274699761960111,0.0939039855245019,0.3104073393444196,0.1957889984876024,-5.55631262138952,1
18.0,72.0,True,0.2286389068687129,0.131852939399982,0.5216138312003108,0.2417433526578543,-2.2859460865693215,1
18.0,73.0,True,0.2383203257669996,0.1632287155494487,0.6900075677191357,0.343536641096281,-2.2902422841349424,3
18.0,74.0,True,0.1693311083187237,0.1083625228133932,0.444706024603644,0.6339992591842185,-4.609423444470621,1
18.0,75.0,True,0.3780552226153302,0.119089492003748,0.5951301095378634,-0.5061367691974195,2.0647167284185657,3
18.0,76.0,True,0.3525659819807065,0.174595325999541,0.695588905217969,0.2634210739790706,1.3407473338502756,3
18.0,77.0,True,0.1688762389349239,0.1136826161267959,0.4292018520091117,0.4992076274379536,-4.4062276709773585,1
18.0,78.0,True,0.3262859948233432,0.1507029758510151,0.5883140984867471,-0.1677592732539223,0.311179530358054,3
18.0,79.0,True,0.2426042825746213,0.0995497585517909,0.4488483085481415,-0.2715811722380495,-1.977117496716512,1
18.0,80.0,True,0.4793559445790467,0.2896740464748313,1.091609068073782,0.5671496002253006,5.342694373558933,2
18.0,81.0,True,0.3760227786860412,0.2256959737897699,0.8025631911810717,0.0674147855321834,1.9442903213635827,3
18.0,82.0,True,0.3914022782582951,0.1986254987207808,0.8334081288925534,0.4385879866734222,2.172433981846633,3
18.0,83.0,True,0.3165662548578019,0.1826054856523454,0.7240268717883843,0.2555397205936189,0.0470002342706773,3
18.0,84.0,True,0.252791269694461,0.1882504592012429,0.6395094237395549,0.2428596554133382,-1.5788162811606508,3
18.0,85.0,True,0.3700151052575717,0.1849028363728785,0.7919837670236985,-0.0538784095328557,1.9415584559739332,3
18.0,86.0,True,0.5081752046923822,0.2047676715645328,1.0746715604556942,0.8627618172493493,6.371026227015508,2
18.0,87.0,True,0.3683651885473023,0.1601469595517381,0.6608471644953672,0.2540682975837633,1.984821495763192,3
18.0,88.0,False,,,,,,0
18.0,89.0,False,,,,,,0
18.0,90.0,False,,,,,,0
18.0,91.0,False,,,,,,0
18.0,92.0,False,,,,,,0
18.0,93.0,False,,,,,,0
18.0,94.0,False,,,,,,0
18.0,95.0,False,,,,,,0
18.0,96.0,False,,,,,,0
18.0,97.0,False,,,,,,0
18.0,98.0,False,,,,,,0
18.0,99.0,False,,,,,,0
18.0,100.0,False,,,,,,0
19.0,1.0,False,,,,,,0
19.0,2.0,False,,,,,,0
19.0,3.0,False,,,,,,0
19.0,4.0,False,,,,,,0
19.0,5.0,False,,,,,,0
19.0,6.0,False,,,,,,0
19.0,7.0,False,,,,,,0
19.0,8.0,False,,,,,,0
19.0,9.0,False,,,,,,0
19.0,10.0,False,,,,,,0
19.0,11.0,False,,,,,,0
19.0,12.0,False,,,,,,0
19.0,13.0,False,,,,,,0
19.0,14.0,True,0.2943107455201666,0.1742340771922723,0.6403627099103589,-0.0233467757388678,-0.1783852151381526,3
19.0,15.0,True,0.4177909547600764,0.2649653244119996,0.9260597995412972,0.0916864901858857,3.403055111972437,2
19.0,16.0,True,0.402576287562733,0.1893592210690438,0.8134738938560561,0.1174081574864648,3.130677485394141,3
19.0,17.0,True,0.3291287938367175,0.1432927506770795,0.5605204938392337,-0.3796542539984287,0.4663734632717868,3
19.0,18.0,True,0.2429972666713042,0.1104945026806211,0.4381271719474248,-0.0501341085725084,-2.1405375371696005,1
19.0,19.0,True,0.4893034355389365,0.2235113719844017,0.8623988287322053,-0.2400038587474527,5.653197760513569,2
19.0,20.0,True,0.4373994583942571,0.2463696904554555,0.98335178589252,0.5541312144978646,3.709658080289711,2
19.0,21.0,True,0.5358364025945681,0.1990434329961435,0.8870044154586306,0.0070525123200965,7.274318471299548,2
19.0,22.0,True,0.5296798698437981,0.1403788164517444,0.859624785232621,0.5294408265744479,6.95517952378952,3
19.0,23.0,True,0.6370000245042258,0.2772489644490923,1.3932340818286193,0.0857399659172959,9.551146407289725,2
19.0,24.0,True,0.3970797278708764,0.2109341543729696,0.7202598542661248,-0.2702683764152068,2.294606669763093,3
19.0,25.0,True,0.5011344179980396,0.2405257098340995,1.0489103184206463,0.5800517600430598,6.052183034050147,2
19.0,26.0,True,0.5888857182436807,0.242747599690764,1.044572722203652,-0.218177681071051,8.264694389500502,2
19.0,27.0,True,0.4330851971357374,0.2045559628679806,0.9195851937997186,0.7350927300494591,3.4774853353928217,3
19.0,28.0,True,0.4185421099247642,0.1807411015266242,0.6800807720336361,-0.4369971472901466,3.683340869273907,3
19.0,29.0,True,0.4288943817952067,0.1469533972255901,0.7575688830348813,0.020740478174229,3.909485770648145,3
19.0,30.0,True,0.3505823316735411,0.1650278219775824,0.7703941700170021,0.6483149438865693,1.3924194350928232,3
19.0,31.0,True,0.448530363999549,0.1592715470346909,0.7511161905104332,0.1844513536868925,4.305507980862865,3
19.0,32.0,True,0.3671957436067901,0.1908376006908144,0.7464128651851055,0.2372148217544989,1.8326687554544003,3
19.0,33.0,True,0.2956953994137989,0.1661990790843208,0.862692562330394,0.8550747785792702,-0.5922733702675359,3
19.0,34.0,True,0.3565990967446089,0.1499894993608458,0.6197387171166149,-0.2019120710442848,1.7130036156662962,3
19.0,35.0,True,0.1961619113685751,0.1477890993966591,0.4792037305914516,0.2796723599773194,-3.3905187040089766,1
19.0,36.0,True,0.2766732336654156,0.132992420207689,0.49850047103828,0.0146541575307065,-0.9781513554168536,1
19.0,37.0,True,0.2302580760285128,0.1358287693849756,0.543528641702756,0.5202075402459967,-2.410920251372068,1
19.0,38.0,True,0.1091252426594789,0.0974885463952701,0.3221433103137342,0.7336405608742611,-6.0955792730319605,1
19.0,39.0,True,0.1953851251743301,0.0905999806589015,0.4230724580316409,0.4793776284225732,-3.602511224370331,1
19.0,40.0,True,0.2013196143835984,0.1226877703831442,0.3843480750187986,0.0266178150680963,-3.232594429910364,1
19.0,41.0,True,0.0680542135574971,0.0872396304811117,0.3109237230008167,1.5760498713313782,-7.397796242780901,1
19.0,42.0,True,0.0495645384942326,0.0450816288445947,0.1351354139731072,0.3715385913364725,-8.000335568060127,1
19.0,43.0,True,0.1835636465049987,0.2147873387856734,1.1015458181179818,2.445481357180707,-4.593772812327238,3
19.0,44.0,True,0.0915938780505114,0.0875100273771045,0.3703277622369094,0.9968873305162004,-6.812628141903879,1
19.0,45.0,True,0.1491713310399095,0.0975415821587883,0.3762589113003511,0.813315502684952,-4.900191564165586,1
19.0,46.0,True,0.1483820803858304,0.18068222275968,0.5710974734288401,1.24739565736574,-4.807861775863281,1
19.0,47.0,True,0.0940877573870937,0.1035210861126641,0.3523964286220238,0.7889166018376021,-6.789479743289351,1
19.0,48.0,True,0.1307912401821538,0.0723981778560078,0.2663599763641605,0.1253106610186777,-5.612833856095831,1
19.0,49.0,True,0.1796285539360081,0.1489292287162878,0.5371177100021303,0.6953473106931191,-3.9877299428130617,1
19.0,50.0,True,0.1409753790609015,0.1109755680003251,0.3418544445128812,0.3248957450669678,-5.192410323621294,1
19.0,51.0,True,0.0226653856682605,0.0393153772101233,0.1378009632176758,2.0114521178974987,-8.86444665736004,1
19.0,52.0,True,0.1009434004569269,0.1074896043512132,0.3321746912596373,0.7493585327511114,-6.306852853266461,1
19.0,53.0,True,0.1034137109757826,0.0625100221123573,0.2429737718575217,0.4097082419529536,-6.453153426618067,1
19.0,54.0,True,0.1429139791826841,0.0802009560726386,0.3761005050804646,1.3952223053913306,-5.092199870290854,1
19.0,55.0,True,0.0293895920132224,0.0555127684003039,0.1765735611735666,1.606803393023731,-8.669955351056524,1
19.0,56.0,True,0.1772442832210654,0.1016275862332298,0.3550995453256191,-0.42876315149725,-4.196901055741239,1
19.0,57.0,True,0.1057025529859964,0.099359121748703,0.3093808501819748,0.4674324913192636,-6.2908451926927125,1
19.0,58.0,True,0.1305740308147251,0.0763800011408049,0.2697523969792373,-0.0579571468316501,-5.53234914035229,1
19.0,59.0,True,0.1155376139283605,0.074931030571715,0.2592542195687968,-0.1594649054232941,-5.897630576407041,1
19.0,60.0,True,0.1615874041174898,0.0848012906787874,0.3335953114841197,0.75444216790415,-4.618560869008142,1
19.0,61.0,True,0.1198034805792628,0.1183761738183915,0.3730030700300482,0.4798866566769166,-5.7922320178341025,1
19.0,62.0,True,0.0980411536215627,0.0956148657403905,0.3116406173185263,0.7488410598685248,-6.399845544664322,1
19.0,63.0,True,0.113138693746296,0.1169090233889124,0.4436793974783033,0.8261459812270364,-6.265583655418559,1
19.0,64.0,True,0.0826414380712215,0.1121425829859462,0.3976020722187856,1.511981773074368,-6.894249228874603,1
19.0,65.0,True,0.115348772982787,0.0886250447912079,0.306400430388102,0.4418274152665908,-6.10728782717839,1
19.0,66.0,True,0.0483789302114514,0.0719106218488616,0.2263421477302447,1.2942686637503225,-8.090254553664947,1
19.0,67.0,True,0.1720075624423457,0.1846542969893138,0.6991150475791967,1.322700408705127,-4.386381125551414,1
19.0,68.0,True,0.2132682975195909,0.1372904172587274,0.5167219420117273,0.5362326748873387,-3.0575427842035476,1
19.0,69.0,True,0.1206450549881004,0.1238260998354786,0.3781257246902849,0.8090192204272607,-6.0317096776751455,1
19.0,70.0,True,0.2144702430362674,0.1293483693253918,0.4615152982543059,0.1291532122976308,-2.865318204826272,1
19.0,71.0,True,0.186292813490451,0.0891401035628152,0.3518711552788907,-0.2026822410038249,-3.8222919062074543,1
19.0,72.0,True,0.1312534152042782,0.1106607669327083,0.3563784431607023,0.6331486649969166,-5.405260961470259,1
19.0,73.0,True,0.2169504735406585,0.2205934894732628,0.8160102752130775,1.3991336179613552,-2.748080620418538,3
19.0,74.0,True,0.2823902428650787,0.1424324819686375,0.5672402074822032,0.0796876355820294,-0.6742682771270729,1
19.0,75.0,True,0.3460551396483523,0.1099072766475962,0.5086289822131373,-0.17196869016102,1.1134053379534845,1
19.0,76.0,True,0.2344413022592037,0.1474543453349558,0.5910045093325625,0.8781617240379994,-2.433165000873009,1
19.0,77.0,True,0.3167114752026815,0.1976306575412951,0.7639531018352206,0.4538759928101809,0.4253303745882759,3
19.0,78.0,True,0.2645281101353949,0.0904415270511388,0.4102030898671327,-0.6267399547227929,-1.4636652386083602,1
19.0,79.0,True,0.2897729714844367,0.1248998868123856,0.5826031802719761,0.4887100582020649,-0.6837327385957619,1
19.0,80.0,True,0.4057190494647398,0.2227955377485107,0.9649295207195536,0.3994363402914987,3.0371677922808047,3
19.0,81.0,True,0.3629425461973501,0.2259959813580413,0.7667433015832629,0.1833589713889278,1.7520085032410926,3
19.0,82.0,True,0.3043965820102523,0.2171287414522055,0.8138819749376217,0.7719589341044752,0.1329746968667824,3
19.0,83.0,True,0.3969882629026624,0.3047237193295555,1.0854475924389018,0.7026559636156452,2.6308961261685297,2
19.0,84.0,True,0.2764365987926585,0.1714813247557415,0.6314815759345502,0.3300228792618743,-1.223909753790094,3
19.0,85.0,True,0.3494322061571502,0.1505679612946616,0.5977875369898369,-0.2764606627335686,1.3254426885110924,3
19.0,86.0,True,0.3621004080417284,0.1874381854884629,0.7235523700593247,0.1709949363612794,1.4208832225150754,3
19.0,87.0,True,0.5026339387784027,0.2530576687425009,0.9235102382037316,-0.371571805663262,5.944072418061709,2
19.0,88.0,True,0.3576940339215773,0.1635016011831229,0.620242287917943,-0.3177541643151648,1.7684626493703517,3
19.0,89.0,False,,,,,,0
19.0,90.0,False,,,,,,0
19.0,91.0,False,,,,,,0
19.0,92.0,False,,,,,,0
19.0,93.0,False,,,,,,0
19.0,94.0,False,,,,,,0
19.0,95.0,False,,,,,,0
19.0,96.0,False,,,,,,0
19.0,97.0,False,,,,,,0
19.0,98.0,False,,,,,,0
19.0,99.0,False,,,,,,0
19.0,100.0,False,,,,,,0
20.0,1.0,False,,,,,,0
20.0,2.0,False,,,,,,0
20.0,3.0,False,,,,,,0
20.0,4.0,False,,,,,,0
20.0,5.0,False,,,,,,0
20.0,6.0,False,,,,,,0
20.0,7.0,False,,,,,,0
20.0,8.0,False,,,,,,0
20.0,9.0,False,,,,,,0
20.0,10.0,False,,,,,,0
20.0,11.0,False,,,,,,0
20.0,12.0,False,,,,,,0
20.0,13.0,True,0.2444811429136656,0.1256103868628626,0.4928413543624737,0.3065922486266655,-2.1587191024163177,1
20.0,14.0,True,0.2542808522919737,0.1621233617844107,0.7056057600963878,1.1905362673557454,-1.7284986983622772,3
20.0,15.0,True,0.3424492886077078,0.1480364514661102,0.6687953227431321,0.4074808541777317,0.6939735326488761,3
20.0,16.0,True,0.2409563221219927,0.1201115641046034,0.6025857666976588,0.6071189110628731,-2.3699716522117864,1
20.0,17.0,True,0.3226533348451501,0.1663922735518707,0.6768735177970001,0.2458780583628331,0.3876367895123269,3
20.0,18.0,True,0.2423051313087147,0.1525822311586578,0.6675708318917913,1.1814106788480343,-1.8587229927810496,3
20.0,19.0,True,0.324314703976763,0.1982007611735199,0.8282774656509178,0.8312850500747825,0.5274365734129984,3
20.0,20.0,True,0.3772356110206756,0.2072952773537447,0.6940414218795503,-0.0853660730028721,2.2649227836390473,3
20.0,21.0,True,0.3731643311540824,0.2405363404680769,1.2249716766148302,1.5972749864371736,1.5923025971628555,2
20.0,22.0,True,0.3822266984756006,0.1673308585175973,0.9854399939617854,1.4057460145704623,1.8645976301502825,3
20.0,23.0,True,0.4068711307109128,0.2120114856807083,0.8278375614802145,-0.0163691228342344,3.3925828186821874,3
20.0,24.0,True,0.4089837568480422,0.2814077395189299,0.9047089264365614,0.209016395942913,3.5192393939089435,2
20.0,25.0,True,0.4501762429192433,0.1687135189152904,0.7405340351379207,-0.1261056629498436,4.189256728102239,3
20.0,26.0,True,0.5821617849584189,0.2392421629031093,0.9879886158841028,0.1352942591782839,8.520510125459976,2
20.0,27.0,True,0.3265342852900063,0.1706812528808037,0.7150330743105707,0.1107820013735066,0.8169104081698565,3
20.0,28.0,True,0.467645638624825,0.1634803018382291,0.8433182103573178,-0.2480969513460061,4.636070756109197,3
20.0,29.0,True,0.2858896369591856,0.1618551338825762,0.5569415176758624,0.0940081215229238,-0.8715349962827432,3
20.0,30.0,True,0.3650162829525776,0.1380183431993689,0.7479843949787639,0.1557498546647998,1.614841743831307,3
20.0,31.0,True,0.452198555827617,0.1949079059418454,0.9660774681575404,0.9742702518604482,4.434474721465804,3
20.0,32.0,True,0.4259402569586119,0.1850444439426757,0.7171525716768976,-0.4597611160214296,3.7032497006833296,3
20.0,33.0,True,0.2043731881824907,0.0978769842156014,0.364830932530359,0.1884094925278225,-3.2572723977540208,1
20.0,34.0,True,0.2387336804939668,0.1379678440228058,0.476851530131861,0.0324989315162646,-2.321246327061603,1
20.0,35.0,True,0.2591225244809331,0.1567010065104827,0.5287278869854679,-0.1994235421604581,-1.6558142119529258,1
20.0,36.0,True,0.2111535792381787,0.1713408882230047,0.764048560147583,1.0633352460589844,-3.322870788864444,3
20.0,37.0,True,0.2158692021423432,0.1399037054032099,0.5305789164954635,0.7036761845422992,-3.0372400822208308,1
20.0,38.0,True,0.127009509113999,0.0817470420067998,0.3800098717888917,0.4698137293933938,-5.798150928622313,1
20.0,39.0,True,0.2403257674557474,0.1578042508694537,0.6263335142562834,0.3388961782028309,-2.113045762908458,1
20.0,40.0,True,0.202550862915255,0.208190168391023,0.7261543711141392,1.3497965621791157,-3.106956493760501,3
20.0,41.0,True,0.1644035633038846,0.097907046336688,0.3184252270895156,-0.0347073577430436,-4.6392312219912055,1
20.0,42.0,True,0.1446052404137454,0.099185320071911,0.3075648791099707,0.0444050432467643,-5.039236606417183,1
20.0,43.0,True,0.1978783685493836,0.1262230737715592,0.4652092203805731,0.2464471262819976,-3.506496687738597,1
20.0,44.0,True,0.0729624756856041,0.0785460623847377,0.2172096166980496,0.5965230120489399,-7.332047252903512,1
20.0,45.0,True,0.1031647336291886,0.1035675817397501,0.3376737095548336,0.4956368148784823,-6.310929704298612,1
20.0,46.0,True,0.1874258207778808,0.121524079404703,0.382453946593647,-0.3011923805981273,-3.739703994066505,1
20.0,47.0,True,0.1313470874746141,0.1428881943842957,0.7761259402202176,2.7326294692980273,-5.8099719216219,1
20.0,48.0,True,0.066907694298762,0.0773852648026879,0.2393037977188184,1.170046903671165,-7.464326177032415,1
20.0,49.0,True,0.1117241340204079,0.0871286663853906,0.3331212619197425,0.6224632156139159,-6.154979780804334,1
20.0,50.0,True,0.1607246639809829,0.1616441564161142,0.6007493057090071,1.2378787536268172,-4.7091308144318855,1
20.0,51.0,True,0.0691386501297208,0.1167304220453889,0.3663268023831303,1.5167572263686353,-7.5058930912091375,1
20.0,52.0,True,0.07973768302389,0.0796861830833756,0.2786621201344103,0.8304557182980677,-7.062991831205977,1
20.0,53.0,True,0.1017756393484665,0.0979114846769971,0.3523481535256503,1.0091792703734948,-6.363546608809228,1
20.0,54.0,True,0.1681089949325439,0.1086824520658674,0.395710092664503,0.1050251494960332,-4.439805397461355,1
20.0,55.0,True,0.1926589867635816,0.1080711004394078,0.4220963657700067,0.1884538332855032,-3.637545651380619,1
20.0,56.0,True,0.1423805265045039,0.183120090522094,0.6849034373066745,1.798214363537369,-5.062070436306838,1
20.0,57.0,True,0.1459307187239432,0.1417208226253392,0.4946281661657706,1.2194693878272385,-5.154705964563812,1
20.0,58.0,True,0.1190375923750097,0.1591358756667666,0.5790480624667176,1.6456729060254254,-5.9732359076442005,1
20.0,59.0,True,0.1126699771878617,0.0960416922983471,0.3264191298696739,0.2665753439692076,-6.138521894728408,1
20.0,60.0,True,0.1001541395114718,0.0998000042342677,0.3738792008644779,0.8893890271437161,-6.5764278607956275,1
20.0,61.0,True,0.1082415512935801,0.0796258532393908,0.2651743255937242,0.3187238606877292,-6.256321126770944,1
20.0,62.0,True,0.1410691636170037,0.1444704644611034,0.4964219857783392,0.9239475952867,-5.115547493699562,1
20.0,63.0,True,0.1511020940721991,0.1034336620665041,0.387782235381562,0.2605271482026556,-4.964563504032423,1
20.0,64.0,True,0.2100772248262553,0.1922820636079608,0.5904407709102489,0.498606184541948,-2.996549615036312,3
20.0,65.0,True,0.1150199992348695,0.1643863571917979,0.5828583284163793,1.663752405583595,-5.988275786068217,1
20.0,66.0,True,0.0965903516428157,0.0905705909581387,0.353833070033749,1.421494387791957,-6.586755962843823,1
20.0,67.0,True,0.1247963247719,0.0735889315130377,0.2752705765067699,0.1846549724966079,-5.710321765987134,1
20.0,68.0,True,0.197141852586779,0.1398953158402698,0.4289343348478231,0.1965323674469197,-3.7100285737639775,1
20.0,69.0,True,0.152691413874718,0.0837141731341992,0.3473819392830019,0.7565694817061981,-4.906060179578061,1
20.0,70.0,True,0.2402363659947515,0.1357530344198668,0.5764706931221691,0.5352721521014175,-2.0752760997259503,1
20.0,71.0,True,0.140393663991001,0.1356940691493583,0.4191557459287654,0.6067094352009812,-5.173081135530606,1
20.0,72.0,True,0.2341724547524274,0.1039002204999557,0.4258619689288363,-0.3135906218400404,-2.2898473903310537,1
20.0,73.0,True,0.1252087519091851,0.0814817870478084,0.2668174524926733,0.1187897732224685,-5.696369074909507,1
20.0,74.0,True,0.2704467390353037,0.1641683260189626,0.59850595425379,-0.061755998677936,-1.0738460605154865,3
20.0,75.0,True,0.1846089520958329,0.0984035431022491,0.3748290846597769,-0.2632428393577775,-3.853371721505424,1
20.0,76.0,True,0.2273368045402692,0.1226511249761137,0.5381674224097924,0.6433660073910298,-2.453276339210702,1
20.0,77.0,True,0.2298760753780765,0.1285903223445274,0.5171680419283169,0.6174806122402775,-2.49940765906084,1
20.0,78.0,True,0.3150480977926373,0.1925714488864064,0.6451589515523183,0.2133938317614156,-0.2691288391904157,3
20.0,79.0,True,0.3527610323979414,0.1363589563146296,0.5501104479446993,-0.493873133168953,1.6143559344954783,3
20.0,80.0,True,0.3878618066534339,0.183712606569626,0.7509090939333162,0.2714957768198862,2.656884553776008,3
20.0,81.0,True,0.353562457359419,0.1941558330612517,0.7890633287319542,0.4828470324600371,1.4268249045062011,3
20.0,82.0,True,0.3859899690649662,0.1489254238500295,0.6559675900672132,-0.5313334019075381,2.4708570809128885,3
20.0,83.0,True,0.2462586954116956,0.1527117019931188,0.642586012164736,-0.0415575594334791,-2.278245821078633,1
20.0,84.0,True,0.235086391083563,0.1619768162470653,0.5647061259931015,0.2415736350749196,-2.4582490359559612,1
20.0,85.0,True,0.2430930069734183,0.1662711220073145,0.6605120025595577,0.9038629670472604,-2.190219111088085,3
20.0,86.0,True,0.3489899755088235,0.1668532028394623,0.6182258876350525,-0.0773195181528939,1.492745226936831,3
20.0,87.0,True,0.4111485516366137,0.2580954458101058,1.0972894316130708,1.3902423735376863,3.4792751523076206,2
20.0,88.0,True,0.6450536217210218,0.2161249246304534,1.152243741979856,0.0373802204492796,9.930491652166316,2
20.0,89.0,True,0.1967636481028525,0.1696347553325528,0.6786058416303699,1.33509929803607,-3.4996958766736337,1
20.0,90.0,False,,,,,,0
20.0,91.0,False,,,,,,0
20.0,92.0,False,,,,,,0
20.0,93.0,False,,,,,,0
20.0,94.0,False,,,,,,0
20.0,95.0,False,,,,,,0
20.0,96.0,False,,,,,,0
20.0,97.0,False,,,,,,0
20.0,98.0,False,,,,,,0
20.0,99.0,False,,,,,,0
20.0,100.0,False,,,,,,0
21.0,1.0,False,,,,,,0
21.0,2.0,False,,,,,,0
21.0,3.0,False,,,,,,0
21.0,4.0,False,,,,,,0
21.0,5.0,False,,,,,,0
21.0,6.0,False,,,,,,0
21.0,7.0,False,,,,,,0
21.0,8.0,False,,,,,,0
21.0,9.0,False,,,,,,0
21.0,10.0,False,,,,,,0
21.0,11.0,False,,,,,,0
21.0,12.0,True,0.1099765704050017,0.0628761108309701,0.2271202564102922,-0.0057641675352955,-6.156586763974801,1
21.0,13.0,True,0.2734032308646169,0.1292725239374708,0.5661993121535887,0.295799014320904,-1.3929880130845704,1
21.0,14.0,True,0.3781064074598117,0.1736150678037893,0.7063126620919016,-0.4094617027269914,1.6854401025413035,3
21.0,15.0,True,0.4007500729540694,0.1811709589789046,0.8908074186081849,0.8808409668192759,2.791548675209058,3
21.0,16.0,True,0.2825131280883759,0.1501597328567177,0.5182824474254468,0.0209540764053573,-0.7097183451157306,1
21.0,17.0,True,0.3118496397336769,0.1185566035161262,0.5580854127023803,0.334659620039424,-0.0047902722201875,1
21.0,18.0,True,0.2681321939734469,0.125104719870232,0.5426544010158916,0.3495592677624576,-1.5218079919646967,1
21.0,19.0,True,0.3749626024530025,0.1864739056168922,0.7537325995181102,0.3376481131622905,1.7854789143102452,3
21.0,20.0,True,0.3787474019789287,0.2456789793608265,0.7746633773014124,0.09444372901554,2.1018326001290673,3
21.0,21.0,True,0.4494076766751068,0.2342762224946231,1.0264951248873135,0.2493153437797276,3.745689241439414,2
21.0,22.0,True,0.3343018052788917,0.2540430982852644,0.9123975215405018,0.941984013526474,0.9141392659592554,3
21.0,23.0,True,0.2926029847014104,0.1677163137873988,0.6818473148734816,0.5207514188420278,-0.3668642570967074,3
21.0,24.0,True,0.4789436673717848,0.2695497733027923,0.9628155109842156,0.1867102922654143,5.209433034348976,2
21.0,25.0,True,0.3678925912891986,0.1775646217229338,0.6440091281544277,-0.0345775767339722,1.9381340390092336,3
21.0,26.0,True,0.2907553771489354,0.1539998434666503,0.584261428099275,-0.2262926787456195,-0.3333034240669369,3
21.0,27.0,True,0.417362682534356,0.2105714819281236,0.8070477730514413,0.1349731922144397,3.4184012457572415,3
21.0,28.0,True,0.3920020197433529,0.1790984324370693,0.809382391860086,0.6893520790611918,2.505759442445269,3
21.0,29.0,True,0.2795242638754981,0.1529941854961837,0.5073919116112694,-0.4026163868729733,-0.8806296332118506,1
21.0,30.0,True,0.3478260891116191,0.1716267257694864,0.7475014762569204,0.5117842446057924,1.094526785791322,3
21.0,31.0,True,0.1752611682028304,0.1673236854969392,0.5859254133618801,0.8669148759880784,-4.35230834829967,1
21.0,32.0,True,0.2049084025179012,0.110274987613992,0.4503682983036547,0.3677970124822659,-3.223018647111732,1
21.0,33.0,True,0.266761044546836,0.1362561743711973,0.4898362399055915,-0.3204066233430452,-1.5527633573298476,1
21.0,34.0,True,0.2742740108191874,0.1710666725950994,0.7559835629128234,0.1711971398160637,-1.2796503199368523,3
21.0,35.0,True,0.2347432980011263,0.2223518731916819,0.7230269693470459,0.7773889344858658,-2.105456662335127,3
21.0,36.0,True,0.2317865083782964,0.1574975236134567,0.601661649244058,0.5671602224300334,-2.39960955372604,1
21.0,37.0,True,0.1737926379820833,0.1233664311172988,0.4910530265406548,1.0475668917711314,-4.18693290252882,1
21.0,38.0,True,0.1096471249062416,0.0927479444847363,0.3270887147745513,0.5593829854157317,-6.1637312093579375,1
21.0,39.0,True,0.1549731180763692,0.1475744474611696,0.508282174825059,0.96119061177943,-4.785897470160454,1
21.0,40.0,True,0.1503856214025062,0.1484554538480569,0.5119309088000383,0.8503752410003216,-4.80008719007029,1
21.0,41.0,True,0.1574959589100693,0.1267561638480724,0.3670683633638303,0.1479595961320362,-4.501486855894791,1
21.0,42.0,True,0.1114711298561748,0.0983769643030296,0.3272719985497795,0.5430742417784895,-6.211809177718827,1
21.0,43.0,True,0.1086923353724476,0.0719122209540647,0.3012880037058612,0.7013196978245037,-6.228531284729812,1
21.0,44.0,True,0.1776258711013223,0.1199781241902251,0.4065156766513673,0.4261980161393238,-4.01736861885652,1
21.0,45.0,True,0.1829679011258274,0.1360016777607789,0.4805184699150042,0.2753378743631908,-4.005374264110766,1
21.0,46.0,True,0.1160285252419967,0.0960633057701738,0.2689833468711553,0.2491186334348728,-5.884982792350383,1
21.0,47.0,True,0.1630080513698731,0.0946296026637774,0.3345374455482718,0.2386366459195586,-4.589455485655675,1
21.0,48.0,True,0.1169743365168147,0.1137241247896618,0.3814384393116328,0.8149240203585785,-5.903953595926454,1
21.0,49.0,True,0.057409780072006,0.0639623646408797,0.2490119529271981,1.04643900328619,-7.878598266718985,1
21.0,50.0,True,0.1019204523662793,0.1099965177627034,0.3587794087280015,0.8322564830660688,-6.515822512904403,1
21.0,51.0,True,0.0675632976486563,0.0632720688591475,0.2067693081068822,0.567109775278568,-7.419958511352904,1
21.0,52.0,True,0.1146734394748254,0.1014388053067197,0.3017092134033368,0.3536086628905621,-6.043238198698939,1
21.0,53.0,True,0.1447630414980305,0.1169648035947568,0.4530056235795651,0.988769368841342,-5.201860759770934,1
21.0,54.0,True,0.0873382081695388,0.0972991448184921,0.3167903137351435,1.034984531127736,-6.779597695156317,1
21.0,55.0,True,0.0764313659483417,0.0816838575042134,0.255170900982672,0.6803798015104776,-7.1448137338584665,1
21.0,56.0,True,0.061612424661445,0.0544474153425239,0.1780721139018486,0.4567498269471727,-7.71330977270641,1
21.0,57.0,True,0.077363243076651,0.1239257222684352,0.4010500944208574,1.4204262320788024,-7.223659340721901,1
21.0,58.0,True,0.0901355428854101,0.1421646888939561,0.5105899172988284,1.795087905693849,-6.765234936447978,1
21.0,59.0,True,0.1122911636677503,0.0947214501296675,0.3136000242947966,0.4762849650360602,-6.179568784221139,1
21.0,60.0,True,0.0683137293313487,0.0719635686178157,0.2438046164511215,0.8581815529257876,-7.455137347364639,1
21.0,61.0,True,0.1131288806814328,0.1252993578464606,0.4703266355369491,1.5553041511632506,-6.08877471852887,1
21.0,62.0,True,0.1301920892657892,0.1213117608327108,0.4146939010429523,0.6795392098713106,-5.56837388026689,1
21.0,63.0,True,0.0663357028399905,0.0752190332123119,0.2629315841425297,1.2030813306849857,-7.4514373811616545,1
21.0,64.0,True,0.0935851867979372,0.1088460820542498,0.3851536840347164,0.8033552428667605,-6.795888521467774,1
21.0,65.0,True,0.0568331217623055,0.0947572476258712,0.3685026267975291,1.638986717398346,-7.950138923269942,1
21.0,66.0,True,0.1485702556309269,0.1728214388261698,0.6112227827202489,1.2941113957946964,-4.9424102019036855,1
21.0,67.0,True,0.1257506504164303,0.0915950174387148,0.2977481736163923,0.2909111117149527,-5.822230384908995,1
21.0,68.0,True,0.1548260404232944,0.1238579308352038,0.3662574880493413,0.1270524956422638,-4.721264270665358,1
21.0,69.0,True,0.1041575485189466,0.0547647485349462,0.2293306796438607,0.6273696085094456,-6.367293249929974,1
21.0,70.0,True,0.1520112749673595,0.1527418990456082,0.5594165522162827,0.8425653959280482,-5.241326207397655,1
21.0,71.0,True,0.1176216172749575,0.1371445902280493,0.4465381120775175,1.1147364632777053,-5.8263718976619625,1
21.0,72.0,True,0.1983022331676231,0.1913328782259684,0.6456436616420849,0.7704867529362925,-3.327867478981996,3
21.0,73.0,True,0.1458767306842999,0.0966723460551116,0.3404868904102878,0.1359329322284008,-5.033675221696157,1
21.0,74.0,True,0.1158138261718098,0.0881537008170056,0.3845066062450226,0.6284729052858222,-6.125737106612724,1
21.0,75.0,True,0.1821150419389321,0.1508465574024852,0.633311796800903,1.6014074369204507,-3.920245301033738,1
21.0,76.0,True,0.233757180183215,0.141929701548517,0.6245581811494719,0.9425407017775838,-2.4297231023938233,1
21.0,77.0,True,0.1600621361035682,0.1108650780570372,0.3764990795724511,0.2565201941358786,-4.517624487404323,1
21.0,78.0,True,0.2514765605570329,0.1595167176069813,0.884235101617208,1.43672589590708,-2.16531118832628,3
21.0,79.0,True,0.2054975745960942,0.1007879423382237,0.4622889786844013,0.6945189105199788,-3.2935505369776443,1
21.0,80.0,True,0.3076495005939533,0.2170628582634659,0.8761539445651702,0.988120480750582,-0.2691094411743965,3
21.0,81.0,True,0.2025699524675884,0.0812451661739707,0.3465780512074616,-0.3422211820041657,-3.173979970745417,1
21.0,82.0,True,0.1921072298579447,0.111338885035691,0.4058326400396255,0.3740957729340982,-3.6546563792402775,1
21.0,83.0,True,0.2858555028044109,0.1642977818417723,0.8584776594033637,1.502069662541907,-1.038889364841379,3
21.0,84.0,True,0.3320023945988922,0.2664737394527898,0.9364804574385478,0.9967203899226504,1.0660461329934028,3
21.0,85.0,True,0.2341084174201573,0.1359135992359978,0.5675227833093023,0.5470089261034367,-2.2586469077671456,1
21.0,86.0,True,0.2036582755163787,0.1604074197109163,0.6187581447301829,0.7464402060000682,-3.424743545245129,1
21.0,87.0,True,0.360394192684017,0.1407939202142511,0.5647777916987334,-0.8028437752007787,1.579572622430414,3
21.0,88.0,True,0.4109389116375155,0.1636053175888114,0.7613097011803851,0.3399450994988208,3.0165386146675774,3
21.0,89.0,True,0.5323086669679066,0.2526903975037593,1.0883470283830932,-0.0264143677688329,6.365588752068669,2
21.0,90.0,True,0.1257355465762946,0.1131250369433623,0.6163681497389393,2.387802869214938,-5.880633263141744,1
21.0,91.0,False,,,,,,0
21.0,92.0,False,,,,,,0
21.0,93.0,False,,,,,,0
21.0,94.0,False,,,,,,0
21.0,95.0,False,,,,,,0
21.0,96.0,False,,,,,,0
21.0,97.0,False,,,,,,0
21.0,98.0,False,,,,,,0
21.0,99.0,False,,,,,,0
21.0,100.0,False,,,,,,0
22.0,1.0,False,,,,,,0
22.0,2.0,False,,,,,,0
22.0,3.0,False,,,,,,0
22.0,4.0,False,,,,,,0
22.0,5.0,False,,,,,,0
22.0,6.0,False,,,,,,0
22.0,7.0,False,,,,,,0
22.0,8.0,False,,,,,,0
22.0,9.0,False,,,,,,0
22.0,10.0,False,,,,,,0
22.0,11.0,True,0.0391836249994508,0.0734409082812526,0.253478803022767,1.9905407322047015,-8.300284300656271,1
22.0,12.0,True,0.3709027582988065,0.1379113239940364,0.7112710518127062,0.253522930174629,2.0901688841532233,3
22.0,13.0,True,0.3822526600673592,0.1650530461327768,0.7123174530263621,-0.2639778132108142,2.1513544363255943,3
22.0,14.0,True,0.4064564265642966,0.2013115978394078,0.8147454014268142,0.0546461461954261,3.1977201743473485,3
22.0,15.0,True,0.2977900193163055,0.2028201608192619,0.6507721770165309,0.0928360892346363,-0.1903911438201715,3
22.0,16.0,True,0.4114222758494966,0.2659916748202408,0.935137133400444,0.334801441339911,3.1988951357207474,2
22.0,17.0,True,0.3188598204673767,0.2242351927127156,0.9104777904892248,0.9869546530613736,0.3999549867331527,3
22.0,18.0,True,0.3173193600973062,0.0734797393029471,0.4707074751247906,0.218772674973587,0.2293533683383626,1
22.0,19.0,True,0.4124661691725675,0.1820802158214717,0.8218330016500113,0.6133243091381323,3.207566832376722,3
22.0,20.0,True,0.4958234188794632,0.2240408017474718,1.0413368743337508,0.7666276407131604,5.715617143563955,2
22.0,21.0,True,0.2947260021019769,0.1337123415918177,0.6081243330819717,0.5080618623556092,-0.39628000520132,3
22.0,22.0,True,0.4374749803770776,0.184514272697454,0.7849441570551784,-0.3144108892501082,4.211932428627189,3
22.0,23.0,True,0.4539710005416736,0.209019370453265,0.8130586240123194,-0.3416373875949277,4.280268661708763,3
22.0,24.0,True,0.4333979173538761,0.2477465308528942,0.9948073101121612,0.0489942161874086,3.530777934217043,2
22.0,25.0,True,0.4835650511543361,0.1890779020428712,0.8705880259100516,0.0985003852660882,5.531157464116721,2
22.0,26.0,True,0.255260217921533,0.1835111809556321,0.7112732891068814,0.9989011830945772,-1.7253011327305643,3
22.0,27.0,True,0.337114398912791,0.1742387502189106,0.7618152789616117,0.4122535260580761,0.9448325695186276,3
22.0,28.0,True,0.4323809323887744,0.1922020745486827,0.919515522260092,0.6141085939580929,3.964662192628587,3
22.0,29.0,True,0.3821209579118013,0.1959424107842861,0.7654575286805521,0.2121612079759277,2.3209419129660684,3
22.0,30.0,True,0.1791503486555244,0.0768056215079752,0.3464139145114824,0.2909458920573026,-4.105040830810855,1
22.0,31.0,True,0.2690403511414393,0.2334398952939944,0.9887458596446994,1.171404273296079,-1.4520487976868186,3
22.0,32.0,True,0.1530887289776138,0.1272072741218853,0.438681732506149,0.4799458618399789,-4.718362876799558,1
22.0,33.0,True,0.3144124627728595,0.1414566476393152,0.4917011233194415,-0.6837404593056751,0.3124736761055228,3
22.0,34.0,True,0.1769065025582334,0.1148058347260339,0.5995425130939709,1.334978284278118,-4.250996135974125,1
22.0,35.0,True,0.1505024175311293,0.1191790878574716,0.3962135289466206,0.5531545784548437,-4.85369277626912,1
22.0,36.0,True,0.1552599245398362,0.1147827819096701,0.4167070682554764,0.2771480851222233,-5.090724894856894,1
22.0,37.0,True,0.186231531368935,0.1050580771833733,0.3980031522697021,0.0559584574230863,-3.7329342640651673,1
22.0,38.0,True,0.1123282927583677,0.0701144852855623,0.2876208595928818,0.5441565087618548,-5.992288693892935,1
22.0,39.0,True,0.0946396607113546,0.0915103777781814,0.2568307270449815,0.3426373229049019,-6.514029140444158,1
22.0,40.0,True,0.1754236963130074,0.1207011922526675,0.4293442078221107,0.7444175950723613,-4.1573290155665426,1
22.0,41.0,True,0.1071302177300311,0.1036285517256141,0.2830969619768575,0.2447013446493051,-6.209528455269803,1
22.0,42.0,True,0.1121835276996303,0.0894484157801295,0.2974187603109815,0.3377503755896474,-5.987648207893857,1
22.0,43.0,True,0.1561956122660861,0.1423139187994093,0.469905502680476,0.5944932173806217,-4.783311590044856,1
22.0,44.0,True,0.1628585589618739,0.1109247621200477,0.3688699862975123,0.2606360439585823,-4.418468541370062,1
22.0,45.0,True,0.0527731102330012,0.0793543702820673,0.3755484284691222,2.1160364151656483,-8.11339199156165,1
22.0,46.0,True,0.1166432472053952,0.1169630217911227,0.4978121769101727,1.2669029185441376,-6.177239570553244,1
22.0,47.0,True,0.1333420471163513,0.1165893391165498,0.4092191507933531,0.8040638014017493,-5.395505781233032,1
22.0,48.0,True,0.0978631049762005,0.1061585716850372,0.356121443680175,0.8638946463103058,-6.4578006707211495,1
22.0,49.0,True,0.1861632300800855,0.1561008811572837,0.5914227335431439,1.2293364994454905,-3.708463377703974,1
22.0,50.0,True,0.1257270567307787,0.1087986731114262,0.4423200507269073,1.4805567628917111,-5.682632104220245,1
22.0,51.0,True,0.1598988234039776,0.1490883341503726,0.5615454898590274,1.3254797755250078,-4.484494722641763,1
22.0,52.0,True,0.1168235069426134,0.1060165305870558,0.3285765865094851,0.4982676171533807,-5.949663757225215,1
22.0,53.0,True,0.0987582810796067,0.0887181392121844,0.2641123352744404,0.4949348907158731,-6.4605776043581535,1
22.0,54.0,True,0.0721918180226653,0.0567241323678316,0.1918874914798257,0.2814096969021526,-7.346154150624731,1
22.0,55.0,True,0.0970821759848818,0.1023176007842671,0.3100215441377286,0.7111540316464579,-6.544692308975595,1
22.0,56.0,True,0.1021024815306889,0.0868278407506534,0.260481261646544,0.3534462958349988,-6.353269542996896,1
22.0,57.0,True,0.163772078762459,0.1555650014751439,0.5590084605849949,1.0017363558238304,-4.602416996193131,1
22.0,58.0,True,0.1048836195636759,0.0683090857741709,0.2145484465322579,-0.2446077384315837,-6.329571050836602,1
22.0,59.0,True,0.197274287659968,0.1392436466375385,0.6166022522604537,0.7339888875476211,-3.8306256150275138,1
22.0,60.0,True,0.1779300122696296,0.1371447934192071,0.5017879348252401,0.4646567836167679,-3.925688077323115,1
22.0,61.0,True,0.2555720956710097,0.2345011628959972,0.7775776109165695,0.663312317408409,-1.448954689558846,3
22.0,62.0,True,0.1383108575665827,0.1697075648695527,0.8800958197992044,2.6817777990769724,-5.726514544212326,1
22.0,63.0,True,0.1563992718801032,0.1271484340992686,0.4023312294350561,0.4478560839046565,-4.657770829431604,1
22.0,64.0,True,0.1024567481975101,0.0902337652139515,0.331090464400335,0.5323105740064218,-6.458708519653833,1
22.0,65.0,True,0.1489617483823609,0.1976582208983619,0.6848470570389413,1.636221682321528,-4.925821697518192,1
22.0,66.0,True,0.0674959854568253,0.0499515558594486,0.1441062798511448,-0.1768712226332025,-7.47123178553354,1
22.0,67.0,True,0.1288493605018199,0.1457720802585385,0.7302529304878737,2.305137750616578,-5.818847231299888,1
22.0,68.0,True,0.1379652134881164,0.0744031948033749,0.3004768994867863,0.283024033292605,-5.22581916444896,1
22.0,69.0,True,0.1041294074219542,0.0788979837924943,0.257517926253491,0.5325755057599146,-6.3610522296320955,1
22.0,70.0,True,0.1418697810202654,0.0848148181657891,0.3245365516119382,0.2591593582434615,-5.133206743497151,1
22.0,71.0,True,0.1802045960373019,0.0880754852918883,0.324737721515433,-0.1365947629882893,-3.9315869379216353,1
22.0,72.0,True,0.1062157331081504,0.0820409837684916,0.2494640900599665,0.0998537404011772,-6.324646737979924,1
22.0,73.0,True,0.1338439764929421,0.128332732340158,0.5959612059926827,1.688354685954167,-5.752962892846779,1
22.0,74.0,True,0.1736523641781167,0.1096521533853842,0.3730075364771322,-0.2512287764492844,-4.438678781285221,1
22.0,75.0,True,0.1943976934893959,0.1365479220186297,0.4833398032223148,0.1127202106278524,-3.603541543754224,1
22.0,76.0,True,0.1823203245284917,0.1083507375670934,0.4046135660035925,0.1708613740095694,-3.785411998568435,1
22.0,77.0,True,0.1926910510229242,0.1339087351105712,0.5056958996608758,0.8712677067120664,-3.6016605694693107,1
22.0,78.0,True,0.1216222168613009,0.0706157248643012,0.2503223333794494,-0.2594078486864872,-5.788718046333795,1
22.0,79.0,True,0.1191226151410844,0.1398326689382295,0.5759093064120235,1.395859556302476,-6.231158872564461,1
22.0,80.0,True,0.1531024815523209,0.1168247191955616,0.3980035445441369,0.5182982814239238,-4.885180945228784,1
22.0,81.0,True,0.1788142651216284,0.1138756307184186,0.4586297267045433,0.6471593208254074,-3.9796488655802977,1
22.0,82.0,True,0.261040183239621,0.2028070056445206,0.6784855253188581,0.7829965033330527,-1.845363289077271,3
22.0,83.0,True,0.1808697123268358,0.0987179248116763,0.4390796423345652,0.4809852607630288,-4.2374083102617774,1
22.0,84.0,True,0.1188143558670553,0.0886863399462925,0.2877420693450646,0.0033998828425604,-5.887031734685776,1
22.0,85.0,True,0.2462361827234556,0.1746747239551164,0.5568815807026155,0.1956055634843266,-1.8382897774798743,3
22.0,86.0,True,0.2529384691651541,0.1636852404986793,0.6731793787341493,0.6260570588680753,-1.675778700345557,3
22.0,87.0,True,0.3292711919678602,0.1636733006587314,0.7332818905209548,0.5822916520867897,0.5269246980947705,3
22.0,88.0,True,0.3271552371648895,0.1355095582488513,0.5690877787487715,-0.0378013534344847,0.5359966872707187,3
22.0,89.0,True,0.589934700245185,0.2525285974972006,1.4518954291299475,0.4859313699071552,8.142715579457974,2
22.0,90.0,True,0.5319004364828659,0.3127743822845953,1.262690942192162,0.3674651615169639,6.593512265730851,2
22.0,91.0,True,0.0388161585343449,0.0652646913907216,0.2163964815541048,1.5750151429591266,-8.392483847362472,1
22.0,92.0,False,,,,,,0
22.0,93.0,False,,,,,,0
22.0,94.0,False,,,,,,0
22.0,95.0,False,,,,,,0
22.0,96.0,False,,,,,,0
22.0,97.0,False,,,,,,0
22.0,98.0,False,,,,,,0
22.0,99.0,False,,,,,,0
22.0,100.0,False,,,,,,0
23.0,1.0,False,,,,,,0
23.0,2.0,False,,,,,,0
23.0,3.0,False,,,,,,0
23.0,4.0,False,,,,,,0
23.0,5.0,False,,,,,,0
23.0,6.0,False,,,,,,0
23.0,7.0,False,,,,,,0
23.0,8.0,False,,,,,,0
23.0,9.0,False,,,,,,0
23.0,10.0,True,0.0091874003207968,0.0170102078668065,0.0578848757643075,1.85260298596818,-9.284071524548215,1
23.0,11.0,True,0.2777878123076358,0.2053614607560072,0.6545310995598139,0.3416064121538539,-1.0004324410209893,3
23.0,12.0,True,0.2559585460946574,0.1951284219096989,0.6297009639726232,0.2900100728266928,-1.4771759504982211,3
23.0,13.0,True,0.3392383556918406,0.1598149959956152,0.6643085615165749,-0.0236908017222293,1.0416037148583748,3
23.0,14.0,True,0.2602951520844137,0.1482032176569553,0.5854259519595891,0.2886207837356705,-1.3523968983962045,1
23.0,15.0,True,0.4334929475838862,0.22509474377137,0.8245857405511305,-0.1277190351712172,3.636358434423168,3
23.0,16.0,True,0.3977573040917407,0.1843709177378642,0.6925665278075841,-0.5242601747955057,2.7874087737778814,3
23.0,17.0,True,0.3734865435924743,0.2262152003333404,0.8878005610929426,0.5406554721552442,2.2519233469970583,3
23.0,18.0,True,0.4436641568865789,0.2523233059278181,1.034869424594809,0.5132438763783803,3.744234651451648,2
23.0,19.0,True,0.2892152325131525,0.0790099344041491,0.4932841582634334,0.2277698501340223,-0.6557049970450153,1
23.0,20.0,True,0.3704887873591585,0.1673958478430162,0.7694793110871635,0.5807824064258204,1.8621192866205745,3
23.0,21.0,True,0.4319062686015219,0.2448941468047122,1.0676488757001945,0.9670597122644112,3.973099827653999,2
23.0,22.0,True,0.4619918463654953,0.2008766043419769,0.9393429231624042,0.2343125631978458,4.795963868104035,2
23.0,23.0,True,0.3595433140192051,0.1068386886214952,0.5319747284666564,-0.8219551785041781,1.483230677029353,3
23.0,24.0,True,0.3575244642507265,0.1608107572872586,0.7790126187540041,0.707845942333013,1.7544268945907948,3
23.0,25.0,True,0.4737925092202333,0.2336786809054186,0.8288426373315732,-0.6089244713751257,5.084598590912273,2
23.0,26.0,True,0.3421120590846842,0.1731083747942532,0.7719540665178899,1.0002140335821292,0.8337286412891826,3
23.0,27.0,True,0.2720484656173449,0.2014681760842352,0.6911599959077365,0.6874232082492321,-0.941362144703598,3
23.0,28.0,True,0.3577967964839353,0.2096682662682423,0.791051087900079,0.4962704791830825,1.2863516186219213,3
23.0,29.0,True,0.207802638158455,0.1369537669307159,0.4893767722512702,0.5729530618451923,-3.3089347064735692,1
23.0,30.0,True,0.2237591452184369,0.1495653337525962,0.4771699971961529,0.1223530374505017,-2.7586798549140683,1
23.0,31.0,True,0.1872651130445649,0.1046617630772303,0.3547901973037095,0.0136131839606958,-3.816228473099343,1
23.0,32.0,True,0.2579001381195369,0.1597264375895631,0.5586099832852868,0.3275719723145302,-1.5836286689168355,1
23.0,33.0,True,0.2468420989315196,0.1352572488062255,0.4855742184217361,-0.3084323426306125,-1.855041559620664,1
23.0,34.0,True,0.2009359935616881,0.2438213895666746,0.8659395637765844,1.4384855749552696,-3.118863203045284,3
23.0,35.0,True,0.3506338778009679,0.1700124856812987,0.6395054943400275,-0.1074721802643489,1.3047997737724104,3
23.0,36.0,True,0.1724181392772985,0.1056781610267211,0.354254646674332,-0.0307104140687453,-4.260161827297642,1
23.0,37.0,True,0.0879631689785732,0.0966793157651109,0.3418050020850147,1.0685823296191026,-7.02325372928399,1
23.0,38.0,True,0.1020331055536099,0.0993850682680749,0.2983674856085293,0.5817135261025983,-6.479100814836308,1
23.0,39.0,True,0.1334789661544859,0.1403645953226939,0.4662390798091506,0.7978848940520443,-5.275427866596383,1
23.0,40.0,True,0.1213481051488717,0.1031961703595776,0.3196790863757238,0.3400875746360764,-5.842728579820338,1
23.0,41.0,True,0.1366039862227732,0.1097495234757781,0.6319586721536298,2.76996192231181,-5.595622772934408,1
23.0,42.0,True,0.124532915191603,0.0791343720022608,0.2712566007334712,-0.0151183679643019,-5.676743485896562,1
23.0,43.0,True,0.1002374756077868,0.0951274164492247,0.3287585188015073,0.8442791198548298,-6.446923121953232,1
23.0,44.0,True,0.1723113754487059,0.1156034444038908,0.3736741642023722,-0.1277576212413331,-4.348532065014814,1
23.0,45.0,True,0.1277168261314746,0.1101422358601773,0.335835030944799,0.3611459671960644,-5.698258883650927,1
23.0,46.0,True,0.1321332853718788,0.1005781774865195,0.3413372569589964,0.3021640827607474,-5.568044045291702,1
23.0,47.0,True,0.0609709609165017,0.1115672783435543,0.3810001060129305,1.9004229341023628,-7.67462057632136,1
23.0,48.0,True,0.1696561631470927,0.1128166759352833,0.4334429048373226,0.4553543943562076,-4.438824848538501,1
23.0,49.0,True,0.0959180269600394,0.1208163777671333,0.3655355154038912,0.9904105279269166,-6.619576927160095,1
23.0,50.0,True,0.1084239155100342,0.0928544488041531,0.334166639371958,0.7478630176961801,-6.228201724685721,1
23.0,51.0,True,0.1312168314154,0.0891864440206666,0.2703151336586961,-0.106306469023106,-5.401464853479796,1
23.0,52.0,True,0.1264819596871105,0.1063431403355195,0.4265359875693387,1.2075809757142713,-5.767789507799096,1
23.0,53.0,True,0.1358087982065372,0.1135709439247812,0.404601237940341,0.7740863866275376,-5.342309591690539,1
23.0,54.0,True,0.2570076230927728,0.1232504907881998,0.4965932900522357,-0.0234540589290441,-1.8210309438998216,1
23.0,55.0,True,0.1750330136258139,0.1509616192629622,0.5113680358568653,0.768000795368074,-4.206812447705668,1
23.0,56.0,True,0.100759426771682,0.1099424584728492,0.3712128443091494,0.6785109511434005,-6.571336265742989,1
23.0,57.0,True,0.0985120396054503,0.0980258957779041,0.2849785859410469,0.6301341100535898,-6.402889731272166,1
23.0,58.0,True,0.1468785885928542,0.1063512369252418,0.385487193367414,0.5754850534359657,-5.193310526348347,1
23.0,59.0,True,0.1065033581052765,0.090234004593902,0.3527047475226871,0.5844284698333511,-6.373086964442091,1
23.0,60.0,True,0.1594760868962494,0.0926597901909937,0.3272113081261057,-0.0769897780442138,-4.697724258414084,1
23.0,61.0,True,0.1899205598264258,0.1178459500988188,0.4613555361259418,0.4735905571070853,-3.6175970317874047,1
23.0,62.0,True,0.1161391299271578,0.0896170051535895,0.3247019639932372,0.3882107972755247,-6.036704588400551,1
23.0,63.0,True,0.0978057834541443,0.0742175379605258,0.2740701319243027,0.5426451341448006,-6.449796100679388,1
23.0,64.0,True,0.1506838206907106,0.1125981097698299,0.3281028430866589,0.1742677834926914,-4.7839740995120295,1
23.0,65.0,True,0.1665647932644405,0.0795380837996477,0.3542389894051088,0.0669540759446476,-4.585626988856664,1
23.0,66.0,True,0.1294090463751377,0.115956548186356,0.4295093795387963,0.5528080536098884,-5.869996191690236,1
23.0,67.0,True,0.1040436213363898,0.0840470573178852,0.4198035988430993,1.358514166100303,-6.552910064885448,1
23.0,68.0,True,0.0990062940129266,0.073846941950211,0.24995577472275,0.3341044666435458,-6.6035737158745,1
23.0,69.0,True,0.1268405595189194,0.1080332167808957,0.3209893507024319,0.4074302695442474,-5.803968922401766,1
23.0,70.0,True,0.1328339214459584,0.0803028944915149,0.3039644503404382,0.3966376736064631,-5.617668103891834,1
23.0,71.0,True,0.0725576874702277,0.0761498480888017,0.2493479850996369,0.8166660362745058,-7.370441488127622,1
23.0,72.0,True,0.1806456210155678,0.18531985888925,0.7052120138902986,1.424972155279585,-3.798457092815653,1
23.0,73.0,True,0.1651833930308551,0.1643119087071973,0.4927014363218669,0.696574599131999,-4.391476195844403,1
23.0,74.0,True,0.1530216637358098,0.1202223589431058,0.3924023589684816,0.0659707417732668,-4.792516555374092,1
23.0,75.0,True,0.1033839766411602,0.1053120294371078,0.3535775770035565,0.9521376622956368,-6.469090908837425,1
23.0,76.0,True,0.0666215991533727,0.0702031354113831,0.218045923828184,0.749247199018302,-7.535510568845997,1
23.0,77.0,True,0.1449479706920742,0.1858501274318554,0.6228252042167383,1.374879201811208,-4.915662170869889,1
23.0,78.0,True,0.1359519965208489,0.1299429547711647,0.4118919137181717,0.8149106564821448,-5.633616397875862,1
23.0,79.0,True,0.266596857618104,0.1777945200181676,0.6985545372331025,0.5276827529727812,-1.3513216890598287,3
23.0,80.0,True,0.1019246987868686,0.0693134809439566,0.2367258962046675,0.0321351702660422,-6.423703811390605,1
23.0,81.0,True,0.1022859279289463,0.1423198178328247,0.4497496070783696,1.3800492473449937,-6.361592851929083,1
23.0,82.0,True,0.205844996543398,0.0935560233270753,0.3612694403568753,-0.1437636473697193,-3.0813634049210217,1
23.0,83.0,True,0.2229325165855604,0.1473808651753761,0.6096283894155929,0.5256431661096396,-3.0194569856873494,1
23.0,84.0,True,0.1681437879802811,0.1179497898968616,0.4191277602532676,0.4563313802741617,-4.484065603122595,1
23.0,85.0,True,0.1190909574053222,0.0673861984288857,0.2671896719074639,-0.2658322216854019,-6.013192045287899,1
23.0,86.0,True,0.1983185093682293,0.1560376232177577,0.5070805563800956,0.523964780406241,-3.543156018165242,1
23.0,87.0,True,0.3023141527627456,0.209927625951001,0.7744843315640402,0.6029134112442166,-0.2958001439388945,3
23.0,88.0,True,0.3661306353357337,0.1750153278362845,0.6211089273756886,-0.5227501446882543,1.7911619518338788,3
23.0,89.0,True,0.4008504874541506,0.2246418851403562,0.8308569100741909,0.6535146374129496,2.7271607673639764,3
23.0,90.0,True,0.6317302496881981,0.2511428916448528,1.030781523207822,-0.8329957625523702,10.06902576636259,2
23.0,91.0,True,0.3164151339034122,0.1328106901287482,0.6310362438008211,0.5889621638848448,0.3448743403987545,3
23.0,92.0,False,,,,,,0
23.0,93.0,False,,,,,,0
23.0,94.0,False,,,,,,0
23.0,95.0,False,,,,,,0
23.0,96.0,False,,,,,,0
23.0,97.0,False,,,,,,0
23.0,98.0,False,,,,,,0
23.0,99.0,False,,,,,,0
23.0,100.0,False,,,,,,0
24.0,1.0,False,,,,,,0
24.0,2.0,False,,,,,,0
24.0,3.0,False,,,,,,0
24.0,4.0,False,,,,,,0
24.0,5.0,False,,,,,,0
24.0,6.0,False,,,,,,0
24.0,7.0,False,,,,,,0
24.0,8.0,False,,,,,,0
24.0,9.0,False,,,,,,0
24.0,10.0,True,0.2048688355517462,0.1518763466677317,0.5606753088962393,0.6337513664164381,-3.3300887741337215,1
24.0,11.0,True,0.2955559363726934,0.1846269819367439,0.6449797163472368,-0.2554953329979272,-0.8723803518020155,3
24.0,12.0,True,0.472749523802057,0.2056170202552746,0.8914894100341181,-0.2181641201966856,5.379283997286197,2
24.0,13.0,True,0.303515955418137,0.1434076872990413,0.6795494833629941,1.1993600391626724,-0.4091923140711002,3
24.0,14.0,True,0.3626826881825226,0.1918979823269614,0.7430043772458804,0.0016794916538971,1.4857096842992366,3
24.0,15.0,True,0.3074169315006749,0.2031382724756166,0.8397011596060205,1.2667787249753495,0.0049208743523174,3
24.0,16.0,True,0.35776635980904,0.2524628887206752,0.9035838740288252,0.510677182637815,1.385542379718364,3
24.0,17.0,True,0.2526764743466013,0.1302486430584087,0.6171525887475022,0.4810019702196672,-1.877143536992492,1
24.0,18.0,True,0.4028815325584403,0.2121428320516315,0.930000214612887,0.8748936454789651,2.9363152017701264,3
24.0,19.0,True,0.3973401649638042,0.2897351686948742,1.069829635925602,0.8843946899302055,2.7912150075811515,2
24.0,20.0,True,0.5069031076660186,0.1858791340746441,0.8418108915209033,0.2697949291028455,6.22734247046631,2
24.0,21.0,True,0.4591055931659939,0.2185661229311281,0.9506466954340532,0.4862518905921302,4.753947136989371,2
24.0,22.0,True,0.5999498682167961,0.1922624682796114,0.9756801216396062,0.2434212888036276,8.927083376426443,2
24.0,23.0,True,0.4066724657644604,0.1869866570229976,1.064010447817316,0.5574699371222626,2.434211125389831,3
24.0,24.0,True,0.3518606618388669,0.1202934615687974,0.6797273241864287,0.5801520487706601,1.0792166116070112,3
24.0,25.0,True,0.3060451740571778,0.172827785542783,0.7198291875186608,0.6291109532951225,-0.0738321350991439,3
24.0,26.0,True,0.3975229191605824,0.2439371330086437,0.9723894551088332,0.5180053384922102,2.6170251566896803,3
24.0,27.0,True,0.4478569012517503,0.2634810939325174,0.904390267033428,-0.0983736369214447,4.227735571422164,2
24.0,28.0,True,0.273966756132531,0.1840539908930945,0.7169204780608583,0.6130168177662461,-1.078725880158877,3
24.0,29.0,True,0.3750131742717813,0.1792362008070394,0.7387998541798698,0.1529154031765245,1.934323031556616,3
24.0,30.0,True,0.2630328794251496,0.1363254904430669,0.518537889989889,0.3491223681188233,-1.2897116559358264,1
24.0,31.0,True,0.1767113067432844,0.0947485896724756,0.3665860615067466,0.3363895364807571,-4.004014910574567,1
24.0,32.0,True,0.1997436957518254,0.1427021700652351,0.6215158815781472,0.7836672624502816,-3.7349294100483927,1
24.0,33.0,True,0.1593142898265124,0.1250834530016215,0.3770224722349233,0.4006734944354269,-4.716831766360055,1
24.0,34.0,True,0.307227307559661,0.1729913503988679,0.6974997797655599,0.2063452827096779,0.0548983586541705,3
24.0,35.0,True,0.1353033485102619,0.1131204190693925,0.3555790127784008,0.492610275359979,-5.457402515229786,1
24.0,36.0,True,0.1817013474396241,0.1277514508729318,0.4944146132234606,0.8631146792638621,-4.179176766540806,1
24.0,37.0,True,0.1355079407077608,0.0854430863068278,0.3035958357546297,-0.0687542081661535,-5.317161349158821,1
24.0,38.0,True,0.1733266012268392,0.1192844205307866,0.5073212495767138,1.0322388270302505,-4.063223592499707,1
24.0,39.0,True,0.1186133515481725,0.1063324930638558,0.3600748906677851,0.5411126356384274,-5.7972877695696745,1
24.0,40.0,True,0.1299351615356031,0.0905799058991081,0.4279021991246715,0.8785188008861642,-5.7048971774650585,1
24.0,41.0,True,0.1440488750964608,0.0659554863015878,0.252238929796221,-0.310092098430286,-5.063488017194202,1
24.0,42.0,True,0.0353480739442119,0.0531503620376287,0.1390496145727548,0.9917506811403144,-8.455745691044477,1
24.0,43.0,True,0.1188132411834996,0.08988186269431,0.2827909776739284,0.210352338558564,-6.060791891908341,1
24.0,44.0,True,0.2625968940080017,0.173402888000769,0.6539430013156141,0.5068377071322875,-1.3394975180255002,3
24.0,45.0,True,0.19311949869922,0.1474675185479342,0.5845421062703013,0.652090750514974,-3.832171580894011,1
24.0,46.0,True,0.1290035831613856,0.0747609477469113,0.2680803456758579,0.3120890314682139,-5.569793939887848,1
24.0,47.0,True,0.0827647428266841,0.0878047326053012,0.2898843064052917,0.860952857309019,-7.024641811958804,1
24.0,48.0,True,0.2087705167090989,0.1279619026352219,0.5497532027543746,0.2634892344726894,-3.3550612471133547,1
24.0,49.0,True,0.1176552503641774,0.1081160338586329,0.406519715326778,1.0757850907931463,-5.835203587314292,1
24.0,50.0,True,0.146404300997247,0.0861031486362638,0.3118461494548422,-0.0804730583460472,-5.196181689909103,1
24.0,51.0,True,0.1176002940892176,0.1149715115370491,0.4422899545591759,1.4462714585870269,-5.8262101801241215,1
24.0,52.0,True,0.1191813105096082,0.1066525020353064,0.3268433569082131,0.5448238383331901,-5.787621565957462,1
24.0,53.0,True,0.2306714972166831,0.1150045249941745,0.4909820625853557,0.4883007866464972,-2.20972579923588,1
24.0,54.0,True,0.0893826058972498,0.0895694617630642,0.2526605089081922,0.525472736840538,-6.695719113207492,1
24.0,55.0,True,0.1522121323052981,0.1093708850011782,0.58514025300582,2.122566315877955,-5.229991117219287,1
24.0,56.0,True,0.0890281760686194,0.1136594634159469,0.4062435328511103,1.108811055013838,-6.958725306582481,1
24.0,57.0,True,0.1132042590498056,0.0960139848340027,0.3326115212473438,0.6093920139736383,-6.204990729526453,1
24.0,58.0,True,0.2097570602212721,0.127276755362926,0.4851133470485118,0.2938294600989211,-3.066238193844236,1
24.0,59.0,True,0.1812023238754464,0.1016028937688876,0.3398135998089386,-0.2166704921063834,-3.970392673948615,1
24.0,60.0,True,0.1197144513827638,0.0820799252184312,0.3685173575905058,0.7343954970623475,-6.004585164339568,1
24.0,61.0,True,0.154851965231261,0.0972090123554716,0.4044433525951367,0.6942776333485008,-4.775251212102749,1
24.0,62.0,True,0.1020261502963645,0.088939765460681,0.2890993637853024,0.6990131228546537,-6.436028100941587,1
24.0,63.0,True,0.1457362435146939,0.1392627582479711,0.4144667492305665,0.4545692901504651,-5.132082941265123,1
24.0,64.0,True,0.1266818308742975,0.09626161409237,0.3078310813035591,0.1172483743616672,-5.781489773703925,1
24.0,65.0,True,0.1127304824012237,0.111369022649216,0.3910219878566179,1.1310261962341257,-6.02783569740401,1
24.0,66.0,True,0.2094001633286167,0.1601317290514354,0.6161977722473098,0.7325994518561263,-3.568961586365448,1
24.0,67.0,True,0.1480560372396887,0.1070511948878916,0.3352842817845037,0.0660591191161029,-4.852836330148378,1
24.0,68.0,True,0.1059469051726573,0.1279616718970266,0.4591439032193243,1.5797147803037028,-6.224620282306551,1
24.0,69.0,True,0.1875328039964442,0.15400090874469,0.588382238965061,0.9059437522829384,-3.78076529438507,1
24.0,70.0,True,0.1001521304919525,0.0847283080018193,0.2335471497606588,0.1589485150586492,-6.504127385825571,1
24.0,71.0,True,0.0399967440791329,0.0516339996953132,0.1698831419244765,1.1050554047331995,-8.36027958762599,1
24.0,72.0,True,0.134154719520264,0.1145338690095088,0.3818896963168148,0.6939541570187088,-5.375845970688521,1
24.0,73.0,True,0.0723883760716705,0.1055873263153399,0.4113223101736651,1.404011054307032,-7.635416383293855,1
24.0,74.0,True,0.1149038107148538,0.1204455110766752,0.4442469122053291,1.2671562273036063,-6.0807954462893745,1
24.0,75.0,True,0.1136029826190866,0.0930380143725745,0.3024655158547626,0.4087152764387688,-6.089665871413624,1
24.0,76.0,True,0.2254031300827423,0.1198000598307347,0.5263852820075413,0.5749651212540396,-2.531423655620116,1
24.0,77.0,True,0.1614796830133042,0.1066297652138541,0.3984057555958406,0.4329870285895253,-4.484576713894788,1
24.0,78.0,True,0.1251256477025056,0.111024505251718,0.3779908366297685,0.942471336922892,-5.649421235600748,1
24.0,79.0,True,0.1051953302063682,0.0522793360849566,0.2122153212222516,-0.3513514340452934,-6.390878598248923,1
24.0,80.0,True,0.2722272155170848,0.1337731855425384,0.6113325850648358,0.4105383943798834,-1.3733630030959303,1
24.0,81.0,True,0.1292656245691449,0.0829345406363174,0.259501750185288,-0.2151058036645876,-5.636656353868764,1
24.0,82.0,True,0.2232207070458867,0.1004883746435428,0.469259124307207,0.1451696393013511,-2.73017619283399,1
24.0,83.0,True,0.1621254681179903,0.0645312213226276,0.2946693906199147,-0.3861845165457763,-4.507820790631564,1
24.0,84.0,True,0.1142490100999119,0.0947711571211387,0.37684991125489,0.6145192864460359,-6.179033595798069,1
24.0,85.0,True,0.1917171002329295,0.1773795812690999,0.7280884645853953,1.0838199190035138,-3.9883634181166414,1
24.0,86.0,True,0.1141386922306639,0.0752893347465562,0.2666983454409625,0.2360420826298074,-5.932756964455397,1
24.0,87.0,True,0.154242187807774,0.171979708081736,0.6278073120176515,1.4034718889819395,-4.736351054187407,1
24.0,88.0,True,0.1905391327290857,0.1112908243796434,0.4324926691325204,0.5878103819680552,-3.7076953211958257,1
24.0,89.0,True,0.4255116419654287,0.2188355218203618,0.7303621278446806,-0.4401481790344177,3.472146567899393,3
24.0,90.0,True,0.5174324129285929,0.271387601264905,1.145570628063849,0.7121460897187986,6.704290391475203,2
24.0,91.0,True,0.5560774296148997,0.2472010968840568,0.9613123494382404,-0.6672699410573613,7.61887636093011,2
24.0,92.0,True,0.1906790764779785,0.1153922709326552,0.4640735968425615,0.5873926010106333,-3.58085323166537,1
24.0,93.0,False,,,,,,0
24.0,94.0,False,,,,,,0
24.0,95.0,False,,,,,,0
24.0,96.0,False,,,,,,0
24.0,97.0,False,,,,,,0
24.0,98.0,False,,,,,,0
24.0,99.0,False,,,,,,0
24.0,100.0,False,,,,,,0
25.0,1.0,False,,,,,,0
25.0,2.0,False,,,,,,0
25.0,3.0,False,,,,,,0
25.0,4.0,False,,,,,,0
25.0,5.0,False,,,,,,0
25.0,6.0,False,,,,,,0
25.0,7.0,False,,,,,,0
25.0,8.0,False,,,,,,0
25.0,9.0,True,0.0685703686184949,0.0625703392779439,0.2254144910323684,0.8561643236671781,-7.444803317091655,1
25.0,10.0,True,0.249110344908847,0.1398021088525671,0.4848459758071792,0.1785460812080543,-1.866490491176829,1
25.0,11.0,True,0.3041097635527266,0.2231674266710197,1.1192392582265935,1.1710561172788017,-0.5893962319635587,3
25.0,12.0,True,0.3482055571607977,0.1423696296900012,0.6875590107090203,-0.131963285533235,1.3669621422035496,3
25.0,13.0,True,0.3637947810587982,0.2041833639960088,0.7924581384438775,0.7471674132376029,1.580730752922605,3
25.0,14.0,True,0.3436178724054115,0.2206527122533644,0.9328970714971644,0.8441378436515281,1.0297475900975592,3
25.0,15.0,True,0.3374050133056552,0.2129628538663356,1.0564667745011638,0.7644810672694061,0.3373102705730221,3
25.0,16.0,True,0.4353152574144854,0.2094800380422769,1.017797048057174,0.9589834183450018,3.852905098562454,2
25.0,17.0,True,0.3404562261363769,0.1566360692868405,0.6604802481977042,0.0671912733647704,0.9855375087404636,3
25.0,18.0,True,0.3157550910956638,0.1735767577582951,0.6864977828630271,0.3894898059384137,-0.0063916781127733,3
25.0,19.0,True,0.481702327562965,0.210380814712661,0.9107834114467382,0.3332415835335992,5.55887359009735,2
25.0,20.0,True,0.4694318563049708,0.2703838518230633,1.5,2.14069645750397,4.363549163051681,2
25.0,21.0,True,0.559497506517064,0.3259849896177812,1.1869235357465866,0.4472658311161001,7.636848407259267,2
25.0,22.0,True,0.2421299193292826,0.1652089138567858,0.7036548736570534,0.3671886373238648,-2.258917385919995,3
25.0,23.0,True,0.3144025142601727,0.1804489554380054,0.759631865806629,0.83065816007052,-0.1062476726208168,3
25.0,24.0,True,0.2666858328710976,0.1638251844809821,0.6946478300154527,0.9803770390620972,-1.1583198683125189,3
25.0,25.0,True,0.3667588970402687,0.2164203706515071,0.8617222538425711,0.2572731236754637,2.067055054598846,3
25.0,26.0,True,0.4247958445804619,0.1494287055194499,0.8836458423860397,1.0331936555143426,3.2568007883109544,3
25.0,27.0,True,0.3065676359566122,0.1563764424900015,0.6900377172045723,0.8312345298603996,-0.0814729526215011,3
25.0,28.0,True,0.3697800546385547,0.2261701561376102,0.837487851808417,0.1470706015579356,1.6578078158438243,3
25.0,29.0,True,0.188078218640158,0.1290668107169614,0.4503153320664261,0.1488304461304182,-3.6040259993240857,1
25.0,30.0,True,0.269742646454917,0.2070188221747999,1.11460712283554,2.1318236478026455,-1.6464217859907404,3
25.0,31.0,True,0.197657818560423,0.1350210517970944,0.4373950281222925,0.0702045049563285,-3.469933410609987,1
25.0,32.0,True,0.0921122186391565,0.0765719827673179,0.2717774111137724,0.5487086572499196,-6.663743888465818,1
25.0,33.0,True,0.1261150792370674,0.0984279976095627,0.2758356824106802,-0.0493346592116147,-5.592867176825307,1
25.0,34.0,True,0.1064006564649195,0.0908294934573017,0.3460555606368711,0.8393369467295382,-6.229761174331859,1
25.0,35.0,True,0.2003264051596146,0.1951395115168455,0.9562575031862572,1.6235982387742225,-3.891420655363488,3
25.0,36.0,True,0.1937919421105935,0.0984191280719965,0.4106175078894601,0.3039343827731215,-3.62772715156298,1
25.0,37.0,True,0.1653859546562878,0.081183749619066,0.3347711448032117,0.1831256073311093,-4.434021975036683,1
25.0,38.0,True,0.2097707167935737,0.2040657542502517,0.6267883785053865,0.6142233163929087,-2.9925012154803214,3
25.0,39.0,True,0.1108947662924064,0.0942565306795423,0.3390952616467009,0.7261918959732202,-6.174219481932244,1
25.0,40.0,True,0.1500560286034363,0.1168991912070129,0.5693242875029013,0.8907195339970735,-5.111555394831603,1
25.0,41.0,True,0.1259118748488227,0.0859557852767922,0.2905475608177047,-0.1843509831599683,-5.633078845410497,1
25.0,42.0,True,0.106525143704565,0.0922881421796146,0.3325067640328648,0.7667943508968897,-6.288270226515595,1
25.0,43.0,True,0.1800771091717685,0.1377307710044158,0.4793967768668803,0.6808796312436823,-4.080552372560569,1
25.0,44.0,True,0.1835200082155429,0.1708415297575993,0.6523006694177481,1.257768234036664,-3.726877045498932,1
25.0,45.0,True,0.2005197991016095,0.2060161117840266,0.9702166870969424,1.9002360953859951,-3.713252375544798,3
25.0,46.0,True,0.1819196817518687,0.129602965481424,0.5523999202159156,1.2983111477217597,-3.9035906455618647,1
25.0,47.0,True,0.0968418303465506,0.0918405745580206,0.2745148529039367,0.587068618447953,-6.705547611397113,1
25.0,48.0,True,0.1139370481447117,0.1220805363448978,0.5617744732268158,1.4986320802304376,-6.30291269437456,1
25.0,49.0,True,0.1505555483982563,0.1341153762137419,0.4090333361743262,0.6627643840790918,-4.991655841928563,1
25.0,50.0,True,0.1833290481532535,0.1965052588900904,0.9246813695124484,1.6253193639888566,-4.248321128893956,3
25.0,51.0,True,0.1843783394629252,0.1137654659885866,0.5144726538413,0.6411631349127082,-3.9603577340486846,1
25.0,52.0,True,0.2004548961435053,0.1342726473382558,0.7325071798973312,1.7416805696742046,-3.623354828169062,1
25.0,53.0,True,0.1242437090887345,0.1135690637258191,0.3442549516368747,0.4953966407605444,-5.774552910228785,1
25.0,54.0,True,0.1577979927302011,0.1053293971257206,0.3546899495452261,-0.0842433091458532,-4.599769699571031,1
25.0,55.0,True,0.3015902372088696,0.2041399545766728,0.8738821428933818,1.2354329703851992,-0.2535864915086683,3
25.0,56.0,True,0.1844933947463351,0.0981006057290637,0.417968847417796,0.4994782682177295,-3.805752277193368,1
25.0,57.0,True,0.1780181433939279,0.0882332034430731,0.3738312034981421,-0.0223582583515432,-4.206725958876383,1
25.0,58.0,True,0.0532057934456724,0.0768503899696836,0.2669102396386912,1.6095068993513877,-7.950369527758048,1
25.0,59.0,True,0.1157567191116919,0.1234219800203226,0.395210177811057,0.8726700765600899,-5.940713734073858,1
25.0,60.0,True,0.1218521684250086,0.0901249386916243,0.2698806860669958,0.1371846249724859,-5.74843270066321,1
25.0,61.0,True,0.1531481999906344,0.140872822662318,0.504798014909421,1.0816183872436722,-4.696358370556423,1
25.0,62.0,True,0.0417590671748779,0.0491461414629254,0.1377725611064783,0.7859453038810895,-8.278950165971198,1
25.0,63.0,True,0.0547998243276306,0.0511857925424468,0.1426334429331774,0.2895103782321346,-7.807525485792204,1
25.0,64.0,True,0.09295372926209,0.1164347460006978,0.3801118832036086,1.2304318339537872,-6.7763009485018255,1
25.0,65.0,True,0.1742505977467857,0.1254299785057111,0.3992203050491969,0.3071134345447427,-4.24280728401523,1
25.0,66.0,True,0.1086587385348811,0.0716790935629389,0.2681289060133986,0.6780427906652906,-6.087338793984745,1
25.0,67.0,True,0.106328798250571,0.1238766401237982,0.4338479226218827,1.1848767229643922,-6.262670666338238,1
25.0,68.0,True,0.1080536505605842,0.0678807634850037,0.272348810731026,0.5293972464102941,-6.20083536757752,1
25.0,69.0,True,0.18747041907377,0.1240984833988087,0.3845255321390601,0.0490486018678657,-3.599069525263169,1
25.0,70.0,True,0.0686359509905538,0.1130882681657426,0.3895762867725519,1.5718259383979905,-7.37300407758176,1
25.0,71.0,True,0.0656097120571547,0.0616481665295501,0.2105190046968705,0.4988600433267159,-7.594729423142722,1
25.0,72.0,True,0.127720990081094,0.1729900868256858,0.7216269836951136,1.9145586250980275,-6.1179927708815285,1
25.0,73.0,True,0.182685638493005,0.1281149114019293,0.4011128886945362,0.3877075734913406,-3.79331797619574,1
25.0,74.0,True,0.1525444951305514,0.1096226828922828,0.3957893059784443,0.3717402180438551,-4.724936748237145,1
25.0,75.0,True,0.1598445593026453,0.146484224332938,0.5483956651187134,1.1035299358632535,-4.527431930161349,1
25.0,76.0,True,0.2131009932083897,0.1507141162922187,0.5637358551908473,0.101927846312633,-3.0902249081149544,1
25.0,77.0,True,0.165706525614293,0.1155338894076141,0.4345639957417908,0.8070710754067184,-4.436271431697571,1
25.0,78.0,True,0.1283674024688825,0.1075412780770971,0.3951825243333759,0.9437774757728647,-5.549471459504868,1
25.0,79.0,True,0.1490630522569125,0.1096301925503761,0.3543189489351971,0.4876708966138522,-4.99945750960787,1
25.0,80.0,True,0.1660193238593353,0.1393849610198222,0.4467407690761884,0.4382345888596671,-4.454856840561154,1
25.0,81.0,True,0.2024867477979929,0.1445009713004655,0.5469890094757729,0.7532485463572243,-3.337715267894595,1
25.0,82.0,True,0.1131806666547415,0.0862244183101813,0.2836649820447424,0.1588431982751739,-6.164172600521244,1
25.0,83.0,True,0.1425633794299682,0.108133020478417,0.3716024486748943,0.5012192370108611,-5.155154140040256,1
25.0,84.0,True,0.1575211797691759,0.1357934011402211,0.4994611229429635,0.8925116355378043,-4.778420578175301,1
25.0,85.0,True,0.2464189965483619,0.1463215228067643,0.5282071161554841,0.0050131459999316,-2.061638631175785,1
25.0,86.0,True,0.141842612151902,0.1234146163258773,0.3712381066942377,0.3681035969536771,-5.046563777764524,1
25.0,87.0,True,0.1775105442067516,0.1368067775757402,0.4939016498443735,0.534457275197531,-4.155114176002526,1
25.0,88.0,True,0.1786418270789407,0.1282672391726471,0.3940916762112836,0.1364758998484868,-4.133092884444497,1
25.0,89.0,True,0.2107188790847554,0.0747987594312208,0.3306155802637583,-0.200936893734093,-3.118853238885315,1
25.0,90.0,True,0.3635663763225248,0.1591198567669328,0.7462171971367207,0.0264512996227366,1.5726080701814078,3
25.0,91.0,True,0.5066932236698175,0.1797462127702384,0.7719114112555783,-0.771170236618724,5.91231816616531,3
25.0,92.0,True,0.3639839337405514,0.2518533181366951,0.9544517255056388,0.8278509696779303,1.8824355798472452,3
25.0,93.0,True,0.0456684704495891,0.0534744516916287,0.2640565501094729,2.118081516843415,-8.253035049222714,1
25.0,94.0,False,,,,,,0
25.0,95.0,False,,,,,,0
25.0,96.0,False,,,,,,0
25.0,97.0,False,,,,,,0
25.0,98.0,False,,,,,,0
25.0,99.0,False,,,,,,0
25.0,100.0,False,,,,,,0
26.0,1.0,False,,,,,,0
26.0,2.0,False,,,,,,0
26.0,3.0,False,,,,,,0
26.0,4.0,False,,,,,,0
26.0,5.0,False,,,,,,0
26.0,6.0,False,,,,,,0
26.0,7.0,False,,,,,,0
26.0,8.0,False,,,,,,0
26.0,9.0,True,0.1454830170811595,0.0994669250202475,0.3461005307009618,0.1369965575748717,-5.204380008985337,1
26.0,10.0,True,0.2769957376117044,0.1695314641912473,0.5608979255882749,-0.0163472141589057,-1.0373607501339754,3
26.0,11.0,True,0.2302801424666245,0.1177130762016127,0.4747388002472762,0.157729212092036,-2.5581469120764586,1
26.0,12.0,True,0.2345230827569988,0.177456741505293,0.7013470698361307,0.9977202023163344,-2.4385014376984424,3
26.0,13.0,True,0.3530178423589009,0.112649343483918,0.5359896848274547,-0.8122957290263552,1.1430128237395465,3
26.0,14.0,True,0.4086500692561248,0.1827386931798603,0.8891469513839949,0.3545196975816213,2.8849436022238466,3
26.0,15.0,True,0.3381324331015114,0.1953251727886918,1.1267632658949027,1.7170629655529388,0.5061113126499812,3
26.0,16.0,True,0.3271132512577338,0.1454396765602649,0.6158384480413269,0.0954229678714281,0.3016250926493911,3
26.0,17.0,True,0.2879820527813029,0.1362522225298004,0.5252661660692275,0.0134324640582968,-0.4276681397602082,1
26.0,18.0,True,0.2854928055495015,0.1715909710085615,0.6299304320917681,0.4170431808271764,-0.6633071625526832,3
26.0,19.0,True,0.3798181340398851,0.1563392416179661,0.7253360961899646,0.7077619891169818,1.9709526886113196,3
26.0,20.0,True,0.3719316012576454,0.1864422778496936,0.7603240892918576,0.4152037813578081,1.8141546207095225,3
26.0,21.0,True,0.423538588379261,0.2224811881398361,0.7917251382877918,-0.0309762269876401,3.628454896896456,3
26.0,22.0,True,0.2765352898772871,0.1668481744332015,0.6521972132798761,0.407751952582196,-0.9765331788616284,3
26.0,23.0,True,0.2510739665651511,0.1671447972464438,0.5923984900200705,0.3932746459481393,-1.7162669820451235,3
26.0,24.0,True,0.3289364445541117,0.1351448242697525,0.586120860839796,0.2832194997570305,0.5557377803401966,3
26.0,25.0,True,0.3630973805781358,0.236566969152029,0.7152773077708111,-0.0062862463787839,1.82094221197311,3
26.0,26.0,True,0.2379807809331768,0.1723270237700869,0.5499835929822949,0.3800248236505726,-2.2042368029672037,1
26.0,27.0,True,0.4086960404338378,0.1872691095475689,0.8241299339305669,0.4568884226850526,3.1693108182196656,3
26.0,28.0,True,0.379483229765899,0.2288672692201062,0.8418403886948502,0.3370320202326375,2.3559546116096772,3
26.0,29.0,True,0.3858052037442309,0.1297116128295995,0.6746198009784978,-0.303728623899927,2.070868677403957,3
26.0,30.0,True,0.2589687478784556,0.1430661502133996,0.5024677511187636,-0.3908732396609818,-1.333889032202794,1
26.0,31.0,True,0.2145915985861574,0.133060505397858,0.4735652416940106,0.574073414114659,-3.0149964145510406,1
26.0,32.0,True,0.1837563763940801,0.1361860956987914,0.5211969048375942,0.7030677188535498,-3.931855745183967,1
26.0,33.0,True,0.1343905278305826,0.1425231230640671,0.4024459881828522,0.4670743480216701,-5.433817487743682,1
26.0,34.0,True,0.1696030076137459,0.1221305745096197,0.3974777264718858,0.1264878093845272,-4.209567429038323,1
26.0,35.0,True,0.213373635257868,0.199746180992284,0.6797717975689742,0.7317029319587783,-3.0369599334901776,3
26.0,36.0,True,0.2118237701662604,0.1497468241009604,0.5226051052036266,0.4658783874179951,-2.8767783953032566,1
26.0,37.0,True,0.1052644246089112,0.0648047678548754,0.2689550216728063,0.7024375091734619,-6.333414023533251,1
26.0,38.0,True,0.2556558709899235,0.1751613775127448,0.6583247622376062,0.4178641163670994,-1.8722239717345797,3
26.0,39.0,True,0.0738421825181677,0.112585474846585,0.3997363032905462,1.814794353991304,-7.214901770597834,1
26.0,40.0,True,0.1615587348808388,0.0967851465824421,0.468015442211961,0.8042909198112018,-4.686807048035263,1
26.0,41.0,True,0.1507578009673617,0.0646038041003051,0.2917944690606756,0.1030261464535292,-4.799238831633699,1
26.0,42.0,True,0.1367225289488217,0.1167354439283493,0.4287432625376784,1.031901975722918,-5.226416738409524,1
26.0,43.0,True,0.1130898950995941,0.1279883828066748,0.6061696337008731,1.80413063059211,-6.396698011933957,1
26.0,44.0,True,0.1560056722560235,0.1347199648536621,0.4563547163819209,0.5696922414466171,-4.801938036599916,1
26.0,45.0,True,0.1626069712909778,0.1553620380922328,0.5123380380578239,0.7676306304316904,-4.460696992696347,1
26.0,46.0,True,0.2770830885185396,0.2086442443183208,1.0885665463683962,1.801634624061914,-1.3838831056932095,3
26.0,47.0,True,0.1222260086152095,0.1425602284156225,0.5094458050291646,1.2819916810154506,-5.72331850981913,1
26.0,48.0,True,0.1990674560981558,0.2073955535600697,0.6725122896074458,0.8019220942645322,-3.655310681976995,3
26.0,49.0,True,0.1884757797525075,0.1196037974060825,0.4392891955710721,0.3039824185286879,-3.5371904548895823,1
26.0,50.0,True,0.1606302519971032,0.0857233824127141,0.3347852383453109,0.3379219357292619,-4.549136428163294,1
26.0,51.0,True,0.2065992097904365,0.1151744609237277,0.4498001581073877,0.1863013327709551,-3.265383577655325,1
26.0,52.0,True,0.2293551688189011,0.2088455141077162,0.8001430586569995,0.923064856987058,-3.101738222501198,3
26.0,53.0,True,0.0644368310387939,0.0454233872453712,0.148057767621962,0.417232948093316,-7.509980251639549,1
26.0,54.0,True,0.1452067970954885,0.1288765820163516,0.4688397285223911,0.4854143506810749,-5.242899413864777,1
26.0,55.0,True,0.2728373754066358,0.1491395815767304,0.6587884466396488,0.9587297152853056,-0.9938858649210968,3
26.0,56.0,True,0.142356030613451,0.1105520397196996,0.4098227794654013,0.8439334905912211,-5.09048705443972,1
26.0,57.0,True,0.1572991581574719,0.1043560846731306,0.3758704052560772,0.2139586255862232,-4.508530033451576,1
26.0,58.0,True,0.1477958103818273,0.1032860255620709,0.361665696977701,0.5245073796219449,-4.904905753313617,1
26.0,59.0,True,0.1876177529951895,0.100425728499122,0.3479724951206697,-0.1527432317522208,-3.857480180943811,1
26.0,60.0,True,0.1868704430302631,0.1228481530071743,0.5048629410378519,1.0750190230277368,-3.7120811108077936,1
26.0,61.0,True,0.0655775304592139,0.0613014494788037,0.1930558580349892,0.3787968723922197,-7.490800419952359,1
26.0,62.0,True,0.1393353827558254,0.1219605351631237,0.419446903392192,0.80468748313789,-5.081755388846215,1
26.0,63.0,True,0.0765278922943896,0.068080353904548,0.239777188340821,0.5933161807877914,-7.15759189400935,1
26.0,64.0,True,0.173943738339663,0.1453138307205087,0.4382221832095806,0.4632313315206929,-4.05509305730428,1
26.0,65.0,True,0.1615931629517754,0.0922693425462992,0.3449177636410532,0.0714187434658652,-4.634822226025221,1
26.0,66.0,True,0.153337021961582,0.1208495406248426,0.4067305077741521,0.3519414289721027,-4.6840159978747895,1
26.0,67.0,True,0.081816357362758,0.096477397606326,0.3231369903176515,1.109683323298824,-7.017736530992927,1
26.0,68.0,True,0.1103867210400866,0.1099188849955973,0.3052415027060686,0.45349694459881,-6.028946092981177,1
26.0,69.0,True,0.1256061169754359,0.0837333682424052,0.3285478387820467,0.2875993048253392,-5.697276807657765,1
26.0,70.0,True,0.1539799400685552,0.1524476316441214,0.6615343439111627,0.9570837146280344,-5.151559763567337,1
26.0,71.0,True,0.1506922864068326,0.1172027969028298,0.4375559074100497,0.8685803623503343,-4.768371005237037,1
26.0,72.0,True,0.0820187767435108,0.0850926603194666,0.250549670597285,0.6077519541469419,-7.0879872772787085,1
26.0,73.0,True,0.0555907176924682,0.0532945099501783,0.1922788455845114,0.6719687033990557,-7.912590551205417,1
26.0,74.0,True,0.0935460602420458,0.1217309173719894,0.6095110883518923,2.2273189279437946,-6.916536090030494,1
26.0,75.0,True,0.1901039273514224,0.1530060276654656,0.515633923091327,0.607711174843569,-3.575898903926613,1
26.0,76.0,True,0.1256365612987022,0.1090331501211413,0.3626564119448565,0.6645249179969557,-5.761723219483727,1
26.0,77.0,True,0.1291077549402009,0.1002771522001158,0.3574609621771751,0.641665794967189,-5.691869345009414,1
26.0,78.0,True,0.1345789341255986,0.1505691745804419,0.7094202059741376,1.5846205854655897,-5.88809418223978,1
26.0,79.0,True,0.0460541569263119,0.0482673337088073,0.148493109960793,0.5921957892971222,-8.133996062373269,1
26.0,80.0,True,0.1804291402946754,0.13548070925398,0.4744654781889623,0.6268153021575765,-3.915952126051944,1
26.0,81.0,True,0.1411359079489835,0.1307199179122165,0.5113693266881492,1.4022208402878251,-5.307164704442594,1
26.0,82.0,True,0.1565124164699791,0.1064681850054507,0.3818797020329025,0.8000250767429811,-4.708663543915888,1
26.0,83.0,True,0.1131893566058359,0.0789538387854328,0.2916238382468722,0.5292362458442104,-6.031908110566744,1
26.0,84.0,True,0.1311402858914912,0.1226030415766912,0.5111059402810716,0.948418260402258,-5.726435883732535,1
26.0,85.0,True,0.1284844198862274,0.099221794799789,0.3592466232936557,0.9337513587543286,-5.723187446846415,1
26.0,86.0,True,0.1042648901948024,0.0828960767933652,0.3017566665132246,0.6285028745528262,-6.254882459609462,1
26.0,87.0,True,0.2239282908326373,0.1433745915757836,0.5067802275699835,0.1755686216812372,-2.521379739752151,1
26.0,88.0,True,0.2223191896323096,0.1264485988109077,0.4307514317474467,-0.0565935877277798,-2.684521537640853,1
26.0,89.0,True,0.2287250123631562,0.1566666364377828,0.5313779158514235,0.3737206856022784,-2.508271168709822,1
26.0,90.0,True,0.3132057045297431,0.1171102152436354,0.4961284371156321,-0.5268400345563021,0.3601048824873353,1
26.0,91.0,True,0.3923507749359706,0.1778751073221478,0.697407947183186,0.1100743200658029,2.6966907068655988,3
26.0,92.0,True,0.4848746888989542,0.1148814240531795,0.6849878330945544,-0.2915539221864723,5.445384582323377,3
26.0,93.0,True,0.344974653918129,0.2222280320112325,0.7748380408592934,0.1970932201382181,0.97366851856653,3
26.0,94.0,False,,,,,,0
26.0,95.0,False,,,,,,0
26.0,96.0,False,,,,,,0
26.0,97.0,False,,,,,,0
26.0,98.0,False,,,,,,0
26.0,99.0,False,,,,,,0
26.0,100.0,False,,,,,,0
27.0,1.0,False,,,,,,0
27.0,2.0,False,,,,,,0
27.0,3.0,False,,,,,,0
27.0,4.0,False,,,,,,0
27.0,5.0,False,,,,,,0
27.0,6.0,False,,,,,,0
27.0,7.0,False,,,,,,0
27.0,8.0,True,0.1062191335061873,0.0753000617192315,0.3430119195843048,1.090279088513981,-6.362156179941439,1
27.0,9.0,True,0.3354734715598512,0.1544693350507944,0.6751333809325297,0.161513145525392,0.8767361620622599,3
27.0,10.0,True,0.3245070038546208,0.1739201267953094,0.7029583637587664,-0.0504821827427323,0.6617828299119537,3
27.0,11.0,True,0.2480484614157118,0.1386433096010366,0.496100694152083,0.1658078924291696,-1.7545664757070265,1
27.0,12.0,True,0.3463207518616615,0.2170041726410382,0.7169112637579311,-0.0314760430571195,1.039235394203374,3
27.0,13.0,True,0.2620708564031538,0.1972647389183998,0.7268731497588206,0.8539471083296055,-1.4375858172888842,3
27.0,14.0,True,0.1892145973417755,0.1425586002128687,0.4573614474609254,0.5613684493979196,-3.658720481201207,1
27.0,15.0,True,0.2755426719334961,0.2164734429051621,0.8341251845473585,0.7862420403735326,-1.095780112757886,3
27.0,16.0,True,0.3133880450777637,0.1680939780037121,0.7270243611939095,0.4129558953238836,0.2081549320035606,3
27.0,17.0,True,0.3897427307464828,0.1844646605710743,1.0565394561840356,1.4848421028145404,2.1819517093358956,3
27.0,18.0,True,0.2981551239888569,0.1605021818197235,0.6366944905784288,-0.2595097527829499,-0.5104820071752503,3
27.0,19.0,True,0.2956682439593689,0.1438158908148348,0.6475458672549175,0.2026953449426508,-0.4903633755094663,3
27.0,20.0,True,0.2199693544840857,0.1603755924047123,0.556961649955597,0.7500586072474118,-2.864407906836764,1
27.0,21.0,True,0.2000351970629955,0.1520454824634586,0.4928693510389728,0.3264741366862932,-3.337082647396085,1
27.0,22.0,True,0.345642362461516,0.28900842441698,1.1320721905632674,1.256873734500201,1.419301938839474,2
27.0,23.0,True,0.2061153969374593,0.1619848726906053,0.8122837578640886,1.4633863270672538,-3.3541407904597973,3
27.0,24.0,True,0.1865693558751507,0.1368885126235675,0.4834077517345224,0.2377388357725187,-3.6052311684066143,1
27.0,25.0,True,0.2127102410749595,0.0966707714872025,0.4246648896454149,-0.1461197581393482,-2.9219242535673127,1
27.0,26.0,True,0.3464269514795102,0.1323451605510197,0.5922329759553199,-0.229890586410381,1.3802423523198792,3
27.0,27.0,True,0.1482051836222182,0.0951013040733741,0.3962550353017885,0.7606254320114775,-4.920977346191356,1
27.0,28.0,True,0.4719078690815297,0.3158540302738309,1.0557628664355074,0.305189940745228,5.476829807335556,2
27.0,29.0,True,0.3230028807949596,0.1667733006420592,0.7281456953910357,0.9327112296319688,0.3893198416839011,3
27.0,30.0,True,0.2681045962107429,0.1522849743551105,0.648014071591371,0.5619902101205686,-1.0456542628462029,3
27.0,31.0,True,0.2128472208229291,0.1142701146415594,0.4060838500070478,0.0887448538482923,-3.014221385697472,1
27.0,32.0,True,0.2339802855957637,0.1583206092180311,0.5461148031803714,0.1260316504367424,-2.404072505992776,1
27.0,33.0,True,0.1857536175925192,0.1393128342020056,0.54293458311093,0.997690290885196,-3.765969971447214,1
27.0,34.0,True,0.1186656304963526,0.0690427215702868,0.240331766618995,-0.1397063024755798,-5.830772549007369,1
27.0,35.0,True,0.1687032046212928,0.1001293462149349,0.3547369959982793,0.2035029225535742,-4.223299320634484,1
27.0,36.0,True,0.2503916055649362,0.189315427457736,0.8321212858246426,0.8739058560037012,-2.321618232941564,3
27.0,37.0,True,0.1235781210738003,0.1270293610055913,0.3674299893129362,0.5865718905402747,-5.568940236915129,1
27.0,38.0,True,0.1636887625583502,0.1659513901416352,0.5224245480002174,0.7923607054223752,-4.500005021457903,1
27.0,39.0,True,0.1769508926140775,0.1183240622904473,0.3891247220943666,-0.0621826267497131,-3.939447729631559,1
27.0,40.0,True,0.1020609319340979,0.0793485053664941,0.2498113037875138,0.4462189211986949,-6.344946828458672,1
27.0,41.0,True,0.2477198315322435,0.1737244373171028,0.7146204390570879,1.2809486162434307,-1.7902878314797726,3
27.0,42.0,True,0.1586463321488551,0.1166558856564117,0.3753475832909381,0.2877542637080485,-4.472040045100078,1
27.0,43.0,True,0.0724083704542088,0.0768761188267733,0.2985926635702619,1.0771784345513309,-7.38885736401717,1
27.0,44.0,True,0.087698036473034,0.0878407808159694,0.3149905770110102,0.8307897177134115,-6.967215261120147,1
27.0,45.0,True,0.2214738434381627,0.1489039501905151,0.5912173201244942,0.6658463877079185,-2.6433014787059705,1
27.0,46.0,True,0.151217821639348,0.1574950179588755,0.4990074471996707,0.7967940421391586,-4.951819257956904,1
27.0,47.0,True,0.1316114749991441,0.0986272111081138,0.3956755532521088,1.0688134229427793,-5.460363015936881,1
27.0,48.0,True,0.1834029384288344,0.1535508325955828,0.4997447054510212,0.751317889227608,-4.032665154730994,1
27.0,49.0,True,0.2244545070282272,0.1675735330462473,0.6280849007727436,1.0343511652465855,-2.7630574315878405,1
27.0,50.0,True,0.228660293515163,0.1659057938460522,0.5220687269972946,0.3178998747211933,-2.375842749371042,1
27.0,51.0,True,0.2060906536452013,0.1346524483589214,0.4568595453197657,-0.0026056772129966,-2.999242070384136,1
27.0,52.0,True,0.3160178629054172,0.210442093734101,0.7280567100236687,0.5027670435169036,0.1947545607994615,3
27.0,53.0,True,0.1985575382058385,0.1097606919918185,0.4167903565242681,-0.0722065000805766,-3.287678248087177,1
27.0,54.0,True,0.1122829503134796,0.0913755417594335,0.2791475286347603,0.1351054171417373,-6.193296994157169,1
27.0,55.0,True,0.2236038801412544,0.2097633277050322,0.7064008427716908,0.9662924118890835,-2.4939607718935144,3
27.0,56.0,True,0.1280046256401124,0.1240971003873749,0.3642956224845667,0.6590311742189096,-5.692093491818903,1
27.0,57.0,True,0.20898448618342,0.1412512403933946,0.5128012490795983,0.6651832958510835,-3.2042755438011765,1
27.0,58.0,True,0.186562281530095,0.1126259408537596,0.4446685870818457,0.398779576849658,-3.630250200989818,1
27.0,59.0,True,0.1361726199369754,0.1492786910637693,0.5090545870639482,1.0525375675595814,-5.404701625401535,1
27.0,60.0,True,0.1432363414026108,0.1046208471715204,0.5016137279980344,1.3097413367467536,-5.391806857868647,1
27.0,61.0,True,0.0788239318859385,0.0700334895585385,0.2611911874673413,1.0011301067290277,-7.042823078303252,1
27.0,62.0,True,0.1245531261815561,0.1002344500951151,0.3496560408801582,0.586863995574451,-5.855163555483742,1
27.0,63.0,True,0.1798504372793061,0.1672257148229567,0.671139620179159,1.04133572125329,-4.167815131449036,1
27.0,64.0,True,0.1058194124805575,0.1101105532502001,0.3964366529117892,1.2014849105255232,-6.271619989150826,1
27.0,65.0,True,0.1413912449446422,0.072267605300281,0.2675136853326529,0.173622054446336,-5.0864463226524155,1
27.0,66.0,True,0.1185437133391955,0.0941773777745837,0.331407492532084,0.5747363467130572,-5.854704091752331,1
27.0,67.0,True,0.1368003664132077,0.1071478994981278,0.4471681587518232,0.7093165392825861,-5.4601639563212006,1
27.0,68.0,True,0.1291975606250658,0.125812338335959,0.4544234209950121,1.0599441700972148,-5.58096143660976,1
27.0,69.0,True,0.1636218179064934,0.0736398632744691,0.374839268965098,1.0437911729056963,-4.558689758881299,1
27.0,70.0,True,0.1269898698633175,0.1257552102757036,0.4124989092407042,0.7429919702458375,-5.581676552760723,1
27.0,71.0,True,0.1170455260540445,0.1037555351153577,0.2721852447847785,0.220746082002944,-5.9237610702405314,1
27.0,72.0,True,0.0302055533644455,0.0416383900850214,0.1392328072512559,1.3080784017533644,-8.599173189130344,1
27.0,73.0,True,0.0950878982145539,0.1027786281415699,0.3517417170052461,0.9945269471959458,-6.602126830508192,1
27.0,74.0,True,0.2190891399541779,0.1156080531639435,0.4866965287975657,0.2680139450783208,-2.781075223671494,1
27.0,75.0,True,0.0842101528283526,0.0694836538948335,0.2342816536077641,0.5137130269737481,-7.01493132391068,1
27.0,76.0,True,0.190367912460803,0.1266701653710418,0.4676731414227891,0.5899672931829307,-3.552850980441651,1
27.0,77.0,True,0.0458672312271892,0.0482303063184422,0.1401193800965841,0.5741222027295981,-8.178813303130656,1
27.0,78.0,True,0.0920857784627072,0.0804555188470967,0.394911238942197,1.321093292100079,-6.922953714074998,1
27.0,79.0,True,0.1279272789792599,0.121076379039695,0.3540310086503813,0.3501305437610263,-5.698188336553692,1
27.0,80.0,True,0.1892289761469847,0.1247319593637203,0.5033632784573837,0.8797290698242495,-3.633340049340747,1
27.0,81.0,True,0.1208376515201132,0.1343974583610663,0.4900972599096522,1.1432348158280572,-5.785171237994115,1
27.0,82.0,True,0.1389908073430431,0.1268911016763504,0.4388885147787598,0.8522576597703208,-5.19850471313662,1
27.0,83.0,True,0.1708792793019385,0.1148934646942905,0.499503974630147,1.222036716370041,-4.154485294826932,1
27.0,84.0,True,0.1332946903187974,0.0794218387203756,0.2663668509618189,-0.0015430192485667,-5.353754372668142,1
27.0,85.0,True,0.1121477658508598,0.1253945209021552,0.4390637286189543,1.1719673829983523,-6.018040056307722,1
27.0,86.0,True,0.2281004116587902,0.1038343644521323,0.4871738756837632,0.4305925235880072,-2.519581399021745,1
27.0,87.0,True,0.1651115849044873,0.159857560224028,0.5133300589590121,0.8227387557204525,-4.246946720811064,1
27.0,88.0,True,0.2155984376314227,0.1323302144266768,0.5914774683904577,0.6549602761439821,-3.2349152306842184,1
27.0,89.0,True,0.2557628429280248,0.1326945276155408,0.556004842710179,0.3907996151475159,-1.8213903907541105,1
27.0,90.0,True,0.2370066946233635,0.1816344991002986,0.7364226259849015,1.0463025979154847,-2.22724437007169,3
27.0,91.0,True,0.2791797511501699,0.1897792520272067,0.8267702330727116,1.242094037934182,-0.9474896617582338,3
27.0,92.0,True,0.3277432573757047,0.1484345422760895,0.6832121452295269,0.0906602575172186,0.512605936927784,3
27.0,93.0,True,0.3575209439311846,0.1469346202484475,0.7715305870970328,0.4348323017797644,1.2663971986941196,3
27.0,94.0,True,0.0632086094433846,0.0397615258125585,0.1340866230178867,-0.1323690023641269,-7.61682369660817,1
27.0,95.0,False,,,,,,0
27.0,96.0,False,,,,,,0
27.0,97.0,False,,,,,,0
27.0,98.0,False,,,,,,0
27.0,99.0,False,,,,,,0
27.0,100.0,False,,,,,,0
28.0,1.0,False,,,,,,0
28.0,2.0,False,,,,,,0
28.0,3.0,False,,,,,,0
28.0,4.0,False,,,,,,0
28.0,5.0,False,,,,,,0
28.0,6.0,False,,,,,,0
28.0,7.0,False,,,,,,0
28.0,8.0,True,0.3727259237952025,0.1901711533271102,0.9365310446524728,1.446229834025314,2.0121258282971812,3
28.0,9.0,True,0.3248870735638392,0.2736559525460256,0.7616736567647316,0.074959666058171,0.4183153844334225,3
28.0,10.0,True,0.293010423945547,0.180721192374033,0.6507626582196451,0.2404086482516282,-0.248329042946138,3
28.0,11.0,True,0.1963046852596828,0.155657226962827,0.445831534726017,0.2040951931110768,-3.5075795825961484,1
28.0,12.0,True,0.2591608745783822,0.153283457759355,0.7386969989837217,0.2836323670018901,-1.9538631489570573,3
28.0,13.0,True,0.2552533154910051,0.1777818955526294,0.6912738384016515,0.5678585722599906,-1.5479213453626002,3
28.0,14.0,True,0.1461008787206987,0.084193642910523,0.302290559413587,-0.157947002651697,-4.998913634159234,1
28.0,15.0,True,0.215043922912894,0.103316949591961,0.3858727945120433,-0.0921891049666064,-2.9905587427968743,1
28.0,16.0,True,0.2264969850229157,0.1204415205029704,0.6004779144370672,0.6190472715328815,-2.9062091519722895,1
28.0,17.0,True,0.2505317034354729,0.1387013174393588,0.5617200824461975,0.5657283878999977,-1.5678413926854344,1
28.0,18.0,True,0.264537069401207,0.1516155692626,0.6723526694502172,1.021945534572167,-1.290212897312211,3
28.0,19.0,True,0.2312646816643701,0.2244832124290567,0.8849697286113019,0.7600429444602833,-2.775275037766238,3
28.0,20.0,True,0.2175809601835482,0.1307964345977812,0.4807911296493281,0.2766577933012803,-2.658999766894828,1
28.0,21.0,True,0.2637830027250413,0.1621827093670591,0.6852278723844883,0.7718989339432918,-1.3370347068344095,3
28.0,22.0,True,0.2008492610066546,0.1543283207719679,0.6020366406912492,0.9624402631753158,-3.339313845258646,1
28.0,23.0,True,0.2883725102168624,0.0872665522313978,0.4467558436352412,0.0305670309445668,-0.7126017843496496,1
28.0,24.0,True,0.2241867128083131,0.1528159079402401,0.5247736563273466,0.2302220639627651,-2.8151867382171716,1
28.0,25.0,True,0.2183083634820329,0.1690144173668753,0.5859536045380521,0.3186749469699377,-3.074872776993434,1
28.0,26.0,True,0.1905236847967079,0.1143661929305491,0.5593097686175358,0.9459861245449585,-3.819345505134184,1
28.0,27.0,True,0.3258112664765302,0.1494700965374142,0.6861506362113915,0.4095676829422959,0.6337741996567172,3
28.0,28.0,True,0.1889567145978992,0.165633355930888,0.6261900694334117,0.7141560794229485,-3.848659760024431,1
28.0,29.0,True,0.3434113259201437,0.2041191971774129,0.956104852852116,1.31201198373509,1.2995907048816515,3
28.0,30.0,True,0.2136611738813118,0.112727592346144,0.390399054742973,-0.438221956550908,-2.7403590682639285,1
28.0,31.0,True,0.225028457026164,0.1568060963096268,0.4692062785035704,-0.262354404989424,-2.737168662351891,1
28.0,32.0,True,0.1776969349453744,0.1529398195538456,0.4349423451494905,0.3094588967427511,-4.056534184720749,1
28.0,33.0,True,0.359851606576508,0.1475030421927343,0.6434637009732205,0.1319278404761546,1.512797080181458,3
28.0,34.0,True,0.3165031916015773,0.1883740561690706,0.6777038998044925,0.0220026850829267,0.3452977728058944,3
28.0,35.0,True,0.1778525139800819,0.109693450365531,0.3823587285251691,-0.0143091677476705,-4.077375586455747,1
28.0,36.0,True,0.1614894199774313,0.1050378739237085,0.4481469252393784,0.9286235608662728,-4.61137344154233,1
28.0,37.0,True,0.2450247056324468,0.1624882121190637,0.5762128849412328,0.1026282935445549,-2.045528678663533,1
28.0,38.0,True,0.1884650481115374,0.1040608727664762,0.4222048749545323,0.4507812506679687,-3.6527843731214222,1
28.0,39.0,True,0.1574156654587212,0.137782046205449,0.5962333326498769,0.921220400524554,-4.905649415597312,1
28.0,40.0,True,0.2333900842931171,0.1865455816520386,0.8004485947959253,1.104533052150777,-2.5534678786840224,3
28.0,41.0,True,0.1825364332752257,0.1187837147431056,0.5883739097622074,0.9267065489953576,-4.098337212832403,1
28.0,42.0,True,0.1749214691051181,0.1128760742514372,0.3967928694940537,0.3610462458127531,-4.061745650710346,1
28.0,43.0,True,0.153109384425331,0.0455387812635424,0.2617147069458002,0.5890479209350046,-4.874129151932792,1
28.0,44.0,True,0.199587695133972,0.1447517881851635,0.5719374004839546,0.3326301225446723,-3.682518616238812,1
28.0,45.0,True,0.1830524771664793,0.1219073969815909,0.4139002894676755,0.3773348609008951,-3.9273469904102902,1
28.0,46.0,True,0.3058585117993844,0.200882947395997,0.8429446638863632,0.8152124412715258,-0.3020754375427086,3
28.0,47.0,True,0.0932240398328209,0.1625617948876239,0.6673704814439735,2.291708678123689,-6.95842457420764,1
28.0,48.0,True,0.305834834783266,0.2355411001463518,0.8248543030827069,0.4657946842782535,-0.4440020471851891,3
28.0,49.0,True,0.2459109314517226,0.1710462836424291,0.789926190649618,0.8288994798312259,-2.101095302053312,3
28.0,50.0,True,0.3947651410127385,0.2265849468112722,0.9059692512259682,0.4970158577791791,2.784978663113587,3
28.0,51.0,True,0.250262991678892,0.174704535097213,0.7363636579004386,1.195759248910628,-2.0394905471221136,3
28.0,52.0,True,0.2690912076642513,0.1936929634775591,0.923218038119607,1.2213505389089476,-1.879503878441524,3
28.0,53.0,True,0.2213889249590386,0.150666676126097,0.4875433090054377,-0.1068746684741244,-2.6384454240383546,1
28.0,54.0,True,0.3020370678583067,0.212855888019918,0.7313237868847049,0.3305947911738869,-0.1147495060828946,3
28.0,55.0,True,0.1523842505963855,0.1393551802891302,0.5098669154375981,1.0371478546692223,-4.715589959848645,1
28.0,56.0,True,0.1987151182658586,0.1188954664963798,0.4358172808312895,0.4877463553044489,-3.3550299376821497,1
28.0,57.0,True,0.1254777391261774,0.0933116777125041,0.2944024296209535,0.2264685317307349,-5.586755606586249,1
28.0,58.0,True,0.1531176866742432,0.1361607714256598,0.6515903933998644,1.5125100539331595,-5.0140136861885,1
28.0,59.0,True,0.1246867045561681,0.1441206143016351,0.6157831367671116,1.1554497282788263,-5.942897652398234,1
28.0,60.0,True,0.1155973808359882,0.1093729334613435,0.3945138220598836,0.9184295873293792,-5.990377535609928,1
28.0,61.0,True,0.1510387897667904,0.1492389898228333,0.4908956070040879,0.8379631083376372,-4.866217057719026,1
28.0,62.0,True,0.1268762796501452,0.1129008018345628,0.3875934250886608,0.6932576052636245,-5.7858741383514225,1
28.0,63.0,True,0.1267294452423661,0.1091130580863637,0.3911511606977457,0.8739587470444503,-5.5360514559924425,1
28.0,64.0,True,0.1732310436202583,0.1478427906165427,0.6585477656287325,1.2320762761494155,-4.444327786207409,1
28.0,65.0,True,0.0577745070424815,0.0645909626672817,0.1975752755532227,0.7357676264422375,-7.722356214162689,1
28.0,66.0,True,0.165334722389064,0.1310087680313784,0.4827295705385784,0.5678671055374767,-4.455669134222875,1
28.0,67.0,True,0.0845305555336474,0.1303331651156536,0.4283639290582284,1.4798375671489437,-6.958784272595022,1
28.0,68.0,True,0.1448376062714651,0.0897611961569315,0.3099172208774464,-0.0011982563139183,-5.103544629534042,1
28.0,69.0,True,0.1047215274328832,0.0808209772030161,0.2681142980959629,0.5284909859986641,-6.456726637245614,1
28.0,70.0,True,0.1763542352118856,0.1290210664714511,0.4922490623058448,0.6345544718694939,-4.11235097757915,1
28.0,71.0,True,0.1742857755307372,0.1191762888051685,0.4199543725696415,0.3828114927722953,-4.183662479993924,1
28.0,72.0,True,0.2105337769062177,0.1313070760689451,0.5425937363983755,0.1428982660895302,-3.25325816334921,1
28.0,73.0,True,0.1060855737615381,0.1118269642611765,0.3894345961330661,0.930377800126409,-6.223291375075628,1
28.0,74.0,True,0.0676390404699642,0.071162279157685,0.2060149074531192,0.5633045791002164,-7.584268058801351,1
28.0,75.0,True,0.1434012496439184,0.1223535828480473,0.3740275831486526,0.664506042765995,-5.128302677193172,1
28.0,76.0,True,0.11294936507733,0.0582106217500127,0.2053072197405689,-0.428086236021398,-6.021572050280243,1
28.0,77.0,True,0.1464562761358152,0.1468160103861062,0.4142038499219884,0.6178373204249719,-4.925255444282335,1
28.0,78.0,True,0.1569131211730498,0.1268956280057745,0.4142354979331113,0.3607943575690866,-4.746263704364066,1
28.0,79.0,True,0.1833523765420725,0.1082639523159585,0.5220844547991335,0.7233140784397551,-4.160270871403314,1
28.0,80.0,True,0.0979436626507612,0.1232507261455053,0.4316443619234368,1.3587924743758804,-6.521760273656345,1
28.0,81.0,True,0.1068235326441447,0.1081169201883315,0.511347314423253,1.3038346403924994,-6.564814671206987,1
28.0,82.0,True,0.2191855620995633,0.1203945854936611,0.48955476213859,0.0984227095186261,-2.8577693268496773,1
28.0,83.0,True,0.1851753474608403,0.1379825329610656,0.4752136493395649,0.4998824742121091,-3.6122410679131938,1
28.0,84.0,True,0.1547760847425925,0.1565415654900992,0.6624324595092013,1.0030934664113322,-5.036520281692477,1
28.0,85.0,True,0.1599820560407131,0.1300939293659702,0.3982256823875164,0.2622464444615467,-4.602456717967981,1
28.0,86.0,True,0.1705250773800918,0.1207748809325433,0.3837338686180034,-0.0585384110893533,-4.4538480001708995,1
28.0,87.0,True,0.145116517410329,0.139378339942478,0.5606224219000964,0.8307436914954385,-5.24006610444392,1
28.0,88.0,True,0.1419996815830393,0.1111282110266146,0.3572168113180283,0.4218855576701334,-5.190787053630098,1
28.0,89.0,True,0.1735155997745564,0.1384373038372407,0.573035506336432,1.0244397885464478,-4.441751906902198,1
28.0,90.0,True,0.276242499958784,0.186915105176327,0.6985303594296453,0.4567923378487385,-0.9783561298886104,3
28.0,91.0,True,0.2768852244207579,0.1610835074196889,0.6670157020645484,0.3556281791608054,-0.788826491590643,3
28.0,92.0,True,0.3605693568093461,0.185534428471163,0.8135298912120011,0.4742868840944844,1.712610484109679,3
28.0,93.0,True,0.454351752549452,0.2238986725966931,0.9749168370359708,0.5272069453593405,3.8653901140115585,2
28.0,94.0,True,0.385676652337253,0.1766508397452164,0.8893399770390213,0.2110263468609109,1.900588067061091,3
28.0,95.0,False,,,,,,0
28.0,96.0,False,,,,,,0
28.0,97.0,False,,,,,,0
28.0,98.0,False,,,,,,0
28.0,99.0,False,,,,,,0
28.0,100.0,False,,,,,,0
29.0,1.0,False,,,,,,0
29.0,2.0,False,,,,,,0
29.0,3.0,False,,,,,,0
29.0,4.0,False,,,,,,0
29.0,5.0,False,,,,,,0
29.0,6.0,False,,,,,,0
29.0,7.0,True,0.1378143514873291,0.1172103014975148,0.4243606843369919,0.905126674523848,-5.399965972060504,1
29.0,8.0,True,0.3048155788758016,0.1177895871490934,0.5213655288461978,-0.288852003962269,0.0478579771015386,1
29.0,9.0,True,0.2408420478134158,0.1361274144586022,0.5129847337735722,0.1317774942268186,-2.173419019834051,1
29.0,10.0,True,0.275250666367674,0.141349305432768,0.5349567816450173,-0.1167862453500168,-0.8215601193344508,1
29.0,11.0,True,0.1784846382428195,0.1079965479159546,0.397373180130311,0.2742123843416273,-3.9936490913796607,1
29.0,12.0,True,0.2419289765485751,0.1210315817093728,0.5770538397400959,0.8839386286647222,-2.0380555474365742,1
29.0,13.0,True,0.2059959751953069,0.1189009566946982,0.3933201096933924,-0.1072701246748713,-3.2694142541458735,1
29.0,14.0,True,0.1569650495731747,0.1368680736804643,0.4787895739594769,0.8674530842246545,-4.661064601133038,1
29.0,15.0,True,0.19931898482195,0.120315122015886,0.4513019575826204,0.1970513807486089,-3.687846189458637,1
29.0,16.0,True,0.2556563126191035,0.1621550400696446,0.6400904500112967,0.819970110997848,-1.8614519662869715,3
29.0,17.0,True,0.2285349993778477,0.0911111142840723,0.3860082751520778,-0.4451463550147817,-2.4783248181537547,1
29.0,18.0,True,0.333595243411724,0.1769843843144672,0.6423894487293599,0.1267391549486773,0.4928264152639343,3
29.0,19.0,True,0.2034577375386535,0.1455949254045625,0.5382403194248704,0.8369119078428331,-3.172673700457545,1
29.0,20.0,True,0.2450980216272219,0.1826142915335292,0.6743715833970596,0.8624871189946204,-2.222920224965336,3
29.0,21.0,True,0.2797224420761807,0.1630438000995174,0.820293032361422,0.8828607041951185,-1.3581087278827446,3
29.0,22.0,True,0.2990263190369186,0.1557115248440946,0.5769897571086838,-0.3755988775294849,-0.4581319120627595,3
29.0,23.0,True,0.2408827113749944,0.1629681589339583,0.708413647522019,1.041759028260482,-2.268922609988727,3
29.0,24.0,True,0.2459027144053358,0.1575905949938391,0.6640425266235573,0.9446665570310212,-1.7850635658886391,3
29.0,25.0,True,0.2142065787462081,0.1388984008830021,0.4941581591354098,0.0243641923203503,-2.807667633406642,1
29.0,26.0,True,0.2277491287483657,0.126475875708947,0.4627029116250954,0.2093460071869836,-2.575212717606602,1
29.0,27.0,True,0.2143667485180068,0.1529901012354026,0.5232545902255654,0.3095050857768873,-2.8185949809852975,1
29.0,28.0,True,0.2277026802503346,0.199413570448153,0.8783150173623767,1.6844933694609094,-3.208889875515013,3
29.0,29.0,True,0.2695654051118872,0.1508915562484696,0.7237995196838797,0.7752694485335162,-1.4506487767672822,3
29.0,30.0,True,0.2678355162656052,0.1199119584445063,0.5159515809555314,0.0938614731625721,-1.37170806062779,1
29.0,31.0,True,0.3034121130774712,0.1479102401760586,0.7609141180485537,0.6112994953281611,-0.5279835375366686,3
29.0,32.0,True,0.3110796722110903,0.1786673399596277,0.6665977065224868,0.3986857878317981,0.0073300819930368,3
29.0,33.0,True,0.2586962757542722,0.1136208931690303,0.5102352568085817,0.5989289568401313,-1.701858648124239,1
29.0,34.0,True,0.3293756079589729,0.1530079042931784,0.5872638516568728,-0.4603511523624165,0.3927788672161855,3
29.0,35.0,True,0.1877569074272073,0.1090752280379559,0.4323403274680396,0.82693222526526,-3.805171462538408,1
29.0,36.0,True,0.1562369384521933,0.08772864834554,0.3657663826097744,0.5610163791329836,-4.802067858716697,1
29.0,37.0,True,0.2319773702930853,0.1761131805650606,0.8248064579836084,1.0181524985218275,-2.77559888775967,3
29.0,38.0,True,0.2305510256604004,0.1033701791273013,0.4299591191439087,0.2274409474709929,-2.3172949890649903,1
29.0,39.0,True,0.185038601878805,0.1183927099034586,0.4803174779811854,0.5090370470183596,-3.810592275878788,1
29.0,40.0,True,0.1893746654849821,0.113443174797838,0.4382363204452875,0.2053730413672185,-3.700533852767937,1
29.0,41.0,True,0.1913272017972897,0.1443011532470483,0.6634101666030292,0.768744794018279,-3.843560622797673,1
29.0,42.0,True,0.3164985573209576,0.2231873901967854,0.8399233144179793,0.9623232644834478,0.3583710173990378,3
29.0,43.0,True,0.2207763783237427,0.1290652436369501,0.5398171379383995,0.7792657289674286,-2.664366703601078,1
29.0,44.0,True,0.2893591586154588,0.2002585092430289,0.9326663424589112,1.453206708814628,-1.2807058580973414,3
29.0,45.0,True,0.2537768137418277,0.1679912130085271,0.5874754638597309,0.249533877046601,-1.7018712189723584,3
29.0,46.0,True,0.2790132967848403,0.1384969794730653,0.5027473272806822,-0.4752816635047199,-1.0704974117581971,1
29.0,47.0,True,0.2881675813452649,0.176433838037207,0.693513738738253,0.5948015417461304,-0.89383685443377,3
29.0,48.0,True,0.3819550333301795,0.2336498966556934,0.952374973704537,0.7619093378003743,2.571647485588892,3
29.0,49.0,True,0.4061739373424338,0.1637540596254553,0.6944502943061643,-0.2381066179186176,2.878657044474904,3
29.0,50.0,True,0.3052765529796132,0.126003518864264,0.5398335288888344,-0.3896129014482848,-0.0242572867206413,1
29.0,51.0,True,0.4104169636060159,0.139505633675807,0.6690275823373482,-0.2585017509305533,3.038921021898418,3
29.0,52.0,True,0.406481488453183,0.1610061568595457,0.7430403229042073,0.0437650555941041,3.043232852052723,3
29.0,53.0,True,0.296716525543692,0.2586044921194904,1.106056543544412,1.3041421654630505,-1.2025220082286652,3
29.0,54.0,True,0.2679197011105785,0.1145897088973588,0.4496578323345878,-0.0630225403707573,-1.1816858335518634,1
29.0,55.0,True,0.2512698797377872,0.1632600688580202,0.596639250246698,0.6227391075337245,-1.685560928504424,3
29.0,56.0,True,0.1884521795432325,0.1449832945005331,0.5557402411295226,1.0054047595749105,-3.665746570449,1
29.0,57.0,True,0.2163190782157603,0.1366755484861463,0.6610361941152139,0.8078778460528588,-3.0573646660798066,1
29.0,58.0,True,0.1091799392559431,0.0941508628587828,0.2880598761083938,0.3018908001026799,-6.2961118189031575,1
29.0,59.0,True,0.0920234221564069,0.0842739373131705,0.300945909620106,0.6104133073096196,-6.808300493766481,1
29.0,60.0,True,0.0413814236002988,0.0509165569699764,0.1392079637205853,0.7769021239480643,-8.245139721196422,1
29.0,61.0,True,0.1159474662449885,0.0885093410775578,0.283391667597494,0.0601600380050776,-5.941463973203891,1
29.0,62.0,True,0.1790951318977043,0.151308550324608,0.5687267823695213,1.131614079284298,-4.220608322593552,1
29.0,63.0,True,0.0740604559445218,0.112392788629498,0.3935667804692903,1.6951968072830914,-7.237053890827719,1
29.0,64.0,True,0.1708845147401696,0.1000815072036539,0.371738818885108,-0.0693480014164124,-4.250828583501899,1
29.0,65.0,True,0.1766322214415426,0.1816844370434424,0.6210147188923331,1.1924981310680745,-4.314811451812398,1
29.0,66.0,True,0.1244497786824548,0.0938353639175452,0.2970171489450496,0.2755131670517214,-5.722322990139955,1
29.0,67.0,True,0.082442251290594,0.0616769939292244,0.2461203153721473,0.7362871810010139,-7.050498559277889,1
29.0,68.0,True,0.1359797303636959,0.0929997592448332,0.3261840474097052,0.2897904369318865,-5.48910855700154,1
29.0,69.0,True,0.157341743035962,0.08559155991884,0.355467548962064,0.2976982030571814,-4.705194986507268,1
29.0,70.0,True,0.0852584174241244,0.0845364873209126,0.2830709763357649,0.8402678126777655,-6.9588706799542015,1
29.0,71.0,True,0.0827631348652829,0.0715208985351977,0.2218054005069859,0.2687348043130635,-6.959848990380614,1
29.0,72.0,True,0.0848757809350058,0.0987328274641438,0.2821270281126247,0.7405813234027249,-6.910888835142421,1
29.0,73.0,True,0.0923012953588511,0.0828123084269668,0.2488060787993438,0.447048470248371,-6.656776607379063,1
29.0,74.0,True,0.0985682703571718,0.1471075640213558,0.7666084935660222,3.091268329296088,-6.8077130634168626,1
29.0,75.0,True,0.0994386438957082,0.0677273693518571,0.264108860348925,0.5232189439574254,-6.420228660664138,1
29.0,76.0,True,0.1235755043622741,0.1365899221108369,0.404257593829487,0.764298217042491,-5.5904448220257645,1
29.0,77.0,True,0.145582498493907,0.0997959106471688,0.2994546169871783,-0.1924562461296112,-5.1194241550493675,1
29.0,78.0,True,0.0910119043346156,0.0976071785992883,0.4006911076225954,1.275224989307797,-6.877143441790416,1
29.0,79.0,True,0.1096589942706536,0.0965755882638241,0.3179424916671741,0.4513971129974439,-6.206472608516569,1
29.0,80.0,True,0.2074486161501253,0.1247016650489942,0.4705355259400636,0.1647443591546212,-3.2420020825457954,1
29.0,81.0,True,0.2071760522457736,0.1490248092846752,0.749575537181426,1.34309229419448,-3.3477449082568445,1
29.0,82.0,True,0.1875231468284997,0.1405880554708716,0.5654647632510468,0.7662839157903995,-3.982376916311986,1
29.0,83.0,True,0.1954391789607474,0.1345319015642096,0.4742093336872811,0.6761590173043068,-3.5193752149454545,1
29.0,84.0,True,0.1106130504060121,0.1045825453857435,0.3840181823504681,1.1096775482644383,-6.263910248271239,1
29.0,85.0,True,0.0914408762657158,0.0995732653962979,0.3163725858998166,0.7732692864437495,-6.617711916376329,1
29.0,86.0,True,0.1669420894234394,0.1066433966183156,0.3963626082244487,0.5047591738740489,-4.39577371148544,1
29.0,87.0,True,0.217415881932755,0.1615405611903297,0.5241843862517795,0.4156572101905185,-2.6935666400194105,1
29.0,88.0,True,0.1591187428585068,0.1467846527014212,0.5500885611836586,1.317722398443142,-4.766829788803848,1
29.0,89.0,True,0.1417800992070978,0.1036961264849647,0.34836588959282,0.4266113824624433,-5.089048297199138,1
29.0,90.0,True,0.2185562763944271,0.1204403126879487,0.5143844058238737,0.4632458291971568,-3.054869346911225,1
29.0,91.0,True,0.2330332249081617,0.2020417601937292,0.7750970656898883,1.0026925003342455,-2.5550731048625837,3
29.0,92.0,True,0.2892484922526095,0.1148653758760618,0.5250076642546461,0.6574602578269432,-0.6225897216994576,1
29.0,93.0,True,0.3621654229867269,0.2365044439490724,1.3807735956567535,2.4459179119093823,1.045039988733396,2
29.0,94.0,True,0.462373389393985,0.1512419597762848,0.6918076014690429,-1.0706511434417043,5.068263822409818,3
29.0,95.0,True,0.0429029492410103,0.0500860720579375,0.1418147569941508,0.601882347000855,-8.262106366002472,1
29.0,96.0,False,,,,,,0
29.0,97.0,False,,,,,,0
29.0,98.0,False,,,,,,0
29.0,99.0,False,,,,,,0
29.0,100.0,False,,,,,,0
30.0,1.0,False,,,,,,0
30.0,2.0,False,,,,,,0
30.0,3.0,False,,,,,,0
30.0,4.0,False,,,,,,0
30.0,5.0,False,,,,,,0
30.0,6.0,True,0.0276934012045749,0.0387024536713775,0.1262432306006977,1.2026263139501605,-8.669880545788981,1
30.0,7.0,True,0.350056616130083,0.2080697943151322,0.8071645715341352,0.306355393685119,1.5352926727711411,3
30.0,8.0,True,0.2397404418041606,0.1064315641306766,0.6263173575046087,1.7517735190747346,-2.2883569802410646,1
30.0,9.0,True,0.3580385674021004,0.1374804820558991,0.6298335020344694,0.0260265530723798,1.2218330549274277,3
30.0,10.0,True,0.4213474883204297,0.1888299605125601,0.8578929365312083,0.2642154330691351,3.671668410406201,3
30.0,11.0,True,0.3354480817222191,0.2545551723686796,1.0053242038915189,1.009098944993543,0.9815649744649786,3
30.0,12.0,True,0.2127979662819499,0.1353668066550302,0.488928310629463,0.2442233964711171,-2.887339992140083,1
30.0,13.0,True,0.3289279745528202,0.1711744521087686,0.8493886132172586,0.9994308246491848,0.1097681492741435,3
30.0,14.0,True,0.205492384701438,0.1144273526119703,0.4888058737023171,0.5171092273630365,-3.239803024954525,1
30.0,15.0,True,0.1993599001187226,0.212414818646707,0.7135921627097114,1.2495943134951155,-3.3347161103847656,3
30.0,16.0,True,0.2676764395790352,0.160215573418772,0.5688379609884454,0.0808032540248661,-1.179873168656833,3
30.0,17.0,True,0.2447748987354845,0.1988663851885186,0.7795071212406672,1.244476211977671,-1.994278156736691,3
30.0,18.0,True,0.2145925159186259,0.2322520439732134,0.8526665445620263,1.4428919354947871,-2.9230197043632575,3
30.0,19.0,True,0.3237726523936263,0.1875915607236114,0.6909402861148733,0.1265222561325492,0.4447030113993212,3
30.0,20.0,True,0.1665861242079885,0.1583256700650613,0.6353578108629246,1.1613769380642247,-4.574225245258144,1
30.0,21.0,True,0.2611965303299915,0.1202909591827618,0.5381113467878118,0.1110189459874635,-1.3116065181720729,1
30.0,22.0,True,0.2806441356578071,0.1871126210984872,0.7788969375363123,1.0550293486014477,-1.0373163852455782,3
30.0,23.0,True,0.2395344666364159,0.1560757227048669,0.6217520018321787,0.6684531584432621,-2.3155611787562353,1
30.0,24.0,True,0.2540647443218564,0.1761724564339634,0.6826689344926189,0.1942292118365824,-1.9052295308428404,3
30.0,25.0,True,0.305929799380477,0.1513075156312667,0.6775400342589849,0.4358088669969689,0.0527683409477387,3
30.0,26.0,True,0.1805250722676012,0.1089095625420684,0.4018993266530649,0.1400512959487301,-4.132351065453495,1
30.0,27.0,True,0.199695131435024,0.0987119464794516,0.4364327879024661,0.1429870829971757,-3.4599100651417327,1
30.0,28.0,True,0.2706359161137996,0.1248876412750854,0.5081692301263218,0.2876267530272155,-1.082761022108702,1
30.0,29.0,True,0.3457948866970142,0.1854875138094852,0.7991320021915478,0.3387040133852892,1.1508208026181068,3
30.0,30.0,True,0.2980881977476093,0.1353113480459997,0.6055752829801325,-0.073916845574969,-0.6335223620832704,3
30.0,31.0,True,0.3796456307314285,0.2206656331843432,1.2431808160537408,1.626149516837096,1.4749282037155138,2
30.0,32.0,True,0.2610193946673333,0.1341851939662736,0.5709252580283156,-0.2019153443002023,-1.7102112151384772,1
30.0,33.0,True,0.0931934030425536,0.1086338713307758,0.3271223323822982,0.8540741462671742,-6.62009350276721,1
30.0,34.0,True,0.1885755678320936,0.1924368036540965,0.9612213303324014,2.1336015501162993,-4.137072938858742,3
30.0,35.0,True,0.1693460384518652,0.1332851825780013,0.4639065012782982,0.5056581151442993,-4.233664461498224,1
30.0,36.0,True,0.2382483776770488,0.1403246435949779,0.4414962059739072,-0.1149616893767593,-2.4158919399892067,1
30.0,37.0,True,0.2242711464992966,0.0999863235517166,0.4141703290750666,-0.0338079959653617,-2.486898516815543,1
30.0,38.0,True,0.1560075554941226,0.089185786799486,0.3931882323560209,0.3832270218483297,-4.85819138577215,1
30.0,39.0,True,0.2066287867858909,0.1646675065427101,0.870280380090266,1.8832589728450757,-3.41810070671586,3
30.0,40.0,True,0.1824918058923262,0.1669857114086847,0.6112552108068907,0.978111757760568,-3.9802739780418266,1
30.0,41.0,True,0.2814420941229616,0.1823792510780481,0.6914546333391205,0.6482012787025008,-0.8266058405909811,3
30.0,42.0,True,0.228094274990442,0.1913392622245039,0.7153201828078883,1.1321285908306462,-2.6366609178950196,3
30.0,43.0,True,0.2819316162362034,0.2287872738767637,0.7783927212543013,0.4714153457724396,-0.7081171795157837,3
30.0,44.0,True,0.2346438145034205,0.2309764971325526,0.8158122877231873,1.1050623721840085,-2.129737498848199,3
30.0,45.0,True,0.1421627379937321,0.0850060245984174,0.3288740988000441,0.1643201340610259,-5.318570086064783,1
30.0,46.0,True,0.263459045571113,0.164382618235304,0.53974889705149,0.0437122059361601,-1.1511973909593385,3
30.0,47.0,True,0.3379350660114031,0.1785493247663124,0.6428003516000699,-0.4239159089195473,1.1578559899266463,3
30.0,48.0,True,0.2138170624149087,0.1598582233296205,0.5587326117656692,0.4625165864099885,-3.0065956195656485,1
30.0,49.0,True,0.2602129603440477,0.150115171728125,0.6175813474426661,0.57360909048321,-1.4096136625229367,3
30.0,50.0,True,0.2780669839195256,0.1777906833833414,0.7565567821931021,1.1334146210136409,-1.2348885311492233,3
30.0,51.0,True,0.3472714240141357,0.2760895669376152,0.9703433100081276,0.7200213656405634,1.3252166737651534,3
30.0,52.0,True,0.2416310408973773,0.1460860158795289,0.5551543907451547,0.5434714013416622,-1.981666454047446,1
30.0,53.0,True,0.2405489438974415,0.1968308865457214,0.6954715402519955,0.8957813512579669,-2.0809962846798937,3
30.0,54.0,True,0.2275051697672902,0.1566148831330948,0.5650909387270164,0.4051306047562051,-2.4569333572315672,1
30.0,55.0,True,0.2954629598183875,0.1377283052653292,0.5757099505400306,0.6087484386195676,-0.6979541897615453,3
30.0,56.0,True,0.320827758866481,0.1455815560505008,0.5591222830460245,-0.6566294825347296,0.5883746358707058,3
30.0,57.0,True,0.24146523340391,0.213725460133776,0.992124948695609,1.5249571182048998,-2.3377015089986215,3
30.0,58.0,True,0.2576883693302719,0.1490698876647151,0.4856206258723336,-0.2856973702140995,-1.576546491403819,1
30.0,59.0,True,0.1304929299389116,0.1087118342823609,0.437812909599597,0.710724982263601,-5.602322661637838,1
30.0,60.0,True,0.1111961722794067,0.0889931877036872,0.2703041189579577,0.3157625508246325,-6.051412030070544,1
30.0,61.0,True,0.1505614606339097,0.1211520123912776,0.4434931439055818,0.6003278891298949,-4.9262617644593,1
30.0,62.0,True,0.1350236841729626,0.0921031806073447,0.3317252956501828,0.3106430291273507,-5.259702466444077,1
30.0,63.0,True,0.1520736125068687,0.1399368896014425,0.5203891945586618,1.0136317852896608,-4.76641513699414,1
30.0,64.0,True,0.0527910726754221,0.0503507601473922,0.1431125386243195,0.3563022915018645,-7.873675727101617,1
30.0,65.0,True,0.1305297421776053,0.1131911787488172,0.5551521748118794,1.5799921571109157,-5.740382366929883,1
30.0,66.0,True,0.1488999586962328,0.059349736335575,0.2823453295043694,-0.2120609501844185,-4.9137991895492235,1
30.0,67.0,True,0.1991744322562224,0.1135265086911505,0.5352487258040436,0.6267243640851909,-3.466071581931604,1
30.0,68.0,True,0.1761480782081679,0.0889232447510584,0.3145179681742409,-0.2187460187265507,-4.280791176503759,1
30.0,69.0,True,0.0929640799542111,0.0838130203303312,0.3451193984410668,0.8412939128785937,-6.78542885140835,1
30.0,70.0,True,0.0903805309406862,0.0920233637867651,0.342782603762107,1.2819564717918348,-6.813012884707518,1
30.0,71.0,True,0.0493717947264313,0.0778686893503605,0.2644871371636013,1.8326265851196972,-7.974698833885652,1
30.0,72.0,True,0.1574188067848754,0.1317262300473733,0.4851318075582361,0.9656419729893684,-4.97889468324035,1
30.0,73.0,True,0.0609984701191988,0.0454070631747247,0.1391610370515408,0.3915562865205639,-7.615422421478362,1
30.0,74.0,True,0.1685923869307318,0.1086973185955954,0.3792906292867538,0.2438150150905485,-4.236202433124771,1
30.0,75.0,True,0.1430617949195701,0.0797130098005878,0.3115816646412119,0.1439463907707385,-5.11863088874842,1
30.0,76.0,True,0.1168598972763724,0.0509206544559071,0.1933013937840321,-0.3791369528310879,-5.883681868993953,1
30.0,77.0,True,0.1364995702144092,0.1292725749820729,0.4610434864632562,0.8567962619882085,-5.20925480131525,1
30.0,78.0,True,0.1451078495090081,0.1926910796306599,0.6065198541897808,1.2363652518275712,-5.179474493993561,1
30.0,79.0,True,0.1236423660217305,0.1291582802239196,0.4428706649629013,1.1474275811428554,-5.946082594917252,1
30.0,80.0,True,0.1348434627659713,0.1580225460650986,0.5670043160161563,1.525590231917418,-5.3756462150388,1
30.0,81.0,True,0.1286327838155573,0.0850235624787478,0.2860045894959275,0.2044768625186543,-5.4365503776346635,1
30.0,82.0,True,0.1292998437150543,0.0928259091278224,0.3787352154686233,0.9386129774125356,-5.625753933170916,1
30.0,83.0,True,0.1810809807258044,0.1082263457879741,0.3886760539050028,0.0828663944713313,-4.089265608908397,1
30.0,84.0,True,0.1704963944687109,0.1021985281613156,0.4197786420861057,0.3450115462646357,-4.334402140680278,1
30.0,85.0,True,0.1330860538912943,0.1402803665407119,0.465965804903631,0.8648402277281139,-5.509123139894818,1
30.0,86.0,True,0.1925032898965574,0.1857147092176875,0.5698625616806297,0.6716874701122939,-3.489032322690264,1
30.0,87.0,True,0.1403853724724902,0.0999467925534529,0.3641982944040877,0.6680942901895696,-5.092420366844973,1
30.0,88.0,True,0.2184955275665148,0.1322166567349915,0.4606743780575829,0.3017780994352986,-2.918411225329042,1
30.0,89.0,True,0.3219520784570926,0.1460488322118686,0.5989986639690768,-0.0513815292287332,0.3579182689782557,3
30.0,90.0,True,0.3207409669278672,0.1394132280851427,0.541585599428615,-0.7834030453781137,0.4003942391027695,3
30.0,91.0,True,0.2876480530602716,0.1492301820189322,0.5351857082383955,-0.0221460181743344,-0.6663195748247994,3
30.0,92.0,True,0.2923931443701669,0.2086105064560711,0.9261664715267414,1.8376026463138608,-0.6248297088975894,3
30.0,93.0,True,0.4545598132985332,0.2667305739442915,1.1251527569014304,0.8739621449572386,4.315153789171689,2
30.0,94.0,True,0.4779395636603199,0.2005868917585357,0.9022482933502818,0.7440805397149909,5.027482300088236,2
30.0,95.0,True,0.3346994929793493,0.255251246361417,0.903591259185618,0.5331212100341132,0.0652115780761943,3
30.0,96.0,False,,,,,,0
30.0,97.0,False,,,,,,0
30.0,98.0,False,,,,,,0
30.0,99.0,False,,,,,,0
30.0,100.0,False,,,,,,0
31.0,1.0,False,,,,,,0
31.0,2.0,False,,,,,,0
31.0,3.0,False,,,,,,0
31.0,4.0,False,,,,,,0
31.0,5.0,False,,,,,,0
31.0,6.0,True,0.1886883430124497,0.1894967494918023,0.5809457238806978,0.8951037228487689,-3.901846162072612,1
31.0,7.0,True,0.5782819147149713,0.2488581562738635,1.5,0.7423683294978043,7.558201122398929,2
31.0,8.0,True,0.4062619674788427,0.1968863090869936,0.8317625291979903,0.1192688400117915,3.29549111748148,3
31.0,9.0,True,0.3119950789677086,0.171077811802737,0.6929667526057772,0.4650557338237849,-0.2875679461417806,3
31.0,10.0,True,0.2646857703541473,0.1500911176444186,0.5962939764564138,0.3038822221801622,-1.4796102719712088,1
31.0,11.0,True,0.1562951237776273,0.098799393984708,0.3582384714199385,0.3022460336950563,-4.714033659220338,1
31.0,12.0,True,0.1868567304293065,0.1132530820527961,0.425036677903134,0.2235186800937137,-3.9253843129122945,1
31.0,13.0,True,0.3409170900841233,0.2552425669196239,0.9493944793631918,0.755267854156128,1.080780163673795,3
31.0,14.0,True,0.2607694171633291,0.1501410888628913,0.5716850961741303,0.2352686327155339,-1.2608026361976146,1
31.0,15.0,True,0.2557544858394567,0.1719843233778043,0.6721356052078777,0.5883456712216255,-1.827582035253071,3
31.0,16.0,True,0.2192594606161717,0.1436886716566781,0.4845169291790992,0.1397450530667965,-2.6106431352364887,1
31.0,17.0,True,0.1970223030164107,0.1304645208798734,0.4492136669878899,0.4790326451694733,-3.517505843267438,1
31.0,18.0,True,0.2623698160279433,0.1330675348290742,0.5387492253449154,-0.0989123605631521,-1.209023490826488,1
31.0,19.0,True,0.1991075132647494,0.1908324593986582,0.7326331794527853,1.6800033172023574,-3.168495433757131,3
31.0,20.0,True,0.1919651836471168,0.0885000627960609,0.3864639714703904,0.3389549083163076,-3.667232274199737,1
31.0,21.0,True,0.3263356078156408,0.140975941153146,0.5819832492103877,-0.7968800817747822,0.2709775227815688,3
31.0,22.0,True,0.2541092856935994,0.1347228235233749,0.5847877270885832,1.311336288316598,-1.5758703402674104,1
31.0,23.0,True,0.22798377816176,0.2154918738196308,0.732425189158769,0.8508706154836612,-2.4225877777584364,3
31.0,24.0,True,0.2549593355251048,0.1998325192512833,0.7484381236073369,1.111842771026036,-1.8188893055465511,3
31.0,25.0,True,0.260116733232815,0.1652238836883177,0.5294940524122937,0.0068349422345586,-1.4805402787420854,1
31.0,26.0,True,0.2042391930620288,0.1717700880326768,0.588531650208423,0.6697521533792052,-3.0538790720739817,1
31.0,27.0,True,0.2728595442419716,0.1631671026942315,0.5787726856158636,0.1264304923827291,-0.95376018157892,3
31.0,28.0,True,0.2353144742969458,0.1857894586890607,0.79130129621594,0.7572679833001823,-2.5645278994462704,3
31.0,29.0,True,0.2501604209280632,0.0953068925737948,0.4530935319185644,0.1458124413696674,-1.8774094745984025,1
31.0,30.0,True,0.1336663297166343,0.1433265995550218,0.498370654942016,1.0823143199855574,-5.315110970693361,1
31.0,31.0,True,0.198176703942151,0.1420157546593299,0.4963269005868274,0.460300319627546,-3.481502341150484,1
31.0,32.0,True,0.3500208328818314,0.1810943396387331,0.9758920106109584,1.335304286062149,0.8854334124120211,3
31.0,33.0,True,0.2717264828490416,0.1408547415426279,0.5488918017135633,0.3362338294127193,-1.4621172105063176,1
31.0,34.0,True,0.2758775105935577,0.1991864317968103,0.7075112561330316,0.500370635812592,-1.0515293960057448,3
31.0,35.0,True,0.1758332243669514,0.1309123969082593,0.51456606081261,0.9893388314317318,-4.043621884138453,1
31.0,36.0,True,0.2154322169979971,0.1573563604089753,0.584402583111374,0.6908916644961545,-2.8101240353821977,1
31.0,37.0,True,0.1413940175672213,0.0907677893838545,0.2648120218548687,-0.1162988987073214,-5.033244032388433,1
31.0,38.0,True,0.1809739015179115,0.1268945332453616,0.4555650405966688,0.561799806279903,-4.027815885649194,1
31.0,39.0,True,0.1301809726101504,0.11484291700021,0.3936308529558565,0.7380171873263968,-5.551364255836762,1
31.0,40.0,True,0.1920697779499913,0.1169516780426219,0.4414631341626364,0.3286327013532829,-3.824957854816783,1
31.0,41.0,True,0.3067235002672503,0.1461373473957283,0.590962154937883,-0.0558010945296243,0.0353209037628451,3
31.0,42.0,True,0.4208154477011309,0.229113616066441,1.284009301609737,1.5260513934768702,3.000760234268359,2
31.0,43.0,True,0.1978068445699297,0.12720621587702,0.424994620443856,0.3294165037013381,-3.531326762820679,1
31.0,44.0,True,0.3723422446416306,0.2217156479397659,0.9780185537119728,1.1480900909551166,1.552528986099985,3
31.0,45.0,True,0.291015283438566,0.1781002476406464,0.6575990974162048,0.3943052226790214,-0.6680286032175146,3
31.0,46.0,True,0.2712708207327905,0.1306399166512455,0.5184627387209697,0.1275713414245163,-1.2376690602380067,1
31.0,47.0,True,0.1496794889258631,0.098133058776545,0.3258832973264547,0.1270033060412767,-4.789223765731755,1
31.0,48.0,True,0.2586402559987936,0.1887083444358287,0.6521199231482641,0.5489485800659267,-1.4009091619345992,3
31.0,49.0,True,0.1756209579180717,0.1755081282154112,0.6251164763696099,1.2248715386855082,-4.206226900765786,1
31.0,50.0,True,0.2414923124480056,0.1332744117031918,0.4659822817049133,-0.3579514995558585,-1.9140261232607845,1
31.0,51.0,True,0.1819755779252005,0.1313094525164345,0.4211533265445911,0.2865431143796231,-4.052363227698122,1
31.0,52.0,True,0.2497123938177895,0.1783413261473201,0.671877010093658,1.0446265016993646,-1.751536208131339,3
31.0,53.0,True,0.337536173233751,0.1566648249117831,0.7112690439411632,0.3282882683186487,0.9250054317252364,3
31.0,54.0,True,0.2822034357887323,0.1788640948124593,0.6516637794951451,0.2954486883228926,-0.8651625693982882,3
31.0,55.0,True,0.3010713588685413,0.1181307899847121,0.5375485912634078,-0.6390903369956085,-0.3782038640112147,1
31.0,56.0,True,0.1399740141967096,0.0786572931140581,0.2777972872831429,-0.2036385737584431,-5.180316644236056,1
31.0,57.0,True,0.151752933606546,0.1229915481950026,0.4020530978415256,0.5806320873938344,-5.124174038528108,1
31.0,58.0,True,0.2272585788002529,0.1217560330468872,0.4839667138276257,0.1726150939769808,-2.3941191987758064,1
31.0,59.0,True,0.2496392168723348,0.1932846614377321,0.7380368693218841,0.331264436346385,-2.039998815787121,3
31.0,60.0,True,0.0853581339285399,0.1149012989037171,0.5097006335111194,1.6978223690747352,-7.094098010689831,1
31.0,61.0,True,0.1679310346873646,0.1109554258817691,0.3915306672094985,0.2744570140449456,-4.433899807220339,1
31.0,62.0,True,0.152019590743646,0.1533089480496774,0.5974275386752588,1.3739464447334075,-5.039150869533097,1
31.0,63.0,True,0.1951132728774412,0.1220754902571067,0.4328819629095654,0.3150429795256369,-3.34213615244871,1
31.0,64.0,True,0.2056094543176264,0.1072818216164663,0.4637568040642372,0.0460955323760324,-3.4465829996061177,1
31.0,65.0,True,0.1978508292563611,0.1449323492418747,0.7695692022837467,1.877425518503427,-3.7658098323743054,1
31.0,66.0,True,0.1578693350016176,0.1080261789404589,0.4243682919403481,0.7747699950307542,-4.749775035353853,1
31.0,67.0,True,0.1435302963004186,0.1038561582873737,0.4626685707618318,0.9480466239474108,-5.250185241318022,1
31.0,68.0,True,0.0916651260076455,0.0998071686884869,0.3696438764498976,0.8486427221582716,-6.830996602426436,1
31.0,69.0,True,0.1962492050565774,0.1577401371856592,0.4679446984163133,0.2599346228877368,-3.4496272024312313,1
31.0,70.0,True,0.1156575092800469,0.0593521428843502,0.2858014179109748,1.0510157213071316,-6.032114935309704,1
31.0,71.0,True,0.1086669173190118,0.0748315329523819,0.2496275799414709,0.362175668087509,-6.147413113689609,1
31.0,72.0,True,0.1629350906471674,0.1122621036928202,0.4472387031969076,0.9008843347184968,-4.594772302429313,1
31.0,73.0,True,0.1222984799042666,0.1275673068683067,0.4507042713626449,0.7849514441461739,-5.84211971343441,1
31.0,74.0,True,0.1507110798907638,0.1188011765087782,0.4076570496006281,0.6390527319347742,-4.7767420481245875,1
31.0,75.0,True,0.2119942242182143,0.2145532895577538,0.8301360927112571,1.2122625166759604,-3.3341348577596364,3
31.0,76.0,True,0.1535252678551174,0.1148822310036579,0.4078700310280206,0.4410511047447351,-4.685790234779827,1
31.0,77.0,True,0.0723834587523029,0.0634148231060727,0.202024765841446,0.3338332996342774,-7.265108642489202,1
31.0,78.0,True,0.0689360784870382,0.0640578176828205,0.1980251162475748,0.2929370420417928,-7.367519134472312,1
31.0,79.0,True,0.1296590038316508,0.1024188869111391,0.3764853320436347,0.8591678200506817,-5.396478096567306,1
31.0,80.0,True,0.1753529126906546,0.1321228409727558,0.5604584405831431,1.1513654782719678,-4.308097367873173,1
31.0,81.0,True,0.1597423895483207,0.1247125271486708,0.4893731368902426,1.306103918417298,-4.49175217177649,1
31.0,82.0,True,0.0636325263258408,0.0633955850735041,0.2452851315299094,0.9926780434975216,-7.704361679802721,1
31.0,83.0,True,0.1866307517306284,0.1539958063703766,0.4982555577760655,0.6774553301174011,-3.707173166778163,1
31.0,84.0,True,0.1944904329877919,0.1255169801349088,0.4220585775120081,0.2934635848504915,-3.516346746207578,1
31.0,85.0,True,0.1210849179731946,0.1092899065476115,0.3553469486534528,0.6674925974928684,-5.865245516151259,1
31.0,86.0,True,0.2287687898074924,0.1372787445464616,0.6186764460043923,0.2901645186658444,-2.7858049342918667,1
31.0,87.0,True,0.0851265379298213,0.1032250030604237,0.3229591743458506,1.1207679937419683,-6.889890148481426,1
31.0,88.0,True,0.1637263124680404,0.1476955114852355,0.5123112222268571,0.7592598603216821,-4.422975771538784,1
31.0,89.0,True,0.2515466940193328,0.1401711179353893,0.5124511248225018,0.1348796027460246,-1.7044214875162338,1
31.0,90.0,True,0.3670080317739168,0.2125068135512588,0.791307156203588,0.3920188041613405,1.8741908811789212,3
31.0,91.0,True,0.3744319815645421,0.2207149684695166,1.295660323190715,1.99900354471659,1.6914561031190518,2
31.0,92.0,True,0.5198118581985045,0.1946324948431831,1.0444406899477727,-0.3519625178553234,6.250714095907002,2
31.0,93.0,True,0.5021351349526371,0.1480067489089468,0.7590023305916906,-0.3596173747589978,5.914710170957807,3
31.0,94.0,True,0.5007923234991415,0.3062353198901679,1.1943105328747,0.5749424846430496,6.225135770167491,2
31.0,95.0,True,0.4721078514677062,0.1794508010149968,0.7663171329771551,-0.5568592103600554,5.079795118946771,3
31.0,96.0,True,0.0841295647364424,0.0610053985106591,0.2013409019647106,0.2063307928086077,-6.9879205401768205,1
31.0,97.0,False,,,,,,0
31.0,98.0,False,,,,,,0
31.0,99.0,False,,,,,,0
31.0,100.0,False,,,,,,0
32.0,1.0,False,,,,,,0
32.0,2.0,False,,,,,,0
32.0,3.0,False,,,,,,0
32.0,4.0,False,,,,,,0
32.0,5.0,False,,,,,,0
32.0,6.0,True,0.3379144062811123,0.2382392417570893,1.0609426938062023,0.9351669152768304,0.6637733868948584,3
32.0,7.0,True,0.2850083237174848,0.1964979151976419,0.6671170406979268,0.2975467722986712,-0.4655100645872472,3
32.0,8.0,True,0.3641489321359317,0.1564654044778005,0.6833006511178328,0.243880048083795,1.5232353560781042,3
32.0,9.0,True,0.243304962937427,0.1330695555838292,0.5040836702407516,-0.0446467105020411,-2.222373482750619,1
32.0,10.0,True,0.3664069949722157,0.284850689519777,0.971524139650783,1.0264006759667357,1.3997792636902038,3
32.0,11.0,True,0.2831810211683733,0.1434366364267205,0.5764685755609552,0.1290896471715803,-0.6203697056809997,3
32.0,12.0,True,0.1904401443838894,0.1253517974001118,0.4175264423748868,0.2156930851197427,-3.7219578401355,1
32.0,13.0,True,0.1513240687917906,0.1135443210237746,0.4906277830557173,0.6673799918064393,-4.967092260468191,1
32.0,14.0,True,0.1923628712108226,0.0839723784946548,0.3777401870797826,0.0180008987324381,-3.472848236334789,1
32.0,15.0,True,0.1629026434436889,0.1234636525941123,0.4940570632015556,1.0009468956941745,-4.529424176322001,1
32.0,16.0,True,0.2427719032929537,0.2093227653388151,0.6284260187843235,0.2457741578854199,-1.955269827835922,3
32.0,17.0,True,0.1803897875657694,0.0971387623558048,0.3168367830979371,-0.2813299242562467,-4.093955965893242,1
32.0,18.0,True,0.1937180731158515,0.1407622854328452,0.5473640817414174,0.765627821367599,-3.734307538110332,1
32.0,19.0,True,0.2118056582325656,0.1478882493844953,0.5277014727884709,0.7774700791784204,-2.9268388669754377,1
32.0,20.0,True,0.2313854091967999,0.1873816813649269,0.670386458806487,0.6862944291982711,-2.3473151228194893,3
32.0,21.0,True,0.1089570452986275,0.061414547097342,0.2289514439638664,-0.0199464462447986,-6.267726111186779,1
32.0,22.0,True,0.1011292147309197,0.0899954012283317,0.3531667634026344,1.4171518601774606,-6.40128385424908,1
32.0,23.0,True,0.2237960876624934,0.1521624278061068,0.60970857964101,1.1442606723720827,-2.5653968269160043,1
32.0,24.0,True,0.2592410920064625,0.1780932712574891,0.7005145459559866,0.4335599011756368,-1.7908384286289387,3
32.0,25.0,True,0.2513317890002392,0.109848038085445,0.4889826473074728,0.4321476145394972,-1.87128912444727,1
32.0,26.0,True,0.2122382890353743,0.2001551002478068,0.7761619996272348,0.6766676681020091,-3.251639987200762,3
32.0,27.0,True,0.2705317396655711,0.2124964982894896,0.7716520316718977,0.9270110938517828,-1.1257096608427046,3
32.0,28.0,True,0.1461875815094435,0.1025511110304528,0.4006695885039429,0.8537318665280729,-5.116646993169848,1
32.0,29.0,True,0.1874991457756272,0.1225677206880555,0.4864164183087792,1.152726697545318,-3.731862643072239,1
32.0,30.0,True,0.2058141268979207,0.1063215536695359,0.439049381007322,0.0531343386666475,-3.1284572881656825,1
32.0,31.0,True,0.3237680242330579,0.2023073801074987,0.7002916188429834,0.1788134993531116,0.4618739432660932,3
32.0,32.0,True,0.4384347697308248,0.1385778594757233,0.758066169919235,-0.6347671208730433,3.7872498584415446,3
32.0,33.0,True,0.2551409415709144,0.1867184365723873,0.7518633931435569,0.8807328149899135,-1.900484491911273,3
32.0,34.0,True,0.2800014842064154,0.1331537380167503,0.5008742193374042,-0.3130585348303973,-1.0680432568793343,1
32.0,35.0,True,0.2528505595667068,0.1630834934347986,0.6158340192052624,0.5053606681938692,-1.6385933553039174,3
32.0,36.0,True,0.2725614373920347,0.1423826033000459,0.5829277875681279,-0.122624111438943,-1.2409716836366729,1
32.0,37.0,True,0.2157239089738802,0.2010259598894399,0.759710757519471,1.1987882725082917,-2.80536662725261,3
32.0,38.0,True,0.2487900778747682,0.2759216408418751,1.011986155760448,1.5346862772115455,-1.8538631969542767,3
32.0,39.0,True,0.2046777811959082,0.1329447251696359,0.5696106914195388,0.9116066718598556,-3.4613764283824047,1
32.0,40.0,True,0.2476663079880446,0.1276225729362486,0.6053553425339928,0.9683357374495944,-1.8339424306814112,1
32.0,41.0,True,0.2063980997501018,0.1684153973104949,0.6736710640357132,1.2461471641630018,-3.081726074032817,1
32.0,42.0,True,0.2705854694896855,0.2111225789948915,0.67835469590203,0.4572265321535576,-1.1098798067556426,3
32.0,43.0,True,0.3264262954751832,0.2561424265413323,0.8605787742621153,0.5904630777267825,0.6486129594270107,3
32.0,44.0,True,0.4786080317308744,0.1986210193737755,0.9325136994233332,0.3061004558129013,5.252954620965422,2
32.0,45.0,True,0.2986049679858292,0.1927381614845542,0.8111742272448741,0.7943274856614368,-0.5506603305536697,3
32.0,46.0,True,0.2356430794751031,0.146044066788071,0.6765743896846115,0.9959417155205764,-2.547390230244584,1
32.0,47.0,True,0.2133507328719525,0.1196837994136574,0.4183804563790306,0.0692821190761071,-3.0593239146256437,1
32.0,48.0,True,0.2549086078549077,0.1698926907619367,0.852998699153067,1.271185698792874,-2.1463540213648677,3
32.0,49.0,True,0.1675683755441555,0.1335807757612335,0.5258826658285216,1.030528187388491,-4.462392157630546,1
32.0,50.0,True,0.1855818336525584,0.1337899947698162,0.4351500503006547,0.1143116985324792,-3.699036442396239,1
32.0,51.0,True,0.201088326751157,0.1656080360762842,0.6110460910059944,0.7651523931241064,-3.59646609752229,1
32.0,52.0,True,0.2033671746700058,0.1192936189218579,0.4385576565403292,0.0902096748042751,-3.1557234294185195,1
32.0,53.0,True,0.3262043984133519,0.2151299716703074,0.7755783305037781,0.5760762110842857,0.1433705173094789,3
32.0,54.0,True,0.2831733924761537,0.1766569998325491,0.6501085191897997,0.4155715827934203,-1.0132907928840464,3
32.0,55.0,True,0.2983341872739767,0.2277164649529394,0.9555116054158816,1.1812539122943069,-0.6599738133765496,3
32.0,56.0,True,0.1848533164623794,0.0821725052745922,0.3281479528800795,-0.1277775104120119,-3.8715703386317344,1
32.0,57.0,True,0.2291136237694464,0.1820192473620916,0.6200824522826008,0.6002335780466304,-2.7511480414751146,3
32.0,58.0,True,0.192761970462838,0.1426579410247433,0.5525299320655883,0.4365483053568751,-3.991188428757749,1
32.0,59.0,True,0.1644717281862661,0.1035163448023388,0.4437059738303832,0.6678246981958753,-4.587216617976691,1
32.0,60.0,True,0.1432562764223042,0.1338600158239635,0.4194124901810457,0.5257916074557408,-5.144907501451778,1
32.0,61.0,True,0.2208676048998815,0.1428731451400591,0.6068355748433522,1.162360389130518,-2.847623233707965,1
32.0,62.0,True,0.1140952464069316,0.0865916018339275,0.40908765653253,0.8319457989420359,-6.14994044969064,1
32.0,63.0,True,0.1123521283192555,0.1063785878980701,0.4645735838227363,1.2722969649484568,-6.229133103870511,1
32.0,64.0,True,0.0860076451015642,0.088749884750959,0.2601998441328025,0.6833937957593414,-6.847407181334564,1
32.0,65.0,True,0.1538350315552139,0.1741722908254969,0.7075548093839114,1.4618215167010922,-5.0561577940370865,1
32.0,66.0,True,0.2426621702382821,0.142911641005616,0.5668030343300082,0.1740774008130434,-1.9743832962082872,1
32.0,67.0,True,0.1259092506164428,0.1380415563779035,0.4509356805102428,0.9267008976537956,-5.553877819730165,1
32.0,68.0,True,0.1598823114731937,0.1665836488421337,0.560247280254612,0.9656404669556512,-4.494739217976409,1
32.0,69.0,True,0.1423777462149806,0.1075475570512988,0.3463774623665454,0.5172459660745617,-5.098355855191629,1
32.0,70.0,True,0.1412949484627558,0.1141534150643192,0.4254275215081066,0.7065720651889852,-5.225725051000221,1
32.0,71.0,True,0.1458197745982317,0.1052037727181341,0.3419443055761344,0.3691942795185746,-4.94490118375839,1
32.0,72.0,True,0.0789189490903575,0.0620040908843765,0.2259746473449158,0.6014724402495731,-7.044492979240741,1
32.0,73.0,True,0.1007644818446188,0.1232988368679369,0.5474441714258937,2.0352903799171864,-6.646493986990192,1
32.0,74.0,True,0.0926885983774035,0.1093560101809111,0.3440782893469962,0.8495372632766811,-6.682463213660623,1
32.0,75.0,True,0.1065966284784933,0.1251881168559784,0.4039372908415133,0.9789024463622678,-6.311615863566461,1
32.0,76.0,True,0.0889844594981782,0.098734140678166,0.357934132799694,1.050186531158832,-6.967779328114041,1
32.0,77.0,True,0.1634394458231118,0.134099990496,0.4060871127016092,0.3092813333632344,-4.418016826454277,1
32.0,78.0,True,0.0967233622218914,0.0640598132876535,0.1995601005809905,-0.089727538166359,-6.570025022041243,1
32.0,79.0,True,0.1646813167026975,0.1196691331893903,0.4026569920055129,0.5251035773582539,-4.628693292366643,1
32.0,80.0,True,0.1061205350630823,0.1111254846929434,0.4214673876592257,1.5094245139904736,-6.226120437261672,1
32.0,81.0,True,0.1810554253165889,0.1567535057211097,0.5590203519390596,1.0064575220437115,-3.892507864971589,1
32.0,82.0,True,0.0899408653121097,0.0711413951293076,0.2281362288940361,0.4419300227706689,-6.717940783611283,1
32.0,83.0,True,0.2058329178137644,0.1224851423895074,0.4931294629998889,0.5763790194959463,-2.997024518051965,1
32.0,84.0,True,0.1605778163751478,0.1295682993558648,0.418460459735073,0.3695703413055285,-4.8536669231716445,1
32.0,85.0,True,0.2269073885797473,0.2262587095773229,1.0745413632713416,1.8202411590918863,-3.2451482337773836,3
32.0,86.0,True,0.1062874885041617,0.0721810139711626,0.2486714061601667,0.1692186453937736,-6.234924767791096,1
32.0,87.0,True,0.2099797888190937,0.1709686371309741,0.6459117918767809,0.89145257796087,-3.248355547095085,1
32.0,88.0,True,0.1337255498844782,0.1053431757554623,0.3619352318155974,0.8522408646313002,-5.546797310583343,1
32.0,89.0,True,0.2485015931226703,0.1376982074159535,0.4888898171938691,-0.3469652410317989,-1.9172773540147812,1
32.0,90.0,True,0.3415605748081199,0.1676645846283485,0.6981057341950647,0.0597305815831851,0.9506311502223096,3
32.0,91.0,True,0.490995078237003,0.2344128078062254,0.9938911796510992,0.0233722781977563,5.471235766449092,2
32.0,92.0,True,0.4443939025913201,0.1236547365813459,0.7320485652420446,0.2009129138699487,3.986948390088165,3
32.0,93.0,True,0.5131869577161979,0.2234818985641995,1.101179614493108,0.284071691768253,5.995549244405344,2
32.0,94.0,True,0.7057199775960413,0.3807246689048126,1.5,0.2387610411232049,11.945777853036292,2
32.0,95.0,True,0.4320432213458672,0.1623890650329167,0.8825525277669983,0.1848282713164515,3.3686344810548574,3
32.0,96.0,True,0.3022377439143689,0.1836511495287204,0.6951529154104864,0.2225574285719285,-0.1795931115724951,3
32.0,97.0,False,,,,,,0
32.0,98.0,False,,,,,,0
32.0,99.0,False,,,,,,0
32.0,100.0,False,,,,,,0
33.0,1.0,False,,,,,,0
33.0,2.0,False,,,,,,0
33.0,3.0,False,,,,,,0
33.0,4.0,False,,,,,,0
33.0,5.0,True,0.1099163212313552,0.1061095789967206,0.3290126528103536,0.6585337613824671,-6.086299373770466,1
33.0,6.0,True,0.4405473212498029,0.2536800617974118,1.0434512093486423,0.8785302860645277,4.2143595233609155,2
33.0,7.0,True,0.4280682463367761,0.2020439380906495,0.9879680621705236,1.053056750475426,3.4165163278118507,3
33.0,8.0,True,0.3910474885494056,0.210500254733418,0.7921363302380208,0.0869849118725864,2.848030770311272,3
33.0,9.0,True,0.3099481785647258,0.1677923681569463,0.6445449437323072,0.1052014826764559,0.1258482756609017,3
33.0,10.0,True,0.2535620872625055,0.2094343210498963,1.2173857381624438,2.865024611979189,-2.334504172293008,3
33.0,11.0,True,0.1731170453519612,0.1084835838114427,0.3942131625320875,0.1796984594472471,-4.258118166156846,1
33.0,12.0,True,0.1307147529954994,0.0896031474243057,0.3452166846672994,0.5729079835317843,-5.66461966476417,1
33.0,13.0,True,0.1828445995494077,0.0889781343738609,0.3658289891578702,0.3926925793896852,-3.999062609170833,1
33.0,14.0,True,0.2273868649703595,0.143358470172535,0.4811640827925963,-0.0369869538567846,-2.6853012474976388,1
33.0,15.0,True,0.2860458518630169,0.1702806264842639,0.6184344629715279,0.4045268386657771,-0.6217470946231232,3
33.0,16.0,True,0.2345313788757557,0.1856077522096162,0.565531799524905,0.2870609505158314,-2.3485654725950194,3
33.0,17.0,True,0.2017792171227695,0.1836623812908095,0.6278775722746781,0.8892046323219217,-3.3563302274231925,1
33.0,18.0,True,0.310298142540359,0.2028299996398435,0.7559316169025412,0.2540807002807234,-0.0004343007735589,3
33.0,19.0,True,0.2587203398709392,0.1792058611670137,0.9642290671946484,1.6504117367520776,-1.88671415071155,3
33.0,20.0,True,0.2262285856779673,0.0921917018591991,0.401069483756672,-0.3442612160460869,-2.502146751835979,1
33.0,21.0,True,0.2375863597044658,0.1662397859395751,0.7363634939280052,0.4418479346016886,-2.568497873233217,3
33.0,22.0,True,0.19749795685584,0.1575536031658106,0.485040108301188,0.276244424546382,-3.334445351683094,1
33.0,23.0,True,0.1628218748887569,0.169356527791009,0.5459634051919209,0.7332071404306099,-4.609389041355202,1
33.0,24.0,True,0.1968560333592564,0.2048025639486972,0.7982828158650422,1.6947695837603904,-3.500279191998731,3
33.0,25.0,True,0.1563100912614538,0.1286955921546823,0.3707553198481114,0.1998876119018594,-4.65642033220635,1
33.0,26.0,True,0.1627253936332105,0.128692780362367,0.4704346544558145,0.7574710612907103,-4.743557659211179,1
33.0,27.0,True,0.1771697742358518,0.1496508808960128,0.5406638098500313,0.5818179244494851,-4.128946966275711,1
33.0,28.0,True,0.2015421929104699,0.1108344849374132,0.4352700040743423,0.0994715203242543,-3.3912433985041384,1
33.0,29.0,True,0.1999658131983316,0.113520690222132,0.3706165905099455,-0.2401667955529936,-3.511973106748016,1
33.0,30.0,True,0.2382789332200862,0.188162405637726,0.7200020710443229,1.4577365047554658,-2.324290459233495,3
33.0,31.0,True,0.2259296886750141,0.1272788680777966,0.4926451281003728,0.0493629087237944,-2.4028867347604908,1
33.0,32.0,True,0.3951463954403864,0.106023914343554,0.593214371462647,-0.1234958415103822,2.70344065342613,3
33.0,33.0,True,0.3903626569948596,0.2718679849352904,1.1673814072917763,0.8210987208720647,2.1634506248776524,2
33.0,34.0,True,0.384136050353052,0.2447582135524832,0.9823999471182504,0.7913010342005101,2.169790669051234,3
33.0,35.0,True,0.4129796265625754,0.2886178556572879,1.077792508482318,0.3867696945547109,3.137687678666087,2
33.0,36.0,True,0.2541031282927778,0.12705307830578,0.5277661142561729,-0.1192220537557215,-1.5805702205988006,1
33.0,37.0,True,0.3019572380079337,0.1686786008879618,0.751402045893016,0.3967157789093733,-0.4100563448286515,3
33.0,38.0,True,0.2154253874961473,0.1279517209418958,0.558522018941654,0.8709496176779958,-2.963458346248231,1
33.0,39.0,True,0.1594713895790515,0.1472837039808966,0.5565081242963458,1.1441232628583486,-4.591853372757735,1
33.0,40.0,True,0.2994354798107692,0.1745749447349893,0.5391384726339297,-0.1669541842767818,-0.3301919886256436,3
33.0,41.0,True,0.4702783036813088,0.2046933662980626,1.1096124253745074,0.828864270515488,4.5627931279154135,2
33.0,42.0,True,0.4931977027029781,0.2240891541472859,0.9217451306522768,0.1029512621625433,5.993103821449497,2
33.0,43.0,True,0.3751965559875838,0.1891789869026829,0.7323935839904472,-0.1308325621501198,1.8783747287206616,3
33.0,44.0,True,0.4977645229392452,0.1877419443148701,0.8311113146336223,-0.1262398750164319,6.045168898955458,2
33.0,45.0,True,0.369381080045881,0.1861615464100359,0.9366454410455736,0.7310667592840006,1.3311691357988698,3
33.0,46.0,True,0.167675053287609,0.1203721838283815,0.4138056662089079,0.4333672034196128,-4.364966375214903,1
33.0,47.0,True,0.1802663377476753,0.2047000992772518,0.6592019869652653,0.9291700535732326,-4.199150539481687,3
33.0,48.0,True,0.1761813253815641,0.1077470750785476,0.3925913438440434,-0.1747647971841436,-4.352103602506535,1
33.0,49.0,True,0.2579737859120676,0.1422478114901225,0.5481136106539027,0.2975734607125347,-1.6388921863178536,1
33.0,50.0,True,0.1497577715066687,0.079461389409824,0.3105008779815817,-0.1805159339804645,-5.1312708546994354,1
33.0,51.0,True,0.1468116715382318,0.117627637341921,0.4593093172266088,0.7052861668271734,-5.368131888602765,1
33.0,52.0,True,0.1753707996805942,0.1500135835295897,0.5065421569572639,0.3802366614576501,-4.340499434239852,1
33.0,53.0,True,0.2122973382586884,0.1168020378165904,0.4150452321600359,-0.0993978952541495,-2.887725432553715,1
33.0,54.0,True,0.2941080802331692,0.1459937039657633,0.5560587937848839,-0.4887785462439337,-0.584797462126231,3
33.0,55.0,True,0.2640709858975102,0.1913625718003726,0.5904324946950429,0.0883256801661566,-1.2706880966471406,3
33.0,56.0,True,0.2724133466655497,0.1292202013616578,0.4786975690065392,-0.2665369221833302,-1.0769090627183948,1
33.0,57.0,True,0.1842578303957824,0.1555862520615327,0.6223905453045838,1.5329302692904456,-3.6844311268934447,1
33.0,58.0,True,0.2622056225817049,0.0981747477629778,0.4724035151517768,0.1130348986052412,-1.6075597635481167,1
33.0,59.0,True,0.2135246781592024,0.0967235899848858,0.3776841710798453,-0.3644190908724765,-2.9702004449491564,1
33.0,60.0,True,0.2058231502599975,0.1927456678808791,0.7574088007361254,1.0859777250098337,-3.481133754350056,3
33.0,61.0,True,0.2938977868905871,0.1824518846567271,0.7669982578062867,0.951164125070312,-0.4773010034695152,3
33.0,62.0,True,0.2781648920303345,0.1455655673984137,0.6610489789774739,-0.1137398496382501,-1.0675309497003806,3
33.0,63.0,True,0.1887238138639975,0.1420420766405526,0.5799731692049427,1.3963261472262811,-3.872000534858385,1
33.0,64.0,True,0.2481457415210197,0.1796750977476324,0.6256726546489486,0.7141430760053492,-2.1410634394807184,3
33.0,65.0,True,0.2835345365911103,0.1489154630648844,0.6099849467712564,0.3490020007299572,-0.7854634857564329,3
33.0,66.0,True,0.1813309132655428,0.141131806187361,0.4738277183438525,0.3455755504840632,-3.969066712723096,1
33.0,67.0,True,0.2425588661666627,0.1589470175805926,0.5404280364438835,-0.0958819027451663,-1.86462428531793,1
33.0,68.0,True,0.2028488731626624,0.1316877107747305,0.4850351178711446,0.2517716688629985,-3.207762223921957,1
33.0,69.0,True,0.1767079568288094,0.1750718980930271,0.6570481602197162,1.0676504305900785,-4.34225742103229,1
33.0,70.0,True,0.0831649041893971,0.1033265000706445,0.4030743414375125,1.2251067991040878,-7.132767134825363,1
33.0,71.0,True,0.186516258855543,0.131238867708202,0.7508730020552277,1.8909784337403064,-4.21186317544568,1
33.0,72.0,True,0.148614058711478,0.1251380305734159,0.3496914547983365,0.1375533234827478,-4.896383193658443,1
33.0,73.0,True,0.1855092367215469,0.1563328456900927,0.5330395549188645,0.5710278007800657,-3.923218352197005,1
33.0,74.0,True,0.0705743597692317,0.0955189974409168,0.2585096217649292,0.91449306078214,-7.345916258830861,1
33.0,75.0,True,0.1186633737912685,0.1534746345396307,0.6167541516193347,1.4673784783161452,-6.080841430140474,1
33.0,76.0,True,0.1503959467374354,0.1218151270529961,0.4423349873230657,0.7486018870884622,-5.084401967001706,1
33.0,77.0,True,0.1974689008009711,0.1315952034948855,0.6852944712026136,1.592874597021952,-3.7038787856672535,1
33.0,78.0,True,0.1024328679590677,0.1289751241804674,0.4374828284467644,1.3247459150769951,-6.449239042136012,1
33.0,79.0,True,0.1174913266655904,0.0920879119026686,0.318513256621081,0.4389393242890296,-5.874944673616107,1
33.0,80.0,True,0.0934551456933183,0.0977732520621748,0.349413056926886,1.0658422812131525,-6.554857320407825,1
33.0,81.0,True,0.1976645435795813,0.1374916773143601,0.4821750814059501,0.5264939391501843,-3.5239026465201935,1
33.0,82.0,True,0.1437384116429863,0.0993912309491812,0.3258720862767443,-0.0003276890082523,-5.234841621667659,1
33.0,83.0,True,0.1358394100068429,0.1576567864977472,0.5518408693761997,1.381910539862221,-5.230541152606708,1
33.0,84.0,True,0.1667061089055691,0.0970673042802318,0.4151334914526669,0.8681169732538305,-4.630272586950576,1
33.0,85.0,True,0.1896378416953379,0.1212785581283919,0.4849902786069734,0.6467277677016307,-3.658722008972352,1
33.0,86.0,True,0.1887481644376505,0.135379637639732,0.4942441312628665,0.5709019526682295,-3.855004100223109,1
33.0,87.0,True,0.2628958437196718,0.1312802354491249,0.6341375701081954,0.7444580709379395,-1.670140583529225,1
33.0,88.0,True,0.2068064474971282,0.145403304955417,0.520724975143763,0.5822664544270761,-3.342645174984012,1
33.0,89.0,True,0.3190492418192052,0.1380958346098657,0.5595167590145411,-0.4635154643076426,0.3248811871135548,3
33.0,90.0,True,0.4659722034193753,0.2677514243247949,0.9215432147568176,0.0143798302026431,4.9428491859753425,2
33.0,91.0,True,0.6371966053168073,0.2388229781627518,1.1078038448207217,-0.1025352395058195,10.248466585806517,2
33.0,92.0,True,0.4880401651236767,0.2203142096454435,0.9125446100801258,0.2516181737747757,5.407957158747697,2
33.0,93.0,True,0.5331504601710902,0.2434181742562701,0.9231290426857196,-0.6813883242222519,7.047275339433595,2
33.0,94.0,True,0.8113162577739044,0.2997657243240287,1.4751432622591776,0.5665363968866096,15.39920101265591,2
33.0,95.0,True,0.7290642279002262,0.159983497379501,0.9925700763955494,-0.365221274986776,12.70801317266683,2
33.0,96.0,True,0.5118231277961263,0.3861416481542125,1.4854616197059491,0.9964974814080664,6.1219366710482195,2
33.0,97.0,True,0.0211856913098542,0.0428855217353863,0.1461648614266736,1.9729705362209848,-8.87792955603674,1
33.0,98.0,False,,,,,,0
33.0,99.0,False,,,,,,0
33.0,100.0,False,,,,,,0
34.0,1.0,False,,,,,,0
34.0,2.0,False,,,,,,0
34.0,3.0,False,,,,,,0
34.0,4.0,False,,,,,,0
34.0,5.0,True,0.1905893319217008,0.0985866143814562,0.4187024513030054,0.1716077464238623,-3.666459244111072,1
34.0,6.0,True,0.2936368207085349,0.1447446055651032,0.6250714809190944,0.7600452509212775,-0.6395221954191306,3
34.0,7.0,True,0.5196179515988167,0.2153924042148008,1.1503338522646085,1.2153261394393713,6.729489493834503,2
34.0,8.0,True,0.3013300447174317,0.1057141452943243,0.5506209884421178,0.1188290172647042,-0.3307430664020752,1
34.0,9.0,True,0.3552942364568395,0.2017299196085872,0.7358951189307019,0.3303696302914116,1.2462115554884186,3
34.0,10.0,True,0.1637764270887751,0.0944911219123658,0.4150904805729564,0.918341190500418,-4.520857862558459,1
34.0,11.0,True,0.3124232889720034,0.2044874008123076,0.7900555939132771,0.635062406878073,-0.4387460253614065,3
34.0,12.0,True,0.1962084663710511,0.1639945427438225,0.7025244989455728,0.9493589764398798,-3.975253486454216,1
34.0,13.0,True,0.3111165964718926,0.1376421816933093,0.5888655945087209,-0.2079380501732914,0.0157604199563007,3
34.0,14.0,True,0.2274986355383637,0.1848777795154531,0.644437222882871,0.8584001816887666,-2.6669649677082257,3
34.0,15.0,True,0.3057875189637309,0.2046881874902591,0.8559173676282018,0.9518738109649614,-0.0751190051664178,3
34.0,16.0,True,0.187933409260553,0.1429684306104848,0.76316000265366,2.1783412455118847,-4.074873789927911,1
34.0,17.0,True,0.2118532126134838,0.193594568137448,0.6753787326163442,1.1683751018707849,-3.3851582191738157,3
34.0,18.0,True,0.2300530651181008,0.0965778399337159,0.4959298503532164,0.7055283910871938,-2.630627569097658,1
34.0,19.0,True,0.3077414478056455,0.146414505967634,0.5640421288082791,-0.1634008282056704,-0.1222035283068959,3
34.0,20.0,True,0.2154396109275426,0.102546829454369,0.4008048192150337,0.0283042029997107,-2.925886931560589,1
34.0,21.0,True,0.299223054691604,0.1875248938834644,0.756786330914621,0.9394783043153836,-0.5773266796295091,3
34.0,22.0,True,0.3161203458862888,0.1578056647503244,0.5855192696775853,0.0251460064173575,0.1438672887548858,3
34.0,23.0,True,0.2116537356145113,0.1790681975613637,0.5603040357163787,0.4186074247696904,-2.88692146865464,1
34.0,24.0,True,0.2594070940827457,0.1373206567415362,0.4335191509942402,-0.7019833291484469,-1.648399961456941,1
34.0,25.0,True,0.1926282203994832,0.1469164328382062,0.4604432127266292,0.1358584401386583,-3.7265703950528426,1
34.0,26.0,True,0.2034030277456587,0.1700049366022506,0.6422210997363186,1.2157112859320172,-3.425171002441613,1
34.0,27.0,True,0.2456588965206209,0.1729838772098291,0.6615743548980813,0.9486882987131102,-2.1295131354350474,3
34.0,28.0,True,0.1789244882725445,0.1256430906271893,0.4788627834201728,0.8528140802521706,-4.138784877138494,1
34.0,29.0,True,0.244991699865001,0.1797918258158059,0.5611662267236639,0.210838169218138,-1.9568454589480468,3
34.0,30.0,True,0.1540895553291176,0.1109741383548091,0.3565724500541618,0.4301697755392066,-4.700451883140669,1
34.0,31.0,True,0.298246299629339,0.1557225220806608,0.795924029599821,0.4442743662598656,-0.5808356336318277,3
34.0,32.0,True,0.3239589383683072,0.1679287188271842,0.6878015395702969,0.0446883220903282,0.4899629110420245,3
34.0,33.0,True,0.3616672844423873,0.178982737369021,0.6147793789409515,-0.2703915809913278,1.7644196611003389,3
34.0,34.0,True,0.4642075463723978,0.1368957175344916,0.8178485765001733,0.9324979040157916,4.695774093753624,3
34.0,35.0,True,0.4502551938862571,0.1717102498765149,0.7763389512694272,-0.043078016674025,4.343423752846968,3
34.0,36.0,True,0.4132362577488744,0.175620848690076,0.7601434852184997,0.0419853592063044,3.2444589495870857,3
34.0,37.0,True,0.4025288904763786,0.2823192752726516,1.5,1.6860539604665257,2.342379900931631,2
34.0,38.0,True,0.3412642814798373,0.2062443376584674,0.8105642128428047,0.7138012377256795,0.999331359494948,3
34.0,39.0,True,0.3703411543919567,0.1894783995975615,0.8125711316048542,0.5453415587056241,2.0341351119978848,3
34.0,40.0,True,0.239011493768998,0.2596579896898385,0.8866247514046461,1.3821064709949495,-2.3645052596085834,3
34.0,41.0,True,0.2405047762214353,0.2110665594651091,1.1513898795369166,2.4443894362919,-2.604043790395327,3
34.0,42.0,True,0.3569234195254886,0.1765203856823744,0.9064990059417514,0.7571353102767894,1.0204338354739868,3
34.0,43.0,True,0.2754494343372765,0.2440404501779338,0.924531944043882,1.1953751635833318,-0.7508500911834008,3
34.0,44.0,True,0.3375318135274816,0.1628325591330212,0.5626279225092535,-0.7447020750708342,1.0687599546642423,3
34.0,45.0,True,0.2045536763193721,0.1857645593864721,0.6238115406912275,0.690970309469979,-3.20667565622827,1
34.0,46.0,True,0.1615928262473086,0.0715903260983639,0.2908642109172412,0.1210203219777112,-4.751094467226341,1
34.0,47.0,True,0.1036644258857055,0.0935813491835162,0.3299607610070774,0.7448426992985554,-6.347100267428875,1
34.0,48.0,True,0.1099989419904209,0.1162995373361297,0.3691901384300471,0.8160424956630834,-6.211586821410262,1
34.0,49.0,True,0.2815209276635479,0.155629448943492,0.5436745137450576,-0.261051643384881,-0.6324949878903018,3
34.0,50.0,True,0.0905765578256126,0.0610120225528836,0.2147334677275687,0.1235148200417627,-6.795251729340082,1
34.0,51.0,True,0.1367390431613381,0.1033946521432552,0.3810433718769913,0.6306580611234969,-5.444328338120622,1
34.0,52.0,True,0.1562240600009724,0.124206042840967,0.3890179568322416,0.1870255810365822,-4.740424282922739,1
34.0,53.0,True,0.2515374960004321,0.1336083687451774,0.4822165508928651,-0.0008641934426368,-1.8915940392982264,1
34.0,54.0,True,0.3208983317510089,0.2468166062817961,0.8979484676618937,0.7174415531799824,0.1655207458350703,3
34.0,55.0,True,0.2238145261956872,0.1477336854374105,0.5572127079091338,0.668735389605767,-2.7077292394365493,1
34.0,56.0,True,0.3037476419425655,0.1339767499795882,0.4732403745683454,-0.66558515559539,0.0388532602496232,1
34.0,57.0,True,0.1739412226205383,0.1156528706372868,0.3728939209233866,-0.0712491017937277,-4.022744472683833,1
34.0,58.0,True,0.13515390337321,0.0921321609396503,0.3356062577422612,0.3851358096923623,-5.422906019306092,1
34.0,59.0,True,0.3288171587847149,0.23114583408275,0.7554352709905465,0.2072953428225153,0.944719128217706,3
34.0,60.0,True,0.0807492466463631,0.0640659977061196,0.1967792757686405,0.0866395636667102,-7.0178871126212945,1
34.0,61.0,True,0.3009135297767764,0.1222315768203723,0.5491978513232697,-0.2313760580923961,-0.2372312998152529,1
34.0,62.0,True,0.2217762273294375,0.2272692749776503,0.8239902773274708,1.0833113781007853,-2.5616979997888234,3
34.0,63.0,True,0.1345364554612494,0.1227158959830456,0.3695303044763188,0.7067183586919027,-5.485211714007117,1
34.0,64.0,True,0.2447832212450518,0.2184413135891136,0.6129054662865986,0.2028912144346836,-2.051462042024846,3
34.0,65.0,True,0.2030880024459172,0.1082725748818252,0.4188240223451639,0.3032003622363895,-3.175861431001992,1
34.0,66.0,True,0.1527941939111059,0.1025516832423689,0.329560310386107,-0.1302071748215582,-4.8766075247731315,1
34.0,67.0,True,0.2558143982609084,0.1726205370824619,0.6756206281053376,0.5953047220291231,-1.771173971595143,3
34.0,68.0,True,0.2836539241396062,0.233459427357376,0.7518922494905398,0.1374402167962167,-0.890289462071354,3
34.0,69.0,True,0.1578721664429866,0.0934645984229958,0.4258515113365745,1.2880469858977217,-4.708464839344935,1
34.0,70.0,True,0.1672336034167773,0.1388086363055305,0.3923977073482325,0.1587160476036866,-4.440051696363484,1
34.0,71.0,True,0.1600312678922747,0.1344468018942891,0.6098938188100784,1.2012801162042386,-4.7718512302433655,1
34.0,72.0,True,0.2121941524243437,0.1170277780656932,0.4986853321011253,0.3537807660094003,-2.8226578162093525,1
34.0,73.0,True,0.1570988708753531,0.092006263401356,0.3229571429807222,0.026604823334271,-4.646944106516079,1
34.0,74.0,True,0.1717974968783941,0.1020832645619763,0.5645550910421553,1.4690697794516183,-4.479103429914245,1
34.0,75.0,True,0.0756479347848723,0.0593824773218892,0.2049031554824795,0.4098671825457015,-7.1666868870036495,1
34.0,76.0,True,0.1462944218189994,0.0889950270189551,0.3503064994184529,0.1937033191949121,-5.104214876583812,1
34.0,77.0,True,0.0889113570399412,0.0780089712072615,0.2707766197883009,0.7355370291771279,-6.748230708430644,1
34.0,78.0,True,0.0732887371450938,0.0681892701766775,0.2485682192604801,0.9478908546643516,-7.259047576788659,1
34.0,79.0,True,0.1516670749949551,0.1213630620075135,0.4285203383579276,0.5085023674637763,-4.892716295888789,1
34.0,80.0,True,0.1672143729271288,0.1279214153960269,0.4186311408031415,0.6747253108959771,-4.232003815021595,1
34.0,81.0,True,0.1589147483194702,0.1311836334118718,0.3972238786976234,0.49976440191467,-4.677119388955657,1
34.0,82.0,True,0.1286831130101776,0.1318250550549285,0.4485785664215289,1.073264458140886,-5.737709311342276,1
34.0,83.0,True,0.2015680610296797,0.1179211618674908,0.4182040062261098,-0.0977942278976546,-3.302744003671835,1
34.0,84.0,True,0.1064560233524436,0.0801068539955177,0.29299989849028,0.1235829775214398,-6.409684998803351,1
34.0,85.0,True,0.1793329038671186,0.1097317265430867,0.4081222462949346,0.3715559617223924,-3.897418303402315,1
34.0,86.0,True,0.2766086842327897,0.1443241807014265,0.4846215885114716,-0.5679660011638896,-0.9362521880147776,1
34.0,87.0,True,0.2288162488639808,0.1725546008698763,0.8679402528031922,1.6108197260839223,-2.80685252653682,3
34.0,88.0,True,0.2593837647258512,0.1455151819291854,0.5360806607347731,0.0893017078748867,-1.5706981613908673,1
34.0,89.0,True,0.3392366817297678,0.1729737507885256,0.6152860777339663,-0.2874575272788894,1.259122750781899,3
34.0,90.0,True,0.472229354842942,0.2999692249734668,1.5,1.77530459539786,4.600135583080284,2
34.0,91.0,True,0.6468599317458829,0.1934493456433854,1.12335639052986,0.6950085033139216,10.095303675143368,2
34.0,92.0,True,0.6333840470515233,0.2911189090599064,1.320154412252234,0.4806060063569678,9.882763282766025,2
34.0,93.0,True,0.810786752170271,0.3356135073893829,1.5,0.2172753784436241,15.476909548263212,2
34.0,94.0,True,0.733394244584954,0.2974429137327695,1.2946547070082268,-0.1027069222113752,13.344183469171371,2
34.0,95.0,True,0.7542377363709317,0.2434876003601634,1.2263978396206108,-0.1175479816778322,13.702698236318836,2
34.0,96.0,True,0.6730147188283715,0.2867200947352507,1.5,0.4673473396263726,10.602291223279876,2
34.0,97.0,True,0.2013750909136059,0.1807309393103998,0.780317588360094,0.8333372898038484,-3.618884404472302,3
34.0,98.0,False,,,,,,0
34.0,99.0,False,,,,,,0
34.0,100.0,False,,,,,,0
35.0,1.0,False,,,,,,0
35.0,2.0,False,,,,,,0
35.0,3.0,False,,,,,,0
35.0,4.0,True,0.0032581154954575,0.0104242223238106,0.0514316803211509,3.4733876846186753,-9.4903758963089,1
35.0,5.0,True,0.3942150771166057,0.1122558563872321,0.6179481638962386,-0.1580216823760848,2.4492065072460987,3
35.0,6.0,True,0.4887537756392286,0.1507374871262945,0.7347737360404734,-0.014005511799755,5.5219937077024,3
35.0,7.0,True,0.4107839117902772,0.2489661128604913,0.9277006062643472,0.7041733808539812,3.3593058717550406,2
35.0,8.0,True,0.2593184836908402,0.171306604611357,0.665760111726067,0.6251534539560053,-1.3977289302096003,3
35.0,9.0,True,0.2409396073325464,0.136589660952531,0.532829142102678,0.2356681809288191,-1.9290456192201144,1
35.0,10.0,True,0.3404883198378914,0.1642974390415581,0.6827775171975712,0.4218964429230021,1.1582267364703556,3
35.0,11.0,True,0.1986595460964405,0.0817380795228663,0.4347737412388121,0.5632002251336141,-3.529690111834343,1
35.0,12.0,True,0.3291012403618956,0.1997015739662837,0.6700606099616166,-0.2324933468358218,0.7603088073379413,3
35.0,13.0,True,0.1765418027631797,0.1250130844407388,0.4095570340789244,0.3649657058777137,-4.074334493065317,1
35.0,14.0,True,0.2750363827815228,0.1675831784779598,0.5851188294931658,0.1073198650382424,-0.9948044343792328,3
35.0,15.0,True,0.1706160814738544,0.1353182179002781,0.4182065902936219,0.4471581562072841,-4.180718950196811,1
35.0,16.0,True,0.2731497850125926,0.1610390556322125,0.6108534396785279,0.4307721390391316,-1.3103428816113476,3
35.0,17.0,True,0.2308408352728701,0.130815056643235,0.4328603000449705,-0.2407511027858023,-2.507414751099109,1
35.0,18.0,True,0.2151782980162903,0.132381176875705,0.4670218406037245,0.2137356600842719,-2.877636537369259,1
35.0,19.0,True,0.3097118601255216,0.2960421968019652,0.885432611821633,0.5710351247866103,0.0378422920589591,3
35.0,20.0,True,0.2715549414281493,0.1985647294224855,0.7557495410674193,0.7998983948495603,-1.1356011665941312,3
35.0,21.0,True,0.1304748925124788,0.0801640691619757,0.2800527627254309,0.0858233516342663,-5.465975835878392,1
35.0,22.0,True,0.2334124169270239,0.1409158803687773,0.4443143322536662,-0.0052726226540019,-2.311075486653643,1
35.0,23.0,True,0.2626223227707555,0.1501020735256783,0.5284639632283245,0.0317287936797302,-1.146992415628751,1
35.0,24.0,True,0.2212860330784469,0.2073160719374296,0.7524674595835708,1.230302442610603,-2.9497918533963627,3
35.0,25.0,True,0.1835782844723412,0.0969889185365056,0.3561480797264132,-0.3316972363686258,-3.803775461954382,1
35.0,26.0,True,0.2376057867031435,0.1944089807486096,0.6446770769051052,0.6743340680429913,-2.2894696553468146,3
35.0,27.0,True,0.2675927618956733,0.1984144808518573,0.817228441495183,1.324139339087803,-1.261271302526368,3
35.0,28.0,True,0.2236802753471222,0.1017990261223859,0.4663991328942067,0.6405759729734793,-2.741888242873989,1
35.0,29.0,True,0.1836908928060613,0.1068359742815925,0.5367830011406914,0.9003632986367757,-4.154156731592833,1
35.0,30.0,True,0.288638420297441,0.1867024660623035,0.7296864104071689,0.4715765278618589,-0.5192674751034445,3
35.0,31.0,True,0.1948818296091122,0.1603766447064727,0.494751384467979,0.2887401416929156,-3.6434275915267182,1
35.0,32.0,True,0.4185766064271984,0.2570126790565676,0.9437024510826512,0.4917099285572726,3.1757832998254165,2
35.0,33.0,True,0.4578603191475532,0.2510026126355645,0.9175618379173742,0.3126068721309973,4.623765600832086,2
35.0,34.0,True,0.4288308508146414,0.128108846267341,0.805340072100485,1.757512548892872,3.6868280631625496,3
35.0,35.0,True,0.5104064536551726,0.2748050577801068,1.090646693695108,0.5476807622238788,6.275981423354116,2
35.0,36.0,True,0.4282475355004888,0.2255943226350034,0.9612537284328636,0.8017045780405081,3.3572271985034066,3
35.0,37.0,True,0.433281597811257,0.1396225877259289,0.7124861087964912,-0.0694004337412504,3.7810859393683223,3
35.0,38.0,True,0.49758992679067,0.2479889728971739,1.1541731516568965,-0.2737507828405981,5.488796605281967,2
35.0,39.0,True,0.3829175193074595,0.2204497586503181,0.8741482330290897,0.4569866840571913,2.4047815913485415,3
35.0,40.0,True,0.4046716390224948,0.2141491422966796,0.9491676895146768,1.4482498511519186,2.7304721361509663,3
35.0,41.0,True,0.3728495847865488,0.2198414476016735,1.0284565603899922,0.4570657494549357,1.569586199728139,3
35.0,42.0,True,0.4011683046994078,0.2911354989778352,1.019267525903372,0.6084984789887014,2.9313560835158397,2
35.0,43.0,True,0.2924582508101777,0.1849949952078653,0.6835303771364848,0.4246801755491945,-0.2882699412560808,3
35.0,44.0,True,0.3115408317450411,0.2320185421693051,0.964096511300992,1.0702433356693246,-0.1455609479433464,3
35.0,45.0,True,0.2778870777544013,0.1519196570514533,0.6559980740624994,1.2998714000853795,-0.8243951434621565,3
35.0,46.0,True,0.2158502111816292,0.0800311406037168,0.3623910321969182,0.1085575401261414,-2.969164060055256,1
35.0,47.0,True,0.2028122818135599,0.110173806191163,0.4053552538948151,0.1759911753284003,-3.371106353865323,1
35.0,48.0,True,0.1532724306488449,0.0921935104048428,0.3814642305859942,0.6538947062892362,-4.70851447482816,1
35.0,49.0,True,0.1419485047625224,0.0986164553652375,0.3241151617837398,0.1614456427100716,-5.210494433970623,1
35.0,50.0,True,0.1571528552518378,0.167622438627248,0.5694717202877522,1.0012049152394116,-4.846402464519278,1
35.0,51.0,True,0.1440462883205104,0.1212340471863283,0.6482918177968642,1.922701652565694,-5.383068307163512,1
35.0,52.0,True,0.3538067733889763,0.2556948793951482,1.0200648744758605,0.8152930363488055,1.1958583677387982,3
35.0,53.0,True,0.0555647075914779,0.0798643117999854,0.2716101940355276,1.442039187115633,-7.846335433414657,1
35.0,54.0,True,0.1798636085823157,0.1586878068106546,0.5683450913008624,0.938382010153839,-4.304730244700906,1
35.0,55.0,True,0.2129232902197924,0.142522476409868,0.4779190618252402,0.3144125875420293,-2.8860574500241127,1
35.0,56.0,True,0.2422057079241989,0.3184756116896862,1.0917387473334554,1.610003763337981,-2.1134936526686,3
35.0,57.0,True,0.251465785059924,0.1804840267390287,0.7370606460631591,1.2190193926987398,-1.8439980193963783,3
35.0,58.0,True,0.2360674807721844,0.1404655745425059,0.5516220870921644,0.5430323166966415,-2.248078977462812,1
35.0,59.0,True,0.169893846598238,0.1116145055533585,0.4265172895057094,0.4407416808666651,-4.287453783436549,1
35.0,60.0,True,0.3289230013673163,0.1916839273911234,0.6374417020567715,-0.3064513065930942,0.6015278520437415,3
35.0,61.0,True,0.2080751849713168,0.1921565164518741,0.9559740678776056,1.9852729691033224,-3.5905638418321355,3
35.0,62.0,True,0.1935187515724052,0.1160796422651936,0.519341791397422,0.2758953205086641,-3.814142788747171,1
35.0,63.0,True,0.3029268571293896,0.163515686235503,0.6301930465532497,0.2395638450402996,-0.1519801533461127,3
35.0,64.0,True,0.2193776381121162,0.1360161410390085,0.5300166589679792,0.3497616600881872,-2.732145883812093,1
35.0,65.0,True,0.2937611439309258,0.1564244751370324,0.6288593174875151,0.0305377146179311,-0.5253080495455897,3
35.0,66.0,True,0.3153786583322119,0.2362490855117042,0.7582272460321445,0.4825987690251483,0.1549425906924574,3
35.0,67.0,True,0.3637380141338407,0.2115258709607134,0.8477053203010592,0.4556636224586823,1.4946391183211574,3
35.0,68.0,True,0.2895408723162659,0.2184032013994577,0.6941523882696831,0.3304916144783968,-0.4455678308420018,3
35.0,69.0,True,0.2051388046037993,0.1322548768543755,0.4579616160209339,0.3814138562097653,-3.1684812611252196,1
35.0,70.0,True,0.1428371676605812,0.1215973251282233,0.3930622080588606,0.5092973496113774,-5.227039612365649,1
35.0,71.0,True,0.135160996759682,0.0875123115792677,0.3416910048322167,0.3397728754959538,-5.338364403162737,1
35.0,72.0,True,0.265398068105546,0.1166735229470711,0.5231961231180011,0.1236180601815556,-1.1949269001071867,1
35.0,73.0,True,0.165857759407225,0.0659711593724214,0.2976607124339346,-0.1496287448582739,-4.385127967782339,1
35.0,74.0,True,0.1629977122808215,0.0973160920064961,0.362245335760943,0.4954674899535878,-4.530547111600001,1
35.0,75.0,True,0.109146736124992,0.0618128451621686,0.2311955059375779,-0.0865958097641697,-6.100397028663341,1
35.0,76.0,True,0.1782162871346063,0.1267496388911121,0.4173894469166404,0.3169521550535265,-4.03912397980127,1
35.0,77.0,True,0.174569573878688,0.12088503250417,0.4791929333154704,0.9406834967193703,-4.323296477323282,1
35.0,78.0,True,0.2083225757316918,0.185500844808686,0.6858384344813413,1.1346021422729902,-3.000702025527208,3
35.0,79.0,True,0.161598941671467,0.0932473233653118,0.3229126645527633,-0.0324860938466746,-4.459244267984394,1
35.0,80.0,True,0.1672247034320976,0.1665351378210681,0.5178048203972448,0.5485039821309585,-4.493990556502436,1
35.0,81.0,True,0.1668769819502787,0.1321514461321438,0.4315019427834724,0.5124327761031613,-4.509219911481637,1
35.0,82.0,True,0.0848497345263727,0.0963980311780826,0.3372334413904831,1.0373523886367555,-6.949262279267954,1
35.0,83.0,True,0.1559444414236897,0.1767970997260882,0.6203837343544898,1.4098850756221957,-4.730308785875825,1
35.0,84.0,True,0.1294836276929726,0.139251265934066,0.5489373219816405,1.2809763973824853,-5.974934685395857,1
35.0,85.0,True,0.1775895873187711,0.1788360487830136,0.6053615669234869,0.9200277699170888,-3.9243480364428738,1
35.0,86.0,True,0.2189630771648618,0.1545847855641682,0.5200086842553704,0.2174527292256275,-2.677764004410379,1
35.0,87.0,True,0.3061928480820136,0.1758731087648534,0.6550388343388628,-0.2222075157697852,-0.4483298392637461,3
35.0,88.0,True,0.3241140063061236,0.2044117947742553,0.869263474291795,0.5233508909367369,-0.0279054794538425,3
35.0,89.0,True,0.3806514237854224,0.1590611666674914,0.6838915360715092,0.0922882140890859,2.4323907011345685,3
35.0,90.0,True,0.549741623772206,0.1893422574202304,0.9239157094921135,0.2564132321135865,7.334432761830906,2
35.0,91.0,True,0.8148667473239777,0.2775790876075013,1.3358984804747582,-0.1522074445637137,15.106524076987087,2
35.0,92.0,True,0.7019688667627744,0.3425095137471113,1.4436728546065218,0.4634319647076886,12.652571140692986,2
35.0,93.0,True,0.747901365895777,0.2177657064604411,1.175251319621554,-0.0054035293112367,13.546856882388086,2
35.0,94.0,True,0.5990266845649204,0.2137909408391305,1.234839631008894,0.0518927732284142,8.495931635810651,2
35.0,95.0,True,0.6496338249115888,0.2021893324352344,0.9523270050989504,-1.1391763472416616,10.404541913327195,2
35.0,96.0,True,0.7605287096652598,0.2999199301145379,1.1870082611290882,-0.5520903225292466,14.346866737088584,2
35.0,97.0,True,0.4236980306817001,0.1775825802022815,0.7513770405890399,0.3975626234607068,3.616200241899981,3
35.0,98.0,False,,,,,,0
35.0,99.0,False,,,,,,0
35.0,100.0,False,,,,,,0
36.0,1.0,False,,,,,,0
36.0,2.0,False,,,,,,0
36.0,3.0,False,,,,,,0
36.0,4.0,True,0.2300980747015431,0.1442428283545716,0.5490680133221325,0.6668568618656578,-2.4183194315165464,1
36.0,5.0,True,0.4894683829930512,0.2784591221034243,1.1165888396834576,0.5887031331717665,5.437356784718906,2
36.0,6.0,True,0.3855483699253728,0.2623978781151008,0.9962841493855806,0.6439000108549848,2.514082595121546,2
36.0,7.0,True,0.3684405767060072,0.1758963529537001,0.6959258981689848,0.29048148852432,2.0386301122337684,3
36.0,8.0,True,0.2980049116041344,0.1263074179496457,0.585015044641729,0.3822307842550037,-0.4726589982829531,1
36.0,9.0,True,0.2560993512172298,0.1594305704750086,0.4673349445417984,-0.3579189635090732,-1.755273362345661,1
36.0,10.0,True,0.2458690446849761,0.1827820992298999,0.7111316307693885,0.8327765696113755,-2.148711046431914,3
36.0,11.0,True,0.1921016985159485,0.1080777370785762,0.414189332756906,0.1579986343929605,-3.5264784804535134,1
36.0,12.0,True,0.1626329397480804,0.1003352126877634,0.4666313452430386,0.727414824563324,-4.738112639936359,1
36.0,13.0,True,0.2954541754461157,0.1342863585587453,0.5910106005108982,0.7634192467029545,-0.6891782254991012,3
36.0,14.0,True,0.3431566293427269,0.2195796510641703,0.7476399293081775,0.2695690337014993,1.2708624488181852,3
36.0,15.0,True,0.1653962209508999,0.1249217299011576,0.4452394425085555,0.5702209631668705,-4.332758079398097,1
36.0,16.0,True,0.179520050056556,0.1464214882398308,0.6229707301647285,0.8031477981055463,-4.249829810214587,1
36.0,17.0,True,0.1544479244186478,0.1044217893769824,0.3530400153581645,0.3399058432616162,-4.872233915922665,1
36.0,18.0,True,0.2082466019503753,0.1284776909390932,0.4537275590893647,0.1603101044935326,-2.8982894901322345,1
36.0,19.0,True,0.1967197160725597,0.1162811363110047,0.3776278254399102,-0.2919487201543803,-3.5028005739677224,1
36.0,20.0,True,0.1570444374592725,0.12625986574708,0.4170589426947406,0.770000954607872,-4.644477241517257,1
36.0,21.0,True,0.1808952907265572,0.1362122600973603,0.4097150629402203,0.1556220207339994,-4.031217323804488,1
36.0,22.0,True,0.2700990371607224,0.1419591209520433,0.6097622518013015,0.6580409778891599,-1.1893751169097422,1
36.0,23.0,True,0.2471116842686751,0.2324616472501019,0.7615859182114643,0.648238139833451,-1.978302990808367,3
36.0,24.0,True,0.2008174383143673,0.101541652686166,0.4053576701510021,-0.0381557761520777,-3.214374654415044,1
36.0,25.0,True,0.1539934942546907,0.1070060749063786,0.4263917613123587,0.694677529376146,-4.7343947031550515,1
36.0,26.0,True,0.2739116060569805,0.1283232952348706,0.4636977182695694,-0.1971271241796223,-0.9855362333274732,1
36.0,27.0,True,0.1895348794120004,0.1563470726732071,0.6304979404850165,1.32617688943099,-3.8417208458475502,1
36.0,28.0,True,0.0986078750721443,0.0980364602257981,0.3679892038995556,1.053733507847668,-6.695666399830417,1
36.0,29.0,True,0.2877675830292045,0.1674948876493535,0.571386209971502,-0.0472258579534026,-0.3827194321817475,3
36.0,30.0,True,0.2878747879045367,0.2008899825848385,0.6766610943602225,0.1531700398785042,-0.7901268327530758,3
36.0,31.0,True,0.1807877370227351,0.0905347461359075,0.3212327944500882,-0.3105275638758296,-3.9297516374075663,1
36.0,32.0,True,0.3419955009314289,0.1594806290431001,0.6872937552354557,0.4304220274365467,0.9820623352625832,3
36.0,33.0,True,0.2883512282662263,0.1981731238020338,0.7675118360533044,0.6288770744270357,-0.6252970169100558,3
36.0,34.0,True,0.4458268497177951,0.3012231798034748,1.0262213421919104,0.3650815083937311,4.359694250776538,2
36.0,35.0,True,0.4797826723251913,0.2377737095878605,1.1537218860750509,0.3534693417476767,4.943886899719427,2
36.0,36.0,True,0.5352904798177501,0.3070727575323731,1.1001376621235008,0.4180919735394821,6.517040910461409,2
36.0,37.0,True,0.536728729128437,0.3493286741651673,1.409719829973687,1.0653750250817011,7.29778353390903,2
36.0,38.0,True,0.4586159595098464,0.2656673779721563,1.097430967731899,0.6969210853073312,4.962476979809886,2
36.0,39.0,True,0.5500187213886693,0.2244057804906771,1.1153232802260094,0.8471821768133244,7.485698259623513,2
36.0,40.0,True,0.5380885522400674,0.1915790127120669,0.9074733684448774,-0.0985137299061605,6.707928970292986,2
36.0,41.0,True,0.3818345230814396,0.1444853153956826,0.6433757699460637,-0.5521316798106696,2.0981017108267683,3
36.0,42.0,True,0.367099272333538,0.2557258287650389,1.09793902805276,1.4867126070979162,1.802204966427053,2
36.0,43.0,True,0.4039232469564461,0.1584917532023259,0.6982077376554218,-0.0073459858754633,3.100750039380606,3
36.0,44.0,True,0.3894232398564374,0.2450502876211021,0.9353780910123932,0.3852566711963496,2.890510798221725,3
36.0,45.0,True,0.2588127170454761,0.2366316521737141,0.7910014563733992,0.5841106283890748,-1.957671205972057,3
36.0,46.0,True,0.2148264869918507,0.1146840201057633,0.5778615854395613,0.9412014818991992,-3.122815119942786,1
36.0,47.0,True,0.2787161687661987,0.1522104296415837,0.6451573319610119,0.4406338379662973,-0.9834873863789222,3
36.0,48.0,True,0.166754013258727,0.082205642567023,0.3113598823590471,0.2745118787003048,-4.295006945826493,1
36.0,49.0,True,0.1782341253940733,0.1501595174895131,0.4846640832383361,0.4133011583344878,-3.9073459579897394,1
36.0,50.0,True,0.2599937543081107,0.2118576781185631,0.7353785479835782,0.5636052453316895,-1.4119765528439348,3
36.0,51.0,True,0.1950755151727305,0.1343408556130689,0.5107599622990444,0.4618903612971539,-3.50447655583913,1
36.0,52.0,True,0.1165673302620399,0.0980874190380137,0.3310343825039992,0.6480461365311825,-5.93029599501142,1
36.0,53.0,True,0.1492751054972158,0.1245237452930514,0.592571174290245,1.3234801022315317,-5.223917879377353,1
36.0,54.0,True,0.2643019737299947,0.1564188654449738,0.7600187058847359,0.7223295275882631,-1.7619201960636135,3
36.0,55.0,True,0.233667170883057,0.1483052324409346,0.6417696801461896,0.4784524546915467,-2.45620475283169,1
36.0,56.0,True,0.1006070893373197,0.134457393646677,0.58699477819073,1.8645743825241097,-6.800884015749051,1
36.0,57.0,True,0.1529336444590358,0.0730143711071738,0.2579493999214248,-0.2340956670839917,-4.9478857759138775,1
36.0,58.0,True,0.32320781949226,0.210691941872214,0.8218081134803938,0.4920397539367656,0.6820250408729471,3
36.0,59.0,True,0.2094182113528903,0.1888131292930288,0.741369738420896,1.579308251845176,-3.0796700639801777,3
36.0,60.0,True,0.2181077617927568,0.1136737504331909,0.4798120503596276,0.5946113790361768,-2.925080933487177,1
36.0,61.0,True,0.2114230175738789,0.2149430718768535,0.6174019067531171,0.6570033328869698,-2.9736776735513395,3
36.0,62.0,True,0.1643262679443207,0.1282655609495234,0.4408023692886794,0.4831770636552114,-4.522892251575951,1
36.0,63.0,True,0.308372777255731,0.1720057923303042,0.9233637254803188,0.896025039422597,-0.5450454416032924,3
36.0,64.0,True,0.2843853207411133,0.1694567376105359,0.5856828667201125,0.3296615728340311,-0.5948515657122997,3
36.0,65.0,True,0.1978365761267576,0.1363825845596757,0.5081591023374662,0.5471892477929912,-3.272232280834481,1
36.0,66.0,True,0.2676519673798794,0.2230127915589819,0.6788966389571355,0.584442620981393,-0.9165805102568956,3
36.0,67.0,True,0.4153032703088986,0.2472630736729388,0.904131057877774,-0.1619891973552142,3.198910535855024,3
36.0,68.0,True,0.3239717367905536,0.1851534319342053,0.721065537169263,0.4420061975063026,0.4633353200006131,3
36.0,69.0,True,0.3333147115776361,0.1324719792159058,0.8191377955744045,1.3174110429491486,0.5434720275789451,3
36.0,70.0,True,0.2489045317417483,0.1690750740829426,0.5756947375265058,0.5105757618003794,-1.9640207998489223,1
36.0,71.0,True,0.1732704108482303,0.0806017591227226,0.3673744047301733,0.2070346627048935,-4.110472628357785,1
36.0,72.0,True,0.1849961506217799,0.1646368173702591,0.894263423092303,2.185451893454276,-4.221012453943086,3
36.0,73.0,True,0.2590958458365701,0.149751685955676,0.5346338330271111,-0.1227411570389983,-1.6111675246896435,1
36.0,74.0,True,0.1479173777109766,0.080073853734649,0.3658520227409069,0.8109538562693407,-5.101335851300135,1
36.0,75.0,True,0.1000343866715279,0.0706888163528704,0.3919218466423928,1.7854471212628622,-6.588820073322081,1
36.0,76.0,True,0.1531177521075996,0.1205452082958651,0.4026262199246656,0.483742784858055,-4.817870976780464,1
36.0,77.0,True,0.1367405932597914,0.2030614133198543,0.8780347710109714,2.225272541214214,-5.6931128284400945,3
36.0,78.0,True,0.1972119190049716,0.1127536131675703,0.4900542027447553,0.2861625172719889,-3.7261893472041265,1
36.0,79.0,True,0.0959147484095539,0.0843391515510851,0.3616594279890461,0.76380204703747,-6.722749804013619,1
36.0,80.0,True,0.1742189644108958,0.1178975670513385,0.5877114899714216,1.1178702325794423,-4.47598768844191,1
36.0,81.0,True,0.1646057335195918,0.1595436434413918,0.5789802313657165,1.2070989938333356,-4.542138252253112,1
36.0,82.0,True,0.1754043235967437,0.1072160229602227,0.395133206284087,0.4164405871408816,-4.212034518866567,1
36.0,83.0,True,0.1027839835735765,0.1048436418640012,0.33877331636387,0.6220881216920651,-6.285367347929486,1
36.0,84.0,True,0.1470309079083886,0.1377041983928819,0.4780905601476933,0.7331630037275058,-5.259198786618992,1
36.0,85.0,True,0.1740026788594307,0.1568124837061019,0.547322202873739,0.908953591335632,-4.358609273937413,1
36.0,86.0,True,0.2808824305860379,0.1803201767991526,0.7050998189095152,0.3740685453887156,-0.8668583697723653,3
36.0,87.0,True,0.3042951186884731,0.2034803090716227,0.637950115361313,0.1448316396298055,-0.1590021885827294,3
36.0,88.0,True,0.4090884578047437,0.1641663883095568,0.7542101307663713,0.2886457137848902,2.9063383702578673,3
36.0,89.0,True,0.6711519275541484,0.1645941188974128,0.943310003992263,-0.9749837064591966,11.439642505819004,2
36.0,90.0,True,0.7338290314376533,0.2443630096881697,1.3225359660035372,0.4020682657599165,13.286098193381775,2
36.0,91.0,True,0.7030708624158116,0.318973319511419,1.5,0.4327604253330781,11.8553536147447,2
36.0,92.0,True,0.6227495391068292,0.1357083463526965,0.8993932590508492,-0.5038349249268899,9.32932656932886,2
36.0,93.0,True,0.5703090592276151,0.2134748088565062,1.0291259200392973,0.1506438049432251,7.880796610032648,2
36.0,94.0,True,0.5774341062991906,0.272622093024962,1.2217656469746456,0.5803331644064434,8.050120464863895,2
36.0,95.0,True,0.6734007578933833,0.3013754982685604,1.1486564429706343,0.0225759830741602,11.42173877418866,2
36.0,96.0,True,0.413814993246724,0.1839305274772482,0.8304121147951676,-0.2389835429527868,2.884548406008223,3
36.0,97.0,True,0.4205571446233556,0.1719502912457844,0.8633094540391957,0.3072443682850276,3.3614506581225436,3
36.0,98.0,False,,,,,,0
36.0,99.0,False,,,,,,0
36.0,100.0,False,,,,,,0
37.0,1.0,False,,,,,,0
37.0,2.0,False,,,,,,0
37.0,3.0,False,,,,,,0
37.0,4.0,True,0.3425981246195698,0.1402767568978966,0.7864837229240507,1.0061068670036135,0.7522629821503567,3
37.0,5.0,True,0.3715185492156218,0.17618102563947,0.629081445512867,-0.2493557870244235,2.03663612074166,3
37.0,6.0,True,0.4320646632097119,0.199136207194669,0.7298155909484941,-0.217300910932795,3.8170917837744343,3
37.0,7.0,True,0.3054389431595301,0.1949304065743481,0.9099909380579152,1.367938973734897,-0.4484643513309232,3
37.0,8.0,True,0.2511491806926692,0.1719161979742785,0.733556958429081,1.2049065101834346,-1.8064732808834056,3
37.0,9.0,True,0.2380820352311846,0.1641440996990101,0.5917414367479241,0.4311113752044912,-2.3096580413116357,1
37.0,10.0,True,0.2397775565670328,0.118584898817128,0.4849503369404747,-0.0646789052255455,-2.171731731102917,1
37.0,11.0,True,0.1439992262783895,0.1033069485275796,0.3631596891027831,0.5704054340876752,-5.134435780748618,1
37.0,12.0,True,0.2371325145185101,0.1830170456524575,0.9543340881143384,1.692735781471224,-2.8099035877145804,3
37.0,13.0,True,0.2151888382368129,0.1325346837511646,0.6198043630186885,0.9217296942291322,-3.1030070162431156,1
37.0,14.0,True,0.2286550173376947,0.1231237876072134,0.484597212680929,0.2966727863095298,-2.6220573652868966,1
37.0,15.0,True,0.2835798244735256,0.1971767679476524,0.6923327593726767,0.5501957824258422,-0.805574625267883,3
37.0,16.0,True,0.2342849068468155,0.1216609225814408,0.4561870558825763,-0.4339207487827687,-2.171117041183556,1
37.0,17.0,True,0.2145363693599722,0.1177803697312419,0.4721157911436975,-0.0507042383500015,-3.0569058273074248,1
37.0,18.0,True,0.2343598284904043,0.1305995366326678,0.5662797696395397,0.5652117591022304,-2.205471691183304,1
37.0,19.0,True,0.2413640598730998,0.1342226010321145,0.5252562252537359,0.1927768478398332,-2.156738783305024,1
37.0,20.0,True,0.2516341628972383,0.2208598933714435,0.7482211876287054,0.8100558772537158,-2.0420659297978982,3
37.0,21.0,True,0.166858004102731,0.1442236095289948,0.5203839023653419,0.8700702213417356,-4.467724433466337,1
37.0,22.0,True,0.127180704382031,0.1055541266830009,0.3234463748059084,0.1805406029070263,-5.716704601256415,1
37.0,23.0,True,0.2464460787801702,0.2470472871143405,0.9112667888466548,1.315356953441269,-1.8706638281040473,3
37.0,24.0,True,0.204251242109371,0.1458976490564882,0.4652603832213727,0.28169128982683,-3.0828881785912836,1
37.0,25.0,True,0.343143078980785,0.243962968135523,1.010041256286807,1.256595183124111,1.0318295047670347,3
37.0,26.0,True,0.1672556247406668,0.1176660518266408,0.4083625256463549,0.4152615281032579,-4.328612899182769,1
37.0,27.0,True,0.1828033890156506,0.1224388954196822,0.5009703336050547,0.7869347535573035,-3.856818877382904,1
37.0,28.0,True,0.2617217449571089,0.2433348123239119,0.8945660469768391,1.1769034824985127,-1.8138104237193784,3
37.0,29.0,True,0.3096832139199545,0.1932368971146555,0.7368832756948429,0.3612996991219465,-0.101330730382075,3
37.0,30.0,True,0.3169257788809473,0.1868597011379487,0.6578459033162773,0.3203205580794555,0.2526390171774564,3
37.0,31.0,True,0.227309486180552,0.1487018048172257,0.6262820119534052,1.4481989550182015,-2.6895395502317654,1
37.0,32.0,True,0.4424208530775048,0.2201740987435275,0.9642432548809792,0.3251802729297753,3.9123032530590143,2
37.0,33.0,True,0.4532498901794946,0.1614815466191431,0.7534151637628496,-0.2760438278762838,4.477224236265032,3
37.0,34.0,True,0.5959072401753627,0.1981111214377411,1.2930114889785214,0.8913225591477201,8.373965272433159,2
37.0,35.0,True,0.6444956674648135,0.2821596902295605,1.2347437231826657,-0.1149487067049723,10.7791503018939,2
37.0,36.0,True,0.4474896064522541,0.2289742032179514,1.0506028634514193,1.156071293042554,4.218723476044019,2
37.0,37.0,True,0.6239624025943132,0.3502962122256585,1.5,1.077170043885216,9.43068556048522,2
37.0,38.0,True,0.6095997412817855,0.3556271096276076,1.2047645582954476,0.0208535894363843,9.418941276806152,2
37.0,39.0,True,0.690410890311944,0.3459397694248959,1.5,0.8546624077574508,12.369399635376618,2
37.0,40.0,True,0.4099287672630839,0.1742650379048284,0.8216537691594066,0.3010723566987491,2.750972943601214,3
37.0,41.0,True,0.4969336367321344,0.186520352149945,0.902281154832016,0.4504788138573055,5.778903819567885,2
37.0,42.0,True,0.4568018002969542,0.2215126032533858,0.8808289165447104,0.5189148593786452,4.135204965911743,3
37.0,43.0,True,0.3458892632638408,0.1080300425280087,0.547217233198186,0.184629279983455,1.0299874261447872,3
37.0,44.0,True,0.2492270732923209,0.1194101126234891,0.5122789462267581,0.083105046980191,-1.9028023308049349,1
37.0,45.0,True,0.2956113619407176,0.180572159431605,0.654507070284369,0.0376523135637569,-0.4117257603095016,3
37.0,46.0,True,0.2295249112623914,0.1290820533694794,0.4501138056401709,-0.0690901154896691,-2.762018288606109,1
37.0,47.0,True,0.231323390240006,0.2814994723738785,1.0393360394466111,1.710175340389636,-2.6630914469149816,3
37.0,48.0,True,0.1431335271421087,0.1339500822382451,0.5211698197171242,1.6540350874310392,-5.099787683469673,1
37.0,49.0,True,0.1545853963799147,0.0947515897829812,0.3483987901603074,0.1912832105442075,-4.724406593727192,1
37.0,50.0,True,0.2053972862167705,0.1632024505041401,0.5592170793314751,0.7080964083410864,-3.141818515722409,1
37.0,51.0,True,0.2960228851248031,0.1749975113017343,0.603471115051872,-0.0523018287694454,-0.5135656700847682,3
37.0,52.0,True,0.1950323494763857,0.1168776787932011,0.4146868697565686,0.2767063608831941,-3.3319295326435645,1
37.0,53.0,True,0.2262962341685475,0.1696851175834036,0.6335177480593035,0.774962096659043,-2.7144814466179765,1
37.0,54.0,True,0.2251596311817353,0.1047177048440594,0.410823847056984,0.0995091705428058,-2.778885215137306,1
37.0,55.0,True,0.2905908534681043,0.2154855466900984,0.8291866989612153,1.2772746762268332,-0.6755617640099959,3
37.0,56.0,True,0.109004212060474,0.0946501355996467,0.3122459383946543,0.3551958037550373,-6.214461341293189,1
37.0,57.0,True,0.2640488389769469,0.155643019800015,0.5527598899598941,0.2792811426840929,-1.5499574477370304,1
37.0,58.0,True,0.2110668207198841,0.2012017258238974,0.6321585031183061,0.6668910879001058,-2.917472620603819,3
37.0,59.0,True,0.2115615338999718,0.2031353101449985,0.7845833812123659,1.3453731314518165,-3.0036214897014624,3
37.0,60.0,True,0.1874374170747029,0.1185884515740481,0.5970483303914829,1.5432259833578283,-3.949406375641595,1
37.0,61.0,True,0.2678295025504629,0.1733502787315754,0.8420496623050724,0.880609478496761,-1.6531482289505526,3
37.0,62.0,True,0.239007444019784,0.1531238464903906,0.5687019475170704,0.4745369223694448,-1.9407659834264497,1
37.0,63.0,True,0.1827230944913022,0.1072971115538729,0.4413929749673654,-0.0646198469528119,-4.0018393227150675,1
37.0,64.0,True,0.1948041400946037,0.0773706484720789,0.399018251009877,0.4050807035898283,-3.592114923516762,1
37.0,65.0,True,0.1291561853203721,0.1135594847702293,0.5679954561131674,1.848966036449147,-5.737485034257242,1
37.0,66.0,True,0.1518753360062872,0.0980776755483489,0.3390525104477903,0.1530167110513235,-4.719898086294927,1
37.0,67.0,True,0.2862871405567248,0.1581075816004618,0.5053691886462307,-0.650335456832467,-0.7497705855789556,3
37.0,68.0,True,0.3344738196750348,0.1759320858998889,0.6934818802647724,0.2589362200445336,1.0830771102881205,3
37.0,69.0,True,0.2529376884963747,0.1035268185132916,0.4462975347001538,-0.5598545953955796,-1.5417986515889757,1
37.0,70.0,True,0.3697380885650099,0.1553324894821592,0.6832068921786772,0.3966729578887783,1.7964366585175413,3
37.0,71.0,True,0.2315760617906788,0.2219500738035461,1.115808137098964,2.2738837391798525,-2.8108026362542,3
37.0,72.0,True,0.2139540563074339,0.1005554940869497,0.4382529223898999,0.5030521092660911,-2.985093622564599,1
37.0,73.0,True,0.1403326232737989,0.1259092437753215,0.4229407879430099,0.4518703927406465,-5.186826774937735,1
37.0,74.0,True,0.2689552328518256,0.1762070976705433,0.6453227983096016,0.5908086327877062,-1.503701409401087,3
37.0,75.0,True,0.1039543793466283,0.1233702721568638,0.4266224548387872,1.3624312946015475,-6.479470405439406,1
37.0,76.0,True,0.1262528290597184,0.1002950888919696,0.3838361969068498,0.8626698434626215,-5.610152138100512,1
37.0,77.0,True,0.1441181057090794,0.1571494252041832,0.5521381505619619,1.1610797090829317,-5.170565662274689,1
37.0,78.0,True,0.1558396947732962,0.1140804085557351,0.4054514187265315,0.7576447363727222,-4.638992151033229,1
37.0,79.0,True,0.0828116904552154,0.0587020084472356,0.2104132446713042,0.3752318390174109,-6.983920252210705,1
37.0,80.0,True,0.1836633237272078,0.1621269303827706,0.5261342901616186,0.6314128151410116,-4.033477195608613,1
37.0,81.0,True,0.2299246080241027,0.1717030403480616,0.5845033391318166,0.4618514651185159,-2.5607538669023486,1
37.0,82.0,True,0.1793825854047995,0.1550505400310551,0.7509807374385891,1.514462388789748,-4.265344911227,1
37.0,83.0,True,0.1221443925536847,0.0802261138369145,0.2889552541259971,0.3441177118814023,-5.981267066353452,1
37.0,84.0,True,0.1544660866654254,0.0983349541477407,0.3466154875362399,0.3603297690730831,-4.681975893707186,1
37.0,85.0,True,0.1608787412189866,0.1148213804994791,0.5601593430368313,1.144736584013571,-4.725489300460714,1
37.0,86.0,True,0.2073530466460057,0.1357004164498525,0.5521121457191266,0.9450657945780016,-3.307890225386786,1
37.0,87.0,True,0.3310035681624907,0.2265083441273469,1.148746299174249,1.3298983749598283,-0.0539367577507457,3
37.0,88.0,True,0.4144113997860718,0.1033497650545195,0.5913658182298156,-0.20122986773588,3.171805191451136,3
37.0,89.0,True,0.4640978537309246,0.1634137995017744,0.8326439426886107,0.2192822668036149,4.524611135832936,3
37.0,90.0,True,0.5748728928922614,0.153141941758098,0.9590214372750958,0.8704323466945357,8.045107372835679,2
37.0,91.0,True,0.7367289939817254,0.1925870275403375,1.0279196902282723,-0.3413623693573784,13.404440949502463,2
37.0,92.0,True,0.4967954102313446,0.2596679723683389,1.3557915850853244,0.7762976072634993,5.41776933723972,2
37.0,93.0,True,0.5599999743397897,0.2939131711309112,1.033146495843052,-0.0016653596061022,8.12921422583818,2
37.0,94.0,True,0.5058676345229396,0.2270738679004758,0.9468324670414556,-0.1490050670218392,6.017457771165152,2
37.0,95.0,True,0.2960098125308037,0.1482959129240911,0.5806076335160049,0.0643311166487583,-0.2169464996317562,3
37.0,96.0,True,0.3563014306201232,0.1559179645180816,0.6131963242771727,-0.0220346646598962,1.4595290283207374,3
37.0,97.0,True,0.3150387692490618,0.2317678599471511,1.1402049987632912,1.419977594954878,-0.2273107636056265,3
37.0,98.0,True,0.1138759672327405,0.0797163155352001,0.3061980991488091,0.7316564223440761,-6.094108232729171,1
37.0,99.0,False,,,,,,0
37.0,100.0,False,,,,,,0
38.0,1.0,False,,,,,,0
38.0,2.0,False,,,,,,0
38.0,3.0,False,,,,,,0
38.0,4.0,True,0.4461920080522996,0.2264998649069944,0.910084486848024,0.1722758221175065,4.118554597226964,2
38.0,5.0,True,0.4403791322832516,0.2059126475568906,0.7774992757997701,-0.4201150717487005,4.100648059316956,3
38.0,6.0,True,0.4092407837818734,0.2426856695566108,0.95106639079166,0.8742312482003216,2.848958755318626,3
38.0,7.0,True,0.158416999263878,0.11059530958995,0.3799826902267426,0.378105989716811,-4.551383706398637,1
38.0,8.0,True,0.1850475580158601,0.0986224259517341,0.3504474027303109,0.1232686170964619,-3.6907049385357618,1
38.0,9.0,True,0.1801847760620019,0.0930145737583877,0.460018641400727,1.6804083908386078,-3.957634751179989,1
38.0,10.0,True,0.200814673165502,0.146818170773412,0.5615590199029631,0.7863809912793077,-3.5055266155599183,1
38.0,11.0,True,0.3530494026409623,0.2829092108472541,0.9590200787480252,0.5014424427836502,1.3801324078160777,3
38.0,12.0,True,0.2915643081448696,0.119804564542389,0.6542148662001075,0.6517893306784543,-0.7724226259497735,1
38.0,13.0,True,0.203390711743386,0.1684320052398512,0.8126372527632916,1.6313849692777818,-3.669168333426596,3
38.0,14.0,True,0.1941105080854739,0.1537320017169479,0.5603301776659018,0.3485351842084122,-3.6415443603649207,1
38.0,15.0,True,0.2619123548778871,0.140852561290827,0.5133488886687742,-0.1745751873489729,-1.3568239626589442,1
38.0,16.0,True,0.137484083115848,0.1448742497776178,0.4497381734200357,0.7538372504279657,-5.390655015217247,1
38.0,17.0,True,0.2414047375942165,0.1157238108972453,0.5132862909123387,0.9810237856072628,-2.1710715542323027,1
38.0,18.0,True,0.1526142114820972,0.1220123040926244,0.423120444437436,0.5847312402110773,-4.902570026726609,1
38.0,19.0,True,0.1548264468793666,0.153755707032278,0.5309845746343159,1.187646162803783,-4.7196978572985255,1
38.0,20.0,True,0.2529384704614613,0.176714247266359,0.5708189023711332,0.3230806135708434,-1.8330262112242417,3
38.0,21.0,True,0.3063068523412722,0.253219386731664,0.9056655060900666,1.0694370425529989,-0.2785105187136356,3
38.0,22.0,True,0.2409168184069684,0.1354714826315567,0.5579596768710776,0.4802090600439989,-1.9944724421500797,1
38.0,23.0,True,0.2082228032302227,0.1436703664377544,0.4928238196189118,0.1236661586679306,-3.13357612088161,1
38.0,24.0,True,0.2876886345028295,0.1674127846375604,0.5921707902698138,-0.0565189237993256,-0.7315544179091374,3
38.0,25.0,True,0.288145864219117,0.1358353669853365,0.6440393734049513,0.1173076122749315,-0.9533156447000396,3
38.0,26.0,True,0.315523813334715,0.1735558831378999,0.666319413129994,0.3068486441101941,0.1454259843732936,3
38.0,27.0,True,0.2822817151730024,0.1466232357115713,0.5438466397272391,-0.2070113492683407,-0.7418071462865623,1
38.0,28.0,True,0.3411102185911547,0.1729029818155611,0.6354521469779595,-0.1910145069400227,1.3000207596913642,3
38.0,29.0,True,0.247447883292482,0.1641997543988087,0.620456407070137,0.3515333832714956,-1.7724981373994542,3
38.0,30.0,True,0.4158723932709183,0.1605484534354354,0.7467012189596713,-0.274784925305382,2.9366410883359597,3
38.0,31.0,True,0.3910464464260039,0.2117606496462993,0.7576562435710594,0.1250722672329891,2.3574642721746604,3
38.0,32.0,True,0.5273813781170273,0.2422347655248838,0.9367926928605096,-0.5022326544444562,6.344966638515279,2
38.0,33.0,True,0.5283870042240082,0.2321194799778319,1.0812976080100611,0.3582958025225644,6.424575558650137,2
38.0,34.0,True,0.6039422987789993,0.2499732457472012,1.2679308973597003,0.3322099955683226,8.736585695737391,2
38.0,35.0,True,0.4671540965264366,0.246890578678382,0.9681825967158252,-0.1163367735299006,4.940836362427877,2
38.0,36.0,True,0.870038394849748,0.3508833532427841,1.5,0.3006891643872137,16.880473437193768,2
38.0,37.0,True,0.5799340891004128,0.3535194545165368,1.5,1.0273690788101468,7.233980880071163,2
38.0,38.0,True,0.4121816878700551,0.2829800587366712,1.0421755849498844,0.4567636472678785,2.7975911667698954,2
38.0,39.0,True,0.5728116365856813,0.344896585984041,1.4480349429607853,1.0615569134264455,8.30411920137375,2
38.0,40.0,True,0.4906624421315032,0.2527145943071694,1.0028979016286674,0.3269485276501455,5.52946967124253,2
38.0,41.0,True,0.4932158315541411,0.2186974041710743,1.019949509054881,0.9718317496332228,5.393215349892537,2
38.0,42.0,True,0.6058299006235793,0.2325830962225623,1.1115534027266576,0.3047592409510363,8.80743144705209,2
38.0,43.0,True,0.3292634272044586,0.2680765710979774,1.193597597918389,1.242927526259158,-0.1972211492265557,3
38.0,44.0,True,0.3909239944620162,0.2320644876095569,0.8663015860877734,0.1646544032039063,2.5294171677039667,3
38.0,45.0,True,0.3095951201827978,0.1560913541622619,0.5387921726664572,-0.3139198611458047,0.0667987963131824,3
38.0,46.0,True,0.1544029008752373,0.1331794893820019,0.4220534708996998,0.504088051647684,-4.710880059188405,1
38.0,47.0,True,0.2368618609521156,0.1162174488428509,0.4700588674673449,0.125994904066055,-2.2369775677258152,1
38.0,48.0,True,0.0812810841288153,0.0984520264125569,0.2855759177963359,0.8563120795744902,-7.112602426318551,1
38.0,49.0,True,0.2225101655096894,0.1766766958796254,0.6702994794313274,1.127448768770961,-2.5506028080240304,3
38.0,50.0,True,0.154936045162579,0.1272243410151516,0.6357550969696265,1.6076084753061792,-5.136303832467268,1
38.0,51.0,True,0.1634854973896639,0.0861613398221829,0.2891458947918154,-0.5406721534085497,-4.367468340443657,1
38.0,52.0,True,0.093400864992343,0.0614104962049754,0.2184215742744705,0.1515095256724868,-6.615303507886803,1
38.0,53.0,True,0.1262042825464147,0.0770923142240354,0.2766988694847283,0.3151666615867629,-5.530635445144876,1
38.0,54.0,True,0.2062475559545772,0.15413601067153,0.5992325168228309,0.9950019328002144,-3.065097817265865,1
38.0,55.0,True,0.3235335724464657,0.1443351847912986,0.6136725175562642,0.1804538085289834,0.5054932236659119,3
38.0,56.0,True,0.2049628556218673,0.1403212718518051,0.4794225030991607,0.2438292172871828,-3.250474306047044,1
38.0,57.0,True,0.2145596474879641,0.1365405609758098,0.508863178773546,0.6617752527676165,-3.117051746979486,1
38.0,58.0,True,0.1548547336756286,0.0921001718894971,0.3363632712991028,0.1331959829609981,-4.63665380325489,1
38.0,59.0,True,0.1720732650424377,0.1663260529160557,0.8572696964684225,2.170002361570144,-4.574819004246972,1
38.0,60.0,True,0.2276454036231659,0.1847466192572285,0.9128330192191956,1.504350156769871,-2.9635224920922876,3
38.0,61.0,True,0.2712028335799685,0.1908049980550769,0.6998518763194481,0.7756392672009341,-1.1962451256050204,3
38.0,62.0,True,0.1577797255505436,0.1057975259199382,0.379690654591234,0.565254889236527,-4.6489256231650655,1
38.0,63.0,True,0.2781742684702115,0.1562118230803868,0.5898908450464094,0.1424164814090433,-0.7751929207179662,3
38.0,64.0,True,0.1709927517904012,0.1130439564530536,0.3484844961978324,-0.0265159983450178,-4.497419020769483,1
38.0,65.0,True,0.1064478888300134,0.1449538589312821,0.5019985979258182,1.4554346620222514,-6.37608454358606,1
38.0,66.0,True,0.2272035574244898,0.1310504724884604,0.4821620265465322,0.0656773508213577,-2.5094806692996316,1
38.0,67.0,True,0.2342083475162104,0.1893906903779522,0.6163570982498955,0.3753639305278383,-2.091238237738847,3
38.0,68.0,True,0.2372391857760426,0.0651659965595157,0.3576725329741488,0.3496454929534463,-2.278173793793468,1
38.0,69.0,True,0.2823796398904928,0.2380766616532023,0.8960020183262932,1.0802573097757877,-0.8523706370467752,3
38.0,70.0,True,0.2527486045256853,0.1984752073647296,0.6651413531169582,0.7096756201126371,-1.639592424010781,3
38.0,71.0,True,0.3536543879833843,0.201865938762211,0.8036364829812753,0.4188271020115869,1.340127489629382,3
38.0,72.0,True,0.1707357840352561,0.102275888694779,0.4133567943158281,0.0342141258117507,-4.475249128254533,1
38.0,73.0,True,0.279241538007781,0.1769837103299011,0.6632288080188438,0.5066858269627735,-1.1714394589877573,3
38.0,74.0,True,0.2081298512689246,0.1601094986189682,0.6222183070889563,0.7663845889056372,-3.035409984003649,1
38.0,75.0,True,0.2941584584312035,0.2213087595541464,0.7591864031925034,0.604667584943354,-0.2090078641004104,3
38.0,76.0,True,0.1675512436779587,0.099080540932767,0.379468941799649,0.5043142776118402,-4.401840615610232,1
38.0,77.0,True,0.2687675560030098,0.2775218687381373,1.3623757294011511,1.9194790037647145,-1.77102371016696,3
38.0,78.0,True,0.154617144747837,0.2104642888095091,0.7559568621270115,1.7594070568876,-4.721204958541458,3
38.0,79.0,True,0.1563809602582251,0.1162597855171422,0.4065219021300818,0.52456170335158,-4.6879582513159495,1
38.0,80.0,True,0.1141607256988655,0.0716081115460548,0.2595648376852855,0.1846287184224113,-6.098084629693714,1
38.0,81.0,True,0.1685967499085442,0.1104984617979977,0.3778913258541618,0.3507703419535793,-4.284840735192223,1
38.0,82.0,True,0.1129614325912614,0.105642488968105,0.3618264333354779,0.8520325220411868,-5.982718239953914,1
38.0,83.0,True,0.2147049919105282,0.1073544368494346,0.4655949138119782,0.2727624003016506,-3.0189595717075655,1
38.0,84.0,True,0.1721795949252069,0.0926334652905899,0.3663387961796204,-0.1243835691264915,-4.1014688030623,1
38.0,85.0,True,0.273405721275485,0.1530900351357697,0.6092191203081818,0.4367265187471443,-1.246638529296541,3
38.0,86.0,True,0.2551229579921248,0.1436210465231671,0.5746022937842251,0.2415061701056253,-1.7772527544439176,1
38.0,87.0,True,0.2356605906023443,0.2151818049689511,0.7701323984283412,1.302148551599723,-2.1873503013374034,3
38.0,88.0,True,0.2758149504577549,0.110488739010618,0.4635433336179529,-0.3547839754380251,-1.0379014308743513,1
38.0,89.0,True,0.5560478148635888,0.1934491359794508,1.058017852199327,0.5462470531969895,7.515647289403423,2
38.0,90.0,True,0.7504403647308447,0.2850881440552222,1.3200594838358792,0.6110236713090663,13.893022551999213,2
38.0,91.0,True,0.7075010164476383,0.1860984838134417,1.055767496067152,-0.5979205186140184,12.368174104203412,2
38.0,92.0,True,0.520538330996185,0.2388493266869386,1.056167821271241,0.4707725756685295,6.453648758938342,2
38.0,93.0,True,0.5301070770600083,0.2234126234678505,0.9540778647189138,-0.0812690466365557,6.7300363805873396,2
38.0,94.0,True,0.4207977286072942,0.2452049266968935,0.9018142835570668,0.0254219662844975,3.4798837017222892,3
38.0,95.0,True,0.3531661126418187,0.2668696565882147,0.9239537707642546,0.5758251489392512,1.4398380369113737,3
38.0,96.0,True,0.2596266811475887,0.1366434792600137,0.6867325473376891,1.142857014959841,-1.9798330556510593,1
38.0,97.0,True,0.2751977906072521,0.1898717629448679,0.6878442786296933,0.6612135075843503,-1.020500938817697,3
38.0,98.0,True,0.1518697314164125,0.0848112440413595,0.3397691766779582,0.276035196891578,-4.935090331986465,1
38.0,99.0,False,,,,,,0
38.0,100.0,False,,,,,,0
39.0,1.0,False,,,,,,0
39.0,2.0,False,,,,,,0
39.0,3.0,True,0.0962538362047125,0.115596830475264,0.4215879090338528,1.549335923380862,-6.63217528350697,1
39.0,4.0,True,0.3774495147395096,0.165329550499528,0.7296643321518798,0.0872339066670692,1.8212533387327352,3
39.0,5.0,True,0.3202019927746127,0.1707096124301386,0.66546624582622,0.2957739283703862,0.3110042848222802,3
39.0,6.0,True,0.3763200909950914,0.1410238953337358,0.6800978253153547,0.1302169413902385,2.028208635063967,3
39.0,7.0,True,0.3341444475727768,0.2178495388251178,0.8656015061892575,0.4879379417234027,0.302423736418848,3
39.0,8.0,True,0.3018224574819044,0.160501353150211,0.6576207445206361,0.3207425507682465,-0.1933087514939158,3
39.0,9.0,True,0.1658023700215661,0.1736116602784798,0.6234905395489935,1.5547861881138112,-4.403133441736534,1
39.0,10.0,True,0.2006667186941509,0.1323807566275059,0.4947517509492214,0.7284582859055238,-3.460446025829486,1
39.0,11.0,True,0.2657463127107645,0.12229202576686,0.5533892617290861,0.3345088813123441,-1.4016319586082897,1
39.0,12.0,True,0.3013937580420701,0.2481384990149975,0.8933339798128906,0.8093856253695941,-0.0168440753071487,3
39.0,13.0,True,0.2362784562853321,0.2001225031859521,0.7404171906795695,0.9356900628610711,-2.2397430063917816,3
39.0,14.0,True,0.2054722571165237,0.1782842938502828,0.6795294299259502,1.3280578434000174,-3.0009358832790913,3
39.0,15.0,True,0.1586939157079017,0.0940018438406631,0.3395751588428649,-0.0681032424691294,-4.6851282972468145,1
39.0,16.0,True,0.186964097757062,0.1195012458363094,0.4855183807715013,0.724939962489945,-3.771691588247816,1
39.0,17.0,True,0.1961600855180023,0.149694404122476,0.5333328236475418,0.7058779459874202,-3.3820183019803896,1
39.0,18.0,True,0.1291133487525885,0.1395422371617584,0.4000791031751204,0.5172508352420895,-5.601614262077617,1
39.0,19.0,True,0.2205968278782225,0.1160335911645331,0.4397080915574236,0.1290809826281913,-2.8495056416952784,1
39.0,20.0,True,0.1702712700411121,0.0923802691672099,0.3751816669397942,0.1292827076600316,-4.274160031509945,1
39.0,21.0,True,0.3480406818337283,0.3115684956134181,1.217897439615497,1.3601701837626734,1.1175018505269876,2
39.0,22.0,True,0.2241982449303995,0.1000512046641954,0.4086898553830813,-0.418242649040567,-2.4434448092611705,1
39.0,23.0,True,0.2600734619159392,0.1690928647210197,0.7545131224286169,1.755775295692012,-1.65681431093625,3
39.0,24.0,True,0.1946448317806116,0.1571843013256791,0.585436077749725,0.7136867562988359,-3.5132100865132148,1
39.0,25.0,True,0.2231860400408647,0.1865439965843126,0.594410529033793,0.6061414448405659,-2.500890434991976,3
39.0,26.0,True,0.1920464780461204,0.1037600421562085,0.386299254178561,0.1924428410178801,-3.4783907957639775,1
39.0,27.0,True,0.275817057593904,0.2015730416361794,0.6557208664873327,0.302123191645227,-1.2518441159745743,3
39.0,28.0,True,0.2734950073552923,0.2055640360239318,0.7117301699586861,0.5063144099064342,-1.0903870143972745,3
39.0,29.0,True,0.2596297308052931,0.1874943270921271,1.050547038066295,1.8456453377410231,-2.0728065398238695,3
39.0,30.0,True,0.3591320070977029,0.1393647871032083,0.6205309921056216,-0.0573595264815861,1.393259066287241,3
39.0,31.0,True,0.4776202397377834,0.2745465203529833,1.0839739352873796,0.6662577496404896,5.443503773327008,2
39.0,32.0,True,0.392491848511953,0.2174729475925623,0.7852304136770684,-0.1152470527914348,2.453891887253475,3
39.0,33.0,True,0.5328231978785775,0.1670036370273639,1.1785191931906902,1.582987086975986,6.592119093742123,2
39.0,34.0,True,0.6184908723477204,0.2337015491416376,1.1493333574868392,-0.0999203186498107,9.699626196949817,2
39.0,35.0,True,0.6004319919893334,0.1777396091027263,1.339386532554338,1.6332833638207456,8.681401400066793,2
39.0,36.0,True,0.5947031320793299,0.2281868635972871,1.1997638356945473,0.5890888992104696,8.904621480064113,2
39.0,37.0,True,0.4720359390019098,0.2001478989454201,0.8300336072942366,-0.1845279577720032,4.859783756172309,3
39.0,38.0,True,0.575089091995291,0.3076132080071895,1.3345808807636683,0.6365755451688803,8.078440787242169,2
39.0,39.0,True,0.3792060698822686,0.3001075849276192,1.1427575468850264,1.0309709599300136,2.297793821433444,2
39.0,40.0,True,0.5310579026768514,0.2484329593880798,0.9599021215891824,-0.1662127130896745,6.7776716479504575,2
39.0,41.0,True,0.4456633393611833,0.2482822966843469,0.8878272158569095,0.1033351373407545,4.1505475554736035,2
39.0,42.0,True,0.3791057343548442,0.2271697056425384,0.8987323255989648,0.8329094230736668,2.084733957015887,3
39.0,43.0,True,0.23009343355755,0.164075703490226,0.6103306374429027,0.6618758155192975,-2.551100934701944,1
39.0,44.0,True,0.3856821759046409,0.2146050217774428,0.8594491756395206,0.470163171729686,2.414213731533269,3
39.0,45.0,True,0.2465496804262308,0.24587582124242,1.3822896953064652,3.059397175324348,-2.4225251685045586,3
39.0,46.0,True,0.2609676527041945,0.1983248568283042,0.6958203219823038,0.4892667575043439,-1.3714959874793535,3
39.0,47.0,True,0.1664293483649244,0.1286873420669793,0.4824753763755984,0.7441910318535945,-4.632454215988928,1
39.0,48.0,True,0.1938631815968473,0.1502855475894238,0.5394020383692727,0.4896796115772343,-3.4655526503930068,1
39.0,49.0,True,0.1894589779002932,0.1493536569142148,0.4565057813271501,0.2836632941959355,-3.7352965615727896,1
39.0,50.0,True,0.1725031794884361,0.1384300527892997,0.4614371119934762,0.3479414046674087,-4.375294145092056,1
39.0,51.0,True,0.1815913414724941,0.1296122916163465,0.4427719078500185,0.2324970446242882,-4.14622683878601,1
39.0,52.0,True,0.1434482040487568,0.147941000484396,0.5413644722615494,1.3232337971921566,-5.088401327728509,1
39.0,53.0,True,0.2652831295903386,0.124632214939035,0.5898005997247195,-0.29123421121881,-1.4562299825532783,1
39.0,54.0,True,0.1751486021352697,0.1354605972767542,0.5191047943920184,0.6660288129729107,-4.1857740646289425,1
39.0,55.0,True,0.2333430532941447,0.1450066483236149,0.5932088968997695,0.5820715499567388,-2.657834188437487,1
39.0,56.0,True,0.2290745552291397,0.1354703470693339,0.6815595298763992,0.5120335235245522,-2.7595210086590076,1
39.0,57.0,True,0.3659192439853906,0.1985232954362419,0.8964929789452023,0.165674157754464,1.4542905055990565,3
39.0,58.0,True,0.2521989945982294,0.1658560102769596,0.5406948357330137,0.1206416273854319,-1.92038599956699,1
39.0,59.0,True,0.1735585646512812,0.1358500858545024,0.6047182908616668,1.1433798140521167,-4.435307347932079,1
39.0,60.0,True,0.1860230333035998,0.121118718047677,0.3747123768994553,-0.1196235937443451,-3.754345399831705,1
39.0,61.0,True,0.2568656321838071,0.1363695224746713,0.5178651292401693,0.0303256549777348,-1.5170059992869114,1
39.0,62.0,True,0.1221377370358787,0.0624961476927534,0.2613958429522214,0.0389504505834701,-5.831224479977835,1
39.0,63.0,True,0.215199882842495,0.1499547819485894,0.5404518164483411,0.4329976034390276,-2.973362249928173,1
39.0,64.0,True,0.1700052017983641,0.1176325399942155,0.3458301176774781,-0.2556809656588386,-4.159835562384104,1
39.0,65.0,True,0.2940638053379876,0.1583249487284484,0.6371789916703072,0.2691392055268436,-0.3861957635891465,3
39.0,66.0,True,0.1928455779516323,0.0963521808127943,0.3868867278572648,0.3377704792943258,-3.5216554017119854,1
39.0,67.0,True,0.2528151603692963,0.1328753719041813,0.6270284244343078,0.4453296899500665,-1.9008201157499256,1
39.0,68.0,True,0.3293935093419103,0.1655102649471153,0.7104778183733604,0.2163754373203608,0.72684928898005,3
39.0,69.0,True,0.2291175427100203,0.1316626979128477,0.5717542131074579,0.954603797541732,-2.310794896866492,1
39.0,70.0,True,0.33839954600991,0.2601255449699288,1.279091405333271,1.37845250150247,0.2724510659599205,2
39.0,71.0,True,0.3148048993192928,0.0995405381373112,0.5238718499659641,-0.4560835947571118,0.3378811064499621,1
39.0,72.0,True,0.3746782412929883,0.1741465622868759,0.6952784123625184,-0.2072242772712196,2.365161151587873,3
39.0,73.0,True,0.244844510758728,0.0995868608793651,0.4391961781402733,0.3757111878161135,-2.2277890647111827,1
39.0,74.0,True,0.2823946821160636,0.1379944143377888,0.5704402962847634,0.3646835026064643,-0.6804153805831777,1
39.0,75.0,True,0.2247738372920694,0.1730534662137769,0.651525747759161,0.9937866350802168,-2.8586670624475214,3
39.0,76.0,True,0.1459332702884477,0.1190344007381043,0.4157821551066415,0.6883736966689656,-4.966543141001619,1
39.0,77.0,True,0.1308757582334712,0.1071357405798733,0.3988489141178074,0.92254873516798,-5.5081973925626215,1
39.0,78.0,True,0.1014167628342949,0.0756877413727985,0.2876824504678669,0.8151920528760898,-6.369984119755651,1
39.0,79.0,True,0.1742639096126601,0.1112926185287059,0.3963219868775206,0.1426476609024663,-4.160752028524653,1
39.0,80.0,True,0.082861572614837,0.0735315736650299,0.2710078268325081,1.0043452033612648,-6.9433782550235,1
39.0,81.0,True,0.1548090228147777,0.0869038895540747,0.3192841735743699,0.0438910339885852,-4.640835108928985,1
39.0,82.0,True,0.1894346797207894,0.1486310131730447,0.5252044578964766,0.4200933667616832,-3.5740275971787,1
39.0,83.0,True,0.148779222254075,0.1056498800682264,0.4058489840569078,0.7210220552587646,-4.929204941526406,1
39.0,84.0,True,0.2075826000904899,0.1428645828923173,0.4888707398012908,0.5633236348304976,-3.1871761627734694,1
39.0,85.0,True,0.2137793368774273,0.1268370464474258,0.5243929164766383,0.371053249780291,-2.987534149625115,1
39.0,86.0,True,0.3357664233095699,0.2365883702142754,0.851824142183192,0.2714013342702184,1.1205887971831523,3
39.0,87.0,True,0.221605604150024,0.165060791820806,0.5251211327853601,0.3103560147393456,-2.482414019612952,1
39.0,88.0,True,0.4397953871451003,0.1369304531484426,0.7054434334690459,0.1538493894695593,3.9818289137944873,3
39.0,89.0,True,0.4724047865092827,0.2119417676171982,0.8862997827467828,0.0920144413669766,5.187538303720645,2
39.0,90.0,True,0.816475349126759,0.2533940546670805,1.4012388315289803,0.0702549522166615,15.911614137074828,2
39.0,91.0,True,0.7602621972998849,0.4015140819442725,1.5,0.4210460888402361,14.379266736962526,2
39.0,92.0,True,0.7331719637299284,0.3030310766400391,1.2847769747401456,0.0716424234374989,12.824078538041794,2
39.0,93.0,True,0.6170355590139676,0.2144128918164202,1.1850475336427264,1.192872494187616,9.376692844064127,2
39.0,94.0,True,0.4824929654168894,0.1181201371092629,0.7897119513068626,0.4973784079142122,5.3460518894606,3
39.0,95.0,True,0.550290368392463,0.2167654296963351,1.0942527211141777,0.0741760829375258,7.410659930588446,2
39.0,96.0,True,0.2997112596976782,0.1805547617583467,0.6561456263761211,0.0336733562033211,-0.5755746304416377,3
39.0,97.0,True,0.2159378968613241,0.124974042421047,0.4916632728013618,0.5504104897696531,-3.026311457387229,1
39.0,98.0,True,0.3607544969490613,0.183073797229349,0.7180260939036024,0.5443170779392825,1.462016098255794,3
39.0,99.0,False,,,,,,0
39.0,100.0,False,,,,,,0
40.0,1.0,False,,,,,,0
40.0,2.0,False,,,,,,0
40.0,3.0,True,0.1978972840371843,0.1084064123910824,0.4425476454877227,0.3002822040063747,-3.3566437027133347,1
40.0,4.0,True,0.4133980321555585,0.2220216103754001,0.922038623086171,0.8549544608021324,3.0017329711210685,3
40.0,5.0,True,0.3920210646548335,0.1405094486299054,0.6745447892436272,0.1096998832153371,2.363208266749881,3
40.0,6.0,True,0.3411121494810065,0.1887292472093983,0.6044876735841875,-0.1860668989918139,0.8049690849948509,3
40.0,7.0,True,0.3782162557479654,0.2970360196546226,1.5,2.195255664147897,1.4084688085597568,2
40.0,8.0,True,0.2193160054979151,0.1486006169598777,0.5935417097039194,0.7494915236950145,-2.707239011925703,1
40.0,9.0,True,0.1845710713590681,0.1117270869690433,0.4586131769994097,0.591623712056141,-3.669677399761023,1
40.0,10.0,True,0.2406680481239402,0.1417250497438381,0.4768046720026562,-0.1123137494703936,-2.0215910472296263,1
40.0,11.0,True,0.2576974063552897,0.150173160481728,0.5197278355904168,-0.0835993989606085,-1.616574070726046,1
40.0,12.0,True,0.1982162268322259,0.1646712463503652,0.6084058548288827,0.9031533830151292,-3.274792140418357,1
40.0,13.0,True,0.2093625951748688,0.1982600716186622,0.7766957395229951,1.734224957688513,-3.067895326899586,3
40.0,14.0,True,0.319303861460736,0.2184369005644291,0.7576831051186601,0.0529041702092079,0.3747553372230519,3
40.0,15.0,True,0.1985802669634916,0.1858283595100283,0.844480831793345,1.1902619471118332,-3.758400942514963,3
40.0,16.0,True,0.2096034932913552,0.1875565724549477,0.6683179138785649,0.9273774043590494,-3.074112069561915,3
40.0,17.0,True,0.3424081910633325,0.2026141057451642,0.718422485178633,0.234819222326935,0.995300664301078,3
40.0,18.0,True,0.2591245953184449,0.1668003548258652,0.5726909085775624,0.0768611707912055,-1.6287100456491694,3
40.0,19.0,True,0.2335392812282576,0.1806736262339985,0.7269594269922763,1.175180576500492,-2.177804023638904,3
40.0,20.0,True,0.2370176281061441,0.1405499646190197,0.5020835938834852,-0.1942490424511967,-2.244668802045259,1
40.0,21.0,True,0.1808552528692681,0.1373283965898981,0.5026918892255926,0.6933281124213393,-4.027897544025019,1
40.0,22.0,True,0.2821415884033635,0.1442149104485243,0.5626131744516704,0.1293605041645291,-0.7818998631048242,1
40.0,23.0,True,0.2665749936087873,0.1584155523789753,0.544231485094285,0.0323272526887027,-1.569502071956561,1
40.0,24.0,True,0.2801721795383114,0.1187165933685971,0.4518550815743111,-0.7193203810212904,-0.7949653158228838,1
40.0,25.0,True,0.2561519486443923,0.2078659233667053,0.6383093981373714,0.4847488249243243,-1.5930831523494309,3
40.0,26.0,True,0.2040235577365395,0.1509949684656507,0.4633534092634012,0.0449039738483952,-3.5090488949672114,1
40.0,27.0,True,0.2146179878383259,0.140688517519395,0.5753873823079635,0.761556167461982,-2.829651512234259,1
40.0,28.0,True,0.4482141082832347,0.2668501599790862,1.086301355911785,0.9847612646252064,4.278579445370857,2
40.0,29.0,True,0.5246763419399971,0.2150994563565946,1.062338635132294,0.5545744778861489,6.897119917138079,2
40.0,30.0,True,0.4951156117493466,0.2818367453872567,1.130536974073297,0.3718479111303816,5.938740249750501,2
40.0,31.0,True,0.3605934135003134,0.2039730124482425,0.9997595187482216,0.6502373567054059,1.2231629533118022,3
40.0,32.0,True,0.5174209635642718,0.156551386505145,0.8172602735261566,-0.0322186909479103,6.502727066930212,3
40.0,33.0,True,0.4538858585379002,0.1603219560924378,0.7150770478136208,-0.3562146896546306,4.456086298951187,3
40.0,34.0,True,0.4985374040859437,0.2259431366244736,0.938887664142092,0.3366617262375727,5.761395472250756,2
40.0,35.0,True,0.3407549044190571,0.1610470055036178,0.7357815133921576,0.9988094633213704,0.9216904011249488,3
40.0,36.0,True,0.4743962258051199,0.242975119786054,0.894995650308831,-0.2705994636836598,4.879454843073386,2
40.0,37.0,True,0.3826406481895904,0.2752312212176915,1.0521969292174338,1.0459039488015438,2.446346272882939,2
40.0,38.0,True,0.3692766187657137,0.1949972686418294,0.7788605522004299,0.3968306095410119,1.915579250301924,3
40.0,39.0,True,0.6368330431322309,0.287342609214662,1.1460711461197322,0.2039901262489099,10.319129053650444,2
40.0,40.0,True,0.442936902651201,0.2773115426268637,1.019734722670976,0.398165521706537,4.181071263201742,2
40.0,41.0,True,0.5192360754307288,0.2620672843568502,0.981748354069527,-0.1463488558793541,6.763717545475467,2
40.0,42.0,True,0.4898184618686239,0.263298146026562,1.0096989147256696,0.2633612555390847,5.375928902069125,2
40.0,43.0,True,0.261159915155874,0.222186199667858,0.7955717267082361,1.0092472706893725,-1.2779849346546917,3
40.0,44.0,True,0.3164204239811572,0.2270362293928709,0.7178167459030722,0.1539045241075654,0.3181070887368118,3
40.0,45.0,True,0.0764424585711384,0.0732155927040581,0.2175584496063555,0.4563538305793068,-7.131058918295467,1
40.0,46.0,True,0.2601914367215871,0.1414298214906722,0.5008921537385037,0.0557859826307082,-1.4036865254003852,1
40.0,47.0,True,0.1986606790995698,0.0901887456528382,0.3916484754048001,0.357705818463335,-3.6668468747072858,1
40.0,48.0,True,0.2306292114865009,0.1197607042270617,0.4618342244161342,-0.1690483474194121,-2.385060981850739,1
40.0,49.0,True,0.1599587253632662,0.1236763076323335,0.4140944676567117,0.2861246153707873,-4.5169746301539595,1
40.0,50.0,True,0.1122390285302771,0.0800575686595475,0.3265090864710772,0.7270747810307124,-6.141495481781144,1
40.0,51.0,True,0.3033794497958412,0.137929146942271,0.6094899948573714,0.2047077356413954,-0.4477556719771624,3
40.0,52.0,True,0.2311979126927033,0.1469576639270497,0.581543175013563,0.7909961700718635,-2.509851104912466,1
40.0,53.0,True,0.234316194298258,0.1995892976070413,0.724939244250834,0.8266758628332284,-2.2400219555000387,3
40.0,54.0,True,0.1321128764268602,0.0808646178530311,0.3225618353298298,0.5847256854083333,-5.464958920303036,1
40.0,55.0,True,0.1434773016798303,0.1230111679489968,0.3877744834059073,0.5074730304753065,-5.01304127617428,1
40.0,56.0,True,0.1304671481763138,0.1236625345888314,0.4210862195884823,0.7701638466045905,-5.528486877240256,1
40.0,57.0,True,0.2213479141587936,0.1466799727616029,0.5449668198832156,0.1367784373949912,-3.066193011420986,1
40.0,58.0,True,0.2700579950462148,0.1534194787607469,0.5636837874613125,-0.0595550250380544,-1.3574017395063327,1
40.0,59.0,True,0.0993500646536238,0.1117080967841579,0.3892752584055644,1.1711659315546572,-6.406611130485568,1
40.0,60.0,True,0.2503070176208323,0.1481676637403699,0.6414609673710377,0.6155729163518838,-2.002954422274533,1
40.0,61.0,True,0.3051223886051414,0.2097759039667223,0.9189381214797606,0.855688036738286,-0.4239462257312096,3
40.0,62.0,True,0.2769943517286425,0.1679944620271075,0.6203783172169538,0.3597641649168309,-0.8652013709445763,3
40.0,63.0,True,0.1409472309902293,0.0917154985268359,0.2777085026573385,-0.1413193952522324,-5.233658688841128,1
40.0,64.0,True,0.2749577717589019,0.1703761093919197,0.8203528960546259,1.0967612836318574,-1.3681216838036534,3
40.0,65.0,True,0.2811629750495322,0.2169500695683076,0.7377502621652856,0.9207897107951268,-0.907962631131794,3
40.0,66.0,True,0.306282673409286,0.2235059383842242,0.7918789297821521,0.4871942763746619,0.1177964020847965,3
40.0,67.0,True,0.2367679709067194,0.1976341270249701,0.7872519074481946,0.4755814100958093,-2.4650859433963355,3
40.0,68.0,True,0.2251914398291262,0.2412054671706727,1.1435383567191366,1.8966671065896343,-3.097150804258442,3
40.0,69.0,True,0.2628924975937057,0.2106926660791192,0.7428161169030721,0.7591389295909207,-1.7550752212323182,3
40.0,70.0,True,0.3178850741616832,0.2475964644703321,1.2227428784139898,2.0572318665358456,-0.2763147185062041,3
40.0,71.0,True,0.340667248571459,0.2212137688640757,0.7473332284084876,0.338121711618056,1.248723116461711,3
40.0,72.0,True,0.3576783802046038,0.1342241592720825,0.6518377812943491,0.2187132798148537,1.4907553003041738,3
40.0,73.0,True,0.3306900923162868,0.2312100573975685,0.9179192432179611,1.0355340840441034,0.9478217031676032,3
40.0,74.0,True,0.3159617535582657,0.1577991417362095,0.6171018145426571,-0.2830780721646214,0.3832495315834648,3
40.0,75.0,True,0.1332602458121507,0.0738703463493696,0.3033693514088826,0.1600661924891663,-5.5593976912390115,1
40.0,76.0,True,0.1490006057729938,0.1307463113866178,0.4204421172342891,0.5999411528701768,-4.913150690844315,1
40.0,77.0,True,0.2324983293913882,0.1719417054969103,0.6725616910249048,0.8441351988052227,-2.376325977727055,3
40.0,78.0,True,0.2177595060113971,0.1639594638104401,0.5005640921177921,0.2327907467884211,-2.74114820174317,1
40.0,79.0,True,0.2877068591933766,0.1732000930989032,0.7165383984610427,0.1571988224039077,-1.07451010876634,3
40.0,80.0,True,0.2370741246487059,0.0835521006174139,0.3589439169349702,-0.5067859640425285,-2.325742567426839,1
40.0,81.0,True,0.179312306010775,0.1751964809710724,0.6781671001331203,1.5501164479781984,-3.995051164340996,1
40.0,82.0,True,0.1682700542114691,0.1338966803315395,0.4160435457798008,0.4105860577643869,-4.257902389955704,1
40.0,83.0,True,0.1700645893547223,0.1321106393424049,0.6893368169347516,1.2878496432505953,-4.506625985576081,1
40.0,84.0,True,0.1728770742197563,0.1086519114352424,0.3619402885895899,-0.1157579501887439,-4.151713663550708,1
40.0,85.0,True,0.233141613082245,0.1027292959227574,0.3949026249597704,-0.324507133650063,-2.1960123907327516,1
40.0,86.0,True,0.2557636845949914,0.2428941879984492,1.2010873279291807,1.7633103240439305,-2.0647985441069965,3
40.0,87.0,True,0.3079278176256138,0.2276955264208526,0.812590067461154,0.6069068910469954,-0.5668851638435852,3
40.0,88.0,True,0.3054554829498438,0.1233161991897252,0.500970565885498,-0.4122437556030691,-0.1835018649124365,1
40.0,89.0,True,0.4359534451811255,0.1965493303445385,1.1547422053852778,1.1139164183808314,3.47350763413555,2
40.0,90.0,True,0.7364161295194096,0.2724331902114775,1.130936262519953,-0.3967277297851203,13.099498942219125,2
40.0,91.0,True,0.8043040460389128,0.299318216723638,1.364249535766893,-0.0843159337556081,15.690079422120176,2
40.0,92.0,True,0.7268001493694811,0.2105370765266293,1.1158729461943246,-0.1941496460699373,12.455462267258095,2
40.0,93.0,True,0.658845652695023,0.2960705233386447,1.2690177733610053,0.0705355419786522,11.100902461714435,2
40.0,94.0,True,0.507488298150756,0.3392206382747798,1.0488583824155184,0.1539536039170693,6.4043519789277035,2
40.0,95.0,True,0.4898974816514836,0.2024808263107394,0.7937780269485525,-0.2600854187210364,5.234961783011732,3
40.0,96.0,True,0.2954809703228385,0.1861009724492456,0.846508089798379,1.387869656818471,-0.3305936543050595,3
40.0,97.0,True,0.2905456117749929,0.2198052828851263,0.8517063869107143,0.908876368267107,-0.5951549889370961,3
40.0,98.0,True,0.3082335011196629,0.1516513496758367,0.8350441318158989,1.3195665996053385,-0.4399563833659389,3
40.0,99.0,True,0.0250155100346568,0.0367683442093061,0.1350153391202943,2.001941871308653,-8.766292653820992,1
40.0,100.0,False,,,,,,0
41.0,1.0,False,,,,,,0
41.0,2.0,False,,,,,,0
41.0,3.0,True,0.3437832376085327,0.1149492111028705,0.6433642476931828,-0.221731167826824,0.8831571089999134,3
41.0,4.0,True,0.5282939090722614,0.2293220184135517,1.017829726151901,0.2224091594440714,6.49405456327681,2
41.0,5.0,True,0.3007972024038042,0.20012169611762,0.6020537180283541,-0.0207853033938926,-0.4311397337107421,3
41.0,6.0,True,0.3351416069990551,0.1888823671113169,0.7362026963041036,0.3669999933792292,0.980174576583642,3
41.0,7.0,True,0.218215253475915,0.1343074856646967,0.5835010121531146,0.2963483194978519,-3.1500950277336326,1
41.0,8.0,True,0.3266396834864991,0.2670928797567949,0.8711119574432359,0.5563404306374305,-0.1316614107307865,3
41.0,9.0,True,0.2536596886529615,0.1320092946103299,0.525771616851611,-0.0164215173655674,-1.7371170012326314,1
41.0,10.0,True,0.2385991808114954,0.0880929391265445,0.3630362270263317,-0.5512159409905827,-2.317892797328404,1
41.0,11.0,True,0.1458597460809076,0.1026435308333323,0.3560544185570043,0.2946732217210308,-4.968888602725688,1
41.0,12.0,True,0.2573178519440746,0.196867722773939,0.7101977224717084,0.4670199508521373,-1.4378618703755468,3
41.0,13.0,True,0.1496573435617264,0.1167175999009312,0.3696606003892637,0.4520789113317371,-4.880263038281338,1
41.0,14.0,True,0.2035820168152464,0.1396804171728777,0.461587164905153,0.0686605262672066,-3.0762094233369046,1
41.0,15.0,True,0.1690622845579942,0.1389365374211924,0.4422021674024787,0.2949908648153909,-4.4814786953736565,1
41.0,16.0,True,0.2723205840513545,0.1987846061916304,0.6526556621781971,0.5911730191407538,-1.075266878894917,3
41.0,17.0,True,0.1463560569085608,0.098779283517547,0.3090009112283005,-0.0329138877645566,-5.091943250579513,1
41.0,18.0,True,0.2555463598402399,0.1465503502586243,0.6143434765476959,0.3963497748509831,-1.95109117030352,1
41.0,19.0,True,0.2509349797855773,0.132842506449948,0.5048562142589325,0.0212724642225631,-1.955968522021673,1
41.0,20.0,True,0.1327810101531834,0.0762534274498818,0.2673313337589195,-0.0796899058516044,-5.460251755565438,1
41.0,21.0,True,0.2077638317661097,0.191345760489494,0.6317027404560445,0.6891850688854276,-3.1891687608872115,3
41.0,22.0,True,0.1967842846692576,0.101942266739439,0.3905682507494271,0.202140589145936,-3.530928969937535,1
41.0,23.0,True,0.1612114802910006,0.1173523971231027,0.3841315787555345,0.3124385352536907,-4.467117492252249,1
41.0,24.0,True,0.2555317626033484,0.1472172426483223,0.4819082564548954,-0.1113216715358272,-1.63671047672586,1
41.0,25.0,True,0.2876132101690264,0.1223681929020829,0.5381575736974087,0.1073045404825397,-0.5614091319613693,1
41.0,26.0,True,0.272049588483079,0.1423018962699735,0.4930004242092996,-0.5135440051048431,-1.0715082805109977,1
41.0,27.0,True,0.3131572912982018,0.2114914244951275,1.138519394910947,1.794666989503568,-0.2837299386094129,3
41.0,28.0,True,0.3699601316728059,0.1510684088633686,0.6769877517029566,-0.0584324106025698,1.820111136308956,3
41.0,29.0,True,0.3458429897337533,0.1545350405496003,0.7925584043164212,1.1544446856615116,1.1536338677176745,3
41.0,30.0,True,0.3381164169336091,0.1887513084020396,0.5812996550447762,-0.636852945045305,0.8481422864414236,3
41.0,31.0,True,0.4772691221840887,0.182162723936593,0.8248737133375409,-0.0791464241608785,4.949856659056317,3
41.0,32.0,True,0.3606134080855673,0.2504908617626629,0.9297129205831748,0.5576081350504374,1.7816553976039196,3
41.0,33.0,True,0.3141896471730784,0.1963405464041364,0.6850277125955063,0.2650524296588265,0.1718327695811727,3
41.0,34.0,True,0.2489487118102414,0.1448700183999539,0.5537664902473522,0.4009661370460346,-1.7671583913787656,1
41.0,35.0,True,0.475278426946768,0.207579685994289,0.8423457012307374,0.078301863995263,4.839669090004473,3
41.0,36.0,True,0.2387572501877517,0.1045097835337123,0.4688003525688517,0.2943230301723515,-2.015604940878399,1
41.0,37.0,True,0.3989996128929314,0.2089860844288009,0.7462630800825298,-0.3207180187960078,3.017938747199934,3
41.0,38.0,True,0.2893921071752708,0.1603130787886728,0.6338051131955867,0.2932613164063287,-0.6877526775903372,3
41.0,39.0,True,0.3361375480344621,0.1784421091089529,0.8346689619801121,0.5433636001317924,0.5165678756690315,3
41.0,40.0,True,0.4239097225465978,0.1502264521846379,0.713300634975581,-0.4891483301214312,3.6683724869601,3
41.0,41.0,True,0.4481735966670581,0.3143043950431701,1.5,1.7575632288702787,3.5418982199345272,2
41.0,42.0,True,0.4438866193123896,0.2393753094248647,0.9590094814885574,0.5440586649010044,4.167375553982405,2
41.0,43.0,True,0.2972574304022869,0.1548826748231103,0.5118383114998671,-0.2443945062552368,-0.6180534765685174,3
41.0,44.0,True,0.2494211319882898,0.1765814533923829,0.6844441843925101,0.5165646089943782,-2.0675563025371506,3
41.0,45.0,True,0.1764542326266684,0.1291368900666742,0.4357055630850618,0.3985942416889485,-3.9334522614746192,1
41.0,46.0,True,0.1559071440281852,0.1044734922651754,0.3439183849638949,0.0587365940923382,-4.731275875614823,1
41.0,47.0,True,0.2306914565651022,0.0966156853845751,0.4399417421497791,-0.1985321810469993,-2.4901582539833593,1
41.0,48.0,True,0.1682877595581043,0.0948673776985156,0.4692674761279919,1.0020521337022268,-4.48748413946131,1
41.0,49.0,True,0.1203380968897272,0.1097690284336697,0.3645241669580808,0.6751640431074023,-5.971645062453678,1
41.0,50.0,True,0.211765240961135,0.1460535307675067,0.4992736652409358,0.3274094203395154,-2.8796417301817367,1
41.0,51.0,True,0.1416547948194232,0.1455574733805874,0.4912186427985333,1.2388639034961697,-5.391824300256888,1
41.0,52.0,True,0.1717969824402844,0.1113452128968468,0.443393173964917,0.2100294150516055,-4.385876720768387,1
41.0,53.0,True,0.2081138870549134,0.1409898890846386,0.5073592027379012,0.4902683840097177,-3.0252440254065927,1
41.0,54.0,True,0.1354811098210833,0.0835685604625079,0.2772888078588332,-0.0435660550522146,-5.254463739259392,1
41.0,55.0,True,0.169157382578943,0.1065823655919289,0.352184917219401,-0.2071869087287144,-4.510660461447639,1
41.0,56.0,True,0.2991742108666051,0.1095743012200756,0.5162125496776085,0.0680306597080739,-0.5138346630121797,1
41.0,57.0,True,0.1756239083660314,0.1875405822401245,0.6153725204478081,0.8381153313739007,-4.160208294246235,1
41.0,58.0,True,0.1626879382104076,0.1040111598197222,0.346184177778888,0.0277035177154671,-4.57555646280705,1
41.0,59.0,True,0.2424725979017332,0.1579704586112423,0.6582876450990409,0.5302458691503641,-2.2544237996426175,3
41.0,60.0,True,0.2327743211729784,0.086875307309346,0.3803845978054559,-0.5607508376790388,-2.3576285845723337,1
41.0,61.0,True,0.2724854246841504,0.1517252436623855,0.636914684758827,0.7233927039558677,-1.0657536954087683,3
41.0,62.0,True,0.071363728682441,0.0748123213597027,0.2462467305704048,0.8489328205050782,-7.439772603413688,1
41.0,63.0,True,0.129291897881008,0.1426177293757868,0.4715527406921745,1.1976487504312865,-5.620547554484981,1
41.0,64.0,True,0.2108507086666089,0.1518105716336443,0.5159769467983402,0.4891029438382814,-2.8635436911321928,1
41.0,65.0,True,0.2365959630073806,0.1468136020756326,0.5874631882939019,0.2127582686726493,-2.3499838829885578,1
41.0,66.0,True,0.2074676779479329,0.0838417064527489,0.3871451900942491,0.5542637531149424,-3.254702469212086,1
41.0,67.0,True,0.2307511128420631,0.1476334211370052,0.5851881751147856,0.4096470498768517,-2.4147148641228613,1
41.0,68.0,True,0.3438273596305549,0.1920048899715145,0.7426969151364143,0.2627262769324554,1.2360085163648888,3
41.0,69.0,True,0.4410263473038771,0.2245715419042266,0.9077959509245632,0.4046081929399394,4.35289761771888,2
41.0,70.0,True,0.3883258692470159,0.1965595833271928,0.8179451346445773,0.5461739020702389,2.133272945601009,3
41.0,71.0,True,0.4021575844371625,0.2475300950314167,0.9992411617200516,0.5269799994441536,3.063133944084195,2
41.0,72.0,True,0.2584028182584699,0.1637555366683155,0.6848575668922888,1.1315977697902186,-1.5580189103600106,3
41.0,73.0,True,0.2488856931385628,0.1390413332597248,0.5047164448308789,0.2888397838957426,-1.988836042610293,1
41.0,74.0,True,0.2046661351925934,0.1127495614253528,0.368925340047196,-0.2437076585987628,-3.294925684063703,1
41.0,75.0,True,0.2904964136266168,0.1553215904756094,0.5554217734431969,-0.1154216668626253,-0.6242629749872564,3
41.0,76.0,True,0.2356952457400309,0.1528388599321127,0.5525854360972939,0.1570962855444982,-2.038536152084812,1
41.0,77.0,True,0.1090165396617325,0.1107552342965226,0.3614555134102041,0.7905425248945728,-6.063874429051815,1
41.0,78.0,True,0.2398260244542781,0.1755623326085587,0.6027215687000251,0.6142475331700336,-1.8388046644687197,3
41.0,79.0,True,0.1323737913211129,0.0858692690656883,0.2996694118164765,0.1982144160362719,-5.413029721534471,1
41.0,80.0,True,0.2902952810469497,0.2174245421082926,0.734059849575315,0.3735019628532635,-0.7215322931372757,3
41.0,81.0,True,0.1625295845183396,0.0931617436341089,0.3171036024547413,-0.0876380205483466,-4.444435534847129,1
41.0,82.0,True,0.2351237379702449,0.1796625620524941,0.5662455790613232,0.4127434004447078,-2.0256847288818545,3
41.0,83.0,True,0.2697457934055348,0.139586821041991,0.6974685943605342,0.7705651290702766,-1.5569416327349468,3
41.0,84.0,True,0.1503243036172428,0.1569452362664276,0.5332565432768853,1.0281220150036174,-4.788078588562536,1
41.0,85.0,True,0.2814672489214511,0.1417302234461964,0.6293852862280267,0.7547629773841876,-0.929966989708424,3
41.0,86.0,True,0.2592025580524044,0.1748159550210985,0.5886941659982643,0.0093297166928331,-1.359617641211437,3
41.0,87.0,True,0.2752141528424892,0.1486351761470599,0.599055999052724,0.6290901688198397,-0.9195022137044616,3
41.0,88.0,True,0.2346010168814608,0.1901513397317984,0.925725451998194,1.4872748772595348,-2.627670445144447,3
41.0,89.0,True,0.5508197259978496,0.2335692980316977,1.1659536069790173,1.2506600314617646,7.269664706761327,2
41.0,90.0,True,0.5281379362694196,0.1738923823814445,0.8485484559459656,-0.0996139902142407,6.652843166274912,2
41.0,91.0,True,0.6981197578554831,0.267441056860493,1.2698571500986944,0.0960496690560259,11.900740839304406,2
41.0,92.0,True,0.70728498932631,0.3946409044058179,1.5,0.8443853209695312,12.66838580905113,2
41.0,93.0,True,0.7415736575514459,0.2637802737045392,1.183436667923919,-0.3615793672681962,13.368730217460952,2
41.0,94.0,True,0.716156885576923,0.363401260128473,1.5,0.7205941095095787,11.927268710048068,2
41.0,95.0,True,0.4795765098927763,0.2334055583806114,0.8916589101431619,-0.1469175388696363,5.01508205437115,2
41.0,96.0,True,0.4809158269822347,0.1996981220247626,0.8407419757284742,0.0819397273944541,5.057831323510021,3
41.0,97.0,True,0.404018771128852,0.1822213564652074,0.7506651324338401,0.079728951857114,2.7893571947486393,3
41.0,98.0,True,0.2862235960623612,0.1681817399329419,0.6055096864469455,0.3292838326078232,-0.5614760748939078,3
41.0,99.0,True,0.1070803506481825,0.1022179380848585,0.3717138740356164,0.9085286906615434,-6.379405785709136,1
41.0,100.0,False,,,,,,0
42.0,1.0,False,,,,,,0
42.0,2.0,False,,,,,,0
42.0,3.0,True,0.3571854129694061,0.1661274730326759,0.7629415213064028,0.3729267145677055,1.603101924964548,3
42.0,4.0,True,0.3016117361483929,0.109347950940599,0.5071765483188818,-0.4767747207444588,-0.1583649955991735,1
42.0,5.0,True,0.2703532389374227,0.1583636437467128,0.5955086387681052,-0.1208644592430639,-1.351095234535651,3
42.0,6.0,True,0.4193848497388527,0.3000018517330766,0.9249543944639586,0.1405852062474353,3.723413404099789,2
42.0,7.0,True,0.428147166303984,0.2657719215054397,1.0358632005804267,0.6535442207288191,3.710391101993437,2
42.0,8.0,True,0.3727307211584135,0.2378265120901155,0.9025384259032756,0.7040162086123029,1.7033569475100072,3
42.0,9.0,True,0.2764528002824226,0.2433323386681956,0.8270789165936496,0.934726769568028,-1.334046013211277,3
42.0,10.0,True,0.1718798712841569,0.1336639982177672,0.455243113818191,0.6142150272659693,-4.467420686586751,1
42.0,11.0,True,0.1751013196201363,0.1166282699326813,0.3987593688823809,-0.0962789814985635,-4.053158662251135,1
42.0,12.0,True,0.2046530439868928,0.1579893150166389,0.501160771237538,0.3434993483190807,-3.094885826391259,1
42.0,13.0,True,0.2634748511824156,0.1836668944518647,0.6391116517578923,0.6288805529892197,-1.1687775052156344,3
42.0,14.0,True,0.2089973192465719,0.1155608414866804,0.4889015645726788,0.3169787767264733,-3.4150530033514133,1
42.0,15.0,True,0.21856540965917,0.1387046456604406,0.5363866250181066,0.3514703336654852,-3.0190355620894733,1
42.0,16.0,True,0.1823738519576052,0.072716363414781,0.3387614975389783,0.2807808011681514,-3.964967117520549,1
42.0,17.0,True,0.2220803153138794,0.1828408547094734,0.9653703817945634,1.8877871232488508,-3.045353195327386,3
42.0,18.0,True,0.2214373014430284,0.1263632287561673,0.4388076445325902,0.0502070917258998,-2.664062584018956,1
42.0,19.0,True,0.2624182066586338,0.139843737629571,0.5348075339208667,0.1253155359610306,-1.5516657254352846,1
42.0,20.0,True,0.2993070980336634,0.1407235029083546,0.6320021837420328,0.064328741873919,-0.4550923038934447,3
42.0,21.0,True,0.2457664263045586,0.1410233781689208,0.4848611183388654,-0.2900521857719396,-1.770513747258916,1
42.0,22.0,True,0.1676017521854318,0.1739149995348581,0.514534169244134,0.7150580272654402,-4.367639731746135,1
42.0,23.0,True,0.2565806184990141,0.1277837955537932,0.447809361743363,-0.6474015938266277,-1.6035205908854204,1
42.0,24.0,True,0.1859404111867085,0.092952515908207,0.3384800132248229,-0.1146496589448789,-3.7466896133143814,1
42.0,25.0,True,0.5320281412256993,0.2594850568485902,1.0749499854205844,-0.2102580488333712,6.5386001697087766,2
42.0,26.0,True,0.4040358459113466,0.2311634913230293,1.3040380935899505,1.285708253452359,2.5394634162699807,2
42.0,27.0,True,0.4015719020994212,0.1686401759644229,0.8103487559623125,0.508503070914007,2.797699786496178,3
42.0,28.0,True,0.3836888535318573,0.2213537761153832,0.9132049383254498,0.6169663935555529,2.1378303029592,3
42.0,29.0,True,0.4323628472633283,0.2632020586330881,1.0049242302133972,0.7596734893315678,3.4323380143855573,2
42.0,30.0,True,0.4104405037526244,0.3078810138279421,1.123075626526843,0.5455479718337162,2.7102371041940474,2
42.0,31.0,True,0.3644785607068192,0.2336497554439452,0.9038270148463856,0.5029050898583275,1.731062462556015,3
42.0,32.0,True,0.2510110525731759,0.1313735314048782,0.615111901579796,0.5193589460216851,-2.1698139713574744,1
42.0,33.0,True,0.1666650757663876,0.0703103710478803,0.3450663971047205,0.9210055999126529,-4.502414795225148,1
42.0,34.0,True,0.3733942306652979,0.1902983812599939,0.973261317850084,0.5896223202085458,1.5912371939309218,3
42.0,35.0,True,0.2897075395511367,0.140372672148089,0.5104062859934507,0.0029346283203808,-0.3801014759294051,1
42.0,36.0,True,0.2081624851423833,0.145634517166818,0.5732011018462594,0.7902565711216537,-3.120975392741804,1
42.0,37.0,True,0.2712103067492327,0.115077779365649,0.4975556600426422,0.1718567073162253,-1.19147505070837,1
42.0,38.0,True,0.4018112287100358,0.2151037709811344,0.8905540554907455,0.3962912728836305,2.958353172671619,3
42.0,39.0,True,0.2895723961384133,0.1443356969942545,0.5720633063143666,0.4177104990416523,-0.7343943810244006,3
42.0,40.0,True,0.2951960905231096,0.1018404663302039,0.56252268975643,0.7216196109912645,-0.6200050228010168,1
42.0,41.0,True,0.1836973557365049,0.13187178231107,0.4971327050606673,0.5820203436874465,-3.7020441937740305,1
42.0,42.0,True,0.2506982241128484,0.1662195997469638,0.6565817063771229,0.8104786233304369,-1.8070751984342583,3
42.0,43.0,True,0.221046175604769,0.1327755422716294,0.4974583717574596,0.2102832088434069,-2.690830357752936,1
42.0,44.0,True,0.2297120095033982,0.1948069671985216,0.5682884568434046,0.5678110172132399,-2.5249005245679497,3
42.0,45.0,True,0.2002417242675062,0.1515855228300868,0.5257356119015701,0.6565543791419193,-3.321750651397159,1
42.0,46.0,True,0.1394008367845772,0.076160685323822,0.2764888314050308,0.2089303137051557,-5.2405168387237575,1
42.0,47.0,True,0.2416759760914563,0.2019497663943449,0.7056153969284045,0.7381319433123517,-1.953845053695284,3
42.0,48.0,True,0.2555221308940091,0.1410037680879315,0.6721951875571454,0.6531693874628002,-2.0220651347252083,1
42.0,49.0,True,0.1156522747856145,0.0827891653711059,0.2892734162755186,0.5077651366864371,-5.985157378332957,1
42.0,50.0,True,0.2363763160590695,0.1542652570179702,0.6331388557281935,1.1453253743424772,-2.273276091779457,1
42.0,51.0,True,0.1471741974363954,0.1231940314585872,0.401709990840351,0.6133937543809355,-5.211432884332991,1
42.0,52.0,True,0.2595931590728659,0.1965956058110976,0.5843291332696666,0.0938506678011939,-1.3550726879276829,3
42.0,53.0,True,0.2929303388363569,0.1114463122615431,0.5296997033427143,-0.1258322248395307,-0.5716987437698814,1
42.0,54.0,True,0.1918605793770081,0.1196551085462732,0.423090435460827,0.2619039680723576,-3.564534111550414,1
42.0,55.0,True,0.1903223409964585,0.1385365816644762,0.5994604046443961,1.7385901727073088,-3.5844287367568595,1
42.0,56.0,True,0.2836146461950882,0.1742929630878973,0.6648687146716874,0.5685473550464506,-0.6472162505271604,3
42.0,57.0,True,0.1386531293120385,0.1544739454392514,0.4619846485695123,0.7181731625355656,-5.156784585110312,1
42.0,58.0,True,0.1516331102133012,0.0996271268912904,0.3181004303862649,0.2624253733833638,-4.722972470529719,1
42.0,59.0,True,0.1187159569594811,0.0979281347316961,0.2751351640689532,0.214489961802672,-5.9620831480525815,1
42.0,60.0,True,0.2153830957681098,0.1553266246199098,0.697000272899177,0.797226212088805,-3.113720281426687,1
42.0,61.0,True,0.1938104554502596,0.1171812009656474,0.4210726733981423,-0.0483530732611234,-3.640821797195492,1
42.0,62.0,True,0.1646620728167575,0.1168289305151739,0.3737437610658237,0.46669618007418,-4.419025417330294,1
42.0,63.0,True,0.1924891275239117,0.1304054987018161,0.5062465875820572,0.5650374675365111,-3.655579167001554,1
42.0,64.0,True,0.2360485204832215,0.1366521444384642,0.7194166409666848,1.2447367293072846,-2.6436005673066294,1
42.0,65.0,True,0.1478629029868662,0.1250591580988118,0.4048627724618098,0.5043882013213506,-4.880750764157085,1
42.0,66.0,True,0.1832031658697936,0.0836046056036055,0.3584731723947724,0.5790203632454027,-3.847477614355649,1
42.0,67.0,True,0.1812440759392114,0.1826044927970575,0.5986922913934718,0.8182439927059614,-4.094326941821276,1
42.0,68.0,True,0.37564065274932,0.2378667035963048,1.023302680617756,0.5086092602518266,1.779479393441942,3
42.0,69.0,True,0.5715468262922522,0.2581943629606595,0.9454447693700944,-0.6787101763551854,8.051869893411231,2
42.0,70.0,True,0.5197957093774038,0.1577888115017135,0.8062651851481777,-0.3356554802764881,6.535591489363162,3
42.0,71.0,True,0.5810245805684291,0.2681174152686422,1.2336270073406286,1.0527836643978483,8.36688417408337,2
42.0,72.0,True,0.4163709613632176,0.1718532196659834,0.6881961479722263,-0.3682464207432548,3.2474165530583874,3
42.0,73.0,True,0.3526004660795994,0.1313750037290966,0.6648571116273632,0.4109623295861146,1.3032756963535768,3
42.0,74.0,True,0.262676949152398,0.1969412389585388,0.9001168659376703,1.3782875998138082,-1.835320242489908,3
42.0,75.0,True,0.2479054294652899,0.1040561219934742,0.4446869547737832,-0.3250886777925679,-1.9006920263470195,1
42.0,76.0,True,0.2215775116959134,0.1522374372732652,0.5805618731975175,0.5575442154640948,-2.546918721604264,1
42.0,77.0,True,0.2587909640551524,0.2020144536165275,0.7267850798755587,0.7670358290556065,-1.482681146521644,3
42.0,78.0,True,0.2443384355812948,0.165383962884035,0.5569272011767133,0.2290777548214841,-1.8173068879390992,1
42.0,79.0,True,0.2243126485780521,0.1416980202697567,0.485962931419805,0.1390503852764924,-2.674257559276495,1
42.0,80.0,True,0.2691195255300997,0.1486266674170359,0.5705484305123997,-0.0838008831234964,-1.3546012468142006,1
42.0,81.0,True,0.2249544998757027,0.1229627129906775,0.4099546187320469,-0.196119622872432,-2.517242826769641,1
42.0,82.0,True,0.1877678182648409,0.1846669633598736,0.6917959606300316,1.3559689848652567,-3.604394282028687,1
42.0,83.0,True,0.1835660500279198,0.0988891507855816,0.369750245168974,0.1259971372462146,-4.117947665512832,1
42.0,84.0,True,0.2754165715717836,0.2098232788616068,0.9206831341072564,0.7273867192631628,-1.313036259791902,3
42.0,85.0,True,0.2580608392804849,0.1332715058055192,0.4756128297263164,0.1722265500762567,-1.4225665079793588,1
42.0,86.0,True,0.2919869221087523,0.1784882494132453,0.5940302677470587,-0.1304624181442684,-0.4030645039470377,3
42.0,87.0,True,0.3860165075045016,0.230255995771221,0.905660321508832,0.0493141428533481,2.323262028036443,3
42.0,88.0,True,0.3185157266072071,0.2562275045747378,1.2978704056624966,1.699112291351678,-0.2457559453829286,3
42.0,89.0,True,0.4593466603294833,0.2582014837094024,1.013726752300463,0.5589974718089368,4.576847522248442,2
42.0,90.0,True,0.6309381194537741,0.2947776811576296,1.2002087528375998,0.1605696566959913,9.714972890813431,2
42.0,91.0,True,0.541258285595857,0.2889283323931274,1.3294010742023377,0.3769513108604664,6.944355629453922,2
42.0,92.0,True,0.6696644527160263,0.2273641637792795,1.068936090832253,-0.3026892034736964,11.248726365462671,2
42.0,93.0,True,0.6469784297392767,0.2781452096223482,1.2082066380157357,-0.0420121817449772,10.571398988747593,2
42.0,94.0,True,0.6422349828538746,0.2427863122814016,1.0022933354442087,-0.1223372995264331,10.065779743075565,2
42.0,95.0,True,0.5360085369398311,0.3241535900247381,1.2260353022693773,0.1880031936938779,6.918441117955763,2
42.0,96.0,True,0.6440721154062197,0.2691786228712964,1.0564101388760738,-0.5302852318399117,10.382782953264693,2
42.0,97.0,True,0.3721358764679022,0.3435220958537834,1.2069368195943893,1.1206953068965326,2.27062110560416,2
42.0,98.0,True,0.3631058211127084,0.1688159695860221,0.786156290348665,1.0499946582523447,1.3324031006471364,3
42.0,99.0,True,0.129748116280177,0.1173638348533915,0.4448698468882393,0.8587694503089404,-5.763035705618654,1
42.0,100.0,False,,,,,,0
43.0,1.0,False,,,,,,0
43.0,2.0,True,0.025848462560239,0.0372157994637073,0.1368871638971038,1.9567190668876653,-8.745053067061425,1
43.0,3.0,True,0.4732478091111197,0.2233615535164212,0.900661971386781,0.0613666493383624,5.301915067630251,2
43.0,4.0,True,0.4027286865146159,0.2107831409358612,0.9660346482526846,0.8092308161626921,2.343998313954967,3
43.0,5.0,True,0.5270882665260728,0.2165169697880349,0.9799377966237952,-0.1131930991702458,6.364161351208036,2
43.0,6.0,True,0.4673733766539114,0.2241358268428066,1.133246732183524,0.5069775513037355,4.422568175281398,2
43.0,7.0,True,0.4291476364096551,0.2230081392987647,0.8329361614472482,0.1816135558780377,3.53458222641929,3
43.0,8.0,True,0.2410646708974421,0.206024969065288,0.7898584046197175,0.9695695230057706,-2.2800234543058417,3
43.0,9.0,True,0.1814315267895908,0.0636130729661594,0.308228217600908,-0.2100653665527684,-3.8469175532755657,1
43.0,10.0,True,0.1863847836767609,0.0499977144328721,0.2671456582966154,-0.3077623840753218,-3.82748960945062,1
43.0,11.0,True,0.2778143360276108,0.1523861318697233,0.8242668431897582,1.0639540953575908,-1.337222388298219,3
43.0,12.0,True,0.2133550487678694,0.2060219400880148,0.6929038995130543,0.8008905059172275,-3.050792455614663,3
43.0,13.0,True,0.2843777768232038,0.1361800588253784,0.48464286735472,-0.545318189880636,-0.7618091426979914,1
43.0,14.0,True,0.2542082732857967,0.10621308784035,0.5542602047492168,-0.0028268729810122,-1.860660774618311,1
43.0,15.0,True,0.202743577442739,0.1051697634800846,0.3637982727459191,-0.3595613666561324,-3.0814264498398884,1
43.0,16.0,True,0.2322191679606972,0.2219377210260706,0.7650751123128758,1.1764772649536257,-2.7688665394244865,3
43.0,17.0,True,0.1090625732396114,0.0778240335511007,0.244326469881575,0.0908783573904031,-6.147597267695712,1
43.0,18.0,True,0.3074996969399811,0.1789248995973519,0.7147874265085074,0.2708480221958465,0.1175040209348925,3
43.0,19.0,True,0.2588647295436518,0.1529151830064752,0.5169387762037289,-0.0490380109648685,-1.4866806965229868,1
43.0,20.0,True,0.272627537854329,0.2106830792013097,0.5997344247551423,0.1320318630095005,-1.2083946504071934,3
43.0,21.0,True,0.2156329349046508,0.1618095739047069,0.6604416437900188,1.3687662794565154,-2.7450429496932847,1
43.0,22.0,True,0.1518447990455647,0.1597031943719523,0.5833995542043441,1.3111083301350444,-4.7974580291526845,1
43.0,23.0,True,0.2546277794834609,0.1835146627900196,0.7276983227331851,1.0647465217119936,-1.68866424373308,3
43.0,24.0,True,0.2216118591911674,0.0954155875787162,0.4915085579368716,1.1893273401074365,-2.7567825022747923,1
43.0,25.0,True,0.3938127111584024,0.2675143831924911,0.9381720697584764,0.7358224641476253,2.7474835721933286,2
43.0,26.0,True,0.3664906008043299,0.1404020218891574,0.630675032194163,-0.1323659769773422,1.6004984538871956,3
43.0,27.0,True,0.4294415165348637,0.2355545395556542,0.8978234916445078,0.0237998712676022,3.478962674198221,3
43.0,28.0,True,0.422141967444076,0.26991483596166,1.220194711851061,1.0808306685992044,3.275185966251475,2
43.0,29.0,True,0.5716369717483551,0.2555423941724584,1.209236679781459,0.4962432974068216,8.529274856848351,2
43.0,30.0,True,0.4925497577176302,0.2219433860670714,1.039935311106818,0.2349528192844931,5.327540070144189,2
43.0,31.0,True,0.4206967902307988,0.1423188847912548,0.6423823129694191,-0.4180034611781724,3.241852595585839,3
43.0,32.0,True,0.3367313175392187,0.241411816668403,0.883042128163436,0.7087631975745108,0.9124384284253536,3
43.0,33.0,True,0.3913960639890865,0.2037724270098906,0.8680897512203892,0.7084663757032712,2.568051748784804,3
43.0,34.0,True,0.2887190478642164,0.2495665788040305,0.7274935246343388,0.5427719885053747,-0.5684292398712039,3
43.0,35.0,True,0.3165677056214235,0.2354217038347612,0.7942009788533089,0.2993362223921406,0.3745715632547097,3
43.0,36.0,True,0.2461851663125699,0.194058526492245,0.7350700834843753,0.9921084247460248,-2.0829813196815556,3
43.0,37.0,True,0.335747176275712,0.2637406455098927,1.4277341609136391,2.0823813030578147,0.2319380765684483,2
43.0,38.0,True,0.3531661201305786,0.2336614226800823,0.959182013002618,1.2918808356794378,1.6344028838283695,3
43.0,39.0,True,0.2949978191803972,0.2221785864343584,0.8632427128934058,0.8004651793721856,-0.5520287590535642,3
43.0,40.0,True,0.2457844283373346,0.1607012384156695,0.6049302322583211,1.0051404125876655,-2.0694779319894696,1
43.0,41.0,True,0.2555959280680274,0.1580062140719016,0.6579729658374943,0.5312988392481837,-1.8195878078502996,3
43.0,42.0,True,0.3930655252609235,0.1825253184959428,0.7588772936879361,-0.4207618436446111,2.508973812778941,3
43.0,43.0,True,0.2430865070578013,0.1374758541207672,0.6233289096479104,0.5794039799713585,-2.201109507362915,1
43.0,44.0,True,0.2952535064456093,0.1442651469043439,0.6457984221302968,-0.0385452420626635,-0.720327139510278,3
43.0,45.0,True,0.1871053844361559,0.0922638906864964,0.3589507192789545,0.2736040721849626,-3.91806179745802,1
43.0,46.0,True,0.2791590431329946,0.2007380408682445,0.7140996748055891,0.3934737540108322,-0.6347449516902663,3
43.0,47.0,True,0.2885446510655056,0.1137594610448248,0.46593596659511,-0.3603229268125049,-0.4858057065618933,1
43.0,48.0,True,0.2970827653183606,0.1233539696779106,0.5313643226911975,-0.2336527407116166,-0.6224272253316192,1
43.0,49.0,True,0.2848544701006342,0.1725573720443807,0.6047415042937135,-0.0067333710076371,-0.6288461084795338,3
43.0,50.0,True,0.2326878840483031,0.1994048892790937,0.6511844112417332,0.6868184351297237,-2.3531739768177817,3
43.0,51.0,True,0.1605162101592833,0.1427036029095905,0.4833744883077952,0.9423329715530228,-4.694396089609594,1
43.0,52.0,True,0.1281983284883559,0.1463621880299447,0.5173369429160897,1.4950022424505942,-5.774746060804514,1
43.0,53.0,True,0.2712115759524759,0.1369103877129363,0.5844281597341742,0.4156849369543409,-1.1313695217050457,1
43.0,54.0,True,0.322994577326845,0.1633433828629981,0.6603404973631342,0.4558471028536286,0.541352827072244,3
43.0,55.0,True,0.2119902218484456,0.1820975664703557,0.8776222199726813,1.5622299698692388,-3.3319600451388767,3
43.0,56.0,True,0.2077781730401043,0.1062296530210102,0.4220877032808435,-0.1788116011755022,-2.948795974737038,1
43.0,57.0,True,0.2278048663713037,0.1086814598441059,0.4357114497917957,0.1831910258433753,-2.55003477224858,1
43.0,58.0,True,0.2337714788906385,0.1197678634898257,0.5372997727348422,0.8411937864018182,-2.454945385376967,1
43.0,59.0,True,0.1692160892333944,0.1058041135612426,0.4359110634660633,0.4714464648396239,-4.534230346417507,1
43.0,60.0,True,0.0768808930185163,0.0682733374402137,0.2205979426536117,0.4494023409767421,-7.1411412264089345,1
43.0,61.0,True,0.1734979355206047,0.125535718157846,0.4438546760391632,0.2297242511558586,-4.338321573079096,1
43.0,62.0,True,0.2307782489439249,0.1289816649831699,0.5165579902204369,0.29825014205959,-2.4820673381125093,1
43.0,63.0,True,0.2697068219282888,0.1899265483183471,1.001715049609719,1.8934273404248785,-1.9032370129558405,3
43.0,64.0,True,0.1876814907603738,0.1215787500254446,0.4738335651761524,0.7219265762827168,-3.786824407078364,1
43.0,65.0,True,0.2796130487971389,0.1565543263712061,0.5986004367684734,0.242563021922268,-0.9261957472004276,3
43.0,66.0,True,0.4029406877421629,0.1342310220149621,0.6679388965126498,0.2065389111224163,2.7585565468954427,3
43.0,67.0,True,0.324508745483006,0.1559075395451258,0.5996435732869555,0.0592515696781069,0.6348084728751253,3
43.0,68.0,True,0.5737169753508924,0.3097097845531675,1.1519015598332627,0.1843270742547736,8.675028722285704,2
43.0,69.0,True,0.3851012146853552,0.2433249582755818,1.114990306889652,0.6792511779162955,2.0650983046725697,2
43.0,70.0,True,0.6596317782541692,0.1775439293420464,1.0199007525725587,0.0867566962142897,10.74470907264736,2
43.0,71.0,True,0.4865438660237233,0.3363780386276268,1.3132969345745302,0.8791063151736098,5.246317095780533,2
43.0,72.0,True,0.3850065886844348,0.2373704113092174,0.9363942465868544,0.8060303373096914,2.081545133205848,3
43.0,73.0,True,0.2971979473380138,0.1699700720526778,0.5737444424728594,0.0209559160785641,-0.1485636778128495,3
43.0,74.0,True,0.1815180457116457,0.1543726685861766,0.5789754880475041,0.8781965967067388,-3.920971042444969,1
43.0,75.0,True,0.2427641981734567,0.1285656551494594,0.5381882214179903,0.0222408004858012,-2.1025396366586095,1
43.0,76.0,True,0.2437164979487783,0.1691619599510795,0.6021889753413077,0.3534990770550459,-1.9252722038704864,3
43.0,77.0,True,0.2746015590836712,0.1742805688390841,0.6568960083875751,0.4347591525812946,-0.9684376237186056,3
43.0,78.0,True,0.2822319437539836,0.1419582162765225,0.5893027299816432,-0.0220571562076291,-1.1181374546062115,1
43.0,79.0,True,0.2589669237473876,0.1741864410606879,0.6039601680128192,-0.0564815927812315,-1.5942733795307962,3
43.0,80.0,True,0.2159095754076329,0.1619283270223743,0.678974416656408,0.451600850840689,-3.0772754511226754,1
43.0,81.0,True,0.2884423543214736,0.1739876582481841,0.5410763530987219,-0.0249041399828709,-0.6248090361919698,3
43.0,82.0,True,0.3121681488625883,0.1101199675981271,0.4834430871381771,-0.2374134208359998,0.1334252629187353,1
43.0,83.0,True,0.3302712938651778,0.2013692099420927,0.7625280976546293,0.3437233070889309,0.5335372255933521,3
43.0,84.0,True,0.2479860821433096,0.14721981860944,0.6461792358039424,0.5942955464219714,-2.3618372193906674,1
43.0,85.0,True,0.2208214843809733,0.1667850814054214,0.5091182583066969,0.1063920161024955,-2.7589764028414385,1
43.0,86.0,True,0.2495645500962561,0.1665314641407745,0.6981036845146512,0.9345075133933568,-1.6424001619026878,3
43.0,87.0,True,0.2813221892846233,0.1376270267498966,0.7173768592319613,0.5910798016208475,-1.118955881348702,3
43.0,88.0,True,0.2644049426880828,0.1484313993949385,0.5425512408828265,0.0063985679081645,-1.344470011665006,1
43.0,89.0,True,0.4209462483289455,0.2231301975455548,0.8201834004967196,-0.1133064649963782,3.81935293457118,3
43.0,90.0,True,0.468862952697534,0.2118900038963633,0.9611979366667212,0.1720353201718031,4.994891354926111,2
43.0,91.0,True,0.5807245710337199,0.30988714370274,1.322234595825978,0.7627531276996632,8.369980781532423,2
43.0,92.0,True,0.6985055259129042,0.2650534220856268,1.105702233096756,-0.1925021389263379,12.048373495792251,2
43.0,93.0,True,0.669719180616267,0.2821869683396101,1.162576161525645,-0.0406187836853446,10.90460052332379,2
43.0,94.0,True,0.6000197996102736,0.2520968774664747,1.002123453982377,-0.8148759610831187,9.528021980015952,2
43.0,95.0,True,0.5898488240971749,0.2250311194479568,1.067079170604584,0.0132033834113271,8.134154827855937,2
43.0,96.0,True,0.5081841201142864,0.199297213528348,0.8539928465843117,-0.2300028801865013,6.195416304693037,2
43.0,97.0,True,0.4223862496782907,0.2269151021695486,0.8479072240529554,-0.0478821818757288,3.763213442373968,3
43.0,98.0,True,0.448813140755303,0.2295930383434513,0.8593446654477408,0.3403638382422747,4.21831442125613,3
43.0,99.0,True,0.2018808438949964,0.2325159545707917,0.7840405957271264,1.0955046620769608,-3.209524736831221,3
43.0,100.0,False,,,,,,0
44.0,1.0,False,,,,,,0
44.0,2.0,True,0.0576277524542722,0.0666819967944386,0.2873545273232348,1.331694472040352,-7.875298024006654,1
44.0,3.0,True,0.3566466358152814,0.2054446634395563,0.8100316665958247,0.5073284037183882,1.7068369242785242,3
44.0,4.0,True,0.4131544964685353,0.185560651501354,0.7932224774903617,0.1339169369747906,3.1393719451928015,3
44.0,5.0,True,0.3740045912367095,0.2049271432136429,0.7486924764955758,-0.1128443091124006,2.2139761343829347,3
44.0,6.0,True,0.4598264053130835,0.186375868128409,0.9052494476430896,0.6972004212110046,4.7956837401457335,3
44.0,7.0,True,0.3418821180126599,0.1858587163102009,0.7959737532728235,1.0703155097928805,0.920987777814506,3
44.0,8.0,True,0.3141272661304932,0.1461874283318467,0.5839877939162195,0.0635292098968119,0.1885358874935674,3
44.0,9.0,True,0.4186616067610263,0.1906488220313148,0.8740402518114553,0.17733685240678,3.631296633795931,3
44.0,10.0,True,0.3309503645221824,0.1238238413727558,0.5986303839241784,0.3508169646560866,0.4632083813472869,3
44.0,11.0,True,0.2542445387378432,0.1655048962507903,0.6637485664771114,0.8205151352194168,-1.4837277976767929,3
44.0,12.0,True,0.1970384513783942,0.1611240082582827,0.7090341546640835,0.8195752038578923,-3.639168466676974,1
44.0,13.0,True,0.2078240736509636,0.1216143295697119,0.4864071490627011,0.6092030556981628,-3.28354475405306,1
44.0,14.0,True,0.2678590576957438,0.2059075812984773,0.6920365230386765,0.5167279987630682,-1.2767846247886891,3
44.0,15.0,True,0.2519465457660154,0.130117095745043,0.4986076591049924,0.0628346013860434,-1.72404878386657,1
44.0,16.0,True,0.155793367416814,0.1323294991395819,0.4969054462736267,0.8738597295125413,-4.75109903991706,1
44.0,17.0,True,0.1943707007238288,0.1441962952341567,0.5144609465108668,0.603182619723378,-3.6248112393754415,1
44.0,18.0,True,0.2755488874555912,0.1453183543397201,0.634730726845826,0.5210829131587286,-1.2879469034455269,3
44.0,19.0,True,0.2671180822333689,0.1688233094043373,0.6143947395445473,0.5312755053127876,-1.5387446999767047,3
44.0,20.0,True,0.2021086378151657,0.1166121520425912,0.4401869841230446,0.1708836075937503,-3.457525634768125,1
44.0,21.0,True,0.1462048249466787,0.1128872874452141,0.3772308927895575,0.3097606843474981,-5.122674731378513,1
44.0,22.0,True,0.3074498536308078,0.1889237776316552,0.6656400694874776,0.1403858321927252,0.0021219716728581,3
44.0,23.0,True,0.2478538519430561,0.1971360716805057,0.7098390313436025,0.9938072083704876,-2.180808092405171,3
44.0,24.0,True,0.1716010310487762,0.129796493359335,0.4416323643280642,0.3074218695626288,-4.2460522953934134,1
44.0,25.0,True,0.2153221095097902,0.1275044628462289,0.4645571710433235,0.3862404534348281,-3.073374164582217,1
44.0,26.0,True,0.3370461149518155,0.1929919797332321,1.0135803908812853,1.3356146358284993,0.2826416634358359,3
44.0,27.0,True,0.2979803265046031,0.1619193352957871,0.6815014967873143,0.5601761421599228,-0.2819386362635924,3
44.0,28.0,True,0.6483389710708812,0.3447876237927869,1.5,0.3303461372075745,9.851799936024852,2
44.0,29.0,True,0.4276748086492503,0.1799844704392395,0.9476030053507628,0.4212476748622343,3.475686937876768,3
44.0,30.0,True,0.4603640581538808,0.1843734986533007,0.7697951996633392,-0.2968190317042113,4.709954151454362,3
44.0,31.0,True,0.3580766607211025,0.1857654448013293,0.8122686817546768,0.5117676974433248,1.7876286700663813,3
44.0,32.0,True,0.3148991063020016,0.1561923120757313,0.6895633261483368,0.701440550590239,-0.1065577911295266,3
44.0,33.0,True,0.1672116021348913,0.0927849210198841,0.3686033142496381,0.2962568116702744,-4.360751901446097,1
44.0,34.0,True,0.2966167055297924,0.1049713879419035,0.4291944492798029,-1.3333239298469637,-0.3571441549187152,1
44.0,35.0,True,0.2430648521702693,0.2114193197209689,0.8001735313487209,1.1825624899721665,-2.179125336522295,3
44.0,36.0,True,0.2479681124570598,0.2241526151387411,1.2138583605279067,2.4873252819883005,-2.583626638640961,3
44.0,37.0,True,0.1172506290765486,0.0945872667737838,0.3766478199306644,0.9798124638441704,-6.245294685874125,1
44.0,38.0,True,0.2836961947712575,0.1900443316177393,0.6592285861945688,0.2027704255007519,-0.8528394327346338,3
44.0,39.0,True,0.3511476203514955,0.1316844858362206,0.540996858308495,-0.6845594117380884,1.245661179779129,3
44.0,40.0,True,0.3208930234360679,0.197582372237314,0.71371409583801,0.371039788002553,0.2212644896774132,3
44.0,41.0,True,0.2901084329961343,0.1649890780772759,0.6675332940110994,1.0549174994048078,-0.7698700738240255,3
44.0,42.0,True,0.2360558332317822,0.1810230112327211,0.8594471804025807,1.111002903238117,-2.59152115052248,3
44.0,43.0,True,0.2250140542068432,0.1299047115475038,0.5385612976142534,0.5315869250025526,-2.4408488872667515,1
44.0,44.0,True,0.1073515582509223,0.0986584729332615,0.3867776470554577,0.6067288962840559,-6.373647066042972,1
44.0,45.0,True,0.3009688823252114,0.1515936801331493,0.6043015469837846,0.6360690067656112,-0.1822699276351447,3
44.0,46.0,True,0.2710807849391441,0.099869471342172,0.4508760000505577,-0.085842649229547,-1.337528554631223,1
44.0,47.0,True,0.2519197706349756,0.182563379514263,0.6669899311386798,0.7459001566083373,-1.4799295792224838,3
44.0,48.0,True,0.3971679705326066,0.2873396500778252,1.4595882177359742,1.5085918863333303,2.3207739035797887,2
44.0,49.0,True,0.2936332908218523,0.1722517966192246,0.6277557673824558,0.1765802530601643,-0.4471137424284433,3
44.0,50.0,True,0.3037773738321072,0.1774077636895919,0.6553635454078273,0.1512449324602587,-0.0434018500941461,3
44.0,51.0,True,0.2579488746713747,0.1703424003439401,0.6945032670851448,0.5808967045507754,-1.5986572479020726,3
44.0,52.0,True,0.2732867768490755,0.1916676876065746,0.6208655010682026,0.4365723580897614,-1.2522545422695133,3
44.0,53.0,True,0.2561393195238816,0.1349231971895231,0.6679895747736053,0.8268851188047585,-2.033387071198568,1
44.0,54.0,True,0.2244057430751791,0.113136259020111,0.4439582050276241,0.2283218009080904,-2.786374544505661,1
44.0,55.0,True,0.213586806999597,0.0908839779551439,0.4148257085650865,0.2969819217022837,-2.9518844334038823,1
44.0,56.0,True,0.2598584306891805,0.1848137116545299,0.6362639966731156,0.5522285595717912,-1.6296953204658444,3
44.0,57.0,True,0.1213363789537476,0.1071971686805166,0.3755561496645123,0.8469855110128394,-5.715995009021989,1
44.0,58.0,True,0.1992558815594203,0.159209749759711,0.6224001258672723,1.0441006112912754,-3.4299735110462173,1
44.0,59.0,True,0.2503968260711194,0.1548840588356384,0.5761254493261657,0.1510068939605916,-1.7572320114429665,1
44.0,60.0,True,0.2067454223989738,0.1490064555490791,0.6872671298256423,0.9163069675449614,-3.4318631361162417,1
44.0,61.0,True,0.2585804751449093,0.1666128694474667,0.8536135099876179,1.0129644246285558,-1.8498760470054056,3
44.0,62.0,True,0.1444109065142782,0.1182507716516103,0.4451674160191112,0.6375267854207006,-5.406510987599251,1
44.0,63.0,True,0.2849611176892601,0.1657596110024701,0.5962778932652072,-0.024950786975689,-0.8948437123503264,3
44.0,64.0,True,0.1846881474034465,0.1372693785653893,0.4481692207388901,0.3171218536707818,-3.844724889059123,1
44.0,65.0,True,0.4184913668978903,0.2018514830308673,0.8849250104391647,0.2750008237314931,3.230609028002255,3
44.0,66.0,True,0.4160502228099403,0.1119263373240868,0.6009512664405866,-0.449443336157763,3.444183384495932,3
44.0,67.0,True,0.4504969636843614,0.2928642397130292,0.8917016387497981,0.0832501822855145,4.364778462434019,2
44.0,68.0,True,0.3760458796972282,0.1988199949882975,0.7962719144322142,0.4300453388842835,2.252740617929492,3
44.0,69.0,True,0.4448733595405852,0.1925945973028778,0.7728280242220038,-0.4489383456788367,4.188060130448341,3
44.0,70.0,True,0.4836403826308937,0.2508381479442474,1.1240954900860358,1.2851178062579902,5.472813485811094,2
44.0,71.0,True,0.521260406174363,0.344035070010433,1.5,0.7285810819875591,5.6655069918986065,2
44.0,72.0,True,0.4852873310407501,0.1757407297938678,0.867580065296671,0.5123192851572014,5.052041503034051,3
44.0,73.0,True,0.4268728327299219,0.156637226320407,0.72335675230734,-0.2767753060312205,3.419708959767638,3
44.0,74.0,True,0.4260244853975738,0.157233331431702,0.8520833253609076,1.1386616014778943,3.675784971915106,3
44.0,75.0,True,0.430187665950615,0.1928670507795722,0.980233635735706,0.5239912839568476,3.2783273568844,3
44.0,76.0,True,0.392264999772497,0.0939406244305932,0.5666275313859876,0.0692790440911285,2.4194098909837,3
44.0,77.0,True,0.206139355988297,0.144824973348091,0.5572070815533652,0.6428705613357085,-3.2714033192639635,1
44.0,78.0,True,0.3887593258492706,0.2662166444306576,1.144292428016506,0.500652136725931,2.040194260347109,2
44.0,79.0,True,0.3130446949001212,0.1246874888653854,0.5932261638153221,0.4877265222088686,0.1105455891909736,3
44.0,80.0,True,0.3090529658997061,0.1660232724529749,0.7414418443026826,1.1946832843263502,-0.0376423918129532,3
44.0,81.0,True,0.2461581862031191,0.1683177051684181,0.6041485352546553,0.5754959675301629,-1.7714519317667234,3
44.0,82.0,True,0.2250241200633075,0.1603706407131468,0.5340079463666345,0.2342856946206407,-2.40091421608967,1
44.0,83.0,True,0.2776099405078467,0.1879112634469628,0.6617910437918898,0.5161123017561426,-1.001951141916533,3
44.0,84.0,True,0.2503184564766555,0.1865874457766001,0.5825514147849773,0.4120946971708158,-1.8649161907591607,3
44.0,85.0,True,0.2846138922244249,0.1932290868218489,0.7512191624794666,1.0152988632509088,-0.5961727950618938,3
44.0,86.0,True,0.3451516497786711,0.1826911110431087,0.7629798796637399,0.6013409542619776,0.819127146243886,3
44.0,87.0,True,0.4190547319176659,0.2507966366736385,0.9626215459585036,0.4585989293574727,3.39331060902174,2
44.0,88.0,True,0.3140257385683588,0.2213296113679111,0.8882843059653572,0.8341202571572564,0.118344981612629,3
44.0,89.0,True,0.3371087484765627,0.2070086321694618,0.8105453779974159,0.6956436253873549,0.2865114473406058,3
44.0,90.0,True,0.6340032107943557,0.2937106373426924,1.2305473831375555,0.2709236702582436,10.277889038494404,2
44.0,91.0,True,0.4524690860216031,0.209923937919967,0.9418632186628358,0.5197850130635865,4.609384527362281,2
44.0,92.0,True,0.4859202597329509,0.2793573600477899,1.0257146036298002,0.1527325640799198,5.15718016533625,2
44.0,93.0,True,0.6429822405270502,0.1735585599293976,1.000885155232818,-0.5170694044678624,10.524208187188348,2
44.0,94.0,True,0.7212692862327668,0.3452401073021376,1.2707093999555652,-0.3138523386964608,12.740608010608964,2
44.0,95.0,True,0.6191204211666058,0.2831171282083599,1.3495766966022695,0.6604944740038812,9.33715351443815,2
44.0,96.0,True,0.6535560765215678,0.2680736334041159,1.1481549233461104,0.1261830546550234,10.55264243465186,2
44.0,97.0,True,0.5183889111931768,0.1592221684979705,0.8336750594002522,0.0891851596064555,6.478673533491808,3
44.0,98.0,True,0.3984295230295031,0.1981917901203929,0.7589796723652861,-0.2131205416401685,2.511246021618639,3
44.0,99.0,True,0.4152212669730409,0.2209699564708657,1.2198048917412074,0.9633266388602612,2.974302819592335,2
44.0,100.0,False,,,,,,0
45.0,1.0,False,,,,,,0
45.0,2.0,True,0.1183362301654371,0.0738546107098523,0.3251565031750857,0.2466693186738125,-5.9782894916065334,1
45.0,3.0,True,0.3619031948332014,0.1774214779542149,0.760330812451478,-0.2195220350723358,1.2584953496558953,3
45.0,4.0,True,0.3310535968046635,0.1707596086683137,0.7957578801343568,0.8290476113190639,0.8233706568323946,3
45.0,5.0,True,0.5012753382896423,0.3049545453466414,1.0622475506378397,0.0869454005104268,5.946058057759685,2
45.0,6.0,True,0.3022197639960306,0.1546082359973399,0.9151861551315482,2.164693476288039,-0.5090129481008574,3
45.0,7.0,True,0.4463220516070169,0.2347446156300583,1.0716520647868302,0.6784450069282439,4.219023616367752,2
45.0,8.0,True,0.3886143491532703,0.2263228952324346,0.9955560961469004,0.6174858443567288,2.1089488041591116,3
45.0,9.0,True,0.3148170679439122,0.1677656284384089,0.6795803702810213,-0.1178896172550941,0.2516757065599088,3
45.0,10.0,True,0.2118891819335554,0.1569104985302944,0.5134917104397744,0.3383936727574054,-2.8168064301364297,1
45.0,11.0,True,0.2697128678849682,0.112575196154569,0.4338810670033169,-0.5386964952494981,-1.3374558532054424,1
45.0,12.0,True,0.1462866187808536,0.1211347347976452,0.4395972465408218,0.6224544155144065,-4.99435187283236,1
45.0,13.0,True,0.1723649849797571,0.165234758432458,0.6278918459121176,1.3494453344205,-4.08343352172608,1
45.0,14.0,True,0.2334963622859446,0.1772728092317507,0.5859835749599198,0.4838392503695977,-2.2698470300650255,3
45.0,15.0,True,0.270551408796236,0.2206632735832555,0.700521978325752,0.6290261295093279,-1.4009599540863038,3
45.0,16.0,True,0.2846248548692948,0.1500516553898349,0.8063630077008077,0.4858441246215066,-1.0798445067529157,3
45.0,17.0,True,0.1981585686595635,0.1889700582791722,0.83173907387725,1.6699383250429811,-4.038371012334448,3
45.0,18.0,True,0.236616934483775,0.1623407955934522,0.5497081753324654,0.3867131944686794,-2.0025476018063553,1
45.0,19.0,True,0.2269962638136101,0.1297156030325396,0.5546092637666029,0.4881788548246167,-2.479763943415014,1
45.0,20.0,True,0.2995112838525862,0.1910623128559226,0.6300939088033396,0.4503704987030123,-0.452214500558951,3
45.0,21.0,True,0.2202210570591947,0.1771236558065892,0.6718945366886601,1.194651097371736,-2.6664733971370325,3
45.0,22.0,True,0.2742722502367545,0.1737748637978746,0.6722312547105462,0.4704075172582807,-1.1490280202518337,3
45.0,23.0,True,0.1742133563646044,0.1464659718360521,0.4866181307238943,0.6309278773547816,-4.0221004913081195,1
45.0,24.0,True,0.2247774898068999,0.1482710258562062,0.6269959785158549,1.0944864724170555,-2.882655792211816,1
45.0,25.0,True,0.3707762552327182,0.2676872898690528,1.4907085031367375,2.2337116881558376,1.2029966093282256,2
45.0,26.0,True,0.390300301785932,0.1393650544743946,0.6033196193125819,-0.8626710162540365,2.3857073789541965,3
45.0,27.0,True,0.4150719395984492,0.1428487399579957,0.6377780701273573,-0.1584007114979387,3.206965611982869,3
45.0,28.0,True,0.5256581430688116,0.192345069751523,0.94775549194664,0.6984181665688369,6.707346954949602,2
45.0,29.0,True,0.6266449173866031,0.2226181043162688,1.148196334619001,0.3786939995772536,10.044780488779622,2
45.0,30.0,True,0.6283956944168964,0.199491208040405,0.9998879597342626,-0.2097627041180641,9.882782891573834,2
45.0,31.0,True,0.454976279173986,0.1094282348757836,0.6376417067100848,0.1609035906463317,4.544034218732507,3
45.0,32.0,True,0.3394059650472834,0.2294474762274582,0.7942451652468883,0.2206972758995301,0.8298853911426881,3
45.0,33.0,True,0.2803411732081525,0.1181826241547182,0.5016228260249721,-0.1533622657940243,-0.8304818092436206,1
45.0,34.0,True,0.3800785527166987,0.1615133900977078,0.6969638686402925,0.1631465828999333,2.3724528038834913,3
45.0,35.0,True,0.2083130875839944,0.1315182344857823,0.4303724352160099,0.1817485718296432,-3.025386237907988,1
45.0,36.0,True,0.2809539212297002,0.124894136633015,0.4611642934061384,-0.4388975113547952,-0.8602938126045899,1
45.0,37.0,True,0.2903148603136264,0.1889191962169551,0.683814022100442,0.5661373104663272,-0.4971739769487503,3
45.0,38.0,True,0.2484980658365143,0.2017351797441828,0.6147621475890819,0.3602723106031811,-1.640398425892874,3
45.0,39.0,True,0.2522872441842532,0.1703859069846632,0.5867865765389843,0.2533946464223989,-1.6949870858433909,3
45.0,40.0,True,0.2731606573377015,0.0704030179635003,0.4282511147286045,-0.6606088314821061,-1.266785516325066,1
45.0,41.0,True,0.3823013200620521,0.2634410526389337,0.9353640645327006,0.4092109334668897,2.5370889658755633,3
45.0,42.0,True,0.1923050192536003,0.1242496794528173,0.4826880642455338,0.6507607203566323,-3.790785095967766,1
45.0,43.0,True,0.1860387408250392,0.154906792550116,0.4619880339421761,0.4344832603603508,-3.801640745339493,1
45.0,44.0,True,0.1632250432584603,0.1208837219401475,0.4233049226538582,0.2038834938128145,-4.751135968662671,1
45.0,45.0,True,0.2302468473168349,0.1335248821546562,0.5264613560937034,0.4097273363038975,-2.3434438849929013,1
45.0,46.0,True,0.2686473524301681,0.1667633596371997,0.6378384965678568,0.405487028595271,-1.4355550036223266,3
45.0,47.0,True,0.3269616072364108,0.2084050339989727,0.8225015622926903,0.907229739052812,0.5835232388515987,3
45.0,48.0,True,0.365677410001794,0.2973200810222291,0.9987810758504876,0.5187347885966713,1.860208857410321,2
45.0,49.0,True,0.2350367834213934,0.107725862190861,0.5992958284647922,0.4050228442300841,-2.545730770923851,1
45.0,50.0,True,0.4500982339729756,0.22625180327953,1.100215280354747,0.538094244148649,4.120116360956524,2
45.0,51.0,True,0.292553700304423,0.1979076785059715,0.6762226781057921,0.3811076581047646,-0.2771778487852479,3
45.0,52.0,True,0.3033950320587842,0.1479106277949401,0.5262880714084952,-0.6147326829670899,-0.1457207255704515,3
45.0,53.0,True,0.392850917273403,0.1852258735566103,0.6672017746905835,-0.6119298365493516,2.889491943727579,3
45.0,54.0,True,0.1992057197110806,0.1621448008746616,0.5360340504331554,0.6836888890696624,-3.2255672200974583,1
45.0,55.0,True,0.1918277197801037,0.1042199301531549,0.3459250632801109,0.004992763135725,-3.750173118828903,1
45.0,56.0,True,0.2629387138654495,0.132818891473372,0.6252712619212121,0.780491465120327,-1.7567530157180185,1
45.0,57.0,True,0.3146625471980444,0.220228586222292,0.922180837287264,1.2993461055861883,0.3588529528502148,3
45.0,58.0,True,0.2355118976737185,0.1635593499556752,0.6116384395104837,0.5695588083374222,-2.315335280135031,1
45.0,59.0,True,0.1383007681236512,0.1538639727252604,0.507157419405283,0.8924387569086647,-5.2389548758185835,1
45.0,60.0,True,0.2060760914722718,0.12354643871095,0.4882723766531759,0.243746167121297,-3.2349876383742475,1
45.0,61.0,True,0.1652064103232238,0.1239972265106814,0.4167494651450706,0.3438317721277376,-4.440063295699436,1
45.0,62.0,True,0.2122241826689054,0.1336877556989719,0.5019513097777303,0.7421071033139003,-2.9151990908942493,1
45.0,63.0,True,0.218092832494304,0.194225744226844,0.7247810772321749,1.1945551367638865,-2.831287816049106,3
45.0,64.0,True,0.2981438226924139,0.1494957710846435,0.8728516851349196,1.1285516902553423,-0.6688428103076383,3
45.0,65.0,True,0.3413526773689244,0.1796464958542273,0.6358970169998707,0.0213096546294062,1.003762745059728,3
45.0,66.0,True,0.4326316922409947,0.2425933332079886,1.1126316661527436,0.3011838326320203,3.6110293198620806,2
45.0,67.0,True,0.6058922048864753,0.2526788973564913,1.041788744861781,0.3752868949589538,8.881680814858042,2
45.0,68.0,True,0.615276791364209,0.2513148437267535,0.956843044882057,-0.1944699820129146,9.732374470753184,2
45.0,69.0,True,0.4583909332201359,0.225157785114022,0.8061761767712393,-0.3004612932390714,4.4066329952789065,3
45.0,70.0,True,0.5820578283366222,0.2642540661927612,1.1553144354349514,0.5231309830524561,7.658511775490041,2
45.0,71.0,True,0.5181971662150459,0.1980469918417894,1.1137480312683012,0.8897440695344978,5.8474655071450075,2
45.0,72.0,True,0.4555013459301786,0.2399871769170201,1.0835623048318184,1.0642337734939638,4.229741763490228,2
45.0,73.0,True,0.3613468412594204,0.2212913419377354,0.7000642491729812,-0.2304154539218708,1.625211822983449,3
45.0,74.0,True,0.3627830135189299,0.2631680314273276,0.847178445476634,0.4865802476371593,1.4060236946444782,3
45.0,75.0,True,0.4259310079035626,0.2049406742841749,0.8176878828339431,0.0774923218629088,3.6519328286883934,3
45.0,76.0,True,0.3788319132257218,0.1439165608299032,0.6956016153935193,0.6790580457541295,2.1748507195173783,3
45.0,77.0,True,0.3173727992975835,0.1621067562684717,0.6499302413330627,0.2367854783326178,0.5323804753071513,3
45.0,78.0,True,0.2982715429348487,0.1319295457592542,0.623487787683662,0.4704135373003764,-0.3267417462580422,3
45.0,79.0,True,0.3360012160856395,0.1842385572246895,0.8025115207778654,0.7777005129327972,0.7446108366973593,3
45.0,80.0,True,0.2939364168669345,0.1655666709406385,0.665535152137834,0.5231072463522115,-0.4164963148504852,3
45.0,81.0,True,0.2239657620427869,0.1580293702124782,0.5629701521648438,0.5243919914087968,-2.661624180916173,1
45.0,82.0,True,0.2319379682843926,0.0954756143335092,0.443882881746558,0.5368590265657195,-2.3672795018167228,1
45.0,83.0,True,0.2415013660695205,0.1756611169468664,0.7256200232757386,0.5516301728473557,-2.2886451267874888,3
45.0,84.0,True,0.2217824368924426,0.1499177831900273,0.5370313426399752,0.2393177471962834,-2.7570894967229154,1
45.0,85.0,True,0.2521150765470625,0.1540399128175489,0.5580386289930278,0.0591422141547216,-1.9459460985090993,1
45.0,86.0,True,0.2972195490570757,0.1774829046872744,0.7595140823098139,0.913319391388698,-0.3556776068831745,3
45.0,87.0,True,0.3554176201077235,0.1931614143036131,0.8808455181435964,1.187354005627769,1.671024778789396,3
45.0,88.0,True,0.2770865740139548,0.1784007949387714,0.755400123587976,0.887351291342411,-1.3868057386615316,3
45.0,89.0,True,0.2972217692577273,0.1745153577354951,0.6677339723243771,0.4836268585236128,-0.4428771448100388,3
45.0,90.0,True,0.3363450245788555,0.1116808837332034,0.5453737663771006,0.0722363184986669,0.8365862383421737,3
45.0,91.0,True,0.5208846314374391,0.179406262934518,0.8102152928741009,-0.2677239878150971,6.3772869172118885,2
45.0,92.0,True,0.5465107862765715,0.3009455730404152,1.1756636835662877,0.1613375408387959,7.1291004263191144,2
45.0,93.0,True,0.5247988423335057,0.2964206041994436,1.393360607425714,0.3780266416166872,6.405578696793814,2
45.0,94.0,True,0.5022316973494019,0.2966066136169407,1.0612413536323522,0.2163755483962168,6.240430549229064,2
45.0,95.0,True,0.8692122981715945,0.333985928535163,1.3472396451798136,-0.5633950088381955,17.842939961477118,2
45.0,96.0,True,0.7125753536011417,0.3100640675309195,1.183828617595397,-0.4846765929153757,12.322395803378472,2
45.0,97.0,True,0.4946464101283256,0.3433954124832237,1.2572995386225532,0.6130707422268145,5.811977603011017,2
45.0,98.0,True,0.378303314405562,0.2017723443576183,0.8490862056723892,1.0690953605722318,1.809181853488602,3
45.0,99.0,True,0.5238529067020141,0.1992578319769244,0.9385246617376805,0.2213114688242377,6.695303523526727,2
45.0,100.0,False,,,,,,0
46.0,1.0,False,,,,,,0
46.0,2.0,True,0.1702957013518226,0.1156039328164638,0.3667490802254786,-0.1432100081820661,-4.3850413424085435,1
46.0,3.0,True,0.478029439035106,0.2310712871925118,1.1915442314504714,0.7467735205962696,4.603240702406424,2
46.0,4.0,True,0.3487819410925721,0.2533820611159808,0.911481004723373,0.8007621878042364,0.9404783042232469,3
46.0,5.0,True,0.4928467756468038,0.3469661764725236,1.5,1.028884124089099,5.08703136993989,2
46.0,6.0,True,0.3583953299781721,0.2121967069401414,0.8166859642474473,0.832051386953484,1.385781620740815,3
46.0,7.0,True,0.3782346048186895,0.1387154255865798,0.6843825726903365,-0.3106294115270874,2.16348093212952,3
46.0,8.0,True,0.4450015814024929,0.2054199425751569,0.7635596564638946,-0.3395310204922695,4.5614804170633905,3
46.0,9.0,True,0.3482501375559704,0.1837543918168111,0.8178505076484778,0.1978512948288525,1.0397957742402195,3
46.0,10.0,True,0.3709882807559436,0.2106039649478046,1.0520400140123736,0.5770884741664165,1.4077811033476333,3
46.0,11.0,True,0.15007831436722,0.0885304192616782,0.3843756291034511,0.7546727537802941,-4.858560930542416,1
46.0,12.0,True,0.2869595460821367,0.1998996847586052,1.0270782638371845,1.1764195017795105,-1.0162111470408857,3
46.0,13.0,True,0.2935634226840016,0.1248851782657259,0.5542776493049283,0.1009838233075941,-0.3437621647957157,1
46.0,14.0,True,0.2709004234224026,0.1264699117054216,0.5244144346529221,-0.1931191187427571,-1.2812223533263258,1
46.0,15.0,True,0.1358549686761692,0.0958248251537035,0.3067945489669265,0.1451516997798611,-5.381786167964329,1
46.0,16.0,True,0.3156067192941157,0.1871484067622784,0.7068305329804125,0.2175672734225344,0.1946581890156509,3
46.0,17.0,True,0.1948621643744708,0.1195584592572524,0.41017200890298,0.0045715544281692,-3.4984990120216928,1
46.0,18.0,True,0.2440146951081411,0.1866935412841182,0.7936407769213644,1.31556732439183,-2.271017080998659,3
46.0,19.0,True,0.2199160490396866,0.111914995435454,0.4544441671203624,0.7321050716212189,-2.927883702068003,1
46.0,20.0,True,0.3476860327122826,0.2171932646812351,0.9519959269493588,0.6368222245311234,0.9493228004718948,3
46.0,21.0,True,0.2466036291850118,0.1289458923491379,0.4751512445837087,-0.2657571374523909,-1.9177985153572707,1
46.0,22.0,True,0.5365691331960578,0.2458317761794801,0.9078419582533276,0.1096872268447391,6.855994406288703,2
46.0,23.0,True,0.3133098773750672,0.1556730142267363,0.6623443286642166,0.981186449945871,-0.0774985780325422,3
46.0,24.0,True,0.3449339165268762,0.1992041548329524,0.7129772614614547,0.1024709448810816,1.1714653950861178,3
46.0,25.0,True,0.3503266285163172,0.2183338265865889,0.9587876326922846,0.9795763682713838,0.994444528095718,3
46.0,26.0,True,0.4710966091044996,0.3312601862299157,0.972341986122639,0.02158862684122,5.202631013215453,2
46.0,27.0,True,0.7064010958287771,0.351243925753466,1.5,0.4505253145279901,11.620147630533795,2
46.0,28.0,True,0.5665688242057526,0.2455475037920625,1.0091698435443328,-0.1322447594344653,8.090470114884797,2
46.0,29.0,True,0.4029223700485021,0.26724101290304,0.8870179636341842,0.1570140238283113,3.063864884487234,2
46.0,30.0,True,0.5395556963527331,0.1751866644222976,0.8790330005789492,0.2604954435012859,6.781284552037205,2
46.0,31.0,True,0.5186604932797458,0.3189769884010476,1.3073391380586492,0.693373845792452,6.644049419599424,2
46.0,32.0,True,0.4588690795409661,0.2265645859939453,0.9735411159777916,0.5782514995203368,4.434613326181523,2
46.0,33.0,True,0.3631556613702614,0.1273863126809167,0.7089559432753095,0.8965260321459174,1.4966324585006567,3
46.0,34.0,True,0.2645866553178596,0.1888848175750475,0.9219983411297475,1.1360846295845068,-1.6349314283841936,3
46.0,35.0,True,0.2497829703980731,0.1531741880462529,0.5943772131250391,0.4897083620107642,-1.745008779502715,1
46.0,36.0,True,0.4155613738585313,0.2078625587583232,0.8482334106866528,0.2186789555328496,3.4813534933249533,3
46.0,37.0,True,0.2589367683873698,0.20021234133519,0.7972834019375132,1.1668237331731954,-1.581604655403852,3
46.0,38.0,True,0.2553383478877097,0.1423245283029391,0.4792490094722442,-0.3247406019418992,-1.909287198869952,1
46.0,39.0,True,0.329208190779868,0.1816210850094879,0.7795736074741926,0.6423950169663707,0.5685277977832608,3
46.0,40.0,True,0.2551524453334255,0.1326338622521304,0.5481388939944748,0.2660978619631584,-1.80722381958548,1
46.0,41.0,True,0.3058642638757452,0.1666948096971654,0.621792468497201,0.170204630025661,-0.147211490707119,3
46.0,42.0,True,0.1394409319709276,0.1296349399219954,0.5557241015155086,1.2137573167799225,-5.47320228395127,1
46.0,43.0,True,0.2328321109715334,0.0973240156844905,0.4375561410413351,-0.4287879438141004,-2.5797535786972228,1
46.0,44.0,True,0.2454230578128537,0.1937393668907162,0.7199977320457919,0.6991825450600523,-2.0822033518628578,3
46.0,45.0,True,0.2898200575012972,0.1561219292994885,0.6176038514571346,0.4260307723646219,-0.6005793293519798,3
46.0,46.0,True,0.3991041721600343,0.2447898100594575,0.7895786124476484,0.079954665195425,2.713861989421315,3
46.0,47.0,True,0.312954065590431,0.215354189485283,0.8344140477925684,0.4943449290551912,-0.2987411216015764,3
46.0,48.0,True,0.419330061793327,0.2314714774517571,0.9582080937823024,0.47521409478869,3.7349756736290294,2
46.0,49.0,True,0.4784738727571067,0.2032102420284136,0.8196243107543779,-0.0464735619382479,5.299824353093189,3
46.0,50.0,True,0.4859009087080263,0.215948241421456,0.9066178094151334,-0.3279945654132665,5.221386472863142,2
46.0,51.0,True,0.38516636680806,0.2739977725270049,1.16419520271344,1.4518549585637488,2.1300131786576704,2
46.0,52.0,True,0.3954217079233216,0.2667534467123629,1.0192793848992627,0.7150975797627172,3.117546437167518,2
46.0,53.0,True,0.2233932823791973,0.2052560520291564,0.7259450207394573,1.251161392707128,-2.8126967955403535,3
46.0,54.0,True,0.2977261990367135,0.1481033100241099,0.5716729996624161,-0.0915450166980986,-0.3548089602666108,3
46.0,55.0,True,0.1586432566614955,0.148015745374768,0.6391127878835039,1.0370072927689435,-4.834212260220989,1
46.0,56.0,True,0.2765749301052612,0.1877158268519875,0.8831281146778872,0.7585075119535395,-1.493570674146534,3
46.0,57.0,True,0.1693328501729737,0.1845900398702285,0.7247925485042315,1.0987593062694914,-4.64527652675582,1
46.0,58.0,True,0.3142875977622318,0.1407730773911292,0.7707897322422387,1.119873523228318,-0.1228227618284446,3
46.0,59.0,True,0.3040188863857546,0.1419691797993265,0.669459249465026,0.3769281333991921,-0.3046025484381239,3
46.0,60.0,True,0.3143301756130656,0.2141160493757744,0.7232916644609743,0.1375611892744585,0.2282996235968766,3
46.0,61.0,True,0.2189304117833382,0.1814843492357571,0.5539305583338096,0.487783135628898,-2.9123558798179188,1
46.0,62.0,True,0.3476955744450192,0.1523231334629248,0.6060955196904118,-0.0787502627363715,1.393161645274522,3
46.0,63.0,True,0.3360954066346753,0.2734234482293008,0.9440178432589932,0.6513800953859947,0.7232775705619677,3
46.0,64.0,True,0.3337670935361699,0.2141079124341258,0.90808798249268,0.7925245772303303,0.6454911556988254,3
46.0,65.0,True,0.4322078071452171,0.1835636799510615,0.8764264076850146,0.4789289966374895,3.9583926306555286,3
46.0,66.0,True,0.4032688478412599,0.1678482727786397,0.7594649660392601,0.134165647711364,2.5055083667527835,3
46.0,67.0,True,0.6101767991685192,0.3114589704569363,1.408825362890406,0.7979651060439921,9.422882785087818,2
46.0,68.0,True,0.8151685263187504,0.3181412606150071,1.4368368909158953,0.3182004353633667,15.76709614008548,2
46.0,69.0,True,0.6542636800147288,0.3287797139238816,1.5,0.5379878159119599,10.049269067310355,2
46.0,70.0,True,0.7778106506177184,0.3166137347629942,1.4175356844445244,0.1131598985761606,14.65990371113997,2
46.0,71.0,True,0.3913906439710459,0.2485370708614328,1.1010440571076865,0.9237880198930016,1.7907646000120758,2
46.0,72.0,True,0.3827629735444676,0.2099815158114774,1.02150772080111,0.8179584624030575,2.050819640702669,3
46.0,73.0,True,0.2891747196511988,0.1493771023143964,0.6803959118847339,0.2835310716679994,-0.7828892473653957,3
46.0,74.0,True,0.4232061077966001,0.2302732578615379,0.8341426446525595,0.0861887635153391,3.6720636186399744,3
46.0,75.0,True,0.3917720333064404,0.2615186130390326,1.09622515280703,0.4741307426189907,1.9837774930501373,2
46.0,76.0,True,0.2403194388491961,0.16357253694148,0.598192826691945,0.8863215644863265,-2.0999216874832856,1
46.0,77.0,True,0.383895465949589,0.1624321194575677,1.0257588392350712,1.407410178499216,1.9040113583981728,3
46.0,78.0,True,0.2068532927725723,0.1984130430089127,0.699948742069868,1.1513676126080317,-3.3262899601743903,3
46.0,79.0,True,0.2372400548680963,0.135690177406237,0.7121650191218335,1.1587085596775852,-2.487682129720731,1
46.0,80.0,True,0.291583028172301,0.1445685714267323,0.6057810537202197,0.4831443830400247,-0.8383605829992798,3
46.0,81.0,True,0.256754677327297,0.162096730441308,0.6733987369192077,1.1927530567397835,-1.5619941650029678,3
46.0,82.0,True,0.2463022365496736,0.2269451073307032,0.800542075067804,1.2269018680775587,-2.193905168627482,3
46.0,83.0,True,0.301535407513356,0.2010232308117858,0.6394233080268639,0.0587049170413318,-0.5624080580975491,3
46.0,84.0,True,0.1368988710044363,0.0717253794414397,0.2540877586469311,-0.1017995577388566,-5.359385011128262,1
46.0,85.0,True,0.2594765821143704,0.1234721188262411,0.5201554110550374,-0.2846426973441312,-1.4422528776143306,1
46.0,86.0,True,0.3258877120087952,0.1997111159106359,0.7267934955005699,0.1995328938450562,0.6123378152599356,3
46.0,87.0,True,0.3537176931786675,0.2384242081812094,0.9165652643200778,0.4997707552835316,1.275188941952938,3
46.0,88.0,True,0.3040563903365815,0.1899275052075942,0.7155163970131251,0.5779614788705624,-0.2538241512054469,3
46.0,89.0,True,0.3245446319163491,0.1752497222629366,0.9459655633014846,1.2795752864992598,0.2952894426843935,3
46.0,90.0,True,0.3630507429988566,0.2414433029960255,0.91988523082151,0.3498405747519578,1.0839421563143263,3
46.0,91.0,True,0.5054683773965037,0.1886490395469572,1.0011064540303816,0.7289425104354208,6.066516553988238,2
46.0,92.0,True,0.5076639623609019,0.2332337548110794,1.0310405348401233,0.2646713579132851,6.059134555835738,2
46.0,93.0,True,0.7932895479591888,0.3320956816680389,1.5,0.4632462086428399,14.662173115464606,2
46.0,94.0,True,0.5402714033684234,0.3106460543060321,1.066349155461641,0.154701861408211,7.515080473759216,2
46.0,95.0,True,0.6654160572532034,0.2645307696423033,1.2860464803620495,0.558817490284586,10.80652494473936,2
46.0,96.0,True,0.6318764662990978,0.1993493507388994,1.0325367930628038,0.1405290792835344,9.491356035556906,2
46.0,97.0,True,0.645120591159562,0.2440374931684177,1.14506992710632,0.3300112146741857,10.361806966785451,2
46.0,98.0,True,0.556007857236433,0.2348698469099836,1.1478187034048728,0.7548020339109299,7.81724357729706,2
46.0,99.0,True,0.3234319472705761,0.1656630722042355,0.6559130671956108,0.2709224485625996,0.0573750394671425,3
46.0,100.0,True,0.0204602331646834,0.0276404400367427,0.0737502263492138,0.9049471637943922,-8.903359401419653,1
47.0,1.0,False,,,,,,0
47.0,2.0,True,0.13312762615205,0.1182953203499749,0.436660814460482,0.9682941742569308,-5.415293157655888,1
47.0,3.0,True,0.2158903474613459,0.132167473989728,0.465793139246605,0.0839740404538794,-3.035042935821148,1
47.0,4.0,True,0.3349379537957291,0.2182399578802119,0.9053796998172684,0.8532508818150808,0.8166267602125559,3
47.0,5.0,True,0.2674657356837199,0.2058893974532363,0.7360200591261921,0.5904297743073132,-1.2968755822199078,3
47.0,6.0,True,0.3931047809052722,0.2752727347305613,0.9939550677990984,0.6323594190605786,2.646960306800226,2
47.0,7.0,True,0.4577284167611234,0.2251788589131861,0.8760806452188612,-0.0138806516743049,4.6438394389909945,2
47.0,8.0,True,0.3830992390054864,0.2400067704451898,0.99885457997361,0.8627855652116497,1.9864589608510264,3
47.0,9.0,True,0.4851175648022669,0.2580303819518872,0.8877683442519388,-0.2621383664608537,5.196468714428888,2
47.0,10.0,True,0.3253412695600035,0.1206062259536835,0.4705441578191232,-1.3041651605368343,0.3621479507035093,1
47.0,11.0,True,0.2690305980410447,0.1961628098959425,0.5603799001261669,0.0130003726571263,-1.212026522156661,3
47.0,12.0,True,0.2930810232344823,0.144278435989043,0.5315261386837777,-0.405372788762421,-0.46492038841189,1
47.0,13.0,True,0.2686504159061985,0.2217758682482082,0.8307850629605447,1.1297832732494422,-1.2462676650927555,3
47.0,14.0,True,0.2165115705780576,0.1251261496953208,0.4931050749123389,0.2925157525332976,-2.810483078229065,1
47.0,15.0,True,0.3035979415802839,0.1429951473064224,0.623391879444185,0.3016897608063897,-0.3056513917430577,3
47.0,16.0,True,0.2741355652037193,0.1569709964175444,0.6438436902133005,0.5904924180481427,-1.064194235320378,3
47.0,17.0,True,0.2611503318262784,0.0801508336898739,0.4243157512005759,-0.051614207103684,-1.4228388593625296,1
47.0,18.0,True,0.2921274903845496,0.1835263824260421,0.7951037501608679,0.3975049560796345,-0.8625829940263485,3
47.0,19.0,True,0.2207191792731463,0.1658282085623773,0.5282201703720709,0.2714733486780019,-2.4916236875135493,1
47.0,20.0,True,0.2649688522912284,0.1419550992837452,0.5933862682323309,0.6202653611770849,-1.2723967705189898,1
47.0,21.0,True,0.131661252617495,0.0920997223495376,0.2695895730723547,-0.036847483706597,-5.4092965672247875,1
47.0,22.0,True,0.2352334851833423,0.1788637510097714,0.6336782575544285,0.9052774860897392,-2.5447578253505485,3
47.0,23.0,True,0.2403933460850788,0.1678160912342688,0.7561978840723084,0.7389490686241047,-2.439927204585633,3
47.0,24.0,True,0.3621932429231651,0.3110004408339367,1.1413542721441012,1.0862925117424027,1.6658613199808951,2
47.0,25.0,True,0.3799767154961603,0.1934903533394749,0.6840368492894064,-0.1491701460542576,1.8774110172660097,3
47.0,26.0,True,0.255673602381408,0.1093315749153127,0.4726888954884809,0.3718342094713148,-1.6590235612896422,1
47.0,27.0,True,0.5582244966897459,0.2638672921753828,1.3917740789708262,0.1687268635048324,7.36282874556295,2
47.0,28.0,True,0.5183872286358122,0.1975348438632001,0.934541435105884,0.1765901787868488,6.227125315576026,2
47.0,29.0,True,0.336809879114418,0.2080861510707579,1.0733681835805675,1.5860094512102951,0.5401841901522826,3
47.0,30.0,True,0.4351719549132705,0.2904283697097339,1.1886445233861584,0.90804463630244,3.594640399103751,2
47.0,31.0,True,0.3776974492472625,0.1648564447992661,0.6345251378189584,-0.4409757854782624,2.3817670163938818,3
47.0,32.0,True,0.4257696602076586,0.1643856674866077,0.8000525906118929,-0.0393207141658516,3.5326193411929356,3
47.0,33.0,True,0.4070280004385507,0.2015380301505729,0.7826284641030283,-0.0774007755425663,2.970353209744665,3
47.0,34.0,True,0.3728048083261483,0.1499931189633067,0.6359294036050008,-0.4210072798056328,2.157932739095913,3
47.0,35.0,True,0.3924040935447274,0.188373501833885,0.8681988919999585,0.2117931846275524,2.0734360321360237,3
47.0,36.0,True,0.2002803896551714,0.1316196204713614,0.480715035030386,0.2654182918519326,-3.523994361712205,1
47.0,37.0,True,0.1867958044041802,0.1540695955881665,0.5453799166256716,0.6546295005294767,-3.6581782984298385,1
47.0,38.0,True,0.2696816405155916,0.143987472836409,0.604712718393453,0.8584049051157403,-1.2358201124472024,1
47.0,39.0,True,0.2293402757669063,0.1211194558996746,0.4542384392311775,-0.4582639921987662,-2.5485833322137115,1
47.0,40.0,True,0.2876141412747611,0.0705668757099175,0.417222504881238,-0.155574327678351,-0.6442370062232808,1
47.0,41.0,True,0.2722025318375003,0.1600351195030695,0.7090852461384771,0.8849801140982527,-1.0471151025748706,3
47.0,42.0,True,0.1634870755491712,0.1479379292381883,0.4830167881659256,0.4797536965578508,-4.4386790140242365,1
47.0,43.0,True,0.2522840422443775,0.1846599517353434,0.5373606352633036,0.0797541953010889,-1.5548910416380963,3
47.0,44.0,True,0.32398993527718,0.1429756133616968,0.591149658596661,-0.3745398569751883,0.5589764924666489,3
47.0,45.0,True,0.2353924053801399,0.1441952865247232,0.5230649125590613,0.0379346784036162,-2.266607267373319,1
47.0,46.0,True,0.3431632885273074,0.2445162810993416,0.984984970539061,1.1729758975808078,0.9126476145761568,3
47.0,47.0,True,0.2137956754959623,0.1494653452196391,0.5016994319593212,0.426993360233912,-2.971695052929351,1
47.0,48.0,True,0.4606916194796244,0.2121594898730897,0.9225002315057488,0.4100025269678703,4.707586840972378,2
47.0,49.0,True,0.331463291185594,0.1525808023197729,0.5958762107591445,-0.1698924521843647,0.6183608439428288,3
47.0,50.0,True,0.3810370380261872,0.1613031503235709,0.7822279671276402,0.4084771860336826,2.3798167545024853,3
47.0,51.0,True,0.3817693407167576,0.2087851975163957,0.7560584670437125,0.2512105119366408,2.397963858123892,3
47.0,52.0,True,0.3798642218644139,0.1853989944383276,0.7403614492082088,0.0050852502149814,2.426941414178793,3
47.0,53.0,True,0.3650411603259693,0.1415841219613126,0.5964480124804754,-0.5386056415352131,1.8437782623082477,3
47.0,54.0,True,0.3222725882884076,0.1618134330685585,0.5831154134879746,-0.4235229590084483,0.2170898536681933,3
47.0,55.0,True,0.2443497660266319,0.1223006041706062,0.4404548245355354,-0.1651065578757835,-2.0116036976530483,1
47.0,56.0,True,0.1368463033351942,0.1332874153928956,0.4856104657170154,1.3246969735407372,-5.493036238643098,1
47.0,57.0,True,0.3169138254483861,0.219530075980415,0.9104644968207584,1.036281999710696,0.3588118688741213,3
47.0,58.0,True,0.2362516604833044,0.1409164926954702,0.5003470355062358,0.333676911288229,-2.0979755391632335,1
47.0,59.0,True,0.226553571241049,0.1220871369386014,0.4153674037331825,-0.3049915870896563,-2.6548711982057847,1
47.0,60.0,True,0.2506033206262965,0.2088247780047247,0.7545610838855434,0.8027591357934484,-1.7691460338503724,3
47.0,61.0,True,0.1564188053523525,0.0904253634511101,0.3875376136612878,0.4608051620119345,-4.954832998874489,1
47.0,62.0,True,0.3789579551811144,0.1847203613214992,0.707972165438691,-0.1682354117216161,2.1933311903304413,3
47.0,63.0,True,0.4250550065999703,0.297796813056713,1.2513466549810357,1.4974489148754144,3.3619835349836285,2
47.0,64.0,True,0.3567735196164591,0.1364092853521115,0.67276348352921,0.4478747754102456,1.5837917463219393,3
47.0,65.0,True,0.4532735976687138,0.2653316875021634,1.117835705534692,0.8671873502366848,4.194641650162696,2
47.0,66.0,True,0.5425689302229266,0.2927584414604812,1.199057104120307,0.4128020700254584,7.163688722179151,2
47.0,67.0,True,0.5506712530854546,0.1950798564262124,0.947796191756774,0.1000117234065697,7.485110459877994,2
47.0,68.0,True,0.6063633441271822,0.3229526015297188,1.2532967694180546,0.407615374086213,9.317673517713915,2
47.0,69.0,True,0.5636742469233098,0.3024985993784655,1.0961291471446093,0.0369872517681294,8.293184619658762,2
47.0,70.0,True,0.443095579304309,0.1719675554879685,0.6808049447571232,-0.7658119590262286,4.1245299626415814,3
47.0,71.0,True,0.5061235806154122,0.2387187771052748,1.0255011898928323,0.1205004345477806,6.180343642452021,2
47.0,72.0,True,0.4228069870483991,0.1969985817819106,0.8287400317537578,0.3436656696428465,3.585078315433529,3
47.0,73.0,True,0.3208852441852953,0.2049420009496332,0.7655942750928021,0.2209475239135442,0.6092597759445803,3
47.0,74.0,True,0.3168037809518087,0.1715537005323085,0.5838456953472037,-0.3875566252848508,-0.0277792567412739,3
47.0,75.0,True,0.2784181061700342,0.182499387685053,0.5963178669035728,0.0776889553318524,-1.032745333546308,3
47.0,76.0,True,0.2883350454052175,0.1439574871070701,0.4970572291288279,-0.4274114469351138,-0.7029392199376868,1
47.0,77.0,True,0.2876680070968025,0.2464418921554707,1.2018109141373703,1.8110802531659669,-1.053545709994032,3
47.0,78.0,True,0.2479338979123145,0.0885049136476436,0.4293446140346347,-0.0925831858760153,-1.79521888205442,1
47.0,79.0,True,0.2493191975511487,0.2044395407315096,0.7439496947851194,0.8975822070587531,-1.8034493803923015,3
47.0,80.0,True,0.2693211815222338,0.1624020618014359,0.580215458611641,0.324040060264202,-0.9637135371170836,3
47.0,81.0,True,0.2684021363222239,0.1689471149604026,0.6849207037193077,0.7535278441113974,-1.172786864958154,3
47.0,82.0,True,0.2327721107853991,0.1205627621893631,0.4381138942055065,-0.3775647138597604,-2.396091476621648,1
47.0,83.0,True,0.196920195234053,0.1785032049328515,0.6055445028936085,0.415352608757078,-3.720455340589907,1
47.0,84.0,True,0.2922764711840815,0.1301120327550837,0.519648346218339,0.0059141277926245,-0.5440341196279286,1
47.0,85.0,True,0.1798916856428462,0.1387587271856971,0.5113537733901008,0.8536722573492691,-4.022618820973435,1
47.0,86.0,True,0.4032054557740446,0.2592565541219891,1.0280079703910343,0.5794550509248904,2.525592882278722,2
47.0,87.0,True,0.2966560046286802,0.1417405959173918,0.52451651672855,-0.3977020074078404,-0.4054982545071841,1
47.0,88.0,True,0.3538798586926323,0.2106002172290263,0.8205066863443531,0.6471703843428543,1.212012460847462,3
47.0,89.0,True,0.3663908188142226,0.2101262294121253,0.900488660666916,0.5273538411158829,1.371996405718279,3
47.0,90.0,True,0.2915056027382922,0.2080459963122016,0.7238597762808413,0.5099180843696903,-0.598399135058381,3
47.0,91.0,True,0.56878827891262,0.2812897521491589,1.2551041912174936,0.7473558509702547,8.080919547995748,2
47.0,92.0,True,0.563055810986457,0.1445756800627295,0.8202251415419519,0.2425821289026951,7.617551837290913,2
47.0,93.0,True,0.365729449756421,0.1711232533159845,0.6791837936626639,0.1534999444379987,1.9491025233484944,3
47.0,94.0,True,0.5501408300779511,0.2719471572256737,1.1568288956466222,0.4588318919709614,7.783221939807681,2
47.0,95.0,True,0.7066807092851303,0.3272076332384858,1.5,0.975666977947118,12.47254546079558,2
47.0,96.0,True,0.6465560312391543,0.1983093251816983,1.008826429534865,0.063251835441747,10.51004500851378,2
47.0,97.0,True,0.4850392399353778,0.2193379904925793,0.971057504454196,0.6243039969835609,5.376477002677081,2
47.0,98.0,True,0.4869628025437034,0.1553711922168737,1.0233476356698503,0.8493645405944373,5.026738812256208,3
47.0,99.0,True,0.4489779907982656,0.2187240725519291,0.7722241240449829,-0.1088211391751902,4.032990184803624,3
47.0,100.0,True,0.0921009375769422,0.0698638908246933,0.2208008339669134,0.2330679183693127,-6.707320214842358,1
48.0,1.0,False,,,,,,0
48.0,2.0,True,0.1417854184780964,0.1562602037040443,0.5336556136374248,1.0900617616547568,-5.08615983261914,1
48.0,3.0,True,0.2631476146733714,0.2216760703603327,0.812929142045068,1.005385473059301,-1.4034124701917734,3
48.0,4.0,True,0.314672296897599,0.1934431941361399,0.675601009381465,-0.0014711325247969,0.0929727871681865,3
48.0,5.0,True,0.3206403093157119,0.1927016297200819,0.8143523826921311,0.8459409393157836,0.5615152265399436,3
48.0,6.0,True,0.3478226913677626,0.2475743520321712,0.9760581828915216,0.6204207609291472,0.955357635809859,3
48.0,7.0,True,0.4381878055563976,0.2383023937070559,0.8593286132560517,-0.0450284463543547,3.970448748163823,3
48.0,8.0,True,0.3972572080056393,0.1811888210328919,0.8091718889378884,0.4104722913913937,2.9494069915923378,3
48.0,9.0,True,0.4195007340406919,0.2012374376347499,0.8124930775989563,-0.1237414637470778,3.271259478819748,3
48.0,10.0,True,0.3062541151702111,0.1840329902331276,0.6820526196896011,0.2730485860227305,-0.2191864148565729,3
48.0,11.0,True,0.2453292416417139,0.158330660337803,0.6969631516027357,0.7477627397476928,-2.2448322638855944,3
48.0,12.0,True,0.1674974451545055,0.09591716299021,0.3463003561772662,0.0566881309710218,-4.460122182705196,1
48.0,13.0,True,0.4107484172732986,0.2295176260407289,0.7718949316735908,0.0213883901465636,3.010678219057313,3
48.0,14.0,True,0.1678384830400826,0.1667653063133352,0.5276469175295261,0.6540946175574788,-4.228662568294585,1
48.0,15.0,True,0.2384729228054218,0.1326936956378866,0.4312173290379599,-0.067492187781998,-1.960436164385385,1
48.0,16.0,True,0.350575224060396,0.1928450608650502,0.7090618108427342,0.2281941618737463,1.2050256378380797,3
48.0,17.0,True,0.2534217476504309,0.169756238010739,0.5438459078451445,0.2709520719102841,-1.6081174023224585,1
48.0,18.0,True,0.2894247912809309,0.1501832564218516,0.6303544515174758,0.0244129479691591,-0.6974313058050468,3
48.0,19.0,True,0.2654287498897563,0.1736967436043677,0.5941841428364674,0.0658952645226186,-1.2059369048945616,3
48.0,20.0,True,0.2757942396134893,0.1667584131167595,0.762035729108705,1.47515892436769,-1.0465238560558092,3
48.0,21.0,True,0.2275369612592323,0.1316078264804035,0.4566778501675913,-0.0114826325822487,-2.536941093382879,1
48.0,22.0,True,0.2275412456527721,0.1248981677959337,0.4329668839558044,0.0704184200571593,-2.7332027528362692,1
48.0,23.0,True,0.304573487422151,0.1800266015099222,0.6287923559452016,-0.279758211099361,-0.3452505564816136,3
48.0,24.0,True,0.3162305812608621,0.1577167561412678,0.5892152612094554,0.0680573468625219,0.2898503019942909,3
48.0,25.0,True,0.2279449304494528,0.1601289009036285,0.5731944873791125,0.6352497983544243,-2.48582293502857,1
48.0,26.0,True,0.3399964281670385,0.1743777504558763,0.6647863985444569,-0.1977445460431686,0.9711666075087207,3
48.0,27.0,True,0.3014669704453406,0.1350675689311719,0.6104674702267998,0.1386388494429292,-0.052211752003541,3
48.0,28.0,True,0.545898266854718,0.1535470242121239,0.8240054967666064,-0.0525806456298901,7.339248316941619,2
48.0,29.0,True,0.6624107672604252,0.1730549436490407,1.1213369432844134,0.3858750122391962,10.691718758765072,2
48.0,30.0,True,0.4271611688161228,0.2551454909011523,0.9482844492466692,0.3371777103326903,3.8610952056607126,2
48.0,31.0,True,0.3791865626083834,0.1081549216793093,0.6137591839294068,-0.0787575953368382,2.0629788755961855,3
48.0,32.0,True,0.5018533820696298,0.2056548370936961,0.875534369898207,-0.0841659300222931,6.071168401716381,2
48.0,33.0,True,0.5726188183914375,0.1485686161730515,0.8434548878867055,-0.6078496890548213,8.206994114417883,2
48.0,34.0,True,0.3330134071112041,0.1693183310962017,0.7875112598795533,0.5835592818917129,0.4006384484641033,3
48.0,35.0,True,0.3493107977727433,0.1907424477168753,0.6606791735997529,-0.1434008816742701,1.144980497625798,3
48.0,36.0,True,0.3446737387508999,0.1974525072738936,0.7166204202229545,0.3337165333134386,0.6474070550605115,3
48.0,37.0,True,0.170700543654047,0.1517524929223246,0.4739718944275964,0.5589604743764218,-4.266024487341772,1
48.0,38.0,True,0.2479169390054638,0.1882074468485787,0.679207047547694,0.6795849902839022,-2.019344124500311,3
48.0,39.0,True,0.2567949697259776,0.1864234689051458,0.5931931219033248,0.4733793809269072,-1.6105568616290136,3
48.0,40.0,True,0.3427260167416265,0.2913817231984608,0.968744372452218,0.47850761295615,1.2486237928387889,3
48.0,41.0,True,0.2497509622847668,0.1123658334539492,0.4311528170250938,-0.6527600273895887,-1.805550346189963,1
48.0,42.0,True,0.2759831641830424,0.1852391800146426,0.6182108307160407,0.1969992787973673,-1.0350194230994765,3
48.0,43.0,True,0.2807971147096441,0.1824196520387338,0.745972832583236,0.7383748813708452,-0.7202110426225571,3
48.0,44.0,True,0.2596223976993888,0.121300469045141,0.4896703387052729,-0.0458861975867522,-1.6483817795443751,1
48.0,45.0,True,0.2939427766581972,0.144688354804977,0.5482548650174365,-0.0727937220312799,-0.4302837661351202,3
48.0,46.0,True,0.2862955881433752,0.1635006085289591,0.7714081537161529,1.7832781744712602,-0.7140039292790404,3
48.0,47.0,True,0.4033352145077224,0.1716095849394821,0.79415311422079,-0.4810680348011136,2.9429698883372537,3
48.0,48.0,True,0.437225281429222,0.2012595898521324,0.8502627935320182,0.5646349299660263,4.193495953445925,3
48.0,49.0,True,0.4526076437894876,0.2772877039177468,0.9633761327766908,0.3276544443762719,3.961378618901586,2
48.0,50.0,True,0.5333117924357484,0.2544617242591248,1.5,1.337617777649416,6.277864153403958,2
48.0,51.0,True,0.5282791059409588,0.253151562114446,1.2719747311809713,1.0821785125779468,6.177988396963446,2
48.0,52.0,True,0.4860839794832882,0.1848151089317926,0.8284058727856919,-0.2801285527922186,5.347220694296446,3
48.0,53.0,True,0.4330371823297252,0.1751284163081277,0.7991925818932395,-0.1882394616462099,4.079047211224701,3
48.0,54.0,True,0.3009832272261649,0.1893029559737286,0.9293265263875627,1.020390313890594,-0.4292271197005712,3
48.0,55.0,True,0.2666909167259303,0.0971405889715125,0.4856825484670655,0.3974384712314864,-1.5214212007650891,1
48.0,56.0,True,0.298475105688076,0.1366658471841435,0.6096545978306069,0.0915236735615722,-0.5312343165116341,3
48.0,57.0,True,0.2514359969902315,0.1133328966249498,0.5049564906571611,0.2430666683141369,-1.759184328316051,1
48.0,58.0,True,0.2506262833215567,0.1450420379412954,0.5161603201464077,-0.0788696040297657,-1.863400111060326,1
48.0,59.0,True,0.2728932137209917,0.1836755818295012,0.6807704064640112,0.5434045720173843,-0.9672478284438866,3
48.0,60.0,True,0.209964082755416,0.1746261140341076,0.9544424379442786,2.069982701925879,-3.4253352447753436,3
48.0,61.0,True,0.2360192690763163,0.192473751999137,0.5762392540235037,0.1878740009130887,-2.3138577480699913,3
48.0,62.0,True,0.3263152564499047,0.254969912625047,0.9696479345365416,1.0209800046569657,0.6970321453475061,3
48.0,63.0,True,0.4008938146264696,0.21839965467205,0.922230578630018,0.7467371996548833,3.1026564044031013,3
48.0,64.0,True,0.3615722436432554,0.1705478521575948,0.759616255961862,1.1078105867502055,1.6957867250545788,3
48.0,65.0,True,0.4233942115825536,0.2348554311060428,1.0107892596622785,0.4574270771588811,3.640060104413856,2
48.0,66.0,True,0.5656762795498619,0.1555556163460519,0.8472600142127924,-0.2223309277444941,7.8477502699515105,2
48.0,67.0,True,0.6913353606130462,0.3389833795515313,1.3925420784387554,0.1436870249201542,11.3126816899825,2
48.0,68.0,True,0.6498685884059716,0.2145940589641897,1.0218206065871605,-0.3147056721587821,10.684006869940418,2
48.0,69.0,True,0.5836352285110743,0.3073575490934484,1.2057096904697506,0.2631796931420528,8.566027694113428,2
48.0,70.0,True,0.6596228346565303,0.2556713813071699,1.3183570479421278,1.0860302673978235,10.780924454754205,2
48.0,71.0,True,0.5148023842543301,0.2917295795402389,1.1053027678602074,0.2404588931238133,6.537452867855,2
48.0,72.0,True,0.3816455424747632,0.1553507363822034,0.6535304160957276,0.0534186144037071,2.1882666411988088,3
48.0,73.0,True,0.3971614874226309,0.1815652060216885,0.8497623450531467,0.2882636428636713,2.626549187533796,3
48.0,74.0,True,0.3061934136609265,0.1535904163855355,0.6549576448271225,0.3525883214441005,0.0762816409056604,3
48.0,75.0,True,0.3836488357229861,0.2179637237870471,0.7881967798593178,-0.3158869612013082,2.3267170640814965,3
48.0,76.0,True,0.2436265499636473,0.1516587778645066,0.6573043643372277,0.8401462790824233,-2.161904686029333,1
48.0,77.0,True,0.2165051466629804,0.1162336611659431,0.5304539365335792,0.6381135278793445,-2.971139870512255,1
48.0,78.0,True,0.2449589721283537,0.1592427309030094,0.625313673198877,0.5842721144514063,-1.8946422873416484,3
48.0,79.0,True,0.1566823340160009,0.1055856132342887,0.3572930705800565,0.1901877812026642,-4.730579399700557,1
48.0,80.0,True,0.2172467404322763,0.1790759960835802,0.5863596487455864,0.6678885046018186,-2.864062686046358,1
48.0,81.0,True,0.1958182247595928,0.0866346363659689,0.388989439408492,0.5207750478694797,-3.6947744301987577,1
48.0,82.0,True,0.2571185632367766,0.1827236628746739,0.7097864422375427,0.7053550762984939,-1.582471217604247,3
48.0,83.0,True,0.2395064374895844,0.2220499305161046,0.7818552670902813,0.9928318838301006,-2.4302271279575036,3
48.0,84.0,True,0.3187513466102809,0.2143157529006176,0.7193752522577066,0.2689635676930154,0.3199137029365351,3
48.0,85.0,True,0.3292148756136633,0.2409434036514214,0.9165782173258836,0.706932016365456,-0.0301465871192283,3
48.0,86.0,True,0.4435571937306847,0.2054402828638317,0.9818386245588646,0.8590195322413133,3.770287882982443,3
48.0,87.0,True,0.3202985156198716,0.1892588351887096,0.8437403184016695,1.295011349145802,0.445878467184594,3
48.0,88.0,True,0.3088977109175612,0.2015871728873034,0.7013930861221238,0.5562445928695321,0.35151550183902,3
48.0,89.0,True,0.3670851550632812,0.2067778337458434,0.6737424783811571,-0.125857240136329,1.8125204272236548,3
48.0,90.0,True,0.3958327408883476,0.1835281169550528,0.7145005076085456,-0.0322593555166939,2.7177917425059395,3
48.0,91.0,True,0.4788972868791806,0.2307916516327679,0.947233119562437,-0.0340786471627415,4.779076102917126,2
48.0,92.0,True,0.5396806111664051,0.2523799994422382,1.1093394807012524,0.5491358712323173,7.290051483593351,2
48.0,93.0,True,0.6773665780680956,0.248227977346217,1.1641027054464266,-0.1836440466622891,11.55446609156918,2
48.0,94.0,True,0.6730874584672479,0.3132275148905335,1.5,0.3994129132834487,10.726639745118764,2
48.0,95.0,True,0.681015337449361,0.3098622434679687,1.4455110617296714,0.3212026819526398,11.378168598676128,2
48.0,96.0,True,0.6019051063333997,0.2681222253620209,0.9615113347432304,-0.2437564505464595,8.864399160616285,2
48.0,97.0,True,0.5263223433081802,0.2231484678653421,1.0121267312149498,0.0423738657511187,6.494076805039727,2
48.0,98.0,True,0.5592414527999402,0.2759980265080903,1.0792590924256895,-0.1389092698765125,7.532777114774063,2
48.0,99.0,True,0.4342715342555863,0.1543675721084768,0.751379188136433,-0.3190591386106293,3.909348604898355,3
48.0,100.0,True,0.0667167343537266,0.0641506139206378,0.2139473157586459,0.8151880798439983,-7.581594375624997,1
49.0,1.0,False,,,,,,0
49.0,2.0,True,0.1633752327999434,0.1412810281741902,0.5269107406426831,1.0853620928601109,-4.473718956670742,1
49.0,3.0,True,0.2889140026965365,0.139493519620525,0.5722589060487154,0.1655301840730534,-0.5097828585382093,3
49.0,4.0,True,0.2857107738391135,0.1764413028831441,0.6224650381559282,0.2322401973512365,-1.0055225315195269,3
49.0,5.0,True,0.2402332245999991,0.1680447315059916,0.5271366215969238,0.1031712954120355,-2.002378531649482,1
49.0,6.0,True,0.4532017126791636,0.2146413718999504,0.965479448810614,0.4042324938416227,4.574440465866726,2
49.0,7.0,True,0.3777197755634715,0.1583413019193625,0.7718754455916992,0.6579312145012353,1.8230641299026449,3
49.0,8.0,True,0.5262200631152214,0.2309851669624144,1.0663661884947224,0.4760651706800959,6.191614814264353,2
49.0,9.0,True,0.4412531642946905,0.0989780041353751,0.6468011653502279,-0.1929454650548286,3.915990738654785,3
49.0,10.0,True,0.4147480664679023,0.225896446689945,1.0102255782531409,0.8942539232817238,3.5541239625368437,2
49.0,11.0,True,0.3653733055393644,0.1641867263266556,0.5647462798883914,-0.7316647159040247,1.780175543220231,3
49.0,12.0,True,0.3684245401941058,0.1593631625241813,0.7584218760179913,0.1176589327037724,1.9971317545087564,3
49.0,13.0,True,0.3013694716199248,0.1338480838220323,0.5743829758301299,0.0838428007247959,-0.5648563168953158,1
49.0,14.0,True,0.3994706122344178,0.1666419609526905,0.7900068837769161,0.5521824699887851,2.695656153131148,3
49.0,15.0,True,0.3809989553576743,0.2692519078256076,1.5,2.016651429655635,1.4805593660727598,2
49.0,16.0,True,0.2614154805064707,0.1150413672714261,0.5369075034628755,0.3840585275116538,-1.698246430029169,1
49.0,17.0,True,0.22196434018541,0.1718652813175958,0.591666747155154,0.5152475737020059,-2.5349700339024164,1
49.0,18.0,True,0.2187780868856912,0.1585832210716332,0.5421401735094801,0.3423763840736488,-2.632543347679106,1
49.0,19.0,True,0.2770918207971374,0.1433386567033134,0.5224671481702863,-0.0560096061382001,-1.072650352240334,1
49.0,20.0,True,0.1532224039202304,0.1141093843084557,0.4703470821202999,0.6816441505275812,-4.98051621134405,1
49.0,21.0,True,0.3017628221451804,0.1492355894849877,0.654338979771276,0.4082292730460496,-0.3889097798942134,3
49.0,22.0,True,0.296082096550891,0.1103166467077727,0.5026534090733742,-0.2355394696826818,-0.3229748694408312,1
49.0,23.0,True,0.3095413305477633,0.1431705917397013,0.5300867345029008,-0.8349958146663509,0.0292320197370767,3
49.0,24.0,True,0.3406623941290425,0.2880446368504264,1.164950385567849,1.4186636904603576,0.5505487934381621,2
49.0,25.0,True,0.3499188276102656,0.2691721921756572,0.8439178494916412,0.4227240977224736,0.9911875247570192,3
49.0,26.0,True,0.3633133809071337,0.2349742411713084,0.8391382825460278,0.226664784188401,1.0709552933371589,3
49.0,27.0,True,0.4199659685572822,0.0917239183437526,0.5818954999758607,-0.353953730070347,3.3414390905629276,3
49.0,28.0,True,0.3697815632987595,0.1622639237135937,0.7235644220757839,0.3917421127744084,1.8294970353044089,3
49.0,29.0,True,0.5924371422730729,0.2587342757520675,1.1662402881881362,0.4623411019979223,8.250940054944138,2
49.0,30.0,True,0.4163402484177464,0.2105618889887029,0.7368798313302741,-0.1601851102992702,3.534425871145398,3
49.0,31.0,True,0.5399907533619,0.3680498467852669,1.5,0.6371157315221879,6.169642538971889,2
49.0,32.0,True,0.5687480675009483,0.1993324493229224,0.8892797120679666,-0.6976452508707464,7.919501376841158,2
49.0,33.0,True,0.5000372783478594,0.1697454474961936,0.7932756159090837,-0.2974100425583672,6.244260853580414,3
49.0,34.0,True,0.4148635732488058,0.1880631125869066,0.7832091044038624,-0.2775645307896819,3.3286401535709036,3
49.0,35.0,True,0.3962619785018521,0.2661013207988,1.2046879139343871,0.9652601032573966,2.376198087601227,2
49.0,36.0,True,0.2774677267631385,0.1707591062873545,0.6388390234315389,0.6567482785212913,-0.7962579855020062,3
49.0,37.0,True,0.3593130363436538,0.2138019322522845,0.8435717676232485,0.6135785971541657,1.1190652745098972,3
49.0,38.0,True,0.2822577516392695,0.2227670197346204,0.6984064706259859,0.2669373353474814,-0.5677704892945296,3
49.0,39.0,True,0.3149821753965546,0.1745209803272116,0.5797912447187272,-0.3096684698040059,0.2262350951314415,3
49.0,40.0,True,0.1964744909905762,0.125074765403839,0.465513571592745,0.3654833239768589,-3.371629952886579,1
49.0,41.0,True,0.2591644240596558,0.1183026604043271,0.524329359086837,0.369850209618237,-1.4798892104031576,1
49.0,42.0,True,0.3139783417978333,0.1662961575877244,0.6573301267760244,0.4775367292229076,0.2438488291467813,3
49.0,43.0,True,0.4672910176260475,0.2299187834840774,0.860648474715905,0.0680316546754288,5.011591866476566,2
49.0,44.0,True,0.3106418663714982,0.1225027218661043,0.5745384402572694,0.3272888429487562,0.1400533011513863,1
49.0,45.0,True,0.402938132477042,0.2470534289142792,1.0382951169140058,0.937146292096252,3.0291731259495465,2
49.0,46.0,True,0.5158149893082795,0.2440191274007651,1.088468833469783,0.0873118512983907,6.487997925874372,2
49.0,47.0,True,0.4487213469612545,0.2036107704660217,0.8855228104003212,0.364130096093507,4.183782400909372,3
49.0,48.0,True,0.3151619544200499,0.1530974795932178,0.5640242642866996,-0.104960662581586,0.0773115332041246,3
49.0,49.0,True,0.4399513190879075,0.1522547433900868,0.759390165479801,0.3001108376576534,3.800352854233704,3
49.0,50.0,True,0.373804285303872,0.2663419229735537,0.9104030566275416,0.4915291072601182,1.907029702416721,3
49.0,51.0,True,0.5171136875309524,0.1808141728065594,0.952275327815561,0.6373777796590387,6.47257468486174,2
49.0,52.0,True,0.6219161107622395,0.2081552776745339,1.0873305484328268,0.2072985186215781,9.44147759992081,2
49.0,53.0,True,0.4303106861867839,0.189105377523427,0.8021663690201475,0.7411740111131324,3.6316566771520007,3
49.0,54.0,True,0.2510305020948847,0.1984631670531136,0.6389379004340383,0.2699845739943457,-1.9148669919257608,3
49.0,55.0,True,0.2640277554798325,0.1353633019801515,0.5806191141615095,0.5168230186308671,-1.339784299528053,1
49.0,56.0,True,0.3181313541973313,0.1340756228946626,0.5997858431118439,-0.0447344574613263,0.5110112204836801,3
49.0,57.0,True,0.3108449614314141,0.1800865591343976,0.8215775691674843,0.2813180098573132,-0.3086773240999214,3
49.0,58.0,True,0.3107713197386291,0.1608817284071295,0.6776009188916521,0.2244024873447815,0.330999169679201,3
49.0,59.0,True,0.167928978018968,0.1350390241819046,0.4377090566837461,0.2915285213419329,-4.4768786942119725,1
49.0,60.0,True,0.2950539415313988,0.1907939827688126,0.7441655079242148,0.4683236359636026,-0.8161317899683214,3
49.0,61.0,True,0.2628247105044128,0.149222001407812,0.5850006355668036,0.714094514503219,-1.512567755558932,1
49.0,62.0,True,0.2360916664186259,0.2061066552900392,0.7144890931568179,1.0604373771223037,-2.3018986094146796,3
49.0,63.0,True,0.14082362858885,0.1165380463704,0.3786225779032318,0.3564614827353185,-5.1353264219527714,1
49.0,64.0,True,0.3236286172735557,0.1237314240194089,0.540273069570702,-0.2006126161946788,0.6210632674930174,3
49.0,65.0,True,0.622517994372555,0.2532248948368734,0.9599610475511934,-0.566307118287409,9.31008902521138,2
49.0,66.0,True,0.6709664819804735,0.230084457461757,1.2431740639451134,0.2210868610319256,10.926612398168263,2
49.0,67.0,True,0.4735855032564351,0.2340689456663836,1.214030018760181,0.3647782078472798,4.546909889025267,2
49.0,68.0,True,0.6590289898255429,0.3945671509533536,1.5,0.8177255889156443,10.814971207740571,2
49.0,69.0,True,0.6235829626324106,0.3191760311390439,1.2119528958132606,0.4935606518291848,9.41323262111244,2
49.0,70.0,True,0.4436426807585346,0.248402751816353,0.9193219768626288,0.3213185330124022,4.1732971826337195,2
49.0,71.0,True,0.5005623818424524,0.1322578118654,0.9053831240406988,0.4742236235445075,5.626471301376048,3
49.0,72.0,True,0.4133892868946646,0.1969834555969813,0.9913311265283296,0.5957854622341358,2.677930858241101,3
49.0,73.0,True,0.4360361136609775,0.2339215947547074,1.1057659097182209,0.5075307501817037,3.4385533756156126,2
49.0,74.0,True,0.2812710106445417,0.1379904605990144,0.5121821433525082,-0.4926521274981718,-0.7357587362827629,1
49.0,75.0,True,0.3878550732271064,0.1892822703784523,0.6444724587989619,-0.571404596658299,2.874085766571171,3
49.0,76.0,True,0.3270906044863057,0.1601928313618779,0.578881085958552,-0.3430138605287549,0.7639332273432197,3
49.0,77.0,True,0.2792377732551517,0.1723144612400731,0.7354149020287106,0.6204832830296138,-0.8630711211979392,3
49.0,78.0,True,0.2473660238655952,0.1605839678950519,0.6015533486177053,0.5078218881347999,-1.726897851672079,1
49.0,79.0,True,0.2285037985757931,0.1541024911837776,0.7283229478106534,0.8473900173449923,-2.693724666437198,3
49.0,80.0,True,0.3325700425952401,0.2471245169271359,0.829084247946462,0.6123163213592278,0.5581624569243778,3
49.0,81.0,True,0.2693255101827963,0.1748697359691759,0.7201244380226394,0.8395500923777637,-1.22395853345017,3
49.0,82.0,True,0.4239286654537659,0.1760594520078278,0.8719695175521196,0.700794906857116,3.677269781686845,3
49.0,83.0,True,0.2975144918326045,0.1442412121621696,0.5169954307410154,-0.2114090602360403,-0.10702675983418,3
49.0,84.0,True,0.356502732767127,0.1580100830268857,0.6728710847877569,0.1037088584643842,1.5498472184301446,3
49.0,85.0,True,0.2967129205072753,0.1405369423376391,0.514929500036946,-0.4471624798653141,-0.5499609504591192,1
49.0,86.0,True,0.3355101355674548,0.1625457919694014,0.7945800429946387,0.847966353928422,0.9622683406332864,3
49.0,87.0,True,0.2655088852417405,0.1371614912448408,0.498865092901106,-0.1837598660445279,-1.6474729104506671,1
49.0,88.0,True,0.4163928956966816,0.2596478843246209,0.9079353363852908,0.2553215692019285,3.259106037344756,2
49.0,89.0,True,0.5017590231536323,0.2960887968961074,1.2129255549274542,0.5730471872767983,6.069787167737616,2
49.0,90.0,True,0.439182603016814,0.1682426512789115,0.8236824980862022,-0.0640511127272105,4.282195924364051,3
49.0,91.0,True,0.5082181510568587,0.2654828664344347,0.975658344993912,0.0927601946069693,6.061908218723234,2
49.0,92.0,True,0.5850805351569441,0.2199196517922928,0.9696486649439062,-0.0199997076025967,8.571912382089803,2
49.0,93.0,True,0.8159796085504918,0.2126139345045761,1.1589362864139212,-1.1045572791043257,15.714162067380274,2
49.0,94.0,True,0.6882993891209148,0.2183483507532242,1.0579962573025048,-0.2789100803949191,11.920464735022293,2
49.0,95.0,True,0.7419171616143196,0.2061597134514484,1.1402940144058396,0.0708236499527067,13.027796490981853,2
49.0,96.0,True,0.6191306632008052,0.359112324756034,1.5,0.7874622575345893,9.343359955867584,2
49.0,97.0,True,0.4872647018116156,0.2452223394967259,1.1443429249423749,0.5134967639259411,4.993654736697463,2
49.0,98.0,True,0.3367314320178701,0.135448336774078,0.6134036705206175,0.4970193124822444,0.6004065009974133,3
49.0,99.0,True,0.3692088748652418,0.2563124690343756,1.187358297506315,0.707969210394775,1.3263579778888333,2
49.0,100.0,True,0.0253169615919146,0.0411314331200941,0.1348092785957353,1.4683894595092215,-8.809351564952607,1
50.0,1.0,False,,,,,,0
50.0,2.0,True,0.218752487842592,0.1589949454287941,0.6213753653880796,0.7905506770098246,-2.9053577764186165,1
50.0,3.0,True,0.302235574115106,0.1586031133860093,0.5540605401292359,-0.2224124477213447,0.0589866536846579,3
50.0,4.0,True,0.2236258658875386,0.1016300849534359,0.4157975248304997,0.0235769754335666,-2.7647807928369685,1
50.0,5.0,True,0.2548917475459017,0.2830800324370521,1.0393533689247552,1.4823643642923912,-2.0079924678650274,3
50.0,6.0,True,0.4386993203515609,0.2196332382711617,0.8197174273019002,-0.2103966179583083,4.167660363929331,3
50.0,7.0,True,0.2822790971233038,0.2895062319720156,1.2401090213901025,1.425552028691025,-1.7835215531813569,3
50.0,8.0,True,0.3511597088319362,0.1453494655704197,0.5612075181841822,-0.4111958452401611,1.1909294016368843,3
50.0,9.0,True,0.4057275822194574,0.1624239858061326,0.6954906677853984,-0.0818675923059864,2.801257362883227,3
50.0,10.0,True,0.2759499363982434,0.1598118294096194,0.7535076280645139,0.5917030379039577,-1.3980071164419132,3
50.0,11.0,True,0.3801673882544871,0.1477644245992768,0.725182667101079,0.5589671548233551,2.23573255492179,3
50.0,12.0,True,0.3603023103939269,0.2115609398532732,0.801077005497534,0.351857424339943,1.830934313230816,3
50.0,13.0,True,0.4010961478082295,0.181182872712412,0.7489310573152237,0.081183188767195,3.113749097404706,3
50.0,14.0,True,0.3484490277268402,0.277155306067992,1.306437406346704,1.3826411082961585,0.3128563593682675,2
50.0,15.0,True,0.3454213597620225,0.201632305146119,0.7399983721921798,0.0800922905296055,1.262785326796142,3
50.0,16.0,True,0.1832670112620443,0.1537165617917736,0.5228730247960798,0.6864783548529554,-3.9247369659638576,1
50.0,17.0,True,0.1946180009737144,0.1192510305445409,0.4119528221712419,-0.0340511074860774,-3.354334266528745,1
50.0,18.0,True,0.2604359298903512,0.2106651788675565,0.8258905175636763,1.1141240487479591,-1.2745221641088496,3
50.0,19.0,True,0.3634536596387041,0.1874623600114943,0.8135809277081328,0.6410774903434695,1.846099460383933,3
50.0,20.0,True,0.296336411132038,0.1205411810582454,0.473843704418474,-0.7143180753932891,-0.4963937896932628,1
50.0,21.0,True,0.1887493442646531,0.1313440931526506,0.5147869142983941,0.985712342746001,-3.9404009012596166,1
50.0,22.0,True,0.2419186941250832,0.1576137971802397,0.54470634530377,0.4134305842889084,-2.075070055331412,1
50.0,23.0,True,0.2838046608798477,0.2000125470027887,0.6496066785845909,0.3699890454410368,-0.665274506471449,3
50.0,24.0,True,0.4103898599922043,0.3071216790369213,1.09967191534648,0.7069026240446301,3.0458071231634625,2
50.0,25.0,True,0.2286093281472897,0.1264561478382656,0.5260936759614597,0.6703856465309564,-2.470872718615721,1
50.0,26.0,True,0.1901011420981182,0.142536170229285,0.5240849088223606,0.8661916551112385,-3.6326731886042687,1
50.0,27.0,True,0.3151212873397893,0.193348558134668,0.8189298013518247,0.0412298265482258,-0.1363755878426988,3
50.0,28.0,True,0.3443798454336406,0.1569457717335617,0.8656559774504373,1.0571381028886986,0.7295651723380702,3
50.0,29.0,True,0.3449766185033398,0.1737124125184564,0.6290417621456214,-0.066702838658585,1.2055670639699156,3
50.0,30.0,True,0.708996863835973,0.3604418489653971,1.222620589615272,-0.3725393471576961,12.477930996602632,2
50.0,31.0,True,0.4609006902549125,0.177119661190203,0.7130544713961078,-0.5864206226608405,4.42011478727176,3
50.0,32.0,True,0.4818159977809618,0.2105206593818271,1.034814239454584,0.6496396765427269,5.668414817247972,2
50.0,33.0,True,0.4752150259411979,0.1890041691902825,0.8320226136437907,0.2506757682593962,5.152955073317673,3
50.0,34.0,True,0.6154071596945393,0.2758158662628694,1.1314395443151788,-0.2340925314113794,9.416451442401836,2
50.0,35.0,True,0.3994714143056113,0.2097161838947187,0.8071368762157134,-0.0390756804464668,3.0516402486043157,3
50.0,36.0,True,0.3226121793639014,0.3044753128924417,1.1843635929287688,1.3576721425457112,0.2895564987748211,2
50.0,37.0,True,0.3059080247100637,0.1527952348596407,0.6567208519106013,0.559187136088955,-0.0846822575094711,3
50.0,38.0,True,0.3356061190791101,0.1631530670016872,0.6279078896460404,-0.0993729911550749,1.080662924167621,3
50.0,39.0,True,0.2175703320659958,0.1776851128884904,0.6579613346598568,0.9553932990990468,-2.9029512777079214,3
50.0,40.0,True,0.3404025032100639,0.1584457401205355,0.7352662548988046,0.6865286645389496,0.7744302185212848,3
50.0,41.0,True,0.2788180043625002,0.174644431562971,0.9812038737466344,1.904498153148628,-1.379014298126629,3
50.0,42.0,True,0.2799594574441031,0.1888328593150802,0.7142072585537419,1.0354273396740306,-1.44387004444197,3
50.0,43.0,True,0.3195181423563547,0.2195166045127616,1.132121009005863,1.3721032973776874,-0.0233230452727909,3
50.0,44.0,True,0.4942021942380104,0.1981236584980026,0.8421331857502735,-0.389590393835626,5.740853920050319,2
50.0,45.0,True,0.4777825692882273,0.2125948666111368,0.8625917709461373,-0.1955410437452968,5.231693276777019,2
50.0,46.0,True,0.3779630898591206,0.1869166544097603,0.8215412242894459,0.8149181259637022,1.9961216635528056,3
50.0,47.0,True,0.4123144098131652,0.2094581339453327,0.8529002942073595,0.5543655280473773,3.1444741337738815,3
50.0,48.0,True,0.3953260882693848,0.2564233249549228,0.961347132599484,0.4932539327993838,2.696248097244321,3
50.0,49.0,True,0.4546679681290169,0.2253654002350312,0.900698305315082,0.1598824408355286,4.207155993666692,2
50.0,50.0,True,0.4574297870961426,0.2767160132102508,1.4672623942051723,1.5045384400449828,3.952411815838099,2
50.0,51.0,True,0.6422764744098028,0.3043702664129793,1.167152686415146,0.322283039593476,10.074962072043771,2
50.0,52.0,True,0.5769226031837551,0.2142818753938951,1.0284446326497985,0.3552462059561033,8.233833295216455,2
50.0,53.0,True,0.6046125980021928,0.2559999384205024,1.013176895824567,-0.6014254749124012,9.55943834847492,2
50.0,54.0,True,0.3568614121704772,0.1282027611997348,0.5874509385304462,-0.4805077161921674,1.382829546879422,3
50.0,55.0,True,0.4726197241051365,0.2137236462159062,0.8774161021389191,-0.4158391890528793,5.1655174779843405,2
50.0,56.0,True,0.3173117470415637,0.1766551859643645,0.7360647285127975,0.8812370182946223,0.2336415947608313,3
50.0,57.0,True,0.2684898282501543,0.1840830581210996,0.7031222041965877,0.5520751600535451,-1.2752782699732148,3
50.0,58.0,True,0.2854207107138931,0.1649813334702333,0.679776021309509,0.7034866810612082,-0.7445859939202533,3
50.0,59.0,True,0.3218142276869238,0.1579391056634958,0.6048681725136884,-0.5094719057655184,0.4228894622649047,3
50.0,60.0,True,0.3294261342175608,0.2297963054390596,0.7623843999344467,0.5770244221109732,0.6822072825311234,3
50.0,61.0,True,0.2587414142248539,0.138093007309053,0.5570436030115624,0.4282750564032297,-1.4812537201778606,1
50.0,62.0,True,0.2200485992784582,0.175285161930668,0.6481285904046542,0.6317896920805528,-2.721664504661365,3
50.0,63.0,True,0.4311870713948534,0.2945339063489484,1.4447565343598554,1.0690826537228273,2.9547466709403585,2
50.0,64.0,True,0.3100373279148636,0.2020303140059521,0.9128637340313548,0.5287054845738184,-0.1710332234598298,3
50.0,65.0,True,0.5241556763415712,0.1685173043806021,0.8850726383886702,0.1264305257188916,6.687979644216237,2
50.0,66.0,True,0.6234577184503308,0.2603548983699711,1.1253302631258868,-0.3988164248701534,9.104620969086875,2
50.0,67.0,True,1.016846132257438,0.2185619315961877,1.302686576256448,-1.0268724430103595,22.10409336200738,2
50.0,68.0,True,0.9652915160316828,0.308811744674067,1.5,-0.1550405900414093,19.872161459817455,2
50.0,69.0,True,0.9036019385298164,0.2479326084621764,1.4666148471649914,0.4405397044275628,18.458203626978747,2
50.0,70.0,True,0.6718131146938674,0.2592244008824886,1.1047676497994283,0.1010501807094337,11.26704822870447,2
50.0,71.0,True,0.6254554032161507,0.19409085582683,1.0245029812735835,0.4985066041985423,9.775779005194204,2
50.0,72.0,True,0.5661383559651141,0.2477997626086867,1.0763594568176236,0.7463042557824618,7.908397317526088,2
50.0,73.0,True,0.3480529904248545,0.1676645621807295,0.6571039858095752,-0.1832650491276664,0.9582131276844916,3
50.0,74.0,True,0.3184687281815773,0.2096313610498028,0.651087110608711,-0.056520755053051,0.5141372924142347,3
50.0,75.0,True,0.430831035202689,0.2555631465391717,0.9538862105512944,0.5255408809438639,4.056822641455405,2
50.0,76.0,True,0.4854493577808187,0.1690027729285522,0.7355179381520971,-0.062789384166292,5.6169207896966205,3
50.0,77.0,True,0.3660142817377638,0.187331045416193,0.7283637146966998,0.1658085662850121,1.6889553104231678,3
50.0,78.0,True,0.3843700361859804,0.1813583182817159,0.7934370064987416,0.2176412005668445,2.174428849359309,3
50.0,79.0,True,0.3243470287309298,0.2120051948468239,0.7052728214485986,0.2411011347718578,0.4714768488213421,3
50.0,80.0,True,0.4130693198363125,0.2030857720163998,1.0054703381764925,0.6724070379859505,2.6323784174789986,3
50.0,81.0,True,0.4051691597882278,0.2300759808500677,0.8557853441526375,0.3489471751972741,3.255693298080711,3
50.0,82.0,True,0.4140907766944657,0.2040679088615769,0.8238578027659915,0.253303221597296,3.1956477344090626,3
50.0,83.0,True,0.3620006393214119,0.2335664495523782,1.0153501416949418,0.8145565780215972,0.998584373792229,3
50.0,84.0,True,0.3380058493976979,0.1135780438513784,0.5145244479068402,-0.5955508420183641,1.02213668183967,1
50.0,85.0,True,0.2787704298864694,0.1532176116902379,0.575266486157143,0.2168004626589168,-0.8030306994312636,3
50.0,86.0,True,0.2771701067105758,0.1494380680644891,0.6056778133197013,0.5208077627680513,-1.3530453582452506,3
50.0,87.0,True,0.4577157691104429,0.2629058425328086,0.9842009598728874,0.1923054581880713,4.9702301208261055,2
50.0,88.0,True,0.3414352842062965,0.1971184028017403,0.8154538859068827,0.4269950608443856,1.0942932885191494,3
50.0,89.0,True,0.4614754546803829,0.2223864396152348,1.034168158794485,1.1949788998250015,4.858634776157833,2
50.0,90.0,True,0.6234604702914173,0.324040570681703,1.1354266589676278,-0.1326265392404779,9.905952376169065,2
50.0,91.0,True,0.6253275323626516,0.1611268151146289,0.8596592313006481,-0.3703793273383766,9.651502386248016,2
50.0,92.0,True,0.7667842888094338,0.2506390134240432,1.250591091386423,-0.2200644170710494,14.123150755145003,2
50.0,93.0,True,0.9645075449938648,0.3729217004426762,1.4409569721419329,-0.5865286228089728,20.430866490285847,2
50.0,94.0,True,0.7698695652630624,0.3071976795929863,1.4110930285005718,0.1434887300262595,14.688187634985114,2
50.0,95.0,True,0.6564627745279481,0.3757930073555111,1.5,0.2440093100398471,10.391571029182446,2
50.0,96.0,True,0.5255698612748374,0.3030141320286356,1.221888841770305,0.4949684658267957,6.979366078959149,2
50.0,97.0,True,0.3537898064918723,0.1885463085809678,0.726579560881357,0.1458853239197252,1.5520294597382542,3
50.0,98.0,True,0.4828188642001703,0.2728596049779027,0.9286598409749864,0.0146561740687199,5.122783045826097,2
50.0,99.0,True,0.2741597576925142,0.1529454932520684,0.571909253263383,0.0171174521928901,-1.1935342192422638,3
50.0,100.0,True,0.1661204582400486,0.1272040419802481,0.4474930624945513,0.5887478638111081,-4.485120683710996,1
51.0,1.0,False,,,,,,0
51.0,2.0,True,0.1462321376721405,0.1577223187245346,0.5507632875887469,1.399300210744044,-5.003688588864176,1
51.0,3.0,True,0.2015943008805009,0.1541778623036493,0.6006834497794356,0.919646140629116,-3.204865748485896,1
51.0,4.0,True,0.18519534886352,0.1094675981104891,0.3859538859515271,0.1071281322071973,-3.8350011804596074,1
51.0,5.0,True,0.2341738431768453,0.098972465331517,0.4240714771285366,-0.3080798534767041,-2.126368738435255,1
51.0,6.0,True,0.4345945754202437,0.2336592874692371,0.9055098170906974,0.1778744262114446,4.147677955308074,2
51.0,7.0,True,0.2502292798043042,0.1282190777518827,0.4961603663653537,0.2170449828794652,-1.7208880737577308,1
51.0,8.0,True,0.3604024552644046,0.1579816558206871,0.7332103472784254,0.3033393462232617,1.5132387672707666,3
51.0,9.0,True,0.3629874536937665,0.1656237531328729,0.7051488664214547,0.2434717671845992,1.40308501700517,3
51.0,10.0,True,0.459696171641771,0.2234244437238809,0.866042911797293,0.3983583463173057,4.798389625621927,2
51.0,11.0,True,0.4372641049132955,0.2045759641753698,0.8915772675354434,0.3861418027309745,3.73193568930332,3
51.0,12.0,True,0.3593989756916355,0.1952481863799322,0.7765241196892613,0.3318119196149087,1.2897218820601228,3
51.0,13.0,True,0.324348422536316,0.1265017615796059,0.6816910912347441,0.8436229827559336,0.2754706704962431,3
51.0,14.0,True,0.1455314848902358,0.0949367242719175,0.3937981533563538,0.92097295851964,-5.0624153649757915,1
51.0,15.0,True,0.2868895187922904,0.1347263390959418,0.5774079918136175,-0.0401162414270611,-0.7075200118276679,1
51.0,16.0,True,0.1234536222025029,0.1645847841979605,0.5301224643968655,1.2414880601753642,-5.712907458518832,1
51.0,17.0,True,0.2987561878362379,0.2024617386780683,0.6773150917997701,0.1437952666301372,-0.5319619396431747,3
51.0,18.0,True,0.3042514978270322,0.1405007626025521,0.5495205671606967,-0.2057673190445992,-0.1282391487127387,3
51.0,19.0,True,0.2162609834100291,0.1943707302154954,0.927184004318181,1.2972790526463234,-3.2836389737665,3
51.0,20.0,True,0.1757141798825966,0.1617971995165685,0.5285149749565525,0.6908751718990619,-4.165418035282892,1
51.0,21.0,True,0.2663287971332356,0.1279644898747867,0.5168582250637701,-0.0038460358655187,-1.2739673697908642,1
51.0,22.0,True,0.2727109193299269,0.2514418097701593,0.87930955891903,1.2109800269387654,-0.9089293831959993,3
51.0,23.0,True,0.2472431731392193,0.0813577331754782,0.3960538997449216,-0.0033920376583236,-2.054987506626088,1
51.0,24.0,True,0.3108504187097463,0.1423531755605795,0.6511794721247357,0.3291395844443963,0.1671825235007112,3
51.0,25.0,True,0.3100476799388241,0.125936528264989,0.544384575932476,-0.1532196208542849,-0.0318101980238574,1
51.0,26.0,True,0.2887648305551334,0.2200564119631141,0.7979867638668444,0.8468045570307771,-0.8062862719631624,3
51.0,27.0,True,0.4355710272983625,0.1684341007188424,0.8072946963135628,-0.0606437415402879,4.147634337751446,3
51.0,28.0,True,0.4129593381529607,0.1907100166145308,0.7916241264432665,0.2287044532162869,3.1159328511699873,3
51.0,29.0,True,0.3467562596829286,0.1632961498372241,0.6628516326124698,0.1255420533492637,0.946805964327729,3
51.0,30.0,True,0.5818954218430792,0.2512139803247207,1.3090347768564052,0.7357445861168964,7.944086991128934,2
51.0,31.0,True,0.3693172141246303,0.1612308592530748,0.814182977152187,0.4242126194761071,1.5989597354128104,3
51.0,32.0,True,0.2763160671290927,0.1373312945098063,0.6122948250893809,0.5329912255507692,-0.8689548448599931,1
51.0,33.0,True,0.5336763795665309,0.3662898109515898,1.3754533169114604,0.7829598112039973,6.855449775547435,2
51.0,34.0,True,0.4133142400053391,0.2685461997657293,1.0894809363986049,0.9004837322868441,2.967774779334034,2
51.0,35.0,True,0.4582339683923599,0.2892471654860489,0.9860980890146266,0.2925336456808779,4.326553401594216,2
51.0,36.0,True,0.4936427473202584,0.2389425979068357,0.9332116256999756,0.2194189308571459,5.389135838534566,2
51.0,37.0,True,0.4460424698787152,0.1631381219556154,0.8259999868758457,0.5687638411480108,4.173996705735268,3
51.0,38.0,True,0.4233350032343808,0.2143205424247767,0.945163642596969,0.3413753853529784,3.3321551245424454,3
51.0,39.0,True,0.3655365603975191,0.26980964455445,0.874077948428211,0.4907507261601045,1.6560769966408615,3
51.0,40.0,True,0.2313266759431475,0.1552386801464482,0.5195598350145227,0.2123855166519475,-2.5264372088841403,1
51.0,41.0,True,0.3094805602989272,0.2187850906614532,0.8472940132273463,0.9397111855079072,-0.3098007197335631,3
51.0,42.0,True,0.2831746526121421,0.1938117490222256,0.7109507797732677,0.4240149796239291,-0.6382032761504601,3
51.0,43.0,True,0.4199245462239179,0.2170326831361604,0.8426992667019891,-0.1453101827153775,3.1340594038569107,3
51.0,44.0,True,0.3095860087504953,0.1629747683357993,0.6239776891384243,0.2213015607628193,0.1050487747643769,3
51.0,45.0,True,0.4543614187392749,0.1442698657770103,0.7317340535930307,0.2823157677141096,4.43902666239151,3
51.0,46.0,True,0.2849504447113571,0.1692205892113769,0.7494128810410319,0.2734456846196492,-1.141156728353584,3
51.0,47.0,True,0.4202914126554612,0.211198154454569,0.9193607567631996,0.4936485081299057,3.7115299223650866,3
51.0,48.0,True,0.4191495781232318,0.1988341304452998,0.8852653480246936,0.7558364478621579,3.6074834364809782,3
51.0,49.0,True,0.4599278424025595,0.2153318500316057,0.808264205342077,0.0381657616416927,4.8004874109351645,3
51.0,50.0,True,0.5949240531089283,0.1600494736846076,0.9797215129296444,0.8623042623580566,8.98347755812595,2
51.0,51.0,True,0.5004490942754722,0.2321318538953124,0.990459318319682,0.6879318142312446,5.599115928570164,2
51.0,52.0,True,0.5296307193253412,0.1833587230835763,0.8373550018222412,-0.5434815262775856,7.045601222399352,2
51.0,53.0,True,0.3487027807049985,0.2973286471413104,1.2857332577433127,1.3732710995567134,0.8787202444001635,2
51.0,54.0,True,0.3363345340073742,0.2793259620049295,0.9779041832314466,0.6916140850735326,1.0684550730252935,3
51.0,55.0,True,0.3275865557711464,0.288082677937576,1.5,2.5315984916018435,0.0257372386685638,2
51.0,56.0,True,0.253422153258557,0.112107376007689,0.5018642830486082,0.0401424190610169,-1.7626040684599709,1
51.0,57.0,True,0.2548695061402274,0.1662009678591949,0.7010748833578314,1.0803262392112625,-1.6047713386308529,3
51.0,58.0,True,0.2543226228958548,0.154294001043397,0.5810254026926633,0.0667287144584328,-1.8213234813495829,1
51.0,59.0,True,0.2797173610522196,0.2300875043555022,0.9378449627662326,0.8921021835906697,-1.2660852316453182,3
51.0,60.0,True,0.2819981250147411,0.1674033015440792,0.5547573226257141,-0.0993681839294134,-0.6645441918250379,3
51.0,61.0,True,0.2636875903525911,0.1817175699645911,0.6204811327963398,0.3022832772526944,-1.2008271607315597,3
51.0,62.0,True,0.1525476034184543,0.0997954981766986,0.4329849345634766,0.7139880949946666,-4.950922774878847,1
51.0,63.0,True,0.4005649766334132,0.216617895846327,0.8642721243462366,0.5416369768480968,2.990098891797156,3
51.0,64.0,True,0.362875901863719,0.2417978781977407,0.8514236506290064,0.4718488054451545,1.6649126195812798,3
51.0,65.0,True,0.4524757450931083,0.1795208828106177,0.7556130871811254,-0.2689762571363289,4.414692267660859,3
51.0,66.0,True,0.527597221145466,0.1722496215768157,1.0194103290822365,0.9260108614660222,6.662373900266391,2
51.0,67.0,True,0.7091418211116586,0.2556664890319229,1.1157212837403028,-0.3210500422598425,12.498136130221011,2
51.0,68.0,True,0.7699370612110817,0.265356146380513,1.2540471588490796,-0.0149355622631454,13.63771117841118,2
51.0,69.0,True,0.6454033363249059,0.323240021684308,1.2412086165158185,-0.1065571049698866,10.667020546090416,2
51.0,70.0,True,0.7201106098137718,0.3588809815202818,1.334863382302372,-0.0999705128217821,13.369901166213028,2
51.0,71.0,True,0.6823837839590018,0.3053585310939853,1.3117451915969724,0.3522196615090931,11.946061010845236,2
51.0,72.0,True,0.4779078148359331,0.2854919708517126,1.1515038699692204,0.6949369171416034,4.48573572954194,2
51.0,73.0,True,0.3950481939027679,0.1509379752548336,0.6704662275032574,-0.2688983959302882,2.584611905348429,3
51.0,74.0,True,0.3892094912043186,0.1616078801780402,0.7700615478724981,0.7217307382816535,2.217322076960971,3
51.0,75.0,True,0.3942772096512928,0.1553068218574857,0.785516268815831,0.6417376086575833,2.5441184547137192,3
51.0,76.0,True,0.3230445173622457,0.163833650590186,0.685850624978741,0.1384989576277294,0.7331903772091026,3
51.0,77.0,True,0.463342095363275,0.2067139568379869,1.1998781188985992,0.9821164055239128,4.260614434773707,2
51.0,78.0,True,0.3046627343604883,0.125516843823544,0.7324343619909897,1.290139714023468,-0.3826255979578791,3
51.0,79.0,True,0.2408226634731899,0.1257012899006688,0.4229574777664127,-0.2699518356751229,-1.9158824692786576,1
51.0,80.0,True,0.3211943734176433,0.1501183267932318,0.6191293466920824,0.4265056171628582,0.550566470015501,3
51.0,81.0,True,0.2330037457853118,0.1628354992755695,0.6695178921086901,0.5485916012292285,-2.497892464873553,3
51.0,82.0,True,0.2110805474523716,0.1308013894985319,0.5278559696295082,0.84375784906062,-3.183957850433001,1
51.0,83.0,True,0.2199946263602437,0.1466957607349779,0.5286513485929486,0.2401901036301799,-2.701111752528507,1
51.0,84.0,True,0.3028982339157742,0.1978115917085714,0.635533187713737,0.4928324424045952,-0.157277769803823,3
51.0,85.0,True,0.3584875548416213,0.1825566029829317,0.663463842109823,-0.2929086710973182,1.5193905093848186,3
51.0,86.0,True,0.4437886506492281,0.285582135007135,1.2226717319251812,1.0974937410911387,4.163964823667518,2
51.0,87.0,True,0.3460851656259359,0.2077573276937181,0.9442329627563436,0.7544103599636292,0.9361604681574008,3
51.0,88.0,True,0.3815493795230011,0.1985470684487918,1.0836157531491457,1.046114387846552,1.7166154396560356,3
51.0,89.0,True,0.4766002205294185,0.1627803396404109,0.8189043871897247,0.1626533673404162,4.9625933513587475,3
51.0,90.0,True,0.784128205960362,0.2184413265528994,1.2755929398088,0.7613950794023376,14.243551258497172,2
51.0,91.0,True,0.5521790823640502,0.1929406582006492,0.8932254808920556,0.2501359012264552,7.508621394725866,2
51.0,92.0,True,0.9828844345020749,0.3366778197678806,1.5,0.1098316360057977,20.00833468677863,2
51.0,93.0,True,0.8271884147629738,0.2332137086349509,1.137022519431054,-0.6195559839758428,16.128784598890082,2
51.0,94.0,True,0.8341697988440063,0.2073870026471903,1.1641510094756,-0.5382280532868727,15.94103233865523,2
51.0,95.0,True,0.7293875994917537,0.2134151161106808,1.0296107675822832,-0.7181220946947628,12.897712264298988,2
51.0,96.0,True,0.5620198871222531,0.250523196376583,1.290998467980356,1.3591489763596865,7.649475956861151,2
51.0,97.0,True,0.4706806133836734,0.1773245931125185,0.7940640187469907,0.0002493589168761,4.78554528180066,3
51.0,98.0,True,0.3514529809411486,0.1511903806010607,0.6135281332303633,-0.3638506541687483,1.3154149455114788,3
51.0,99.0,True,0.3853995776935487,0.1619551885316579,0.7036838041943062,-0.0025465298405094,2.6438961945030135,3
51.0,100.0,True,0.105844673281956,0.1248849140851377,0.4631039556177256,1.761874151722823,-6.206759125478162,1
52.0,1.0,False,,,,,,0
52.0,2.0,True,0.1395784269010288,0.1492028742650723,0.4666411044209347,1.0120987844959246,-5.345680733573735,1
52.0,3.0,True,0.3043925796406582,0.174437266355881,0.6130589860713855,0.1329927012614797,-0.19202284091723,3
52.0,4.0,True,0.2243022241258149,0.1578336547452026,0.4979566962846203,-0.1348489130942085,-2.621294165668135,1
52.0,5.0,True,0.2756967458910433,0.1540096922821655,0.601507628183374,0.0659809719254528,-0.8381797317551152,3
52.0,6.0,True,0.3757368640096155,0.2410479001771187,1.2037429784636946,1.1548606783188884,1.4529285273808197,2
52.0,7.0,True,0.3626567871024113,0.2500837074970315,0.8292256672950256,0.0181813057520195,1.089015576810295,3
52.0,8.0,True,0.4369133156014964,0.3437185732927806,1.3415276948550123,1.2776031109808013,3.661469491089791,2
52.0,9.0,True,0.3994860048278731,0.341450010454238,1.2610308259807534,0.7408023572870942,2.5057936904526077,2
52.0,10.0,True,0.409401055762194,0.2621548906588558,1.0481752069136376,0.520887165025727,3.004952451128122,2
52.0,11.0,True,0.39956813970915,0.2343620794021358,1.02037294038198,0.9686550018419732,2.1811271932594645,3
52.0,12.0,True,0.3372443049388346,0.1531500736808684,0.8687215579797051,1.0154808389842385,0.4246103075761887,3
52.0,13.0,True,0.3979496966889261,0.3110884105787764,0.96319143983848,0.2998046861676658,2.779023059028347,2
52.0,14.0,True,0.4095909364721853,0.3021358299155016,1.0196373246072608,0.3103425046392848,2.9993728863969222,2
52.0,15.0,True,0.4352466055820136,0.1549861209973048,0.7120721285853476,0.151534666132316,3.754327045887863,3
52.0,16.0,True,0.2242701836471867,0.1689969038442824,0.595730737947087,0.6734387796962436,-2.5455990493904492,1
52.0,17.0,True,0.2944163959720922,0.1766527135273653,0.6410564133323831,0.3292826797535411,-0.3233500117970316,3
52.0,18.0,True,0.1289443270306221,0.1784225250519763,0.6417396312503101,1.6886945864164242,-5.625505056804477,1
52.0,19.0,True,0.2879462355104516,0.1975243567073126,0.8095250983509468,0.8071855113072556,-0.9378408722028876,3
52.0,20.0,True,0.2482444660773511,0.1419961849729435,0.7130130841375533,0.6150744510129483,-2.3010495056593756,1
52.0,21.0,True,0.219540496530416,0.1887912147983605,0.7213260353695085,1.064425212758649,-2.512779829619282,3
52.0,22.0,True,0.2544238157278666,0.217938708726366,0.8079926410999584,0.7522883257737633,-1.8919859209923833,3
52.0,23.0,True,0.3278060989729207,0.1690657061564139,0.6680027137574637,0.0415065004289972,0.8100938237219097,3
52.0,24.0,True,0.4007386263080356,0.226502847828293,0.8972849414021601,-0.1230218750895393,2.697507456204969,3
52.0,25.0,True,0.2050654034748973,0.1107386424758616,0.4432054368795871,0.301454590072629,-3.3354009504389577,1
52.0,26.0,True,0.255039066168021,0.1249429027835417,0.4678464101487704,0.1800215546080258,-1.8580161159642112,1
52.0,27.0,True,0.2872884740897844,0.2221082964459694,0.7914424020844142,1.1357710728891028,-0.936553016132772,3
52.0,28.0,True,0.3638652227325269,0.1489815171767476,0.6517667079235276,0.0588268085716955,1.7441529997215064,3
52.0,29.0,True,0.4322576921877277,0.2107673757655711,0.8925540406497273,0.3688356836908585,4.0482038427925575,3
52.0,30.0,True,0.4224205772262388,0.2676513965795443,0.9393135082519288,0.4005700158680875,3.1638507142927206,2
52.0,31.0,True,0.4177932204316847,0.2155130806497963,0.8646621870419005,0.2007089722244811,3.110197502492221,3
52.0,32.0,True,0.3461117486985554,0.1488379310029998,0.6317662216676622,0.1609510857406446,0.9756246465302898,3
52.0,33.0,True,0.5143831604193614,0.2785356366434418,1.0222675004303885,-0.1028308740217416,6.247353391085499,2
52.0,34.0,True,0.4807906482651288,0.1931241165606503,0.892099813767643,-0.119091680862255,5.453622184191946,2
52.0,35.0,True,0.3538050604932657,0.2192588481176241,0.8948460433612179,0.8003110034444572,1.3538977453562178,3
52.0,36.0,True,0.3602750536164267,0.192069889312203,0.8541533942711658,0.7079459819190405,1.3737462736403112,3
52.0,37.0,True,0.362813039476494,0.2369708258234783,0.7844684560604507,0.3555569078146872,1.3703253638543085,3
52.0,38.0,True,0.2941057551431714,0.1830986952263267,0.6471485560318867,0.5138544264885668,-0.7084528296807049,3
52.0,39.0,True,0.2899909354328258,0.1087221522267643,0.529995606655162,0.2977872042471,-0.706742822634157,1
52.0,40.0,True,0.2381732957747394,0.1493953620345675,0.5045402934161468,0.1111225217218516,-2.327319811580515,1
52.0,41.0,True,0.2871229167890183,0.1574911978464981,0.5835150511545076,-0.2148651240278085,-0.6332953873637177,3
52.0,42.0,True,0.2115351187408843,0.157916976678503,0.5516150658641964,0.3981428346090107,-2.8293265264935172,1
52.0,43.0,True,0.2938789180866857,0.2433873077819849,1.2964452682612946,1.9964555881680237,-1.0422556829618006,3
52.0,44.0,True,0.4110139339186777,0.2192929728134509,1.2564703379279183,1.6899540812813294,2.7309935855095735,2
52.0,45.0,True,0.3422910169670981,0.1813186828345173,0.7104933053274597,0.1073229639052149,0.7570631631614761,3
52.0,46.0,True,0.3388053452690919,0.2239709770626112,0.8384489851368637,0.1564881658378314,0.6640362590135405,3
52.0,47.0,True,0.4617714904112842,0.209362379293603,1.2403158751682195,1.5619333884622766,4.102287233651946,2
52.0,48.0,True,0.3490441752797965,0.1554454619980415,0.7325806020594886,-0.1305289544070818,1.214631110504868,3
52.0,49.0,True,0.5241142571241916,0.138597099607332,0.7446231091968138,-0.3614846510155832,6.876931388277329,3
52.0,50.0,True,0.5964955434838072,0.268883492762887,1.1388222782037538,-0.0206445747253222,8.913615801163427,2
52.0,51.0,True,0.5159414056016091,0.2368654175155863,1.0155118337326705,0.1331793433938926,6.723195141326918,2
52.0,52.0,True,0.6312416002626503,0.2435126171581754,1.1830018890454388,0.1232730785951221,9.703052002310605,2
52.0,53.0,True,0.5711574376909487,0.2473523427283969,1.0810116169476334,0.338795821728131,7.913484320018219,2
52.0,54.0,True,0.4076131752634399,0.195812886651491,0.7555061768282437,-0.4115111747144484,3.028774458602978,3
52.0,55.0,True,0.4602879050573279,0.365658355047733,1.3226413928535343,0.9642050337903448,4.73488565375162,2
52.0,56.0,True,0.3516871632146761,0.1587173361594819,0.7667786540786615,0.716054096835251,1.4979608422053097,3
52.0,57.0,True,0.3087044614008676,0.1873777836726065,0.9711952888090648,1.8114202252385296,-0.289544621753789,3
52.0,58.0,True,0.3065446867240877,0.1319622938659768,0.5318281338444042,-0.1954568588280718,0.0431877394232692,1
52.0,59.0,True,0.2996223736162393,0.1211031064128154,0.5691633467113341,0.4450505207909875,-0.3865974314912579,1
52.0,60.0,True,0.2639323638525232,0.1517689458650404,0.6400039548637758,0.5861596757322178,-1.4003217463668631,3
52.0,61.0,True,0.2592291976258087,0.1268682781509671,0.5024377760971417,-0.0455318168775903,-1.631982884506585,1
52.0,62.0,True,0.2565515517394028,0.2031088951112563,0.6900290415751856,0.5432565271547287,-1.6291805880050336,3
52.0,63.0,True,0.2939745019695989,0.1854226622762843,0.6516804613374493,0.3763694946726189,-0.3068347194649294,3
52.0,64.0,True,0.3736143931542007,0.1842798432598159,0.6242289455792926,-0.4334993509312788,1.7708044685472446,3
52.0,65.0,True,0.4636061971248733,0.2168816660811334,1.066385762593152,1.4182433111173918,4.931593118296627,2
52.0,66.0,True,0.4517427798327273,0.1932059975682422,0.8897849325277546,0.4551258382263017,4.284953700764942,3
52.0,67.0,True,0.599607083874721,0.2349757480160957,1.0041445634215451,-0.0711233271195181,9.046910786635008,2
52.0,68.0,True,0.7167957427670612,0.3204020991721355,1.345895902847743,0.0361787395776152,12.670713816560758,2
52.0,69.0,True,0.7949419450206922,0.3587170381375125,1.5,-0.1713457141919359,14.200866811642417,2
52.0,70.0,True,0.7718089530904307,0.3576681635158162,1.5,0.4093635526815637,13.244797268415034,2
52.0,71.0,True,0.5792174708715995,0.2494014683836002,0.9320984320563872,-0.2100123757278432,8.29515224368926,2
52.0,72.0,True,0.5205228082804357,0.2486766245185721,0.97779786928536,-0.0864679429694094,6.102591716060221,2
52.0,73.0,True,0.5048271532112384,0.175775906136116,0.8686532868014051,-0.1507771037206813,6.045345957905299,2
52.0,74.0,True,0.4458623887451067,0.3044066712715331,1.0134471186807898,0.4856186267671019,4.287141506809762,2
52.0,75.0,True,0.352435054571922,0.1384957313900542,0.6454863472291976,-0.3457996817124727,1.386106582276551,3
52.0,76.0,True,0.4228295492659795,0.2307312609580442,0.9617641032230116,0.6617749192679931,3.6372770420391465,2
52.0,77.0,True,0.3159007394101877,0.1945651350155615,0.9009969308118944,0.621916471157833,-0.046363322274695,3
52.0,78.0,True,0.3688623283086558,0.1958283165584848,0.7090989588409753,0.3054949497381294,1.8637175795297969,3
52.0,79.0,True,0.3805219080639783,0.1443732531746296,0.6419551214640228,-0.1794971310750479,2.1656568056824916,3
52.0,80.0,True,0.3174346620861445,0.1959613847298183,0.6738223921162835,0.1298399252782153,0.1014101276968959,3
52.0,81.0,True,0.3882674693288054,0.1690915746196013,0.8131490498317954,0.5958783999383351,2.466104710304613,3
52.0,82.0,True,0.2750283491577386,0.1668769181447203,0.630509035541531,0.4085398005341877,-0.926392923343238,3
52.0,83.0,True,0.2616997865116166,0.1243623892403104,0.492979913507329,-0.0575409506360366,-1.4935860479997218,1
52.0,84.0,True,0.2543268337725403,0.1141365030777633,0.5109018282936665,-0.0626015424011514,-1.7960554070767305,1
52.0,85.0,True,0.3661677186805149,0.159218362837208,0.6483014583238095,0.3873734941993073,1.538759839287806,3
52.0,86.0,True,0.2805794217924712,0.1931006163375386,0.7198202836302197,0.4118414969099651,-0.8408044907291834,3
52.0,87.0,True,0.3101966831722929,0.1838508036962221,0.7422417954483859,0.885133595923539,-0.0113682219160968,3
52.0,88.0,True,0.400460905741274,0.2809431691523619,1.153072321976786,0.634625362109532,2.55814283103417,2
52.0,89.0,True,0.4556057662509635,0.2544443440861962,1.0032020087730027,0.5092712826450146,4.461957252312125,2
52.0,90.0,True,0.7307652191289893,0.2932249521695275,1.3132322449512177,0.2413775427315257,12.88028440865978,2
52.0,91.0,True,0.823365399692031,0.1647892191528921,1.1817000526447743,-0.2351659980098016,15.689181998220697,2
52.0,92.0,True,0.759981832864244,0.2669619774409406,1.340291052964756,0.2878218954532247,13.780263076952703,2
52.0,93.0,True,0.9967728655012292,0.3431260611764097,1.5,-0.1525504571486121,21.62789026421576,2
52.0,94.0,True,0.5823773207064821,0.1765221026147551,0.9995521699901734,0.4470392302041084,8.043923203225189,2
52.0,95.0,True,0.4898889624260078,0.2499850810702152,1.5,2.0078921034902684,5.087572289405896,2
52.0,96.0,True,0.4782287128304704,0.1958577934614983,1.2365752011068198,1.436336114769787,4.873844160923525,2
52.0,97.0,True,0.4085166077756898,0.2278829682980311,0.90587902254766,0.3212490021136814,3.25619384679067,3
52.0,98.0,True,0.343995397113628,0.2137947493103316,0.7908032181388713,0.0863980852339561,1.2966226466038784,3
52.0,99.0,True,0.3361456921891042,0.205086874419684,0.8077770004772775,0.0530945079322938,0.3981816805098496,3
52.0,100.0,True,0.1057213059600302,0.1128290857687115,0.4009375439436823,1.309638181464316,-6.380229644842461,1
53.0,1.0,False,,,,,,0
53.0,2.0,True,0.1533117666208634,0.2384231664781402,0.8259693736336965,1.687946384863142,-4.817271211201513,3
53.0,3.0,True,0.4314259154048832,0.2117357682736517,1.0293364540415673,0.2686296293415438,3.5323871580519635,2
53.0,4.0,True,0.360546059176372,0.2129225975921796,0.9083316014574536,1.1683911145185526,1.649537844748214,3
53.0,5.0,True,0.3284907288412005,0.1775511491974901,0.8619461869311226,1.1554013986794252,0.1332136848091914,3
53.0,6.0,True,0.2727578842214122,0.171772522831826,0.6752993552751401,0.4236678094552256,-1.263604639068364,3
53.0,7.0,True,0.3666991479352011,0.1086204881446098,0.5473054574643543,-0.3662853160672704,1.7566957709441158,3
53.0,8.0,True,0.3807424771103541,0.2511596541434853,1.3321172729641275,1.2534424162370963,1.6156428223910426,2
53.0,9.0,True,0.4231566066767712,0.092325774765693,0.5981587046076515,-0.2260271290472112,3.4873078348581137,3
53.0,10.0,True,0.3958482465932068,0.1847625255137257,0.8406072556262136,0.2306173826838478,2.9617541597516404,3
53.0,11.0,True,0.2689711341692485,0.1933560848520033,0.633673208626758,0.4439293171069035,-1.1069118236413995,3
53.0,12.0,True,0.4258361658942869,0.2776302364986559,1.1649202450987926,0.7828525627333923,3.068718315617924,2
53.0,13.0,True,0.2818622816971058,0.1084976291600683,0.5382634155043231,0.5004792482180416,-1.0066878751217572,1
53.0,14.0,True,0.2159785908437159,0.1010250605837061,0.3863722232150296,-0.3570328140413811,-3.046055904386681,1
53.0,15.0,True,0.2270285809339116,0.1037649655987003,0.3742977348180847,-0.6465353537530218,-2.3256547883048393,1
53.0,16.0,True,0.2339984434645693,0.1331376991703361,0.5312475580214182,0.659376694360084,-2.1462063208254287,1
53.0,17.0,True,0.281322329359407,0.1817496185873553,0.6256627217337971,-0.1936821866652114,-1.0050776182675083,3
53.0,18.0,True,0.2496803839383656,0.1166603026012355,0.5286717922946331,0.6032090366475641,-1.7725755718668552,1
53.0,19.0,True,0.1591487718337551,0.1050670673955343,0.3615400542812781,0.03863601900552,-4.655338289269237,1
53.0,20.0,True,0.1698638897101244,0.1326290771076222,0.4539211210302742,0.6128609006492507,-4.247607714173759,1
53.0,21.0,True,0.1513576763031494,0.1058512305252563,0.5370028951443641,1.3206863274741938,-5.2096227429115585,1
53.0,22.0,True,0.2540765111949629,0.1178683725908461,0.5148481928709137,0.234824426892248,-1.7577101428450648,1
53.0,23.0,True,0.334073988793291,0.2211281182225366,0.9072410034722816,0.4256820100814916,0.5025095646088682,3
53.0,24.0,True,0.2360255794174622,0.1725161997964001,0.7328279172384348,0.6114814098368048,-2.6111659606903497,3
53.0,25.0,True,0.3881974263636045,0.1431795666220762,0.7260729671426092,0.2541224307285014,2.1884472627009055,3
53.0,26.0,True,0.3483127241785267,0.22082600116338,0.7371278139137369,-0.0621454301426584,1.151420382710007,3
53.0,27.0,True,0.3127481230291042,0.2085528615550954,0.6843134571561119,-0.0010889063812044,0.3098224309168919,3
53.0,28.0,True,0.2692686059954017,0.1789057814340414,0.8201460410286605,0.7131636367408177,-1.378882354881846,3
53.0,29.0,True,0.4181461519991983,0.1443937913168677,0.7371454145045401,0.3366249429197303,3.3576791621273543,3
53.0,30.0,True,0.5008805101316337,0.1702154126282132,0.768551523537239,-0.3803777603009641,6.2469229690519255,3
53.0,31.0,True,0.6030567165821904,0.2021767330229104,1.0712106049081862,0.3432707840298854,9.08787722570721,2
53.0,32.0,True,0.4590546246548575,0.2884343133352266,1.0867459703497293,0.429115791817573,5.046928400443395,2
53.0,33.0,True,0.4800420843062855,0.2043250895761395,0.9102633012796472,0.2046557502018668,5.498442282727978,2
53.0,34.0,True,0.3975513913194592,0.1867962009368899,0.8177153663017096,0.1895711243791474,2.76256774145366,3
53.0,35.0,True,0.4444699390543868,0.3564549600523604,1.111048259012255,0.4990867563172349,4.3520737856947225,2
53.0,36.0,True,0.2753975356421119,0.1658286408515055,0.5415743550556747,0.0554833656652953,-0.9845512074783322,3
53.0,37.0,True,0.4440095811799114,0.2531299791999014,1.5,2.263515171511228,3.3944664101786826,2
53.0,38.0,True,0.3024924142499144,0.2090429902160437,0.7877137492005966,0.4892450071042754,0.1241552332700448,3
53.0,39.0,True,0.3089906544066285,0.1002875376154815,0.5048126393705752,-0.6096740164622604,-0.192619014327592,1
53.0,40.0,True,0.329538755631845,0.2144366482760792,0.7199231573064101,0.0803058274238965,0.8478536065336564,3
53.0,41.0,True,0.3599655237181258,0.1442961453072237,0.6685130068216345,0.4822448725479961,1.5351501122971951,3
53.0,42.0,True,0.4518988410190595,0.2135230947698535,0.7932881657868726,0.0931548155549482,4.379257244477737,3
53.0,43.0,True,0.2918654123334964,0.1327543195335829,0.556891971046102,-0.0229557034574828,-0.4572598319464196,1
53.0,44.0,True,0.3018309859007487,0.1374582733651258,0.7423177492116966,0.4555855013546301,-0.4865668106087787,3
53.0,45.0,True,0.2712770437027956,0.2222317202346451,0.7181958017065048,0.5533979350346989,-1.1063600642888454,3
53.0,46.0,True,0.3753977708859179,0.1451928773423101,0.687333311011537,0.2590669226709987,2.008785288156772,3
53.0,47.0,True,0.4384215776382512,0.2600415836244037,0.9792543928412528,0.1669281937933914,4.227578214190708,2
53.0,48.0,True,0.5168538942095584,0.2432277636705896,0.9664397380343231,0.2388344479549242,6.284721960629076,2
53.0,49.0,True,0.4930260503927708,0.3427672759226607,1.2344098809277475,0.2164138077325111,5.664705345883118,2
53.0,50.0,True,0.4895910015862913,0.2469847708738752,1.0536226801009685,0.4830871682523898,5.674315138282047,2
53.0,51.0,True,0.4903680329336362,0.2182336196184367,0.9030686511930158,0.3138991839829616,5.507697122715728,2
53.0,52.0,True,0.3657070604222547,0.1391960615386683,0.5289291568275882,-0.9298251979460472,1.998316890284334,3
53.0,53.0,True,0.3625373771504734,0.2102280985937336,0.9480944334321112,0.6073322166826794,0.9547226499806752,3
53.0,54.0,True,0.2827492602583766,0.1605488036718181,0.6767495289158868,0.8158907654252016,-1.0603709967080177,3
53.0,55.0,True,0.2641198146107519,0.1796366132108758,0.8394635313350917,0.8483885903420475,-1.791918260612584,3
53.0,56.0,True,0.2076785622092541,0.1266432380163366,0.4670521519421446,0.5365536625752043,-2.9884366184816873,1
53.0,57.0,True,0.239982521085743,0.2134885156558443,0.7626729716827689,0.8293057744303841,-2.189316244691934,3
53.0,58.0,True,0.3303256615482053,0.2148034363585987,0.9297643683966654,1.21990052153299,0.8619421276447693,3
53.0,59.0,True,0.419530913976558,0.2551025167230022,0.9140515683963412,0.0575318657741074,3.233522479021374,2
53.0,60.0,True,0.2126520372067405,0.1295244328147516,0.4826506343982745,0.1622906180424647,-3.178151961542014,1
53.0,61.0,True,0.3243120250339925,0.3002620277524592,1.1883968065755348,1.4820569923274194,0.4538897725768952,2
53.0,62.0,True,0.2370005938884355,0.1541108743358677,0.5485796947443775,0.4403801704488596,-2.159632830017236,1
53.0,63.0,True,0.3991602979482277,0.1808283108953964,0.7825434553889455,-0.1902429926631922,3.0451619793266147,3
53.0,64.0,True,0.3295440817094811,0.1290183603099987,0.6329753812839803,0.7758412838771654,0.472655862119973,3
53.0,65.0,True,0.29623143362208,0.1544161400253619,0.5483540137673227,-0.1053286473291867,-0.5205575279028567,3
53.0,66.0,True,0.3717872815211734,0.1786520645640013,1.0042795144714058,0.9575250097007844,1.4805204570729118,3
53.0,67.0,True,0.5214849932378989,0.3626748941081532,1.5,1.6304785667137427,5.8151205754739905,2
53.0,68.0,True,0.761627243360558,0.1931606139572215,1.052631752394538,-0.1773729772848437,13.853613525072598,2
53.0,69.0,True,0.7177795451304022,0.2368713274276278,1.1814786126431525,0.1472381989230623,12.39718528398079,2
53.0,70.0,True,0.74485878619387,0.292204263588551,1.2047600404975043,-0.258328294036343,13.416628739818142,2
53.0,71.0,True,0.4798944553804987,0.2218922036454476,1.0929954666988575,0.3970881986491689,4.698328487916163,2
53.0,72.0,True,0.7530470393208876,0.215720121006776,1.118812095524351,-0.2150302161523718,13.55841712118971,2
53.0,73.0,True,0.3860315835815003,0.1829697900052626,0.8210387882033369,0.5160878337795025,2.5696950679387474,3
53.0,74.0,True,0.4949587691592516,0.2694258451530254,1.2549623924219513,0.1497850884353998,5.147306980579769,2
53.0,75.0,True,0.3670461702225364,0.2473124889738845,0.8161481043797528,0.1598000264418329,1.7172866196461782,3
53.0,76.0,True,0.3079467451357539,0.2156918133670706,0.7931191375320518,0.5975324191566813,0.1731689590655263,3
53.0,77.0,True,0.3030966358083116,0.1453631621692451,0.6707722072944836,0.3698726763804497,-0.2548417258252715,3
53.0,78.0,True,0.2321977265590365,0.2409478116623931,1.1717295820210158,2.504836567689769,-2.912245696987447,3
53.0,79.0,True,0.3836536569659257,0.115935764987537,0.5810189352806894,-0.2808376374341596,2.413198919619659,3
53.0,80.0,True,0.2908725776211697,0.1501081004558409,0.6283450110641349,0.7603552390992586,-0.716831049592689,3
53.0,81.0,True,0.3921978164172339,0.2383718910079728,0.949653803708504,0.5105826464333852,2.4103703471111833,3
53.0,82.0,True,0.3237265051591764,0.185335751024506,0.7322534917747586,0.4561026513230859,0.16647579291502,3
53.0,83.0,True,0.246527656634226,0.1558016943340396,0.608911163621224,0.3926444083755119,-1.781744986912786,1
53.0,84.0,True,0.3337796573376653,0.2988454019231477,1.5,2.116414531670754,0.0581706123533956,2
53.0,85.0,True,0.2479926687095857,0.1627220068361382,0.7206234288442175,1.44524519477434,-1.8922923680930932,3
53.0,86.0,True,0.2915391009926503,0.2045488269519086,0.6591271222334365,0.1921760727049386,-0.3061564832100705,3
53.0,87.0,True,0.3242942645286628,0.1829587954757886,0.6442128654761088,0.2169112254349283,0.5879926597726013,3
53.0,88.0,True,0.3663865483055481,0.1838397502231193,0.7471096073452845,0.26065222746091,1.8991981772569688,3
53.0,89.0,True,0.5349030726967077,0.2431415052534601,0.9794883579230526,-0.0384874604900783,7.092479615741498,2
53.0,90.0,True,0.7775311829942689,0.2326367298351775,1.1534553282014015,-0.2417320085231937,14.440002123556022,2
53.0,91.0,True,0.8030870452412093,0.2337794948213544,1.266494193663582,-0.2463031494066355,15.636855625957612,2
53.0,92.0,True,0.8785513316191093,0.3139273470811693,1.5,0.6789887893886446,17.151779110237957,2
53.0,93.0,True,0.8462822711470831,0.3414745802077549,1.5,-0.0019786032794153,17.12836936227424,2
53.0,94.0,True,0.5853506000557792,0.2069282359722622,0.983068292250461,0.3651107754378396,8.654773251256536,2
53.0,95.0,True,0.5929313227880697,0.2792176076889668,1.1946211993215512,0.3746346971773639,9.157266166757864,2
53.0,96.0,True,0.3777645967781343,0.1901072268653486,0.7197867891057181,0.0063943198854196,2.34539964549277,3
53.0,97.0,True,0.44276981183302,0.1498273432300473,0.6974617607501093,-0.766844941606041,4.312704140868961,3
53.0,98.0,True,0.3340420069389667,0.1894985214164706,0.8644220891408972,1.0687752718353245,0.8037553458098157,3
53.0,99.0,True,0.3401404139835385,0.1300030746669583,0.5808238472452858,-0.4283192617698357,1.1948008109866186,3
53.0,100.0,True,0.118080331446708,0.0705403813510951,0.2910676419061425,0.5866888367239578,-5.834135809234114,1
54.0,1.0,False,,,,,,0
54.0,2.0,True,0.1359088762805739,0.1022090985268195,0.3604519687068573,0.3108058806863524,-5.521202764194998,1
54.0,3.0,True,0.3620955765613459,0.2638715906251139,0.8568662963061594,0.1595704294498045,1.8334340117449872,3
54.0,4.0,True,0.262817936102475,0.2173959429221049,0.6664218023573365,0.2651880760273321,-1.3072495495530838,3
54.0,5.0,True,0.4180642114577056,0.1482520797364119,0.7599361046403122,0.5485948529821781,3.461887137498648,3
54.0,6.0,True,0.3226731594681189,0.1541786378916208,0.5704272581665577,-0.1951594818974278,0.5802777065003382,3
54.0,7.0,True,0.1641339352186209,0.0910909547382586,0.3553891875335457,0.1186476860368826,-4.38777852526649,1
54.0,8.0,True,0.5509248070477646,0.3186610012055129,1.2533584025119162,0.8603119690987256,7.468735216648309,2
54.0,9.0,True,0.3673865169678937,0.2391972054924676,1.160751843872739,0.8835856690798332,1.4649014930512927,3
54.0,10.0,True,0.3253501744042698,0.171140593793506,0.6546137469492455,-0.0987102683974515,0.2024508744144831,3
54.0,11.0,True,0.2446412731990649,0.196965114732564,0.9709554874314544,1.6073563595325364,-2.285500189500193,3
54.0,12.0,True,0.2364007523475298,0.1382153856975162,0.5746050000004469,0.6066354345483109,-2.4361846055770378,1
54.0,13.0,True,0.2717924731732084,0.2366156446359897,0.9480461565287874,1.3719748054956815,-1.258203261472413,3
54.0,14.0,True,0.2402468334251083,0.1447416238861481,0.5213085830856332,-0.0660707363725235,-2.127891443844826,1
54.0,15.0,True,0.2358659862092822,0.1859844313432354,0.6041257083796254,0.5154282641211303,-2.023303361538667,3
54.0,16.0,True,0.1895706594152201,0.1350693663262109,0.3891075621534676,-0.02792399459322,-3.732348666333945,1
54.0,17.0,True,0.2100335132992735,0.133993548794616,0.4101151037374697,-0.1694943999674368,-3.0980097076364865,1
54.0,18.0,True,0.2937178174618758,0.1376229364080922,0.4764303767326145,-0.7779098988656944,-0.4544163142144037,1
54.0,19.0,True,0.3670513292679039,0.1166938307700404,0.6304240321913065,0.340300288737295,1.7820248870503288,3
54.0,20.0,True,0.2525288952652473,0.1534376168462849,0.6423164260678137,0.4287184703726851,-2.068452396552661,1
54.0,21.0,True,0.2023483868428699,0.1673206338327399,0.6200617541427017,0.8742804269268589,-3.396403673220175,1
54.0,22.0,True,0.108826893298815,0.0850523208388036,0.2876918665252201,0.505321070833369,-6.311065844085524,1
54.0,23.0,True,0.2607541599174339,0.1317201561158373,0.5138137516259799,-0.0802016657681382,-1.3782211023514372,1
54.0,24.0,True,0.2618296258323845,0.1378979550990633,0.5299816106929296,-0.1190952243424256,-1.2375398417040575,1
54.0,25.0,True,0.303623896050202,0.2046857561006159,0.7928747695067399,0.218745411892872,-0.2289605008568851,3
54.0,26.0,True,0.3450200977329508,0.2145391025503302,0.96904982320805,1.4374194877233948,1.2273975183499843,3
54.0,27.0,True,0.3655852848849856,0.2038143636481537,0.6965486894546468,-0.1137575249067824,1.4160909103054244,3
54.0,28.0,True,0.3013624690353705,0.2408443585015466,0.9607203129264112,1.4461610635767046,-0.5440007428765421,3
54.0,29.0,True,0.221419191812944,0.1808595020929715,0.6769063629108536,1.047535599628591,-2.5083913443740635,3
54.0,30.0,True,0.3246632893753148,0.195060422759839,0.801989707202939,0.8446885966737455,0.385556739455233,3
54.0,31.0,True,0.4746589127536714,0.2714696858216222,1.2333110440790942,1.3256950181914289,4.957477081204976,2
54.0,32.0,True,0.5524388166809231,0.2447529339960576,1.081455908594435,0.0459409663532611,7.359473555673929,2
54.0,33.0,True,0.6214081694598206,0.2535075182547091,1.0392411645270376,-0.3856415922862009,9.73281062803608,2
54.0,34.0,True,0.4094189989726374,0.1934124180632387,0.8958583179707744,0.1991695892039768,2.799903045637284,3
54.0,35.0,True,0.3264421311096955,0.1916337265153437,0.7648629105798951,0.5242726000406538,0.7846363226787696,3
54.0,36.0,True,0.3900754104879365,0.1960658596105796,0.7805192538188278,0.1545599902904554,2.2341604499764913,3
54.0,37.0,True,0.3874032043638277,0.1741639900368654,0.9154623817734918,0.5335222935748611,2.130689903179667,3
54.0,38.0,True,0.264808190212917,0.1828976514206281,0.7086344928697779,1.1668355021357857,-1.4547092619491009,3
54.0,39.0,True,0.3090683213714933,0.1336975415775161,0.6078719398831952,0.5632367077622812,0.1550820877587168,3
54.0,40.0,True,0.3054696540062352,0.1936300094817709,0.688999152878887,0.3797638591268639,-0.1505193648308467,3
54.0,41.0,True,0.1774370142665597,0.1507777820106715,0.4559094826526667,0.3971438675366842,-4.23118813744038,1
54.0,42.0,True,0.2241762723063825,0.1330650197624988,0.5506025032887362,0.3753844579796919,-2.8478412655814056,1
54.0,43.0,True,0.2759805328301085,0.1771050586508949,0.6926312980494774,0.5667266409354841,-0.9583364673446716,3
54.0,44.0,True,0.3335248220640089,0.2126138686763484,0.7433645295992629,0.173179673316259,0.9911968058337068,3
54.0,45.0,True,0.3158767678238117,0.1714792235169303,0.5849148103921509,-0.1855102688161669,0.0227134019649211,3
54.0,46.0,True,0.2672602714552473,0.2499032972794469,1.2922539210608992,2.035534766862428,-2.0089230445969006,3
54.0,47.0,True,0.4148934811328698,0.2660122548554975,1.22793597028266,0.9951013269450952,2.581237391325102,2
54.0,48.0,True,0.3072811375812177,0.1762374694988843,0.6133143494144596,-0.0273425196678289,-0.1132433166590083,3
54.0,49.0,True,0.2749359223797119,0.2369608122044746,1.1543511990170956,1.7390865990789333,-1.438153396623708,3
54.0,50.0,True,0.4168723314676781,0.1688832467293167,0.7173224940870662,-0.222360736322865,3.2546029232301428,3
54.0,51.0,True,0.4338613723984594,0.1540247830514002,0.6966777836380983,-0.572539317629291,3.637328432475605,3
54.0,52.0,True,0.360251858430327,0.2542473490408248,1.2444325256776951,1.357694359767711,1.1585766480194035,2
54.0,53.0,True,0.391552196381751,0.2280412354350905,0.8656957064103411,0.0950654014876479,2.5359512855874087,3
54.0,54.0,True,0.2708410476247723,0.1154765300122448,0.5761287090091458,0.4775172142659711,-1.2732792203624184,1
54.0,55.0,True,0.1958776206350972,0.1144487251225356,0.4010096504574945,-0.2608360491934519,-3.3838028305899557,1
54.0,56.0,True,0.2618682753556888,0.122889321670785,0.5255463639190018,0.065098136917542,-1.4748061528995289,1
54.0,57.0,True,0.2298299177247104,0.0918588047990233,0.4187389439160497,0.129895230329782,-2.3485207010261444,1
54.0,58.0,True,0.1876628247751446,0.1163630960312656,0.4136059713550692,0.2228829044201287,-3.789450671531837,1
54.0,59.0,True,0.250401479635591,0.1202913120989156,0.4342312872275293,-0.2264849489751763,-1.614110599290275,1
54.0,60.0,True,0.2787140531501605,0.1230781831654652,0.5408413572994041,0.0761854414232341,-0.9680903483722232,1
54.0,61.0,True,0.239516768301765,0.1467087832283704,0.4515020492369085,-0.2441012502307516,-2.1837261284111857,1
54.0,62.0,True,0.1714700963938807,0.1354662060063642,0.5548115532117464,0.5665934801405237,-4.45605547936967,1
54.0,63.0,True,0.310147907342807,0.1531438518266652,0.645901509107563,0.3410558784117463,-0.1578791454159612,3
54.0,64.0,True,0.2043882396377082,0.1467440813658529,0.5715450610758742,0.6733587426872206,-3.2997455619360547,1
54.0,65.0,True,0.4260417777657911,0.187961400450632,0.7848100345262634,-0.072562458848187,3.450888777936386,3
54.0,66.0,True,0.3563308061444046,0.1265662626538188,0.6513990432489417,-0.0737410708269961,1.3305667795600429,3
54.0,67.0,True,0.347242849055525,0.2430864316282986,1.0745039168509247,0.6610981960449539,0.862557089188907,3
54.0,68.0,True,0.547060201749436,0.2541817762744762,1.131588800590331,0.3894865495998871,7.614618715990838,2
54.0,69.0,True,0.6147975834312007,0.1583787363706305,0.9272165405246884,-0.3757468970403932,9.30702546507351,2
54.0,70.0,True,0.5617185146124848,0.2240143661155344,1.044027241452467,0.4548730267228585,7.733404005461386,2
54.0,71.0,True,0.6521052344249911,0.1850183422425614,1.242975094787336,1.0860110893367072,10.174598948609676,2
54.0,72.0,True,0.5662117063336879,0.3264074482988937,1.5,1.3937749191376732,6.8433378499178765,2
54.0,73.0,True,0.4790136388387258,0.2082300505409881,0.8542157172929405,0.3446689125418296,5.356987161616304,2
54.0,74.0,True,0.2534752355855182,0.145032299073162,0.5668103038987489,0.533108801259155,-1.9327955340845937,1
54.0,75.0,True,0.3668125437931937,0.209363933461392,0.8810074765448697,0.2137377679751637,1.178612736358064,3
54.0,76.0,True,0.338772487162043,0.2080477472124411,0.7795889192784308,0.1630109212393763,0.599447306373933,3
54.0,77.0,True,0.21475248155216,0.1197430083888687,0.441768834209508,0.300723975372332,-2.8880782858809644,1
54.0,78.0,True,0.1686431741590221,0.117054722625519,0.4321342868712436,0.3286020275323607,-4.291684227612466,1
54.0,79.0,True,0.2262069996888835,0.1406200789269031,0.5915161469767977,0.6908045352204312,-2.4223479034374624,1
54.0,80.0,True,0.1939649234401913,0.1008194120357203,0.3843128831687782,-0.0697296693765418,-3.634359519446499,1
54.0,81.0,True,0.2505878051011678,0.1346878835801685,0.5378029588044142,0.6590465574283693,-1.8719336761428371,1
54.0,82.0,True,0.2259252857744314,0.170300265668606,0.6214711438596779,0.4866621066568192,-2.3895273501707446,1
54.0,83.0,True,0.3496684252932894,0.1659355559317769,0.6696614034078588,0.0031131542063195,1.496013032284054,3
54.0,84.0,True,0.3304385552018344,0.1487719569974552,0.579351842372218,-0.2118413687649132,0.5076554022225382,3
54.0,85.0,True,0.3320690828416356,0.1638220067005887,0.7210096964939408,0.4480779938197998,0.8561581999014307,3
54.0,86.0,True,0.3219412080412682,0.2088726717421843,0.7338029346459818,0.2810229602253183,0.3544490848989654,3
54.0,87.0,True,0.2946914285921759,0.2200642806993514,0.745251786935318,0.57615403874282,-0.3931725116655045,3
54.0,88.0,True,0.3794621352104217,0.2215899290821204,0.8695242034087405,0.6307635958844452,2.327128735964656,3
54.0,89.0,True,0.6296173946828986,0.2373703607433923,1.060814536519341,0.0460619777364183,9.605039492383986,2
54.0,90.0,True,0.642143967365891,0.2973083630108957,1.300315128636262,0.0515384655211743,10.280986708433383,2
54.0,91.0,True,0.7569303314587686,0.2926325978346535,1.4100006893506898,0.3512665240984011,13.415700150041076,2
54.0,92.0,True,0.8668191312226039,0.3165641364133517,1.4530762643528052,-0.1957903385501382,16.988189357071622,2
54.0,93.0,True,1.0794536650376274,0.3081233164956314,1.5,0.1947488288242271,23.302017854680148,2
54.0,94.0,True,0.9246478098041702,0.320670790788903,1.5,-0.1044437886317167,18.289713477529347,2
54.0,95.0,True,0.588149191936771,0.2534448589934456,1.4280042714100112,1.1139495401933075,8.050127488337088,2
54.0,96.0,True,0.605956017188416,0.3304151332763116,1.5,0.6954169864325311,8.308766099019985,2
54.0,97.0,True,0.5329291807455262,0.2772551050801913,1.0990005188355725,0.1134157352538982,7.034141108662687,2
54.0,98.0,True,0.3885929225970986,0.2472647147503123,0.8729720596091385,0.376521922912055,2.6562427895657033,3
54.0,99.0,True,0.5278564154150206,0.289593769901889,1.3418004001990138,0.7356936820590846,6.221578830102891,2
54.0,100.0,True,0.1248625088808809,0.1104626590779745,0.4071117793217932,0.8652773991851228,-5.897136563096284,1
55.0,1.0,False,,,,,,0
55.0,2.0,True,0.1724513428719585,0.1036350831416756,0.3842443273381238,0.0786976084571964,-4.111442044840055,1
55.0,3.0,True,0.3119320159192364,0.1965093743260265,0.7901724969564986,1.2162256186770242,-0.2589783691790163,3
55.0,4.0,True,0.2584645141799502,0.1092207100459971,0.4881593787655683,0.2543233503968595,-1.801737735616897,1
55.0,5.0,True,0.3665353162022913,0.217654570708599,0.7637173565305972,-0.0187230312523812,1.8068310228241953,3
55.0,6.0,True,0.271714927031671,0.0894445342311479,0.4808022087079929,0.6955423135779427,-1.2760116724789314,1
55.0,7.0,True,0.3233421834848154,0.1648143256685296,0.6125400583785673,-0.162020652697927,0.4927145656414859,3
55.0,8.0,True,0.3292511363070439,0.2588248546445167,1.207989257622049,1.2890920920864566,-0.1752269629549963,3
55.0,9.0,True,0.4339109100685264,0.1758372891386254,0.8185110441062478,0.4552838468749671,3.994846157594156,3
55.0,10.0,True,0.3081805310499154,0.1523343972556329,0.6996776216701991,0.8721175213182124,0.0391066103640746,3
55.0,11.0,True,0.2845266594781329,0.1757964273003976,0.6799053689142603,0.0527469024670062,-1.1599890854221888,3
55.0,12.0,True,0.354544519454139,0.1878658885853291,0.8727388035943354,0.4473331730755839,1.2234670474391856,3
55.0,13.0,True,0.4184397658034935,0.1905906341376541,0.7406796115516631,0.213912370477218,3.1799824485566788,3
55.0,14.0,True,0.3457613410830121,0.1881661012515924,0.7452529967056023,0.2255651475758513,1.3133602517700442,3
55.0,15.0,True,0.2714643397578296,0.0827021419598571,0.4158130428268571,-0.6590079951248536,-1.236654405956747,1
55.0,16.0,True,0.1943879836090641,0.213408955689084,0.8383586723692258,1.9104188603310963,-3.376759009815614,3
55.0,17.0,True,0.1527266707524091,0.1134707454812448,0.3960865998128534,0.4273618539752439,-4.759771596220563,1
55.0,18.0,True,0.158980104079273,0.1440812532236277,0.6723525234060186,1.6281100826542991,-4.8676038128761245,1
55.0,19.0,True,0.2369963994771229,0.1422693347001391,0.6614590343186183,0.5052956905669823,-2.4222250661996574,1
55.0,20.0,True,0.2303892188655318,0.1861185569661055,0.6600230491672017,0.5355449689039576,-2.3410522532000173,3
55.0,21.0,True,0.2490965277869722,0.1290500363469763,0.4964130010795492,-0.2119489926500765,-1.8715442405022256,1
55.0,22.0,True,0.1334395459768384,0.087356806878962,0.316322480274411,0.3423403215327641,-5.507114339578231,1
55.0,23.0,True,0.2844162095995344,0.1293063703992157,0.5911456818058988,0.4410187626762156,-0.8759853880155895,1
55.0,24.0,True,0.2862901201605266,0.1810383817753587,0.6718447778359434,0.4324991993608449,-0.7026479857357002,3
55.0,25.0,True,0.2933189113485863,0.1862119737860251,0.7009709129910162,0.383778284506512,-0.5205468642933886,3
55.0,26.0,True,0.2372404615412149,0.1588240630278197,0.7172285616691411,0.6123470237101776,-2.6034759765494786,3
55.0,27.0,True,0.3153267434274245,0.1302623750123427,0.6324117477279448,0.067788722833023,0.1812324969968905,3
55.0,28.0,True,0.3966623517479816,0.2274990917361347,0.8936413865524535,0.1374571390846889,3.0689155195190847,3
55.0,29.0,True,0.4614137884869325,0.2313614315465509,1.0341918368724028,0.5688264899024906,4.724719115484328,2
55.0,30.0,True,0.3936756118818875,0.1636453112895905,0.7518323773946158,-0.1044002570591403,2.64956170171689,3
55.0,31.0,True,0.3981682985049825,0.2331934203186852,0.8356005313803819,0.4387269277095496,2.5967724994900037,3
55.0,32.0,True,0.4878725388559772,0.2205547811120524,0.9566341850361072,0.3151093164639982,5.2989521299751505,2
55.0,33.0,True,0.3930606960969574,0.3280603991618918,1.1508447174943572,0.7040834586476393,2.7477895965825008,2
55.0,34.0,True,0.4001237112225158,0.2106250412379965,0.8771787522084487,0.3523791798185028,2.638566267454798,3
55.0,35.0,True,0.3779073036398211,0.1473592950582,0.6435824065931258,-0.3288348725773751,1.8332599109848824,3
55.0,36.0,True,0.4240768126473375,0.2618212665541712,1.0065954169159923,0.5723404608578256,3.8465489135062767,2
55.0,37.0,True,0.2723590838857389,0.1810504356307117,0.752797517610744,1.0517486378115906,-1.2038723654297958,3
55.0,38.0,True,0.2475437990093599,0.1636983533370387,0.5946633788160398,0.3762208892832278,-2.031688537015021,1
55.0,39.0,True,0.2586418226744559,0.2275793321762797,0.7243428898931324,0.5099233823319247,-1.5519499568982658,3
55.0,40.0,True,0.2469955152586337,0.1616529548742886,0.5698342388807441,0.4711403194429301,-2.155226141843132,1
55.0,41.0,True,0.2185828753767663,0.1651051001539683,0.5380294808314068,0.4318947126487533,-2.548326294368791,1
55.0,42.0,True,0.3168420416094508,0.2081744864978452,0.9728322028104208,0.6509546252968019,-0.1226176114065067,3
55.0,43.0,True,0.2918959075680152,0.187960000665044,0.7189337171489192,0.3083275900900044,-0.381311911749397,3
55.0,44.0,True,0.3238112135594028,0.2170939191803197,0.8620558145958127,0.6591818447311283,0.2904319762877495,3
55.0,45.0,True,0.3800713368643914,0.1448789728967982,0.6598583781862202,-0.1991326602871995,2.129967899399116,3
55.0,46.0,True,0.2678193350272444,0.1669430359311841,0.7338129850074526,1.5752400733637966,-1.4937225266927503,3
55.0,47.0,True,0.325984150970632,0.1916449229531269,0.8640136925632406,0.4580413303313387,0.2108492494174086,3
55.0,48.0,True,0.5227992952826548,0.230737260748855,0.9814567894563389,-0.1696331416374432,6.645626748898512,2
55.0,49.0,True,0.4063947958409021,0.1938217241923638,0.8117991572889675,-0.0008463630027306,3.281746420549031,3
55.0,50.0,True,0.3096145301761466,0.1773121515132354,0.6510280216718154,0.1658199225355791,-0.164196082499078,3
55.0,51.0,True,0.414925710833209,0.2819956053169312,1.1024319159847669,0.868832242966593,3.3431954751176183,2
55.0,52.0,True,0.2883054431261643,0.2146152643059101,0.6783984664919394,0.4915552482031289,-0.8528662317006199,3
55.0,53.0,True,0.3551985979924197,0.2160147001791774,0.8204763744646559,0.3109045876662227,1.269579808347885,3
55.0,54.0,True,0.2726226141392529,0.1547149408549992,0.5895858552949986,0.4287877392495117,-1.424010206390571,3
55.0,55.0,True,0.2476879954990981,0.1690300590917166,0.6082608820505454,0.5591913069521531,-1.8993883543158487,3
55.0,56.0,True,0.2451194580629092,0.1868397673505917,0.5912984152489127,0.3858120309970765,-2.1396674552277033,3
55.0,57.0,True,0.1824524473647058,0.1606195028058022,0.477848307468797,0.4574815929700056,-3.936795005686802,1
55.0,58.0,True,0.2299266803697921,0.1105202723356361,0.4449275815924199,-0.1902047431296598,-2.5061984152124905,1
55.0,59.0,True,0.4057686442156535,0.1528241675657984,0.6290765920868728,-0.9958610795234712,3.018207004270665,3
55.0,60.0,True,0.2029908611158127,0.1232994626663962,0.6648772799961228,1.5466471968166384,-3.633483873002568,1
55.0,61.0,True,0.1946317431123464,0.1357062475844513,0.4640883708780843,0.1790502017325694,-3.437298191246712,1
55.0,62.0,True,0.1929960426396585,0.0948275131873634,0.3650100987607457,0.021395836527455,-3.5778563133496517,1
55.0,63.0,True,0.2870634829519872,0.154759128654212,0.5963838685254081,0.5328014879351445,-0.4163262105778951,3
55.0,64.0,True,0.289901402932811,0.1962641505966154,1.0694231766506812,1.696075198879036,-1.1551356914043869,3
55.0,65.0,True,0.3847762694040776,0.2127594379035193,0.8327224251603312,0.1357388402655867,2.41435690021104,3
55.0,66.0,True,0.2780113336659909,0.1367703781511029,0.6035624435817499,0.3239741140486712,-1.0910110040593468,1
55.0,67.0,True,0.3653630059206971,0.1215345270225256,0.6528339813716754,-0.0274797918687846,1.414017669548804,3
55.0,68.0,True,0.4113315335713964,0.1602210260707443,0.7531787302259,-0.2266407523034136,3.0488533735302052,3
55.0,69.0,True,0.5430731643195869,0.1926790752514351,0.9665560320977316,-0.2368716580346554,7.1329596825899,2
55.0,70.0,True,0.5998363761681343,0.3702487234761547,1.5,0.7145332607411901,9.49183521981732,2
55.0,71.0,True,0.4001037202646498,0.1983551006517817,0.8140246756238247,0.2388762848413642,2.926145465181196,3
55.0,72.0,True,0.5670555180231637,0.2614264754521282,0.993650268272748,-0.2306290498885109,8.045751415373184,2
55.0,73.0,True,0.5415310530391824,0.2680070867046214,1.0810532608092345,0.0262454602366413,6.597746236818016,2
55.0,74.0,True,0.3140861331295829,0.1749695975015541,0.6672201149752286,0.3455481057377295,0.1753136795381817,3
55.0,75.0,True,0.3465407979156987,0.1519812812214962,0.8071890470007973,0.5193146928369962,1.0237469559980348,3
55.0,76.0,True,0.2070589212221277,0.1192841901623861,0.4759486621916665,0.5592272835698066,-3.1964986629241787,1
55.0,77.0,True,0.3437932852463604,0.2009701891842392,1.2325952954592376,1.962319251865508,0.7007563227484876,3
55.0,78.0,True,0.378389377680811,0.2191491634853719,0.858095612766196,0.1186647839483237,1.9425602843237575,3
55.0,79.0,True,0.1489399337460777,0.1148409233458848,0.6352481078006287,1.89852134402418,-5.243429166394351,1
55.0,80.0,True,0.2018380660669276,0.1375447408367233,0.4587642344008271,0.1759040321805539,-3.4776382813824176,1
55.0,81.0,True,0.2589501534766777,0.1715664785237035,0.5936435185304213,0.2592313222834215,-1.7246402538220005,3
55.0,82.0,True,0.2752125038324786,0.1066283465412806,0.4777317943350393,-0.4810203258751255,-0.9694008458694188,1
55.0,83.0,True,0.2937031003435491,0.1802074383142352,0.6730819299283735,0.1304134932874183,-0.787884797437802,3
55.0,84.0,True,0.3157315889830793,0.1761771445757152,0.796013627302147,0.1153402883120013,-0.1942316871152247,3
55.0,85.0,True,0.2614517273545155,0.2128961044444086,0.7538430171114652,1.1270781439930282,-1.5814372852372138,3
55.0,86.0,True,0.2115693229931635,0.1140595777815583,0.4371136642282259,-0.2560313234394379,-3.122031494392223,1
55.0,87.0,True,0.2837277162925258,0.1995834897059745,0.8900811053984551,1.4898354185144795,-1.0217909950135975,3
55.0,88.0,True,0.3307617927815589,0.2207785057580087,0.8304984081885308,0.6281044545373804,0.5112857552258792,3
55.0,89.0,True,0.4883133570914416,0.1994773339213637,1.0622567961261793,0.4668525560402537,4.89069352757585,2
55.0,90.0,True,0.5693279866208235,0.2210560345505587,1.0668640331025625,-0.1320350290598179,7.652702167388243,2
55.0,91.0,True,0.789294578612946,0.3382764455218458,1.5,0.4781778744359366,15.271835814698605,2
55.0,92.0,True,0.9589229633956527,0.2007864580635182,1.5,0.5029314175879246,19.70389960450293,2
55.0,93.0,True,0.9350194127374142,0.244640143117493,1.3771557952509703,-0.4178581179083635,19.464942978267494,2
55.0,94.0,True,0.8331658902982669,0.247439448177716,1.1981161682527783,-0.2593531499768642,16.127255825098423,2
55.0,95.0,True,0.7553283377852267,0.2813254353187437,1.3025130675202974,-0.048048859160758,13.823244027424549,2
55.0,96.0,True,0.690207915835174,0.3059509916097916,1.5,1.2008726364181297,11.791280228407144,2
55.0,97.0,True,0.6484507895294571,0.2000448867356467,0.915961518406984,-1.3651330775611574,10.714865210502508,2
55.0,98.0,True,0.5772954708412137,0.2685223489269824,1.2413868803588377,0.8691351815770559,8.462509220118294,2
55.0,99.0,True,0.6398503139275732,0.1745605046078117,1.043516860363653,0.3021747608182575,10.050907243464664,2
55.0,100.0,True,0.0547517529273641,0.0681504829239973,0.2099289791057127,0.8879746215678955,-7.849093008886975,1
56.0,1.0,False,,,,,,0
56.0,2.0,True,0.086754474478474,0.1138943632377874,0.3527183390353188,0.9595760330825648,-6.764047678073272,1
56.0,3.0,True,0.2863621894856358,0.1597652511550862,0.6029002361521029,0.1666182673893707,-0.5252185890522255,3
56.0,4.0,True,0.378161866872845,0.3113001944799671,1.284925159956078,1.753327813314515,2.2596437073133653,2
56.0,5.0,True,0.38027548755671,0.2537528140245016,0.9541001162828128,0.5920022073508735,2.1931658530560605,3
56.0,6.0,True,0.3055432718070259,0.1544016566968676,0.6557810587104366,0.4457583414895354,-0.2917174230918161,3
56.0,7.0,True,0.4450894878482715,0.2309113905394584,0.95952480239392,0.6058948879040775,4.2579193483594935,2
56.0,8.0,True,0.4114983554532342,0.2387256434133084,0.7985024777067592,-0.0418785205015828,3.2340955480490323,3
56.0,9.0,True,0.4160446158905194,0.1635315425852163,0.947255780106275,0.7882811851670231,3.027234834272982,3
56.0,10.0,True,0.4275017730510768,0.2239377113888886,0.9941890362300998,0.9791378055147942,3.763124338973301,2
56.0,11.0,True,0.3261453824338584,0.1444009795087898,0.6882352647919129,0.2951487429896495,0.1936807099393966,3
56.0,12.0,True,0.2936800970379202,0.1577329472663793,0.5796740336216679,0.230196058640214,-0.6069074045147707,3
56.0,13.0,True,0.3045960384940477,0.1780197952624054,0.6108113642476906,-0.0935354546006892,0.1054325982543349,3
56.0,14.0,True,0.3499176251232129,0.1324679548979719,0.6577189572725428,0.1118723967722254,0.936867160625773,3
56.0,15.0,True,0.3537234739035759,0.1409764704873739,0.6894980668686467,0.6879043049930812,1.1134844407515267,3
56.0,16.0,True,0.3023409153282774,0.1512137798342455,0.5895612597269636,-0.0743991151210375,-0.0188894051623841,3
56.0,17.0,True,0.3434193650598507,0.2661707312704424,0.924549538349525,0.793038047530002,1.248907238336358,3
56.0,18.0,True,0.3507094147267845,0.1810843089634804,0.711823987157785,-0.2598812137194592,1.222481469881821,3
56.0,19.0,True,0.2515152807462893,0.1780688513483307,0.5679588756402385,0.2120351724827854,-1.5737813999940962,3
56.0,20.0,True,0.2680000201360857,0.1591484475229196,0.6223333695042154,0.6653442409692714,-1.1360366978224088,3
56.0,21.0,True,0.2063700310213993,0.1608500668621073,0.4930094355437134,0.0775086987991423,-2.9468807713408953,1
56.0,22.0,True,0.2586677397438068,0.2444166023630386,0.8021682676784708,0.8044017629058444,-1.577285281204299,3
56.0,23.0,True,0.2707038315724623,0.2002735347365446,0.7028618063328207,0.368256525311984,-0.9670739024591568,3
56.0,24.0,True,0.2452009203185498,0.143299471205598,0.5477236798679881,0.4052844650485122,-2.1284489524780645,1
56.0,25.0,True,0.3194903099364256,0.1789609404411731,0.7817300288556128,0.8539113616344953,0.3120838533883263,3
56.0,26.0,True,0.4201407157604197,0.1805259456373935,0.681572939267962,-0.6229647825591523,3.5113008105025365,3
56.0,27.0,True,0.3565698676649061,0.3204866036309478,1.2640957920604694,0.7698310822268577,0.7108189676150174,2
56.0,28.0,True,0.378621881319983,0.1513241018952327,0.7164295109245082,0.2294646977848811,2.0924812473926706,3
56.0,29.0,True,0.5830731366060143,0.2927036783347867,1.0543068123245682,-0.1087857633458442,8.929208729121028,2
56.0,30.0,True,0.4121360138975081,0.1386805653031353,0.6138258110091417,-0.4344193272057649,3.0995144227075517,3
56.0,31.0,True,0.5337725264249393,0.2036989341226193,1.010546773466079,0.3849211104010926,6.846677073889374,2
56.0,32.0,True,0.5041882233990996,0.2171502826143269,1.1814876029464587,0.8577226112883133,5.534632820552773,2
56.0,33.0,True,0.4851686766402032,0.19830221322965,1.0395845644887556,1.1220270537184909,5.61197007173889,2
56.0,34.0,True,0.4154484058900066,0.2717222075535455,1.075831903344537,0.507775150409192,3.3881763432763035,2
56.0,35.0,True,0.3013077613297081,0.1972271579676519,0.7655418430292966,0.566482119288503,0.079059376338623,3
56.0,36.0,True,0.3200351694470884,0.2755325742517023,0.8243138650329142,0.4968221871623234,0.4929337213765135,3
56.0,37.0,True,0.2838997324943887,0.2054685588697361,0.7582528502777744,0.7084348560456549,-0.5291396935657114,3
56.0,38.0,True,0.330092622670492,0.2133561448457719,0.8504434349165908,0.6637325300492128,0.4409256334273168,3
56.0,39.0,True,0.31471150189682,0.1541040143156779,0.6306858850276021,-0.1124173102209774,-0.0164899812279811,3
56.0,40.0,True,0.3547367554404338,0.1695067817180448,0.7080852397475714,0.195583592939109,1.0170293201873597,3
56.0,41.0,True,0.2576625369339767,0.1267427885458812,0.5118559945286226,-0.0834719118831856,-1.5065679787430526,1
56.0,42.0,True,0.3461613621034344,0.2200371530822739,0.965843559763722,0.6833720555105526,0.8922603015110759,3
56.0,43.0,True,0.3086377709146499,0.1554869428183642,0.5422712859799593,-0.2164669179072519,-0.0582423324413357,3
56.0,44.0,True,0.1621824428286894,0.1182130145205895,0.3435310135732025,0.0180684354850777,-4.431412570160835,1
56.0,45.0,True,0.3018975209039857,0.1738518990643608,0.6261742831739199,0.2367154538528425,-0.2665832375608052,3
56.0,46.0,True,0.3640021695380723,0.2071727267069072,0.9471021843053596,1.1130521239632387,1.9321091445119931,3
56.0,47.0,True,0.4488705617096164,0.1492299402448229,0.755817375628364,-0.0310649976029074,3.961811268511311,3
56.0,48.0,True,0.3413441797573864,0.1117663329619394,0.6053538980648119,-0.2356775239241255,0.7198983615639449,3
56.0,49.0,True,0.3690835598269394,0.1800540878534709,0.7716157314328083,0.0876121310683182,1.714727104397177,3
56.0,50.0,True,0.3577763571353894,0.1369286789982094,0.631832283998951,-0.5180098253515216,1.461997753014751,3
56.0,51.0,True,0.3722763982631358,0.2299527087666062,0.7978601199610119,-0.2011072764239483,1.6017253247530696,3
56.0,52.0,True,0.2197073625568272,0.1350821029006824,0.4827065281638814,0.084519281596571,-2.8518652392763046,1
56.0,53.0,True,0.3947740448859582,0.1913579166192814,0.902854531551892,0.6316412462023864,2.667277808931727,3
56.0,54.0,True,0.3502729341615593,0.2096548575031399,0.8340987959154599,0.8844413423425865,1.1929565619380478,3
56.0,55.0,True,0.2760232995943174,0.2229813541661061,0.8451099973839196,1.2201695012480154,-0.8834126498423688,3
56.0,56.0,True,0.3216737291074569,0.1663970568980135,0.7404387613870363,1.0637663104990174,0.4887984780602039,3
56.0,57.0,True,0.1971519506512098,0.0892294221011222,0.3744945964298489,0.2630565005962129,-3.4511227248431564,1
56.0,58.0,True,0.2795208894490762,0.1733114304268961,0.6561413096519588,0.5202881869038631,-1.1123502038750943,3
56.0,59.0,True,0.3120895758690978,0.1805023376276008,0.6791720614660125,0.10028209366293,0.070161227184266,3
56.0,60.0,True,0.2652682061331328,0.1218584485182529,0.4595374334611803,-0.1649833826943049,-1.4866823267561786,1
56.0,61.0,True,0.2386721772875732,0.1321706916028349,0.476780450673051,-0.058529560823435,-2.2943510369750824,1
56.0,62.0,True,0.2889777670176672,0.1799277054566855,0.6865579568437716,0.5086667529875948,-0.8118930571490478,3
56.0,63.0,True,0.2718562092302019,0.1332785260144276,0.4977820163240138,0.0337000444960928,-1.3874313577669946,1
56.0,64.0,True,0.3647119490506899,0.2375122647275276,0.8695825969931738,0.622106270480758,1.4772186345300264,3
56.0,65.0,True,0.2179089358115415,0.0789013376539992,0.475840104554424,0.6058224098889383,-2.973840793741247,1
56.0,66.0,True,0.2775905786491682,0.1185907716960096,0.5371648190083208,0.2201392944378067,-1.030039622350108,1
56.0,67.0,True,0.3243094958637146,0.2296143095206852,0.7248896834112666,0.0101472614419176,0.5049207819420742,3
56.0,68.0,True,0.4122137117540763,0.2337168760198945,0.8709013833828658,0.3431855319437382,2.6173089536794265,3
56.0,69.0,True,0.4733011851553881,0.230180828923918,1.0637830173592626,0.75345043438473,4.9088727103444825,2
56.0,70.0,True,0.5999008286798719,0.2459257158353292,1.0248996991824315,-0.2974906872671136,8.958238726668204,2
56.0,71.0,True,0.5780291782455834,0.2385340479508832,1.0889318350825803,-0.006043697935077,7.687732093332018,2
56.0,72.0,True,0.5973178520354532,0.2139810108083625,1.323975044420311,0.8539287104657544,8.210605312793824,2
56.0,73.0,True,0.3092924653217934,0.1930475444438552,0.7252704433193857,0.6489700885132915,0.0791680972423813,3
56.0,74.0,True,0.3315625217314091,0.1414977555315091,0.7136552444531293,0.2925817664718751,0.487481346559134,3
56.0,75.0,True,0.3661809619791759,0.2171473081814673,0.8560340169152053,0.6232301048104353,1.6184656646626605,3
56.0,76.0,True,0.2861331906009293,0.1423486842675997,0.4742223200338691,-0.5662310060840179,-0.4585045826267769,1
56.0,77.0,True,0.3380108717729982,0.2426581755089414,0.8759976277818262,0.6414410439968938,0.5096023064958969,3
56.0,78.0,True,0.2245145020445425,0.1333324029218615,0.466461463154584,0.2104805783573398,-2.6191900951476974,1
56.0,79.0,True,0.2384157770695608,0.1580200066165362,0.671718629195915,0.6827636832152127,-2.366005617820373,3
56.0,80.0,True,0.2993402584417049,0.1747200387400385,0.6841101372473404,0.413758415439118,-0.4708009267411478,3
56.0,81.0,True,0.2853365507445443,0.1443999096838161,0.5786050880591355,-0.2147263428300873,-0.6103850604505554,3
56.0,82.0,True,0.1561782621043835,0.1169536590811042,0.3872594970374027,0.5212557067832572,-4.794532270621737,1
56.0,83.0,True,0.2485860188484937,0.1912074623620508,0.9392106491258708,1.1845108135719338,-2.2746368555837906,3
56.0,84.0,True,0.258717811913874,0.1514389772688379,0.5647803320499505,-0.025459018491593,-1.539846019507791,1
56.0,85.0,True,0.2123464926666831,0.1802466282990946,0.6749568756689968,0.9527194969352326,-2.8739253715703676,3
56.0,86.0,True,0.2424082549449895,0.1581296907178766,0.5637875941311911,0.3668845071134705,-2.29607003462539,1
56.0,87.0,True,0.2405288643879702,0.0986342330778291,0.4603997976565057,0.4321108042379555,-2.236913742026865,1
56.0,88.0,True,0.4432412689721277,0.1896290028136944,0.8540070261010183,0.5024332766236067,4.2232584709624295,3
56.0,89.0,True,0.3802189283464432,0.2090901102351815,0.9914241441914112,0.3977618233220133,1.5103891845181414,3
56.0,90.0,True,0.6484599026138212,0.2381110009082147,1.5,1.714083462534733,9.836966749653344,2
56.0,91.0,True,0.8092171423778296,0.3495131962841991,1.5,-0.1168607160065198,15.518716562611546,2
56.0,92.0,True,0.9231174250498608,0.2843298504265706,1.5,-0.0535840101226255,18.467584179049805,2
56.0,93.0,True,0.6661765736533352,0.2700124852103244,1.3978306984460196,0.3127092580574583,10.419600568563816,2
56.0,94.0,True,0.988199178005985,0.2440323440593723,1.5,0.0216595601728052,20.555096574879254,2
56.0,95.0,True,0.6887671715199506,0.2078598175594155,0.9993645261682872,-0.720762980613014,11.917122328753324,2
56.0,96.0,True,0.6113262052438863,0.2362442526906467,1.1951530183353996,0.1884554582948892,9.504599877792344,2
56.0,97.0,True,0.6363165195603123,0.2971422684570077,1.245986022772467,0.022085305754815,10.36401799430739,2
56.0,98.0,True,0.7833378277703795,0.3041758489084354,1.428439286199393,0.5582853778806157,14.69879818313336,2
56.0,99.0,True,0.7989533933895075,0.3178496168448896,1.5,-0.2619783378465504,15.048501003934602,2
56.0,100.0,True,0.0570975007808267,0.081337577498227,0.2598489829276721,1.5224656971818151,-7.871599413683873,1
57.0,1.0,False,,,,,,0
57.0,2.0,True,0.0670143809229174,0.0855283296443502,0.3684837567422834,1.429924067130479,-7.637670310948787,1
57.0,3.0,True,0.2828083887423278,0.1126982196610844,0.5044169271925629,-0.0436786033720373,-0.6520861024407119,1
57.0,4.0,True,0.2646952811480306,0.2187645779185375,0.8437705682593467,1.2850555190632384,-1.3221226763860612,3
57.0,5.0,True,0.33806002187242,0.1775992937265969,1.004527766279549,1.1108733811692404,0.6108893149479562,3
57.0,6.0,True,0.2546275180640512,0.109514704223728,0.4129485891289703,-0.7060816673280537,-1.625146232736583,1
57.0,7.0,True,0.231147302387539,0.1391348707720311,0.5540903707224604,0.4602672500391272,-2.4509931628721575,1
57.0,8.0,True,0.367760782657954,0.1941523160751483,0.8444508937480156,0.8042645113322745,1.590357479080265,3
57.0,9.0,True,0.4025166566187934,0.1962101005002405,0.841240795136308,0.3842510672227463,2.4912996057752315,3
57.0,10.0,True,0.4981677272306964,0.3049202518335165,1.5,1.44291135730444,5.323311575783264,2
57.0,11.0,True,0.3365871131896533,0.1586326189645041,0.6184637258524519,-0.1331405132591925,1.0206109864501356,3
57.0,12.0,True,0.4592769914640236,0.2413208300568957,1.091280852154704,1.181539252133322,4.572764099207315,2
57.0,13.0,True,0.3336052346626637,0.1749081306326054,0.6044566401020234,-0.2092994013527851,0.6673528368620032,3
57.0,14.0,True,0.4204185550307724,0.213183741569423,0.9945703978686264,1.106252237608231,3.401808895431204,3
57.0,15.0,True,0.3455778393416396,0.1942707671154319,1.1002492901407732,1.8591770732057848,0.6220910767065924,3
57.0,16.0,True,0.2511947811859565,0.1711648315063632,0.7931883448209618,0.974491069320898,-2.16685775502408,3
57.0,17.0,True,0.3266830400692143,0.2151963147116368,0.9415832832069586,1.5689512148210156,0.5154357682862564,3
57.0,18.0,True,0.2521139236592245,0.1799699097651416,0.6706222225890753,0.7788125381228329,-1.6630259274483663,3
57.0,19.0,True,0.3158358366545292,0.215160042393272,0.7321372207236237,0.6054625622757591,0.4875610786189829,3
57.0,20.0,True,0.2150326780513164,0.1572143160655505,0.4987484736926568,0.2117622113503142,-2.8981795389173626,1
57.0,21.0,True,0.190706913679357,0.1269719345496177,0.429982896223216,0.1521353956791198,-3.617050038649941,1
57.0,22.0,True,0.262554373322471,0.1592932324389907,0.6987931775983575,1.0687006538297863,-1.6327153121055893,3
57.0,23.0,True,0.3121230111523426,0.2004132257303232,0.7212252653977407,0.4743252011782451,0.1858099113308926,3
57.0,24.0,True,0.1904724470291187,0.1990162488047876,0.6534496804424491,1.0158233360439717,-3.673019774855486,3
57.0,25.0,True,0.3579905715500517,0.1411762073744188,0.6363121680181723,-0.3738983269802169,1.664675038024839,3
57.0,26.0,True,0.4079767474688411,0.2132707938480214,0.8309707788455797,0.4492787073399618,3.1030109844949996,3
57.0,27.0,True,0.4358816603859974,0.1786559572712126,0.7885213340612941,-0.2863647301991553,4.189352943782978,3
57.0,28.0,True,0.4199766353565818,0.1983348769422243,0.7811680912229683,-0.0283545918776816,3.082627824109717,3
57.0,29.0,True,0.5029123609049838,0.189541312554142,0.9161624414282318,0.140122676437456,6.260508770214155,2
57.0,30.0,True,0.652759519057443,0.3473006146190224,1.4760857244572665,0.7560500420668391,10.602183230014806,2
57.0,31.0,True,0.6761114504767957,0.2756488265415782,1.2374121983917472,0.2853282358133285,11.542360641531578,2
57.0,32.0,True,0.5365608916144483,0.3077453581323944,1.0572936220180855,-0.1009528127348518,6.91215790374611,2
57.0,33.0,True,0.3700161599554226,0.2258580290308873,0.81932886088093,0.3168392536016765,2.1931826675098596,3
57.0,34.0,True,0.3676633150893111,0.1506541108111904,0.682378147240475,0.2038737104724509,1.587259689940106,3
57.0,35.0,True,0.3918662926716397,0.2974543566318025,1.120687844066461,1.2597679078971329,2.540020000038318,2
57.0,36.0,True,0.3785691073782214,0.2228623154684524,1.0960366566343456,1.1955988964633195,1.3845608584753948,3
57.0,37.0,True,0.3327325840686791,0.1431511773917017,0.562930996287876,-0.3615599736386067,0.8181884141006173,3
57.0,38.0,True,0.3081301811816268,0.1359223224421473,0.5798588866680054,-0.0435148386672982,-0.3149248438691838,3
57.0,39.0,True,0.3934847596773433,0.2392506947238939,0.9556007484227148,0.9051286668320944,2.235211382986914,3
57.0,40.0,True,0.2931766581533376,0.1485474473746062,0.5814252319020615,0.1182179140437797,-0.4631654201959393,3
57.0,41.0,True,0.2888945666464127,0.2436769171669958,0.7964833089800305,0.5454842355386212,-0.791728163991878,3
57.0,42.0,True,0.3183598978572186,0.1161845065175889,0.5308600939496091,0.0486565696216471,0.2527284173988255,1
57.0,43.0,True,0.268779208093455,0.1809740875101468,0.5798830690010194,0.1191029979466174,-1.122929808820534,3
57.0,44.0,True,0.2893689306139752,0.2461515378046566,0.8658687684680201,0.993743668998254,-0.2655845801915601,3
57.0,45.0,True,0.3759721983669717,0.1368645151308692,0.5783595355277996,-0.2046055706919332,1.997801893756466,3
57.0,46.0,True,0.427945442772462,0.2186110661024118,0.9739622550016616,0.7173095630269879,3.6224332325037505,3
57.0,47.0,True,0.429136084274772,0.2004779129514285,0.7682774601056187,-0.0521678643132909,3.578711974484225,3
57.0,48.0,True,0.4072918740916507,0.1989832163318453,1.041507797438527,0.9638642119123846,2.6952444903239963,3
57.0,49.0,True,0.3314850047982033,0.134807155792535,0.5652161949874246,-0.0575669041853703,0.5978681256950333,3
57.0,50.0,True,0.3150888491451785,0.1425567954542016,0.6319013930957895,0.272705047231533,0.3338107364537016,3
57.0,51.0,True,0.3340684324902447,0.107409713763134,0.5138179976387226,-0.4358944552698658,0.8928407149269502,1
57.0,52.0,True,0.2004770282446353,0.1878051936989932,0.5665382462702682,0.5752257503752952,-3.321597056128065,1
57.0,53.0,True,0.2017941043419142,0.1551133364237051,0.7319373253650999,1.2895337417626844,-3.522757684546246,1
57.0,54.0,True,0.3040376608880044,0.1655096478319487,0.6985797337347579,0.4362987733700786,-0.2795447179339165,3
57.0,55.0,True,0.2378399186064438,0.2029203054470127,0.6815824689693428,0.7953030778792791,-2.0422648549978595,3
57.0,56.0,True,0.3087032524788471,0.21867099825631,0.8856185986383636,0.6908692619397242,-0.2271900527817036,3
57.0,57.0,True,0.2233106625460864,0.1113485550597063,0.4514638682118195,0.6896410711402756,-2.6880421414987588,1
57.0,58.0,True,0.314121660428887,0.1973492305185056,0.9060148904651714,1.1431150984152614,-0.1843204707311858,3
57.0,59.0,True,0.3062712155742419,0.1207543905090087,0.7305485422791265,0.7959419631536013,-0.3351889739874608,3
57.0,60.0,True,0.3107326919656226,0.2249606198701353,0.7426494807361512,0.2663873750835273,0.3826732196225636,3
57.0,61.0,True,0.2552744576279623,0.1656818337130259,0.6242582037013762,0.4286416527144799,-1.9928516678454071,3
57.0,62.0,True,0.2466842203471635,0.1567504752615258,0.580641150770257,0.2215999949059696,-1.9920248353837613,1
57.0,63.0,True,0.17410107844968,0.1382474403919785,0.5280791845860656,0.7450455693848972,-4.4425768524376945,1
57.0,64.0,True,0.3231161820953916,0.2331799056577211,0.8658315501932171,0.8304575133857639,0.4518454759071282,3
57.0,65.0,True,0.363757486048092,0.1157999360171504,0.6317702895054543,0.1269874901132448,1.4863372384188187,3
57.0,66.0,True,0.4323817204202416,0.2010041319088308,0.9115644430067924,0.6350593573242057,4.108278534417787,3
57.0,67.0,True,0.3097677498229896,0.1473143276263005,0.643977325020601,0.6795380264540506,-0.1408764701294873,3
57.0,68.0,True,0.449291784748851,0.2036108751986223,0.75359654858697,-0.2660455702548956,4.545056271698037,3
57.0,69.0,True,0.3523201978649829,0.227926971580829,0.7204283942529245,-0.0971984056852111,1.323374537647022,3
57.0,70.0,True,0.4626986337473716,0.2783996679538453,1.2260058655404589,1.4011477238850731,4.542794660321373,2
57.0,71.0,True,0.3860124481316804,0.1613940934820626,0.6435918096324194,-0.5165770949653441,2.2767643760160476,3
57.0,72.0,True,0.4497790505080793,0.1828682144745536,0.8520690080568702,0.4395154785580676,4.153634439311909,3
57.0,73.0,True,0.4926694882948385,0.1347983456061082,0.7015522812861681,-0.3851987884142246,5.799500262070188,3
57.0,74.0,True,0.4293514437249648,0.1814413205737986,0.7078193600150703,-0.4388278607358478,3.795664048245019,3
57.0,75.0,True,0.4055658129641571,0.248949989209911,1.1465887816788611,0.5225557678951601,2.6718353850172125,2
57.0,76.0,True,0.3577236592778979,0.1996319464502296,0.8431138479890975,0.3037129508064609,1.3349494729379658,3
57.0,77.0,True,0.4132759627499287,0.2402783125307488,1.33172535529362,1.4447984377531082,2.5999002899013552,2
57.0,78.0,True,0.2433675025096751,0.1986609810694105,0.6880900333496911,0.596538538563819,-2.0758276056167664,3
57.0,79.0,True,0.2519754688536248,0.1520446888010648,0.5983127450532026,0.5851042298436887,-2.01322835200465,1
57.0,80.0,True,0.1968645258541763,0.1153329321898056,0.4713144032597188,0.4156249979546517,-3.5056066584743073,1
57.0,81.0,True,0.204936415059705,0.1866371714478266,1.0213063133769316,2.6174354294148032,-3.708702162510071,3
57.0,82.0,True,0.2775012126465158,0.2485284760917973,0.9301901121876632,1.2028802673112031,-1.112040753165725,3
57.0,83.0,True,0.3407100529839916,0.0779849726165923,0.4595653984094279,-0.5250798050990866,0.9680950287489566,1
57.0,84.0,True,0.2772174207357429,0.1621078729137515,0.6346266435127911,0.508760378606037,-0.9608759004200028,3
57.0,85.0,True,0.2593429993714621,0.2147937186210265,0.9154453414207818,1.057444731299333,-1.983015938752817,3
57.0,86.0,True,0.2219974764678039,0.1457757283974269,0.4879640281093563,-0.0773147995549439,-2.541447637601415,1
57.0,87.0,True,0.3399011945506124,0.2147320239768962,0.8128531796035396,0.6463752530788351,1.0434617260193828,3
57.0,88.0,True,0.3909100752125587,0.2257612156683773,0.9705176142558458,0.8063058755902585,2.5897457796789976,3
57.0,89.0,True,0.3090289778528555,0.1839601693870948,1.057085773410254,2.079090889812916,-0.3591950578086224,3
57.0,90.0,True,0.3911424111950721,0.182904795068942,0.9229199147053916,0.1708262852893345,2.20125616511644,3
57.0,91.0,True,0.543774576869341,0.267256029024788,1.0647370401878695,-0.2044859528532679,7.396263265047679,2
57.0,92.0,True,0.6845122739648265,0.3908539305628545,1.5,0.7589106825162856,11.73764676331342,2
57.0,93.0,True,0.9092177352395548,0.2226944441832341,1.4282275931699795,0.4860246368794075,18.745942039647613,2
57.0,94.0,True,0.8345319926563668,0.2275408135995401,1.2121057160841155,-0.2997532310019267,16.62091457325574,2
57.0,95.0,True,0.9092911627505892,0.2652150159413708,1.3601155673286258,-0.1592219993436691,18.77368748915723,2
57.0,96.0,True,1.040413424546912,0.3122347569833024,1.5,-0.7535440346778458,22.884735387433263,2
57.0,97.0,True,0.8707657624741009,0.2018323797441748,1.327237809491858,0.7057059714559164,17.21503283293684,2
57.0,98.0,True,0.6019948167190597,0.3581027607074383,1.2742700215088814,0.2462217368044537,8.712662006421565,2
57.0,99.0,True,0.6678447965872547,0.2739591650669589,1.5,0.5342917355800444,10.614520833315392,2
57.0,100.0,True,0.0208316681863889,0.0253443608191775,0.0736930004239566,0.8680864395304906,-8.925600426297535,1
58.0,1.0,False,,,,,,0
58.0,2.0,True,0.1219456161368433,0.1013997913868473,0.3381285701360181,0.5149905708374417,-5.765718449744286,1
58.0,3.0,True,0.3760755709041609,0.2157335535468921,0.8475561113793272,0.5983733493929926,1.9574461038605369,3
58.0,4.0,True,0.3319570004790756,0.1587095774120791,0.605236762281626,-0.4605583164368128,0.6443939997423922,3
58.0,5.0,True,0.275837233906854,0.1472101890418527,0.6247314375860353,0.3460688877039307,-1.0682631990143858,3
58.0,6.0,True,0.3715386798680226,0.1779918191224635,0.7517894384903799,-0.0188862058194624,1.774189368603221,3
58.0,7.0,True,0.4207183821539156,0.2192303055244674,0.9543892423054836,0.3350205698561367,3.325556369859618,3
58.0,8.0,True,0.3496589931109809,0.1335371351505639,0.6625716315473086,0.3177783053381853,1.4109654291619524,3
58.0,9.0,True,0.3558421500503026,0.1269113202038848,0.5877818990546461,-0.1505908715382378,1.5112124279450625,3
58.0,10.0,True,0.2379981576599454,0.170204604318104,0.878722055254148,1.2872228816473752,-2.548437798938592,3
58.0,11.0,True,0.3364720078102106,0.2198928541033363,0.8710426092041579,0.7771506725174369,0.8940504156526426,3
58.0,12.0,True,0.3631957112406745,0.1824319746008063,0.9705782105469014,0.7199549085169155,1.5440251406524368,3
58.0,13.0,True,0.3439581447703664,0.1649351212503941,0.6081825577341778,-0.2157171613045251,1.1973827658613925,3
58.0,14.0,True,0.2613730690287575,0.165911481756826,0.5503431474460502,0.1571377046298971,-1.2893834058528129,3
58.0,15.0,True,0.2741363547718801,0.1852314774431029,0.7867630236706644,0.9866162592923332,-1.352542922479895,3
58.0,16.0,True,0.200382118013235,0.1082481781222181,0.481710127504353,0.0587504517823697,-3.4767791021292274,1
58.0,17.0,True,0.3009565358978517,0.2014887334604297,0.8298061055440549,1.1208466127803594,-0.4974944413626272,3
58.0,18.0,True,0.3085897731959174,0.1793140725070519,0.5971025536578832,-0.061246387947562,0.1324346171710577,3
58.0,19.0,True,0.1833316222416473,0.1241563752787403,0.5829012778273938,1.3845138756730868,-4.253390254382199,1
58.0,20.0,True,0.2062959261238399,0.0926794881258958,0.5647518143398988,1.5102569421604226,-3.3445143084447206,1
58.0,21.0,True,0.2971087235974102,0.2023303220194441,0.821579958351841,0.4639674763182452,-0.6406342211016696,3
58.0,22.0,True,0.3373226213438991,0.2059734227272539,0.7030282468711175,-0.1973991732656442,0.8149976070991827,3
58.0,23.0,True,0.2509991179562297,0.1344952788160089,0.6057718952193529,0.3911362965628981,-1.90674529581578,1
58.0,24.0,True,0.1559707314567235,0.1477518766316356,0.4558355470737467,0.4955306025136226,-4.83176042577764,1
58.0,25.0,True,0.3613688930921272,0.1924336241145051,0.7098192834187825,0.3639434840095586,1.734359260156577,3
58.0,26.0,True,0.3025590469219446,0.1548602266929826,0.6587484117607523,0.3905329721785362,-0.3031336978293915,3
58.0,27.0,True,0.444476066870282,0.2574186322250558,1.1224346872040822,1.143429003338611,3.661104305416046,2
58.0,28.0,True,0.5190913867284396,0.2395923887896126,0.912372332957014,-0.0830903744102259,6.570293627900649,2
58.0,29.0,True,0.4587591872237023,0.2616655159139471,1.1442856371948635,0.334093398066669,4.092143038074807,2
58.0,30.0,True,0.5438143531152938,0.2890241659764041,1.5,1.445955652837833,6.850441719372945,2
58.0,31.0,True,0.3888931971165828,0.2100257659064389,0.8371189865414449,0.4978504760345613,2.5986589507728906,3
58.0,32.0,True,0.4504490156966366,0.1562295946921805,0.7100407298217066,-0.6263823748235707,4.308196380221526,3
58.0,33.0,True,0.3323262837772577,0.2187807244639397,0.800717017047171,0.4475060231522403,0.7430320375735211,3
58.0,34.0,True,0.3669294946863871,0.1602787374760306,0.8240444371777771,0.2692839791922252,1.6923470905829183,3
58.0,35.0,True,0.3157116835831388,0.1608913569913607,0.6390859818300512,-0.0701972416265809,0.0901604991879385,3
58.0,36.0,True,0.297872885274311,0.2002783453721517,0.6759063329242657,0.1979371998107618,-0.5746903425756487,3
58.0,37.0,True,0.3290896536868853,0.1819377526224136,0.7246863856801673,0.5160721001359251,0.6559378709450464,3
58.0,38.0,True,0.3203890632143985,0.2277163938950418,0.8963241130111704,1.0583991332957834,0.5456316222274337,3
58.0,39.0,True,0.3192532697060974,0.1792451865976256,0.5813956330832856,-0.3119614316223647,0.2945511220778353,3
58.0,40.0,True,0.4169673491177381,0.2355893754625397,1.0932469931528186,0.2815102810033441,3.077378701820507,2
58.0,41.0,True,0.2506321157219492,0.1699260686826747,0.5664504917353568,0.1703986707637118,-1.673686925989863,3
58.0,42.0,True,0.2889660574001796,0.127556291686898,0.4981903935354388,-0.2471806843029581,-0.6342059121833433,1
58.0,43.0,True,0.2330250587151472,0.1511689348642697,0.6584261314999961,1.1165113130131432,-2.6357537360488577,1
58.0,44.0,True,0.3667557527467227,0.1988414959484638,0.7734136407718385,0.1897165387681066,1.5583286242310452,3
58.0,45.0,True,0.3899133314428714,0.1870658723903162,1.0365927303021718,1.2026653489836905,1.8910237155876852,3
58.0,46.0,True,0.2689401984117716,0.1480237262433678,0.460630190564707,-0.4001353076360601,-1.233075277642092,1
58.0,47.0,True,0.3437223363701213,0.246392856777537,1.0656004527545586,1.064983680995082,0.5214089599916607,3
58.0,48.0,True,0.2898885737901818,0.191326313135205,0.6309174671750901,0.2534093130672641,-0.4365883969958762,3
58.0,49.0,True,0.3627074157430342,0.2118403753944171,1.0212309683395464,1.1085847093273875,1.4604890853476424,3
58.0,50.0,True,0.4838514176306228,0.2385449650354041,1.0268132481639225,0.3839979022570856,5.627540575460318,2
58.0,51.0,True,0.2602951713542842,0.1214935058099583,0.4868409592703667,0.0417233645882658,-1.4440795475958814,1
58.0,52.0,True,0.2297204002385014,0.1202657005171051,0.4589639970336409,-0.0165225534640903,-2.3723310890577163,1
58.0,53.0,True,0.2336510174701624,0.172933774426473,0.7324159518840839,1.5274960922385084,-2.399943329984936,3
58.0,54.0,True,0.2544924810139065,0.1489307984803952,0.5617863292737887,0.3720547948397056,-1.939192682277804,1
58.0,55.0,True,0.4750960668696469,0.1999764046191768,0.8882937705186438,-0.2179199674350872,5.169570690375518,2
58.0,56.0,True,0.2915305674046241,0.2234966693411531,0.6968315498216592,0.2771671018161318,-0.4393584011864135,3
58.0,57.0,True,0.3302955905869834,0.1891603492408812,0.6838125186833001,0.2364702991597396,0.4644130187243878,3
58.0,58.0,True,0.1735168441970266,0.1753282721111392,0.6478192554681124,1.5310106270496542,-4.087414027007234,1
58.0,59.0,True,0.2280644618965604,0.2028971537288891,0.7344294953904759,0.7932452480248161,-2.6328464818276673,3
58.0,60.0,True,0.2933588148583891,0.2049387418371757,0.7174119013236753,0.4081903598002958,-0.4857945755840204,3
58.0,61.0,True,0.3712571356709588,0.1857631207016726,0.8455748253068314,0.8521948776495237,1.782866472145973,3
58.0,62.0,True,0.3429335836731133,0.1784583395665,0.7493011896778871,0.4550961770815467,1.1752494422729554,3
58.0,63.0,True,0.3847363658382215,0.1045730828892806,0.5774912018866015,0.4329103278447301,2.365281385776388,3
58.0,64.0,True,0.215635241476951,0.0998945775365258,0.409972795202266,0.3648999304135227,-2.901897349708908,1
58.0,65.0,True,0.1963008543990423,0.1681279176820522,0.522251269068078,0.3672056447919331,-3.847314886312335,1
58.0,66.0,True,0.2787569184481719,0.176431343236299,0.6812403902568396,0.1058130816152229,-1.2139517240371256,3
58.0,67.0,True,0.3390060059803026,0.172654931606965,0.7114680416314579,0.0606608955537135,1.148167712956169,3
58.0,68.0,True,0.505480354889568,0.245346503735293,1.5,1.8554035093605443,5.470477267359072,2
58.0,69.0,True,0.2989936583561486,0.1398978303640604,0.5163936194866765,-0.5331214669678964,-0.19968781342458,1
58.0,70.0,True,0.5454988931707667,0.3295398559559029,1.5,0.6365457351702011,6.4787285479635806,2
58.0,71.0,True,0.4758496406076699,0.1482817445487838,0.9620237782232272,0.641132658059135,4.752839359989677,3
58.0,72.0,True,0.3573911860895265,0.2059114831414083,0.7709284798173587,0.1872790546195615,1.5015367969308366,3
58.0,73.0,True,0.4121939838464709,0.1777053671835274,0.9105486893503136,0.5702959719293913,2.6893785989747414,3
58.0,74.0,True,0.2874132233730398,0.2152470912694706,0.8111979429766473,0.8644513964100378,-0.9592145410859616,3
58.0,75.0,True,0.2684142821187137,0.1018634228017187,0.4514019229397376,0.136122881094228,-1.3397487011752476,1
58.0,76.0,True,0.3504655466709879,0.1910498635126285,0.7023742378822191,0.1238626790307645,1.3454170060062547,3
58.0,77.0,True,0.4099456502071476,0.2348927618597161,1.1034066307921155,1.210045901214081,3.109933108965872,2
58.0,78.0,True,0.2494333689232445,0.1358466572135834,0.5642739771715661,0.0914892366339382,-2.148671196865893,1
58.0,79.0,True,0.146406075852977,0.082501546498839,0.2809290826494326,-0.2052820964501888,-5.00475602773696,1
58.0,80.0,True,0.3418943744847703,0.1488451288300171,0.5719502296421367,-0.5646130754191707,1.24738363814959,3
58.0,81.0,True,0.2893919088429956,0.1673543273835267,0.6873196055719494,0.6608155117882497,-0.6955634187655215,3
58.0,82.0,True,0.264902421671303,0.1980804624457748,0.7475582125831182,1.001547018575473,-1.174462145548164,3
58.0,83.0,True,0.1582737995102666,0.1243287732285837,0.4893101357194892,1.1696712430956913,-4.652366165400968,1
58.0,84.0,True,0.2540994091746416,0.2023191154147873,0.9343610022632794,1.1264904596158285,-2.0265848694276696,3
58.0,85.0,True,0.2012670105045632,0.1445691376170113,0.4913985704461305,0.1960967906582504,-3.252653278975052,1
58.0,86.0,True,0.2909324756327509,0.0868387358003981,0.4655048095403912,-0.1249489248640933,-0.619665935313617,1
58.0,87.0,True,0.3212712287318603,0.1738901966227421,0.7090858026033133,0.4164885776395318,0.3778970057406406,3
58.0,88.0,True,0.4646717576614205,0.2396925068128637,0.8139466822020542,-0.041230977261771,5.165042848282153,2
58.0,89.0,True,0.3441874530819576,0.2016505426329819,0.8116131492939256,0.3125686753869539,1.2098896560125614,3
58.0,90.0,True,0.4312812917160768,0.249922296052095,1.0019529011402024,0.5538796393508619,3.754745271656914,2
58.0,91.0,True,0.6177283118364186,0.2805410440698941,1.0870350265325843,-0.3015990945517874,9.424020647268993,2
58.0,92.0,True,1.1016664432797083,0.3801205002721697,1.5,-1.0080120046298469,25.083911993836207,2
58.0,93.0,True,0.9018853728518602,0.255253602643995,1.4184201433095858,0.1559704189911333,18.167150198847853,2
58.0,94.0,True,0.7704777739446601,0.1999344310830729,1.112770980839927,-0.4935468606352965,14.56059637919092,2
58.0,95.0,True,0.9407484983687916,0.3154501064957092,1.5,0.0419588572250083,20.017647542840617,2
58.0,96.0,True,0.968901440106352,0.395887861329611,1.5,0.1537533816635601,20.37648565383952,2
58.0,97.0,True,0.9805500725496444,0.4370156824253994,1.5,-0.366898502512633,20.08042980092394,2
58.0,98.0,True,0.8824104288568161,0.2900036604176124,1.5,0.2154107325944096,17.180563310243667,2
58.0,99.0,True,0.7189103028319354,0.3052353274444703,1.345847478438996,-0.1842780435098164,12.632303914124469,2
58.0,100.0,False,,,,,,0
59.0,1.0,False,,,,,,0
59.0,2.0,True,0.0155629277286304,0.0341195403008358,0.1184388283870789,2.08809974709944,-9.093010369554705,1
59.0,3.0,True,0.3959144158433681,0.2644285698021169,1.0770102655827154,0.8229293426156926,2.823940711878418,2
59.0,4.0,True,0.3272182827292781,0.1724347331315842,0.7546962316336111,0.7693326875659179,0.5318634904769663,3
59.0,5.0,True,0.2613536983674718,0.1817311501800711,0.784910960293816,1.2823416466910775,-1.2150316913191206,3
59.0,6.0,True,0.3049270465329339,0.2622264143365593,1.1962054914459714,1.2133600923065484,-0.6808597193236481,3
59.0,7.0,True,0.2823399558997991,0.2499134389853839,0.9614133408031929,0.7439225262239603,-1.4267862565647322,3
59.0,8.0,True,0.3152032204927122,0.1544949809522864,0.9240502026922864,1.1605673972489978,-0.2284686853668362,3
59.0,9.0,True,0.4256415388412182,0.2724081321298635,1.3378623576308546,1.002865780940327,3.036437771330718,2
59.0,10.0,True,0.4968188831628931,0.2123228351908495,0.8841499701599311,-0.015669762278005,6.025631317078611,2
59.0,11.0,True,0.3307353526341848,0.1595033942038796,0.6339920307363807,-0.1075981765750032,0.5034194155100794,3
59.0,12.0,True,0.3718792551005064,0.1972606044127627,0.7541705144858414,0.1032991975430455,1.8561271841514977,3
59.0,13.0,True,0.3433321630668536,0.2935611900518267,1.3535237273226806,1.797761936702194,0.6158278938231309,2
59.0,14.0,True,0.3109614098316372,0.1772908277889025,0.6728159802107451,0.2085592650821721,0.0362359792649229,3
59.0,15.0,True,0.281004023701325,0.1601829848116775,0.652461480597823,0.6370044715969388,-1.3039923640669466,3
59.0,16.0,True,0.3081919797969852,0.1921166510945652,0.5924799625908626,-0.3654619327017245,-0.1183700226375568,3
59.0,17.0,True,0.274129221978401,0.2214317520920833,0.712568495143564,0.7783696008561366,-1.3031961262489555,3
59.0,18.0,True,0.2080374363982076,0.1416202620050474,0.4257654884022347,-0.0075002272676218,-3.1329319777684645,1
59.0,19.0,True,0.3590124123785398,0.2149518191899987,0.7737060037515201,0.2256258422533526,1.246311389326917,3
59.0,20.0,True,0.249885901903958,0.1668021729556428,0.6191530804546753,0.6381727039027881,-1.6029116238890255,3
59.0,21.0,True,0.2429260079581254,0.1856410803102638,0.7389450302921591,0.9527932308826236,-1.907899491019586,3
59.0,22.0,True,0.2389020935147959,0.1361346154566523,0.7019904904085418,0.9438903069896342,-2.3094241617380047,1
59.0,23.0,True,0.2906738840753913,0.2073270141376713,0.642272748215742,0.012922629871566,-0.538977700184991,3
59.0,24.0,True,0.2499807105751971,0.1420437177688404,0.5653825457222192,0.674791257603025,-1.678726289197811,1
59.0,25.0,True,0.3037406389014266,0.1679759795308759,0.8257405929505511,0.4611723408113218,-0.3290953653112612,3
59.0,26.0,True,0.3381656604623007,0.3066248789680732,1.1912696757641947,1.2539081260265783,0.7015259481610558,2
59.0,27.0,True,0.4820807179559285,0.1816997691380532,0.9097977755635952,0.2637664572715932,5.436655705254031,2
59.0,28.0,True,0.5466077356070448,0.265534160278605,1.1019782844062382,0.2416573736095194,7.660646696824979,2
59.0,29.0,True,0.4171217645367531,0.2311338165083283,0.9540333150134136,0.4419059100217537,3.0400387628441004,3
59.0,30.0,True,0.4906249913958683,0.2840859281823557,1.0432169021645672,0.5536252221751862,5.213294220906086,2
59.0,31.0,True,0.3666454349273318,0.1836358630175426,0.7149775077027712,0.2440271682814587,1.7558336819747915,3
59.0,32.0,True,0.4421421939915773,0.2330931059435318,1.1197753750334989,0.978382160977362,3.904061004410558,2
59.0,33.0,True,0.2220559197287525,0.1219414609441687,0.4962868561456843,0.5833237584162544,-2.703292766826233,1
59.0,34.0,True,0.3691809510737537,0.1704893074349978,0.7260727462572044,0.1553233586328907,1.9004167741438471,3
59.0,35.0,True,0.4287478205866022,0.1689243004742421,0.7612627365672906,-0.107250132741278,3.7443245449002656,3
59.0,36.0,True,0.3172377214250639,0.1987127998665271,1.1005307503487618,1.7635898133104548,-0.2437985746514252,3
59.0,37.0,True,0.2894568867059828,0.2308371629179831,0.9907296944749138,0.925311981649094,-1.2724908076691066,3
59.0,38.0,True,0.2763739938560892,0.119656547069746,0.4825793029496801,-0.4949801968821214,-0.986739930721865,1
59.0,39.0,True,0.4104429663429678,0.1772679839412254,1.084146098478139,1.8269008627931411,2.8152775890369286,3
59.0,40.0,True,0.1961607452098184,0.1157279140914959,0.4564227777298902,0.375301933822408,-3.3132094350024097,1
59.0,41.0,True,0.2764234241869335,0.1267133525150988,0.5124630355409076,-0.3627594559126409,-0.9620842466346065,1
59.0,42.0,True,0.3455105715200069,0.1554840050345327,0.634559524933325,0.155412952829442,1.2006820483468723,3
59.0,43.0,True,0.3725147846133845,0.1985458247671101,0.7307083727555604,0.0567942804468388,1.8550088806316376,3
59.0,44.0,True,0.4003500361761829,0.164934302276793,0.7172942352345569,-0.3050103838191516,2.653337917155681,3
59.0,45.0,True,0.3088849980135042,0.1619686626702262,0.5912312254853577,0.0193609513561455,0.2146293948698445,3
59.0,46.0,True,0.2414685894947112,0.1985979256989561,0.6271049384600169,0.2705563534748341,-2.1324597057392163,3
59.0,47.0,True,0.2614585903511693,0.2598934075748245,1.0526676342688963,1.929742614391955,-1.4072621357495534,3
59.0,48.0,True,0.2752113169821569,0.1488755272025081,0.5006464840045562,-0.0789917652209621,-0.962067064813488,1
59.0,49.0,True,0.2946967644416073,0.1703937929898325,0.6081442485750275,0.3384135256517481,-0.3351031711332277,3
59.0,50.0,True,0.227859608491235,0.1615455474928177,0.5636637451792792,0.2830108724471717,-2.470992127355287,1
59.0,51.0,True,0.2383292847183869,0.1422085524782683,0.4822208883976763,-0.0726020623387209,-1.982480404745764,1
59.0,52.0,True,0.323297110444619,0.1571293066409238,0.596459175903966,-0.3740430131232949,0.6012145171026974,3
59.0,53.0,True,0.2410894845819071,0.1292722540580212,0.4922313236089964,0.0146377120284957,-2.185532519669725,1
59.0,54.0,True,0.1864423824094579,0.1227436247120025,0.4691960478090741,0.757062494291659,-4.012690608996429,1
59.0,55.0,True,0.2407355046105994,0.1904699503733697,0.7154141484334421,0.8665578776949976,-2.193353797130639,3
59.0,56.0,True,0.1596401162615856,0.1447001040052772,0.4995582277395762,0.6398204025945202,-4.476709502507155,1
59.0,57.0,True,0.298032217864725,0.1810774256007064,0.6095949100327334,0.0683317153237463,-0.4004981182182041,3
59.0,58.0,True,0.1958198409236838,0.1308571765650343,0.5060902376578011,0.5645614312638959,-3.570796923346293,1
59.0,59.0,True,0.2911594570971241,0.1469381594480913,0.5661330668082901,-0.2028953125707323,-0.811323102397737,3
59.0,60.0,True,0.2148051895817942,0.1963023815443943,0.639577511305579,0.6704432661247277,-3.0669939634934344,3
59.0,61.0,True,0.3139320652456613,0.2052374525108261,0.716971161694046,0.5425196021840047,0.164311182222683,3
59.0,62.0,True,0.3061414851521431,0.1210688161935429,0.5225283041376332,0.0015605717792866,-0.2461975554325562,1
59.0,63.0,True,0.2892142052423902,0.2421230930326108,0.796021302750922,0.7829001859185226,-0.4460988796265028,3
59.0,64.0,True,0.3708027143769584,0.1369628907030091,0.6749438611188692,0.7036773666519581,1.7632019747230736,3
59.0,65.0,True,0.2202207604149095,0.1364079063455574,0.4795860206102483,0.4608177054676964,-2.6992850892140905,1
59.0,66.0,True,0.4230002663360364,0.2939730686167842,1.1375950886340866,1.0198111661277849,3.329928773084722,2
59.0,67.0,True,0.3635398071179925,0.1567791942199033,0.803664810334999,1.0986440269115043,1.4987727762737248,3
59.0,68.0,True,0.4497206520390193,0.2360759801696905,0.9318739202567244,0.3246937009565242,4.36919894868421,2
59.0,69.0,True,0.6018403257990909,0.1872892058143268,1.0585983226660798,0.6933022476898872,8.916983169436547,2
59.0,70.0,True,0.3879730267023924,0.2209668890436734,0.9048490752781058,0.7300166502996516,2.719174341571943,3
59.0,71.0,True,0.503678035082198,0.3791564192061535,1.5,1.2441835328197774,5.307002479130691,2
59.0,72.0,True,0.3877535641087603,0.1694910243841022,0.742563549062216,0.1630398246504579,2.313656497244617,3
59.0,73.0,True,0.4027355659255944,0.1598730340002508,0.7290892740127728,0.169798664040324,2.597839718881551,3
59.0,74.0,True,0.2211573038098638,0.1448570184156892,0.5530343658016863,0.5679219402929275,-2.571588589566195,1
59.0,75.0,True,0.4207783930471752,0.1895449749937878,0.7820219784657395,-0.3037469202885704,3.3902015698624974,3
59.0,76.0,True,0.1845264345086776,0.1294848856256171,0.5002906839201131,0.7414244925635656,-3.775271357813015,1
59.0,77.0,True,0.2602568481296528,0.238413381774834,0.7810903759410285,0.5899180338478129,-1.2994914411509295,3
59.0,78.0,True,0.2965459940576181,0.1844077201748714,0.94687457038926,1.1526191551080287,-0.5929938898996324,3
59.0,79.0,True,0.1860751915261642,0.1566550217900272,0.6386604234370208,1.5522490833217393,-3.8644869964568023,1
59.0,80.0,True,0.2311792668512517,0.135704357000036,0.7338900839527288,1.2441822404333558,-2.5879755516790732,1
59.0,81.0,True,0.186046971321705,0.1470818130445141,0.6413618872733501,0.8876817048569765,-4.11520493859196,1
59.0,82.0,True,0.2594032136748429,0.1451880425336842,0.8243429710144375,1.4611671737527108,-1.9596975403222237,3
59.0,83.0,True,0.1900545914830328,0.1058692086360414,0.3738850214568441,-0.1010455211099802,-3.85464039462386,1
59.0,84.0,True,0.2191171755453196,0.2020425956647285,0.7806784804689001,1.5064263359444516,-2.633201821564018,3
59.0,85.0,True,0.3528279116330924,0.1899490303695843,0.7544665818363602,0.5907503637528356,1.295667283893421,3
59.0,86.0,True,0.2515668072676618,0.1381608763521559,0.5420686218372213,0.0533662682892597,-1.665199249157595,1
59.0,87.0,True,0.229191421161338,0.1926365625523761,0.5708988825555472,0.4643248030959646,-2.459350129084374,3
59.0,88.0,True,0.3782056476492422,0.1729219593189256,0.7653234265906956,0.0148439213758751,1.876585359031895,3
59.0,89.0,True,0.281886268708393,0.1650858478559738,0.7125234583960124,0.923165538189724,-0.7338995824848336,3
59.0,90.0,True,0.3378781808247575,0.1425736131576456,0.5540627250553659,-0.7307349508650998,1.045704879599375,3
59.0,91.0,True,0.447679110207211,0.2886648822102357,1.019533972573992,0.5285693244401405,4.210318235707663,2
59.0,92.0,True,0.6505137024777843,0.2382748889389104,1.430109502891495,0.9536228043668432,10.160686707630544,2
59.0,93.0,True,0.7009754229500909,0.2701463911313508,1.1820197565727903,-0.3464769952288178,12.369698307140212,2
59.0,94.0,True,0.7850565724722094,0.3341069036690814,1.386427106569749,0.1955786398281912,14.18920417944522,2
59.0,95.0,True,0.924308841145302,0.3044584025569853,1.3938334600629236,-1.0865451273536102,18.999342441896477,2
59.0,96.0,True,1.0278010026894608,0.2330435078906117,1.4302687398997875,0.1264405136858165,21.909677477067596,2
59.0,97.0,True,0.756679380020007,0.3127731105785392,1.415478363801071,0.57326608268939,14.16102707252501,2
59.0,98.0,True,0.9240765576591248,0.28734682989514,1.473609684610332,-0.5304264626776206,19.130811727805,2
59.0,99.0,True,0.5015076210257758,0.1938371722766481,0.8850094034866938,0.3072509660443359,5.64272037514208,2
59.0,100.0,False,,,,,,0
60.0,1.0,False,,,,,,0
60.0,2.0,False,,,,,,0
60.0,3.0,True,0.2472534802461852,0.1405090562871057,0.5591969752404239,0.0618202090474417,-2.239146675141227,1
60.0,4.0,True,0.1983419763580708,0.1897782711059182,0.6596466136748009,0.8692470202327555,-3.5988091661864106,3
60.0,5.0,True,0.2770619403357453,0.2144426760957064,0.8134575897718191,0.7185537833641229,-0.9672444009549522,3
60.0,6.0,True,0.4512146865105745,0.1915519336635726,0.937239799064876,0.8807296664200591,4.25857022622221,3
60.0,7.0,True,0.3831971700558003,0.1668288699334488,0.742356016284316,0.3368233099679081,2.1056479228516265,3
60.0,8.0,True,0.4292118337811736,0.1711145982203721,0.8741498334380994,1.0254730334733229,3.670753070389861,3
60.0,9.0,True,0.3034356680241612,0.2308381914693786,0.8310807973056535,0.4650696843583264,-0.0155907695254699,3
60.0,10.0,True,0.3776113964188611,0.2215952624873206,1.0568613145793304,1.90613874505325,2.093297040038696,3
60.0,11.0,True,0.3395397065834825,0.1932476289114442,0.8040505986326072,0.8569368380559709,1.0996986219969165,3
60.0,12.0,True,0.366559407160604,0.198870570056464,0.6945238877260849,-0.2307774025180652,1.8449575145391413,3
60.0,13.0,True,0.2345652719044325,0.1540016227329774,0.5406933765777632,0.3728489692365527,-2.394150622467862,1
60.0,14.0,True,0.2645061279570903,0.1108031693251054,0.5077514547336481,0.2881036428917248,-1.4867882476173857,1
60.0,15.0,True,0.2258023515296539,0.1873529891331357,0.6166841527055547,0.6154964679337901,-2.4319076963061113,3
60.0,16.0,True,0.2198802277380336,0.1535328291300614,0.5030041980248318,0.1813343526684546,-2.8971643949955963,1
60.0,17.0,True,0.3381324384344514,0.1697320483615878,0.849732875920681,0.3412830821488744,0.3933702926085322,3
60.0,18.0,True,0.2773653370984296,0.171684528082691,1.0152891510904898,2.6451723014168578,-1.4104828424885223,3
60.0,19.0,True,0.3228532638930292,0.2394263847257325,0.7014479248147465,0.0457346410349721,0.2995001007444512,3
60.0,20.0,True,0.2011900363006916,0.1080526899830995,0.4390844273017497,0.3596272337845344,-3.2063196628175197,1
60.0,21.0,True,0.1389047275496126,0.0814093968474893,0.3372040466238494,-0.1324004735430352,-5.408153174793903,1
60.0,22.0,True,0.2745623189923394,0.150454936363674,0.5014098007451558,0.173456097008303,-1.1084318197032672,1
60.0,23.0,True,0.2553844888480585,0.1358419202490858,0.5487817733784697,0.3491543926578132,-1.4241177665692613,1
60.0,24.0,True,0.3751165182227599,0.1417673660729095,0.6631637490523385,-0.2357769428777543,2.087983497086217,3
60.0,25.0,True,0.3473204580181194,0.136394354085676,0.6334803386556942,0.1669009943715864,1.3213369571176317,3
60.0,26.0,True,0.3597405389555288,0.2508692450522798,0.9181091556377868,0.5302357317613464,1.2608584298567789,3
60.0,27.0,True,0.5112005807583533,0.2182054120110857,0.964071684340776,-0.0632035840494422,6.594295319053474,2
60.0,28.0,True,0.4877519014664185,0.2024549790913963,0.8812491983101138,-0.2756919004430931,5.597123069870388,2
60.0,29.0,True,0.4651509144556906,0.1992067295088214,1.0144400924040375,0.451629957620854,4.661930795375529,2
60.0,30.0,True,0.4420127392189771,0.2363363200559724,0.930475045589766,0.5022683413424598,3.9388361894690265,2
60.0,31.0,True,0.5503618392930921,0.3176312676450755,1.1450425632969647,0.2143600194943442,7.452980949589971,2
60.0,32.0,True,0.4611319810841438,0.1765821663099384,0.8020004019890667,0.2904394461884533,4.555096969486289,3
60.0,33.0,True,0.3611831254885989,0.3077907450057131,1.4197647011107002,1.252638114300464,1.1297958363699188,2
60.0,34.0,True,0.3587951520927393,0.1121046806545516,0.5042803840359383,-0.990770801434572,1.4486548007316906,3
60.0,35.0,True,0.3027488342897491,0.2340777658174687,0.8751562182366945,0.3938451096516141,-0.5981422546732804,3
60.0,36.0,True,0.2998102680103742,0.1639392228781909,0.6513332037601787,0.6089070065829886,-0.1225723289715564,3
60.0,37.0,True,0.2494939810975661,0.2016687153164651,0.7188992522898049,0.9398740884047248,-1.7687119930429165,3
60.0,38.0,True,0.3472670446178982,0.2345010656948732,0.9983337490978016,0.8035299974917752,0.6148553658773593,3
60.0,39.0,True,0.3747253605417531,0.152805119162634,0.6202830742387714,-0.4802461490307766,1.9715823849335852,3
60.0,40.0,True,0.376450149025791,0.2583664312946065,0.9195977159090936,0.782447617314216,1.8611197005251925,3
60.0,41.0,True,0.2407507888824098,0.1812021100999583,0.7881979862452874,0.7728251085238101,-2.4675070599190607,3
60.0,42.0,True,0.3200093073385081,0.2861109912693781,1.0494622813610348,1.0502124734760736,0.4693659308451912,3
60.0,43.0,True,0.4367171558033473,0.2549211000720066,1.1026988347122906,0.8241950776194079,4.0687731954138835,2
60.0,44.0,True,0.3580723781821447,0.2129769154133646,0.8227964900190288,0.0354738569400019,1.7294038017860636,3
60.0,45.0,True,0.2892873049178326,0.2077854560234229,0.7846210947696115,0.7136811854438722,-0.5432221013915923,3
60.0,46.0,True,0.4483598979719001,0.2657550982245815,1.1597878750620356,0.9083394377447472,4.394857155138759,2
60.0,47.0,True,0.3524066051576195,0.1210844221664622,0.6012199914490676,0.1829723396753538,1.2388056391805309,3
60.0,48.0,True,0.2805633758376418,0.1592579037592071,0.6298729044980373,0.3187659863661976,-0.8840125225460057,3
60.0,49.0,True,0.2750795435239501,0.1976022253940252,0.8705569854940651,0.9247272212386948,-1.3460772590682917,3
60.0,50.0,True,0.218307913379176,0.1917018561864536,0.6491363149766392,0.7391168906567132,-2.7317031976870476,3
60.0,51.0,True,0.2380538752630562,0.1571287700497736,0.5773267343913668,0.4563610485792119,-2.270909974944466,1
60.0,52.0,True,0.2690403783343381,0.0666898741595148,0.4214993465575061,-0.2915858574680354,-1.3964998368938897,1
60.0,53.0,True,0.2884628699259439,0.1955190226341341,0.7814325830273066,0.9931642970076436,-0.5498738338530204,3
60.0,54.0,True,0.1698527440274053,0.1724380499305801,0.774382388377741,1.8624981373957177,-4.665039016990889,1
60.0,55.0,True,0.2581288729346048,0.146328303218414,0.4933790830982997,-0.2605580576546299,-1.3927525293255525,1
60.0,56.0,True,0.300509316079097,0.2174592888059147,1.28663949032892,2.636576491172974,-0.7142074507397072,3
60.0,57.0,True,0.2760528244490376,0.1483195658349727,0.7439617093296577,0.9553338619004568,-1.258163194677829,3
60.0,58.0,True,0.3341931753855611,0.1868229673411625,0.7553959243776556,0.2830496456731221,0.7405880933230908,3
60.0,59.0,True,0.4459346701023006,0.1879080889905734,0.8684583620559007,-0.0267501504154105,3.935693359575891,3
60.0,60.0,True,0.3117273001382623,0.1942727390393089,0.6815835412352224,0.3297733311151176,-0.0917671723911069,3
60.0,61.0,True,0.2967176873593491,0.1698306036849167,0.6189671068375922,0.2245768867508739,-0.5332198034880176,3
60.0,62.0,True,0.3668446120569054,0.1507488984150494,0.6772456344583762,-0.0203735677357627,1.5135423569209507,3
60.0,63.0,True,0.3349674760127131,0.1162755726936782,0.5404066089175867,0.1142116447320616,0.8775536597695278,3
60.0,64.0,True,0.2614296358578916,0.1147166212383654,0.5194247849994678,0.1646783307402073,-1.5474224185806886,1
60.0,65.0,True,0.2860279816846987,0.1829153955899672,0.6545685201335587,0.2271451610304877,-0.4262367724164747,3
60.0,66.0,True,0.5288116628173443,0.2309440196050164,1.3787925521865485,1.299071229892289,6.38885329232715,2
60.0,67.0,True,0.4338915725520783,0.2945823129819649,1.128284338602012,0.8280769587734736,4.0328025526698115,2
60.0,68.0,True,0.4344455957770231,0.3217326396403507,1.2116256774032603,1.1348712062459898,3.685898105655101,2
60.0,69.0,True,0.3582081589048486,0.1603052409831774,0.7137000240933684,0.2413594590561426,1.3704052070739092,3
60.0,70.0,True,0.3879841101058537,0.1114783475723739,0.6330547762490226,-0.0741610549626988,2.263706842195122,3
60.0,71.0,True,0.4277471199096557,0.1630302453860234,0.6495235310931061,-0.940543687584725,3.656323680376713,3
60.0,72.0,True,0.3807313387316961,0.252715362897815,0.9878507172835695,0.348468565348059,1.659734170292927,3
60.0,73.0,True,0.3681176511640845,0.1600864135942354,0.889022494651499,1.377696482503588,1.5715670667431276,3
60.0,74.0,True,0.1785775057944383,0.0812664408954468,0.3151715646924659,-0.1598355479862264,-3.9759851667896298,1
60.0,75.0,True,0.3007094541536231,0.1744760592253935,0.7811717619511044,0.4332551588609852,-0.5323258354399387,3
60.0,76.0,True,0.2374332080063617,0.1249772310313057,0.4523521125173584,-0.192237449443018,-2.343935185116935,1
60.0,77.0,True,0.2661597934470026,0.1576060030927666,0.612633295403042,0.5568948894705852,-1.7125795170143994,3
60.0,78.0,True,0.2257113136967922,0.1522021442989318,0.6222419716863279,0.8752161564300315,-2.515112013729344,1
60.0,79.0,True,0.1627642410795038,0.0945040389471256,0.3419217311824657,0.4403149971970485,-4.5976184370673465,1
60.0,80.0,True,0.1953672266032308,0.1762454744817339,0.6389996763714502,0.9128419905298978,-3.4733515936499946,1
60.0,81.0,True,0.1473979864188828,0.1053800317637247,0.3563851904670027,0.1264981760135045,-4.9807952416383845,1
60.0,82.0,True,0.3422804207562107,0.2043849959638489,0.7634866884070677,0.3551918055575991,1.1697014761490296,3
60.0,83.0,True,0.1657808920385268,0.0818269061918544,0.3883502522704036,0.6736292305737073,-4.328118658864012,1
60.0,84.0,True,0.1962225672637959,0.1238651042663059,0.4231673682256242,-0.0507180237667033,-3.3299951045418785,1
60.0,85.0,True,0.2743625294460344,0.1245509444678469,0.6038095043265332,0.9388691496798174,-1.031959918644425,1
60.0,86.0,True,0.2295509597351063,0.1424297706179329,0.5246856903766363,0.1581934384368833,-2.448807011889932,1
60.0,87.0,True,0.2841226257824829,0.1853087215129557,0.7345870633283795,0.5630719479134344,-0.6150607886254503,3
60.0,88.0,True,0.3474714317384684,0.2148510171740406,0.8041160006532097,0.3086791090327052,1.1451804149358529,3
60.0,89.0,True,0.2921610999788337,0.2043556422668585,0.6771814244700775,0.2135372967703163,-0.3558171486450736,3
60.0,90.0,True,0.4730381915843067,0.0986439092061204,0.6905196847095446,0.2805596293474661,5.14580291847395,3
60.0,91.0,True,0.4773587473612324,0.1966525177671307,1.205463072327674,1.605141943156204,4.846502285446054,2
60.0,92.0,True,0.6136991178100463,0.210812619642843,0.988190632547388,0.0038332693527932,9.599099505594872,2
60.0,93.0,True,0.8543033681641373,0.2878916719017912,1.5,0.5506050480097864,16.22182710417536,2
60.0,94.0,True,0.65383829957475,0.3366341740921973,1.5,0.558256907872442,10.210486320650965,2
60.0,95.0,True,0.6990006723991316,0.2367203369025161,1.5,2.36548585351232,11.576465848167429,2
60.0,96.0,True,0.8751578519438701,0.3139726165169991,1.5,0.0097825312372241,17.745157018101672,2
60.0,97.0,True,0.6826348856163771,0.3022193141399266,1.3883539847293642,0.6709631231045947,11.472290708849291,2
60.0,98.0,True,0.7385472392492207,0.1869970639963158,1.106482795333399,-0.1254338227344532,13.339210853505536,2
60.0,99.0,True,0.3504892716516631,0.1896089106993718,0.6801736970690828,0.1447089755126644,1.0848879680170225,3
60.0,100.0,False,,,,,,0
61.0,1.0,False,,,,,,0
61.0,2.0,False,,,,,,0
61.0,3.0,True,0.0945695369321658,0.0891090766647039,0.3354903780023946,0.9854769934591048,-6.566700785196214,1
61.0,4.0,True,0.2426896139081968,0.1178538595532869,0.478233586916985,0.4077570842982969,-2.1428400193822457,1
61.0,5.0,True,0.3986582840458114,0.1646096504241919,0.6722218150575108,-0.0254653110304689,2.9503515574533123,3
61.0,6.0,True,0.2642529782537092,0.1447930934067975,0.6002518486391782,0.7709838857922813,-1.4267319193063417,1
61.0,7.0,True,0.408266595779583,0.1747723249549193,0.7443162670898251,0.2230434467994177,2.635964251358158,3
61.0,8.0,True,0.3063457899470878,0.1613224406870065,0.6455131873667419,-0.0675059310266939,-0.1032936963754779,3
61.0,9.0,True,0.4615433736849755,0.1646799269833385,0.8045392277517955,0.0843865001946634,4.56907690743765,3
61.0,10.0,True,0.492044275261755,0.2313386167775882,0.870922136949388,-0.2399818445229702,5.725741999591561,2
61.0,11.0,True,0.328523207484616,0.1304264683221626,0.5780832762560466,0.3031713196352685,0.4605483316592521,3
61.0,12.0,True,0.2820338237332,0.1339809887618595,0.5718390316059326,0.1765515853679152,-1.0980618137652116,1
61.0,13.0,True,0.2317838962166671,0.1575158817296336,0.5591583944311204,0.6482024687129624,-2.1650336029767243,1
61.0,14.0,True,0.2927923315239976,0.1589225593424273,0.6570723620050929,0.2779820609766204,-0.3431623777891621,3
61.0,15.0,True,0.298071677752047,0.2403562253420338,0.913531369953417,0.8996064387246298,-0.2009685704237282,3
61.0,16.0,True,0.2074237089277002,0.187729446573629,0.6307199117217063,0.6822219903965885,-3.1409964579693814,3
61.0,17.0,True,0.3588842127836715,0.160549825338443,0.6011632375565651,-0.1972423881094314,1.688089517323624,3
61.0,18.0,True,0.2418046698701076,0.1526577178390008,0.603360915715876,0.2409221744592808,-2.15011120667961,1
61.0,19.0,True,0.2785478088335587,0.1743909266666546,0.7126434153972793,0.5787420105155461,-0.919490883246065,3
61.0,20.0,True,0.2931511688810497,0.1350827541931985,0.5940396383038535,0.1638748421786307,-0.3924258972357433,3
61.0,21.0,True,0.2251216172085049,0.1151822317562828,0.5780473618965712,0.8977169244275406,-2.9597834938056167,1
61.0,22.0,True,0.341727398074475,0.1020141929706712,0.5549495110823879,0.3116658275971647,0.9346889265159234,1
61.0,23.0,True,0.2961092936866474,0.1615701977884598,0.5431210633329252,-0.0235514424994467,-0.4010425117395622,3
61.0,24.0,True,0.3017485936610947,0.1536155734772127,0.6139510667577143,0.1265709507106558,-0.4044256967671331,3
61.0,25.0,True,0.3132399886702283,0.2354366286336257,1.074551637135455,0.8114310758710973,-0.248241224673062,3
61.0,26.0,True,0.429853552692799,0.1458810620943905,0.6792642472378803,0.0915334012097125,3.861776299791371,3
61.0,27.0,True,0.2649190682808551,0.2129088110029228,0.9258809773673422,1.439841097916685,-1.776565593848977,3
61.0,28.0,True,0.4415858271167857,0.3328139979289642,1.2899080433786114,0.5121171670465837,3.207276889263732,2
61.0,29.0,True,0.6814749772783442,0.2277085264272612,1.1429436217042497,0.3539313536259708,11.761886392518786,2
61.0,30.0,True,0.4513165532390297,0.138769177156164,0.69794299457306,-0.3249228377925148,4.425129045239065,3
61.0,31.0,True,0.5268945576971489,0.26272469793398,1.1684826885353303,0.7816595472407767,6.6923503040700645,2
61.0,32.0,True,0.370831278075172,0.1371097770242192,0.6332014304925062,-0.2603262216950345,2.128251851415718,3
61.0,33.0,True,0.4974230317939307,0.293726664231258,1.4027284422948572,1.0015613722014105,5.153675896379613,2
61.0,34.0,True,0.3948459461885307,0.1446171230175043,0.6169621457673673,-0.4201154346837935,2.508533627858401,3
61.0,35.0,True,0.2554988154821325,0.2075265046979944,0.6627000002364621,0.390811301128404,-1.393838852725364,3
61.0,36.0,True,0.3533607879180226,0.1863121951656554,0.8046606951198835,0.3005974699086287,1.401740214045729,3
61.0,37.0,True,0.3435474844803687,0.2769851118670619,0.864279081799689,0.2728413790205883,0.7351645294487263,3
61.0,38.0,True,0.3954888507185649,0.1795719792475684,0.9904755144353106,1.0158453083123622,2.2644604093161833,3
61.0,39.0,True,0.3514799560793372,0.2506334697867456,1.0292567371072852,0.9195414900603138,0.8808452001061581,3
61.0,40.0,True,0.3084915855559113,0.1629539522333392,0.7736120587463409,0.8338212061928827,-0.2718977408586077,3
61.0,41.0,True,0.4298509236004193,0.2377415473945523,1.1336134904770894,1.083451257100599,3.170782682937922,2
61.0,42.0,True,0.3735301558340141,0.1677428655509731,0.7711023970687717,0.2015745829697972,1.980798717717955,3
61.0,43.0,True,0.6072915265240884,0.1805818037706482,0.8528400245409399,-0.5349442569004449,9.068690940681114,2
61.0,44.0,True,0.5603812148480791,0.2170098183178419,1.0548917594340317,0.1738398557416398,7.534199040252306,2
61.0,45.0,True,0.4246733352797385,0.1566879274710056,0.7418849758905658,0.0430318008877876,3.262501891298931,3
61.0,46.0,True,0.3683705259167445,0.2168515270908571,0.7961550991489407,0.3164711107762687,1.5395871005467134,3
61.0,47.0,True,0.3732537441061047,0.1263431480557763,0.744289026063909,1.099753729313759,1.9050264848056515,3
61.0,48.0,True,0.2886029163485767,0.1620092865020579,0.6531072274597781,0.3536666200978987,-0.5951114968913356,3
61.0,49.0,True,0.2687520802665035,0.1687853948238689,0.5761730256435442,0.4236952571414005,-1.1762898465829568,3
61.0,50.0,True,0.1381939085456547,0.1575641607944548,0.5299895274961459,1.1770260273819215,-5.24289265920586,1
61.0,51.0,True,0.3184908417551765,0.123929818288959,0.6108111857108107,0.5593727912149157,0.194621198967121,3
61.0,52.0,True,0.3004804059665373,0.1455554909332484,0.5457325351878317,0.0197168667358951,-0.0072274305425654,3
61.0,53.0,True,0.269499678343844,0.1236955000560902,0.513643777067085,0.0429894560832212,-1.096687315152812,1
61.0,54.0,True,0.429059663829605,0.2370327807444698,1.03130406264519,0.1943501628792893,3.1166577364675856,2
61.0,55.0,True,0.1835007602266216,0.1316375160402913,0.525284310316862,1.0371239704064896,-3.8659099431687176,1
61.0,56.0,True,0.3286977111663077,0.1859444549148705,0.7574837849426992,0.422794975620275,0.7771240338369871,3
61.0,57.0,True,0.3409746122597377,0.2448999919246185,0.8061974281618193,0.4144378837422359,1.3028457652845449,3
61.0,58.0,True,0.3401320394995257,0.2184215112848399,0.7368934871611272,0.2295971016235433,0.8395012926135023,3
61.0,59.0,True,0.2497835475308963,0.1794505959870259,0.6688326131494436,0.7574644985590387,-1.9410756226891257,3
61.0,60.0,True,0.2703626605282709,0.1603199680045851,0.6014706660200374,0.2081913394524404,-1.1222954582038993,3
61.0,61.0,True,0.341443019466242,0.1663318518736962,0.9780200669957624,1.6652302515061266,0.4511069267463319,3
61.0,62.0,True,0.357260763310069,0.1723545573255103,0.7558261647363437,0.5957898705646106,1.4880818199253043,3
61.0,63.0,True,0.4083715271945181,0.2723069962620222,1.5,2.3497107736339613,2.3983521432373056,2
61.0,64.0,True,0.3984118350335654,0.2300924110021094,0.9465968324433356,0.38625477154908,2.782452823766332,3
61.0,65.0,True,0.4493665476962616,0.2406829577153472,0.8192106213297653,-0.2452812828550899,4.627410570480354,2
61.0,66.0,True,0.3713356663036762,0.2344152801695095,1.0273368894912815,1.2171866352242564,2.1664704254153886,3
61.0,67.0,True,0.4132552773724506,0.1884680026275354,0.8133614388203897,0.3987932931637746,3.121668500658798,3
61.0,68.0,True,0.5890127368926457,0.2313050560273782,1.0128674132889035,0.0932362090000098,8.585422060232677,2
61.0,69.0,True,0.5932688507968376,0.205415500002758,0.9280062556501252,-0.0679442408949302,8.62753183217208,2
61.0,70.0,True,0.5758655305350439,0.2033355406356942,1.185271371039656,1.4400329832018803,7.99401022328591,2
61.0,71.0,True,0.4655838122581991,0.1309976066181757,0.6661809525708481,-0.4363255990234878,4.79318456942843,3
61.0,72.0,True,0.3412390541503323,0.2408618824975633,0.8058830993226228,0.1229017788490641,1.1271028873018194,3
61.0,73.0,True,0.3584993482495827,0.198758807659944,0.6918729166237189,-0.3630775397112136,1.294169618080768,3
61.0,74.0,True,0.2187466589577831,0.1326193859465964,0.6329481972291071,0.4548909596806173,-2.9074519123019584,1
61.0,75.0,True,0.2145294778227781,0.1177936399327185,0.4633524692174766,0.3054141540744677,-2.814811493037126,1
61.0,76.0,True,0.2262232332064432,0.1573478574491214,0.6262347538806297,0.7243974485871737,-2.8176127136324314,1
61.0,77.0,True,0.0752348410444648,0.0947451029866361,0.3225186856526251,1.1937322628781166,-7.130694974586998,1
61.0,78.0,True,0.277955398226468,0.2398985747080786,0.8907056261711768,0.9510849719941352,-1.1908182001319585,3
61.0,79.0,True,0.2995957512073622,0.1467808976081419,0.5328106082842818,-0.1889833006577247,-0.5563163447200662,3
61.0,80.0,True,0.2441272739788759,0.1486141971416238,0.5044102618337228,0.0390763062696429,-2.056377807156156,1
61.0,81.0,True,0.2585150202109506,0.2037127791580736,0.8851164370983856,0.8113406772466614,-1.8029091897489324,3
61.0,82.0,True,0.2527882885931188,0.0878953350820291,0.4091804062673996,-0.1036476594151491,-1.8270999245050643,1
61.0,83.0,True,0.2525503398475398,0.1498936884962283,0.4727426017604147,-0.3463152882090201,-1.7918994620861912,1
61.0,84.0,True,0.3411039092783935,0.2163305529010604,0.9095095709933666,0.3054357150565353,0.7942327862000466,3
61.0,85.0,True,0.2139612326769481,0.1746692342792183,0.6083016983832663,0.9811368900523256,-2.734193101640919,1
61.0,86.0,True,0.1373494106029812,0.1064119116296967,0.5233465740650137,1.571596555222857,-5.50290036775326,1
61.0,87.0,True,0.28455295144368,0.1521900402568647,0.5540548635904524,0.1734806052055431,-0.7187563246550692,3
61.0,88.0,True,0.2070641136609967,0.1342148368039994,0.5169262346638374,0.4100798011981295,-3.122214925170727,1
61.0,89.0,True,0.1941465948038352,0.1267307971128731,0.4203803704133453,-0.0098294410699204,-3.5318684986105344,1
61.0,90.0,True,0.2994158776503609,0.1871389659320506,0.7626335156562454,0.8026849307832336,-0.3673787674623038,3
61.0,91.0,True,0.3296320602381364,0.1560418612808725,0.6766486916718447,0.2421510798460921,0.7916896515117277,3
61.0,92.0,True,0.528102297601638,0.3638368092835874,1.3522992920438164,0.5062439251579275,6.514393421134214,2
61.0,93.0,True,0.4908855761710024,0.2187380061423882,0.9538336155968248,0.4513992030126641,5.157807507096565,2
61.0,94.0,True,0.3738856435846668,0.2143012665018357,0.7806232510692172,0.0604974624185838,2.0015646097913056,3
61.0,95.0,True,0.569810283639196,0.2511681647076704,1.4985233027217693,1.537468826713792,7.580747349178909,2
61.0,96.0,True,0.5081496915150717,0.2558281880230545,1.0943132511071978,0.4365705490755222,6.123928624491594,2
61.0,97.0,True,0.705133977678048,0.2750033626020963,1.2044978816357996,-0.5078771589688159,12.12733822848964,2
61.0,98.0,True,0.7738722987123774,0.2186042313231815,1.3687562147580252,0.6202729998905995,13.697410174743975,2
61.0,99.0,True,0.2530533431884522,0.1338776766522728,0.4766067052022023,-0.277133649333122,-1.879234537835069,1
61.0,100.0,False,,,,,,0
62.0,1.0,False,,,,,,0
62.0,2.0,False,,,,,,0
62.0,3.0,True,0.0958160770356579,0.115149422593976,0.4242995591310046,1.3488645246135058,-6.988957348265913,1
62.0,4.0,True,0.2829029652511239,0.1625448241093481,0.5713542882655923,-0.1299867288411801,-0.7694611888622853,3
62.0,5.0,True,0.3045526781347555,0.1709109809670957,0.710567273601633,0.6305884675159869,-0.2047135568972672,3
62.0,6.0,True,0.2567218532888019,0.1830845165122712,0.5755224354653279,0.0513763328937266,-1.3661227441875603,3
62.0,7.0,True,0.4650285177122434,0.2953455206975441,1.1514180788808213,0.6669194716932586,4.600585692165687,2
62.0,8.0,True,0.2685150641006031,0.178904103929721,0.59912298343553,0.436311007886195,-1.1294800639467495,3
62.0,9.0,True,0.320980185242941,0.1770816606201062,0.9032517343552504,1.1251415655514123,0.0019757457511568,3
62.0,10.0,True,0.3702848617525545,0.1588304756240428,0.6593916302078925,0.4206070515496538,1.981873993275846,3
62.0,11.0,True,0.2310065233816742,0.1768599011536607,0.5476402701538178,0.361821450192463,-2.3127583388543114,1
62.0,12.0,True,0.2498287430091255,0.1981560214589257,0.6893897954100783,0.7699000971140983,-1.6939026848042993,3
62.0,13.0,True,0.1860139532580097,0.164258157017796,0.6908637065825165,1.131630805502882,-4.052014632487295,1
62.0,14.0,True,0.2921140695836397,0.250829052213456,0.9431615804437342,1.2611959168272342,-0.8159902602604092,3
62.0,15.0,True,0.216345813600532,0.1493739623751938,0.4988700481758518,0.3790994491622561,-2.9407603114477494,1
62.0,16.0,True,0.1495565280003496,0.1059523631100034,0.364205936814857,0.1218434467986029,-5.160277718178403,1
62.0,17.0,True,0.2320549277419994,0.1732891597727535,0.5171914057941824,0.3076392557713066,-2.5413943354790653,1
62.0,18.0,True,0.4185919885521196,0.3271944483144531,1.1806737297135856,0.8238413125843809,3.2600178840162815,2
62.0,19.0,True,0.2210354248597043,0.0873174219110753,0.3877972702444457,-0.2062266863885143,-2.809171107694999,1
62.0,20.0,True,0.19931820874641,0.1660706133964838,0.6445160873286021,1.2447002557721865,-3.5974311493973197,1
62.0,21.0,True,0.2062489701543609,0.1610022692313654,0.6315733306020167,0.3025343180474043,-3.391084660253488,1
62.0,22.0,True,0.3447476838922667,0.2932549794885808,1.5,1.771330409577023,0.2231484155505392,2
62.0,23.0,True,0.1562170505508265,0.1355584156170315,0.5451037305090956,1.4475282123487887,-4.904741900043037,1
62.0,24.0,True,0.2861962836814342,0.1715711700647667,0.5750549691367708,-0.0149841439943685,-0.4683168149520046,3
62.0,25.0,True,0.3069032921980502,0.1445482560825423,0.7382112652275906,0.8800939716753148,-0.3126729080764432,3
62.0,26.0,True,0.3592973011342121,0.2717067910203397,0.8724128489578341,0.0482952409765306,1.8239693813443991,3
62.0,27.0,True,0.3563834359955792,0.2387126992081152,0.8131402732117547,0.4431506216505522,1.668974621774708,3
62.0,28.0,True,0.4716109883139143,0.1704705289092824,0.7318806021205129,-0.340283351188505,5.0123041291564885,3
62.0,29.0,True,0.399865452413654,0.1832487799713643,0.7992448592991493,0.1245276873949389,2.581430786808197,3
62.0,30.0,True,0.5144913686632927,0.1965570120864939,0.7840791873727241,-0.715089317408536,6.008607091076171,2
62.0,31.0,True,0.4074594016698601,0.2224948980926834,0.7618737660968746,-0.1681913481381242,3.0457091857981116,3
62.0,32.0,True,0.4112410408741325,0.249804526664497,1.3484558584843716,1.3625303249785423,2.5529880111055054,2
62.0,33.0,True,0.5008166045472764,0.1579406123791246,0.8165425076618463,0.2446423203321821,5.621727902081657,3
62.0,34.0,True,0.3964971038205417,0.2519110473335334,1.055492273837971,1.057624197565801,2.829703712023443,2
62.0,35.0,True,0.2875110939155658,0.1498103508993754,0.4959515374752325,-0.3876310202745067,-0.6972264381501254,1
62.0,36.0,True,0.3535795540882245,0.2411847233410302,0.9611024811937042,0.5865680246228979,0.9535035410587344,3
62.0,37.0,True,0.5069163680402018,0.2706643446836569,1.0071363480982531,0.2738136657208225,5.925834287340313,2
62.0,38.0,True,0.5484451431033267,0.2290404385286995,0.9343604028422005,-0.6221847425301799,7.414996680077952,2
62.0,39.0,True,0.6103851293433804,0.2760028423672582,1.5,1.5497052822189936,8.730622799560168,2
62.0,40.0,True,0.52131891356542,0.3151780349394262,1.192548164834341,0.5453800622446171,6.4666710936218115,2
62.0,41.0,True,0.4303699383143908,0.2355212189172226,0.8042091929529708,-0.0326801493294162,3.608737297553056,3
62.0,42.0,True,0.4603950303802639,0.2064663402352749,0.9659819708005662,0.2331306954574122,4.3894932768215735,2
62.0,43.0,True,0.6384403049596261,0.2142691451867861,1.0392132124691769,0.2697511221013774,9.949152553812798,2
62.0,44.0,True,0.4450989837347909,0.2352328148582938,0.9569826121713368,0.5794496506677447,3.6591406802326834,2
62.0,45.0,True,0.638640402381759,0.2815237890767062,1.3037153084185982,0.5837632137777479,10.370538531057916,2
62.0,46.0,True,0.3396876862748795,0.1986561048446438,0.6984177335521655,-0.0066741253547119,1.0365191077089906,3
62.0,47.0,True,0.3595364106760702,0.1595178523122149,0.6568806716290677,0.5268352880625954,1.428037916306019,3
62.0,48.0,True,0.3345204738245324,0.206870497726149,0.8006075061589573,0.3985347469472256,0.6767394794544758,3
62.0,49.0,True,0.2899968841916661,0.1598332908730138,0.6515090241493128,0.4128587202427741,-0.7469440214038947,3
62.0,50.0,True,0.2418500974240199,0.1039191175399357,0.4297519241359293,-0.2172069086460018,-1.9751100729352815,1
62.0,51.0,True,0.3559794744822491,0.1451647240499702,0.8094387721272803,0.4751003922639235,1.225407788476389,3
62.0,52.0,True,0.2618358674702456,0.1311377257385283,0.5002573819046141,-0.2650674153687585,-1.6892612362234865,1
62.0,53.0,True,0.2738024522568735,0.1615676861828134,0.657424737625722,0.6930668188156779,-1.1649896396678865,3
62.0,54.0,True,0.2327776550767016,0.1196024182491641,0.5106097974712875,0.2297897158973346,-2.565576823046455,1
62.0,55.0,True,0.2837125035454382,0.1396375835856897,0.5300417056575807,-0.087753294569675,-0.6661440351278781,1
62.0,56.0,True,0.2592727126635101,0.0940273217888435,0.4223599907781569,-0.5171323174913557,-1.499056730170492,1
62.0,57.0,True,0.2279122577625016,0.1174120944922767,0.3575500090483513,-0.8395969876834904,-2.51844372755645,1
62.0,58.0,True,0.3506068382804658,0.2694828556240223,0.9360149436337776,0.7570413151310591,0.7511014990212179,3
62.0,59.0,True,0.3404000768601904,0.1123690533134014,0.5895697410133895,0.3163511736376664,0.9016306128642284,3
62.0,60.0,True,0.3110470139664213,0.1619075383786627,0.615532586465113,-0.0400989727492874,0.0930848272038671,3
62.0,61.0,True,0.387065311500942,0.2169136019781735,0.998042444529234,0.7217367446200091,2.1062765436354405,3
62.0,62.0,True,0.4011619331171993,0.2435594058775327,0.8618286875324236,-0.0932554268371946,2.679307433494179,3
62.0,63.0,True,0.568588037430071,0.3332157051706182,1.1610589606198551,0.1531775856219482,8.291494093543312,2
62.0,64.0,True,0.6241547712979293,0.1815998072074569,0.974245619825994,0.0147071745774918,9.207737116240397,2
62.0,65.0,True,0.5129262518362474,0.1714777468918781,0.8850781789821823,0.1518371934345766,6.050275510867975,2
62.0,66.0,True,0.3877433603087373,0.1560118288847963,0.7140063038222869,-0.2990033192142247,2.2867396152596986,3
62.0,67.0,True,0.3883138428307407,0.2271863745489269,1.0491857036082652,0.5887760938885909,2.159031347190258,3
62.0,68.0,True,0.5048595434865115,0.1686158599782442,0.8177186105756504,-0.4496313756350875,6.131596023073495,3
62.0,69.0,True,0.4155128100699446,0.2026234779612646,0.781493646472892,0.3242307765767772,3.0701003651252505,3
62.0,70.0,True,0.3697979917534945,0.1079594808454426,0.615149087912917,0.5316487755933386,1.7623627521039904,3
62.0,71.0,True,0.3902073499083322,0.1504606123950216,0.8497655948370691,0.7906445963639668,2.1133402273859385,3
62.0,72.0,True,0.3864621755179169,0.1848928583658114,0.7010176204754589,-0.3187872511215499,2.339422334811842,3
62.0,73.0,True,0.2664721691620819,0.1913103842088413,0.6662347914512715,0.6345838766474728,-1.4746579279212484,3
62.0,74.0,True,0.2123322772478294,0.2220320345386197,0.8345235658194469,1.383704402786292,-2.7823735147250703,3
62.0,75.0,True,0.1965991532465766,0.0864332825317623,0.451020919272233,0.4687968700611297,-3.7498802392606327,1
62.0,76.0,True,0.2487125306358581,0.1170951325001087,0.5544451912289486,0.8781867079787293,-2.026529174724785,1
62.0,77.0,True,0.328102166090995,0.1852645429023524,0.8399099760797798,0.6840977423910065,0.3819117831171587,3
62.0,78.0,True,0.2058458192561583,0.129524438119338,0.5117803979562956,0.901868340160168,-3.29201732476109,1
62.0,79.0,True,0.2807566243334322,0.140538512036622,0.5095071977325616,0.1203336942683443,-0.9105648081175186,1
62.0,80.0,True,0.2783426596118574,0.1843098483690119,0.7025798654519427,0.335924482939309,-1.1033588017922418,3
62.0,81.0,True,0.2322384233674382,0.118543223595159,0.5248086901811023,0.4768279163789791,-2.6889218792055525,1
62.0,82.0,True,0.1679774911040864,0.1743836541738259,0.6157981326306745,1.2406884757398662,-4.495378114488094,1
62.0,83.0,True,0.3037691442895703,0.1540181315030327,0.6561341695515579,0.1273484972462334,0.0558528845329109,3
62.0,84.0,True,0.2729654304900261,0.1952576540465395,0.852684281362794,0.9676096978134276,-1.3977466243556451,3
62.0,85.0,True,0.2030682806974787,0.1562660992878893,0.6964584426987406,1.4218847939169474,-3.628815225031264,1
62.0,86.0,True,0.2096418908599575,0.1329456358896157,0.5459726017413662,0.6204442287084169,-3.0920464369987894,1
62.0,87.0,True,0.2554621620931573,0.1298809232534133,0.556313851253802,1.0203372048927275,-1.665978602083195,1
62.0,88.0,True,0.2355983393976551,0.1116860399209854,0.5050143230708568,0.3415437931310146,-2.323650958802017,1
62.0,89.0,True,0.2928980967181894,0.2021691943041364,0.7277641645534277,0.7001180720842402,-0.6988773029512936,3
62.0,90.0,True,0.4203776825642016,0.1742447502487406,0.8182018134280213,0.5746989202487273,3.272449744469556,3
62.0,91.0,True,0.2473241977485155,0.1476622071732681,0.5749551107164946,0.7411009974351304,-1.82554132147336,1
62.0,92.0,True,0.3976252865741529,0.1506229893560905,0.8269008841660385,0.0585515772947401,2.5468363433758467,3
62.0,93.0,True,0.3008525079394885,0.1190198611970771,0.4852453331453394,-0.249477720045003,-0.1731132277623419,1
62.0,94.0,True,0.3141967182614939,0.1237161696004794,0.5482106830593916,-0.0038610209025466,0.1561806321293504,1
62.0,95.0,True,0.4606872317482076,0.2134550504392869,0.9838332008614884,0.6881693363520449,4.501370045847101,2
62.0,96.0,True,0.6375358532684209,0.2670456919090844,1.2007545522309666,0.2781124699651248,10.418187058208096,2
62.0,97.0,True,0.5449426603840788,0.2870959064345505,1.261994324773628,0.0262302824019702,6.945801915041046,2
62.0,98.0,True,0.6255705053231143,0.1964927259845673,0.9778143088097851,0.031828666929755,9.894580519038891,2
62.0,99.0,True,0.0185902053988104,0.0229274277053121,0.1025817057699352,2.0542193185248068,-9.03413134248119,1
62.0,100.0,False,,,,,,0
63.0,1.0,False,,,,,,0
63.0,2.0,False,,,,,,0
63.0,3.0,True,0.0440139753837016,0.0551067747621641,0.1455160092260205,0.7829272949379407,-8.231207096126317,1
63.0,4.0,True,0.2860029368984397,0.139986271393658,0.5811248438758626,0.4588933566090066,-0.8686110608714759,1
63.0,5.0,True,0.2043394978897092,0.1014840025014797,0.4025316156383284,0.0320397384085653,-3.367683372003407,1
63.0,6.0,True,0.357509497926935,0.231901917644112,0.8876378130898263,0.7706412786985888,1.5680334037807493,3
63.0,7.0,True,0.2802349218372065,0.221506484747101,0.794300223275367,0.7987165555814556,-0.8587959547037517,3
63.0,8.0,True,0.3831192315737668,0.1849796543009089,0.7525432168134317,0.3276782343356413,2.2832435224662655,3
63.0,9.0,True,0.3495310445554728,0.2225838773658331,1.137685388264202,0.9050488889809636,0.93968359979814,3
63.0,10.0,True,0.5973665532775154,0.2756482650096336,1.1449122061341006,0.5451678866816111,9.002572476298845,2
63.0,11.0,True,0.3772361736667629,0.2497058983986662,0.7411075809772011,-0.0591614657841633,2.4172675658586056,3
63.0,12.0,True,0.2771629049797867,0.2024009448394487,0.6428199950162219,-0.0603588968027819,-0.8920915682910061,3
63.0,13.0,True,0.2930035686096252,0.1658642837416636,0.7517005506280647,0.3701454535329979,-0.9070014387907842,3
63.0,14.0,True,0.1808968875085298,0.1404773211863786,0.4278438715300889,0.1816472563069265,-4.113827119652502,1
63.0,15.0,True,0.1278144248538479,0.0778926817660017,0.2566028240466618,0.0762576038117266,-5.5486578893882115,1
63.0,16.0,True,0.2650796026275183,0.0873351813371086,0.456432928278476,-0.0021914340143116,-1.4547321961452553,1
63.0,17.0,True,0.2161574267957222,0.1186619589840237,0.4628998550662312,0.0063811084603657,-3.016316925331485,1
63.0,18.0,True,0.3598925308147653,0.2626846572440672,1.283859333445074,1.1253329160302747,0.9836513198317928,2
63.0,19.0,True,0.3804518595312815,0.2179070185482139,1.0575893170316564,0.8583948592745134,1.508505408983596,3
63.0,20.0,True,0.1992958240157149,0.1478684716395336,0.4862525258016402,0.3765428683585786,-3.4955744813982568,1
63.0,21.0,True,0.3049283537755397,0.1211748624289093,0.5335345502805678,0.2537022091011559,-0.1709181679239971,1
63.0,22.0,True,0.2819354660727567,0.1943096173396612,0.652859468033235,-0.1272506673485355,-0.8136995758618497,3
63.0,23.0,True,0.367446127269191,0.1781925312047438,0.921377942550508,0.6239051575355691,1.4760163970191866,3
63.0,24.0,True,0.2292291503918364,0.125605153718996,0.4525455602909279,-0.2618049452829586,-2.6400307750291274,1
63.0,25.0,True,0.2883452646851406,0.2086924023968187,0.8182257369620761,0.6999541426756176,-0.9555416546503986,3
63.0,26.0,True,0.4025776836935136,0.2316354845204967,0.9234644434332764,0.4382901977190874,3.1245704049719674,3
63.0,27.0,True,0.4486143458791047,0.2651335678503254,0.9602639025605172,0.3360414211588132,3.9854894520910777,2
63.0,28.0,True,0.3790341216687632,0.1834980583231652,0.7881556150176161,0.1925599253653034,2.2011017291586947,3
63.0,29.0,True,0.4327979424426642,0.2127708716782356,0.822207953997947,-0.1637818063041707,3.8904633741349297,3
63.0,30.0,True,0.5094775669315733,0.3335170588577867,1.4911138032240792,0.9903217397131912,5.8059277318363005,2
63.0,31.0,True,0.3682425739535648,0.2363508205251304,0.7832845880118614,0.1386374218362626,2.171025283918196,3
63.0,32.0,True,0.4801704570021074,0.1412662023340299,0.686498460238718,-0.5456931983915291,5.447515367122017,3
63.0,33.0,True,0.4783765525874547,0.2119211915956038,0.8445920698741433,-0.1857521267721522,5.6132927883185335,2
63.0,34.0,True,0.3534186441239517,0.2565563980476536,0.8450694121678798,0.258872371445076,1.297329519640994,3
63.0,35.0,True,0.2697669536581264,0.1403257085642835,0.5706930857321819,0.186025029581931,-1.2323221033906289,1
63.0,36.0,True,0.4269795659712183,0.237461128243739,0.8298164423813071,0.1143671847046626,3.3673651528476483,3
63.0,37.0,True,0.6504179320974035,0.3944821394242556,1.4207486981149025,0.3088758207258349,9.627741892542325,2
63.0,38.0,True,0.5469357010544432,0.2937816675916612,1.0801470158342712,0.3864671540288022,7.569734700404886,2
63.0,39.0,True,0.4990506286307126,0.1800027530820353,0.823337538685693,-0.2038004377710803,6.130044566065734,3
63.0,40.0,True,0.6634775547433662,0.2280408525779458,1.265317079633205,0.203300589910066,10.978805433114262,2
63.0,41.0,True,0.6769410109973223,0.3087512022387679,1.1724551659888498,-0.1861580533927238,11.67804806708658,2
63.0,42.0,True,0.6603398466272253,0.379260299890082,1.5,0.54870436227495,10.685357753090742,2
63.0,43.0,True,0.6644116081387946,0.1981175201786649,1.0251416593272682,0.129790746086054,11.068365524435263,2
63.0,44.0,True,0.6675824442268936,0.3620826380963458,1.5,0.8510460999574786,10.56935979659141,2
63.0,45.0,True,0.4738870425630748,0.2973132607719361,1.0833807706764174,0.7557392253467524,4.977566768530944,2
63.0,46.0,True,0.4221610994361461,0.187186902653147,0.7770891236477245,0.2016062799164854,3.558124357674782,3
63.0,47.0,True,0.4095652198487828,0.2076910151007413,0.8782963767894548,-0.0431447841366072,3.0166589602459455,3
63.0,48.0,True,0.4138527476459864,0.2578759425739214,1.0772658190471365,0.4535800948096454,2.4905549985488595,2
63.0,49.0,True,0.3061748016124347,0.2826208664533165,1.3767091333239134,1.8427231392605576,-0.5444421081861222,2
63.0,50.0,True,0.395747337234534,0.1211677243524923,0.6991319314676313,0.3634534348341828,2.659633260025773,3
63.0,51.0,True,0.257532939387476,0.1307437072210741,0.5163127048427568,0.0485760510014036,-1.7165211283500728,1
63.0,52.0,True,0.1880520999434537,0.113630309306899,0.4889134858345954,0.7341834542514636,-3.8842849240903226,1
63.0,53.0,True,0.2171838484216604,0.1397104030799902,0.5015388901902957,0.3096908424164472,-2.8360771452320304,1
63.0,54.0,True,0.3331836472721412,0.2027335749487318,0.8069582067803128,0.3265373456300919,0.6771060842526351,3
63.0,55.0,True,0.1884417432092971,0.1393246452402857,0.5359892896754069,0.8372105494557514,-4.0636598317015,1
63.0,56.0,True,0.3575056691671734,0.2235827857469296,1.0637470662314716,0.6533878495204015,1.1535279836583423,3
63.0,57.0,True,0.3535591770500773,0.1733054627985574,0.6415193847294156,-0.349545598747457,1.369994465985629,3
63.0,58.0,True,0.3193207603310273,0.1875139152323203,0.6729705850241737,0.2489502676108974,0.4468123546091097,3
63.0,59.0,True,0.3376957814134765,0.2199742711596669,0.822373306647275,0.3416967855248658,0.7640304849726444,3
63.0,60.0,True,0.451804839235147,0.1607942023088904,0.7654687906443757,0.2821222547378642,4.377120385079095,3
63.0,61.0,True,0.5431396917393218,0.2549227836265151,1.0173845165774256,-0.089947829342186,7.418540690292588,2
63.0,62.0,True,0.4618743168746616,0.1518788262726622,0.7903037409399518,-0.376710045163289,5.023876176380273,3
63.0,63.0,True,0.4971883356385505,0.2015643674405373,0.9016940604031234,0.0607281250650081,5.827572439753407,2
63.0,64.0,True,0.4362808083491831,0.1800719580284921,0.91325451461187,0.795101349095533,3.6263368962276985,3
63.0,65.0,True,0.4131579637157931,0.1720979166817844,0.8754338315949298,0.0435712340855901,2.9009407674785272,3
63.0,66.0,True,0.4035442938450567,0.2833100347351491,1.3094178096801838,1.012140684946889,2.5195237445141765,2
63.0,67.0,True,0.3568848749779444,0.2054836497219998,0.8786150806505679,0.8878536840008517,1.3031265207287606,3
63.0,68.0,True,0.5886907374238897,0.2359890215607639,1.1353968416070812,0.3250721575712588,8.899208505307273,2
63.0,69.0,True,0.498484870589699,0.1627768656499792,0.827655674070227,0.0595102233429659,5.94550658355632,3
63.0,70.0,True,0.5164102247380878,0.2274934855340807,0.9053442619360764,-0.0424477148778623,6.143537695422037,2
63.0,71.0,True,0.4796470428944191,0.2326623251312885,0.9511800367853464,0.2191029620894277,5.694381042425362,2
63.0,72.0,True,0.3942823098786645,0.1981777969967829,0.7675559136193627,0.1535618966148972,2.6768024536705664,3
63.0,73.0,True,0.3426846295251426,0.1830286276693318,0.7741539892920876,0.3928135089973249,1.1277659191920977,3
63.0,74.0,True,0.3059105164839594,0.1391295745628014,0.6493072182336008,0.4900754973261642,-0.5107207578219168,3
63.0,75.0,True,0.2901518351196341,0.1126497616301544,0.4968214784054346,-0.5968868910124757,-0.7287212898918931,1
63.0,76.0,True,0.2525538193900308,0.1612654539180064,0.554399029528891,-0.0220431878625332,-1.823854563947876,1
63.0,77.0,True,0.1332633275260745,0.114909546523505,0.387492417861714,0.6900808371503363,-5.534122194244935,1
63.0,78.0,True,0.2013385205291221,0.126760566664915,0.6293999433250127,0.9928973346590996,-3.4733847109117946,1
63.0,79.0,True,0.2474972994284847,0.1706699268594669,0.6164856873814932,0.4274144194499129,-2.0942290197780684,3
63.0,80.0,True,0.1627786570126724,0.0888586380249734,0.4625198807625205,1.0586786291154444,-4.784018537753695,1
63.0,81.0,True,0.2378766811444615,0.1466255924993362,0.6012766893450416,0.2891786782066288,-2.324815319437416,1
63.0,82.0,True,0.2424883037699716,0.1248998751092648,0.4769342935371774,0.0082903223345075,-1.9456098045793813,1
63.0,83.0,True,0.281311374375563,0.1504191853440714,0.5262336785400259,-0.1761927064464129,-0.9703180449978286,1
63.0,84.0,True,0.2451266680698388,0.1255808884358387,0.5509357394457716,0.7492276671290373,-2.0889923008915376,1
63.0,85.0,True,0.2630136247959547,0.1335696357935149,0.6303878053321944,0.8591841011022501,-1.2247873998466068,1
63.0,86.0,True,0.2148973885554996,0.1330853274208611,0.4941451096330977,-0.080878927967196,-3.178127301834123,1
63.0,87.0,True,0.2053989936657988,0.1175388610967062,0.4800631766895942,0.6587310919614754,-3.141750759227177,1
63.0,88.0,True,0.2891143238705976,0.1424028686989255,0.7298349378493557,0.4336923438289928,-0.7463761849300062,3
63.0,89.0,True,0.2326160207764342,0.1448797806938101,0.4915135092449715,0.0757240132513224,-2.3611905415730927,1
63.0,90.0,True,0.2716397567515531,0.1038221457545134,0.4917534921397133,0.4049261017144197,-1.3103370692608,1
63.0,91.0,True,0.310020152178534,0.1926210839529001,0.757957811664965,0.4764972068649712,-0.015940264298341,3
63.0,92.0,True,0.2469773107809361,0.1227566332583943,0.4737724155290786,-0.0357649245427239,-1.8524334956018496,1
63.0,93.0,True,0.3018640469122652,0.136037862005394,0.6353882631623158,0.3815673316972632,-0.120251380133162,3
63.0,94.0,True,0.2342017146125537,0.1579000703163751,0.6836905521892856,0.8028397399896042,-2.5617893024043283,1
63.0,95.0,True,0.3787973146081878,0.1905156308209974,0.6660547646969465,-0.2309225700700391,2.436765597770643,3
63.0,96.0,True,0.4401920526830751,0.2149921848399643,0.83316635884205,0.139535564029225,4.200447226950994,3
63.0,97.0,True,0.4668376220190873,0.1930625681532753,0.7969198349221392,0.1417186713010153,4.789971264834681,3
63.0,98.0,True,0.423387484062296,0.2263278744759654,0.8116152121982932,-0.0930365812424165,3.3204931684857675,3
63.0,99.0,False,,,,,,0
63.0,100.0,False,,,,,,0
64.0,1.0,False,,,,,,0
64.0,2.0,False,,,,,,0
64.0,3.0,False,,,,,,0
64.0,4.0,True,0.2381618754237977,0.1868289447840249,0.6055569164020759,0.3971785697975449,-2.379523407373026,3
64.0,5.0,True,0.2757629632621636,0.1477349056214381,0.5544303373446225,0.0599313884003661,-1.1289670736984292,1
64.0,6.0,True,0.3886181457447857,0.1736803293626821,0.9040381729647112,1.417578872519136,2.3437423583699126,3
64.0,7.0,True,0.4552952840392463,0.2807977193916927,1.0475217689126988,0.6521409294880822,4.42888264519964,2
64.0,8.0,True,0.2867390870970056,0.125963244218903,0.5507528496287625,-0.0279334227386985,-0.7927667613168021,1
64.0,9.0,True,0.3622894054473159,0.1967168339494396,0.7653123758527912,0.0493282897614022,1.8295387520295536,3
64.0,10.0,True,0.43057649775995,0.2019390368403655,0.98579080680063,0.5116469789963147,3.4033936712082253,3
64.0,11.0,True,0.3049161603915961,0.1736879886945024,0.6559717392960643,0.2329787932558483,-0.0241394547743685,3
64.0,12.0,True,0.2725839243474255,0.162613005283,0.5917289783817308,0.0240589426648439,-1.283046741245517,3
64.0,13.0,True,0.2169782214072104,0.119649495082853,0.4416480235798005,0.3478734299652267,-2.827639476968713,1
64.0,14.0,True,0.2480248293891422,0.1214323306802309,0.5131064442641575,0.2124438931925442,-1.8732731867948815,1
64.0,15.0,True,0.2951993733175037,0.2759499971003389,0.9777739963377926,0.9686914525567906,-0.3933569481814701,3
64.0,16.0,True,0.1566660593296067,0.1717254773465437,0.5841545725647591,1.195908100985567,-4.549841002080663,1
64.0,17.0,True,0.2320832774580148,0.0941549533719427,0.3857499976099171,-0.3747349313141839,-2.424309778893873,1
64.0,18.0,True,0.2115086634591914,0.193185941787921,0.6171852741529431,0.4206804832079271,-2.82705899485212,3
64.0,19.0,True,0.2303012408767527,0.1335301897632238,0.4719310227727717,-0.0339892303964496,-2.2840153469727587,1
64.0,20.0,True,0.3719739715870196,0.1934240276130243,0.8555271014935164,0.5534282389970006,1.8660153837112303,3
64.0,21.0,True,0.438670605481912,0.1734269835086102,0.808926513336975,0.5811731466879898,3.8159030478428,3
64.0,22.0,True,0.3150725883616334,0.1800003574844619,0.6605124017954738,-0.1000479043698532,0.1869977409696611,3
64.0,23.0,True,0.3561765721968616,0.1544335224274572,0.8908756287704712,0.9602825613532224,1.0398998865317088,3
64.0,24.0,True,0.3095111306702695,0.1632725316964346,0.6762407488554152,0.558394002900183,-0.1999074131577969,3
64.0,25.0,True,0.3979740428389922,0.2157854889321847,0.7610077305059509,-0.0625378419489296,2.7968233368378934,3
64.0,26.0,True,0.3109936073256975,0.1823681305634001,0.6771640388171416,0.1969493719214072,0.1283671472556221,3
64.0,27.0,True,0.2798848973274125,0.1466918991303006,0.5464896212144246,0.0864165417011435,-0.7818296932965063,1
64.0,28.0,True,0.3571592573040516,0.1927080392283544,0.9643849677799776,0.9805898454204156,1.024196151964082,3
64.0,29.0,True,0.4212363823681103,0.2050546077510666,0.7418912109550262,-0.4417154853965778,3.679488345690201,3
64.0,30.0,True,0.3147027580617367,0.1787958300618266,0.6720723654576609,0.4406834851794893,0.17075494110666,3
64.0,31.0,True,0.3444936242923943,0.1654671395816134,0.6635349131335022,-0.2193730818022611,0.8320935374918621,3
64.0,32.0,True,0.5476316425143297,0.1121596132223455,0.7963446135444535,0.0200029997397038,7.016831324104883,3
64.0,33.0,True,0.5497728070931952,0.2850818134537353,1.0279577053489226,-0.0984485918374896,7.834203187934513,2
64.0,34.0,True,0.4861384132304761,0.1651840837819496,0.7759152811737958,-0.2907144451456315,5.2306124533943965,3
64.0,35.0,True,0.4865866569635922,0.1832936168116601,0.8475241560981895,0.333122737776919,5.3930353816217975,3
64.0,36.0,True,0.5708706605252315,0.1681909803397785,0.8770519406128342,0.164370370334637,8.241643189390981,2
64.0,37.0,True,0.5349614179606441,0.2231742739116287,0.9638110963934806,0.1341880802712185,6.4733443973301625,2
64.0,38.0,True,0.6341851973959699,0.2728789010927675,1.5,1.1628016984362133,9.323361884387127,2
64.0,39.0,True,0.7893342454998639,0.2276858601238698,1.223166710062796,-0.4695196863835512,15.235891634859176,2
64.0,40.0,True,0.6542905334299592,0.2226218665338769,1.0713695260731813,0.4414174174847322,10.55975842315592,2
64.0,41.0,True,0.8604605791825056,0.3794215692438393,1.5,0.3308558450009968,17.30316280520636,2
64.0,42.0,True,0.6946031428708688,0.2362538664588735,1.0684372754279332,-0.5426263954192265,12.204095282587486,2
64.0,43.0,True,0.5258761190191241,0.1553250393093034,0.7512307080149877,-0.8843502821725325,6.712659651917397,3
64.0,44.0,True,0.6655430271892832,0.223933400310357,1.3135728299585978,0.0276927795175556,10.499463780624753,2
64.0,45.0,True,0.5257636743621771,0.2394032171092961,1.1723313795455086,0.5583772524449072,6.198168663405292,2
64.0,46.0,True,0.3478290439963523,0.2463927496066898,0.9153080226997984,0.6281181646488626,1.3409922935347816,3
64.0,47.0,True,0.3981076113538054,0.2506720894544243,1.0805636205734714,1.4173370019520533,2.9396743977125386,2
64.0,48.0,True,0.2656178549125599,0.1333487505295031,0.6748994624424807,0.6667361817940229,-1.6534928326418592,1
64.0,49.0,True,0.2599138445955243,0.2116623227265132,0.6850512896544098,0.7687215516937737,-1.4196315885405884,3
64.0,50.0,True,0.5116198500616513,0.2144011835953884,1.0433441047675374,-0.5311642065905624,5.731507260422188,2
64.0,51.0,True,0.3113345622455342,0.1697345225580767,0.5841634405518938,-0.0110639659985614,0.1610376640675434,3
64.0,52.0,True,0.2313739218743044,0.1634745927863585,0.5735094183052452,0.2959326476219731,-2.554160448494601,1
64.0,53.0,True,0.2514923964936282,0.190393034889266,0.757410931440262,1.12215947654239,-1.7809221266125757,3
64.0,54.0,True,0.421712066725969,0.1892620007974779,0.7910247102395226,-0.1038244251174911,3.54941148700344,3
64.0,55.0,True,0.4365636073335023,0.2137419499643276,0.8929300915959837,0.5115570618228906,3.98202471857908,3
64.0,56.0,True,0.3873097449492895,0.2175052379201747,0.7606639925606657,0.0105932194732465,2.380383347288016,3
64.0,57.0,True,0.3474847082385288,0.1504655543194274,0.6285335046600923,0.011231211854921,1.212003922346564,3
64.0,58.0,True,0.4541231792527638,0.1932589839904298,0.8908033953364124,0.1068832852316851,4.927116988269727,3
64.0,59.0,True,0.4212834612502129,0.1948427679666141,0.8481902257482732,0.1195229205419473,3.479765537175677,3
64.0,60.0,True,0.4968689440871023,0.2476817925620291,0.9029219085702508,-0.2592513329731222,5.855685630692556,2
64.0,61.0,True,0.4080795488946629,0.2138407220969086,0.8055785320530332,0.4122941126467117,2.71730982061305,3
64.0,62.0,True,0.5406275015356579,0.1905991841895761,1.157723269692263,1.0919097731993976,6.647461625956372,2
64.0,63.0,True,0.2802931846365918,0.1709540270132555,0.660786230336077,0.5636264678129255,-0.6561067762761832,3
64.0,64.0,True,0.4237684432037067,0.1823656285415687,0.7268744094997679,-0.2341880936095824,3.654054276382252,3
64.0,65.0,True,0.3470248205524371,0.1342816499844408,0.6182803339341287,-0.009339692650984,0.8984947096720254,3
64.0,66.0,True,0.5000986615848932,0.2078502283341158,0.9656831661402492,0.0008640161638418,6.091562944927186,2
64.0,67.0,True,0.4135768201035422,0.1868633128418038,0.8119738285554207,-0.1497570439881119,2.847802904843756,3
64.0,68.0,True,0.3884961707358975,0.1877947876755384,0.6931242191484217,0.1328220119352113,2.4613208539861695,3
64.0,69.0,True,0.4259489185237092,0.2585341282424597,1.343646224510182,1.220044837446742,3.156410958294424,2
64.0,70.0,True,0.2129767229728362,0.0916631845659575,0.3846118319585752,-0.2773210987141351,-2.978272552701939,1
64.0,71.0,True,0.2205340939961883,0.1037283156322943,0.4788474625460764,0.4223616402704392,-2.9079719619304205,1
64.0,72.0,True,0.3288448512210419,0.1465044406387423,0.6617022902218487,0.2765734215202965,0.3950474849176739,3
64.0,73.0,True,0.2078982457548761,0.1209187399270955,0.3937270570515882,-0.4402610282069764,-3.091033455862888,1
64.0,74.0,True,0.2227642679120444,0.222108814810044,0.7472403547525315,0.9517569709018476,-2.504926495204163,3
64.0,75.0,True,0.2382189950671674,0.1482978424141086,0.6582136151336125,0.9963057861211264,-2.3747873344662738,1
64.0,76.0,True,0.344738556908526,0.2135256410827222,0.8403294082790839,0.7478986607278045,1.2683491290084572,3
64.0,77.0,True,0.2536255401153576,0.1612677829301277,0.6060669870655976,0.422361557096102,-1.5903138082088757,3
64.0,78.0,True,0.1895693625625506,0.126984473541968,0.4655249705192936,0.5030536920106209,-3.857133053966763,1
64.0,79.0,True,0.2173257177057461,0.1015300920108126,0.3926253258975793,-0.3427974433634252,-2.7171605740653906,1
64.0,80.0,True,0.1908774390793313,0.1234181928170645,0.5142182003537773,0.771515581400446,-3.545992851869816,1
64.0,81.0,True,0.2543447494123619,0.1856898046112383,0.7361000530639495,0.7890402227147476,-1.5460579067634097,3
64.0,82.0,True,0.2612100245845641,0.150453113202227,0.5019279446829242,-0.0447286084420113,-1.7893415631134089,1
64.0,83.0,True,0.1807122074243506,0.1151113322584566,0.367480153808704,-0.0778728701935475,-3.850014405754548,1
64.0,84.0,True,0.2075968244268693,0.0951630089609287,0.3994348405453109,0.2621853646735376,-3.2025375665797045,1
64.0,85.0,True,0.2361948844976857,0.1184804880079778,0.5074770840287707,0.3178036135793854,-2.5017278773403513,1
64.0,86.0,True,0.2232903208053412,0.143021699568869,0.4966110510212904,0.1826027902864414,-2.5186371911385947,1
64.0,87.0,True,0.2415163382840181,0.1881510130261333,0.748312251552565,1.264592724493335,-1.9907300446566476,3
64.0,88.0,True,0.247295493964921,0.1126644932653576,0.4586834293804043,0.0139498666001479,-1.9997345732310323,1
64.0,89.0,True,0.2816487855340346,0.1399527503089177,0.5976448446039887,0.065951597376318,-0.9673994407315216,1
64.0,90.0,True,0.2441120228910037,0.2282035499953776,0.7697976688342486,0.9687899492671158,-1.9935769524840192,3
64.0,91.0,True,0.2502055038727042,0.1335086487479619,0.6872759122136064,0.9255747879685924,-2.089357338284555,1
64.0,92.0,True,0.2903355445283047,0.161192489829258,0.6301700211946695,0.342814143303231,-0.3401510541909637,3
64.0,93.0,True,0.3516093307613061,0.2063906988168449,0.8236574153070373,0.4818002241514793,1.2078893583922825,3
64.0,94.0,True,0.3985886776713723,0.1405952933915065,0.6771223133159945,0.2369350993826141,2.8094486071914377,3
64.0,95.0,True,0.3222409535957725,0.1858160387746957,0.7008552944720416,0.1817389554367703,0.5683972848835167,3
64.0,96.0,True,0.465178798490777,0.2128526952964386,0.8132172516923765,-0.493710082626259,4.421952712342625,3
64.0,97.0,True,0.5801935436814755,0.2559734636321515,1.043748176076564,-0.1381761875342697,8.06403135961375,2
64.0,98.0,True,0.2323044200317213,0.1568012753544761,0.5735211608717358,0.5013959060246133,-2.336861750148241,1
64.0,99.0,False,,,,,,0
64.0,100.0,False,,,,,,0
65.0,1.0,False,,,,,,0
65.0,2.0,False,,,,,,0
65.0,3.0,False,,,,,,0
65.0,4.0,True,0.2514177693422071,0.1555125859635011,0.6369607217496528,0.5220994866679053,-1.7135376593985316,3
65.0,5.0,True,0.3374837142965697,0.2101356730104417,0.739201217780336,-0.1835789073325625,0.6394317502917769,3
65.0,6.0,True,0.4415329320310595,0.1722474746749966,0.7840252055569186,0.0214030055379952,4.269719171109569,3
65.0,7.0,True,0.4646053057532368,0.2944770365207776,1.005937642090263,0.3985267020459281,5.060886584604654,2
65.0,8.0,True,0.248035725736178,0.1348960351497171,0.4458114987399466,-0.4294427732623243,-1.7131154864806926,1
65.0,9.0,True,0.3393863557470967,0.1091691156778538,0.5577526308108413,-0.1229570555302438,1.095964287073233,3
65.0,10.0,True,0.270364987785719,0.2034387910423783,0.7685386068270832,0.9487518417545464,-1.2162383579310834,3
65.0,11.0,True,0.2468022054342954,0.1807468174526855,0.655347240545709,0.2361135337975017,-1.8599753585411027,3
65.0,12.0,True,0.2302318471984158,0.1787854134994081,0.576761076557552,0.6055014197759453,-2.534948045131471,1
65.0,13.0,True,0.3176290990870936,0.1679251212121744,0.6297362105305406,0.0263228446141091,0.3285338964182391,3
65.0,14.0,True,0.2655484577468084,0.1979182269344851,0.7184945746007013,0.7333654555244882,-1.3734960738101385,3
65.0,15.0,True,0.2755013666214136,0.1960692850832823,0.7142664441141713,0.8411405753625271,-1.2099880244377046,3
65.0,16.0,True,0.1244092030592787,0.0810588665537354,0.2785263556115258,0.2823337055272544,-5.694222593224656,1
65.0,17.0,True,0.1671224717454945,0.163433596326143,0.5538126663543871,0.6988915103854964,-4.309370966059017,1
65.0,18.0,True,0.2066298118033928,0.0826004178574593,0.4037444757928042,0.4920467512433162,-3.1373944848281807,1
65.0,19.0,True,0.1100665216051301,0.0997565505585861,0.3395336047291289,0.569427660107139,-6.083142535085722,1
65.0,20.0,True,0.2751202589750127,0.1687084689443197,0.6387861838660658,0.3230006754338447,-1.1840701697099525,3
65.0,21.0,True,0.1671409013516616,0.1620657044799853,0.5767199250667483,1.256823078799082,-4.397783292377747,1
65.0,22.0,True,0.2426094189284326,0.1903169083490477,0.6902738810954917,0.6424367328590164,-2.1958622100709704,3
65.0,23.0,True,0.2441481825712808,0.2024343409120956,0.6639693777459095,0.3658137826765283,-2.1281844777684515,3
65.0,24.0,True,0.2651326187918927,0.1391210248162346,0.5636135818708566,0.209000157179529,-1.5098349356703344,1
65.0,25.0,True,0.3170093789172702,0.2006723064261633,0.7899291360819206,0.7383111054952848,0.4688643655840649,3
65.0,26.0,True,0.401577749954579,0.2610161914355028,0.8025387917332385,-0.3313871750268714,2.762791925539529,3
65.0,27.0,True,0.2431688891873714,0.2027694269959178,0.6336798769593669,0.4908273982796651,-2.070057541650782,3
65.0,28.0,True,0.3319316631452843,0.2167104459990624,0.7229214741111658,0.249639805012645,0.8766278070989292,3
65.0,29.0,True,0.436246701733826,0.1360323860886379,0.8546709863311576,1.523220518022186,3.9819668642555097,3
65.0,30.0,True,0.440215228318594,0.0946726273306304,0.6703619037557192,0.3725346602152124,3.9891160443387377,3
65.0,31.0,True,0.5147030121934419,0.1606503914482169,0.906651142218998,0.5766784595127122,6.281008570635592,2
65.0,32.0,True,0.3529636470777995,0.1753908327771681,0.6228399688258726,-0.2558689511597828,1.186718608304785,3
65.0,33.0,True,0.5670004221079114,0.1802831724868183,0.8628858195801724,-0.3417969610228502,7.82469668230819,2
65.0,34.0,True,0.7243063819210966,0.2340235728481647,1.3154374007998866,0.2447355957780626,12.540997217132148,2
65.0,35.0,True,0.4963153162197176,0.3460566045951104,1.496291952730019,1.1638245195320889,5.0124501952061795,2
65.0,36.0,True,0.6464521993331493,0.2547691473796241,1.2304396150778485,0.4156671594580568,10.496180384801784,2
65.0,37.0,True,0.7799389150325753,0.3029431603310511,1.2173693210928085,-0.1906495580868924,14.325820457276144,2
65.0,38.0,True,0.8136298055460663,0.3931327163834843,1.5,0.3812211367554704,15.6035058275535,2
65.0,39.0,True,0.7772819709551622,0.3593626481944247,1.5,0.4162987375559301,14.33942188761548,2
65.0,40.0,True,0.7929736987634611,0.2895390779599217,1.2349596729260666,-0.6565426847960532,15.165424043564984,2
65.0,41.0,True,0.7669081859720899,0.2116120621213711,1.2482402005076068,0.4247640820405038,13.753332069493013,2
65.0,42.0,True,0.5677841876318974,0.1861061779924092,0.8907043317389565,0.1925515459601947,8.255865150811168,2
65.0,43.0,True,0.7032840086393402,0.3382886417567817,1.431651164100689,0.3887072193412493,12.379549392091496,2
65.0,44.0,True,0.7243012058663493,0.2830490473299238,1.215303173018382,-0.447780099530092,12.55150267742973,2
65.0,45.0,True,0.449308752595129,0.2045794690564548,0.7681976970765675,0.0133200195651191,4.254288736238484,3
65.0,46.0,True,0.4607091132800733,0.3132329309549705,1.2409731175569478,1.3229324528510478,4.329392008116405,2
65.0,47.0,True,0.3797740681971526,0.168526087790124,0.7214830991028525,0.0001030988666984,2.1009329865561215,3
65.0,48.0,True,0.2976028550316341,0.144467968952144,0.6020542081492412,0.4143252783253381,-0.437975707045156,3
65.0,49.0,True,0.5094030125276423,0.367159487868491,1.2169407303180877,0.6782883783043414,5.490171151694625,2
65.0,50.0,True,0.2718676542690943,0.1803658955775408,0.645880084681981,0.4575063594170685,-1.2086603464664372,3
65.0,51.0,True,0.1705189796579061,0.1358190270423986,0.4934149658915281,0.7131656599375369,-4.3001811717930005,1
65.0,52.0,True,0.3379783975366136,0.2567116782936282,1.4244400867817528,1.9677957378866715,0.3596377505139057,2
65.0,53.0,True,0.3897646170239545,0.1216281838645762,0.6723509591224942,0.2106694544512662,2.519075059842325,3
65.0,54.0,True,0.4542223780493852,0.2072151115643407,0.7477115615449983,-0.3671298627644197,4.749759226932075,3
65.0,55.0,True,0.3111630092452776,0.167138979696768,0.5984364050559939,-0.3181374555978017,-0.1534405756277894,3
65.0,56.0,True,0.348521617480133,0.1471705759647598,0.6924132649742674,-0.0436746270619187,1.066211515155449,3
65.0,57.0,True,0.5948713501326374,0.1588808507175088,0.8307751528658976,-0.7175523922364109,8.66051406162618,2
65.0,58.0,True,0.4325580393493487,0.1571552064907077,0.8790987652886315,0.465719476338415,3.4743342298726625,3
65.0,59.0,True,0.5465094140824468,0.2993726722191617,1.387183865627601,1.3606518062216286,7.219974227201032,2
65.0,60.0,True,0.295221442571711,0.1976533701504883,0.6056950616768846,-0.0441408681198558,-0.8567872206756153,3
65.0,61.0,True,0.5031265169134622,0.2072772132091215,0.9011940515223968,-0.0090622027990642,5.842370950365143,2
65.0,62.0,True,0.4364315907267774,0.2220795785060624,1.1363719667050438,0.8814198611422622,3.2357846499499416,2
65.0,63.0,True,0.5492881992690987,0.2347993972994622,1.1441746065405296,-0.1308446637494087,7.344289256002571,2
65.0,64.0,True,0.3602734134622959,0.2203988375037864,0.93026580637084,0.4221425098774936,1.350422122769554,3
65.0,65.0,True,0.469310627698417,0.1534385754050056,0.8092512627057109,-0.1406549938286441,4.647314962850238,3
65.0,66.0,True,0.3869618012789761,0.2380738932904211,0.8655985707146223,-0.0203154753614328,2.169900521981728,3
65.0,67.0,True,0.2610281896547595,0.214430152341816,0.8250253998788184,1.4273572250762083,-1.2357130253006532,3
65.0,68.0,True,0.2698910175388487,0.2118740454407197,0.72910902376885,0.5004951474497986,-1.0151214217419695,3
65.0,69.0,True,0.3999395207824244,0.1442873734534173,0.6891179743056224,0.2646407307402592,2.8309325593151526,3
65.0,70.0,True,0.2252875715307403,0.1364459779412173,0.5406665950858587,0.2810920913012796,-2.4856978211374146,1
65.0,71.0,True,0.2005718666383756,0.1231235806042047,0.4921192832371923,0.7062599168690713,-3.3830948157054146,1
65.0,72.0,True,0.4436259741818196,0.277395945749106,1.0323846571934,0.6329861835402804,4.424682648930622,2
65.0,73.0,True,0.2579402191861644,0.153836765641941,0.6072795586375349,0.3995127762353268,-1.4653055566271067,3
65.0,74.0,True,0.2312460390073471,0.1576730538042357,0.5341299183841339,0.2511526278118501,-2.246271966161254,1
65.0,75.0,True,0.1341575344303561,0.095110266126807,0.3304232153026855,0.2961683893895946,-5.300728157350047,1
65.0,76.0,True,0.1493988070611172,0.12679889774656,0.4267073572985639,0.5628508980994682,-4.9216961761846525,1
65.0,77.0,True,0.3004676510794935,0.1644682008984137,0.654334778565209,0.5311898763557164,-0.0835731094392269,3
65.0,78.0,True,0.2395492120241688,0.1445050441884638,0.4932832877296959,0.1067951362538397,-2.187551161265065,1
65.0,79.0,True,0.1903330675240775,0.09882542554469,0.3448812404395127,-0.093446807080875,-3.7603341566778807,1
65.0,80.0,True,0.2615110042273057,0.14857138961446,0.5158940738810767,-0.4664260724004103,-1.6872238975020617,1
65.0,81.0,True,0.2487216064733513,0.1483282310424085,0.7904522128072311,1.1197909941549866,-2.103458607841367,3
65.0,82.0,True,0.1708358663031061,0.1383389897700672,0.4517356019641741,0.4546706788288049,-4.292435451989812,1
65.0,83.0,True,0.3060306596292431,0.152531600673783,0.6486007406589365,-0.0294873205474466,0.0597530248111512,3
65.0,84.0,True,0.3867301955738364,0.2648476866524642,1.5,2.071870751817342,1.6997432960241527,2
65.0,85.0,True,0.2237146863997177,0.1313050819717831,0.5079310159729312,0.2646092233253461,-2.628768896718534,1
65.0,86.0,True,0.3539174028333026,0.2255232347099368,0.7984679108130651,0.0894314732319162,1.5624480992342953,3
65.0,87.0,True,0.2928507066325191,0.1627820642727294,0.6890701064481434,0.6895510823440645,-0.4417250871347654,3
65.0,88.0,True,0.2766022705594925,0.195914635442799,0.8843154314531125,1.080655758002878,-1.4779150715706373,3
65.0,89.0,True,0.3059320955499876,0.1917077983999052,0.6738403933529088,0.2388923370818989,-0.121184080056382,3
65.0,90.0,True,0.2479411456781854,0.1608070354048486,0.5550057893744231,0.3161113273846177,-2.0030410850475,1
65.0,91.0,True,0.3150880171457001,0.1967165462447052,0.6745363811570236,-0.0147007148690486,0.0127582381245899,3
65.0,92.0,True,0.2644078053780013,0.1985596886052403,0.6898416708349686,0.3352693106986361,-1.0818187406836854,3
65.0,93.0,True,0.3258464583931373,0.2444677626728874,0.8451312460897347,0.6540076157293893,0.3860296012748542,3
65.0,94.0,True,0.426552755280322,0.3053140541007577,1.1120988657816209,0.4291111469689292,3.774467738916094,2
65.0,95.0,True,0.4844398972873028,0.2435954119681542,1.363456475332841,1.6454134173946189,5.000709679484989,2
65.0,96.0,True,0.4017949035593364,0.2668920745780579,1.1342053312395586,0.7719401646654726,2.6763422486393256,2
65.0,97.0,True,0.5616688126104366,0.273257337289511,1.0694290615237243,-0.0196270493224829,7.9213672508701265,2
65.0,98.0,True,0.173688059942152,0.1521116871709348,0.7227717463383206,1.2982631087412535,-4.400209677793462,1
65.0,99.0,False,,,,,,0
65.0,100.0,False,,,,,,0
66.0,1.0,False,,,,,,0
66.0,2.0,False,,,,,,0
66.0,3.0,False,,,,,,0
66.0,4.0,True,0.1515586336735963,0.1626905616741379,0.6086578497748965,1.3977769326827705,-4.852336862209686,1
66.0,5.0,True,0.3344066846641487,0.2255327065314817,0.9351549618111236,1.0886560674882957,1.0673865099990147,3
66.0,6.0,True,0.4182276505949888,0.1447891495797499,0.7015275759857886,0.1037281875478501,3.412080194306764,3
66.0,7.0,True,0.358681374509527,0.2603317238129248,0.9591072518100828,0.6530902337662085,1.6941012115837335,3
66.0,8.0,True,0.4362584915781418,0.2673425737412088,0.9078980437689628,-0.0416683788869769,4.124294741946456,2
66.0,9.0,True,0.3897591957070169,0.2185968286976271,0.7680457810159629,0.0407137979181758,2.5095195549486644,3
66.0,10.0,True,0.266066926081719,0.1051784755548954,0.4806051583064626,0.3168863496932795,-1.632225736192252,1
66.0,11.0,True,0.3653338309270159,0.2068647990547843,0.9551541874471468,0.6323669498381005,1.4022988020399632,3
66.0,12.0,True,0.2617064658167305,0.1738064128555943,0.7146009987617847,1.0851164077309037,-1.5473265879048437,3
66.0,13.0,True,0.2962129469253155,0.2327800703909783,0.778886555392974,0.8986492433134063,-0.68871152499653,3
66.0,14.0,True,0.2588210085760141,0.1574932162369625,0.6587969439347298,0.9478106928341192,-1.7228473675315432,3
66.0,15.0,True,0.2607452338803485,0.1460850695883283,0.6001694719251184,0.3225424600233484,-1.588756684909383,1
66.0,16.0,True,0.2755020735531779,0.1526860398653571,0.5980188593201267,0.1596719466103241,-1.0707617934107203,3
66.0,17.0,True,0.2599771406091906,0.122685699001414,0.4585322942531464,-0.132022616803744,-1.614753038518666,1
66.0,18.0,True,0.2268958360977578,0.229780840207934,0.9082412284095496,1.4849931992439906,-3.0431299242936007,3
66.0,19.0,True,0.31723598613403,0.1526498602060199,0.6901751144930179,0.1227835700848211,0.0724586025661034,3
66.0,20.0,True,0.2197970393996998,0.1490579992484944,0.5391753995549977,0.3148362196526058,-2.788879388258353,1
66.0,21.0,True,0.165621003101595,0.2487354398489481,0.882743857509383,1.807457917775032,-4.734172059273982,3
66.0,22.0,True,0.1916565204653023,0.1079598348186686,0.4044688898312983,0.2438366578583671,-3.6548477399881,1
66.0,23.0,True,0.221873331029599,0.2249846212104501,0.8035843553739146,1.2441467506988462,-2.8070196111454377,3
66.0,24.0,True,0.2864482448420987,0.1212949609868728,0.4918945426860888,-0.7825348684475889,-0.6236870169348414,1
66.0,25.0,True,0.270935849771816,0.1718695135108018,0.6248760788850144,0.3204676888130267,-1.3507530536081171,3
66.0,26.0,True,0.3166943721466818,0.2863793650309646,1.2043043888640554,1.1772241104977967,-0.3842002014088925,3
66.0,27.0,True,0.1858858688500189,0.0929139327370087,0.3904562346029004,0.1305730166999691,-3.670907203396096,1
66.0,28.0,True,0.3856777431188365,0.1644011037551601,0.6577733845775798,-0.0733769470127013,2.3146429745501895,3
66.0,29.0,True,0.2428237970559703,0.1762949269553562,0.6064393122007116,0.3308207692302634,-1.9292421437380585,3
66.0,30.0,True,0.4170486324019635,0.1917396980278032,1.233089905554447,2.1014238812821353,2.8922030673413635,2
66.0,31.0,True,0.4066700054467619,0.2284101106298482,0.7721440754422744,0.2745330831708396,2.9232239666442803,3
66.0,32.0,True,0.4184618777993107,0.1940460206308091,0.8558515321935977,0.0568799918695265,3.139163035168457,3
66.0,33.0,True,0.3193090378483543,0.186966986280361,0.822357659355436,1.4862062889034595,0.3064994758202735,3
66.0,34.0,True,0.5564028164660473,0.2261974319892557,0.9602010215559588,-0.0380331230693338,7.732062236220534,2
66.0,35.0,True,0.5504045507044445,0.1699010730545439,0.9229534043690356,0.0540710723171615,7.679062102984765,2
66.0,36.0,True,0.7026457499498584,0.2712098169278243,1.2280762348500056,-0.0390128431836843,11.678496847147215,2
66.0,37.0,True,0.744466256444869,0.2723842010551751,1.156494030415171,-0.6370485010207168,13.633810115599326,2
66.0,38.0,True,0.6464946597915565,0.285935873562631,1.3323101978405296,0.3919280836657809,10.154641924280009,2
66.0,39.0,True,0.7643009509544578,0.2478150145210881,1.1574206238893432,-0.5069634174509412,14.452028245837294,2
66.0,40.0,True,0.729947027556093,0.290390054776304,1.4259406685782552,0.2127168342576934,12.80389030870692,2
66.0,41.0,True,0.8744914767794848,0.2234544743624447,1.2929497004491832,-0.0760035879142078,17.324572809324636,2
66.0,42.0,True,0.7085463032353139,0.3365653608334434,1.4642637819771305,0.1835591498647774,11.639689100849408,2
66.0,43.0,True,0.6513720143698876,0.3367624581089834,1.5,0.7260627030563734,10.234569345137157,2
66.0,44.0,True,0.6212913044122061,0.2179513920888491,1.0398460360208828,-0.0851273203902318,9.604465927615257,2
66.0,45.0,True,0.7397378802194766,0.3722853881906717,1.5,0.2958892371398289,12.882526318111376,2
66.0,46.0,True,0.5541592229001016,0.240802686917161,1.3118611850990372,0.7772654010850804,6.891744237060273,2
66.0,47.0,True,0.4279723857393587,0.2294296982108406,0.9055301959137096,0.6669229468762552,3.7882808040443914,3
66.0,48.0,True,0.3037002081165618,0.1792894153278905,0.7539526255101295,0.762525924359189,0.075016994402515,3
66.0,49.0,True,0.3437174161801141,0.1275991600454907,0.6229956057289144,0.2953042266037046,0.9770970947543648,3
66.0,50.0,True,0.281784939956307,0.2265360473899961,0.8006107026851343,0.646890348190766,-1.043765335525144,3
66.0,51.0,True,0.3107130139841937,0.1800115455275338,0.7122350919768533,0.8390696597130891,-0.2571625454838864,3
66.0,52.0,True,0.2881492023897702,0.2005155610724454,0.9126167670615816,0.9630012098559666,-1.0096187780382833,3
66.0,53.0,True,0.4273882736356813,0.3248523046341543,1.5,1.5960100959099233,3.087597563549595,2
66.0,54.0,True,0.5460175279039546,0.3418213185025077,1.1750745420002169,0.3480184523088249,7.3683789260212995,2
66.0,55.0,True,0.3522526594386294,0.136569138871484,0.5399251687269518,-0.3478980432478243,1.2945832424642043,3
66.0,56.0,True,0.4651534033487562,0.1992430102385201,0.880467198438474,-0.0002402279085006,4.962672940123843,3
66.0,57.0,True,0.4859797654323332,0.168592514133503,0.9164592725917202,0.1152244399297753,5.442801107176968,3
66.0,58.0,True,0.5177873535400934,0.1477777210978203,0.991952913160842,1.2698709955675596,6.109087213788603,2
66.0,59.0,True,0.2671284678428476,0.1885004384440554,0.6220431117585156,0.4531983921259784,-1.4055320469942634,3
66.0,60.0,True,0.2491507847981922,0.2464297564268145,0.8640418835773527,1.2255567924915602,-1.7743489930644405,3
66.0,61.0,True,0.3863809504388399,0.1703819016674494,0.6821743276898944,0.0636910170501503,2.2701825238490834,3
66.0,62.0,True,0.4004319515460564,0.1094676110137067,0.5431518871589727,-1.0640081833363786,3.055264365004575,3
66.0,63.0,True,0.3793938147500013,0.1486006782005515,0.6600644826744825,-0.1529651284693945,2.282487910494691,3
66.0,64.0,True,0.3427450477857818,0.1860893201094577,0.8321970147804684,0.2473767021034626,0.9280026672810522,3
66.0,65.0,True,0.4438133638282133,0.1667255633794623,0.8508360448052991,0.9661152678395188,4.018307200240554,3
66.0,66.0,True,0.1541041546367639,0.14904616650965,0.4792052795292468,0.7244727778398363,-4.693966328409866,1
66.0,67.0,True,0.4132954197735206,0.185317134015791,0.8121592587830672,0.3869464046471855,3.1284363008033216,3
66.0,68.0,True,0.3175005770155835,0.0968515238442137,0.5012982103002798,-0.1507539526608085,0.3557017256197399,1
66.0,69.0,True,0.2069678210923721,0.1462025363441604,0.4871402213401105,0.2847394761684489,-3.211671697742541,1
66.0,70.0,True,0.2718412548927175,0.1734497268815868,0.5912161438551629,0.3987095604728159,-1.2276148494051906,3
66.0,71.0,True,0.269212173529324,0.180709747302605,0.6257786196106826,0.3702784155911922,-1.1211891844912294,3
66.0,72.0,True,0.1724636836906248,0.1287420327168852,0.4029544467151518,0.1951466643142192,-4.130595435842662,1
66.0,73.0,True,0.276792250107146,0.1604958139789392,0.5816144209845301,-0.0730652101603332,-1.014110918772512,3
66.0,74.0,True,0.1897109401950479,0.1378311427922535,0.524403492387633,0.6944454074250174,-3.9227909162733057,1
66.0,75.0,True,0.2317704962523338,0.0915896058641025,0.4137137059213864,-0.0714647070277436,-2.359039925150009,1
66.0,76.0,True,0.1495825179473937,0.1066775273735899,0.5255194315589927,1.1491788720068277,-5.074795060608614,1
66.0,77.0,True,0.1833323882543863,0.0837367993024526,0.3276089069971393,-0.1878831699072189,-3.837697849441854,1
66.0,78.0,True,0.2392126877790412,0.1722719933465009,0.6205177342709373,0.6659765494564742,-2.255765727982473,3
66.0,79.0,True,0.174232458802174,0.1011266455873453,0.3784903069331084,0.0944590058774647,-4.144259942161835,1
66.0,80.0,True,0.2083483621457366,0.1118082833661227,0.4189511356878495,0.0577631712602499,-3.039412765525668,1
66.0,81.0,True,0.2261259351156398,0.1516236539517999,0.7065837530555793,0.5553937226637471,-2.9211159597864635,1
66.0,82.0,True,0.2233175871780406,0.2040304150167556,0.7696731107867116,1.3090727467980876,-2.8887233230149754,3
66.0,83.0,True,0.1704589305686596,0.0802988365416209,0.3166804840270225,-0.1469568807752738,-4.1592355647794115,1
66.0,84.0,True,0.2510966470003531,0.2100912447251989,0.7421251124100534,0.8426448358398315,-1.953264907457294,3
66.0,85.0,True,0.2688720292264415,0.2176106829117768,1.123985964611501,1.6019475615063392,-1.9289527265722548,3
66.0,86.0,True,0.222148016418738,0.1816789195619489,0.5568409813577981,0.2902748397655339,-2.7206229408282563,1
66.0,87.0,True,0.3543295407131877,0.2272541478956232,0.8330161805272637,0.4214555558503964,1.522552619712479,3
66.0,88.0,True,0.3607784207969832,0.1493374307726578,0.7731511804790764,0.7177487847104769,1.550078730137722,3
66.0,89.0,True,0.266661506189598,0.1849948806267254,0.6985810745372467,0.1916584615081336,-1.5203909263248196,3
66.0,90.0,True,0.2442500390063675,0.1422819829351502,0.5461503131126666,0.4386502625666285,-2.080386505410436,1
66.0,91.0,True,0.3221696928422803,0.1273164740112196,0.5603078080193337,0.3928657977699063,0.5276639882782599,3
66.0,92.0,True,0.093316348471205,0.1008673878382858,0.3466201105675219,1.0199396073147131,-6.65185551261103,1
66.0,93.0,True,0.280475513473679,0.1599773016010425,0.5508444811978586,0.038312064190273,-1.0324862901908225,3
66.0,94.0,True,0.3671294408215297,0.1699094598587423,0.7577987025584472,0.8785321929501443,1.7594190895484334,3
66.0,95.0,True,0.468049707346142,0.2080594173376213,0.9080238465303256,0.2515783770385181,4.821906805274405,2
66.0,96.0,True,0.4874139389397303,0.2198998682658009,0.9953044422192652,-0.1494663657333489,5.2753302723842115,2
66.0,97.0,True,0.3578140003380936,0.2282548474848547,1.2498658373691969,1.4206359191755835,0.9448086374424778,3
66.0,98.0,False,,,,,,0
66.0,99.0,False,,,,,,0
66.0,100.0,False,,,,,,0
67.0,1.0,False,,,,,,0
67.0,2.0,False,,,,,,0
67.0,3.0,False,,,,,,0
67.0,4.0,True,0.0218846074563725,0.0324555272714726,0.1185546766849438,1.8690240790841008,-8.875806729698947,1
67.0,5.0,True,0.4973064176022331,0.2308660033683895,0.977293972374258,-0.3385846039589397,5.183023409053905,2
67.0,6.0,True,0.5431434578371315,0.2722007868872867,1.120340815185261,0.3867605082893168,7.515264296559716,2
67.0,7.0,True,0.2784047258029133,0.1211423488585067,0.4586765154620132,-0.6397061239792079,-0.9163537178693416,1
67.0,8.0,True,0.4513258247605962,0.289944698765216,1.140435419169158,0.6617082239322414,4.359738290909464,2
67.0,9.0,True,0.289253230272915,0.1441673716380244,0.5940428055515052,0.2470385314498173,-0.6012995663247658,3
67.0,10.0,True,0.440069651773952,0.277157799610762,0.902896109923048,0.0592727417737664,3.7525157267945146,2
67.0,11.0,True,0.3004245273100029,0.1078186356831111,0.4961005482672407,-0.9265986409887808,-0.2797621284320333,1
67.0,12.0,True,0.3282732863962,0.1840765210047566,0.619978683988117,-0.1746452153863701,0.5954218203123464,3
67.0,13.0,True,0.218336931283339,0.2157162057032937,0.7131140960587854,0.847103405028917,-2.6639250773648655,3
67.0,14.0,True,0.2143380263573237,0.1453915450711593,0.566767497228648,0.4648456480788433,-3.0175559066188224,1
67.0,15.0,True,0.2273454067085213,0.0998866316504971,0.4478070298141897,0.8864260983554549,-2.601861345239497,1
67.0,16.0,True,0.2424693221055231,0.1195091980106478,0.5000195373102234,0.1065165157962811,-2.094177057524257,1
67.0,17.0,True,0.2076379314599286,0.128924361739592,0.5185403378150252,0.3957238173806503,-3.1803694236928575,1
67.0,18.0,True,0.2163851822336444,0.1986198852712572,0.6236518700339451,0.638071973524039,-2.6746993830827375,3
67.0,19.0,True,0.1630709207180083,0.1592775184778361,0.5737885416493862,1.233827742029086,-4.494003272124905,1
67.0,20.0,True,0.375247808087926,0.2467237281756485,0.8038242810340012,0.4250399537960584,1.7452493728778988,3
67.0,21.0,True,0.2865443098515068,0.2005966152950211,0.6894015977320381,0.3356417719711937,-0.7797997885172532,3
67.0,22.0,True,0.201869636954018,0.128951041667579,0.4760296699118542,0.4440167413646416,-3.2712897480497656,1
67.0,23.0,True,0.2298633821433955,0.1480472077219973,0.5384540387902064,0.583707143420581,-2.5357487874025164,1
67.0,24.0,True,0.2111066781337207,0.117141609976174,0.4488652143897977,-0.2374989833637888,-3.161605010249088,1
67.0,25.0,True,0.2926121278617641,0.2190806993367428,0.7016159985410363,0.6104844793564497,-0.6551470887360589,3
67.0,26.0,True,0.2936429877204435,0.1950829620142527,0.6500299941966937,0.1397176315991708,-0.5739599567064688,3
67.0,27.0,True,0.1953578564105882,0.145181552101853,0.5323641655194062,0.5459906774625856,-3.486670156500028,1
67.0,28.0,True,0.3552266614550708,0.2399714366045582,1.136519258650467,1.0353624931095953,0.9016561606356444,3
67.0,29.0,True,0.1535237803759585,0.077731231987634,0.2912029863416147,-0.157108186263515,-4.75801913825035,1
67.0,30.0,True,0.3417888449957806,0.3104620436632586,1.1153014241879755,1.2168219480272564,0.7779122647933522,2
67.0,31.0,True,0.3164461755051714,0.1837765470782386,0.689036405526246,0.4452834396223889,0.2148298591021077,3
67.0,32.0,True,0.5082590802043692,0.1952079053913242,0.8501173820376746,-0.2855371428972172,6.157024445891558,2
67.0,33.0,True,0.5905564003770374,0.2837979804594894,1.093054136106982,0.1740116248925967,8.95479941447416,2
67.0,34.0,True,0.3962438432522958,0.1712802780766815,0.7217755620049537,-0.1748659433134252,2.62685185279642,3
67.0,35.0,True,0.5127875191882804,0.2341892522842473,1.023409621448396,0.425040493835491,6.279272936420436,2
67.0,36.0,True,0.6317634851217605,0.2884866514200065,1.2197408016848257,0.0441360780132548,9.932728062408517,2
67.0,37.0,True,0.5908956109436387,0.2954670057626001,1.3433160560484108,0.5600377609015057,7.863047222037951,2
67.0,38.0,True,0.9333948010770342,0.3229431648498943,1.5,0.2948427253584312,19.279760158607942,2
67.0,39.0,True,0.8569087391894762,0.2876563249838331,1.2577662047128444,-0.7693493693775832,17.110240929637566,2
67.0,40.0,True,0.8165443430452516,0.276815300468051,1.2206468812280171,-1.077044912210014,16.08454857982102,2
67.0,41.0,True,0.7427412687310406,0.3592164755873635,1.4368329157997335,0.1655660459680796,13.08698156531917,2
67.0,42.0,True,0.7382723770300249,0.3337298727899265,1.4846708794437438,0.4121798800781023,13.602443153329206,2
67.0,43.0,True,0.5116796246183399,0.2230762397147853,0.8188920538406748,-0.274511326647686,6.150026398419458,2
67.0,44.0,True,0.5548000860326162,0.2306808274404791,1.0203316064757015,0.0424422816407126,7.552506763148272,2
67.0,45.0,True,0.5654853507674057,0.1423728204118729,0.831404930699059,-0.0701212497361122,7.779626288768281,2
67.0,46.0,True,0.6673484173207515,0.2122776877636881,0.9886407758504232,-0.1355189399836488,11.05710803291128,2
67.0,47.0,True,0.5144970545363138,0.18434421958844,0.7870579146943171,-0.381555502541863,6.124426391902231,2
67.0,48.0,True,0.3511641514912671,0.2031892044056125,0.7189205746051812,0.3085218244354168,1.2897917517644568,3
67.0,49.0,True,0.38305203186476,0.2059970009051898,0.9396569628464578,0.6521603865364912,2.025871034332175,3
67.0,50.0,True,0.3185200948980772,0.1894326526124692,0.7588330296460342,0.495216303981737,0.1345042304789753,3
67.0,51.0,True,0.4477002173579669,0.2293721072309144,0.9517009062115734,0.1275848297007861,4.334399437566162,2
67.0,52.0,True,0.3247099266220952,0.1584257980998525,0.6589368816305707,0.0544747682403399,0.748079177168666,3
67.0,53.0,True,0.3801439394308994,0.1552104259506627,0.6668393804184234,0.0398231959052069,2.37143601673293,3
67.0,54.0,True,0.5080145255789834,0.2462391897715112,0.9998652156331882,0.1522407680730965,6.092689893091972,2
67.0,55.0,True,0.4882426023011432,0.3046020143786526,1.0541015186785845,0.5527555364866599,5.214821942301863,2
67.0,56.0,True,0.461565110846767,0.2601657099923069,1.0511726955817975,0.5295210525546991,4.553876644984072,2
67.0,57.0,True,0.3688222154009169,0.2011149495612458,0.790234872990228,0.1209939936835166,1.741406939850276,3
67.0,58.0,True,0.4402300006982138,0.2177081649893092,0.9438466441446984,0.632359787094631,3.872157237043631,3
67.0,59.0,True,0.5073032973623935,0.1997663646659196,0.8802208096412403,-0.3248974387532812,6.172648519188243,2
67.0,60.0,True,0.4630146606804818,0.2420001818754492,0.8439236159036103,-0.1109611054807533,4.619491021694646,2
67.0,61.0,True,0.3996643916368525,0.1705830537151377,0.7923921634825143,0.2523315392567417,2.9601133212672903,3
67.0,62.0,True,0.3577683347008385,0.2611772206640572,0.9104046643318748,0.4080925534082087,1.26845990217967,3
67.0,63.0,True,0.3092968796584729,0.1686769271646711,0.5823470634348266,-0.1227306317812578,-0.1014756754456376,3
67.0,64.0,True,0.3781141817587691,0.239280886888904,0.9008308393740916,0.4070047450603321,2.029812431949334,3
67.0,65.0,True,0.2685151745072069,0.161146494422227,0.5932253180224805,0.2660514435956634,-1.338687042859927,3
67.0,66.0,True,0.3795342757321114,0.2236391892740819,0.7045394492904891,-0.0362212844854647,2.1638813136919577,3
67.0,67.0,True,0.251215545995669,0.1466004583083396,0.6196754493870408,0.0603330049374951,-2.0987520580530443,1
67.0,68.0,True,0.3588063290501598,0.1749021049853313,0.7002581191110097,-0.0820070599173595,1.406931555517367,3
67.0,69.0,True,0.2192639861891616,0.1680221732313402,0.5701795427652466,0.5617678731993119,-2.665110661978308,1
67.0,70.0,True,0.2648992320681915,0.1542677994161438,0.5583532067726111,-0.0373738939811091,-1.2191527741611554,1
67.0,71.0,True,0.4521228656762118,0.1916465898902972,0.8144053465308992,-0.6622260604107345,4.102524470932082,3
67.0,72.0,True,0.2152440130973785,0.1101654765456745,0.4253484791683265,-0.0627281805973454,-2.9357611722480987,1
67.0,73.0,True,0.1965076037127692,0.1239388668976499,0.6957877749259964,1.6430458100608645,-3.726544863103826,1
67.0,74.0,True,0.1707437961495246,0.1353870080789027,0.5827942552626743,1.2780792085157933,-4.408825522825209,1
67.0,75.0,True,0.1852055827254607,0.1052537339329004,0.3677535389779047,0.3399362457482976,-3.780492926703883,1
67.0,76.0,True,0.2676756475027974,0.1800656589521641,0.8834597885798293,0.9230678344523872,-1.5478294355894646,3
67.0,77.0,True,0.2970412603783425,0.1784354160378294,0.6845912702403449,0.404450948360091,-0.3412087735648168,3
67.0,78.0,True,0.1907900037119607,0.1865278701522644,0.6668233300172081,1.1780793734330677,-3.686599951264157,1
67.0,79.0,True,0.2485205243194769,0.2304783264611231,0.8475986834160828,1.1911795139483292,-2.02959323105222,3
67.0,80.0,True,0.1799089059364006,0.1839970754874266,0.9475105526956856,2.0824173565222517,-4.3746484191759,3
67.0,81.0,True,0.2163645595854062,0.1383484303891285,0.4753235418803738,-0.0388694679566563,-2.7897484838068505,1
67.0,82.0,True,0.2567279413569707,0.1553022348392961,0.6418471525763224,0.8375388147902374,-1.5176096095105729,3
67.0,83.0,True,0.3078038618332994,0.2550050718972128,0.9477781248838558,0.6429591822763722,-0.2186081539248757,3
67.0,84.0,True,0.166138611158435,0.0712839147912878,0.3116437269760758,0.0442772968831903,-4.433684867976183,1
67.0,85.0,True,0.3682881619708891,0.1904909264871009,0.8080059899276497,0.6601486875785924,2.003462165344695,3
67.0,86.0,True,0.2380647081243979,0.142251576365561,0.6946176798871831,0.7341520272500438,-2.3684231837655676,1
67.0,87.0,True,0.2187259094292901,0.12190955682869,0.5009806841554065,0.2610923299496345,-2.8091785879460893,1
67.0,88.0,True,0.2504494442051643,0.1782247211696001,0.9289938745882892,1.6283018345056135,-2.10330513229022,3
67.0,89.0,True,0.2222331992597617,0.2266204683693217,0.7836707199675058,1.2092390404412203,-2.8032565506548845,3
67.0,90.0,True,0.2973023089293635,0.1907843298550184,0.8903534337168928,1.069107931666872,-0.5920820970964215,3
67.0,91.0,True,0.3413680217349868,0.201051125771004,0.7885578270335677,0.5385095986505155,0.8821803072927723,3
67.0,92.0,True,0.3237644114621565,0.228606527593314,0.8083407743325456,0.4996322658982673,0.7221779839554552,3
67.0,93.0,True,0.359504928598779,0.2004078786589568,0.7143818463412839,-0.0454836170757148,1.1205150897031395,3
67.0,94.0,True,0.4778877530498709,0.2143678924427072,0.8490157847994236,-0.6310954258583603,5.13370246412772,2
67.0,95.0,True,0.6144824064420084,0.2288447275326563,1.150031032119417,0.6367451420092182,9.494579185323428,2
67.0,96.0,True,0.6217990050683464,0.2012465300356506,1.0014184468592366,-0.329287971588807,9.599131882481435,2
67.0,97.0,True,0.53452423652225,0.2714805425720399,1.2906761007410448,0.198035170929779,6.591735681157534,2
67.0,98.0,False,,,,,,0
67.0,99.0,False,,,,,,0
67.0,100.0,False,,,,,,0
68.0,1.0,False,,,,,,0
68.0,2.0,False,,,,,,0
68.0,3.0,False,,,,,,0
68.0,4.0,False,,,,,,0
68.0,5.0,True,0.1468691755200739,0.0665945094400128,0.270984253566308,-0.014057277868464,-5.072266746436705,1
68.0,6.0,True,0.4861385745995077,0.2523579766679216,1.1013987734518478,0.5259439035346948,5.674916157460977,2
68.0,7.0,True,0.4571193024280826,0.1749507496239697,0.9150784255976778,0.3911060957285509,4.30080738608793,3
68.0,8.0,True,0.3116299162284926,0.2305615379712364,0.9482559801459922,0.9682403690423416,-0.2734228305674627,3
68.0,9.0,True,0.2174979719031927,0.1144323614276742,0.4250032584062043,0.0438074011236964,-3.1114324554859136,1
68.0,10.0,True,0.2237870818513256,0.1434046706860096,0.4639932759873849,-0.0282334299922413,-2.683096842985294,1
68.0,11.0,True,0.2705229875626411,0.2440559152539004,1.3986303904929855,3.066130654756167,-1.7758161749117132,3
68.0,12.0,True,0.2367464295173387,0.1662011130299823,0.579634423088804,0.254319097821268,-2.466584523025418,1
68.0,13.0,True,0.2443542339605523,0.1913139418825108,0.674535953411549,0.6370274762099964,-1.9275149374430192,3
68.0,14.0,True,0.2952586667130862,0.1606441032065286,0.596303833636339,0.0328643600198186,-0.3777505704753913,3
68.0,15.0,True,0.3101558883547279,0.1484776102852641,0.5583337496559309,-0.283913992898314,0.0740488654358152,3
68.0,16.0,True,0.1814036899720679,0.1603369043062553,0.617554318145863,1.1167653953933527,-4.037286632346794,1
68.0,17.0,True,0.2500401618755307,0.1374145498377024,0.5181417321570754,0.1002222726788294,-1.5898296193641317,1
68.0,18.0,True,0.1786154013485867,0.1206361368473813,0.4476394498604986,0.5551805929296958,-4.254806196099718,1
68.0,19.0,True,0.2414918466213828,0.1888903044848405,0.5674299366446889,0.2297881900399815,-2.1797696240798987,3
68.0,20.0,True,0.1214785895155506,0.1327980884691238,0.4464243237723721,0.9256760414752662,-5.905911237253859,1
68.0,21.0,True,0.2342284778305131,0.1617979983372086,0.5627962476203106,0.2310671063556818,-2.678297034440668,1
68.0,22.0,True,0.2339437198614146,0.1510709035202196,0.4934370175878994,-0.1487469362245385,-2.2063691979233337,1
68.0,23.0,True,0.1177755111472219,0.2282931204795026,1.182795020125683,3.334267531090621,-6.419237478339253,3
68.0,24.0,True,0.2758694491733665,0.1740665234066185,0.5660337929537503,-0.0479147272270966,-1.129675255410646,3
68.0,25.0,True,0.1813776540177494,0.1370331622706507,0.466034576221474,0.572048190282072,-3.993664064543945,1
68.0,26.0,True,0.3056236531956292,0.2077659456093436,0.6780240429346897,0.1542324049175636,0.1537626348289314,3
68.0,27.0,True,0.3260017857774932,0.2436614379038375,0.8524769111698387,0.5682702895054127,0.650185674098402,3
68.0,28.0,True,0.1795167755161703,0.0958384185329322,0.350824214807476,-0.0369881400312723,-4.023650287817885,1
68.0,29.0,True,0.228694798598741,0.1476559371841219,0.58795221279607,0.8393788970661656,-2.314046663520168,1
68.0,30.0,True,0.2578086315108308,0.1142262678063383,0.5104204871368319,0.5303299660338477,-1.5479568121485492,1
68.0,31.0,True,0.4596776335468164,0.1502344747012976,0.7190266554169618,-0.5889117016576004,4.513971938611987,3
68.0,32.0,True,0.3076710266258835,0.1299102620791931,0.6141231803505433,0.5178937325029818,-0.258027772811875,3
68.0,33.0,True,0.4387394456616667,0.1313814467096864,0.6943599792616095,-0.4084093679755511,4.182701398254664,3
68.0,34.0,True,0.3942468952966825,0.14367079609578,0.7235498077648795,-0.2381736034316247,2.612119243273563,3
68.0,35.0,True,0.5500178982825046,0.230654532830521,1.2049589511306464,0.4806033849382163,7.296703469921621,2
68.0,36.0,True,0.6729195476260772,0.2050481049167363,1.0444543145364966,0.018155920197778,11.200469442635187,2
68.0,37.0,True,0.6731716024435759,0.2236652084673357,1.2726219795593958,0.8413987708150634,11.238783634299963,2
68.0,38.0,True,0.7064384781828088,0.2965347842029396,1.3768422544848675,0.9244410037761552,12.25675575953913,2
68.0,39.0,True,0.7143734398456979,0.3055592931859509,1.2831575502116488,0.1720847955708208,12.408240054928552,2
68.0,40.0,True,0.6210196752460011,0.2661034078532247,1.1203657613987437,0.028137343913278,9.633191760233682,2
68.0,41.0,True,0.6376435525261366,0.3041770911279612,1.2816409191567075,0.2697270329411857,9.493985963883867,2
68.0,42.0,True,0.5827462533128124,0.2354329609645838,1.0423609958358795,-0.0302846876303311,7.937870077471386,2
68.0,43.0,True,0.6819094716573592,0.2066334633042472,1.1584137898390698,0.4768829157173594,11.450371250329097,2
68.0,44.0,True,0.6275334445916793,0.2043546175332899,1.0206348747821947,0.3861254037362123,9.994218869728892,2
68.0,45.0,True,0.5578687868484373,0.2664979718125354,1.0272556579902492,-0.2612221444201581,7.539731123733966,2
68.0,46.0,True,0.4450962645573089,0.2469350519040082,0.9909234334752705,0.5931052726069486,4.167555201705174,2
68.0,47.0,True,0.5036222485399321,0.1918773181582282,0.8972697507229624,-0.0784037986026246,5.85050533906706,2
68.0,48.0,True,0.3676383149612516,0.167003045174273,0.7092739573100679,0.005491358048393,1.7431894072217993,3
68.0,49.0,True,0.3467298323253825,0.2457103990692637,0.855428292476076,0.5335556063989276,1.3210316107721265,3
68.0,50.0,True,0.4224739864018875,0.2006351247979074,0.7469384348598622,-0.3870977459762011,3.3878985707428413,3
68.0,51.0,True,0.391691070212218,0.1316739255098597,0.6726569030999282,0.4384156399633343,2.4859969268759134,3
68.0,52.0,True,0.5489275835290076,0.2560449319866384,0.9783292236295708,-0.0667845590990835,7.755857529803701,2
68.0,53.0,True,0.385235054500163,0.1839198524266308,0.854724113160014,0.5059605427414733,1.9180089427631315,3
68.0,54.0,True,0.3960588866492407,0.2190868900156187,0.9136553765934174,-0.1408942133729946,2.251370071742122,3
68.0,55.0,True,0.34856196959539,0.1326685774112966,0.5980084761045025,0.0327353764766437,1.3038454722728334,3
68.0,56.0,True,0.4565085117866516,0.2108090304644824,0.7687064004140688,-0.3509088434026296,4.4953084522854025,3
68.0,57.0,True,0.5350686155889135,0.2834671212428383,1.0605208555657788,0.0656980372980716,6.70701622684234,2
68.0,58.0,True,0.465703534733923,0.2617008267268137,1.1191559532252835,0.5476259810737659,4.811119080511784,2
68.0,59.0,True,0.452421665041625,0.2314930111655566,1.052864236627641,0.9603276494927976,4.211105965073039,2
68.0,60.0,True,0.4512161343562421,0.2326681491408963,0.99421083449977,0.4974410421302077,4.588329334924334,2
68.0,61.0,True,0.294709613625107,0.1362257344292116,0.5687449635232233,-0.3687836723955139,-0.7365759991015353,1
68.0,62.0,True,0.1872832821750849,0.1086149811684676,0.4534920233848657,0.5578933928128714,-3.76558511877934,1
68.0,63.0,True,0.213287014179722,0.1413456107396809,0.459638406906002,0.1881140098496244,-3.068236158084499,1
68.0,64.0,True,0.2711098228302108,0.1854001123750751,0.7241054990672597,0.6733290116099724,-1.0040578470054804,3
68.0,65.0,True,0.2532589888794966,0.2439473353901698,0.6768112872672742,0.5409569646240411,-1.520856444862469,3
68.0,66.0,True,0.2964544552827311,0.2433344687931971,0.8414154852332525,0.7810186713053429,-0.3331771752610782,3
68.0,67.0,True,0.2366992564104349,0.1149664700703816,0.4891280208040188,0.4070205269613809,-2.399759666852222,1
68.0,68.0,True,0.2051798512589507,0.1154242249453819,0.4056815951320885,0.0465954918591133,-3.1123692629636923,1
68.0,69.0,True,0.2809393057405069,0.1548480399932295,0.5890519969944508,-0.08610189215638,-0.840644735422275,3
68.0,70.0,True,0.222892129902133,0.1386142911465104,0.5059764759167048,0.5167452639264791,-2.4458322856496526,1
68.0,71.0,True,0.2167659855600535,0.141160783972977,0.545409070535194,0.7885282604511739,-2.91759723218267,1
68.0,72.0,True,0.2222119511721515,0.1315981873835049,0.5137720741643031,0.474646412205024,-2.6701903778729195,1
68.0,73.0,True,0.3463018258500676,0.1294503750842663,0.6134451801736702,0.0405521019553416,1.213335077060275,3
68.0,74.0,True,0.2565182486160292,0.1063415827845068,0.4673134389358336,-0.0155529698465944,-1.4937761110472063,1
68.0,75.0,True,0.2318995456612663,0.1945690272487011,0.6984065637192707,0.9520940344036862,-2.3222975071443495,3
68.0,76.0,True,0.2880867998148687,0.1696191344275105,0.6192212149152269,0.3639449656455213,-0.639085126725396,3
68.0,77.0,True,0.2638027470209034,0.1535388663970218,0.5045086859790093,-0.0397773178471361,-1.2059876346700669,1
68.0,78.0,True,0.2847204785384472,0.2065555811135569,0.841377758951733,1.119849415940059,-0.7476071738266785,3
68.0,79.0,True,0.2421557869982725,0.1884354084616092,0.9948576898293976,1.7667027135001725,-2.3152689352898217,3
68.0,80.0,True,0.2826488509207409,0.1040881585530223,0.49672769251329,0.2599911591812509,-0.9445337584102812,1
68.0,81.0,True,0.1788242923181426,0.1294718769269546,0.3749980753954111,0.1618377250671261,-4.060454937476161,1
68.0,82.0,True,0.2207102470986765,0.1163248895897322,0.4523432337344428,-0.2248049659634223,-2.7943115331158612,1
68.0,83.0,True,0.2700942857738201,0.1531207750620929,0.5966868852966889,0.5348120728301835,-1.2508951665301045,3
68.0,84.0,True,0.3446575160280087,0.2015585241271603,0.6878055954562934,0.0236593933371274,1.2437384879913622,3
68.0,85.0,True,0.3118630263527351,0.2186113730400752,0.703211067047913,-0.0171608950015901,0.0108933230086233,3
68.0,86.0,True,0.1273095095413039,0.1048709991999988,0.3163446033061256,0.1849160078916533,-5.685648784054127,1
68.0,87.0,True,0.1853280498163634,0.1687516371473355,0.5844855732469949,0.670991449694015,-3.8050643408008944,1
68.0,88.0,True,0.371615128064347,0.2518195767094426,0.8959384913743547,0.4769376101680241,2.089020948686504,3
68.0,89.0,True,0.236097999943704,0.1916564559387946,0.583483155539977,0.4185539238585927,-2.1612697529348828,3
68.0,90.0,True,0.3669848524827609,0.1427697281728943,0.66692761068615,-0.2662934165912952,1.556135472114172,3
68.0,91.0,True,0.2876190313190012,0.1644242156159299,0.6353454456397136,0.6744372224262241,-0.795862496639487,3
68.0,92.0,True,0.2458710201956146,0.1905795537515305,0.6077801301861483,0.2655360521298173,-2.002805738630915,3
68.0,93.0,True,0.3737930153405825,0.1989024926626755,0.8071976327337664,0.3109130116358374,2.3716568881913647,3
68.0,94.0,True,0.5461876173909427,0.2406851527827234,1.1729109089502294,0.7069620450513472,7.536266286291598,2
68.0,95.0,True,0.6852672456611899,0.2763622241029869,1.2385728799580364,0.1366494597364141,11.65396405938126,2
68.0,96.0,True,0.4824522572143622,0.2364938669286866,1.1173596574057765,-0.1124211450410301,4.830964342939488,2
68.0,97.0,True,0.1766314627608911,0.1567036587035325,0.4650115357181413,0.2677156121030813,-4.013117259729714,1
68.0,98.0,False,,,,,,0
68.0,99.0,False,,,,,,0
68.0,100.0,False,,,,,,0
69.0,1.0,False,,,,,,0
69.0,2.0,False,,,,,,0
69.0,3.0,False,,,,,,0
69.0,4.0,False,,,,,,0
69.0,5.0,True,0.0625157966010693,0.0602242951495047,0.1823239111994658,0.4793479842374127,-7.616906672191316,1
69.0,6.0,True,0.576913675958846,0.2333659264147702,0.9850589756544764,0.0225590096493707,8.353173576327302,2
69.0,7.0,True,0.3051491875223103,0.1740240588112729,0.5819613861876392,-0.4552890530984462,-0.1325397459444151,3
69.0,8.0,True,0.312923712055711,0.1545006135105383,0.60551268047809,0.0943893486953241,-0.071974029934364,3
69.0,9.0,True,0.4241367822870789,0.1915735948513565,0.8352670339044069,0.2352604187583865,3.5060092741372526,3
69.0,10.0,True,0.2497148378094375,0.1517590580291928,0.7413435264379005,1.3404994574986295,-2.0159781572081465,3
69.0,11.0,True,0.2196663752944317,0.1408590476595038,0.6831256435940039,1.354846095725322,-2.9740081441944417,1
69.0,12.0,True,0.2307892128268325,0.1326582088396429,0.5002690270921879,0.334401241267204,-2.3537340064742893,1
69.0,13.0,True,0.221467699421542,0.121558034922691,0.4258431726830229,-0.4046611442887478,-2.6398476617421185,1
69.0,14.0,True,0.2147964858063997,0.0856382092375465,0.3936487812419582,-0.7071468995809072,-3.0169952601339194,1
69.0,15.0,True,0.3242694219476694,0.1235458432361794,0.6065580913896634,0.6377285505868439,0.325963486784717,3
69.0,16.0,True,0.3578697575307893,0.2513597471636981,0.9710824085433362,0.758836749463322,1.4782946548383902,3
69.0,17.0,True,0.2523728979171575,0.1320055579007489,0.540961710665537,0.1234326946469571,-2.0344815424503997,1
69.0,18.0,True,0.3561610482462764,0.1591583650399969,0.6122478525332722,-0.03271398045324,1.3880573412308823,3
69.0,19.0,True,0.2808212011900963,0.209138736951114,0.7960321744503757,0.8901866578567287,-0.7234860122004645,3
69.0,20.0,True,0.3698611466164849,0.2105941658636912,0.7888440282504391,0.1748038219129051,1.8617070962246605,3
69.0,21.0,True,0.249375207132006,0.1452316428269167,0.6370700819047835,1.0685725203786756,-2.055788083898358,1
69.0,22.0,True,0.1890322422202849,0.1766629236831667,0.6018910554272376,0.759390908390128,-3.623947193421918,1
69.0,23.0,True,0.147423509110157,0.0792113502773034,0.307129984425471,-0.1565808885010774,-4.981891961991786,1
69.0,24.0,True,0.2139253120472479,0.1611498218169443,0.5373666117206007,0.4185896640048103,-3.0233198719278542,1
69.0,25.0,True,0.3216680664591951,0.1098776125558579,0.601125547298165,0.9987396741448664,0.4533205353153242,3
69.0,26.0,True,0.1992304146885087,0.1031214360228697,0.4437851873414949,0.457547115976017,-3.2973987304398227,1
69.0,27.0,True,0.2358159883886418,0.1331502115817291,0.541944118726352,0.6976938114930462,-2.3023550587456794,1
69.0,28.0,True,0.1733740358575735,0.1697530750437031,0.8325743238179201,1.7796799634678708,-4.4776754386352895,1
69.0,29.0,True,0.2103622008116902,0.11351525913256,0.389444450317616,-0.3581402482629286,-3.243446816379466,1
69.0,30.0,True,0.2606289327805309,0.1917460135544868,0.6914530080522777,0.5135158501488671,-1.4388584683882275,3
69.0,31.0,True,0.2952697642667276,0.2100748051580839,0.6939364074218991,0.4594961470930772,-0.6764131787766643,3
69.0,32.0,True,0.506082222990003,0.1898157651660509,1.1323271561451564,0.7587268118804186,5.621020726296814,2
69.0,33.0,True,0.396545804871153,0.2132400881825622,0.7177247326122372,-0.2550965953782515,2.689857593475506,3
69.0,34.0,True,0.3234784296677152,0.2652108352370093,0.9295788174356168,0.8852430878152379,0.1567903500462953,3
69.0,35.0,True,0.4362499379801634,0.1100120256039881,0.6557458415120744,0.4370939085829446,3.823004985340176,3
69.0,36.0,True,0.7662851355817781,0.3097929980050767,1.460131538283556,0.125016823873482,13.767022342073398,2
69.0,37.0,True,0.6403691366474745,0.2371997589012389,1.0513407877989347,-0.2175714996004834,9.988243727653735,2
69.0,38.0,True,0.6863364007348282,0.2558591118913309,1.4805897584540049,0.3010741871970993,11.46999785081976,2
69.0,39.0,True,0.6594885696540935,0.2919143514512972,1.5,0.9020296000399018,10.17694154892068,2
69.0,40.0,True,0.512822215195375,0.2370447988408241,0.9046302056257634,-0.2111941519263189,6.40154059894121,2
69.0,41.0,True,0.5286029992135995,0.1695431226571418,1.05012633563547,0.7380636115449952,6.484442131624863,2
69.0,42.0,True,0.5875911918210309,0.295271406760982,1.5,0.6682674822958241,8.00991765977374,2
69.0,43.0,True,0.6444173366608728,0.2227145313221673,1.0767212231469925,-0.2650744372195613,10.514141228530818,2
69.0,44.0,True,0.7572656501408189,0.3702063200857039,1.3085884433431008,-0.225559073501157,13.724196158443393,2
69.0,45.0,True,0.757193766418024,0.2783246002182926,1.2210122862676185,-0.0506812586546369,13.62317625389983,2
69.0,46.0,True,0.5387578349588865,0.1779130927122927,0.87915618327966,-0.1968263976748535,7.445462202702279,2
69.0,47.0,True,0.6327190500335135,0.2246801727054785,1.1267630411633165,-0.2935645899018759,10.371223497560342,2
69.0,48.0,True,0.5770226775580174,0.3766108070756694,1.2224688611095482,0.275631858624542,7.905499829504324,2
69.0,49.0,True,0.3943564695326741,0.1313845134176857,0.6118454662668805,-0.1482055254632918,2.471130519498082,3
69.0,50.0,True,0.5589190520837436,0.291598228607186,1.171747417058794,0.6485197925068944,7.510766961010981,2
69.0,51.0,True,0.3530970394454724,0.1851214593234726,0.6749708379709204,-0.2000499124650628,1.4563314497918225,3
69.0,52.0,True,0.4227025334624559,0.1279659786129534,0.6874156095392396,-0.1692694645939454,3.398943755928988,3
69.0,53.0,True,0.4179969053439488,0.2323063556328626,0.8587431082043231,0.3601585735031672,3.5459458497308214,3
69.0,54.0,True,0.7706887337787662,0.3749463962499598,1.5,0.2838340127580949,13.84496398447612,2
69.0,55.0,True,0.5244378867649098,0.1574280714323635,0.8371136103371248,0.1229031787182848,6.681869099328232,2
69.0,56.0,True,0.5477216606211786,0.2536003988714277,1.0553073240549835,0.0651005027813574,7.502609087045395,2
69.0,57.0,True,0.5536407021932533,0.1372459074731758,0.9447959861252287,0.1658019262612428,7.7014955293245295,2
69.0,58.0,True,0.5359656967605319,0.1921944209144272,0.930802904626851,0.164158096540421,7.304198212569098,2
69.0,59.0,True,0.4928639785979062,0.2297601120505192,1.0072514162125623,-0.0774336153903704,5.016736634014231,2
69.0,60.0,True,0.3899738864346512,0.2651435829180364,0.939738862475866,0.3821643800186953,2.7710466004152123,2
69.0,61.0,True,0.3201134700652959,0.2147311838984823,0.7761949456790725,0.5799853839354756,0.4154672864650759,3
69.0,62.0,True,0.2969858062224159,0.1951273789917876,0.7866138558077422,0.6105978126781737,-0.3751758566803462,3
69.0,63.0,True,0.2954977153094419,0.2276964706820511,0.9485543290579757,1.4710135347744506,-0.5030997624778618,3
69.0,64.0,True,0.2885248723399581,0.1448523086520132,0.6578604108821111,0.4730978729136381,-0.7067767770069764,3
69.0,65.0,True,0.2299229395267933,0.1632951903541007,0.7644450279924386,0.9380005414373808,-2.7918029425482622,3
69.0,66.0,True,0.2072049857888909,0.1356907956214229,0.5933069587827323,0.4095097558250901,-3.4358085106561447,1
69.0,67.0,True,0.1948057551307374,0.1629833481358515,0.5482499289082412,0.5571810639439838,-3.7168644738655434,1
69.0,68.0,True,0.1830248141653335,0.1113242220838906,0.3674198257483722,-0.1466563213298355,-3.935618598446056,1
69.0,69.0,True,0.3031848402766812,0.1492988211347755,0.537577775057202,-0.3038988982805158,-0.1790475329634275,3
69.0,70.0,True,0.2153967835940607,0.2297249645505023,0.7857798302026108,1.153688338706159,-2.9357088774805034,3
69.0,71.0,True,0.2607040015521233,0.1386696758576616,0.4822765549987438,-0.1716092587133351,-1.5680266895137218,1
69.0,72.0,True,0.1759215117911947,0.1086821993318023,0.4955093848542639,0.6016505109965843,-4.178169644952627,1
69.0,73.0,True,0.3134520537448832,0.1243556246531775,0.5540757834314479,-0.4761133635142776,-0.0030589603574868,1
69.0,74.0,True,0.289332362082993,0.1610253029997039,0.7441657355512427,0.5476091248190855,-0.8938890718125354,3
69.0,75.0,True,0.231024969468753,0.1521694281000635,0.559409304202639,0.8622396112112982,-2.3453337979737436,1
69.0,76.0,True,0.1704086100864183,0.1200284347968842,0.4348055426461778,0.7692280244533265,-4.463891199764031,1
69.0,77.0,True,0.1657982020420824,0.1502973865343897,0.7541454883236205,2.049912154772556,-4.696275882866134,1
69.0,78.0,True,0.1527738414718134,0.1733421500692545,0.5647313983677316,1.0554620481874124,-4.95589466082674,1
69.0,79.0,True,0.2553072055524608,0.1493922416842256,0.5696168197794399,0.3310425280635777,-1.4556817060083125,1
69.0,80.0,True,0.2026561870420841,0.1328064530791421,0.5068427527394457,0.6607652995822748,-3.3062384274755336,1
69.0,81.0,True,0.2213025744317176,0.1192713904768572,0.4507277172056786,0.2523017939024142,-2.621775453904017,1
69.0,82.0,True,0.2664329176397328,0.1894506814127531,0.7194434006444657,0.8882744102200144,-1.4493546943802669,3
69.0,83.0,True,0.1397854449237568,0.1039459530092193,0.3954488807875173,0.9146166053762328,-5.179859374441693,1
69.0,84.0,True,0.2312945549834736,0.1409865360761975,0.7062611694630908,1.5174153204733194,-2.6358424636562514,1
69.0,85.0,True,0.1967288920347438,0.1246439892442967,0.4567016941850603,0.2625625005347365,-3.686516634192399,1
69.0,86.0,True,0.2478706743398042,0.1966647761277492,0.8992487289211326,1.025077060059519,-2.189841749479964,3
69.0,87.0,True,0.2851403331442907,0.1891542256020115,0.7662299113962102,0.4398729829385273,-0.87250720634428,3
69.0,88.0,True,0.3220447299944936,0.2484728147172042,0.9061070692754468,1.0012426633839415,0.7100164664778192,3
69.0,89.0,True,0.2248553588568215,0.1680347529360871,0.5109581479348644,-0.0049616423109412,-2.778712323703373,1
69.0,90.0,True,0.2371131817164003,0.1746086806152611,0.8144885984419222,1.1043435128185064,-2.4782236298745444,3
69.0,91.0,True,0.1954012775334646,0.162789094541607,0.5368496147844439,0.609587530756882,-3.4628786719922697,1
69.0,92.0,True,0.3641771076965186,0.1383026953159616,0.6266411668976423,-0.3853897268286968,1.829398780731397,3
69.0,93.0,True,0.5123751939168427,0.2222024131648088,1.076894675041209,0.3265474470211454,6.184147265983215,2
69.0,94.0,True,0.5622857743397327,0.1445218732544196,0.7889958786677278,-0.3842658785179897,7.828381824283557,2
69.0,95.0,True,0.7506173897943261,0.2669849231167439,1.1833271705162514,0.0314817749199509,13.369322188318366,2
69.0,96.0,True,0.4743493063112842,0.2222936746404089,1.1040516531386055,1.0782476084279995,5.13845367528973,2
69.0,97.0,False,,,,,,0
69.0,98.0,False,,,,,,0
69.0,99.0,False,,,,,,0
69.0,100.0,False,,,,,,0
70.0,1.0,False,,,,,,0
70.0,2.0,False,,,,,,0
70.0,3.0,False,,,,,,0
70.0,4.0,False,,,,,,0
70.0,5.0,True,0.0074218969514275,0.0154678596527029,0.0525889223630108,1.9700817288086376,-9.325186453940905,1
70.0,6.0,True,0.2921958819101372,0.1709035040197736,0.8059154861222241,0.9562252368622832,-0.9246555193983031,3
70.0,7.0,True,0.2827373499712682,0.1167211618932587,0.5007677811250474,0.2101783732106449,-1.0628144164765865,1
70.0,8.0,True,0.4109186569010322,0.2373975315255998,1.0647602683779431,0.52582033721838,2.9467818341236107,2
70.0,9.0,True,0.2174821807208945,0.1330270017493213,0.4534384879909378,-0.135537475811085,-2.67383425958333,1
70.0,10.0,True,0.2884651730532508,0.1564043257451106,0.8888642844173036,1.3189389100617694,-0.9302105692282038,3
70.0,11.0,True,0.2394865711262367,0.155383292517881,0.5619582060922105,0.2632408130416566,-2.098696108134249,1
70.0,12.0,True,0.3467753659460262,0.21608228179837,0.8128240537401702,0.4288933328688668,1.3390996458128157,3
70.0,13.0,True,0.1322419539039173,0.114757253817029,0.4068315026252487,0.915495960889068,-5.34743870964679,1
70.0,14.0,True,0.2753548914429122,0.1564585129066222,0.6236123398247156,0.4285693269604718,-1.2284115822056794,3
70.0,15.0,True,0.2676789599898864,0.1477522596674235,0.5162453203373065,0.0214966372459675,-1.0919373046174354,1
70.0,16.0,True,0.1728497476005497,0.1295583951843328,0.6225832486419458,1.2467532047210137,-4.470992628782749,1
70.0,17.0,True,0.2227386946339361,0.197187563775394,0.6568022835665457,0.6239072178901526,-2.840663354448467,3
70.0,18.0,True,0.1572381828412306,0.0922218569156076,0.3485498149285939,0.1479094379900758,-4.534908378006892,1
70.0,19.0,True,0.2104952300153748,0.1279301043467926,0.4727207082458662,0.1922096506421619,-2.899605123098554,1
70.0,20.0,True,0.3460081371323101,0.2185180993308672,0.7954179907431372,0.2081180491021019,1.1684072065596722,3
70.0,21.0,True,0.1920726707149353,0.1102219258810582,0.591445215774283,1.2132954694738176,-3.776022044008451,1
70.0,22.0,True,0.3397068522604802,0.1430868545312099,0.6133056605168239,0.406352634130841,0.9596606894640668,3
70.0,23.0,True,0.2342786644642268,0.1396625410488394,0.5777247366018474,0.557525544152214,-2.302819062876538,1
70.0,24.0,True,0.2464970042203736,0.1733923292448169,0.5664590381367891,0.1616460546440503,-2.0231709993447513,3
70.0,25.0,True,0.2015369772732474,0.1555537235616386,0.5723969630838839,0.9063654482019344,-3.270071162074897,1
70.0,26.0,True,0.23040160265744,0.2074009864247182,0.711232457425623,0.8337510035766348,-2.5196895703607365,3
70.0,27.0,True,0.1939730480845,0.1485156712411373,0.5622928353471247,0.5354510105968844,-3.969533037806507,1
70.0,28.0,True,0.2256888495401383,0.1078050811310572,0.4294217275921635,0.1170652539846864,-2.550551787789912,1
70.0,29.0,True,0.2643897207086699,0.1930004482982523,0.62109083376856,0.4313974471606193,-1.414468820102955,3
70.0,30.0,True,0.242682841753551,0.1873254544440496,0.8333326183072564,0.7411541324613925,-2.452158479230876,3
70.0,31.0,True,0.2307191475163559,0.1295720336473275,0.4365701413779208,-0.3526009495395151,-2.277229816935032,1
70.0,32.0,True,0.2441483419083563,0.1353828317330164,0.5513513720082975,0.7158761026105219,-2.146972737787136,1
70.0,33.0,True,0.3914825934427673,0.2146429086175849,0.8206867598470808,0.0751262208455584,2.871324206840441,3
70.0,34.0,True,0.4707900766393272,0.1509959959291917,0.7280144857377313,-0.1063562583040638,5.1705669786720225,3
70.0,35.0,True,0.5803184063490906,0.2091662882970578,0.944943690557532,-0.0135035533152508,8.311191778193889,2
70.0,36.0,True,0.5324135959876032,0.2584006747806926,1.099969769973491,0.319457270549169,7.102378088096579,2
70.0,37.0,True,0.4675135241718689,0.2367371747630228,0.9694713153484872,0.4764256029739952,5.032926937516182,2
70.0,38.0,True,0.4255872993895026,0.1798162711530039,0.809771759846308,0.1415369599523351,3.5804876118173747,3
70.0,39.0,True,0.4871476552810929,0.1902802687628862,0.817803889556718,-0.0151664323612112,5.408453289892222,3
70.0,40.0,True,0.4749059531699148,0.1544775286147364,0.7557269512949624,-0.8582820531712081,5.338616694805728,3
70.0,41.0,True,0.5591976537546681,0.30192568990879,1.2209340820850365,0.3406681219820322,7.843432746209435,2
70.0,42.0,True,0.5582715530482234,0.2294433067220648,0.9838339374986425,0.2864936394394577,7.843447677351685,2
70.0,43.0,True,0.3769958959489377,0.2618232601837594,0.947661891203353,0.3574072827705185,1.8195813203574152,3
70.0,44.0,True,0.5129452512278835,0.3843554523372845,1.4636322219839206,1.0911186104578865,5.95832512896351,2
70.0,45.0,True,0.4326015486903211,0.2315739672537047,1.046800799271725,0.8471618814832634,3.572006396186658,2
70.0,46.0,True,0.5314020227524382,0.2196857449302161,0.8899833564459314,-0.3820126243041148,6.6797988615454615,2
70.0,47.0,True,0.4000467088845683,0.1926709750144018,0.797628975430235,0.1420553715838855,2.7303905807570112,3
70.0,48.0,True,0.3564450807263518,0.1916115994908242,0.8201347318726627,0.692628754080895,1.4170272226567795,3
70.0,49.0,True,0.6034716614392256,0.219291405453146,0.9827208901977122,-0.4420270771671251,9.027597414233366,2
70.0,50.0,True,0.5797679960688782,0.2919482462906413,1.1941262557833772,0.6375544749062119,7.985915945124937,2
70.0,51.0,True,0.5248006392161941,0.3140079309767818,1.1561527057333978,0.4637975817927746,6.95685214840908,2
70.0,52.0,True,0.493620143138722,0.2171604719568882,0.9345730598454391,0.1378052311894155,5.930137027425982,2
70.0,53.0,True,0.4969564529486402,0.2223186421031881,0.920044015893623,0.0280608354968779,5.987530325120575,2
70.0,54.0,True,0.6184608588533989,0.2429298838895953,1.5,1.0328309672794902,9.17755984651811,2
70.0,55.0,True,0.6298194534314894,0.2945266502527795,1.2537037863827032,0.4937826121631649,9.392954378538253,2
70.0,56.0,True,0.578357755516918,0.2147852182076533,1.0247179866792189,-0.0870760704609704,8.38493591199028,2
70.0,57.0,True,0.523321179420765,0.2612365508068022,1.1576995097479172,1.1360120951382695,6.4800977769373915,2
70.0,58.0,True,0.468774606750464,0.2314360826347985,0.8091301062787956,-0.3825328996728059,4.784647379150513,2
70.0,59.0,True,0.3389077669827595,0.2053709603526543,0.8229535708376358,0.3671467392908474,0.5130307855784463,3
70.0,60.0,True,0.2677435024831938,0.1735333180525253,0.5392389452793055,-0.0654705773223238,-1.496565013977441,3
70.0,61.0,True,0.3815528162214197,0.2187531057185997,0.8637700281003408,0.2322427433461729,2.404746433448919,3
70.0,62.0,True,0.2642976862390451,0.1807979888663245,0.6650324018888294,0.4287466718723788,-1.4356241427726963,3
70.0,63.0,True,0.3875979039541721,0.1742971915151733,0.7557634647886728,0.1807383147632043,2.464994407515777,3
70.0,64.0,True,0.127015502278851,0.1080960557789173,0.3219867132371326,0.3757673755088441,-5.484564238571106,1
70.0,65.0,True,0.3143307863262676,0.1672631378730377,0.6105940861208654,-0.2821696495031784,0.1637021244854258,3
70.0,66.0,True,0.3594578463125631,0.2340666440362634,0.9923284907565372,0.9914314865252256,1.886374302883267,3
70.0,67.0,True,0.2708860956460021,0.1447665320896289,0.5288726766865931,-0.1454769258504364,-1.402305321902823,1
70.0,68.0,True,0.2384603886473158,0.126253810284235,0.4719109862762179,0.413888983785295,-2.095349916812591,1
70.0,69.0,True,0.3598715448495352,0.2126836588036132,0.7681910872226791,0.1121066725794453,1.8543618107635864,3
70.0,70.0,True,0.2844885982277746,0.1851269414019187,0.6236221061304751,0.4067979573460447,-0.5882644231399297,3
70.0,71.0,True,0.2774360630247225,0.214647583380631,0.7371931951854812,0.7860107357803312,-1.0333724750398277,3
70.0,72.0,True,0.1496319751761273,0.1025480609527143,0.3318644909936167,0.2794649604006994,-4.918672320015777,1
70.0,73.0,True,0.2750842749918306,0.141794559878089,0.758960037127677,1.0997862616247276,-1.2331681256942322,3
70.0,74.0,True,0.2443339745449708,0.1835381179639991,0.6272099801407546,0.542226525743571,-2.047869860474348,3
70.0,75.0,True,0.2322782895820278,0.1798697961849325,0.5605826360874545,0.1632028639442936,-2.5459930262010584,1
70.0,76.0,True,0.2306735805636051,0.1139920635258279,0.5230864750042593,0.3041571120453185,-2.4834883904209653,1
70.0,77.0,True,0.2440780935791994,0.1284456937172309,0.4896870296252698,0.093288046280298,-2.1074433978692677,1
70.0,78.0,True,0.1290899618571007,0.121957398991771,0.611841858747462,1.5922466535645137,-5.821775006618427,1
70.0,79.0,True,0.1798857668112723,0.1478166839200394,0.485432730754005,0.3088560826797684,-3.851799928419915,1
70.0,80.0,True,0.3103020073950542,0.1518420521932101,0.6092310341370242,0.303903199555798,0.2497856434956898,3
70.0,81.0,True,0.4569535705125168,0.1436246736842159,0.7702116556816778,-0.0078172595374318,4.796299326774465,3
70.0,82.0,True,0.3411325329896217,0.1112640361111568,0.5118494810653643,-0.541291434759548,1.2012610481580377,1
70.0,83.0,True,0.2144562860964984,0.1040504675711169,0.4991355026137403,0.6123622397270797,-3.1096587315828597,1
70.0,84.0,True,0.1924222576100659,0.1274600647611895,0.3868664605465387,0.0184964786612333,-3.7835382019678527,1
70.0,85.0,True,0.2306720442864301,0.1511871616551092,0.5119486763108446,0.118537257090714,-2.2779355932326206,1
70.0,86.0,True,0.3534269744227652,0.2194973890063731,0.6768883115604148,-0.0648598792811275,1.3962062807398612,3
70.0,87.0,True,0.1646434300973104,0.1111679099536106,0.4280769258250397,0.5394546007928303,-4.499757774402716,1
70.0,88.0,True,0.3026015402839611,0.1675808063785257,0.610337653055552,0.1200370378108829,-0.3034424638046298,3
70.0,89.0,True,0.2992549053880348,0.1757104573427234,0.6759093283280436,0.6560769654409963,-0.3857856382308818,3
70.0,90.0,True,0.2489882934052206,0.1278372905621552,0.7001004070357923,1.1735071371940402,-2.0428812501258795,1
70.0,91.0,True,0.2194851305204691,0.1413184737935765,0.579285437883551,0.7016403015632231,-2.8886933553377823,1
70.0,92.0,True,0.4125987925429923,0.1910656320120171,0.7726339559456049,0.1998117039337505,2.9037431111222007,3
70.0,93.0,True,0.4046802911741061,0.2192230218986626,1.235977967291374,1.1148761937458669,2.5060862566147226,2
70.0,94.0,True,0.6176551745524981,0.3675856828538896,1.414631103566651,0.4383639048434884,9.600828226878004,2
70.0,95.0,True,0.5819373426154311,0.2286186961526338,1.3237949222801175,0.5365897041640126,7.923586103100366,2
70.0,96.0,True,0.2009065848882314,0.0819683461156171,0.3467573708259885,0.0190424306774405,-3.214688639886107,1
70.0,97.0,False,,,,,,0
70.0,98.0,False,,,,,,0
70.0,99.0,False,,,,,,0
70.0,100.0,False,,,,,,0
71.0,1.0,False,,,,,,0
71.0,2.0,False,,,,,,0
71.0,3.0,False,,,,,,0
71.0,4.0,False,,,,,,0
71.0,5.0,False,,,,,,0
71.0,6.0,True,0.1814726523766522,0.0977038371316172,0.3870401534483921,0.4738244921718367,-3.942443605333415,1
71.0,7.0,True,0.2945905529109787,0.1702173116580607,0.6764076036219062,0.7571097386281884,-0.3305538704675337,3
71.0,8.0,True,0.2842554557681245,0.1739539435442628,0.6005556313482854,0.2392670167713294,-0.6337577361943529,3
71.0,9.0,True,0.3475597410341878,0.204732643094838,0.6980368523077355,-0.259677027975871,1.1807399354139754,3
71.0,10.0,True,0.172178584062859,0.1066268715484801,0.3776491933927816,0.4647900237006437,-4.153143643835369,1
71.0,11.0,True,0.2529494609819845,0.1521828338007705,0.7315818965858324,1.1313687486458797,-1.9786888722017772,3
71.0,12.0,True,0.1895676298932555,0.1235885632266082,0.6199040506403672,1.1390345499825296,-3.834945661086919,1
71.0,13.0,True,0.2080827620934552,0.1811383562542341,0.719545283860407,1.646602461071599,-3.081628413709837,3
71.0,14.0,True,0.2267744047107318,0.132658339388035,0.5384162122837562,0.505534395858988,-2.5685751773379977,1
71.0,15.0,True,0.36290107325923,0.1743753709154472,0.7642150448062405,0.2311584827198045,1.402145883864226,3
71.0,16.0,True,0.2095419987257681,0.1385371754313371,0.4530342664781618,0.2272014722063448,-3.131870679797439,1
71.0,17.0,True,0.250759129034407,0.187160009714101,0.711365295500895,0.8263683802012194,-1.9267292087435697,3
71.0,18.0,True,0.2429731979360848,0.1945170510462178,0.6462957556334064,0.8910047682357384,-2.149060533788175,3
71.0,19.0,True,0.0952777191996432,0.0905263881708707,0.3113437969886318,0.6546266813491046,-6.706309558934494,1
71.0,20.0,True,0.1212270411665016,0.133647664707004,0.5083785516154704,1.691868955297828,-5.811584010720397,1
71.0,21.0,True,0.1603822036747087,0.0827519305801549,0.3155240202402261,-0.1524109746909227,-4.626663469877428,1
71.0,22.0,True,0.1444096062532772,0.1261493206268981,0.4496628971628746,0.6876318125816377,-5.326419151397873,1
71.0,23.0,True,0.3456271055079167,0.2010572630289379,0.8093732967456041,0.8459182024221542,1.136421817402817,3
71.0,24.0,True,0.2609545535578317,0.1470546718410981,0.5348175267913069,0.0013264809387641,-1.4734670898924007,1
71.0,25.0,True,0.2355640249847638,0.1918083659194066,0.6367142287003428,0.7538525524872076,-2.1532351397297886,3
71.0,26.0,True,0.2021267779500237,0.1549608027211201,0.5747814919009242,0.7204156459347134,-3.2577017699972326,1
71.0,27.0,True,0.2853005089391131,0.1119062463667265,0.5566493286684188,0.7582491085713866,-0.6791125008394145,1
71.0,28.0,True,0.3344638537431794,0.2102998914291802,0.8791873161823773,0.5190057597931624,0.4993228056360546,3
71.0,29.0,True,0.1817510580866379,0.170280486188456,0.5651901415919357,1.01674288680256,-3.929114181179741,1
71.0,30.0,True,0.2862382134076048,0.1340109614580916,0.566511383577457,-0.0245379783939452,-0.5784856971949317,1
71.0,31.0,True,0.1268937088112755,0.1302170692979248,0.4609047265528004,0.9729830659048848,-5.505852082988213,1
71.0,32.0,True,0.2144948414677388,0.1484470761088358,0.53121159614106,0.5724132031205988,-3.0583860869527077,1
71.0,33.0,True,0.4898345302535838,0.1851316167207986,0.829315436313996,-0.3229592446623192,5.946887140495667,3
71.0,34.0,True,0.6118225374697929,0.3027888114899957,1.4463057907461054,0.6654348749173018,8.782747688886749,2
71.0,35.0,True,0.6492778340583755,0.317219813792777,1.4750738371261594,1.001627558332023,10.694286902513833,2
71.0,36.0,True,0.5831178645733094,0.2965468447685646,1.5,1.206340660441779,8.048039687209348,2
71.0,37.0,True,0.4655185316417908,0.2293107454234473,0.9715367603237186,0.5138660034062427,4.994882161123134,2
71.0,38.0,True,0.3685189896419936,0.2105778570886075,0.9336561213349016,1.1441283791203631,1.7780987722736483,3
71.0,39.0,True,0.4108427571042049,0.1761592998288704,0.8817804072313503,-0.0595492754971591,2.8311017564343643,3
71.0,40.0,True,0.4498074868449606,0.1704428514281758,0.7111034384669124,-0.3985359041470701,4.300542394782064,3
71.0,41.0,True,0.2525146359791141,0.1190103824822087,0.543060498264886,0.4735666929382527,-1.6924880687054364,1
71.0,42.0,True,0.3773096936973311,0.1399829874384821,0.6363353905330454,0.055992466201056,1.990980789831492,3
71.0,43.0,True,0.4640334922295053,0.266706912877812,1.013909806243594,0.4316689679293986,4.867640378613286,2
71.0,44.0,True,0.4461416679167291,0.2612839432011867,0.9593021588693588,0.02817883359763,4.502316720721518,2
71.0,45.0,True,0.5200506428261233,0.211948339995999,1.2155338629028218,0.8308380918113416,6.021032505351785,2
71.0,46.0,True,0.4951911392959652,0.2040097485132627,0.9825058037440426,0.6732773952605456,5.726351118510271,2
71.0,47.0,True,0.567105953546103,0.2823658046314644,1.24322350130439,0.249467397436344,7.784819533290028,2
71.0,48.0,True,0.3573870455514514,0.1706320048441639,0.7211481210450927,0.4910584845601248,1.5606414380092417,3
71.0,49.0,True,0.4178448550220663,0.2890162541177569,1.0205346227656305,0.4917674203458717,3.767272135789451,2
71.0,50.0,True,0.5132842769592902,0.1794390005225218,0.8081947983028647,0.0398396064880488,6.137771664047428,2
71.0,51.0,True,0.667521202631338,0.196559803979214,1.1167266929676043,0.1017992548695425,10.948098899761392,2
71.0,52.0,True,0.6798414723642757,0.3516806041426205,1.5,0.6042724349976832,10.60924774288423,2
71.0,53.0,True,0.5520639504766388,0.2388198849449216,0.9734854115448454,-0.3573892083287245,8.002860427647182,2
71.0,54.0,True,0.5183905683005846,0.1665950398535696,0.813206959780373,-0.5783484835589819,6.677657165088249,2
71.0,55.0,True,0.6026519640441269,0.3692560987852779,1.3855896413659112,0.5482140367805146,8.81490782740265,2
71.0,56.0,True,0.5247452958135375,0.309440117275555,1.0164680076833268,0.1210333257317876,6.266282705313666,2
71.0,57.0,True,0.4805870063129198,0.2402170085343341,0.8933712130996899,-0.1738437564096908,5.3782303814787396,2
71.0,58.0,True,0.3730376202710782,0.167465050342051,0.5963538548942161,-0.5219327541322298,1.7733163743191551,3
71.0,59.0,True,0.3284297619049598,0.168070279066329,0.7344580624634746,0.804596084030343,0.0962939862699757,3
71.0,60.0,True,0.2319735628350155,0.1631899072029292,0.7922403368167008,1.2556102258151878,-2.5660887125898535,3
71.0,61.0,True,0.3265875914061101,0.2424512412869335,0.824079844248993,0.6441838810935712,0.4923164828912515,3
71.0,62.0,True,0.3099596242752861,0.1272038584472387,0.5686525088154086,0.4455506577860869,0.099665564084814,3
71.0,63.0,True,0.1805466172118853,0.0567122260392215,0.2756885665658605,-0.3450779818413582,-3.9419636047913182,1
71.0,64.0,True,0.291202398134347,0.1301961845801356,0.5609823952733693,0.2581222685735014,-0.5669268014837786,1
71.0,65.0,True,0.2962518064300616,0.2279435086853441,0.814240624560986,0.432432551468895,-0.3075622394664375,3
71.0,66.0,True,0.2366399540780334,0.15793134021867,0.667789326541329,0.5919731761693183,-2.413731953452328,1
71.0,67.0,True,0.2341256381082266,0.1173870908272314,0.5353904977913699,0.7122006649889022,-2.2651690361955463,1
71.0,68.0,True,0.232615619628593,0.141079826444142,0.6768173889983323,0.5974183418365667,-2.568996750306523,1
71.0,69.0,True,0.2644743516573152,0.1543860749210243,0.5380650317914499,0.1732832337433498,-1.4296198897739074,1
71.0,70.0,True,0.2889443209300558,0.1934497559698853,0.6915193482435221,0.222296320403486,-0.3145659226104576,3
71.0,71.0,True,0.22833920485128,0.129843450739674,0.43151410095025,-0.3759496058253873,-2.4303479376865735,1
71.0,72.0,True,0.2167924118723237,0.0971656169515886,0.4324873455851399,0.0046190039917594,-2.699335689093753,1
71.0,73.0,True,0.1810734905973358,0.1247506176114476,0.7382711575856576,2.650457763783861,-4.2992125489452935,1
71.0,74.0,True,0.2455341902817175,0.1882978215457424,0.8069546022508703,1.1080216518311208,-2.1692918821598814,3
71.0,75.0,True,0.2949699113311569,0.1570566640437186,0.7303371321169972,1.1040224538451602,-0.4538920247825866,3
71.0,76.0,True,0.26947046486099,0.1388745688936421,0.4900570078313676,-0.291572807308507,-1.2761282441119453,1
71.0,77.0,True,0.3140368732463456,0.2096781511925266,0.6785838959527258,0.1038062915209592,0.3359519994318872,3
71.0,78.0,True,0.2178202685846918,0.1159962956337338,0.4308709986575558,0.1288816917432984,-2.9183762964761004,1
71.0,79.0,True,0.2809562168959549,0.2076926314750898,0.6754557694234594,0.1307568973641371,-0.8479583425298449,3
71.0,80.0,True,0.2788966553759003,0.1539115481289734,0.6533176696573981,0.7575383144367271,-1.3348223691387109,3
71.0,81.0,True,0.2335312945633317,0.0969635237641,0.4815305498458664,0.7487788510931362,-2.4472527262389687,1
71.0,82.0,True,0.2459568880621301,0.1141276980001815,0.4644064378178398,0.0727678834868638,-1.79757189069883,1
71.0,83.0,True,0.2165501155078193,0.0915196124169917,0.3797880005413364,-0.0792206615462561,-2.876183392184628,1
71.0,84.0,True,0.2887155009485126,0.2485784190621129,0.8114086905853121,0.5853734661159515,-0.5337176847519911,3
71.0,85.0,True,0.2862656940522227,0.2063783799767792,0.7733880309203434,0.7916787377346651,-0.6959410203304492,3
71.0,86.0,True,0.1949704264499764,0.077735104823306,0.3500315512270819,-0.1274888170011096,-3.606049788315491,1
71.0,87.0,True,0.3231556128814964,0.1188103003780295,0.5321833216511478,-0.6855818246829304,0.3708164134239945,1
71.0,88.0,True,0.2681065639553732,0.1138782671204288,0.5060697886376345,0.1332567261313486,-1.438343892248814,1
71.0,89.0,True,0.1973879951105761,0.1056644470616223,0.3821048818640317,0.3790575677039398,-3.6556975211030753,1
71.0,90.0,True,0.3429262594659867,0.2011065490564956,0.863098187244603,1.034327386846659,0.9844978278235116,3
71.0,91.0,True,0.24618072812667,0.1598652964404499,0.5714671310229353,0.6785397743067105,-2.073994808165463,1
71.0,92.0,True,0.4267532573500429,0.2530228017050961,1.0000395531622692,0.904337232154242,3.638783821377361,2
71.0,93.0,True,0.6692187035989359,0.2787798596335415,1.377037975903359,0.5088350577378422,11.154244282010849,2
71.0,94.0,True,0.5958513659010723,0.3167004530826581,1.3002165723669576,0.6235824943573762,8.603693013216118,2
71.0,95.0,True,0.5396542590401942,0.1347162232796651,0.7858166590541251,-0.2823959315509229,6.978555875779055,3
71.0,96.0,True,0.037712302648235,0.0692715855500918,0.234799025953492,1.82237302469048,-8.461396473465273,1
71.0,97.0,False,,,,,,0
71.0,98.0,False,,,,,,0
71.0,99.0,False,,,,,,0
71.0,100.0,False,,,,,,0
72.0,1.0,False,,,,,,0
72.0,2.0,False,,,,,,0
72.0,3.0,False,,,,,,0
72.0,4.0,False,,,,,,0
72.0,5.0,False,,,,,,0
72.0,6.0,False,,,,,,0
72.0,7.0,True,0.3489934952963852,0.0545340009116043,0.494621323593524,0.9277643842720864,1.1460468412272289,1
72.0,8.0,True,0.4104766264662374,0.3075533336781887,1.1576648902663162,0.8111505783097188,3.1712413075128256,2
72.0,9.0,True,0.3280612874055654,0.1496029183410785,0.5922913799736036,-0.2026566387379534,0.6716150586821179,3
72.0,10.0,True,0.2837960434722726,0.1342547442561129,0.5100681900280254,-0.4344570079296288,-0.6762714562003554,1
72.0,11.0,True,0.2467434709199643,0.1358055781608072,0.4920392207433906,-0.0071426705026353,-1.7471049976371815,1
72.0,12.0,True,0.2078299484961771,0.1395121896002034,0.5431339314007558,0.3862007064902951,-3.083731981156896,1
72.0,13.0,True,0.317583498669214,0.2055396410790449,0.7652033449325149,0.5043698042451131,0.3193322496787495,3
72.0,14.0,True,0.2382307186125135,0.1634204204915088,0.7625718688927713,1.0905513995308067,-2.5386194638475255,3
72.0,15.0,True,0.2261041000483387,0.1427073878141952,0.4675451545653048,-0.1610190599415823,-2.383935457547496,1
72.0,16.0,True,0.3215132084593557,0.1747482128585273,0.6806087262165581,0.4009787519064843,0.0565466146411273,3
72.0,17.0,True,0.2724638313438338,0.193443662202275,0.6880702714743572,0.4461036475889934,-0.982430688260024,3
72.0,18.0,True,0.2626118394883525,0.1019460475491825,0.4636728703714287,0.0200132460259547,-1.3633817877006222,1
72.0,19.0,True,0.1566366970364922,0.1294978059521216,0.4553456046120334,1.0382685925189603,-4.74094748595043,1
72.0,20.0,True,0.2487844464697017,0.1722000655868999,0.716290166510437,1.0967726537097928,-1.7007420083568257,3
72.0,21.0,True,0.2973081300303395,0.0880084059572309,0.4471642504441766,-0.799881403073473,-0.2827896060511231,1
72.0,22.0,True,0.1590930738659801,0.1026413648554821,0.4170201171720695,0.8545655676142525,-4.604747897725508,1
72.0,23.0,True,0.2684961529586326,0.2050430700354705,0.7169592538019341,0.6039345062917485,-1.1626096726742452,3
72.0,24.0,True,0.191677709979339,0.1461965485694361,0.5163253152222944,0.6950652908063992,-3.872770668591045,1
72.0,25.0,True,0.2871667545228391,0.1372848315508889,0.5249539456592622,-0.0364532269979141,-0.9720348619967968,1
72.0,26.0,True,0.160072170000999,0.0811266470759304,0.3286667844264354,0.1251370933123203,-4.67474308435011,1
72.0,27.0,True,0.1104113889635729,0.0943506417562387,0.2978456584887733,0.5537827504543976,-6.093131354276703,1
72.0,28.0,True,0.2285521403737551,0.1383351946885772,0.4900415653663112,0.2022021238627154,-2.6375174516083466,1
72.0,29.0,True,0.1126204473915542,0.1022235420884997,0.3038576792428656,0.4585208650633335,-6.093803793907301,1
72.0,30.0,True,0.2498021671837353,0.1588966964333254,0.6922241788312009,1.2745137437662786,-1.8636087818416287,3
72.0,31.0,True,0.3791643676151769,0.2070136770132629,0.7577754594124776,0.4718243972984577,2.1357782188636185,3
72.0,32.0,True,0.2897104307848208,0.13920807286007,0.6386642481496172,0.1926518101967143,-0.9753249479337414,3
72.0,33.0,True,0.357497994536999,0.204871726801267,0.7070014991062528,0.0184903171290941,1.279752025116206,3
72.0,34.0,True,0.5323093724135168,0.2992902096324156,1.3664287605794565,0.4554019957276849,6.21473687471801,2
72.0,35.0,True,0.4879694475468475,0.1794193722370327,0.8808282537885646,0.0177253981077185,5.307407239753072,3
72.0,36.0,True,0.5729503306587793,0.3450354173218383,1.3422876546957745,0.6977092149155771,8.16480482134981,2
72.0,37.0,True,0.2779458314077649,0.1137147896962514,0.5196580197862624,-0.1676773111135198,-1.103057507223104,1
72.0,38.0,True,0.4246159051896612,0.209633633926226,0.990872241111508,0.9301711840558864,3.579462431472341,3
72.0,39.0,True,0.3673971542403713,0.1260457844768271,0.7160691198998298,0.3741890346640005,1.5958959975124805,3
72.0,40.0,True,0.2781066887196595,0.119631302386896,0.5211349499878687,0.3801595533691752,-0.9218601834650328,1
72.0,41.0,True,0.3068679344410012,0.1792352876714221,0.9189800497860102,1.439532563575201,-0.6152173282382356,3
72.0,42.0,True,0.310133378093914,0.1723639251782856,0.9010677631594126,1.0197986195216018,-0.166656627800392,3
72.0,43.0,True,0.3562473067063957,0.2408723694228229,0.8310696204394307,0.5186938563912463,1.4345840720089595,3
72.0,44.0,True,0.3632809139183757,0.1715854343980791,0.751210813792078,0.62972446734486,1.6567766729372304,3
72.0,45.0,True,0.3203601104131679,0.2239155578218153,0.8526449000802393,0.6659039117803051,0.3604468909918105,3
72.0,46.0,True,0.471607049022796,0.1289586252822781,0.7766518941837159,0.5038841868572268,4.987101451472559,3
72.0,47.0,True,0.5524142873197243,0.3624934902121847,1.245105785755909,0.445474937211669,7.641783682635587,2
72.0,48.0,True,0.4902157812147131,0.2155819256079074,0.9145272083032092,0.0986121806515159,5.636237723544828,2
72.0,49.0,True,0.5568745568529423,0.1867263086250521,1.0736625181988066,-0.1177667642220376,7.187417101825156,2
72.0,50.0,True,0.6804585674363854,0.2181961091352705,1.1085284573635623,0.1482024512062423,11.674972852965835,2
72.0,51.0,True,0.4626800744422804,0.2098284264405082,0.953316368440018,0.5348270210175126,4.483686778924338,2
72.0,52.0,True,0.5521647481315348,0.2644533117162934,1.2662296474028631,1.3287014382077498,7.539181413986707,2
72.0,53.0,True,0.5790932136878837,0.3192976706889787,1.5,1.1393943089112413,7.802241387733456,2
72.0,54.0,True,0.4844660047962514,0.2557697786219455,0.9822926162404,0.1444283493281286,5.249100445215219,2
72.0,55.0,True,0.4667842652716517,0.1438800406533193,0.7328471418933491,0.1690114227183128,4.908194093683354,3
72.0,56.0,True,0.5477523782782389,0.1532037411574225,0.8842985526319683,0.8770780308767983,7.416851048787029,2
72.0,57.0,True,0.4082479451453221,0.2421312243999276,1.0144470811255504,0.6634847045116039,2.8665706118383887,2
72.0,58.0,True,0.3956134382913365,0.2309598035653811,1.025351925768658,0.7386117106417183,2.047861315143246,3
72.0,59.0,True,0.2801434887307851,0.1608758118125242,0.5940448961705354,0.3503081999614882,-1.26132930001802,3
72.0,60.0,True,0.3353889512793905,0.1748711633922073,0.8369911708301755,0.3030178488984401,0.6017908420001374,3
72.0,61.0,True,0.3283625295443921,0.1932463218811016,0.732387020571651,0.4051860795011879,0.7617692597128916,3
72.0,62.0,True,0.3256291012785456,0.205526927717675,0.807556236374723,0.7796485212674332,0.2926211690857375,3
72.0,63.0,True,0.3707671908480299,0.2978206828086666,1.5,1.7159197477695125,1.421998127809996,2
72.0,64.0,True,0.3351942565068475,0.2503313396655223,0.9340305684516388,0.8896519859024429,0.7884361747863843,3
72.0,65.0,True,0.1610140898065025,0.0969035420519514,0.3629903348237538,0.1373124022736929,-4.6396303402961845,1
72.0,66.0,True,0.2772686064147787,0.1815152926814971,0.6762682874545888,0.3755457511015172,-0.6783123142551992,3
72.0,67.0,True,0.2568722883211683,0.1816064835716147,0.8160039407040011,0.8612881879649258,-1.9964079978660128,3
72.0,68.0,True,0.1419933861716432,0.1719683641922796,0.72237325762647,1.8222490635030233,-5.484500520405217,1
72.0,69.0,True,0.1788159366091987,0.1063225341346955,0.4011066698899208,0.01560604797542,-4.029438152399127,1
72.0,70.0,True,0.3021485847640534,0.206384728799439,1.0833755917969332,1.5847087063599363,-0.6863740115818106,3
72.0,71.0,True,0.2652466708191891,0.1459016047409508,0.5362038942893658,0.1917493041817521,-1.3484326707517644,1
72.0,72.0,True,0.3579153215221988,0.2836199545644923,1.0363220392650472,0.9176053316798948,1.6536547929781251,2
72.0,73.0,True,0.3999084572735347,0.235854198490283,0.826883750402949,0.0365455556089657,2.670149302527545,3
72.0,74.0,True,0.2545009913866108,0.1862489431344944,0.680952814075599,0.4034873626492137,-1.6863346051014836,3
72.0,75.0,True,0.1981090997364995,0.0958014919564679,0.4773802681022469,0.2725210040103857,-3.6959443319606153,1
72.0,76.0,True,0.3137417754252423,0.1680128334832014,0.8094431231375672,0.1519275848316025,0.0083852230250483,3
72.0,77.0,True,0.2338913719200142,0.1653852697549361,0.6475085841773405,0.8555510023303173,-2.8379683179998905,1
72.0,78.0,True,0.2650218724636689,0.1997409644097088,0.7230206558761002,0.7624233066382103,-1.1756313888991743,3
72.0,79.0,True,0.2618693488139929,0.1654666190443304,0.5054096761302033,-0.0631968865146893,-1.4926644121004744,1
72.0,80.0,True,0.239649730312315,0.2317110945440164,0.7919174280659885,1.0481314468140908,-2.2993343381622875,3
72.0,81.0,True,0.3140649362170148,0.2244611851501589,0.8577920574015918,0.9582522210395468,0.4188732628671741,3
72.0,82.0,True,0.2211014731649787,0.1656781039268264,0.5865946167411095,0.5520495411642783,-2.6634049759205647,1
72.0,83.0,True,0.3394716696134282,0.2414192430938379,0.9498080573379132,0.8896500204838604,0.4906962769411149,3
72.0,84.0,True,0.2225934536577964,0.0899841571764428,0.3920247760801277,-0.0717792164827926,-2.7951542338277555,1
72.0,85.0,True,0.2862513860940628,0.1530073596653167,0.5710121424238312,0.2322991988601893,-0.6680256216363084,3
72.0,86.0,True,0.3515992543548334,0.1642297738302687,0.7411857514948825,-0.0815999210795621,0.9200194574899196,3
72.0,87.0,True,0.1299359429733632,0.0954998752473259,0.3307629591485755,0.5672466814644348,-5.493879813955871,1
72.0,88.0,True,0.4134090612124166,0.2117069422243658,0.7697769240917989,0.1396916356332023,2.82077991304377,3
72.0,89.0,True,0.2941455870673461,0.1309961821245451,0.5048896212276787,-0.196785631327455,-0.4635706783029087,1
72.0,90.0,True,0.3367158625009041,0.1696430032423466,0.870351751306336,0.5665706086326999,0.4470839353373766,3
72.0,91.0,True,0.2273546751644064,0.1279991994257719,0.5346803762360708,0.5118769266335337,-2.75381321860068,1
72.0,92.0,True,0.5833628366215521,0.2236964018866725,1.0453578906388568,0.3533870513876104,8.485770818683951,2
72.0,93.0,True,0.6620447705927942,0.2068261059089147,0.997207067945707,-0.1603367845203566,10.833459278340376,2
72.0,94.0,True,0.5171304615859929,0.2874241114292188,1.1347764971596237,-0.1527383982301742,6.203559461620693,2
72.0,95.0,True,0.2934084793005289,0.164521170524112,0.9085695363885214,1.768154791737543,-0.8417152388723257,3
72.0,96.0,False,,,,,,0
72.0,97.0,False,,,,,,0
72.0,98.0,False,,,,,,0
72.0,99.0,False,,,,,,0
72.0,100.0,False,,,,,,0
73.0,1.0,False,,,,,,0
73.0,2.0,False,,,,,,0
73.0,3.0,False,,,,,,0
73.0,4.0,False,,,,,,0
73.0,5.0,False,,,,,,0
73.0,6.0,False,,,,,,0
73.0,7.0,True,0.256273635589773,0.171765007520476,0.7498440967446335,0.5293252592085356,-1.7614097498482568,3
73.0,8.0,True,0.486603588180489,0.1761220664198592,0.7993036670369614,-0.4486753371642555,5.8016441694582355,3
73.0,9.0,True,0.2875273398580684,0.1799529454189317,0.7552544171394994,0.8792088216241922,-0.4950820505187692,3
73.0,10.0,True,0.2486737355342226,0.1511833305008903,0.5455945854795252,0.5392134216927041,-1.894422998420881,1
73.0,11.0,True,0.2196878227818567,0.1219876825677424,0.477478098306726,0.6551805573019059,-2.900723644969426,1
73.0,12.0,True,0.262857516087469,0.2506015722262327,1.2239703304261984,2.017622379036276,-1.8067105450605865,3
73.0,13.0,True,0.1280199027832659,0.1373563154650684,0.4908908740089863,1.5941606437424234,-5.563088713490989,1
73.0,14.0,True,0.2207338343478984,0.150132044974227,0.5316125262762053,0.5826272396092899,-2.8781339952156095,1
73.0,15.0,True,0.1729273880862076,0.075367093210448,0.3592683979676438,0.3523373819415593,-4.086339887460461,1
73.0,16.0,True,0.1920646216391983,0.1119270328861339,0.4063113407858829,0.3300599861354339,-3.5741013721128176,1
73.0,17.0,True,0.1860169501821163,0.0988935359751383,0.4097383277020593,0.3778556590505028,-3.747151917300595,1
73.0,18.0,True,0.2214412166932814,0.12415729367445,0.4423626810722242,0.2291421916093693,-2.5403174741209043,1
73.0,19.0,True,0.3353758353031968,0.0996930348934696,0.5102172447405238,0.0760923850948813,0.7601241638171693,1
73.0,20.0,True,0.2222964146434079,0.1486675762445477,0.5744480704775384,0.700222090770212,-2.6694318267606185,1
73.0,21.0,True,0.1981573947589516,0.1691522668012622,0.6019568011104693,0.8336124240385688,-3.4138029230939635,1
73.0,22.0,True,0.2353622759162053,0.1968859670096605,0.7355589470694477,1.0851294993697,-2.0655528219878208,3
73.0,23.0,True,0.2769522586890985,0.1144162646272111,0.4489389362786989,-0.2394562755492153,-1.03811730665344,1
73.0,24.0,True,0.3097151054328222,0.1894007075850137,0.8046742329156059,1.470007011830053,-0.0929474430284315,3
73.0,25.0,True,0.254234517390504,0.1417492216500423,0.476376930584979,-0.5136806511689734,-1.8326779590208928,1
73.0,26.0,True,0.1897710350264924,0.1303517276124411,0.4773624503290716,0.6396903370709519,-3.634052621202689,1
73.0,27.0,True,0.2519977929375131,0.1661988558695989,0.5992068541741064,0.1920478413660311,-1.6365298409637734,3
73.0,28.0,True,0.223407123759159,0.1285573580355642,0.5021791267123121,0.5924734717736,-2.7354268041517495,1
73.0,29.0,True,0.2744668123020475,0.1765794741288428,0.6391601824795564,0.1626745430230744,-1.010021737477575,3
73.0,30.0,True,0.2154314348400297,0.1325400184783305,0.4455193706880172,0.0973330224496924,-2.931010476446166,1
73.0,31.0,True,0.1773229596127917,0.1000506845894681,0.3871975559329183,0.3014637997737525,-4.091725681212537,1
73.0,32.0,True,0.212005641255075,0.0998245238044774,0.3864067797153865,-0.1856601838326572,-2.862468905057892,1
73.0,33.0,True,0.2948017091279365,0.1408005848993389,0.6572251334588723,0.410692397935058,-0.2960301951158537,3
73.0,34.0,True,0.5341888858410029,0.2058921619864448,0.9662481524397668,0.25312215526098,6.5243237776425325,2
73.0,35.0,True,0.5160858727754415,0.1864257025876348,0.8923574153026974,0.6026585209851612,6.309964460492537,2
73.0,36.0,True,0.5107252102612612,0.2735107038379565,1.157909947393048,-0.0240059466371027,6.039558923175793,2
73.0,37.0,True,0.242082917064717,0.1633563170811627,0.6300656697605614,0.591614747313722,-1.918222281779445,3
73.0,38.0,True,0.3976301386421302,0.1948858424046816,1.0426728882480374,1.3403857964441477,2.5159869056017587,3
73.0,39.0,True,0.3062872899480534,0.1581142267833836,0.6362524866691375,-0.006988694603852,-0.0610797715449893,3
73.0,40.0,True,0.2379049053951261,0.1583723977657172,0.5228667931726564,0.0104050856655485,-2.110306875345871,1
73.0,41.0,True,0.3256850238180407,0.2246414468900012,0.7227862554437043,0.1525611899003467,0.5998530732254105,3
73.0,42.0,True,0.338058916495298,0.2633416188506455,1.1153380854361403,1.404922225779629,0.6235866523844691,3
73.0,43.0,True,0.430671308699925,0.221442755106543,0.7981845546342186,-0.0323782457144447,3.881502519712265,3
73.0,44.0,True,0.4524826422970506,0.3444874424412149,1.4279356072674485,1.4823697043268602,4.189417706442097,2
73.0,45.0,True,0.3934655891397172,0.2338400437223371,0.7919607427049923,0.0699044646042016,2.485533577921919,3
73.0,46.0,True,0.2292306249788208,0.1280440776026578,0.6815615319008804,0.9921244322596006,-2.7414545381131834,1
73.0,47.0,True,0.4135128681063198,0.1899165490658109,0.8318172190355131,0.0117375185742389,2.8811093891123587,3
73.0,48.0,True,0.4234589212832954,0.194826719233234,0.7914299179050405,-0.2473118643850149,3.531437446812067,3
73.0,49.0,True,0.5403115268356873,0.225375719327267,1.0104091026513875,-0.0062663299925641,7.296903281261994,2
73.0,50.0,True,0.5471087179147577,0.2193155936781117,0.9801506550643668,0.1405018011318911,7.3307488772984755,2
73.0,51.0,True,0.5591501269972472,0.2674237868633901,1.3038230441665906,0.9272086632046164,7.678780000717815,2
73.0,52.0,True,0.4085414472242719,0.302385768631563,0.9986219116117508,0.4696253847146796,3.4014692515487552,2
73.0,53.0,True,0.5424755603783361,0.2459258065551809,0.9945713484240302,-0.317802782579601,6.8372311030648545,2
73.0,54.0,True,0.5055222606489544,0.3302369934273991,1.238518474535454,0.728267258210633,5.913892479523012,2
73.0,55.0,True,0.3852504890134817,0.1928553588967455,0.9831673962760488,0.3326276356932766,1.9246138083388564,3
73.0,56.0,True,0.3294195218097454,0.1442071981144261,0.5514287107025563,-0.5217533576639014,0.439281478473726,3
73.0,57.0,True,0.4935303365932261,0.2133936378221639,0.9901198643411852,-0.6899263524223088,5.33509189428395,2
73.0,58.0,True,0.2762630903599714,0.1524040711836256,0.5221114515060203,-0.0889575813374812,-0.9446619321693008,1
73.0,59.0,True,0.3156207812467722,0.2090289146300749,0.9376979134382252,1.2179827269198245,-0.4723331777875765,3
73.0,60.0,True,0.2115099853246949,0.1539688812377648,0.5533918296691007,0.5558888718518736,-2.7899458187805664,1
73.0,61.0,True,0.2806291419710849,0.0891462291791649,0.5290855314819344,0.7620564968502602,-0.9586706588439748,1
73.0,62.0,True,0.2362185022295573,0.1548635693303201,0.5580150846563857,0.1728371543740313,-2.158245787361922,1
73.0,63.0,True,0.2948593646369492,0.1881957283576284,0.7818451327259134,0.8349771600612301,-0.387431880216618,3
73.0,64.0,True,0.363571023761191,0.2539790482063758,0.9749813036052172,0.3650291956673839,1.3926060109520155,3
73.0,65.0,True,0.2230626729377175,0.1174649249576489,0.5620446770384927,0.5963040829470533,-2.7973571148485035,1
73.0,66.0,True,0.3380820161968321,0.2209335471171689,0.6578733850257119,-0.2226850673501862,0.7204896908326441,3
73.0,67.0,True,0.2640470381779782,0.1604811539841476,0.526572759646786,0.1848907624582676,-1.428594640866465,1
73.0,68.0,True,0.262915900135251,0.2250282862586477,0.7939092355276807,0.7758964099482429,-1.2368423630839098,3
73.0,69.0,True,0.3286571271753963,0.1869248457291695,0.7652773123882934,0.1338959566022486,0.3051411549375341,3
73.0,70.0,True,0.3870246086981216,0.2542160164562383,0.8492028320443515,0.0007528074042244,2.3359582423827394,3
73.0,71.0,True,0.2349149810569628,0.1826529753272334,0.5725346449439258,0.4036850237643388,-2.2469026517954194,3
73.0,72.0,True,0.173900389413263,0.0846921057527497,0.3547730258674781,0.0902950564836181,-4.305035706994387,1
73.0,73.0,True,0.1764375113798518,0.1540939269812057,0.7690413801639883,1.707768882345506,-4.347580248944496,1
73.0,74.0,True,0.3455390694997845,0.1368911350446462,0.6600710796528425,0.5664539496590455,0.9565107999491512,3
73.0,75.0,True,0.1347537223882926,0.0795186373983289,0.3683044709399137,0.9765308582250602,-5.641648080572276,1
73.0,76.0,True,0.2634366686988974,0.1678395536441647,0.6402564757779627,0.7178108994694345,-1.366731362767336,3
73.0,77.0,True,0.3371028875537831,0.1922614598534456,0.7633748248119206,0.2588790229928771,0.8736328943360889,3
73.0,78.0,True,0.2669997886287852,0.1319427020095815,0.475339658355171,-0.2353048105572424,-1.2438253726284048,1
73.0,79.0,True,0.2650135456524449,0.1592132587254267,0.7702374609362674,0.8941782027260009,-1.5945269540193625,3
73.0,80.0,True,0.1874984982113312,0.1293082327939673,0.6906209939741869,1.736262226929423,-4.130524994143867,1
73.0,81.0,True,0.4021553918831571,0.2003300102584302,0.7216675414449785,-0.0306534086309031,2.903345544455896,3
73.0,82.0,True,0.2636482164787371,0.1461230912699116,0.5238678234044091,-0.3397117529155686,-1.3899405482865668,1
73.0,83.0,True,0.3839207919611329,0.1713945567685349,0.8606145419129526,1.3729104336918432,2.2404783439612346,3
73.0,84.0,True,0.3383962625037307,0.1651750897097143,0.6565135722758004,-0.0805835167532564,1.0463659191797754,3
73.0,85.0,True,0.3161253924328166,0.1532665140263371,0.7178566733138464,0.6080018734028381,0.2821787407952878,3
73.0,86.0,True,0.3599513612273873,0.1838353979229643,0.7306386726420921,-0.1826119526251954,1.6963683055032377,3
73.0,87.0,True,0.2717918094313677,0.1680068741819396,0.5798140577242721,0.21550387631144,-1.0779448868321115,3
73.0,88.0,True,0.2066270586015731,0.1719637422599434,0.6634781797008531,1.337449410252188,-3.20019540614148,1
73.0,89.0,True,0.1590176441077153,0.1149233639440259,0.5364756227910342,1.008251490239446,-4.97060360080833,1
73.0,90.0,True,0.2720119792593046,0.1794029846656386,1.0282943814922567,2.209487988912256,-1.4450159485653,3
73.0,91.0,True,0.413461776731543,0.2358740814989662,1.0821431071763166,1.262526354320252,3.163223051196452,2
73.0,92.0,True,0.4816996583943568,0.2437002629221298,0.9079632693432376,-0.0780438434835645,5.70873161534681,2
73.0,93.0,True,0.7670903754579677,0.3244173501180594,1.4757289386991266,0.4554207948491257,13.827787632988253,2
73.0,94.0,True,0.573583914064265,0.2864087823896519,1.2294340370052554,0.6596219491605486,7.732554898447216,2
73.0,95.0,True,0.097862874926403,0.0790466541930648,0.258447902474982,0.494980832865815,-6.4589033610007425,1
73.0,96.0,False,,,,,,0
73.0,97.0,False,,,,,,0
73.0,98.0,False,,,,,,0
73.0,99.0,False,,,,,,0
73.0,100.0,False,,,,,,0
74.0,1.0,False,,,,,,0
74.0,2.0,False,,,,,,0
74.0,3.0,False,,,,,,0
74.0,4.0,False,,,,,,0
74.0,5.0,False,,,,,,0
74.0,6.0,False,,,,,,0
74.0,7.0,True,0.0115482091273141,0.0234883871748933,0.0810235867722779,2.0412437176938143,-9.209608489971588,1
74.0,8.0,True,0.3537872645280804,0.1638861029085928,0.7063326492481975,0.1255554016763466,1.392912439410065,3
74.0,9.0,True,0.3864494009703788,0.1733993542203022,0.7531101839526315,0.1042427175835409,2.4780142245737347,3
74.0,10.0,True,0.3641802379531662,0.2295371272427084,0.891572515422332,0.9620313542645936,1.4183925847475567,3
74.0,11.0,True,0.223395301725132,0.1733727918367148,0.6573623199430192,0.3710013562120163,-2.9276052561457613,3
74.0,12.0,True,0.193022150232131,0.1437151196608325,0.6542117042112465,0.8474626822682939,-3.761305259358796,1
74.0,13.0,True,0.2384017284606544,0.1416287874200796,0.5301212685284798,0.0945525653209592,-2.1541752671400043,1
74.0,14.0,True,0.2359646448799257,0.1193420868680953,0.4842994404583797,0.0251390380940302,-2.154149575613644,1
74.0,15.0,True,0.2126443756993128,0.1171414119899398,0.5903893274615278,0.4487414798212435,-3.217997118865999,1
74.0,16.0,True,0.1599253318432254,0.1117380636529057,0.380734205003802,0.1983124123873515,-4.712343231678409,1
74.0,17.0,True,0.1716258459151767,0.1023159698585951,0.4624080106626242,0.3447044657372668,-4.478225535549548,1
74.0,18.0,True,0.2075077087927705,0.1163066604229659,0.423098778474286,0.0688671494139693,-3.040004300254065,1
74.0,19.0,True,0.2050816394470993,0.2106016859254827,0.7319585651998441,1.3404604772141837,-3.150496051291074,3
74.0,20.0,True,0.1876261447173387,0.1745066220937577,0.5235301669814896,0.5655480565754022,-3.6257965598431263,1
74.0,21.0,True,0.1667024315220411,0.1497844583614337,0.4393592061341388,0.4656842766287937,-4.451522939223118,1
74.0,22.0,True,0.1985299606438392,0.1892462233614586,0.7715376802872401,1.120563609992677,-3.6573260510824537,3
74.0,23.0,True,0.285382694689466,0.124708442662482,0.5822939627003194,0.3813468094954795,-0.8709940962352691,1
74.0,24.0,True,0.2793062398145857,0.2274354489633881,0.7126893040357372,0.5221918202247208,-1.0150148915819044,3
74.0,25.0,True,0.2020441027883701,0.1382463895652163,0.4964773210787709,0.4754042436402068,-3.315532283192129,1
74.0,26.0,True,0.2441449102205722,0.2247029489098016,0.8206332521002921,1.0939864250566709,-2.2046665030775983,3
74.0,27.0,True,0.2347278007821937,0.1499076240249237,0.4867083766508731,0.0231895107314414,-2.11403253846887,1
74.0,28.0,True,0.1451735175273777,0.1191467240040496,0.3667936953333716,0.5416847059507527,-5.018218546852342,1
74.0,29.0,True,0.0985416379154587,0.0657620840162447,0.3536122377613918,1.4734133796616014,-6.626276061248818,1
74.0,30.0,True,0.281880660478102,0.1709004786092956,0.6549819660021702,0.0275357150000612,-1.051725663317575,3
74.0,31.0,True,0.3498795221812394,0.2419885192457501,0.9244751934681744,1.1073015255905627,1.058282799097804,3
74.0,32.0,True,0.4363001618103523,0.2538015413021939,0.932513808990922,0.3616150951423869,3.290833852584396,2
74.0,33.0,True,0.4386540518783027,0.3043659862782381,1.5,1.3203589852590385,3.394618516233966,2
74.0,34.0,True,0.599878089967123,0.2226931932153541,1.044647305364121,-0.0244911738837116,8.775182412392418,2
74.0,35.0,True,0.3012345253550103,0.213213663900599,0.7460750431575551,0.4235892040387721,-0.2667063633565694,3
74.0,36.0,True,0.447444328414719,0.2312921723244748,0.7787266787893569,-0.1795828814536766,4.073837991237803,3
74.0,37.0,True,0.2752661981644365,0.230702823460123,0.8236435364950977,0.9583105185235328,-1.0328405670646503,3
74.0,38.0,True,0.3557520609405207,0.1403312625798854,0.7037121987749267,0.2333243429739731,1.457040345051912,3
74.0,39.0,True,0.2742478644745503,0.155324969231419,0.6789654916868896,0.2275714028216858,-1.247771586338198,3
74.0,40.0,True,0.3551528699616713,0.1651116955521026,0.6326724894752817,-0.3342995757928954,1.4498265372699104,3
74.0,41.0,True,0.1857639350268383,0.1223766121996346,0.4599090276784465,0.3455006297167196,-3.917824773239834,1
74.0,42.0,True,0.2608178830195555,0.1630407736671832,0.560501224587775,0.2651344873108905,-1.485060535410347,3
74.0,43.0,True,0.3378221711398331,0.2166525277913975,0.7247788765736992,0.2900941350041084,0.5597658317679424,3
74.0,44.0,True,0.3752559569067065,0.2372485383008965,0.7646128878806975,-0.1104206708460155,2.080406233628199,3
74.0,45.0,True,0.3005425222392504,0.1251507582403566,0.5856774026224157,0.2957042542519582,-0.1707762752778545,1
74.0,46.0,True,0.3578183766104346,0.2034160267608619,1.1079618959191109,1.2437712968363626,1.0841928850876934,3
74.0,47.0,True,0.3537242007942762,0.2720944129546598,0.9003522042660184,0.4410310633050162,1.208538108183316,3
74.0,48.0,True,0.2824714734137742,0.2077424847190985,0.6809622751689418,0.3663325589715082,-0.8992304548273303,3
74.0,49.0,True,0.4292117420952056,0.3195722844188686,1.239306271703587,0.9959654560786082,3.7991997585315502,2
74.0,50.0,True,0.2590636760657046,0.1495019453648941,0.4744440805883433,-0.2608264573646076,-1.6688712798878642,1
74.0,51.0,True,0.3979605507366281,0.1731915491133543,0.7452169323936229,0.1711744135880981,2.66831936912297,3
74.0,52.0,True,0.3434853754430579,0.2178342369368528,0.8415735384148458,0.6755898564859809,1.0770851752284112,3
74.0,53.0,True,0.5372606819245694,0.2452653746016927,1.0179160752257788,-0.1697172865939895,7.510609560058869,2
74.0,54.0,True,0.5035193327697925,0.3534499855135369,1.2608675692956748,0.4743626082061155,6.01685933219202,2
74.0,55.0,True,0.3871290249990676,0.217895741384232,0.7459397038685128,-0.015527401258511,2.2180309154276534,3
74.0,56.0,True,0.1940210946032666,0.1317522213117805,0.5783472855097243,0.887612009121019,-3.743472978308165,1
74.0,57.0,True,0.3346651813918643,0.2343718815543728,1.1452406510928157,1.1861888719262197,0.4763460208869277,3
74.0,58.0,True,0.2092327116004076,0.147090549347773,0.4977689864718048,0.222805588122645,-2.9508021958810655,1
74.0,59.0,True,0.3224813620617384,0.2414031096815823,0.7423952179009842,0.4105685187531971,0.0819148374651271,3
74.0,60.0,True,0.4083176840383927,0.1970006045108217,0.7994674420950817,0.0851436193054636,2.9961263890750818,3
74.0,61.0,True,0.2051292536990261,0.1721915355361188,0.6112837569840965,0.8053376093452864,-3.206261397407575,1
74.0,62.0,True,0.2170835971214438,0.2483049764355304,1.3644932980786235,2.838286030905357,-3.4237467698008643,3
74.0,63.0,True,0.1746661810059307,0.1394047804829027,0.519167197651806,0.87685177503227,-4.186411279550924,1
74.0,64.0,True,0.1636341612982635,0.0878211096874709,0.3062776634901166,-0.2289170708514309,-4.465146654864217,1
74.0,65.0,True,0.2490555945358765,0.1914931572831746,0.5761848858662175,0.34991975941489,-1.5785409209108974,3
74.0,66.0,True,0.3459652017769594,0.1734341194686157,0.7304262938971999,0.499486708713521,1.3579397909336957,3
74.0,67.0,True,0.2967451936153507,0.2102180983810931,0.646898151241997,0.3651946995764494,-0.6236363959029763,3
74.0,68.0,True,0.169330519388598,0.1465183809195825,0.5014252408387597,0.6029988284147302,-4.230112634204666,1
74.0,69.0,True,0.2342483796789789,0.115938930657645,0.5273419840239431,0.7830100052700848,-2.443897949014316,1
74.0,70.0,True,0.3160543726407109,0.1852925851443623,0.8173513674361956,1.204006161061223,0.4628920681645369,3
74.0,71.0,True,0.2197774465502247,0.1518051220124264,0.5903983029970032,0.9230213472700128,-2.592876684308149,1
74.0,72.0,True,0.2621236662138889,0.1771030226346243,0.6998434260515138,0.6296538119731511,-1.7014251602972583,3
74.0,73.0,True,0.1557114363431937,0.0899370641283147,0.3291354757614545,0.0632713705641231,-4.641043994867313,1
74.0,74.0,True,0.3760041900576681,0.144764009370942,0.6503503538161953,0.229622504370997,1.896184100581698,3
74.0,75.0,True,0.3066090687072716,0.1399153429505763,0.5656006366565504,-0.4314482383692719,0.0337704298457174,3
74.0,76.0,True,0.1752103663989331,0.1940188610989262,0.6583992438610151,1.0857783028529058,-4.009475500601109,1
74.0,77.0,True,0.2540370010282087,0.2564609938681536,1.0824825807017433,1.4577500843260716,-2.146579508211788,3
74.0,78.0,True,0.3287535591186175,0.1655761173584193,0.6807005726489731,-0.4455976472287243,0.3974368144361407,3
74.0,79.0,True,0.1939287363369564,0.1249306395107311,0.4022169667529825,-0.1216410683238674,-3.425983997048907,1
74.0,80.0,True,0.285615609924261,0.2056743185143497,0.7333814521504438,0.525413305140327,-0.735589377006131,3
74.0,81.0,True,0.3758798328638468,0.2786904616572067,1.0701591526133762,0.9030615255028246,2.4132080243048666,2
74.0,82.0,True,0.4288925332813778,0.2260853095641291,1.124450684615498,0.5268821006244785,3.510777860998892,2
74.0,83.0,True,0.3513457873363167,0.1610895526885112,0.7050694075541413,0.0547737651870318,1.3771225199835204,3
74.0,84.0,True,0.4183552875268169,0.2444322664038127,0.7915856746928377,-0.1854494510381774,3.5481842422386514,3
74.0,85.0,True,0.4682018089887288,0.2028498893309766,0.8098923595139795,0.0643325204406156,4.73987855203154,3
74.0,86.0,True,0.2927377101163521,0.1142487184212554,0.5441932786363141,0.1452544576108785,-0.5670572266897681,1
74.0,87.0,True,0.3502118373067102,0.2574113808346832,0.9461246096752493,0.4057842459903346,1.3512324212657123,3
74.0,88.0,True,0.2867287482953375,0.2436059236345328,1.1892268981557268,1.683078297666644,-1.3034107066814011,3
74.0,89.0,True,0.3863505874903148,0.1951554943505618,0.672298570979477,-0.2156063587212037,2.556200263144108,3
74.0,90.0,True,0.3864895487385797,0.1948867469610548,0.6840594567148707,0.030902323295794,2.030693607539786,3
74.0,91.0,True,0.450544714034671,0.2581465554809464,1.054965893853298,0.8454973199136807,4.2800287527377465,2
74.0,92.0,True,0.5867683290847084,0.2721690925363894,1.3826408186219192,0.5243524529923559,7.821221940698384,2
74.0,93.0,True,0.5880742038552235,0.2753758409749243,1.166321317885856,0.4422630497341717,7.92504423502364,2
74.0,94.0,True,0.2893448894326504,0.1292178782483661,0.5705481881726442,-0.0956002281370306,-0.6016888270611053,1
74.0,95.0,False,,,,,,0
74.0,96.0,False,,,,,,0
74.0,97.0,False,,,,,,0
74.0,98.0,False,,,,,,0
74.0,99.0,False,,,,,,0
74.0,100.0,False,,,,,,0
75.0,1.0,False,,,,,,0
75.0,2.0,False,,,,,,0
75.0,3.0,False,,,,,,0
75.0,4.0,False,,,,,,0
75.0,5.0,False,,,,,,0
75.0,6.0,False,,,,,,0
75.0,7.0,False,,,,,,0
75.0,8.0,True,0.1212508546417089,0.0775896541116086,0.2840416159226486,0.2285691720447775,-5.772919050212881,1
75.0,9.0,True,0.3232244578241942,0.25779278111745,0.7848807913802942,0.2699411792383604,0.4233586042996927,3
75.0,10.0,True,0.3352904985560824,0.1653804939870196,0.6607041029672799,0.4488305845964536,0.7156145116647374,3
75.0,11.0,True,0.3108851562576943,0.2499865447747239,0.7827316589546438,0.3921565265067755,0.1253893863339144,3
75.0,12.0,True,0.2108852983055439,0.1149346486011388,0.445275182866083,0.3670857897001771,-3.101486602092683,1
75.0,13.0,True,0.2663677360410143,0.2139092334806262,0.7065025216536707,0.4378572303384071,-1.1778792467837305,3
75.0,14.0,True,0.3510238745965316,0.1953572555291288,0.6559532534026162,-0.1824231335378223,1.648321661738811,3
75.0,15.0,True,0.2009687727405512,0.2089557665246557,0.7244193086501958,0.9602924009424314,-3.4725047547206467,3
75.0,16.0,True,0.3021134757739902,0.1516856705173827,0.6396078027867319,0.5645431221425287,-0.3632740770691801,3
75.0,17.0,True,0.2953410986814648,0.212496769509587,0.6937724811310171,0.5379120561316787,-0.6879212160951955,3
75.0,18.0,True,0.2376432072980988,0.1768966714989917,0.6516763677518402,0.6583606437654502,-2.068352384190979,3
75.0,19.0,True,0.268601143086097,0.186903282220901,0.8739169212001746,1.161849480486992,-1.5538819500065242,3
75.0,20.0,True,0.233389434220731,0.1260182670810516,0.5242719051323785,0.5041541904922261,-2.5623894131924465,1
75.0,21.0,True,0.2690154838542994,0.117021657689742,0.6610433591131638,0.4173678514297529,-1.497648688754838,1
75.0,22.0,True,0.3306496967714853,0.1421612715696961,0.6087215373325907,0.2404451368148724,0.4573538327954236,3
75.0,23.0,True,0.2568626657461631,0.1465568282313616,0.5345367169393597,-0.1689741171587349,-1.6263349148029256,1
75.0,24.0,True,0.3630801506376825,0.1713209348608119,0.7224773930968862,0.5160368687680795,1.6176635708870837,3
75.0,25.0,True,0.2184991878090774,0.1674764595034407,0.5768936636285145,0.7851934969451736,-2.5305659213783667,1
75.0,26.0,True,0.1846263504704068,0.2023774273477347,0.6906612429884886,1.310342992210089,-3.8051955172637055,3
75.0,27.0,True,0.2538116968917948,0.1892644262232962,0.7693703498457269,1.2139363878578595,-1.7179358119470998,3
75.0,28.0,True,0.1859950855022438,0.1074486736526554,0.5971162573553443,1.4897516273785036,-3.991428042353683,1
75.0,29.0,True,0.1107068210691444,0.0785083726455804,0.2633224917859026,0.3146355135944851,-6.045671925810188,1
75.0,30.0,True,0.3703243478531173,0.2036430053635164,0.8278230996904379,0.3384324876468449,1.8443829801404563,3
75.0,31.0,True,0.4319738054794037,0.1979410226307636,0.9265505670583408,0.2988363010089248,3.4056785020622717,3
75.0,32.0,True,0.313911816283425,0.1852861110739896,0.6148601437655248,-0.2689946691609187,0.148293231493752,3
75.0,33.0,True,0.3952087261931341,0.2991700683921393,1.3683811663527563,0.8449442171426238,2.0759985591420165,2
75.0,34.0,True,0.3881586501157152,0.1922883992143725,0.8681643199663166,0.5596090722438017,2.498839593644699,3
75.0,35.0,True,0.2609555705093742,0.1795674683661099,0.6154319064337884,0.053189413762865,-1.7689545726118605,3
75.0,36.0,True,0.3425188118045601,0.2336610709456882,1.0143963112922274,0.8991693424146655,0.5537133005194583,3
75.0,37.0,True,0.2657757012608756,0.147864651066656,0.5891068797754544,0.3494528310631726,-1.2965741843263436,1
75.0,38.0,True,0.3074763180478199,0.1605690286813021,0.8342693135504795,1.105427142223206,-0.4864054853682676,3
75.0,39.0,True,0.3147553129254739,0.1934627682486178,0.8350060386993097,0.84168981299935,0.4167534100634729,3
75.0,40.0,True,0.3535140965617469,0.1615456365477753,0.579765071662123,-0.71822599705215,1.3751882339954613,3
75.0,41.0,True,0.2010561320755916,0.1282180134513151,0.4980655253775455,0.4149597713914588,-3.5678814993726102,1
75.0,42.0,True,0.2823484426625218,0.1791839335576898,0.6439657294822752,0.1789960125166114,-0.8309865010783481,3
75.0,43.0,True,0.3173640101562707,0.2441544806141098,1.2928212949295903,2.196470523411268,-0.4671227319398113,3
75.0,44.0,True,0.2841390580293811,0.1546343978781731,0.5998047568850048,0.0851169705571568,-0.9776202742235296,3
75.0,45.0,True,0.2755709436749592,0.1938536938053271,0.6381137454394136,0.1805139334674679,-0.8234271492238292,3
75.0,46.0,True,0.4409019286946318,0.1894094282293694,0.7875385526128539,-0.2358125354876333,3.6636788021179942,3
75.0,47.0,True,0.253590486216268,0.2212452562456224,0.6820658692133963,0.745491645079504,-1.7192305169321025,3
75.0,48.0,True,0.3627584514954453,0.2171444202476552,0.9428579695855244,0.4097044064408867,1.224489618874953,3
75.0,49.0,True,0.25332295170283,0.1430957916524912,0.5012256484162727,-0.2503529326029446,-1.7234735534786243,1
75.0,50.0,True,0.3025901885865901,0.121960343257235,0.5868876232703307,0.7551460801300028,-0.4528421228231103,1
75.0,51.0,True,0.2373347269205234,0.1169878620696745,0.5768120126423867,1.1304912047966578,-2.3668512765926644,1
75.0,52.0,True,0.372457103680927,0.1700545879227212,0.9581577835913028,1.1027658097365642,1.4598534219749375,3
75.0,53.0,True,0.2714643127168206,0.1594943018088579,0.6589108640634614,0.706995398303647,-1.103940565763932,3
75.0,54.0,True,0.279654003994243,0.2597227595482466,1.321594179500327,1.867880918153262,-1.6720322276713977,3
75.0,55.0,True,0.4268698898349016,0.2993692176484472,0.9280942003355483,0.1420269507775994,3.835483842406031,2
75.0,56.0,True,0.3053916705493813,0.1111447826160374,0.4925032537489481,-0.5180567625036714,-0.2147035030844822,1
75.0,57.0,True,0.3631444690087271,0.1636553731513948,0.6923542585557322,-0.1277557455280764,1.752092148542603,3
75.0,58.0,True,0.3037795340097681,0.1442059991346072,0.666307115992861,0.4223147943318738,-0.1900989286954455,3
75.0,59.0,True,0.1773030045277916,0.1266919115983404,0.3761532843003057,0.0007890776560561,-4.09424325011725,1
75.0,60.0,True,0.1509979527363702,0.1136252328175206,0.3685230023820769,0.4926424207856606,-4.972479367457137,1
75.0,61.0,True,0.2618029401076964,0.1233821004420947,0.5634519464662745,-0.2230365302100128,-1.5303080703221936,1
75.0,62.0,True,0.3254961521611439,0.227073363782311,0.8113842806952549,0.6535445450937706,0.5386183490949115,3
75.0,63.0,True,0.19543963377826,0.15077129541055,0.5122969619873132,0.5873939807193225,-3.437325227123655,1
75.0,64.0,True,0.2177154314057935,0.1134124875004257,0.4481930384737511,0.1923793131356974,-2.9989597403989032,1
75.0,65.0,True,0.2686771678442678,0.1396170388591689,0.4667159028844402,-0.4721782802460901,-1.2434584098161554,1
75.0,66.0,True,0.2202006491325852,0.1556133717080716,0.5794189439544738,0.6872806443008331,-2.7019256646557266,1
75.0,67.0,True,0.2494500902170896,0.1404500908711334,0.52529458444027,0.0178064697897766,-1.6741563840049638,1
75.0,68.0,True,0.2879004118076743,0.1437494926210481,0.5801241775783369,-0.2462105628891165,-0.8577028488388154,3
75.0,69.0,True,0.1733453127953063,0.133060862581467,0.4800196782441169,0.7589612039417486,-4.40958920072123,1
75.0,70.0,True,0.2144187281261416,0.2400726146763242,0.8488403750470032,1.2850960088673375,-2.8534909374860664,3
75.0,71.0,True,0.3030690674938487,0.2072047555823947,0.6627074801046896,0.3686993960641311,-0.1292605268887368,3
75.0,72.0,True,0.3019240013874851,0.1980682764779535,0.6896996805659741,0.3354721944561392,-0.6549466208326793,3
75.0,73.0,True,0.2782687136313406,0.1917369493159039,0.7601198486977211,0.8794302131533364,-0.9634666589063994,3
75.0,74.0,True,0.2819344511682947,0.1161995289629424,0.5188038641864179,-0.2899251951461886,-0.6352809660362218,1
75.0,75.0,True,0.266662659163643,0.1699580967345103,0.7192262470242975,0.5940495488792037,-1.4956888833757689,3
75.0,76.0,True,0.2433517663452798,0.1911355990956587,0.6371642638213889,1.2028189476953677,-2.210553113347559,3
75.0,77.0,True,0.262629322550631,0.1253143435809935,0.4910507834969226,0.4828109375981266,-1.4976658232751547,1
75.0,78.0,True,0.3643797393872509,0.189319694106742,0.668721618661733,-0.1665095847960697,1.6327985910052762,3
75.0,79.0,True,0.2591102385397999,0.1573349225063285,0.6012421241043416,0.3512591924360885,-1.6781065630393428,3
75.0,80.0,True,0.4336355394868801,0.2800371911002224,1.5,2.35402025506345,3.3667522605447657,2
75.0,81.0,True,0.4100364518517947,0.2647544612063602,1.0017134785980777,0.6402394904020671,2.737078538490854,2
75.0,82.0,True,0.4990555697023551,0.3175589991110149,1.0968418917948288,0.2131580945255174,5.303213725317677,2
75.0,83.0,True,0.5513296971602883,0.2957807810990172,1.189404193253382,0.5341653260128577,7.802953826019646,2
75.0,84.0,True,0.4302032603680573,0.2966220906420991,1.091864013406491,0.7088570940431254,3.924069164931098,2
75.0,85.0,True,0.4905858088884156,0.2574040633536876,1.5,1.311314759163302,5.211116302528588,2
75.0,86.0,True,0.5407280663664585,0.198561354311586,0.9119442447211628,0.1486815999215057,7.253013141549234,2
75.0,87.0,True,0.2910893558658693,0.1499266326040118,0.6138558788665636,0.3280296778245521,-0.6119471695106796,3
75.0,88.0,True,0.4073790872015265,0.2072868163457153,0.9251600079543292,0.8107051308542643,2.749118969311697,3
75.0,89.0,True,0.3313394558557048,0.1909230896147172,0.8540521411343214,1.1925420284293249,0.8589123175450752,3
75.0,90.0,True,0.3115930513862229,0.1832641744600239,0.6183409492184117,0.092678027987484,-0.1855723593384788,3
75.0,91.0,True,0.6055443383537786,0.1604784142829374,0.8396680277570909,-0.9502642151448204,8.890490645604098,2
75.0,92.0,True,0.5338215663369962,0.2849730374546789,1.045563385661131,-0.2193357742153929,6.975896157919539,2
75.0,93.0,True,0.6440439239489886,0.2208503394135753,1.011486419897645,-0.3150367058954783,10.256867854683046,2
75.0,94.0,True,0.0642740633481415,0.0767372495685449,0.2281123910915013,0.8731603495433404,-7.532940994327541,1
75.0,95.0,False,,,,,,0
75.0,96.0,False,,,,,,0
75.0,97.0,False,,,,,,0
75.0,98.0,False,,,,,,0
75.0,99.0,False,,,,,,0
75.0,100.0,False,,,,,,0
76.0,1.0,False,,,,,,0
76.0,2.0,False,,,,,,0
76.0,3.0,False,,,,,,0
76.0,4.0,False,,,,,,0
76.0,5.0,False,,,,,,0
76.0,6.0,False,,,,,,0
76.0,7.0,False,,,,,,0
76.0,8.0,False,,,,,,0
76.0,9.0,True,0.3547908294487821,0.1531821422270061,0.6543664525542703,-0.1764531053639938,1.3931928287233282,3
76.0,10.0,True,0.3359068708336954,0.1612441950627202,0.651797270533274,0.0980117313523778,0.896952929692822,3
76.0,11.0,True,0.2860114251621079,0.219184176434737,0.851579409734777,1.2885164777400375,-0.5916902795402108,3
76.0,12.0,True,0.2807949221540017,0.2523683471049752,0.9454574968961432,1.241727293195159,-0.962008677699778,3
76.0,13.0,True,0.3001420559350915,0.1407102797355583,0.5904733658493703,0.6521032931620462,-0.4027686597171646,3
76.0,14.0,True,0.278330784109807,0.1758032189626169,0.7166141377145906,1.0910400894400043,-1.211121892955929,3
76.0,15.0,True,0.2349241635901118,0.1170865056313685,0.4454604208098259,-0.0123864121865354,-2.2553665418194986,1
76.0,16.0,True,0.1030319075187856,0.0706891462057779,0.225729441489222,0.0563543523194607,-6.383785815273988,1
76.0,17.0,True,0.13394077999863,0.1089308353571492,0.3806697055099352,0.7307422390570182,-5.632753085486635,1
76.0,18.0,True,0.3300274731480278,0.2076132995091985,0.7820472972705984,0.575470287044481,0.7147091564396676,3
76.0,19.0,True,0.3496818762631234,0.1438449819341785,0.6193190631648936,-0.4503143361958642,1.3032469974814762,3
76.0,20.0,True,0.2012441686430054,0.1957791986646416,0.6769117263606488,1.103477441563872,-3.2875215372776845,3
76.0,21.0,True,0.1583532902341646,0.1558880263285755,0.6256931691854863,0.9963794357651616,-4.887772892378624,1
76.0,22.0,True,0.1809681225453296,0.1482735660638399,0.5408525450181284,0.7259196414757632,-4.161561777709443,1
76.0,23.0,True,0.2932675926843563,0.1789881985239418,0.6773827252275113,0.4354357381436639,-0.5790199813546266,3
76.0,24.0,True,0.3182397938909103,0.2111428338583262,0.8254164147531703,0.7017896970004475,0.0551106505988967,3
76.0,25.0,True,0.2499852920613518,0.1851109823746916,0.713819400358955,0.2679452078436775,-2.1686563279428603,3
76.0,26.0,True,0.3527079887325238,0.1669670495764723,0.651023038424464,0.0004332398438971,1.6036898640045865,3
76.0,27.0,True,0.2771632623735955,0.1583941437177067,0.5160878839029258,-0.336432589729219,-0.934864813697808,1
76.0,28.0,True,0.2493006981361791,0.1581114471797866,0.5770426196961519,0.3067488329400536,-1.8963522329028135,1
76.0,29.0,True,0.269181428012384,0.2174742515836298,0.6702945941608864,0.4886450207298828,-0.9793664478169396,3
76.0,30.0,True,0.3126554608079066,0.1904144979021693,0.8847381373285902,1.0931343952263484,-0.0934002995037302,3
76.0,31.0,True,0.3093585511838463,0.2506841293285514,1.3412210377083529,1.7703218606141191,-0.6994134130994564,3
76.0,32.0,True,0.3391700445764774,0.2497146399916485,1.454668065408712,2.591640932368624,0.3871560081174477,2
76.0,33.0,True,0.3646645344338645,0.2668890814487911,0.7775438101653773,-0.1906950250627252,1.6362766083406777,3
76.0,34.0,True,0.3646399767557818,0.1387059831793393,0.6930451757803834,0.3990253485047356,1.5581404730404338,3
76.0,35.0,True,0.3303066468475297,0.1646804008947655,0.7447395353593077,0.7224003540040282,0.6197947953285429,3
76.0,36.0,True,0.3417832270418826,0.1995664026697225,0.6795072498983475,-0.1464435285304883,0.6277124599285707,3
76.0,37.0,True,0.3509942864994821,0.1950515338403135,0.7267181372635388,0.0992896592430999,1.403564800337086,3
76.0,38.0,True,0.2145952123748798,0.1638053118267114,0.6196328588378299,0.7960021738253615,-2.7791079327393913,1
76.0,39.0,True,0.3096185581969726,0.2236439380239771,0.78108750833207,0.5661651184018346,-0.1269068858369909,3
76.0,40.0,True,0.2676787025491771,0.1478317419197214,0.5352142734774336,0.2852601807462316,-1.482726136618744,1
76.0,41.0,True,0.2318804874860963,0.1663337248429787,0.6026356904693921,0.7960592023945982,-2.339084705707605,1
76.0,42.0,True,0.1987259536006461,0.1524442770032239,0.5232655828769266,0.7703960488380145,-3.5334417521354,1
76.0,43.0,True,0.2517321818483796,0.163204350542502,0.6546016588996746,0.7596587172417688,-1.8724232519980024,3
76.0,44.0,True,0.2311489568205783,0.1241050031147724,0.4650665741969925,0.1386161919954555,-2.614863565545583,1
76.0,45.0,True,0.3030314627210835,0.1911300907596069,0.6771517672690045,0.329797396378197,-0.2274063491402343,3
76.0,46.0,True,0.338439894093571,0.1821264160051044,0.8530646014529085,0.1430480811300626,0.6028744267494258,3
76.0,47.0,True,0.2349077055265438,0.1483776359163257,0.4880052460143345,0.2734331680676404,-2.3620289243823605,1
76.0,48.0,True,0.2084168722530362,0.1577069513325736,0.5930116239139245,0.6323697842316146,-3.2675889495447796,1
76.0,49.0,True,0.2906787772733409,0.1993728228864087,0.9685843213847888,1.6704702107722025,-1.079447300883363,3
76.0,50.0,True,0.2407286375584375,0.1447589838073996,0.4333494325751715,-0.2731297070575711,-1.9747249492376164,1
76.0,51.0,True,0.2755385249015035,0.1010588513942407,0.4726700672569613,-0.8513337118844606,-1.1906973979642406,1
76.0,52.0,True,0.3170216040103106,0.198255125680543,0.7301829865523565,0.1880428475178442,0.2326885965179072,3
76.0,53.0,True,0.181081060534888,0.1276608100514601,0.4228763034584397,0.1420670517197561,-3.8038559570167183,1
76.0,54.0,True,0.2488642573836946,0.1255332462728071,0.549958390030722,0.4618518083112459,-2.216662379100132,1
76.0,55.0,True,0.3001720347588705,0.2230442938110604,0.8044307960554246,0.6147672825180379,-0.2093649656102982,3
76.0,56.0,True,0.3079914009058103,0.1600760057455522,0.6126115803644547,-0.2297413950991435,-0.0889317511116981,3
76.0,57.0,True,0.2034239066757465,0.1901569353207613,0.6802004538433202,0.8609871233980197,-3.0769526316069964,3
76.0,58.0,True,0.1504143302594775,0.1336956808770098,0.378108412217453,0.3350015856033859,-4.8087916156103265,1
76.0,59.0,True,0.3209136051417194,0.2048792484837077,0.7027866222651995,0.7109246070766053,0.5152378101345068,3
76.0,60.0,True,0.1703863669542833,0.130445646548288,0.5534192188081596,1.1522397500637134,-4.711507557664222,1
76.0,61.0,True,0.2213369568027027,0.1320083510246878,0.5197393197353002,0.5759320989208108,-3.058464462713146,1
76.0,62.0,True,0.2430916483364676,0.1351108905664852,0.6047150768434622,0.5380386822559353,-2.332068996195809,1
76.0,63.0,True,0.213433991660283,0.1176167435799475,0.4455104446840255,0.1938329901334015,-2.8265155050320803,1
76.0,64.0,True,0.3507229956261264,0.1141223176031492,0.5908825050265767,-0.4480541015051259,1.0455043979883627,3
76.0,65.0,True,0.2615679081156872,0.1403792924910814,0.6742337953337594,0.6151450182005098,-1.6845672995148564,3
76.0,66.0,True,0.2429763015465769,0.2199238415799335,0.9913812462176902,1.761854474667839,-2.3643323457142813,3
76.0,67.0,True,0.2868956268124522,0.1415209178020456,0.5131010049111369,-0.0551003588518492,-0.5678501599873429,1
76.0,68.0,True,0.2602960917348207,0.2644175998928557,0.8678972960077229,0.7953343868134225,-1.3785382208660877,3
76.0,69.0,True,0.2194829258227075,0.1816465487404019,0.6626137639497242,0.8399127246805023,-3.0047835054215506,3
76.0,70.0,True,0.2516054000244708,0.1745410763970623,0.575192161238936,0.5670879607070838,-1.9696613397189913,3
76.0,71.0,True,0.3737632298721315,0.1544120456038114,0.6803184325914313,0.2489181831287852,1.7264571369468882,3
76.0,72.0,True,0.2242394940760773,0.0989817301232784,0.3836497040148688,-0.2021114963826132,-2.4572155041828685,1
76.0,73.0,True,0.2126636083873928,0.1541198208814519,0.5383541356364475,0.6626667881616,-2.779391576296482,1
76.0,74.0,True,0.2491101609488401,0.2505959504835583,1.4039882217971262,2.741117335256559,-2.5842038615383474,3
76.0,75.0,True,0.3256655361873798,0.2050743685211065,0.7156353538314312,0.2373061495909396,0.3290411816008636,3
76.0,76.0,True,0.3952143237826168,0.1402806242779372,0.7048890200014175,0.0270713299654938,2.864279530546646,3
76.0,77.0,True,0.305332549430749,0.2190279031246774,0.7180107890805649,0.1020217730515591,-0.0207943118084151,3
76.0,78.0,True,0.3188432606621211,0.1855022106660167,0.9037077699957312,1.5446205223405405,-0.3719860341651597,3
76.0,79.0,True,0.4199455939307845,0.2164200187360904,0.9431741797617172,0.5249680515069803,3.212711929096387,3
76.0,80.0,True,0.3514220192675382,0.2496781804188676,0.8201811494573021,0.3288759751716841,1.4334769659799995,3
76.0,81.0,True,0.4747714455118417,0.203751771824035,0.7292795413120351,-0.4642850635166267,5.088208037765287,3
76.0,82.0,True,0.5877154249003286,0.2520725883685126,1.0581512383557838,-0.0363355872949047,8.93020920238744,2
76.0,83.0,True,0.6056403256389348,0.365391326361576,1.261377093074706,0.1972983963566789,8.845821530821796,2
76.0,84.0,True,0.5376987356298177,0.1811405390670971,0.8130610442902529,-0.5084151311713697,7.177681006729257,2
76.0,85.0,True,0.6145336277597027,0.28248897295544,1.1325281335774613,0.146824155394483,9.752458389741898,2
76.0,86.0,True,0.44029366945483,0.1627644390354071,0.7067196217224987,-0.4348419540969005,4.097515778626812,3
76.0,87.0,True,0.4576851288657834,0.2684625583632874,1.0910536401733286,0.5053177418819303,4.1747010984317505,2
76.0,88.0,True,0.2972952954519746,0.1924701322638122,0.870039770635632,0.7020194667612729,-0.6922851956177433,3
76.0,89.0,True,0.5161830348354977,0.2842457070473852,1.1880784097878054,0.3222742713523491,6.671756986455248,2
76.0,90.0,True,0.4522666855614695,0.2375510042899323,0.9507630720040194,0.4987519908330408,4.3594269783812,2
76.0,91.0,True,0.62347475818571,0.2130276108882438,0.9575946982216268,-0.5855530934676877,9.446594978799173,2
76.0,92.0,True,0.7581688895601958,0.2268851317893356,1.2537197405483242,0.1960323937908182,13.876850161095415,2
76.0,93.0,True,0.22426494737318,0.1259971370461968,0.5681244708205491,0.3148792596549249,-3.0051057880187977,1
76.0,94.0,False,,,,,,0
76.0,95.0,False,,,,,,0
76.0,96.0,False,,,,,,0
76.0,97.0,False,,,,,,0
76.0,98.0,False,,,,,,0
76.0,99.0,False,,,,,,0
76.0,100.0,False,,,,,,0
77.0,1.0,False,,,,,,0
77.0,2.0,False,,,,,,0
77.0,3.0,False,,,,,,0
77.0,4.0,False,,,,,,0
77.0,5.0,False,,,,,,0
77.0,6.0,False,,,,,,0
77.0,7.0,False,,,,,,0
77.0,8.0,False,,,,,,0
77.0,9.0,True,0.1146224379503888,0.0789824722562569,0.3325461469062905,0.5092729700763069,-6.108014150797498,1
77.0,10.0,True,0.3145300845414282,0.2229963002818736,1.1654869366617102,1.831235269013631,-0.1455119094505662,3
77.0,11.0,True,0.2500499712414399,0.1751870616401537,0.7209075905093175,0.9445502512190568,-1.9531408681598377,3
77.0,12.0,True,0.2151334855303395,0.13399905562837,0.5121467163157145,0.1444782429673524,-3.048499418567697,1
77.0,13.0,True,0.2895733656412382,0.2561290918612972,1.0297220907096345,1.5868925144925403,-0.5841292918370397,3
77.0,14.0,True,0.2400583521683937,0.1164106934118163,0.4961686066279362,0.3820965065254298,-2.072147429572357,1
77.0,15.0,True,0.2353578890967635,0.1368291825277733,0.5240043067663988,-0.0604449648432099,-2.3475732674707652,1
77.0,16.0,True,0.1996775091560445,0.1718409559592573,0.7370339454367064,1.1769034149154116,-3.936583975608897,1
77.0,17.0,True,0.3046835713097504,0.1299034888277947,0.6180187601945637,0.067907359163282,-0.4102685244113398,3
77.0,18.0,True,0.2772516129221671,0.207889143018528,0.7241254380614637,0.8466880390154947,-0.7081423984669271,3
77.0,19.0,True,0.1743401940755895,0.1352839596349169,0.5739150314864376,0.7181941473706636,-4.310344207271912,1
77.0,20.0,True,0.3037160715635438,0.1077854150574823,0.482607405501593,-0.5212176381242579,-0.0499313723215975,1
77.0,21.0,True,0.1705256336245605,0.0774181828818362,0.340997556416963,0.1720971555840585,-4.199292773817652,1
77.0,22.0,True,0.2746194618667283,0.1673899769504281,0.6787022790170641,0.6896142236314702,-0.8965656273050201,3
77.0,23.0,True,0.2441387582438882,0.1687019021809394,0.5712531213437402,0.2516610215522609,-2.017803176582949,1
77.0,24.0,True,0.2183323697134609,0.1814118338716805,0.5858575930566599,0.5672657101714741,-2.8133758653611447,1
77.0,25.0,True,0.2084099503634427,0.1521781560228021,0.5619874598430425,0.4788452859144815,-3.016351349869792,1
77.0,26.0,True,0.3333375913493226,0.1303587798620244,0.5325919517304436,-0.324887027221153,0.6543174882312872,3
77.0,27.0,True,0.2270675662137229,0.0976847026164429,0.4124835264025522,-0.1557719896844218,-2.4418772691640314,1
77.0,28.0,True,0.2681779243506719,0.200787486681974,0.7521309524670018,0.6439481955903875,-1.4153143306928146,3
77.0,29.0,True,0.2408871641280281,0.1942220456199712,0.7405823669392876,1.1454683621317172,-2.041296342180015,3
77.0,30.0,True,0.35523779870377,0.2065829814163587,0.845602667398715,0.5439874565208573,1.293818478080727,3
77.0,31.0,True,0.3333761782950246,0.1449988389331656,0.5830662219278553,-0.6243623321533792,0.7713262689356077,3
77.0,32.0,True,0.3499040690610945,0.2116615990317737,0.7281668767319344,0.1431232327323869,1.2732048631815114,3
77.0,33.0,True,0.3736209917642841,0.1588417181452877,0.7348007141187625,0.6343757748919296,1.9789637280140515,3
77.0,34.0,True,0.3240121941453305,0.1536403206108094,0.7364598768010034,0.4009225402717171,0.0142161470169455,3
77.0,35.0,True,0.2735979940321628,0.1853021659289035,0.748947503908093,0.6743948754264218,-1.3229460282497107,3
77.0,36.0,True,0.272798003211419,0.1850569949570301,0.9527269970402285,0.971672445266286,-1.5205493939011614,3
77.0,37.0,True,0.278981560608926,0.1121415122176804,0.5025239667212643,0.265210582451501,-1.0232157245853652,1
77.0,38.0,True,0.2265964051369369,0.1868200394563411,0.5659098612089746,0.4761226804010137,-2.3666682587340584,3
77.0,39.0,True,0.2093841134677066,0.2141514433235538,0.6853445498183082,0.7901879572568435,-3.1120387969350167,3
77.0,40.0,True,0.2366968620189246,0.1818019429994778,0.9206717621661082,1.7153501494201775,-2.5322600611216792,3
77.0,41.0,True,0.3079162377532369,0.1695761138026965,0.5968047445754546,-0.013890587076034,0.0744869345491107,3
77.0,42.0,True,0.2019081830707787,0.1330594027215343,0.4804169113199547,0.4010861007222618,-3.141825496027833,1
77.0,43.0,True,0.2741144247704552,0.1954292487288016,0.7237468788828564,0.7637011691826072,-0.8821234565909137,3
77.0,44.0,True,0.2011407414048394,0.1867341452850613,0.6161063636876604,0.7301271693489807,-3.382378340077752,1
77.0,45.0,True,0.286342752535358,0.1957233232040843,0.7608792503531285,0.7755237173149452,-0.595870995538232,3
77.0,46.0,True,0.2333653061477096,0.1287495690697535,0.4426528908702865,-0.2204211750802477,-2.1214323294005584,1
77.0,47.0,True,0.3058529462678052,0.1978589455730967,0.6509435456599678,0.2022854843356383,-0.2641381294863658,3
77.0,48.0,True,0.2416100531968701,0.1687054925781844,0.6748160938657176,1.1034197735148807,-2.0806787811114966,3
77.0,49.0,True,0.2890481764945989,0.1396065562330002,0.5489660513505786,0.1695799837057656,-0.6169710416798126,1
77.0,50.0,True,0.2250859018052652,0.1943981446207451,0.7373008177195756,1.1524128741561577,-2.452099517330383,3
77.0,51.0,True,0.2522757202154608,0.1661977150441153,0.5920984222344919,0.383359595627567,-1.7494070447981636,3
77.0,52.0,True,0.2398717481769621,0.2084116558868856,1.167707978978591,2.7253545773364634,-2.8557121195776514,3
77.0,53.0,True,0.2160796359268344,0.1248236729197658,0.4695467597720562,0.1567280254688215,-2.8180801893608205,1
77.0,54.0,True,0.2206578606846303,0.1512787585266743,0.4862234093808664,0.1917247247446132,-2.8858027307157936,1
77.0,55.0,True,0.3432916188015052,0.1544931774532572,0.6867475185602936,0.2110210611378322,1.013435692208475,3
77.0,56.0,True,0.3420226326050712,0.2834081767976169,0.9534494207289168,0.5135253615548965,0.8519669931225373,3
77.0,57.0,True,0.3000856357238592,0.1833992806226722,0.7562998378285886,0.5872076789614301,-0.5865031312888473,3
77.0,58.0,True,0.2639035160319478,0.2216504286690912,0.74904323822665,0.7412836647843503,-1.9037071179312368,3
77.0,59.0,True,0.1817251003217262,0.1671888878972193,0.6820287588801973,0.8936764339027686,-4.106116027090104,1
77.0,60.0,True,0.3666265494365141,0.2078826158599868,0.8611427402374476,0.5700351234324457,1.9430444796729909,3
77.0,61.0,True,0.2182623694286453,0.10943527381488,0.3965124312200259,-0.2978389427811483,-2.7345621967088567,1
77.0,62.0,True,0.2981250804977962,0.1314111723697391,0.5691611132325504,-0.2413261076786533,-0.1656672047903569,1
77.0,63.0,True,0.2711718114200839,0.1622198670938145,0.6570659586701433,0.6474153957989471,-1.363535347233652,3
77.0,64.0,True,0.294990110556915,0.1377791369844049,0.6249767613634194,0.6390936927556171,-0.3572868369177455,3
77.0,65.0,True,0.152479780377246,0.1002713286730246,0.3582927291615329,0.5635482764179734,-4.787434184983551,1
77.0,66.0,True,0.2215813535981229,0.1541036590717094,0.4769308851711492,0.1369440151776777,-2.5546103890646696,1
77.0,67.0,True,0.2616328401806932,0.1198979312182165,0.5731079504797127,0.4107514598128237,-1.279426719659093,1
77.0,68.0,True,0.1828232697177224,0.1170166131547497,0.4399509830402541,0.5869550329200378,-3.906951504230411,1
77.0,69.0,True,0.1837969338641576,0.1507320901004706,0.5320236795053146,0.7737820272519929,-3.717001619692837,1
77.0,70.0,True,0.1532033606771399,0.1166450757709937,0.4654789402971008,1.035623372623914,-4.754185497995127,1
77.0,71.0,True,0.2525342889894948,0.1584556288881891,0.5416263476212412,0.3519893700990324,-1.9668941368842827,1
77.0,72.0,True,0.2540709157769815,0.1549535367895582,0.5335302128912773,-0.153965541305767,-1.5667669229633685,1
77.0,73.0,True,0.2344530635146004,0.1606421425351321,0.5696971009870642,0.5360348099578136,-2.561010473625589,1
77.0,74.0,True,0.2369636153774244,0.1149073877214779,0.4584487476451266,0.0625888189934428,-2.2163336891356726,1
77.0,75.0,True,0.2469686622477374,0.1838615482487013,0.6790124184693735,0.858159001969331,-1.818478997882522,3
77.0,76.0,True,0.2909653489186367,0.1218200958420138,0.525816979796233,-0.0326022107811251,-0.4525232792265028,1
77.0,77.0,True,0.3571191056607836,0.232468077288195,0.7978623621828386,0.4172184774306787,1.3257712059876197,3
77.0,78.0,True,0.3330073381486233,0.1492309607758208,0.6757751814301584,0.6704447750853021,0.5927321609026353,3
77.0,79.0,True,0.4706306963267131,0.2553119356482478,1.1726578173857098,0.3150993030217578,4.5054009699187025,2
77.0,80.0,True,0.5144066492300768,0.2302630440672389,0.932470445229358,0.1084769180310424,6.44086802051017,2
77.0,81.0,True,0.5643996389290585,0.2364777314584146,1.0075005765733085,-0.2970978108380335,7.663787550752162,2
77.0,82.0,True,0.617249152871537,0.2796135197786946,1.2197999557573376,0.1466383236944958,9.17887600680776,2
77.0,83.0,True,0.4466636990077881,0.273594347824444,1.1303304105523222,1.1116678803744928,3.804018058144435,2
77.0,84.0,True,0.4484099383945162,0.197706681114233,1.1137930396213562,0.8847611331727462,4.176185314172356,2
77.0,85.0,True,0.4397782746157739,0.1822021487562964,0.7397666112269107,-0.2215848598100909,4.117273712426616,3
77.0,86.0,True,0.4877154639038967,0.2949905507670125,1.033671929631959,0.0001278864533308,5.220147976390623,2
77.0,87.0,True,0.5674104703208439,0.255015722936051,1.1138087961161467,0.3025837508195899,8.24167191344157,2
77.0,88.0,True,0.3969260462230389,0.2307423578941094,0.9840794903956108,0.5052831131210569,2.216406479236543,3
77.0,89.0,True,0.6695891969918627,0.3332746122089202,1.5,0.2981949097149084,10.709959583017705,2
77.0,90.0,True,0.500914909855245,0.2118148436964903,1.0301335639035958,-0.024442500102743,5.859637104119443,2
77.0,91.0,True,0.6516967317952986,0.3191018565472813,1.2214729869502834,0.1314011705095037,10.630527201553535,2
77.0,92.0,True,0.4065005075472103,0.2230156086009853,0.871513510497907,0.3947148382822358,3.0386435029420285,3
77.0,93.0,True,0.0113210383059556,0.0188987674802287,0.0675257581272657,1.934878959416766,-9.220583082307334,1
77.0,94.0,False,,,,,,0
77.0,95.0,False,,,,,,0
77.0,96.0,False,,,,,,0
77.0,97.0,False,,,,,,0
77.0,98.0,False,,,,,,0
77.0,99.0,False,,,,,,0
77.0,100.0,False,,,,,,0
78.0,1.0,False,,,,,,0
78.0,2.0,False,,,,,,0
78.0,3.0,False,,,,,,0
78.0,4.0,False,,,,,,0
78.0,5.0,False,,,,,,0
78.0,6.0,False,,,,,,0
78.0,7.0,False,,,,,,0
78.0,8.0,False,,,,,,0
78.0,9.0,False,,,,,,0
78.0,10.0,True,0.269732307700595,0.1482658692298907,0.7272006164755591,0.8680428726876172,-1.620512067527455,3
78.0,11.0,True,0.3378684597951356,0.1747712541945119,0.7130069042971436,0.1594096604017411,0.9574334115560948,3
78.0,12.0,True,0.2560365487147413,0.1129266352121538,0.4245152330674608,-0.5148548238444262,-1.5171576351358975,1
78.0,13.0,True,0.2947312615032556,0.1614061656137844,0.6486496045279982,0.4684412593890122,-0.5601717184014008,3
78.0,14.0,True,0.2154698339097518,0.1663188634697631,0.6551325283844882,1.1345789586090629,-2.977868214037322,1
78.0,15.0,True,0.1435826261682719,0.1675990701193934,0.6024952869046802,1.5052682964502817,-5.247660787900209,1
78.0,16.0,True,0.3078420591721419,0.1543174940653377,0.6107330513302308,0.0619052701329835,0.2118836523526978,3
78.0,17.0,True,0.2130574199598711,0.1831064352207,0.609184081662093,0.5769877479590169,-3.031212045747817,1
78.0,18.0,True,0.1796703438004493,0.1645081457646715,0.5298559730805443,0.5984721869964313,-3.978343550064919,1
78.0,19.0,True,0.29854677748033,0.1595881425139146,0.5805673278407334,-0.0538305312757938,-0.5434198464806403,3
78.0,20.0,True,0.2440713122879013,0.1959078345763061,0.7022003160757805,0.7951821410798877,-2.0713503551738945,3
78.0,21.0,True,0.2840001789962405,0.1580003861095953,0.647051179559733,0.41487673736775,-0.810896742850265,3
78.0,22.0,True,0.2115002209652234,0.1332291809679398,0.4724267450818956,0.0981315972916391,-3.0214066376168165,1
78.0,23.0,True,0.2112135708283616,0.1439828130826272,0.5326342520198125,0.3298604338601945,-3.0490607828166514,1
78.0,24.0,True,0.1513667229927177,0.11465777673806,0.3855273495234168,0.2981953781824716,-4.832209078224105,1
78.0,25.0,True,0.2343533056678367,0.1843276859389245,0.7659428084229172,0.8010829729764708,-2.5426707012644973,3
78.0,26.0,True,0.3198097492552439,0.1511965822746298,0.6516352367022558,0.4058366564682416,0.3977167384408782,3
78.0,27.0,True,0.2511968998489917,0.1879935877123372,0.6953499674609588,0.8936315559147914,-1.8079950975727488,3
78.0,28.0,True,0.2179555594513482,0.1264441646322838,0.5088631279898905,0.5156178691536878,-2.9464145623817855,1
78.0,29.0,True,0.2590286610876536,0.1161120655815018,0.4965758318188075,0.4156967104164052,-1.53789973134763,1
78.0,30.0,True,0.1960600155282371,0.1077327392774325,0.3906314549392812,-0.1407650601790296,-3.5693082012395396,1
78.0,31.0,True,0.4245275897259078,0.1696303789240315,0.7219271816269776,-0.3266507455307023,3.1827037098323148,3
78.0,32.0,True,0.2304613476185348,0.0963667019520185,0.3784157162061394,-0.6636606753853689,-2.4043141650192883,1
78.0,33.0,True,0.5066035970314645,0.2882051520959935,1.169673571459204,0.6770338248451446,6.173244565199642,2
78.0,34.0,True,0.4119528534550729,0.1447046080484738,0.7118324031671434,0.3311318043371616,2.99820798149572,3
78.0,35.0,True,0.2952798472168429,0.1855966369427295,0.8397196483922088,0.9912990632877514,-0.6771279637810044,3
78.0,36.0,True,0.322672170879585,0.2196935756108729,0.7962042781846587,0.6120728151412966,0.4255611246580916,3
78.0,37.0,True,0.1884390696234258,0.1198278129772929,0.4233087670597716,0.133289540493813,-3.696867584118296,1
78.0,38.0,True,0.168376709439686,0.0893473270873478,0.3027995306766018,-0.2352883473221532,-4.329028569989529,1
78.0,39.0,True,0.2832661625488895,0.188901180161355,1.0164682212355938,1.612464689727237,-1.2305201476246688,3
78.0,40.0,True,0.3113605040778,0.1438671754024637,0.8355946788625399,1.080681203168789,-0.1605028356857166,3
78.0,41.0,True,0.2457441727245913,0.1273858053088055,0.5285721738953298,0.2293797748194887,-2.250611424233949,1
78.0,42.0,True,0.1638459514263586,0.1416337658497878,0.4234178845051117,0.5199225094430561,-4.369071080271805,1
78.0,43.0,True,0.2979743816882431,0.1302736999602013,0.7979982310388268,1.621720721520402,-0.6206212616637028,3
78.0,44.0,True,0.2151457976228135,0.1852703478943943,0.8809315725010353,1.5048011191604285,-3.136245880002748,3
78.0,45.0,True,0.2203218376546535,0.1333305759455501,0.5988808134900756,0.6464937871036581,-3.069275661554026,1
78.0,46.0,True,0.1716465770126887,0.1302688268076879,0.5103097481576467,0.9165419308833298,-4.376112541537826,1
78.0,47.0,True,0.2902474766958725,0.137944659036272,0.6104392763191366,0.6518079749081854,-0.6279272178789332,3
78.0,48.0,True,0.173663080593126,0.183098792653906,0.8307085643384733,1.469260704185631,-4.589542790149903,3
78.0,49.0,True,0.4167310455401851,0.2757128277218994,1.0122102991938886,0.8147121361977061,3.504310354373863,2
78.0,50.0,True,0.1589845004536378,0.11653276068039,0.4253589694153261,0.4043809455926596,-4.601552908191909,1
78.0,51.0,True,0.2179677631232265,0.1571158952242729,0.4883965710716977,0.0765814650485624,-2.709651576887654,1
78.0,52.0,True,0.242030324697458,0.1698440505536896,0.7541291879005472,0.9934911417083728,-2.3503872818659266,3
78.0,53.0,True,0.2280090590568411,0.1442708851924597,0.6548061761218523,0.5035958072749454,-2.8807353975486754,1
78.0,54.0,True,0.2549100450506149,0.1205626619333987,0.5876978011914238,0.2252902717590294,-2.055357381454084,1
78.0,55.0,True,0.3077094529860412,0.2119034305334504,0.8414229135245501,1.1365002170420393,-0.3142878746928788,3
78.0,56.0,True,0.165639225096535,0.0786891609701823,0.313304791565907,-0.1824982022581502,-4.395944054997485,1
78.0,57.0,True,0.2020405623678215,0.182737171676476,0.6206377142270286,0.8021621889126306,-3.4979415611559705,1
78.0,58.0,True,0.1841140259614924,0.0975236208914012,0.3499302542896724,-0.2835773055776037,-3.728592212312134,1
78.0,59.0,True,0.2325491498347417,0.1142184737827737,0.4996728905623915,0.1422470207066239,-2.574821468702752,1
78.0,60.0,True,0.1229580231995817,0.0749778865390149,0.2975469338031266,0.3833580915187965,-5.678547964099895,1
78.0,61.0,True,0.1623909779243363,0.1354668234869497,0.5008115848450629,0.7888759803216762,-4.441275179584928,1
78.0,62.0,True,0.2186403052546588,0.1150039873345623,0.544582817926756,0.4383411035566076,-3.0740035057067465,1
78.0,63.0,True,0.3047161485786115,0.2314864287317779,0.7692239396160576,0.6030940836132773,0.1194959933711003,3
78.0,64.0,True,0.2162892005132668,0.1705435536173525,0.6621443703001401,1.2887105479180063,-2.7376455436170244,1
78.0,65.0,True,0.1846206166960157,0.1737908370865168,0.6026068398538684,0.7359946613290846,-3.8179506486910975,1
78.0,66.0,True,0.1604796910956147,0.0941112214843967,0.4382770604188602,0.5233814907675576,-4.671193260213622,1
78.0,67.0,True,0.2692521804811024,0.1808664334348117,0.6391154453139773,0.394333141590131,-1.119145288962658,3
78.0,68.0,True,0.3133722919514471,0.1609589979717392,0.5799355938941936,-0.219097875807142,0.2548345042252438,3
78.0,69.0,True,0.2122062565710513,0.1512888708731056,0.486430225758637,0.185141639923696,-3.111789054461812,1
78.0,70.0,True,0.2618908394779162,0.1088292211051798,0.5038055537623958,0.6099368517737239,-1.417485610733596,1
78.0,71.0,True,0.3285897580851182,0.1289014039957428,0.5332294918180758,-0.3023114615071914,0.6089566625221265,3
78.0,72.0,True,0.2986743543662061,0.1744172289142392,0.7868298642418909,1.2963387334902383,-0.3223217901501402,3
78.0,73.0,True,0.1876707756399241,0.0875669352476235,0.3156978933805703,-0.2933202593472246,-3.749741270087963,1
78.0,74.0,True,0.2685174380716292,0.1482371449317321,0.4911284421427971,-0.2515698153787365,-1.2989509390261125,1
78.0,75.0,True,0.3611598126549101,0.2069025193987276,0.7328164318276058,-0.1160831252302859,1.5423929398383898,3
78.0,76.0,True,0.4098051721202969,0.3085438225253817,1.2007288822085915,1.065978436610199,3.404541424366778,2
78.0,77.0,True,0.3754132355070864,0.2585340018216984,0.9127069116748688,0.3727101177535878,2.4213026990587565,3
78.0,78.0,True,0.2482655599150375,0.0942386938795389,0.4597126823761845,-0.1127557143840029,-1.9401247092524323,1
78.0,79.0,True,0.511469108928605,0.1643567037069687,0.8503733016024956,0.0011733433721482,6.085724757681966,3
78.0,80.0,True,0.5509910433410135,0.2096722745855252,0.9988683119062076,0.3631696849537733,7.722544139133627,2
78.0,81.0,True,0.5239447037620131,0.0989203619216813,0.6773612598119944,-0.408359744924697,6.476202462459492,3
78.0,82.0,True,0.3915726269607842,0.1866605420488782,0.7994973890995308,-0.0132305615661285,2.6686557523947267,3
78.0,83.0,True,0.5657163452765317,0.2412829649172855,1.157098964696055,0.7681585027684128,7.925570293029732,2
78.0,84.0,True,0.4560181347430359,0.2159161258207655,0.8037189614214635,-0.7090179425003222,4.960886716651485,3
78.0,85.0,True,0.4071936546353938,0.2604661898456692,0.9848471750264836,0.4829193211383925,2.644237357877793,2
78.0,86.0,True,0.5305237551153172,0.2499351936434522,0.937508914219156,-0.3300446483243528,6.480044875571916,2
78.0,87.0,True,0.5568419732059708,0.3061149995080298,1.5,1.043816481755552,7.004322637809287,2
78.0,88.0,True,0.535203432837002,0.2346256794863875,0.9439541593665182,0.0121978144975521,7.22085948180596,2
78.0,89.0,True,0.6296134504396623,0.2903716436882581,1.3036142211186708,0.1132266971792268,9.678829057091152,2
78.0,90.0,True,0.6050343748878041,0.2509751274228288,1.0091705414187724,-0.52513313899471,9.581189582620912,2
78.0,91.0,True,0.7364294168272881,0.3627829729295151,1.5,0.431116966157009,12.691458328615386,2
78.0,92.0,True,0.0926502240359598,0.109700252403781,0.3887770600623638,1.4523564634658035,-6.616330407605522,1
78.0,93.0,False,,,,,,0
78.0,94.0,False,,,,,,0
78.0,95.0,False,,,,,,0
78.0,96.0,False,,,,,,0
78.0,97.0,False,,,,,,0
78.0,98.0,False,,,,,,0
78.0,99.0,False,,,,,,0
78.0,100.0,False,,,,,,0
79.0,1.0,False,,,,,,0
79.0,2.0,False,,,,,,0
79.0,3.0,False,,,,,,0
79.0,4.0,False,,,,,,0
79.0,5.0,False,,,,,,0
79.0,6.0,False,,,,,,0
79.0,7.0,False,,,,,,0
79.0,8.0,False,,,,,,0
79.0,9.0,False,,,,,,0
79.0,10.0,True,0.0437373020578851,0.0568670678911705,0.2226538824526833,1.2590440531744411,-8.292209858986638,1
79.0,11.0,True,0.386140703465531,0.1922312174770412,0.7061871031193641,-0.2073088359187237,2.374089974338492,3
79.0,12.0,True,0.2358635085222115,0.1363116783645855,0.56895759453772,0.5027421779914037,-2.3655144235388725,1
79.0,13.0,True,0.3647507651079515,0.175285511133845,0.7713345343128937,0.6688735129321784,1.2822199690215996,3
79.0,14.0,True,0.2298602867426826,0.1306871978004241,0.4827017631028529,0.4214558520929979,-2.5625252087717776,1
79.0,15.0,True,0.2885255485911074,0.189672233938146,0.6140790889425479,0.0739294148810635,-0.6092083131968355,3
79.0,16.0,True,0.2582165537441312,0.1323411487704894,0.5894856982418697,0.5950278111856485,-1.591743364158164,1
79.0,17.0,True,0.2387529904501522,0.134564560017034,0.571122089056985,1.3345639298779186,-2.1384969681802692,1
79.0,18.0,True,0.2449803530988089,0.2074160366031108,0.6893115878998999,0.4427715401006216,-2.0778742563227683,3
79.0,19.0,True,0.2567548250516592,0.1242320187180348,0.444779819607828,-0.3971196745030032,-1.446474849483366,1
79.0,20.0,True,0.2260969469676288,0.1656384273436822,0.5977131338404388,0.2907482262067801,-2.8227116650241415,1
79.0,21.0,True,0.2158587872945362,0.1374660064476598,0.4865328246569502,0.1217753964051736,-2.843336633863503,1
79.0,22.0,True,0.2471790263018501,0.1228011505476569,0.4557383131059,-0.0166846420136842,-1.7516947846620765,1
79.0,23.0,True,0.1788125297352505,0.1121462574640766,0.3817751112603558,0.0906314432687199,-4.056461944468474,1
79.0,24.0,True,0.3003409160082638,0.1372483583913248,0.5054114075049722,-0.3009315915034706,-0.3572512008436923,1
79.0,25.0,True,0.3398022563327991,0.1522899351819711,0.6160505252754818,-0.2884212496610647,0.8529880068139848,3
79.0,26.0,True,0.2232133935196066,0.1202708552879317,0.4748952125261473,0.1635836776554258,-2.5469933992544305,1
79.0,27.0,True,0.1894154445385695,0.0821943065672078,0.3113700590368257,-0.7091468865001797,-3.7711460186431456,1
79.0,28.0,True,0.334428188598355,0.1914953813018985,0.809696999064048,0.7329246512013251,0.6446742114532305,3
79.0,29.0,True,0.3294749921898963,0.224206672687964,0.8013068863763578,0.4562030668109467,0.0569451770865934,3
79.0,30.0,True,0.3364789633300382,0.194732852776783,0.839578117336889,0.6328024689915914,0.6427115283242191,3
79.0,31.0,True,0.3708186298780691,0.1417697867829574,0.6987087008348278,0.4603331338105662,1.6876947364373018,3
79.0,32.0,True,0.2922299135184831,0.1561479524885339,0.7758643856035251,0.8611249080906462,-0.6924465710827659,3
79.0,33.0,True,0.33638927259747,0.2137612673294398,0.9165827472079688,1.0894343029096327,0.8366395359846297,3
79.0,34.0,True,0.3367007355488937,0.1738046185904207,0.6796048845120176,0.5026180496856569,0.4419910239352774,3
79.0,35.0,True,0.3297701264173945,0.1695844331323619,0.5284205346002441,-0.5584721152357716,0.641341678088406,3
79.0,36.0,True,0.2463824386441113,0.1348188854904016,0.514520893666773,0.1250856559721381,-1.839572453468216,1
79.0,37.0,True,0.2411367017127307,0.1623304103852757,0.7955324594714801,0.6783714939469945,-2.446071149088772,3
79.0,38.0,True,0.2178517519525721,0.1516809221272796,0.5841425462880128,0.702502334155372,-2.887028376264312,1
79.0,39.0,True,0.3816690798488568,0.1964806878198288,0.7970897636455597,-0.1600658975356082,2.028305698473157,3
79.0,40.0,True,0.3293845806583976,0.1282643541382379,0.6746326744380053,0.7625485896144736,0.7764205923827675,3
79.0,41.0,True,0.2347161481676173,0.2174902310301228,0.6695504952182486,0.7014099278469909,-2.360984569799856,3
79.0,42.0,True,0.2015524236238731,0.1300045858428522,0.5796136514581864,1.1571453575734003,-3.3290260023145217,1
79.0,43.0,True,0.2944100552035613,0.1878232783976229,0.5967577862186191,-0.1905005631635463,-0.8062953465156285,3
79.0,44.0,True,0.2268383806825507,0.1916319486535877,0.6165974972038202,0.6017004932135965,-2.541086455507487,3
79.0,45.0,True,0.1535322547653748,0.1467952743544823,0.5377390599578672,1.0730546124771625,-4.807162238884226,1
79.0,46.0,True,0.2439458229789028,0.1399354404574151,0.5971248273578597,1.0033733993495169,-2.0802524051173648,1
79.0,47.0,True,0.2009444484853656,0.1132365840827929,0.4352716312121605,0.1430094680259548,-3.147719699013259,1
79.0,48.0,True,0.1372013479224725,0.0930295199743603,0.3715565416034712,0.398195138036478,-5.518767530621556,1
79.0,49.0,True,0.1596459396998231,0.116357190667592,0.4685166877176446,0.7723194959885187,-4.647950354559979,1
79.0,50.0,True,0.1742951074013685,0.1183177845688817,0.3887948378395606,0.1189774586754506,-4.30109278875781,1
79.0,51.0,True,0.3579984230069195,0.2775588827407947,1.2239483718268933,1.034038247392856,0.6478985716801444,2
79.0,52.0,True,0.304532410695336,0.2216569175629708,0.7375905324431709,0.2997789195497459,-0.2511853443868633,3
79.0,53.0,True,0.1841400581329581,0.1342513730082047,0.4475313545619565,0.4324861219821782,-4.031461445853472,1
79.0,54.0,True,0.3351556237443057,0.2496419257173568,1.0472756589366945,0.7976727217492674,0.3877528262104477,3
79.0,55.0,True,0.1925176272904611,0.1013585978568496,0.4632162345743955,0.8841888388606505,-3.631095654705057,1
79.0,56.0,True,0.2572543401655377,0.1978570060762353,0.7920169292423438,1.317866920633107,-1.6082875440018722,3
79.0,57.0,True,0.2376438634606975,0.1119915106643321,0.4708286754424818,0.3077515392157793,-2.28231709308335,1
79.0,58.0,True,0.1928788806933747,0.1166251017503152,0.3649206960447516,-0.1590073216726099,-3.4958342372439724,1
79.0,59.0,True,0.2635599473332352,0.1775551816419055,0.6862289236027852,0.5676730073893735,-1.219196902319074,3
79.0,60.0,True,0.2433148257096345,0.2728307231117978,0.9646481908350332,1.351525076517919,-1.8025824616480328,3
79.0,61.0,True,0.1687896791547971,0.1594540953554436,0.7112425447174711,1.8325243649638605,-4.854597588437512,1
79.0,62.0,True,0.3059441312051724,0.1520408085315375,0.5594755451340123,-0.0635750071904514,-0.0832341280150856,3
79.0,63.0,True,0.1762673379699475,0.128257593668516,0.4071964341063164,0.2334137362751359,-4.130483966357734,1
79.0,64.0,True,0.1453258378981338,0.0806592195944646,0.2972081438696772,0.1261418078933362,-5.105429104474458,1
79.0,65.0,True,0.231797785198636,0.1355489543058521,0.473835745035261,0.2184851853267378,-2.296409990858275,1
79.0,66.0,True,0.4190773777065267,0.2547228579037337,0.936321860838564,0.4623592703776505,3.677366360808257,2
79.0,67.0,True,0.3875825012382246,0.2377290886587651,0.7563482220955048,0.1451863189277205,2.4355846100681946,3
79.0,68.0,True,0.2429619169975782,0.1369555206218504,0.4995636024394564,0.0720967359842004,-2.24929647742026,1
79.0,69.0,True,0.1898638050209316,0.1612965763471338,0.5762846727215688,0.7042330732602606,-3.790052007186663,1
79.0,70.0,True,0.3053958422460208,0.1533722123911038,0.6271092058563464,0.4220571199670087,-0.0360065695352455,3
79.0,71.0,True,0.2621892576357733,0.0920423778599476,0.4364776243495239,-0.2161787457789382,-1.3361171523188975,1
79.0,72.0,True,0.2279792580739177,0.1635420415330346,0.5592077293533758,0.6259097655618071,-2.5771415336341232,1
79.0,73.0,True,0.2784115952879507,0.1943155997457305,0.6349369112288085,0.2409160868266971,-1.1436644758141046,3
79.0,74.0,True,0.2506006536572067,0.1515019299693808,0.598822936639196,-0.0194329063366145,-2.017799254919426,1
79.0,75.0,True,0.3607542221843722,0.1417094955977912,0.6046612654184069,-0.2200047482277643,1.3586851026920803,3
79.0,76.0,True,0.3475289925698386,0.207617260272302,0.8017458231024852,0.5263129040114015,1.3920379359110095,3
79.0,77.0,True,0.3954230583429973,0.2044255778556642,0.927832432101767,0.3731743536466782,2.208926561739557,3
79.0,78.0,True,0.4979233767784442,0.1716583934358967,0.8881758137078195,-0.452173186489238,5.647451402789036,3
79.0,79.0,True,0.5052075952354144,0.24258816070102,0.9261989745032044,-0.2425382857844649,5.905226215504591,2
79.0,80.0,True,0.5404073747140258,0.2374416807315268,1.1504274287639782,1.0491823154628908,7.214002915469025,2
79.0,81.0,True,0.4788288609358831,0.2566855676299512,1.0702218351478874,0.6498265193652023,5.314236673285663,2
79.0,82.0,True,0.4477911687211189,0.1599195934766165,0.7049349276130347,-0.4817079982253608,4.501486448794381,3
79.0,83.0,True,0.4170741098993211,0.1548716145861277,0.9056785529627148,0.6591041570268442,3.1701190211536563,3
79.0,84.0,True,0.3619108890358823,0.2567775826111331,0.9632772079875316,0.5664042590164753,1.7458872093471698,3
79.0,85.0,True,0.4479193699159154,0.1693835306439934,0.7232334100116566,-0.343340277595356,4.385243040951735,3
79.0,86.0,True,0.3652179966099805,0.1914638989287614,0.8510086811008263,0.5859320969717123,1.7414198744769611,3
79.0,87.0,True,0.3657351137901382,0.2286840005729285,1.0537637827309791,0.8969191539083314,1.4246155083579288,3
79.0,88.0,True,0.5903617326598978,0.2019328378342781,0.8802562065487038,-0.4707585004723175,8.734985984326363,2
79.0,89.0,True,0.4127507367387856,0.1952647837827796,0.7844952421132128,0.1823387187559002,3.2013888651114817,3
79.0,90.0,True,0.8736013050810888,0.2914207724363385,1.4170690175331389,-0.1601217107568817,17.408762709322723,2
79.0,91.0,True,0.2858911098030858,0.2074516113405246,0.7451715615783708,0.5926680571614549,-0.6386976758660516,3
79.0,92.0,False,,,,,,0
79.0,93.0,False,,,,,,0
79.0,94.0,False,,,,,,0
79.0,95.0,False,,,,,,0
79.0,96.0,False,,,,,,0
79.0,97.0,False,,,,,,0
79.0,98.0,False,,,,,,0
79.0,99.0,False,,,,,,0
79.0,100.0,False,,,,,,0
80.0,1.0,False,,,,,,0
80.0,2.0,False,,,,,,0
80.0,3.0,False,,,,,,0
80.0,4.0,False,,,,,,0
80.0,5.0,False,,,,,,0
80.0,6.0,False,,,,,,0
80.0,7.0,False,,,,,,0
80.0,8.0,False,,,,,,0
80.0,9.0,False,,,,,,0
80.0,10.0,False,,,,,,0
80.0,11.0,True,0.0485549731617829,0.0784210485636847,0.2702764351726817,1.74930860331725,-8.006037168468188,1
80.0,12.0,True,0.3227493442636352,0.2211133071932801,0.817121187681435,0.4597471642690027,0.0354157377033727,3
80.0,13.0,True,0.1611778809343974,0.1469398751782235,0.6932043096683093,1.3755713998837706,-4.9562312553841235,1
80.0,14.0,True,0.2418807111263016,0.138526912485737,0.5215120884625163,0.5563380972127989,-2.118754264533132,1
80.0,15.0,True,0.270870108636352,0.1639494873443746,0.5511010264709574,-0.3863545713167519,-1.0560302004316346,3
80.0,16.0,True,0.4797583287721561,0.320263596402458,1.0747200329066116,0.385085881979232,5.222842573543026,2
80.0,17.0,True,0.335139548084611,0.1938031741851524,1.000423035843563,0.9415967666132448,0.4002018043694266,3
80.0,18.0,True,0.1608710979377586,0.0940189508059649,0.403418722979335,0.6031636038083131,-4.566502985620138,1
80.0,19.0,True,0.2209826057442671,0.1157922675813617,0.4294650330629906,-0.0406825044294628,-2.853329071010199,1
80.0,20.0,True,0.3454388175441026,0.1759421517609606,0.7279511043494085,0.4970009649620329,0.9626167089443644,3
80.0,21.0,True,0.1936092235685064,0.1593962923100173,0.6974023720291289,0.9315437500751628,-3.811689355555514,1
80.0,22.0,True,0.2521668395165625,0.1337039423019988,0.4606018768711437,-0.4321434556521729,-1.7993540509566228,1
80.0,23.0,True,0.3438456261085477,0.1952925495255103,0.7079058957706089,0.090707576208772,0.9297540058691302,3
80.0,24.0,True,0.2113120359605655,0.1607630444130482,0.5691358510524651,0.4466262139661568,-3.014450929350485,1
80.0,25.0,True,0.4932750500118462,0.1806809497098415,1.2316506284765358,1.3140260423758323,5.26993445432265,2
80.0,26.0,True,0.2449369851114027,0.1630461070259035,0.5207900470246869,-0.0524811234537723,-1.781272957180428,1
80.0,27.0,True,0.2723445272535763,0.1588683935869868,0.5805178786647064,0.6794907729060603,-1.1462320498257352,3
80.0,28.0,True,0.2075001807415147,0.1394755035312378,0.5118748094835207,0.448230443249944,-3.0315098842535173,1
80.0,29.0,True,0.3865257857936824,0.1562614890362171,0.7142159212778884,0.2272157516127115,2.310618608664177,3
80.0,30.0,True,0.5047406826463788,0.2042780147204576,0.8889734350473113,0.0632096005426576,5.9675149431990295,2
80.0,31.0,True,0.3953216112334307,0.1753704716167604,0.7471920486868268,-0.2825120825726205,2.80226690487434,3
80.0,32.0,True,0.4144722941451261,0.1632624304028462,0.6973045993083316,-0.1432518965254391,3.201387759348289,3
80.0,33.0,True,0.3440629467124312,0.2056080108006082,0.998746546295018,0.6363950038639699,0.6657046133860092,3
80.0,34.0,True,0.357050654761293,0.2036257176497969,0.8554959580140408,0.7879216867095293,1.2991717834862615,3
80.0,35.0,True,0.2144654592542327,0.2147382709907294,0.913310362031518,1.7066351447565071,-3.659686585651434,3
80.0,36.0,True,0.3584828912038789,0.2804083153934573,1.2797684114131975,0.9997838657619132,0.9081388674127135,2
80.0,37.0,True,0.2247682038394286,0.1840576956315067,0.8670366161288541,1.269776954402681,-2.946705579516248,3
80.0,38.0,True,0.1662831739761585,0.0989100985407212,0.343601709432017,0.1068337142094126,-4.42056289862264,1
80.0,39.0,True,0.2960645675896631,0.1627791479991277,0.6160589569561447,0.1994346566474746,-0.6215994050707159,3
80.0,40.0,True,0.2308578241048454,0.1212690452804662,0.4832115119862036,0.1991475298057867,-2.379650740058095,1
80.0,41.0,True,0.2744025028701904,0.1827515673730172,0.7236434653041834,0.6526524849586668,-1.0960677530777885,3
80.0,42.0,True,0.3663359423832365,0.2273186248666858,0.829986837654239,0.5713847170911549,1.906550304059192,3
80.0,43.0,True,0.2514158796628962,0.1482483774117886,0.5686380629100428,0.2696077782348853,-1.5406063032560375,1
80.0,44.0,True,0.2208007560871485,0.1157859246378136,0.505743989477935,0.9839029153420318,-2.933199897330874,1
80.0,45.0,True,0.2078014497183579,0.1598778775089545,0.6882929150745457,1.6759846044869275,-3.044611306536555,1
80.0,46.0,True,0.2114915704880567,0.1592830210540803,0.5625721694971845,0.578829485861369,-2.9490902922447924,1
80.0,47.0,True,0.2365611709171692,0.1237323659555899,0.4808879401427454,0.109955407515535,-2.0869403527913697,1
80.0,48.0,True,0.1989713195575204,0.1599419278286653,0.545061780827362,0.4493895586524959,-3.460885300715706,1
80.0,49.0,True,0.1078872252584962,0.0936186971650189,0.376330499824659,0.8953562252064832,-6.303057691572328,1
80.0,50.0,True,0.2242211317602635,0.1728327565702112,0.6517865628459609,0.6012092359405117,-2.8565994820742864,3
80.0,51.0,True,0.2993411807678459,0.1475916051803509,0.5443364182121968,-0.2569665067413068,-0.4660057366690247,3
80.0,52.0,True,0.2251053984923932,0.1451972878935001,0.5162591551039729,0.4765350043827369,-2.6334770551292,1
80.0,53.0,True,0.2906460007942571,0.205913857197525,0.8180450942880608,1.0329755101852385,-0.6460911633871684,3
80.0,54.0,True,0.1097915883471702,0.0812975656302374,0.3970389870727517,1.2021539052158134,-6.3136980749238685,1
80.0,55.0,True,0.2084448288657221,0.1132339886853912,0.3975649608835254,-0.0775151401728432,-3.197780265790059,1
80.0,56.0,True,0.2998268934805544,0.1862369791190981,0.8484295019698932,0.5345278800189103,-0.7758788996786424,3
80.0,57.0,True,0.1546389261318473,0.0820765768853922,0.2869427792457906,-0.2527422359877014,-4.742690520384032,1
80.0,58.0,True,0.2923939284939202,0.1546357923308637,0.5505987742040164,-0.1164958377080667,-0.6378818115612526,3
80.0,59.0,True,0.2055094915714898,0.111206186231229,0.4269934508771519,0.2613813287702924,-3.215111075194619,1
80.0,60.0,True,0.1423058103820676,0.101012971221117,0.3260134984893402,0.1068113824824031,-5.066340227832401,1
80.0,61.0,True,0.1273114692188665,0.0864355989117312,0.3154815068712602,0.2142858387347741,-5.670532508778765,1
80.0,62.0,True,0.282318422434654,0.1580122407550402,0.5873136629283046,0.0276212051081759,-0.7534633847721304,3
80.0,63.0,True,0.2757702313242073,0.1390227327641117,0.5138430946717214,-0.20983121792862,-1.004155567749502,1
80.0,64.0,True,0.2744653731951176,0.1658982084804265,0.6855916472555115,0.8794404727169872,-0.9679072701493082,3
80.0,65.0,True,0.2243584982380245,0.1439961064313757,0.6463665351900176,0.93268346858204,-2.7301748801102703,1
80.0,66.0,True,0.1851191748117384,0.1140077439737874,0.5471658123592925,0.5812028271613849,-4.143483521808737,1
80.0,67.0,True,0.2149032447705754,0.1315470575585399,0.4556269875433533,0.0617334680450609,-2.9895082441827734,1
80.0,68.0,True,0.2477529463315677,0.300031191063302,1.5,2.658439210305121,-2.8600259059819844,2
80.0,69.0,True,0.183178122812998,0.1517257777089735,0.514349985149942,0.6404665776285279,-3.963631474404074,1
80.0,70.0,True,0.3177511528140954,0.1337249843459667,0.6221265796688853,0.4485249869859065,0.2804487765143023,3
80.0,71.0,True,0.2462900247339709,0.2042385521344699,0.9189032982866144,1.1494594509172016,-2.2583656519979964,3
80.0,72.0,True,0.3334606236089245,0.1752574543745394,0.7043471089366118,0.3249925212358978,0.6796848042294099,3
80.0,73.0,True,0.2419946828624068,0.1299331559608487,0.5052288081160748,0.2581876550047322,-2.015450631968218,1
80.0,74.0,True,0.185904214679646,0.1159554698051623,0.4457967177845374,0.3291579310358221,-3.8117237731810656,1
80.0,75.0,True,0.3287715191422075,0.2019505315273679,0.7139542006568209,0.3553425488606421,0.5041373074464003,3
80.0,76.0,True,0.3225983751340154,0.1305965213476628,0.5186455154639902,-0.2187295639517026,0.5146644929688693,3
80.0,77.0,True,0.3503818937547884,0.2366177614583783,0.9960205263915458,1.1480868672048947,1.351409963729355,3
80.0,78.0,True,0.4937172126613565,0.1999303942597046,0.8983164655984806,0.5479226260994622,5.54122320506586,2
80.0,79.0,True,0.5197563182359882,0.3239905325398269,1.259981230905968,0.5217980886654815,6.8382818846736635,2
80.0,80.0,True,0.466821574725037,0.2362948944762317,1.3233124717383662,1.1317282215594973,4.259727961352097,2
80.0,81.0,True,0.4618283445072503,0.1982479509453429,0.8795707331431303,0.3550373401521255,4.367039010275916,3
80.0,82.0,True,0.3889210941418748,0.3009771824228217,0.9956478599901069,0.8468207600187674,2.3053178259264344,2
80.0,83.0,True,0.3334083859301979,0.1670461569588443,0.7023003358182982,0.6460136659651693,0.7332860715890919,3
80.0,84.0,True,0.232917913794109,0.1243545580081632,0.4594995420514811,-0.0546851951810026,-2.1914098379757063,1
80.0,85.0,True,0.4485449064812421,0.229257497137799,0.8398736755705914,0.0714665348548496,4.014861088373521,3
80.0,86.0,True,0.4492398943944167,0.1839489402906839,0.8546106534328441,0.3819151466018357,4.155987955365508,3
80.0,87.0,True,0.2526892957663602,0.1318169238370381,0.4944075554392015,0.0422274330648052,-1.6000530351066904,1
80.0,88.0,True,0.5038203974767543,0.2581594598006329,1.1952421681243743,0.4553348202411638,5.8784721585865585,2
80.0,89.0,True,0.6850514077048571,0.3303023170763847,1.3088416514626222,0.0732438805123953,11.89972543075798,2
80.0,90.0,True,0.6338714317331785,0.1699920833974536,0.9809721089297804,0.208532366778762,9.77210704484181,2
80.0,91.0,True,0.0049689340677924,0.013709532466006,0.0682766350673367,3.4369386753470894,-9.447005968982705,1
80.0,92.0,False,,,,,,0
80.0,93.0,False,,,,,,0
80.0,94.0,False,,,,,,0
80.0,95.0,False,,,,,,0
80.0,96.0,False,,,,,,0
80.0,97.0,False,,,,,,0
80.0,98.0,False,,,,,,0
80.0,99.0,False,,,,,,0
80.0,100.0,False,,,,,,0
81.0,1.0,False,,,,,,0
81.0,2.0,False,,,,,,0
81.0,3.0,False,,,,,,0
81.0,4.0,False,,,,,,0
81.0,5.0,False,,,,,,0
81.0,6.0,False,,,,,,0
81.0,7.0,False,,,,,,0
81.0,8.0,False,,,,,,0
81.0,9.0,False,,,,,,0
81.0,10.0,False,,,,,,0
81.0,11.0,False,,,,,,0
81.0,12.0,True,0.0703344740839915,0.0851575415232205,0.3093638718057434,1.4198425864293334,-7.347392126409444,1
81.0,13.0,True,0.3370603063338377,0.1637006945830852,0.7728261871251552,0.8086070136343687,1.019937366612655,3
81.0,14.0,True,0.2655831166072276,0.117796017153819,0.4468428835904789,-0.1616690295911627,-1.496018404769481,1
81.0,15.0,True,0.3246930388929593,0.2043757888988942,0.6868248415727155,0.0236477671137217,0.5728952275466404,3
81.0,16.0,True,0.2269163142413498,0.1366894664121537,0.5310421354121748,0.6274767165754572,-2.551775264726792,1
81.0,17.0,True,0.2267397910835685,0.1255946307967894,0.3764101518897204,-0.6200228868861999,-2.523216485942304,1
81.0,18.0,True,0.2862134803782578,0.2720203433104133,1.0599793753868665,1.577357749644852,-0.553671983746833,3
81.0,19.0,True,0.2836841427593186,0.1169303320954219,0.4649113678341206,-0.5061564098422993,-0.8125088727761431,1
81.0,20.0,True,0.3355842846647986,0.2855089161173337,0.9572887781882988,0.7550858421395162,0.8408836591254586,3
81.0,21.0,True,0.3256836674721013,0.2385644144456339,0.959245512572736,1.0679705403348865,0.3254434404355515,3
81.0,22.0,True,0.4759795598932405,0.2349862522657579,0.9162410330461868,0.4632298625622849,5.415172807782755,2
81.0,23.0,True,0.3883278092304012,0.247592583636215,0.8291539198131751,0.343083983852374,2.4975928540612085,3
81.0,24.0,True,0.3375337332918273,0.2291721963440929,0.8189727636572722,0.233615691222491,1.0661058772478544,3
81.0,25.0,True,0.4055602185938697,0.2700266559435786,1.088769512811903,0.9352765303836552,3.277848155060126,2
81.0,26.0,True,0.175975193766608,0.069283381060049,0.2737864612308955,-0.6465503315446901,-4.0679147630440955,1
81.0,27.0,True,0.338237921713181,0.1590829971020267,0.6105518462684215,-0.0336818479481798,0.9041916140744553,3
81.0,28.0,True,0.4358526193909334,0.1947462831088325,0.9566480126136004,0.1138499642110214,3.633562770459219,3
81.0,29.0,True,0.3327183804219102,0.2297313171300553,0.909696752219956,1.2805261644531758,0.4523001861681511,3
81.0,30.0,True,0.3679444113458167,0.1239085146767965,0.6502854210666041,-0.1709750952192625,1.8553327565766553,3
81.0,31.0,True,0.4043262517035703,0.1924164200900026,0.6938637625208489,-0.401224459947994,2.91235412568232,3
81.0,32.0,True,0.3730117194857555,0.1562854743409517,0.6154247372574349,-0.0745288481167731,1.9655982416268576,3
81.0,33.0,True,0.2934152423989286,0.1997302845512448,0.6520115340551196,0.157868470467222,-0.302373463523914,3
81.0,34.0,True,0.2962426601041858,0.0977405561988947,0.5709523735104006,0.7116215269050842,-0.5982430414430284,1
81.0,35.0,True,0.3414473429069594,0.2012477293061462,0.7403857286167906,0.4830204646931852,0.8104998506374298,3
81.0,36.0,True,0.3775623547220023,0.2891551490875967,1.0071420131227975,0.5476787796025293,2.4223347749400643,2
81.0,37.0,True,0.3145331523081894,0.1129550362522675,0.5320731668163503,-0.2971034184245274,0.0163774851502086,1
81.0,38.0,True,0.2077799635696639,0.1365113891609397,0.8309243876521286,2.6517727171440733,-3.4640230371728897,1
81.0,39.0,True,0.2350473495844241,0.1919620240680283,0.9415020228919694,1.695112344363589,-2.8114179185632997,3
81.0,40.0,True,0.2140456701156908,0.1209344872856219,0.6762369835525666,1.3561521895354844,-3.24761902166067,1
81.0,41.0,True,0.219975209319188,0.1581683926497518,0.5219450906031516,0.2993370926251394,-2.6425045014703272,1
81.0,42.0,True,0.2388701535875005,0.1821581901942765,0.6112717831434598,0.5864254618161958,-2.101849175475574,3
81.0,43.0,True,0.2919179583695707,0.1747349496519633,0.7000589322981886,0.7045131085779751,-0.3962859549205106,3
81.0,44.0,True,0.2575586632744248,0.1543709470296524,0.5772108330923496,0.2726447263406631,-1.7042343856097142,1
81.0,45.0,True,0.2290439475785899,0.1220228281865652,0.4427421812285913,-0.4406537317715285,-2.485668914033541,1
81.0,46.0,True,0.2535914510167501,0.1904516685520275,1.0789786493331288,2.181247199914065,-2.2756950146573356,3
81.0,47.0,True,0.2834386668298229,0.1957183738506485,1.0390302835864038,1.5047211553173576,-1.3525592718187671,3
81.0,48.0,True,0.2169912157777646,0.1806692438068404,0.6011007589318548,0.5026252580378581,-2.760757401752268,1
81.0,49.0,True,0.2138790430646263,0.2249091903464515,1.1888270005099364,2.4701914830779272,-3.4009393217666233,3
81.0,50.0,True,0.2287499785286953,0.1153316658274234,0.5940146621039224,0.7962167293207552,-2.6032085343239064,1
81.0,51.0,True,0.1966999633249348,0.2466516556318116,0.861479942662267,1.098018361427748,-3.8961862879863265,3
81.0,52.0,True,0.2292339157534717,0.1678798423175138,0.6024609448073961,0.7233860451973402,-2.4657847287303234,1
81.0,53.0,True,0.1243638324319832,0.1053910807617904,0.3834120153464487,1.0197260944142037,-5.595535301293946,1
81.0,54.0,True,0.266737082431526,0.173183381836805,0.5977717555245675,0.1294023815515368,-1.1672591810525472,3
81.0,55.0,True,0.2385182604811898,0.1124923019384507,0.4247837893651948,-0.2252038604651813,-2.3527521757655228,1
81.0,56.0,True,0.2607205390704285,0.1347397266822646,0.5158512601290318,0.0949615675581048,-1.6739152728707538,1
81.0,57.0,True,0.1404480747388651,0.1607720499582301,0.5054703312359811,0.8902191571037209,-5.13842300017355,1
81.0,58.0,True,0.1793951787696662,0.109914086649815,0.3468161670711686,-0.4801399496339554,-3.9576973668354407,1
81.0,59.0,True,0.3606844577920863,0.122057057532835,0.6466561001176555,0.0863817849550201,1.6476590813927416,3
81.0,60.0,True,0.1696153425404825,0.1206377938014079,0.4173667680685927,0.3542872274126869,-4.237037815048238,1
81.0,61.0,True,0.2160639686705325,0.1874304415738689,0.7676864039698058,0.9503491732924622,-3.0286163466380858,3
81.0,62.0,True,0.1705683642071979,0.1277376577933817,0.4887098822698549,0.7149095887028889,-4.207275812795871,1
81.0,63.0,True,0.2376280651205564,0.1423770161592341,0.594413992308399,0.8030552913412888,-2.3639109847337454,1
81.0,64.0,True,0.2277153729382754,0.1518709669740617,0.5129864468157698,0.485596237986001,-2.4448869636236887,1
81.0,65.0,True,0.2581052423616818,0.1161297419266833,0.5986981192190403,0.5600561948587688,-1.8032888027817304,1
81.0,66.0,True,0.2701946203413674,0.2236796674282757,0.8797348984361818,0.9864198887438728,-1.7320522338608542,3
81.0,67.0,True,0.2893283897640837,0.2451739006776539,0.8998521274947643,0.7217687405254025,-0.4567747599749494,3
81.0,68.0,True,0.3196045359503234,0.2399087590993856,0.6908640558018513,-0.0402822841520339,0.4641797290535177,3
81.0,69.0,True,0.2026611415111781,0.182600266198926,0.6550718612218462,1.127025408225348,-3.3390462312922815,1
81.0,70.0,True,0.1667604016260081,0.1581450940010924,0.7541147373535626,1.3475039483431346,-4.801293742527433,1
81.0,71.0,True,0.2718173451044454,0.2332993192563212,1.2382877563907555,2.038125592455007,-1.701359260487836,3
81.0,72.0,True,0.252785122578063,0.1402730210519645,0.5060727840565379,-0.1163568939341175,-1.7459542909644132,1
81.0,73.0,True,0.3585126040582194,0.1266313590260227,0.6425563984898089,0.606673404984401,1.5128828546524422,3
81.0,74.0,True,0.4549111819388874,0.2163261911869034,0.9075451387688352,0.0999011286949475,4.683745839389681,2
81.0,75.0,True,0.2646649839761807,0.1463383800928437,0.5545921353357709,-0.0899004905351821,-1.2205020388582113,1
81.0,76.0,True,0.3365316987937997,0.1372210783052904,0.7854848187750755,0.8918720037557769,0.4707454581508681,3
81.0,77.0,True,0.4969774084651882,0.2375811524618982,1.029052022149724,0.6341360998730928,5.706968869405481,2
81.0,78.0,True,0.3800404428207257,0.1596248194658686,0.7158839121835686,0.1592918867428339,2.354563701342533,3
81.0,79.0,True,0.3513629703301618,0.1648215359911091,0.8495727315211995,0.4668568040138569,1.03291176659988,3
81.0,80.0,True,0.3900724975111186,0.181695772834743,0.6431047896322516,-0.4765857574989451,2.430823699505234,3
81.0,81.0,True,0.4080790398452281,0.2708675093220907,1.1764274802172956,0.647291625311286,2.3062026551619494,2
81.0,82.0,True,0.3570622264439446,0.2021353766629533,1.0198229789625592,0.7407201969545794,1.2605612503674524,3
81.0,83.0,True,0.3755268657624073,0.2263019853760799,0.9877058216827754,0.7025724066749216,1.8735711459614843,3
81.0,84.0,True,0.4464653151188266,0.3209422761487984,1.095031159736729,0.6108292961650125,4.132734327116277,2
81.0,85.0,True,0.2507008339841657,0.2093505739766835,0.7095409799300605,0.6213406417211584,-1.6330133461750511,3
81.0,86.0,True,0.5116962432398587,0.2159210336901815,0.9542986271911604,0.2457858834924552,6.215804025058418,2
81.0,87.0,True,0.4022376914921231,0.2122985312096827,0.7757913444754394,-0.2765986311006359,3.121203083580031,3
81.0,88.0,True,0.6836037125294734,0.3066231175855265,1.45289309582909,0.2218500950642169,11.296837807319648,2
81.0,89.0,True,0.4691118529187135,0.270415371652812,1.183453211654505,0.9390809480745932,5.110873655281483,2
81.0,90.0,True,0.0985814624805681,0.0848814770822958,0.2534011428643495,0.3106996794456472,-6.596183102173528,1
81.0,91.0,False,,,,,,0
81.0,92.0,False,,,,,,0
81.0,93.0,False,,,,,,0
81.0,94.0,False,,,,,,0
81.0,95.0,False,,,,,,0
81.0,96.0,False,,,,,,0
81.0,97.0,False,,,,,,0
81.0,98.0,False,,,,,,0
81.0,99.0,False,,,,,,0
81.0,100.0,False,,,,,,0
82.0,1.0,False,,,,,,0
82.0,2.0,False,,,,,,0
82.0,3.0,False,,,,,,0
82.0,4.0,False,,,,,,0
82.0,5.0,False,,,,,,0
82.0,6.0,False,,,,,,0
82.0,7.0,False,,,,,,0
82.0,8.0,False,,,,,,0
82.0,9.0,False,,,,,,0
82.0,10.0,False,,,,,,0
82.0,11.0,False,,,,,,0
82.0,12.0,False,,,,,,0
82.0,13.0,True,0.1553657536686568,0.1034949348328932,0.3845319760551799,0.3888778181590815,-4.643245714372558,1
82.0,14.0,True,0.307331525572575,0.202248523218681,0.8248175717219266,0.8745692340415941,-0.0889097927502595,3
82.0,15.0,True,0.3318597701429545,0.1966745470302362,0.7341912861347567,0.5384181021944054,0.5998622182847947,3
82.0,16.0,True,0.3785313835034259,0.1570180207302072,0.6207388150353228,-0.3545732793717734,2.39602580143016,3
82.0,17.0,True,0.2178681010729208,0.1163777737864719,0.429543899324856,0.2091805057661771,-2.9446493014163693,1
82.0,18.0,True,0.3406800011614062,0.2114797616533349,0.7746010678547177,0.0409041294062364,0.8483232607213979,3
82.0,19.0,True,0.3444401372548872,0.1819524934657665,0.6500134516531868,0.2908976197757294,0.9346754830405716,3
82.0,20.0,True,0.2708396680672288,0.2744799748967955,0.9683258737435796,1.2906667780930057,-0.9454891063139734,3
82.0,21.0,True,0.3511559796598439,0.1961126003819752,0.8598339238784916,0.3502662768433515,1.0990608754531273,3
82.0,22.0,True,0.4497911332171314,0.2381098550422833,1.1438793250131971,0.6469194129307713,3.9515810127955326,2
82.0,23.0,True,0.4203285957350064,0.1763767124225652,0.6965088480282007,-0.0539525966110317,3.1851458269634985,3
82.0,24.0,True,0.4685791586682294,0.2147742548031149,0.9253732699113156,-0.0384160148603154,5.31835365879201,2
82.0,25.0,True,0.3788565593029768,0.1160651707986412,0.6777862842635861,0.2340149520744102,1.8655302570199033,3
82.0,26.0,True,0.2363135980927479,0.0887128765170355,0.3955846154403635,-0.4228485905572222,-2.3041991446837926,1
82.0,27.0,True,0.3270868895185513,0.1571988519952438,0.5446014727895148,-0.3330530809008617,0.7790212941484523,3
82.0,28.0,True,0.3417561091104943,0.2690435606907932,1.0072573109276728,0.9586277184714448,0.9082457422565228,3
82.0,29.0,True,0.3134284112704547,0.1611154143103077,0.6689947667453756,0.3895353088806369,0.0415183892173276,3
82.0,30.0,True,0.5337217008939437,0.3361419692163069,1.5,0.9876900110109796,6.386384062863215,2
82.0,31.0,True,0.514665206370551,0.224898328231083,0.9829746248904244,0.7019400480151082,6.41038086736847,2
82.0,32.0,True,0.3418318055801618,0.1688289940461436,0.7980406673085779,0.0745002559365214,0.7011812410055687,3
82.0,33.0,True,0.3131582614759992,0.1749513051608659,0.9468982388382164,1.279629315967422,-0.1834184895586849,3
82.0,34.0,True,0.3147551808390341,0.1369951510731682,0.5164240177377499,-0.2665576276398075,0.0200252823127079,3
82.0,35.0,True,0.2828063083954807,0.1130193880810291,0.4909909242242915,-0.1995258123438607,-0.8662247417162018,1
82.0,36.0,True,0.3340536546152419,0.1216497009681811,0.6050461360449328,0.1352646964698108,0.9857098440950524,3
82.0,37.0,True,0.3984818542955045,0.1407118597919467,0.6980725502891073,0.0055155490143074,2.785853011310926,3
82.0,38.0,True,0.4743000356855495,0.2174760110392697,0.8711148299150212,-0.3706159469606554,5.450985252804209,2
82.0,39.0,True,0.3890577541093781,0.3177047130578224,0.9814110942058604,0.396224748990681,2.531482354140415,2
82.0,40.0,True,0.1345984603606812,0.1083166602855582,0.3366812442626272,0.3890721780005019,-5.3057121517212815,1
82.0,41.0,True,0.3722612798460981,0.261364529400853,0.8530664807009748,0.3317823824753341,1.8337604264527605,3
82.0,42.0,True,0.2301658121908935,0.1156164256933835,0.4402535534428656,-0.098319183907029,-2.213140388193795,1
82.0,43.0,True,0.2327016278640439,0.1328419046310668,0.4624051034887628,-0.1659910816922942,-2.165281397731314,1
82.0,44.0,True,0.3128251813101704,0.1862372218898315,0.6417725074072327,-0.0080128446813056,-0.0141064092718784,3
82.0,45.0,True,0.1869084171461869,0.1030700412751178,0.4969660266259832,0.5999216438638793,-4.084035432846792,1
82.0,46.0,True,0.2482415666681617,0.1623531023313583,0.6382429362933175,0.2927077007228367,-2.1489942820412944,3
82.0,47.0,True,0.2198552580341239,0.1090034466455508,0.4245185232092903,-0.0491331414470469,-2.7878574222969537,1
82.0,48.0,True,0.0564988856028083,0.0522359978774667,0.1373784547629982,0.2664747820931388,-7.778478462104567,1
82.0,49.0,True,0.2507721787312129,0.1542995502658689,0.6670090698061059,1.2158038826243818,-1.8525500518316615,3
82.0,50.0,True,0.2395109576397555,0.1416467247498891,0.5409788742959613,0.306655908972868,-1.949328339466543,1
82.0,51.0,True,0.1914716280044774,0.1405018431899682,0.4667840087643437,0.2879313679224097,-3.7094594053788374,1
82.0,52.0,True,0.2453522944585216,0.1522512114889843,0.528608149862061,0.2163370333076628,-1.9526297046798853,1
82.0,53.0,True,0.2051536556995979,0.1213752053128549,0.457727174988083,0.3877863355792517,-3.021932957611413,1
82.0,54.0,True,0.1889056755007182,0.1290176187870769,0.473088510508453,0.589194930071014,-3.772048216897744,1
82.0,55.0,True,0.2224183967070892,0.1485364643039606,0.6133841191616587,0.7896392747471704,-2.7221024593861216,1
82.0,56.0,True,0.2423417030622729,0.193619194411284,0.7130753993292124,0.9108168228208248,-2.3086582480736917,3
82.0,57.0,True,0.3606014604691007,0.2284625788437735,0.7502832403975472,-0.0354268435187152,1.3928570529261035,3
82.0,58.0,True,0.1965776780482922,0.1573697617902249,0.544622775828169,0.7509946419732166,-3.3881134596508313,1
82.0,59.0,True,0.2078945577499518,0.1274352373717513,0.4965122372346106,0.5777596307801873,-3.1305621455920623,1
82.0,60.0,True,0.2142828462827705,0.1574515614572905,0.6116585907929016,0.4748503582189546,-3.0742021523671546,1
82.0,61.0,True,0.3000116372611895,0.2077856451847562,1.0491819100000517,1.2131920047941809,-0.5143289799934299,3
82.0,62.0,True,0.1262069846278947,0.1102969507618052,0.3426383797685404,0.4496572931409151,-5.73279626202315,1
82.0,63.0,True,0.1945820841211585,0.1051856760104282,0.4329610000047887,0.3458068815402815,-3.3513507386452135,1
82.0,64.0,True,0.2121807602936523,0.128045337858421,0.4915065027869931,0.5070395350716725,-2.9860053531342974,1
82.0,65.0,True,0.1320898758671493,0.0947645167335301,0.3518050522553133,0.402887087004358,-5.440354360591586,1
82.0,66.0,True,0.1693495845545801,0.1542147196745681,0.4716060195740816,0.8058448155655361,-4.309846568413136,1
82.0,67.0,True,0.1815030235533355,0.1126863817491519,0.4292814864908531,0.5474047414696741,-3.9261948405204,1
82.0,68.0,True,0.347130569888834,0.1816448022979001,0.7532081988014269,0.0505458894193126,1.059916149022145,3
82.0,69.0,True,0.21455747420126,0.149267410665974,0.5590935188594633,0.5588291860866432,-2.69245020130502,1
82.0,70.0,True,0.2960633479442477,0.1468775715405506,0.8906747162786895,1.8426364226394123,-0.6985712846457136,3
82.0,71.0,True,0.1478648683403427,0.1212965454077986,0.4217641452810032,0.7756129018627947,-5.201695696586537,1
82.0,72.0,True,0.3865728923949284,0.1501542583163465,0.684590975067437,0.02170165797758,2.225761836213823,3
82.0,73.0,True,0.2347560110479695,0.1222314472175446,0.483262345631315,-0.08492317789884,-2.141771058454351,1
82.0,74.0,True,0.342556942369292,0.1343764177303258,0.6152895926417923,0.2240448620313058,0.8812686268491999,3
82.0,75.0,True,0.2915558547884844,0.1837580439529653,0.7081409835066544,0.6181464931799838,-0.2540657611653557,3
82.0,76.0,True,0.5106797648547573,0.2454877395179485,1.0969655620072922,0.639575476909901,6.322831401499711,2
82.0,77.0,True,0.39140854290255,0.2145660936484714,0.9579361582198817,0.8933144952609288,2.3759163761242883,3
82.0,78.0,True,0.3444448505704602,0.1935441197315097,0.9875863283273978,0.6626182232665774,0.8040889197438793,3
82.0,79.0,True,0.4844578919098857,0.2198794229959507,1.12622238001873,0.8467937476233312,4.909512662064195,2
82.0,80.0,True,0.4061409697026405,0.2012827492076385,1.0325841729966363,1.139405302712167,2.6046787354291023,3
82.0,81.0,True,0.2608073364031973,0.1540365858879931,0.550268969087658,-0.1593982589327487,-1.4560927022296564,1
82.0,82.0,True,0.3536644836184807,0.1948643289536886,0.7839806498757891,0.4155056545760567,1.4309184252411524,3
82.0,83.0,True,0.2006249244885662,0.1253655455052559,0.588914833757184,0.4828128060557053,-3.7068883873951584,1
82.0,84.0,True,0.3698515872409762,0.1880107630123924,0.7135404009029487,0.1650561439282143,1.6903337172412165,3
82.0,85.0,True,0.3581714386216127,0.1931910977474577,0.8836709346572246,0.8822438080502826,1.7606886691224637,3
82.0,86.0,True,0.2852434709002006,0.1488567522673818,0.6523164112311449,0.2648696757334726,-1.0125277800498684,3
82.0,87.0,True,0.2788740135641094,0.1305251763136581,0.581589876086711,0.462336916704552,-0.8781660474548396,1
82.0,88.0,True,0.3671864874146762,0.2463666162953114,1.0392850400267075,1.1964472626014058,2.030635565712133,3
82.0,89.0,True,0.2292455501635852,0.1602945910337047,0.5281792711141403,0.4074961736037333,-2.3059639722197134,1
82.0,90.0,False,,,,,,0
82.0,91.0,False,,,,,,0
82.0,92.0,False,,,,,,0
82.0,93.0,False,,,,,,0
82.0,94.0,False,,,,,,0
82.0,95.0,False,,,,,,0
82.0,96.0,False,,,,,,0
82.0,97.0,False,,,,,,0
82.0,98.0,False,,,,,,0
82.0,99.0,False,,,,,,0
82.0,100.0,False,,,,,,0
83.0,1.0,False,,,,,,0
83.0,2.0,False,,,,,,0
83.0,3.0,False,,,,,,0
83.0,4.0,False,,,,,,0
83.0,5.0,False,,,,,,0
83.0,6.0,False,,,,,,0
83.0,7.0,False,,,,,,0
83.0,8.0,False,,,,,,0
83.0,9.0,False,,,,,,0
83.0,10.0,False,,,,,,0
83.0,11.0,False,,,,,,0
83.0,12.0,False,,,,,,0
83.0,13.0,False,,,,,,0
83.0,14.0,True,0.2301082398152226,0.1194001015164711,0.6774504022894394,1.466797359476151,-2.566680198902003,1
83.0,15.0,True,0.2467646995299199,0.1869961682599208,0.7212441279902034,1.0025338764991878,-1.9139150390805788,3
83.0,16.0,True,0.3304673995233176,0.2115117612508819,0.6954897702608591,0.3685020289193549,0.3732681380341591,3
83.0,17.0,True,0.2413809018625319,0.1544941692028728,0.5574489509790149,0.1009529489153778,-2.212849371511947,1
83.0,18.0,True,0.3469011530360377,0.1755084568160663,0.6768944477909455,0.0435960362654886,1.1934469975724438,3
83.0,19.0,True,0.4527520345124009,0.1983918124395604,0.8028295566726619,-0.0512706841311719,4.6451707403550975,3
83.0,20.0,True,0.3186152070750594,0.1300818460403444,0.5538284879209718,0.3595811829610635,0.2907373359458099,3
83.0,21.0,True,0.6555858348737073,0.1268003476473219,0.9222534983941396,0.1481333456686634,10.4859397646106,2
83.0,22.0,True,0.44089744247231,0.2852694207246303,1.0178058193719672,0.1698643292281045,4.038456816222054,2
83.0,23.0,True,0.4258397775728835,0.1103274305519686,0.6574800738758142,0.2159028826876487,3.552058350544651,3
83.0,24.0,True,0.4868833050038896,0.2819734175506423,1.0521756814758656,0.0681210743571956,5.237960889048986,2
83.0,25.0,True,0.4218872206292355,0.1896197775206651,0.7302789526007166,0.0627906567924024,3.65144046393742,3
83.0,26.0,True,0.4267767255365829,0.2459013279567009,0.9832955462243704,0.125282917910954,3.4083601006332565,2
83.0,27.0,True,0.349092710581513,0.1818948068315093,0.9888731776048412,1.2233607807039724,0.7948843578120142,3
83.0,28.0,True,0.321763727631583,0.1495441065105864,0.6661610886555337,0.4480424742129306,0.468098253833902,3
83.0,29.0,True,0.3566176146601329,0.1879395328436886,0.8245732418540399,1.049793195129176,1.536717423374163,3
83.0,30.0,True,0.4158511869296737,0.2135760930262489,1.3562048340869148,2.709026082074831,2.656543190933198,2
83.0,31.0,True,0.3465099333804426,0.1757615179901612,0.7590567109870778,0.2998253772993359,0.9154500671556168,3
83.0,32.0,True,0.4403416833889051,0.0945121416247112,0.7350252518585515,0.6810736068686989,3.762224411430513,3
83.0,33.0,True,0.3375528350118922,0.1790370796978775,0.6829036465360308,0.0398657345385889,1.0300966561928009,3
83.0,34.0,True,0.2268912325797356,0.1111978653215814,0.4299926170392226,0.017302940293298,-2.6680603844468287,1
83.0,35.0,True,0.3032466089194047,0.1862603030067363,0.8097236699798227,0.3598063014983776,-0.4971540781600385,3
83.0,36.0,True,0.2991320722560378,0.1827799549126445,0.6512299247411761,0.1124939515170414,-0.2160819364917893,3
83.0,37.0,True,0.3550392977081441,0.2242637023396086,1.099502344504413,1.0435174305050747,1.036757078838363,3
83.0,38.0,True,0.2305144798375454,0.1494304027087818,0.5961956851772877,0.8359333173356895,-2.542678301701769,1
83.0,39.0,True,0.2841415762985402,0.1610103271607575,0.6870021100333983,0.462249072170141,-0.8301782504859321,3
83.0,40.0,True,0.2528810564920177,0.1769288799506637,1.0145089890472554,2.517139284697038,-2.1807825698855505,3
83.0,41.0,True,0.2950967246803329,0.1888604039834804,0.7070133117945409,0.5964766996417253,-0.8351195207719266,3
83.0,42.0,True,0.2155066627582316,0.1493251181331504,0.5175819228409649,0.3878359107971522,-2.88768911279971,1
83.0,43.0,True,0.2055038454339136,0.1355111619894058,0.4769349780010263,0.2331523357963983,-3.1215848056064166,1
83.0,44.0,True,0.3307680261181767,0.1515167985049705,0.6752521633221303,-0.0896848061779947,0.7183176144949854,3
83.0,45.0,True,0.1545707432106182,0.1007897142443317,0.4316694930345859,0.8024630946206566,-5.060890767891401,1
83.0,46.0,True,0.219613002297494,0.1696604949934905,0.6144103619145265,0.2671495218733634,-2.8733166196623543,1
83.0,47.0,True,0.139244483584361,0.1436369528320908,0.4901820281444082,0.9409424049192832,-5.212914436934378,1
83.0,48.0,True,0.1565103916250104,0.084958955011516,0.3527470408003348,0.150209788797337,-4.6364681406552215,1
83.0,49.0,True,0.2572781792971091,0.135838752016749,0.4858269310130265,0.1679508469441449,-1.6161111692939414,1
83.0,50.0,True,0.2151454212575437,0.0805956196175125,0.4351433965316804,0.3555753777428863,-2.944630606697233,1
83.0,51.0,True,0.2401826853826453,0.1470241600971716,0.6304396828971707,0.8826616835325424,-2.1721623200172937,1
83.0,52.0,True,0.186762328567379,0.1618590550031536,0.5666544560255685,0.9480702826299644,-3.9496457622465777,1
83.0,53.0,True,0.2418538189360109,0.131831789201096,0.449749570315455,-0.2322148818552488,-2.0515033935896296,1
83.0,54.0,True,0.1958381279812481,0.1214971018506628,0.3977074887797039,-0.0354879794603779,-3.6219026645338297,1
83.0,55.0,True,0.3006054468060831,0.2045633376862,0.8350903126118193,0.8841201844218876,-0.4244535161544833,3
83.0,56.0,True,0.2318098202451809,0.2156211585195948,0.7408986667931179,0.775837495314907,-2.2568191311348276,3
83.0,57.0,True,0.3155606773172975,0.2091813244210795,0.733027085779185,0.3709268798117896,0.1364144087660374,3
83.0,58.0,True,0.1952780441816038,0.1415014946734203,0.5077377111968672,0.6143152640252071,-3.752847696117235,1
83.0,59.0,True,0.1915296612185225,0.1675769502602256,0.5060885366133151,0.4750460609114761,-3.5034624139465724,1
83.0,60.0,True,0.230955342174193,0.1396612838350687,0.4993911651487659,0.3143530803892788,-2.2877960009548315,1
83.0,61.0,True,0.25553241265052,0.1735326156784721,0.5467778480676649,0.023581999322058,-1.4045184515719338,3
83.0,62.0,True,0.2671354209097806,0.1436574584163318,0.60015694677877,0.0802972764367487,-1.5939952790213396,1
83.0,63.0,True,0.307819113051104,0.1969483816302198,0.7479965731462306,0.5989699574611212,0.1561689476363635,3
83.0,64.0,True,0.2326251366473533,0.1759993961599881,0.8931928162867926,1.5643221202590996,-2.7867234459531733,3
83.0,65.0,True,0.2301811988961861,0.1285479784585156,0.7336503226548267,1.6185463297388014,-2.8970671883569183,1
83.0,66.0,True,0.1776978782004974,0.1630434124582998,0.4747187666623691,0.2250022755383529,-3.908118299932964,1
83.0,67.0,True,0.3038882000553721,0.1927865933207712,0.7873462333022412,0.8073776946405158,0.0639405629978146,3
83.0,68.0,True,0.3745243096083858,0.2341427397464792,0.8045193967640167,0.4012586444744637,1.7214467942756706,3
83.0,69.0,True,0.305904203577685,0.1182331505467424,0.5119709372784451,-0.2411490358351784,-0.0173899768288462,1
83.0,70.0,True,0.2590176983932845,0.1351829641949435,0.6261657082043174,0.9924359536997854,-1.4305093061414642,1
83.0,71.0,True,0.1901283310391446,0.1460793256235591,0.6283036372861267,1.1090503464154708,-3.903254725974219,1
83.0,72.0,True,0.2682083285217809,0.1571064551422896,0.5703882502710345,0.3892021513157312,-1.000658437087378,3
83.0,73.0,True,0.2531031176916938,0.1582646109654426,0.5937944249421614,0.5467498041768816,-1.9668448537586665,1
83.0,74.0,True,0.3326526201589803,0.1534308561270491,0.8186266218046396,0.6796058713739314,0.4025188292861049,3
83.0,75.0,True,0.3425294533094434,0.2031474501988794,0.9234629856841512,0.961953171284652,0.4743506883984132,3
83.0,76.0,True,0.5358048766690018,0.2299225732923022,1.08058898534832,0.9737936680652426,6.479150629246581,2
83.0,77.0,True,0.4608859005783543,0.1622202482093316,0.8488558288574881,0.7074161053743008,4.738191453271234,3
83.0,78.0,True,0.4650635443281902,0.2148595290679423,0.8770087630345986,0.1951624264585045,4.994307433498441,2
83.0,79.0,True,0.4787649707953597,0.2249131384627362,0.912113206386246,0.2609473524613835,5.195451382638858,2
83.0,80.0,True,0.3349524318842765,0.2011961076897766,0.7937139972318586,0.6840358640336944,0.9781747768152664,3
83.0,81.0,True,0.3226519819593132,0.2188580947244826,0.8886160839249061,1.2088734886060846,0.4327774828491793,3
83.0,82.0,True,0.3583687133058392,0.2248279554954297,0.8910995943916739,0.5378419325562385,1.5242100838125894,3
83.0,83.0,True,0.3163231416764168,0.1500748942896864,0.6840758074205672,0.7646167552966475,0.2321738545716721,3
83.0,84.0,True,0.1795213070925605,0.1185144287466223,0.4986763637378076,1.0010493542780814,-3.904647567194483,1
83.0,85.0,True,0.1735938187144491,0.097122906712512,0.3705439330898953,0.083704879713014,-4.200777096805191,1
83.0,86.0,True,0.4224153596754101,0.2096396161098657,0.8004402483365659,-0.2957661133027547,3.521503455627645,3
83.0,87.0,True,0.4785492662815604,0.2366229152512032,1.0988371321608683,0.8407306282785451,4.9589126430461175,2
83.0,88.0,True,0.1636828323167468,0.1189981685413151,0.4363350901357739,0.5949338958621874,-4.425705471834561,1
83.0,89.0,False,,,,,,0
83.0,90.0,False,,,,,,0
83.0,91.0,False,,,,,,0
83.0,92.0,False,,,,,,0
83.0,93.0,False,,,,,,0
83.0,94.0,False,,,,,,0
83.0,95.0,False,,,,,,0
83.0,96.0,False,,,,,,0
83.0,97.0,False,,,,,,0
83.0,98.0,False,,,,,,0
83.0,99.0,False,,,,,,0
83.0,100.0,False,,,,,,0
84.0,1.0,False,,,,,,0
84.0,2.0,False,,,,,,0
84.0,3.0,False,,,,,,0
84.0,4.0,False,,,,,,0
84.0,5.0,False,,,,,,0
84.0,6.0,False,,,,,,0
84.0,7.0,False,,,,,,0
84.0,8.0,False,,,,,,0
84.0,9.0,False,,,,,,0
84.0,10.0,False,,,,,,0
84.0,11.0,False,,,,,,0
84.0,12.0,False,,,,,,0
84.0,13.0,False,,,,,,0
84.0,14.0,True,0.0123498652014215,0.0272614071844496,0.0928859558482675,2.049688622143263,-9.168618497855835,1
84.0,15.0,True,0.2139565638418067,0.1409260304057541,0.4216983891600849,-0.0985045858209409,-3.024346372734298,1
84.0,16.0,True,0.4478958436284337,0.2910618461613871,1.2018392780109195,1.1623803566064577,3.899221674767111,2
84.0,17.0,True,0.3867585781081639,0.1224682619749391,0.6229899645055962,0.3607887161397538,2.3138673840916293,3
84.0,18.0,True,0.2405934295762236,0.15197522883414,0.6347425789115667,0.6998813504123826,-2.193996518544327,1
84.0,19.0,True,0.3303841888802232,0.216003623914908,0.8605650322702905,0.3535478741486984,0.1768609053963312,3
84.0,20.0,True,0.2969893887947776,0.1253257147394105,0.5272051406784377,-0.5554507604489942,-0.1595547610339739,1
84.0,21.0,True,0.5865909324629709,0.2210484805222203,1.022183037166314,-0.1458722665836651,8.629653760760478,2
84.0,22.0,True,0.4789657487277083,0.1557072831244764,0.7560131283673159,-0.166628139780888,5.159303540981789,3
84.0,23.0,True,0.353224965928328,0.1581309677201035,0.7073743797192683,0.3187545898480458,1.2542959583712885,3
84.0,24.0,True,0.3728280881342395,0.2295606903226111,0.8970194484802975,0.4638322321108035,2.2516355958767047,3
84.0,25.0,True,0.6240828052151821,0.3561300269997322,1.377355603335723,0.4769232099337846,9.872030281134302,2
84.0,26.0,True,0.5338647226167875,0.2174688706473952,1.0868806773633533,0.71124619011725,7.1184118240380965,2
84.0,27.0,True,0.4730067762616868,0.2885591473712348,1.099645055992068,0.8144315840608675,5.111927053725676,2
84.0,28.0,True,0.501211135161829,0.3264969007623075,1.296145028213188,1.1472939491449927,5.958645605978774,2
84.0,29.0,True,0.3766615848875935,0.2251493830479936,0.7707829365037473,-0.1091212990609037,2.076896515875694,3
84.0,30.0,True,0.4735760349689453,0.2371220106744154,1.0242836657503638,0.4230439199825012,4.6563532407007635,2
84.0,31.0,True,0.3946836156592551,0.209629443610603,0.721650853283483,-0.2923281050356923,2.72214696467136,3
84.0,32.0,True,0.46332283206668,0.2114160343939637,1.1016342201080385,0.1742325236872986,4.566328307249164,2
84.0,33.0,True,0.2473616664085514,0.1293308423764894,0.4602682978199043,0.0066774637503119,-1.9374959925722317,1
84.0,34.0,True,0.3889600055824344,0.1997554893324162,1.063617934256034,0.6622829243462864,2.0091302380820544,3
84.0,35.0,True,0.3206184546745221,0.1888458630900134,0.8092367501079699,1.0367645396689027,-0.0524120279234629,3
84.0,36.0,True,0.3740039496882957,0.2115527938346241,0.7131386892407813,-0.0847948795515292,2.382141088099601,3
84.0,37.0,True,0.2678264165773468,0.1448148542990243,0.5645482749750771,0.2635840490763128,-1.1716415242454148,1
84.0,38.0,True,0.2837332421415924,0.2220421333455136,0.842614480034459,0.9466517464580996,-0.9692358680245065,3
84.0,39.0,True,0.236235253704576,0.1358552245760204,0.511658919803229,0.2592148767887475,-2.2159982108536873,1
84.0,40.0,True,0.3063010984924152,0.1313706088082371,0.6309311058432988,0.2190772151228502,-0.0722031037386846,3
84.0,41.0,True,0.2028089322311614,0.1292264100580414,0.4858460771210076,0.4265227296654564,-3.382976545859978,1
84.0,42.0,True,0.2031057142676438,0.1173797492067641,0.459302860816228,0.420707724551618,-3.50832208749122,1
84.0,43.0,True,0.2942503723002355,0.1335207137786549,0.6128873520953703,0.3224301442818371,-0.7779635882701462,3
84.0,44.0,True,0.2980877996237021,0.1823099710587424,0.7145504739988991,0.1356697819998008,-0.376373824620472,3
84.0,45.0,True,0.2387111801013568,0.1744075302841866,0.5351221609259168,0.1829269694289135,-2.074276386728873,1
84.0,46.0,True,0.2582956112379312,0.1668127085331433,0.6815891138811587,0.5636757640825201,-1.6914622422966503,3
84.0,47.0,True,0.2037561605139624,0.0970429514377783,0.3721629552466519,-0.2154218237876662,-3.3068430295343862,1
84.0,48.0,True,0.2260295341022856,0.1380182496863811,0.5440452989026856,0.5982877790531124,-2.768814878520399,1
84.0,49.0,True,0.1603224723540254,0.154984632577594,0.4981250865106845,0.7613344651713634,-4.562924260950244,1
84.0,50.0,True,0.3014255831428292,0.2574565179411952,1.0331893563056906,0.7926637292228336,-0.4268145162173134,3
84.0,51.0,True,0.1528212964403822,0.1174778142358808,0.4425129079264285,0.840980601704961,-4.944184746712468,1
84.0,52.0,True,0.1817944896887573,0.0926241692164467,0.4366952247005626,0.3407041003854366,-4.068436969156114,1
84.0,53.0,True,0.1743352569059286,0.1233416820706136,0.4311733866455046,0.5130587890978359,-4.2222864490822065,1
84.0,54.0,True,0.218316825036753,0.1453579881421783,0.5005477100781303,0.2534583252938904,-2.604932197085188,1
84.0,55.0,True,0.2020183068908512,0.1838014863398598,0.6972479027601443,1.2581450342692886,-3.261038231521292,3
84.0,56.0,True,0.255931505945544,0.1388907696546271,0.5306369171777577,-0.2206982948633997,-1.639797916277063,1
84.0,57.0,True,0.1836169341806793,0.157843264434584,0.5185093214421616,0.6676295481092561,-3.9956557754784607,1
84.0,58.0,True,0.195428141012895,0.1539727903877253,0.5050030028892252,0.4248936055729014,-3.4433578317751854,1
84.0,59.0,True,0.1586132587355128,0.1109507056790026,0.4592251817037464,0.9740245912432828,-4.543420498766866,1
84.0,60.0,True,0.2587326802984573,0.1588906951080612,0.6426380687705937,0.3140213596108525,-1.6855493910369526,3
84.0,61.0,True,0.1656907963053404,0.1632222160972427,0.5137293516488235,0.7029041252014625,-4.498433476637281,1
84.0,62.0,True,0.2837859405956776,0.1729015502178269,0.6978759741954952,0.8128685786375787,-0.8677626150815034,3
84.0,63.0,True,0.1942301429565876,0.1505395036143037,0.4738652401440463,0.3040352779499655,-3.3959663119618595,1
84.0,64.0,True,0.2025926750322648,0.1166054011740748,0.4370486337815449,0.3123184010696619,-3.275526728466999,1
84.0,65.0,True,0.2210946594112827,0.1955317390275129,0.7398743870494772,1.199287634018409,-2.5786398211858703,3
84.0,66.0,True,0.2191411795990022,0.1601496324764228,0.4988943989689348,0.2151939483650529,-2.9188180455996537,1
84.0,67.0,True,0.3745718554750176,0.2609095110044475,0.9465427005858954,0.5445880356998731,1.9552325638610488,3
84.0,68.0,True,0.2984533098582245,0.1857612508946632,0.7409374776206173,0.7210369299169583,-0.5520423989384695,3
84.0,69.0,True,0.4020331245196971,0.2356131421116529,1.0402315429302589,0.3093707036421041,2.349439207446713,3
84.0,70.0,True,0.4497006056566577,0.2212574212321718,0.98923014679375,0.5072976728997489,4.085118917769609,2
84.0,71.0,True,0.2378705112572578,0.0927659848409763,0.4694390432503855,0.5775815397427484,-2.2573187754995083,1
84.0,72.0,True,0.3083900012917826,0.1793823731526435,0.7755836152370167,1.0096816623589395,0.1819977405840809,3
84.0,73.0,True,0.3541195396019493,0.1492000941901211,0.6914703477500865,-0.3030687080632384,1.3210644101308342,3
84.0,74.0,True,0.449068093070292,0.2514540275884326,1.1131612525521195,0.7090858158437099,3.6920236315916184,2
84.0,75.0,True,0.5004416760665021,0.2319253575759779,1.0032603708398085,0.2796090486618433,6.115169797255662,2
84.0,76.0,True,0.3410361602876956,0.1627083813176403,0.801141414483486,0.1410165519419036,0.519819054229099,3
84.0,77.0,True,0.6003355240632693,0.2437916883378292,1.1564426208050256,-0.0756020845363362,8.373863372719699,2
84.0,78.0,True,0.4045613326797688,0.2436312288262537,0.9266984946583656,0.5788898890563989,2.896386327363951,3
84.0,79.0,True,0.5276407679767253,0.2307880293361851,1.0389241736959671,0.1047060989652664,6.849206143128535,2
84.0,80.0,True,0.3706982933627549,0.1814529838214032,0.7264881043389604,0.2610570013312736,1.973855058899285,3
84.0,81.0,True,0.2356363538800343,0.1736149154772535,0.5578541752447002,0.3283034375033042,-2.26509486805444,1
84.0,82.0,True,0.2764908456747767,0.1381522324011898,0.4861147399825775,-0.6205877794291933,-0.7830776471682638,1
84.0,83.0,True,0.304425614704789,0.1586099726077282,0.7129132280930501,0.6866671266532268,-0.1174376832568925,3
84.0,84.0,True,0.2553165637000439,0.1692512532567266,0.8585618082798249,1.5000988868936709,-1.9627856702112976,3
84.0,85.0,True,0.2687540548494376,0.177834644903035,0.6392812129385873,0.7063426317600052,-1.1818051608273146,3
84.0,86.0,True,0.274933285823596,0.1782712503125748,0.6688638214147592,0.4703645669874208,-0.9697077425008817,3
84.0,87.0,True,0.2024964281136397,0.1355481950285313,0.5640322656794644,0.7127525001450695,-3.632786722469017,1
84.0,88.0,False,,,,,,0
84.0,89.0,False,,,,,,0
84.0,90.0,False,,,,,,0
84.0,91.0,False,,,,,,0
84.0,92.0,False,,,,,,0
84.0,93.0,False,,,,,,0
84.0,94.0,False,,,,,,0
84.0,95.0,False,,,,,,0
84.0,96.0,False,,,,,,0
84.0,97.0,False,,,,,,0
84.0,98.0,False,,,,,,0
84.0,99.0,False,,,,,,0
84.0,100.0,False,,,,,,0
85.0,1.0,False,,,,,,0
85.0,2.0,False,,,,,,0
85.0,3.0,False,,,,,,0
85.0,4.0,False,,,,,,0
85.0,5.0,False,,,,,,0
85.0,6.0,False,,,,,,0
85.0,7.0,False,,,,,,0
85.0,8.0,False,,,,,,0
85.0,9.0,False,,,,,,0
85.0,10.0,False,,,,,,0
85.0,11.0,False,,,,,,0
85.0,12.0,False,,,,,,0
85.0,13.0,False,,,,,,0
85.0,14.0,False,,,,,,0
85.0,15.0,False,,,,,,0
85.0,16.0,True,0.2743077781454076,0.1336254682670569,0.4950778103104664,0.0597025418424533,-0.929060927084991,1
85.0,17.0,True,0.3914147272950164,0.1970140553117564,0.8397845182972268,0.7664147882675504,2.7126781360948553,3
85.0,18.0,True,0.3351121816112117,0.2039320130311594,0.7910456350530056,0.6074829175937264,0.6214697326206552,3
85.0,19.0,True,0.4377831134714365,0.1503051434965385,0.8265569464272303,1.0482053494605623,3.966510942528549,3
85.0,20.0,True,0.4574250515450649,0.222510194421572,0.8613991528050946,-0.045074563505559,4.74996665696038,2
85.0,21.0,True,0.3093725738550746,0.1892145481697995,0.7235678940253689,0.1489274581917425,0.0682084191703303,3
85.0,22.0,True,0.3365839746474455,0.2207422937815173,0.9204400238106654,1.0026739713585722,1.182520419330071,3
85.0,23.0,True,0.4056044357274377,0.2518598783308369,1.0792830792948076,1.006933366059079,2.7667411268872493,2
85.0,24.0,True,0.5306125600662464,0.3290669729718218,1.2060318255525122,0.1326859541603862,6.920701035803287,2
85.0,25.0,True,0.5390958215606262,0.2769297301425075,1.5,1.3045629577465714,6.43750139918825,2
85.0,26.0,True,0.5761981188122477,0.2108676239767937,0.9950207853475356,-0.0441517365969257,8.385848045375504,2
85.0,27.0,True,0.6530199145039219,0.2637243783889541,1.3475355897569672,0.3194908019365628,10.823835481290894,2
85.0,28.0,True,0.3934281340340907,0.1428879927149379,0.7983551849861573,0.9301878684202136,2.3444983304815037,3
85.0,29.0,True,0.3866183220698654,0.2370782638644822,1.0150456628997064,0.5870610391183803,1.932892856811007,3
85.0,30.0,True,0.3662145887581805,0.1634304124400778,0.7218887263479994,0.3348304916244257,1.685900411769342,3
85.0,31.0,True,0.4472434981943855,0.206747283559173,0.757679134672477,-0.3976393313668147,4.588131490567189,3
85.0,32.0,True,0.5044019542041578,0.2038067059484617,0.9842431119329712,0.5301874521985082,5.714613529168625,2
85.0,33.0,True,0.4314937848755593,0.2327823156124672,1.0803850610432792,1.219137699207232,3.883925407883606,2
85.0,34.0,True,0.3513312690357139,0.2110669125786083,0.7208860281586545,0.1298280351222864,1.3343918262552863,3
85.0,35.0,True,0.3176231172741363,0.174298996505778,0.7025111307465153,0.6104784081003077,0.5282420915118445,3
85.0,36.0,True,0.3795148012384964,0.1287412178566871,0.5663690326072982,-1.0657660313083697,2.2161677173677496,3
85.0,37.0,True,0.3225423346879236,0.1757580506873741,0.6995408523240049,0.5363980744103248,0.3338868845134349,3
85.0,38.0,True,0.2258121271963908,0.1097089467245235,0.5152259123257611,0.4880613429556599,-2.8645646965095324,1
85.0,39.0,True,0.3249263109866436,0.2053247177988897,0.7668674991008777,0.743614704502771,0.533593195416219,3
85.0,40.0,True,0.249844699859243,0.1158182884778037,0.4536067974793087,-0.1432695434334895,-1.630876266611616,1
85.0,41.0,True,0.1753476702833146,0.1204423338208829,0.4442637692782543,0.5500835836654729,-3.993973078660979,1
85.0,42.0,True,0.2620832782715074,0.1370819713147374,0.534531062063444,0.2870567040183102,-1.3089386561938523,1
85.0,43.0,True,0.2129252571049595,0.2056761786964942,0.7160323731902428,0.9646653235602454,-3.2220206440734125,3
85.0,44.0,True,0.2087753532843704,0.1745615752740105,0.6455762237878678,0.8969857857546472,-3.18329335525227,1
85.0,45.0,True,0.2730692421398612,0.1582552779208667,0.6343156709324915,0.5198742819554804,-1.125078168956204,3
85.0,46.0,True,0.2011784354802991,0.1596773869166899,0.6121948440528571,1.0691728816951709,-3.5474323283679903,1
85.0,47.0,True,0.1196600816862419,0.076055846342754,0.2640478956556983,0.0553279924654339,-5.872674996615361,1
85.0,48.0,True,0.2598724954473511,0.2258572075795861,1.021708818580578,1.168983940498092,-1.9248921383353663,3
85.0,49.0,True,0.2346221948894248,0.1049708478711497,0.5045920501855999,0.8400498166022551,-2.366693327822599,1
85.0,50.0,True,0.1217312000646358,0.1038059134522319,0.3594709841603615,0.7964685603498981,-5.732974219684057,1
85.0,51.0,True,0.2186644263580789,0.1889320392646247,0.520117762845084,0.4316447403005907,-3.1970888268101687,1
85.0,52.0,True,0.2335501235039209,0.1840617427647279,0.7703983822295226,1.6108786984508237,-2.295494067389962,3
85.0,53.0,True,0.1637269505612865,0.0988866446356204,0.3962570074589334,0.6211532371843907,-4.560943237590023,1
85.0,54.0,True,0.202825518028877,0.129755125669337,0.5396739577701639,0.6824354823146837,-3.139997525967359,1
85.0,55.0,True,0.1280709626597963,0.1042747549757211,0.3778428075542629,1.0719046209394874,-5.548758448183499,1
85.0,56.0,True,0.2122447147386532,0.1568218007872608,0.4298754868578497,-0.2060836480042085,-2.8131181480372165,1
85.0,57.0,True,0.2596645881625129,0.1273431928272983,0.4982458852102034,0.3279125792248999,-1.3439391872040314,1
85.0,58.0,True,0.1450187095544772,0.0961125964193067,0.4833904731129613,1.3114359387963197,-5.191789205105245,1
85.0,59.0,True,0.1931992023353502,0.1916205862437295,0.6173302312953596,0.7604361067307417,-3.5984726858217506,1
85.0,60.0,True,0.1845777738745309,0.1402173058250751,0.4887534342836895,0.553642035800705,-3.686159981918246,1
85.0,61.0,True,0.2080114567047481,0.1369192172797098,0.5917990313554429,1.1906155199353157,-2.992646316688485,1
85.0,62.0,True,0.186813416515577,0.119688913632267,0.4407572428869891,0.1747011953192571,-3.7411774947064167,1
85.0,63.0,True,0.3558446060779379,0.2100075177990027,0.9077862320991724,0.5776821015627474,1.2074831489999431,3
85.0,64.0,True,0.185229609289957,0.1613705457678484,0.4936029283096798,0.377545104196267,-4.015590664785613,1
85.0,65.0,True,0.3141164133088081,0.1550568128301016,0.573555382731786,-0.1443645693069905,0.306336740764249,3
85.0,66.0,True,0.3244751998081527,0.2545273141184592,0.8238161895706787,0.2564433699460306,0.3775902463677849,3
85.0,67.0,True,0.3088928881282838,0.1447458478714906,0.5466830848645707,-0.215338027572609,0.101877727483714,3
85.0,68.0,True,0.4160938815323779,0.1960457144088668,0.8352407644609537,0.2163872499616611,3.685278856926801,3
85.0,69.0,True,0.3684328089492147,0.1726175858531058,0.7642040912589935,0.134457450403544,2.040114925156669,3
85.0,70.0,True,0.3809373025079528,0.1142597929054663,0.6458793499827749,-0.6089419908071801,1.9645311874608584,3
85.0,71.0,True,0.5179178826461311,0.1919800697256568,0.8354501943090061,-1.0032315618247114,6.522586771152697,2
85.0,72.0,True,0.3104934179586413,0.26234231434426,1.356625022196153,2.040681652357612,-0.8072134333128484,2
85.0,73.0,True,0.3381655444853416,0.1997704378987602,0.8168721430870053,0.2848902821981757,0.5869884562111283,3
85.0,74.0,True,0.3142885325773132,0.1675506181851283,0.7158852207796785,0.4866326353279464,-0.0745749690313359,3
85.0,75.0,True,0.4266093457786997,0.283152859200254,1.156101973542157,1.374376375263497,3.6399574110776456,2
85.0,76.0,True,0.4000012214290471,0.260177166133463,1.0228153388515435,0.980665991687704,2.7045013964237996,2
85.0,77.0,True,0.4846561280961402,0.1540272012335339,0.7201807242177155,0.0439061796760783,5.18875826581222,3
85.0,78.0,True,0.5711562871305551,0.2524555846992568,0.9539873561859844,-0.4448347504909808,8.319414361932859,2
85.0,79.0,True,0.4739751781244328,0.2733464893573071,0.947562424156468,-0.0756642284447779,4.721079434007416,2
85.0,80.0,True,0.4025664657081696,0.2111424450826094,0.7658693230769462,0.0964946567886178,2.9217897211917214,3
85.0,81.0,True,0.2981674784776295,0.184417294839926,0.6634381310407925,0.1440025739407372,-0.5006102487192234,3
85.0,82.0,True,0.4009819864609617,0.2068655077255042,0.8482376959309983,0.2369858526485485,3.166452407227821,3
85.0,83.0,True,0.3541512204870504,0.2083563311859347,0.6850935381202492,0.1576849652813448,1.331208806680996,3
85.0,84.0,True,0.2750082224624192,0.122719848237927,0.5583311116473283,0.3507941381684283,-1.3561796139067324,1
85.0,85.0,True,0.302737038791236,0.1559136593614562,0.7669387713630975,0.2678573280205936,-0.3529080544603994,3
85.0,86.0,True,0.2435773024133054,0.1106148718320123,0.5306389858805692,0.6155270904091048,-2.0693934635435305,1
85.0,87.0,False,,,,,,0
85.0,88.0,False,,,,,,0
85.0,89.0,False,,,,,,0
85.0,90.0,False,,,,,,0
85.0,91.0,False,,,,,,0
85.0,92.0,False,,,,,,0
85.0,93.0,False,,,,,,0
85.0,94.0,False,,,,,,0
85.0,95.0,False,,,,,,0
85.0,96.0,False,,,,,,0
85.0,97.0,False,,,,,,0
85.0,98.0,False,,,,,,0
85.0,99.0,False,,,,,,0
85.0,100.0,False,,,,,,0
86.0,1.0,False,,,,,,0
86.0,2.0,False,,,,,,0
86.0,3.0,False,,,,,,0
86.0,4.0,False,,,,,,0
86.0,5.0,False,,,,,,0
86.0,6.0,False,,,,,,0
86.0,7.0,False,,,,,,0
86.0,8.0,False,,,,,,0
86.0,9.0,False,,,,,,0
86.0,10.0,False,,,,,,0
86.0,11.0,False,,,,,,0
86.0,12.0,False,,,,,,0
86.0,13.0,False,,,,,,0
86.0,14.0,False,,,,,,0
86.0,15.0,False,,,,,,0
86.0,16.0,True,0.0418504639298373,0.0443068904943722,0.1347994805832781,0.5277473236582995,-8.224847567057125,1
86.0,17.0,True,0.2540483342918343,0.2032390734491959,0.7580341609773645,0.8886338438673002,-1.4174127729709651,3
86.0,18.0,True,0.4109708720991331,0.279464344702261,0.9545841172153772,0.0587036268521746,2.8906576317132453,2
86.0,19.0,True,0.4203117025931743,0.2116565761346892,0.8547232348474818,0.3068894172870286,3.531123416239004,3
86.0,20.0,True,0.4557908327759384,0.2045566609012561,1.2303881168083324,1.5901485771326047,3.9698689054930014,2
86.0,21.0,True,0.3202962334877172,0.1992654704798877,0.6696113260184051,0.2133419386064291,0.0428519592728471,3
86.0,22.0,True,0.4203833919669695,0.1556132124844756,0.6909062537487304,-0.3443244363128241,3.5102782997081343,3
86.0,23.0,True,0.2894063057562449,0.1930277649088219,0.9801910638702732,1.1427649615171278,-0.9085844817716936,3
86.0,24.0,True,0.6536531493520141,0.2836766514634355,1.0275694554161148,-0.3982492554981992,10.521847702911026,2
86.0,25.0,True,0.5087767485323113,0.2666550400963578,1.0435749182560232,0.1120742506069379,6.523510266099793,2
86.0,26.0,True,0.51567988999666,0.2647460917663336,1.2321651920681351,0.8748670284211271,6.277429717493142,2
86.0,27.0,True,0.4293290114267715,0.1815464818601301,0.6980098114189599,-0.0700644855533487,3.747540225144559,3
86.0,28.0,True,0.4938856150300992,0.2098615409422909,0.9359572176267232,0.2950819627401604,5.70246821921473,2
86.0,29.0,True,0.4246335357328491,0.2604313231948878,0.855963286470456,0.2159727132572592,3.5436498283276068,2
86.0,30.0,True,0.3942614858608094,0.1887291559432609,0.9243881434086048,0.4693612934045705,2.5578877059648826,3
86.0,31.0,True,0.3430403704882873,0.1254392746655444,0.5779310186565855,-0.623276015352397,1.107371029771062,3
86.0,32.0,True,0.3644898399917947,0.2007710275557377,0.8647517663662813,1.0714906900600965,1.746291901567473,3
86.0,33.0,True,0.2642000978953433,0.1295713312800326,0.7029917753872303,1.3139207162366178,-1.6005683195558604,1
86.0,34.0,True,0.5651628934840917,0.2254547675410379,1.0674738451765176,-0.039501859456431,7.715313319067516,2
86.0,35.0,True,0.2789343781885978,0.1635164305341146,0.6737427761064836,0.3971514865743208,-0.9467216151944268,3
86.0,36.0,True,0.341854943833393,0.1708867886825944,0.799641586345384,0.5876880317706052,0.5725219551672378,3
86.0,37.0,True,0.412656383586835,0.2217249964705998,0.9478209819135578,0.6601000231608126,3.3086787823498667,3
86.0,38.0,True,0.2224081893208124,0.1704509307218303,0.6932437157274085,1.0819777836688678,-2.469620905931986,3
86.0,39.0,True,0.2396040711507011,0.1651277008339768,0.5459955737071528,0.0953345958429954,-2.094066247610563,1
86.0,40.0,True,0.3151166279966859,0.1364429130322967,0.6643543560412413,0.6527821770221699,0.3229743467636374,3
86.0,41.0,True,0.1827204132554551,0.1189101556474929,0.4659951493303249,0.3600445843302766,-3.832510426420008,1
86.0,42.0,True,0.194038270061625,0.1768963741231846,0.6361702716554548,0.9834309773823112,-3.497714458905664,1
86.0,43.0,True,0.1554337748306018,0.1628980501737128,0.5968763317276697,0.733976639458598,-4.9315076316918605,1
86.0,44.0,True,0.1963357724810159,0.1452664268833118,0.5470291728811818,0.6807325470246939,-3.4625398462985335,1
86.0,45.0,True,0.1853060528996071,0.1104034948591404,0.3772575710357657,-0.1948153617651054,-3.7119367891829858,1
86.0,46.0,True,0.2263620985035897,0.2009564845043239,0.8083062780349408,1.6010671074119882,-2.3245172874291566,3
86.0,47.0,True,0.2203715560443565,0.1544510347604573,0.4572286554270532,0.0570602529847063,-2.9149308590594107,1
86.0,48.0,True,0.2404303839334346,0.1737760932666514,0.6761238701352471,1.210201933480835,-1.9072167797965147,3
86.0,49.0,True,0.2184078358908552,0.1691110536648311,0.5711810523750445,0.4901483489268599,-2.6736927833615938,1
86.0,50.0,True,0.3045751143835797,0.1860140858995516,0.6218803014291443,0.0535468501497196,-0.5025639999324103,3
86.0,51.0,True,0.2264873441060777,0.21615093803677,0.9852818519136028,1.245202204744684,-2.8812625148746225,3
86.0,52.0,True,0.2412856464486824,0.1375163246993841,0.5417275111155619,0.3597764920300675,-2.3966821765962645,1
86.0,53.0,True,0.2252303221668863,0.109120474953186,0.4542442032463069,0.2498255616611973,-2.5039995810003948,1
86.0,54.0,True,0.189864126403108,0.1096401783505635,0.3999208885302407,0.2430057703190993,-3.709612230247881,1
86.0,55.0,True,0.2206150852222465,0.1501902597345087,0.5457912937868795,0.4920483078767698,-2.600407969322725,1
86.0,56.0,True,0.2275897689785421,0.184062390584899,0.5918360853490906,0.3275870213721092,-2.5774345560757483,3
86.0,57.0,True,0.2142653044106013,0.1732128232334668,0.8179042760173534,1.182812379531414,-3.2816035993918047,3
86.0,58.0,True,0.2227416972516579,0.1477274327063349,0.5652602534765252,0.3154567079131856,-2.760497634143354,1
86.0,59.0,True,0.1420116180583965,0.0932058679952378,0.3426880747140159,0.654554531074933,-5.136157572131812,1
86.0,60.0,True,0.1479545038912502,0.0944555251905543,0.3617111603741332,0.3781921518120197,-4.997214489272588,1
86.0,61.0,True,0.325788870560679,0.2511854637367934,1.104012060956288,0.7507680771520083,-0.2251415732180385,3
86.0,62.0,True,0.1840301147302927,0.1279323818086033,0.5118186126273804,1.0519423117415956,-3.7690649350194048,1
86.0,63.0,True,0.3873980205988885,0.1891697377378068,0.7445571121496126,-0.0221715649945579,2.7101651318985516,3
86.0,64.0,True,0.1908267770394408,0.0979315031419307,0.455433862304069,0.5461748695038683,-3.9044250911941702,1
86.0,65.0,True,0.2884155346697452,0.1511371012222051,0.6082280425331038,0.1267752797917947,-0.5656207076608099,3
86.0,66.0,True,0.2408475440415123,0.1922930886728552,0.7027080469232944,1.0287276699266463,-2.25304744247614,3
86.0,67.0,True,0.3709383983860595,0.1463803588022196,0.6681124857593423,-0.0764631157312499,1.9477634508829056,3
86.0,68.0,True,0.259770465355054,0.1657947943310551,0.8570718536425355,0.952300479891684,-1.7840903121416063,3
86.0,69.0,True,0.4106196894878185,0.2001100870997642,0.8408038880838223,0.4000125561563389,3.285502255402432,3
86.0,70.0,True,0.2944803689045243,0.1703596394682833,1.0000675982402236,1.9735336826137135,-0.8778462714751283,3
86.0,71.0,True,0.2770924590303733,0.1488409174557214,0.5258433102708253,0.1882913674633028,-0.9142378732876136,1
86.0,72.0,True,0.2265140073723833,0.1205638809592542,0.5105112678746914,0.4027038607432327,-2.511853022862959,1
86.0,73.0,True,0.3474012419066606,0.1607945282586571,0.637274334072579,-0.1385599403968564,1.1385798954505566,3
86.0,74.0,True,0.2891853809945545,0.142105205690585,0.5460856834916926,-0.1082831470539739,-0.659125000483139,1
86.0,75.0,True,0.3457631487267179,0.1483943031977201,0.6161496221016326,-0.187374732993452,1.2743831142549986,3
86.0,76.0,True,0.4718105358447553,0.2374452865786808,0.8575391530853897,-0.3070738391982827,5.289170735419972,2
86.0,77.0,True,0.2740563795587942,0.1513266400150238,0.6249129226026717,0.5156592570931757,-0.9019609726440247,3
86.0,78.0,True,0.4169981341285013,0.2389259967624477,1.0581409111718043,0.5342066807800243,3.0980382807669544,2
86.0,79.0,True,0.6077379881690685,0.190489345566401,1.007686774268343,-0.3353012511485398,8.902523371435747,2
86.0,80.0,True,0.3643157136967375,0.1805325320521755,0.6570999356412629,-0.3867288500682855,1.3816749002303486,3
86.0,81.0,True,0.5025652805512392,0.21637664512993,0.9204605335254302,0.1107388194502741,5.997380081649242,2
86.0,82.0,True,0.2331467169852888,0.1863938933509848,0.5465994776297476,0.3335410976375801,-2.2050460049304377,3
86.0,83.0,True,0.3997733435459916,0.2396926007698851,0.8644039424164726,0.0102773979950934,3.211094678627193,3
86.0,84.0,True,0.3008302800214302,0.1034044828774511,0.5408466933097655,0.4925510971366844,-0.3817539017807625,1
86.0,85.0,True,0.2513552688014692,0.1514839100147426,0.5625341590918891,-0.0284208303198359,-1.7613904862444132,1
86.0,86.0,False,,,,,,0
86.0,87.0,False,,,,,,0
86.0,88.0,False,,,,,,0
86.0,89.0,False,,,,,,0
86.0,90.0,False,,,,,,0
86.0,91.0,False,,,,,,0
86.0,92.0,False,,,,,,0
86.0,93.0,False,,,,,,0
86.0,94.0,False,,,,,,0
86.0,95.0,False,,,,,,0
86.0,96.0,False,,,,,,0
86.0,97.0,False,,,,,,0
86.0,98.0,False,,,,,,0
86.0,99.0,False,,,,,,0
86.0,100.0,False,,,,,,0
87.0,1.0,False,,,,,,0
87.0,2.0,False,,,,,,0
87.0,3.0,False,,,,,,0
87.0,4.0,False,,,,,,0
87.0,5.0,False,,,,,,0
87.0,6.0,False,,,,,,0
87.0,7.0,False,,,,,,0
87.0,8.0,False,,,,,,0
87.0,9.0,False,,,,,,0
87.0,10.0,False,,,,,,0
87.0,11.0,False,,,,,,0
87.0,12.0,False,,,,,,0
87.0,13.0,False,,,,,,0
87.0,14.0,False,,,,,,0
87.0,15.0,False,,,,,,0
87.0,16.0,False,,,,,,0
87.0,17.0,True,0.0598724578496262,0.0549120195314357,0.1614573263579308,0.3631784046942077,-7.71313946888603,1
87.0,18.0,True,0.3847185949062862,0.1866885694634788,0.722228287738712,0.4209485390478463,2.119344037239602,3
87.0,19.0,True,0.516000201607579,0.2738885970961613,1.1323826800527697,0.5099710902437848,5.740074833246066,2
87.0,20.0,True,0.4422750639978263,0.1779011086819805,0.7413712069279922,-0.1403895754248334,4.034378976867938,3
87.0,21.0,True,0.2888710468695419,0.1633664949173459,0.5997790856147811,0.2018545644609968,-0.6656763106893981,3
87.0,22.0,True,0.1920326462694448,0.1774883720295591,0.5348768970074508,0.5573710616592206,-3.889780444627009,1
87.0,23.0,True,0.2817874483216288,0.1519583758454641,0.6443736144825325,0.344625218467091,-0.6831555107512434,3
87.0,24.0,True,0.4956916020674189,0.2735590911778457,1.3312230215668803,0.8106942366029742,5.208674369465321,2
87.0,25.0,True,0.3371267468293388,0.2177822303261931,0.8675337195975618,0.7323238690814088,1.1367423684309663,3
87.0,26.0,True,0.5001082571267064,0.2913414657968177,1.0991629255331974,0.3401032198534324,6.2822209482610125,2
87.0,27.0,True,0.5189216981824591,0.1064688006569827,0.7092103796559621,-0.3315819659324052,6.456514026407365,3
87.0,28.0,True,0.3851352985364847,0.1523005474460487,0.6722861761941403,0.0321979772001606,2.2342384088864957,3
87.0,29.0,True,0.4033770069155726,0.2685140883920163,1.279016291444978,0.8819602804731761,2.5076092706171864,2
87.0,30.0,True,0.3766136234964592,0.1913439899732923,0.7154832978675532,-0.205141798260905,2.454914004508678,3
87.0,31.0,True,0.337651523966249,0.1987403686870523,0.6919111187568966,-0.158800538862197,1.0849750717559472,3
87.0,32.0,True,0.2664652548809647,0.110387812534333,0.478716697277307,-0.1777942726260845,-1.2606954394721932,1
87.0,33.0,True,0.3483870064570935,0.2363491184920956,0.7878518359062009,0.3661211983353368,0.9966141795685722,3
87.0,34.0,True,0.368223046424161,0.1605113251702358,0.8287369905118043,1.117705904072132,1.4937563969387857,3
87.0,35.0,True,0.6231916570312841,0.3616912487778275,1.3826342130760805,0.2825697005287047,9.456674644355036,2
87.0,36.0,True,0.44048463029287,0.2211363681313062,0.8435964500491057,0.0155713899868786,3.724021071293356,3
87.0,37.0,True,0.5492743274633131,0.2677368725859356,1.5,1.209429303958327,6.877536956339236,2
87.0,38.0,True,0.3121514086272629,0.160654738761323,0.7812252771909272,0.5415051279987799,-0.0767048274635761,3
87.0,39.0,True,0.2993550064819701,0.2788735859309961,1.1169527701252748,1.7592322155402471,-0.0965110671851818,3
87.0,40.0,True,0.1745232130930989,0.0926283840772256,0.3244835824900729,-0.2256023496012984,-4.073730852586523,1
87.0,41.0,True,0.1751266218050646,0.1292463699211181,0.4171308836039218,0.4313893056993025,-4.2561346421894655,1
87.0,42.0,True,0.1990368983696994,0.1593975954993474,0.7390076908764208,1.05862328469932,-3.8017175515163455,1
87.0,43.0,True,0.2450915683861142,0.1582068595087613,0.6009475234296608,0.444118406772753,-2.013495453159863,1
87.0,44.0,True,0.2138334673796174,0.08567183655098,0.3910672030581301,0.00705108536067,-2.849994444277735,1
87.0,45.0,True,0.282662757298901,0.0966546888595595,0.4174629538166298,-0.2195540770105433,-0.8485212029788036,1
87.0,46.0,True,0.1586843514349271,0.1194293083108641,0.4161629500220439,0.6361332941364475,-4.710118016689036,1
87.0,47.0,True,0.2340622890255674,0.1179900315152641,0.4436300055925706,-0.0727596024844254,-2.198821402933792,1
87.0,48.0,True,0.1364831930630569,0.1070053698942715,0.4743522435693544,0.8078268311563407,-5.622264807247948,1
87.0,49.0,True,0.1779619621925826,0.1015119777017642,0.3541320058099978,-0.0652325129765679,-4.09591646148424,1
87.0,50.0,True,0.2074570115640251,0.1488333297609593,0.7079970011635568,0.9215976685232926,-3.373193512713705,1
87.0,51.0,True,0.2077919401579506,0.1401379118818587,0.4940832820882347,0.5040487684421945,-3.409343051393375,1
87.0,52.0,True,0.1238777387010264,0.1056449777064837,0.3155775755187013,0.6143664863327543,-5.8077970228711795,1
87.0,53.0,True,0.1442394516589608,0.1340491638404146,0.5062802012760973,1.27006537540371,-4.938493210502904,1
87.0,54.0,True,0.2712659565701353,0.1952037157194386,0.6791445328110022,0.2210235353300103,-1.02461476166974,3
87.0,55.0,True,0.2521710478349838,0.1356907370466666,0.5391778604825439,0.0406855490652273,-1.9322794409233008,1
87.0,56.0,True,0.1596005597224018,0.1174853863185788,0.4930042437373801,1.2967543541231532,-4.73525645407396,1
87.0,57.0,True,0.2019488226759525,0.1058111379861968,0.3589417276413701,-0.2833835101879662,-3.2715021727694085,1
87.0,58.0,True,0.2841624861422893,0.2806366313724158,1.0618928868491702,1.0511970663041077,-1.0082720735839064,3
87.0,59.0,True,0.2832420829600122,0.1022875407371622,0.4988847705958189,-0.312439343884062,-0.7814258167065998,1
87.0,60.0,True,0.2391346481135046,0.1893446730325948,0.8268238250600846,0.8000903298662243,-2.48156476177903,3
87.0,61.0,True,0.2043248959177933,0.1724322895619496,0.6143821126215626,0.6963925836492365,-3.079531589735375,1
87.0,62.0,True,0.2405715946183277,0.2036254091771396,0.7645631075029712,1.0852255129830035,-2.2404645169748205,3
87.0,63.0,True,0.2961733602564987,0.1471350503716746,0.5885951512559706,0.0619839747109053,-0.512660293739499,3
87.0,64.0,True,0.2856150778269489,0.2171530029589803,0.8288396831824253,1.066548891239549,-0.639504969998074,3
87.0,65.0,True,0.268753723207385,0.152434224198345,0.4960310277143216,-0.1823703323995993,-1.169297483757497,1
87.0,66.0,True,0.2400257701257888,0.1974161598651884,0.8242057585955697,0.9397086770385672,-2.299018636837326,3
87.0,67.0,True,0.5242903612018649,0.2664768308585832,0.9998537109798332,-0.2184844608428448,6.586499476183156,2
87.0,68.0,True,0.2870691862925209,0.1293144407351336,0.5857682901118313,0.3798871422923293,-0.5144190703993691,1
87.0,69.0,True,0.4268899849096368,0.2167448054134504,0.7884774532393606,0.0071530046254462,3.6094534756689622,3
87.0,70.0,True,0.1763925362821047,0.1042421361342032,0.3800315186845368,0.2577742637238393,-4.192351698689709,1
87.0,71.0,True,0.3047755298374463,0.1563755896006651,0.6054923484818117,0.1650904517356055,0.0341354062212361,3
87.0,72.0,True,0.3486071877299976,0.2292149204995531,0.8926801447476134,0.6749673036920054,1.4421320247254634,3
87.0,73.0,True,0.3276326052244589,0.1988859776736625,0.6489044094681004,-0.1810770692793254,0.7001487408949362,3
87.0,74.0,True,0.3858491898691248,0.2433225321682602,0.8965816544058632,0.6026677403145063,2.460246666396059,3
87.0,75.0,True,0.3001221644272773,0.2086314710159985,0.7350834027175303,0.305978411169419,-0.2648457991797391,3
87.0,76.0,True,0.4439209568828304,0.2190017451799184,0.9598883895855476,0.8302148271008312,4.345426262191531,2
87.0,77.0,True,0.5353968603559581,0.2138444773185129,0.9777631515748508,-0.1872751329256304,7.002043606353828,2
87.0,78.0,True,0.538977159770669,0.1072290096716659,0.7702816090165745,-0.2604183138325691,6.912563055827398,3
87.0,79.0,True,0.458590008808879,0.2613321576533232,0.9293961341440284,0.1071424364545201,4.503302447960727,2
87.0,80.0,True,0.3224166382289127,0.1862955767207025,0.6241306954713374,-0.1874190776238669,0.3893101145565243,3
87.0,81.0,True,0.4656763879350339,0.2006701237964669,0.9286038810409906,0.195864993955425,4.90654424165071,2
87.0,82.0,True,0.4540506904576975,0.1549203453575961,0.7182330698385302,0.0090548304698343,4.438360834693044,3
87.0,83.0,True,0.4609369009073729,0.1396164055594232,0.6666881773968589,-0.9232855019711578,4.872671069624156,3
87.0,84.0,True,0.2809621780249894,0.2326314463023442,0.8592243796517989,1.040854959017758,-0.7475714745424893,3
87.0,85.0,False,,,,,,0
87.0,86.0,False,,,,,,0
87.0,87.0,False,,,,,,0
87.0,88.0,False,,,,,,0
87.0,89.0,False,,,,,,0
87.0,90.0,False,,,,,,0
87.0,91.0,False,,,,,,0
87.0,92.0,False,,,,,,0
87.0,93.0,False,,,,,,0
87.0,94.0,False,,,,,,0
87.0,95.0,False,,,,,,0
87.0,96.0,False,,,,,,0
87.0,97.0,False,,,,,,0
87.0,98.0,False,,,,,,0
87.0,99.0,False,,,,,,0
87.0,100.0,False,,,,,,0
88.0,1.0,False,,,,,,0
88.0,2.0,False,,,,,,0
88.0,3.0,False,,,,,,0
88.0,4.0,False,,,,,,0
88.0,5.0,False,,,,,,0
88.0,6.0,False,,,,,,0
88.0,7.0,False,,,,,,0
88.0,8.0,False,,,,,,0
88.0,9.0,False,,,,,,0
88.0,10.0,False,,,,,,0
88.0,11.0,False,,,,,,0
88.0,12.0,False,,,,,,0
88.0,13.0,False,,,,,,0
88.0,14.0,False,,,,,,0
88.0,15.0,False,,,,,,0
88.0,16.0,False,,,,,,0
88.0,17.0,False,,,,,,0
88.0,18.0,True,0.036799746555192,0.0461582138643559,0.150676854397155,1.065354138533608,-8.430393731970243,1
88.0,19.0,True,0.2317165276650418,0.1569188723962931,0.6169757495629331,0.8508183543798796,-2.375342441555106,1
88.0,20.0,True,0.4053588940253119,0.2420923666754195,0.9962193860257612,0.7496299662126521,3.006670684705206,2
88.0,21.0,True,0.3219937858376785,0.1796826256982176,0.7332078198178622,0.539985078841521,0.3986811206991409,3
88.0,22.0,True,0.3328351443905809,0.1913752191665937,0.6077192313587977,-0.1160932798222869,0.7348796398923565,3
88.0,23.0,True,0.328339559186954,0.1861413982848545,0.7112560089414443,0.2211965533959604,0.6963131480825473,3
88.0,24.0,True,0.3214989938409427,0.1554911658216444,0.7129391674087098,0.7787469212152569,0.6095674586721422,3
88.0,25.0,True,0.4843630612010752,0.2689501579807484,1.057955762907153,0.0934965086120444,5.814233646980418,2
88.0,26.0,True,0.490875890583696,0.1613636090155188,0.9149560861111936,0.0843089784108249,5.067790263058372,3
88.0,27.0,True,0.6297774208561319,0.2150738148392794,1.0067976904961728,-0.3516439747782807,9.914986589670823,2
88.0,28.0,True,0.4955746206092964,0.2245480240068411,0.9595410762237458,0.1992475181397163,5.536261163532108,2
88.0,29.0,True,0.4286365854244565,0.1684097609650744,0.8226922861721828,0.6051911672253817,3.8101582464342783,3
88.0,30.0,True,0.4569971036225577,0.2345146197260937,1.035320012434442,-0.1390280597977615,4.351718939669892,2
88.0,31.0,True,0.4689350220964152,0.1937233795947001,0.7245424154536243,-0.734723599982758,4.690432493741199,3
88.0,32.0,True,0.4186564174910952,0.2170369486759306,0.8030700628848434,0.0737165326238773,3.3818800297017657,3
88.0,33.0,True,0.3855504722632947,0.1699846779312931,0.6975641157826195,0.2871541336921019,1.9722461396916264,3
88.0,34.0,True,0.437609419726452,0.1717566611298623,0.8562961596251021,0.6695933107318833,3.8028517019046215,3
88.0,35.0,True,0.4592832964457397,0.2233972846377251,0.8757456064797382,0.3011471686124624,4.564904573615176,2
88.0,36.0,True,0.5773511713228142,0.274635647429172,1.1928788386504732,0.6186827743142804,8.366818754815332,2
88.0,37.0,True,0.5041486265709942,0.2645655259540391,1.2186341343027811,0.0872336986266604,5.400534872646583,2
88.0,38.0,True,0.4543989963040479,0.2281915811273276,0.9266042512730636,0.372854736900324,4.635740843401347,2
88.0,39.0,True,0.2950005546527214,0.2033367385619974,0.6917040228201808,0.536161632767257,-0.568782056545807,3
88.0,40.0,True,0.4168353300454905,0.2712558628203654,1.195632587774956,0.853095597027213,2.614714422279924,2
88.0,41.0,True,0.2802254510254366,0.140858848999363,0.6063762542528481,0.5107761783831151,-0.985331274358722,3
88.0,42.0,True,0.353125231544454,0.2535137603952263,1.0027074853117064,1.129711835483575,1.014244342547336,3
88.0,43.0,True,0.2937771531018834,0.2237087024706308,0.8689690923181328,1.0392534861339997,-0.2075663196794553,3
88.0,44.0,True,0.312853227276059,0.2256181269534804,0.9065951111333278,1.1751360244160831,0.3596049631259778,3
88.0,45.0,True,0.1733869133614369,0.1390069724433756,0.45079291080586,0.3974062701354497,-4.19065251007548,1
88.0,46.0,True,0.299676382918539,0.137917740184465,0.5533037044556406,0.0611142768519579,-0.3450127193408877,3
88.0,47.0,True,0.2972626217715427,0.1910969440220394,0.751626005796533,0.3861556823494232,-0.3169854121176272,3
88.0,48.0,True,0.2394925791223742,0.1632947840909736,0.6346123887713435,0.8001113575742067,-2.3845988402556992,1
88.0,49.0,True,0.2157321985337103,0.1478186023656389,0.5325218534981823,0.4196681621333415,-3.219642155308745,1
88.0,50.0,True,0.2268466669490711,0.1697663061161034,1.0144249427617738,3.0146985190966986,-2.928203332690518,3
88.0,51.0,True,0.1972728629894256,0.1749166187796332,0.5795725704132976,0.7968384131417494,-3.360304401348468,1
88.0,52.0,True,0.1719091475993925,0.0945164834545877,0.5085737007819515,1.2996088673107862,-4.352758848555853,1
88.0,53.0,True,0.2264244780326632,0.149897739706324,0.4884676607196493,-0.0375269453264225,-2.424839523495531,1
88.0,54.0,True,0.2397352533507807,0.1639618550807147,0.736198461408559,0.7666591920871123,-2.3243819864377877,3
88.0,55.0,True,0.1469642214182258,0.1047470369375947,0.359696409912679,0.1340168770504185,-4.993683251567496,1
88.0,56.0,True,0.2671790141177433,0.1838199000338636,0.5809774477718163,0.1301656085131882,-1.4416679405217023,3
88.0,57.0,True,0.2711095491561896,0.1757750047828869,0.5703304425217943,0.1110843979117093,-1.412228033758106,3
88.0,58.0,True,0.3009229729571052,0.1531448392530482,0.9473644040885468,1.9421324004510845,-0.7886428128963752,3
88.0,59.0,True,0.1689474340064035,0.1669101736369087,0.6026016050210667,1.1659547338602756,-4.210249173991003,1
88.0,60.0,True,0.2651139957421238,0.1468347212080188,0.6819944672289479,0.606772314971339,-1.6776045014839511,3
88.0,61.0,True,0.218316504840012,0.1538457412447918,0.5281163753582171,0.5664289222283777,-2.6003978143486197,1
88.0,62.0,True,0.2509886664233698,0.1337256690530089,0.5170642013585506,0.1683932541781967,-1.9339821583293224,1
88.0,63.0,True,0.3025397639923578,0.2355195491601678,1.2332743583709382,1.6115475904611352,-0.6138193684302817,3
88.0,64.0,True,0.300044700803198,0.2270268852434562,0.8091180520237716,0.5414449168399282,-0.191319430143829,3
88.0,65.0,True,0.3912203969213931,0.1845080791047952,0.7304028814446486,-0.3536676303242242,2.7723063204871727,3
88.0,66.0,True,0.251009804132932,0.1327302583604707,0.5351325092990172,-0.1299047850525616,-1.9560528041473864,1
88.0,67.0,True,0.2772525990001037,0.1351885890015137,0.5093299871833967,-0.0898477488579577,-1.036705764538853,1
88.0,68.0,True,0.3153132608361164,0.1559541364247767,0.6004562245411549,-0.2836753916468185,0.1017588515966848,3
88.0,69.0,True,0.2269469885774104,0.2303552262277778,0.7384745476073122,0.8691389277844812,-2.4928861806209475,3
88.0,70.0,True,0.4258195433751395,0.1997704553848638,0.8519999487136449,0.2490183549190312,3.7148472051585335,3
88.0,71.0,True,0.3695139548220445,0.2013418474537671,0.6834044867429296,-0.4716884306867349,2.0077417688805297,3
88.0,72.0,True,0.3116829634506804,0.3240762483393342,1.1743601548371707,1.1775609716611617,0.22631848155946,2
88.0,73.0,True,0.3210529543736875,0.2207061054612727,0.8990844338531829,1.0432800539739246,0.2225480687897525,3
88.0,74.0,True,0.3392366270446073,0.1896368964417614,0.6811546216297144,0.1828761380249446,0.674064881063651,3
88.0,75.0,True,0.3645780228089432,0.1740419246682029,0.6690404833073265,-0.166525954972943,1.5069429746294392,3
88.0,76.0,True,0.4799551265619465,0.2961703412143949,1.5,1.5063257416263638,4.483236780107796,2
88.0,77.0,True,0.4566415321215551,0.2179230499908101,0.8414390710949525,-0.5403187349752153,4.48325639382525,3
88.0,78.0,True,0.510443736431958,0.3209672449161718,1.3466589120630867,1.0034704172775877,5.806527640860969,2
88.0,79.0,True,0.4772087007506349,0.2487413904298218,1.000106286864183,0.1486439624413964,4.889345372291216,2
88.0,80.0,True,0.51540601152664,0.2435544206356829,1.1863115902691437,0.218589128786705,6.253098927119414,2
88.0,81.0,True,0.3791159856498207,0.1872838557061604,0.7739149549362041,0.4193376577530915,2.345198215667018,3
88.0,82.0,True,0.3794274063451417,0.1320669775360865,0.7076743364474055,0.6079065683663929,2.244243546182522,3
88.0,83.0,True,0.2181203974804715,0.1385729801456071,0.5316755294132655,0.6820883198625363,-2.566706003009959,1
88.0,84.0,False,,,,,,0
88.0,85.0,False,,,,,,0
88.0,86.0,False,,,,,,0
88.0,87.0,False,,,,,,0
88.0,88.0,False,,,,,,0
88.0,89.0,False,,,,,,0
88.0,90.0,False,,,,,,0
88.0,91.0,False,,,,,,0
88.0,92.0,False,,,,,,0
88.0,93.0,False,,,,,,0
88.0,94.0,False,,,,,,0
88.0,95.0,False,,,,,,0
88.0,96.0,False,,,,,,0
88.0,97.0,False,,,,,,0
88.0,98.0,False,,,,,,0
88.0,99.0,False,,,,,,0
88.0,100.0,False,,,,,,0
89.0,1.0,False,,,,,,0
89.0,2.0,False,,,,,,0
89.0,3.0,False,,,,,,0
89.0,4.0,False,,,,,,0
89.0,5.0,False,,,,,,0
89.0,6.0,False,,,,,,0
89.0,7.0,False,,,,,,0
89.0,8.0,False,,,,,,0
89.0,9.0,False,,,,,,0
89.0,10.0,False,,,,,,0
89.0,11.0,False,,,,,,0
89.0,12.0,False,,,,,,0
89.0,13.0,False,,,,,,0
89.0,14.0,False,,,,,,0
89.0,15.0,False,,,,,,0
89.0,16.0,False,,,,,,0
89.0,17.0,False,,,,,,0
89.0,18.0,False,,,,,,0
89.0,19.0,False,,,,,,0
89.0,20.0,True,0.1829634134636466,0.1435675259899801,0.5138938375263957,0.6302005307357932,-4.056559789626103,1
89.0,21.0,True,0.2881638997359886,0.2636146650471105,1.3850169667040104,2.4326937924629086,-1.3303885333310776,3
89.0,22.0,True,0.3078363115312042,0.1389470278768978,0.621610324997357,0.0703667870802743,-0.0974336652096728,3
89.0,23.0,True,0.3584943901719599,0.1782959580315269,0.6791099351108447,-0.0662326297427308,1.8588890999867096,3
89.0,24.0,True,0.4212864506288236,0.2321218651440594,0.9249784653286836,0.3543369285704592,3.4845598185532864,3
89.0,25.0,True,0.4711765139333969,0.1815114701058653,0.8359104920689299,0.1224118088744478,4.970362873550807,3
89.0,26.0,True,0.4900014188213006,0.1954417932213949,1.095147622076029,1.1120377478722696,5.316319163069287,2
89.0,27.0,True,0.6478516867492089,0.2918791035339539,1.0976792612438446,-0.4818861968988367,10.64985730516804,2
89.0,28.0,True,0.6137520295950494,0.2245184106926455,1.1462479711188038,0.0701143400577729,9.317987609282108,2
89.0,29.0,True,0.5957362670128575,0.2297134106681841,1.0340155993426154,-0.2012767525786715,8.78913231234611,2
89.0,30.0,True,0.5832568762718036,0.2146412080764207,0.9308744907878084,-0.1581668153985655,8.410244783246903,2
89.0,31.0,True,0.486634185020911,0.3265804889086286,1.0588410759699387,0.1246248515110449,5.194689811780234,2
89.0,32.0,True,0.4989525747904468,0.198469705601627,0.8441440016028381,0.0468528447394874,5.961305041980051,2
89.0,33.0,True,0.4745690199635012,0.1742042060220167,0.748502867096113,-0.1494549941017244,5.339552381999196,3
89.0,34.0,True,0.5766366371650972,0.2837868156802156,1.3611288717095518,0.7376115611064327,7.831056033393885,2
89.0,35.0,True,0.3910296748195844,0.2046282598451848,1.0733392516172005,1.0302604287324626,2.251903125579952,3
89.0,36.0,True,0.5013458412352627,0.2148937292939273,1.0026563249028633,0.6810252032443687,5.7199122388579555,2
89.0,37.0,True,0.2623505414350938,0.1697373600128107,0.6456938819469348,0.6376704763598384,-1.4529917700899226,3
89.0,38.0,True,0.3799434044805496,0.182544611139092,0.9597377178557716,0.6824110563587548,2.0333870628906294,3
89.0,39.0,True,0.4181012364527758,0.166215294453054,0.8245534854049568,0.0489522378597768,3.383651472873432,3
89.0,40.0,True,0.4786197236805168,0.301918754032885,1.0554397855888709,-0.0488872434182084,4.747375042659804,2
89.0,41.0,True,0.2913709652843204,0.1955253795663394,0.8197186328675826,0.3848172311830051,-0.6348250483777469,3
89.0,42.0,True,0.314977587809018,0.2300618791517411,0.8843821389556048,1.1808325682504497,0.2777820532895652,3
89.0,43.0,True,0.29631049191586,0.1605127139742991,0.6736280284353687,0.6603800004530517,-0.292134398522319,3
89.0,44.0,True,0.2957580893617669,0.2543819900586417,1.2886461431398677,1.7479101297236486,-0.9111829766580604,3
89.0,45.0,True,0.1556230211160759,0.1067265244667146,0.4470908063123229,0.7610670605071408,-4.993394057599918,1
89.0,46.0,True,0.2158511064362407,0.1674526115907937,0.5611880509091509,0.7202428717661081,-2.7763404209488356,1
89.0,47.0,True,0.3133107793417024,0.2769152535309759,0.9642116205753932,0.8743950063371172,0.1076012059597086,3
89.0,48.0,True,0.1740033379047598,0.15405308885389,0.797521447708325,2.2034037082561144,-4.55488274925213,1
89.0,49.0,True,0.1935299567128685,0.0837473881838109,0.3475808537056029,-0.0450245128760111,-3.4526893540092987,1
89.0,50.0,True,0.3176531040845431,0.183972649979206,1.0023326566922792,1.215743066443123,-0.0779880814830678,3
89.0,51.0,True,0.2522840022814153,0.1950419989714858,0.6191821067548541,0.6401472320302494,-1.6704425011476414,3
89.0,52.0,True,0.1225270495840368,0.0985334717524114,0.4132146470123833,1.4334873742627088,-5.901524108668718,1
89.0,53.0,True,0.1891053641010451,0.1854797813521344,0.828481631047324,1.4879951246236818,-4.093422771593264,3
89.0,54.0,True,0.1931115581109515,0.1807429353189151,0.6822621047454995,1.3283542390141745,-3.658982276567093,1
89.0,55.0,True,0.2257539538640147,0.1915652293966523,0.6333270794578839,0.6394278804867152,-2.5440935702275422,3
89.0,56.0,True,0.1199833827587709,0.1477452990352268,0.5524928273179962,1.1405403182928628,-6.044462001945311,1
89.0,57.0,True,0.2500817134962707,0.2176968174374345,0.9518473165033652,1.4455574234564978,-2.4974694526256833,3
89.0,58.0,True,0.1916270709279029,0.1085311478742302,0.3678881888154851,-0.141966704413214,-3.519407587979159,1
89.0,59.0,True,0.2478351995066278,0.1540442738539232,0.5308094894359652,0.06158794157981,-1.9927617203125825,1
89.0,60.0,True,0.1825762252677377,0.1187973374735626,0.46387530187414,0.1686121911432005,-4.028178881333757,1
89.0,61.0,True,0.336360975503518,0.1668901572591397,0.6919394589996531,0.4252657694643769,0.937991278156978,3
89.0,62.0,True,0.1948454614652293,0.1425607949973926,0.6413567017791856,0.8244093317563853,-3.851025724926984,1
89.0,63.0,True,0.339405522459894,0.2143655814392861,0.7289959822897313,0.2480180692567086,0.7161601055654389,3
89.0,64.0,True,0.2992134176579681,0.1741335576264616,0.7117313350792213,0.7639596147400672,-0.2397057426849414,3
89.0,65.0,True,0.289758111367335,0.1949712161679216,0.7285223440378514,0.5340054199428296,-0.3504145736971509,3
89.0,66.0,True,0.2527489080547617,0.1262143256844988,0.6139848766853957,1.2786155543104356,-1.879356804222187,1
89.0,67.0,True,0.2132003402020436,0.1653203540976723,0.8511352659040166,1.5687544245323632,-3.186166102629424,3
89.0,68.0,True,0.2450299621225856,0.1177748283873286,0.6633697446579823,1.3937117019188712,-2.1254558746723955,1
89.0,69.0,True,0.216873867488652,0.1501233106003625,0.5544774238112107,0.5443019050469321,-3.126267533461481,1
89.0,70.0,True,0.2690842347426718,0.1428345206403022,0.4792376009059289,-0.4325966282314124,-1.2658357903794817,1
89.0,71.0,True,0.3079418596830769,0.1077512483652422,0.5238819692427085,-0.0732612067481961,-0.0118063024999853,1
89.0,72.0,True,0.277730919511475,0.1104540715931371,0.4600921643820267,-0.179053391037598,-1.0554423604034875,1
89.0,73.0,True,0.1745458479588058,0.1239579798546747,0.410014560234821,0.2950804694015682,-4.152722350971144,1
89.0,74.0,True,0.3814637579014476,0.2339198628418217,0.8197336752094523,0.1336861753430913,2.3821883908748753,3
89.0,75.0,True,0.3442741611994163,0.230939505618244,1.237248236880205,1.4783231006389508,0.411043049994698,3
89.0,76.0,True,0.3646224618531233,0.1842173752596583,0.7492551513122694,0.5206906611172293,1.6246164590558798,3
89.0,77.0,True,0.3926316419133039,0.1939088661071629,0.9195629084493724,1.11234438633398,2.643070799199144,3
89.0,78.0,True,0.3412356259034102,0.1813612859524301,0.6951732728688185,-0.0402925511810867,1.0516024772698636,3
89.0,79.0,True,0.325320203973186,0.1433602444989479,0.5942750844522601,-0.2666619715073509,0.5815589891266273,3
89.0,80.0,True,0.4224816770344407,0.1954595346966822,0.8518943783232484,0.0084376491111066,3.6594763568621738,3
89.0,81.0,True,0.4748778565284413,0.2563075566279841,1.0214932830499728,0.125676746212741,5.3024214698020256,2
89.0,82.0,True,0.100810350399084,0.1027378285581009,0.5577104283884539,2.2297637595831024,-6.6629193740528265,1
89.0,83.0,False,,,,,,0
89.0,84.0,False,,,,,,0
89.0,85.0,False,,,,,,0
89.0,86.0,False,,,,,,0
89.0,87.0,False,,,,,,0
89.0,88.0,False,,,,,,0
89.0,89.0,False,,,,,,0
89.0,90.0,False,,,,,,0
89.0,91.0,False,,,,,,0
89.0,92.0,False,,,,,,0
89.0,93.0,False,,,,,,0
89.0,94.0,False,,,,,,0
89.0,95.0,False,,,,,,0
89.0,96.0,False,,,,,,0
89.0,97.0,False,,,,,,0
89.0,98.0,False,,,,,,0
89.0,99.0,False,,,,,,0
89.0,100.0,False,,,,,,0
90.0,1.0,False,,,,,,0
90.0,2.0,False,,,,,,0
90.0,3.0,False,,,,,,0
90.0,4.0,False,,,,,,0
90.0,5.0,False,,,,,,0
90.0,6.0,False,,,,,,0
90.0,7.0,False,,,,,,0
90.0,8.0,False,,,,,,0
90.0,9.0,False,,,,,,0
90.0,10.0,False,,,,,,0
90.0,11.0,False,,,,,,0
90.0,12.0,False,,,,,,0
90.0,13.0,False,,,,,,0
90.0,14.0,False,,,,,,0
90.0,15.0,False,,,,,,0
90.0,16.0,False,,,,,,0
90.0,17.0,False,,,,,,0
90.0,18.0,False,,,,,,0
90.0,19.0,False,,,,,,0
90.0,20.0,False,,,,,,0
90.0,21.0,True,0.0998930854162886,0.0983821003202736,0.3207048184695212,0.7249205350196551,-6.405920380555093,1
90.0,22.0,True,0.2891580796035539,0.1477520461012532,0.5599605780454455,-0.2704255208376436,-0.7093825971194792,3
90.0,23.0,True,0.4096912523176252,0.1594296299704023,0.6720114839453439,-0.1449193804135682,3.2107972436887806,3
90.0,24.0,True,0.3703286211622694,0.1917896432198076,1.059311034614027,1.156147858539072,1.6086338760162506,3
90.0,25.0,True,0.4875523775028205,0.2332004610988787,0.8888641849351422,0.0810115815857366,5.716556496290379,2
90.0,26.0,True,0.5385784095301437,0.2734861004215697,1.0878827748648672,0.0959091614025375,7.187406583612626,2
90.0,27.0,True,0.5703775143298162,0.2759091164770907,1.158600314606019,0.220706105042944,8.422877945499932,2
90.0,28.0,True,0.7589118790542038,0.2585491443273821,1.0628756792641718,-1.3370941176323825,14.09552483665483,2
90.0,29.0,True,0.5140288606071002,0.1978033054531612,0.7803672405275904,-0.6648145802719502,6.439967982156361,2
90.0,30.0,True,0.5536331841242556,0.2666431300034662,1.1579049507114427,0.7957769749371882,7.604034958006356,2
90.0,31.0,True,0.5955435736549499,0.2413411743668951,1.0709469719003812,0.0420895703444503,9.20584350471998,2
90.0,32.0,True,0.5675266980666173,0.2016515912587884,0.8969535327355611,-0.3856404953538307,7.689905129150155,2
90.0,33.0,True,0.6809468940459701,0.2666001611564121,1.2225201581413363,0.374643523895531,11.30805236775753,2
90.0,34.0,True,0.4411997375927639,0.1376756437779188,0.8245327237571279,1.26181047140546,4.0191824893694,3
90.0,35.0,True,0.726944127253911,0.2224247942426514,1.1755047091500084,0.1279529407213077,12.611664131797726,2
90.0,36.0,True,0.4731898330017667,0.2675205437740696,1.061105977773784,0.5749685189541022,4.962520425508894,2
90.0,37.0,True,0.5897848726555788,0.2670242560198966,1.2797233250512388,1.114796193644387,8.342391477218806,2
90.0,38.0,True,0.4694960536750863,0.2101837688221692,0.8571306657221571,0.3397013273382563,4.978072796081279,2
90.0,39.0,True,0.5655824426149646,0.3238339789702349,1.3536622426953282,0.5403847868623377,7.67140886621626,2
90.0,40.0,True,0.5051273210812711,0.2928017730874068,1.1401147444311617,0.3029740883392176,5.379555532136563,2
90.0,41.0,True,0.4495947677947019,0.1676227763283966,0.8872346790461271,0.7821582747841004,4.449206792286925,3
90.0,42.0,True,0.311405708233758,0.1520713666152255,0.6245300663710751,-0.1100693205695393,-0.0505554579975185,3
90.0,43.0,True,0.2060074732895589,0.1326172345480343,0.4648273983075315,0.143033253903605,-3.103901102536883,1
90.0,44.0,True,0.2935349930608731,0.1549797088988934,0.7078396838136326,0.8299937318697184,-0.4841149690985058,3
90.0,45.0,True,0.25577833741249,0.2098997389231893,0.7097555987808392,0.6275449201667314,-1.706966509140739,3
90.0,46.0,True,0.2007585652735923,0.2020338261299177,0.7364349955107578,1.2515792221950224,-3.2099720005684897,3
90.0,47.0,True,0.2975018484731155,0.1257878677724817,0.5785660830029277,0.3906906390012017,-0.4822507666002789,1
90.0,48.0,True,0.2658562275029821,0.2061723348608988,0.6420037580826544,0.2307227340700256,-1.1364472162835124,3
90.0,49.0,True,0.1575478608710681,0.101640268954213,0.3400251138098955,0.1990256365660897,-4.572358134329981,1
90.0,50.0,True,0.1842521553849381,0.1368636746983836,0.4324583160125727,0.2167696382521503,-3.903237296784512,1
90.0,51.0,True,0.2667669069919079,0.150668956774781,0.6621080562428824,0.875963841107958,-1.2583996709327538,3
90.0,52.0,True,0.2197760777384147,0.1441741629120966,0.5174656845793203,0.4128281961253466,-2.70502716227211,1
90.0,53.0,True,0.2551012275539714,0.1641529082535796,0.6632811662864193,0.5905103612641548,-1.5948997854811715,3
90.0,54.0,True,0.1657620724317608,0.1078012777184313,0.3282781942868101,-0.2698129834869791,-4.364277952406681,1
90.0,55.0,True,0.2193765075249115,0.1096548805666137,0.4005354649408268,-0.1515762691843441,-3.001746288355636,1
90.0,56.0,True,0.2204065432770169,0.1932930156041811,0.8757288553523999,1.3030038598953917,-3.2132787214149947,3
90.0,57.0,True,0.1223560029230285,0.13686305007659,0.4407741374142781,0.7878475121888988,-5.744925520829032,1
90.0,58.0,True,0.1512319615095503,0.1398732231357573,0.6704488903586773,1.6512778917686064,-5.106108941012526,1
90.0,59.0,True,0.1832162756410628,0.1167533793316346,0.4030062370819824,0.0561730847494433,-3.806426827147748,1
90.0,60.0,True,0.2718795389435309,0.1682099284509956,0.5938091582038271,0.2640271095906945,-1.454473883542836,3
90.0,61.0,True,0.3502428300415071,0.1777045546614105,0.6673936831487552,0.0275513930846601,1.2766902357864944,3
90.0,62.0,True,0.1996261125483601,0.1311237331683973,0.4542758988656336,0.0238643129673215,-3.204038988702344,1
90.0,63.0,True,0.3192088847303759,0.3031294811633767,1.194903880756533,1.5961048874665609,0.131605989845127,2
90.0,64.0,True,0.3713785613719327,0.2279356598474216,0.8319529111507703,0.3047575007788934,1.8290033804083288,3
90.0,65.0,True,0.3280729971204485,0.2120018233981053,0.8212283794239135,0.5433456249331661,0.5673438818833525,3
90.0,66.0,True,0.314450354040664,0.176300275056326,0.8580037299381992,0.412103409446092,-0.0760494903744123,3
90.0,67.0,True,0.3336713023449149,0.1633847048835656,0.6564640859857317,-0.2313496796527606,0.5814653171581743,3
90.0,68.0,True,0.2439459940773151,0.147129824020292,0.5332958895486974,0.2745469249894491,-1.772898199786301,1
90.0,69.0,True,0.2410141830385738,0.1532945640308325,0.5255411061674089,0.2762891176433367,-2.0403323841161916,1
90.0,70.0,True,0.2131801907940292,0.1345771460499721,0.4409180274381903,0.0730523726585955,-2.919002902829758,1
90.0,71.0,True,0.1920692057122001,0.1664283519589601,0.518540003992844,0.3188788676569334,-3.633782568133899,1
90.0,72.0,True,0.2572290497030676,0.207148033905388,0.7741557748478743,0.7280217551168432,-1.5983447655770433,3
90.0,73.0,True,0.2634445137434331,0.2438061943999087,1.0367891359630328,1.2264667690993971,-2.053236775807315,3
90.0,74.0,True,0.3089283262811641,0.1329611055185654,0.658967799495243,0.7432747664418919,-0.0951105059350132,3
90.0,75.0,True,0.3512302671047689,0.1456229579041694,0.5910851039678755,-0.5780314675606548,1.227352680111548,3
90.0,76.0,True,0.3478100600648851,0.2087577011493323,0.7087654669701082,0.12393225757142,1.1690443020576955,3
90.0,77.0,True,0.4534419825520351,0.2017823930271734,0.8917054480949503,-0.1236666521801762,4.019833537898261,3
90.0,78.0,True,0.5535130894429955,0.2851514204504669,1.0158564892644968,0.1688876986680273,7.497241458344721,2
90.0,79.0,True,0.3162867190806578,0.1965779545943421,0.672555544652227,0.0294462426934563,0.1988917151033137,3
90.0,80.0,True,0.3656933190216345,0.1749001172478691,0.6997472791488403,-0.1596601201923997,1.888300672703357,3
90.0,81.0,True,0.1187850299086568,0.1132980084327902,0.3935613886479557,0.7867205688967712,-5.901933030067456,1
90.0,82.0,False,,,,,,0
90.0,83.0,False,,,,,,0
90.0,84.0,False,,,,,,0
90.0,85.0,False,,,,,,0
90.0,86.0,False,,,,,,0
90.0,87.0,False,,,,,,0
90.0,88.0,False,,,,,,0
90.0,89.0,False,,,,,,0
90.0,90.0,False,,,,,,0
90.0,91.0,False,,,,,,0
90.0,92.0,False,,,,,,0
90.0,93.0,False,,,,,,0
90.0,94.0,False,,,,,,0
90.0,95.0,False,,,,,,0
90.0,96.0,False,,,,,,0
90.0,97.0,False,,,,,,0
90.0,98.0,False,,,,,,0
90.0,99.0,False,,,,,,0
90.0,100.0,False,,,,,,0
91.0,1.0,False,,,,,,0
91.0,2.0,False,,,,,,0
91.0,3.0,False,,,,,,0
91.0,4.0,False,,,,,,0
91.0,5.0,False,,,,,,0
91.0,6.0,False,,,,,,0
91.0,7.0,False,,,,,,0
91.0,8.0,False,,,,,,0
91.0,9.0,False,,,,,,0
91.0,10.0,False,,,,,,0
91.0,11.0,False,,,,,,0
91.0,12.0,False,,,,,,0
91.0,13.0,False,,,,,,0
91.0,14.0,False,,,,,,0
91.0,15.0,False,,,,,,0
91.0,16.0,False,,,,,,0
91.0,17.0,False,,,,,,0
91.0,18.0,False,,,,,,0
91.0,19.0,False,,,,,,0
91.0,20.0,False,,,,,,0
91.0,21.0,False,,,,,,0
91.0,22.0,True,0.1077407610104904,0.0716086582749609,0.2507373331963176,0.3624241618219543,-6.180300102913728,1
91.0,23.0,True,0.3081911332761513,0.2468080720071543,0.8219049098774458,0.7843323358456395,0.1890997867249873,3
91.0,24.0,True,0.4483957847689999,0.2137169419717141,1.0040777190554548,0.3062785337478744,3.858583071920769,2
91.0,25.0,True,0.386083471238861,0.2115366923653142,0.8148374130754568,0.2146261200398564,2.7176898417620645,3
91.0,26.0,True,0.4883032415488372,0.2446149236541938,0.9861115270202768,0.4478945884289964,5.87026173004274,2
91.0,27.0,True,0.6563200152380915,0.2582003028984216,1.1070889467528198,-0.0560265411127855,10.400977263476546,2
91.0,28.0,True,0.539059428935085,0.2135729463213167,1.0038314879165957,0.2466336943106235,7.164484889426832,2
91.0,29.0,True,0.5156111841451352,0.3080909373938594,1.0943222224793985,0.3175268857818238,6.414524443419308,2
91.0,30.0,True,0.6479943096713283,0.2290743237147105,1.2497440234681547,0.7416213295801173,10.610052330389978,2
91.0,31.0,True,0.5332070942720362,0.3484810039800776,1.3404212582493231,0.4960562452105911,7.264068623010219,2
91.0,32.0,True,0.4929594246459826,0.3072392950369091,1.2217277443116212,0.7806801048196891,5.535804472803894,2
91.0,33.0,True,0.549217623706334,0.1877859550449693,1.0359829002089556,0.951505381052102,7.470966989686755,2
91.0,34.0,True,0.4303381319477252,0.2160283381877991,0.792596117363183,-0.2838940209555048,3.742611633687315,3
91.0,35.0,True,0.6005235032591211,0.211189370474712,1.0186411108668043,-0.2970019221986583,9.023664375475846,2
91.0,36.0,True,0.5371619468182455,0.202726882799477,1.0843816507466106,1.1297074158656075,6.947556833032586,2
91.0,37.0,True,0.4363209361497575,0.2400266124784705,0.8650158659566337,0.1718927325887479,3.387989856122968,3
91.0,38.0,True,0.4491783780824034,0.1938905352925865,0.7895249973291619,-0.0648666920149986,4.5388550708061555,3
91.0,39.0,True,0.5235390408419656,0.2147935853885255,1.0068847459976582,0.0908546829161794,6.630094934067201,2
91.0,40.0,True,0.5100638888574845,0.1897870291802011,0.8414219531916328,-0.4535441411708072,6.597120848411795,2
91.0,41.0,True,0.5759093260662257,0.2734870106806896,1.2290489960852102,0.4544849685196881,8.591488828948107,2
91.0,42.0,True,0.612228184088812,0.2642086697445628,1.0405022249353342,-0.4574028416651804,9.330504753074212,2
91.0,43.0,True,0.5310165957334141,0.2508573498079639,0.9997702843997208,0.0765926852459885,6.909337284200321,2
91.0,44.0,True,0.4166390540696366,0.2234474803304915,0.8260654150553508,-0.1687528987810776,3.4231207845953673,3
91.0,45.0,True,0.2762184079545284,0.1256806647942796,0.5331866100350537,0.1394755175942753,-0.8046540036739461,1
91.0,46.0,True,0.1536894685510161,0.1167074112920546,0.3718549106079788,0.2260417761736444,-4.752348723538086,1
91.0,47.0,True,0.1951111062178346,0.1252523255691566,0.4668229087922717,0.5683965773480181,-3.644329899111798,1
91.0,48.0,True,0.1946832781524222,0.1234992827113248,0.497834463220981,0.5379409777181546,-3.558169681496224,1
91.0,49.0,True,0.2377737840233667,0.1742336297141858,0.7059802781930203,1.1446898453337977,-2.264185739318447,3
91.0,50.0,True,0.2621877579178795,0.1448747797801931,0.6547900203452264,0.1499865604473033,-1.622906026357702,3
91.0,51.0,True,0.355927153738657,0.2136584821005974,0.8215423149434026,0.3677034366966334,1.4924428025340732,3
91.0,52.0,True,0.1103887478238918,0.1025767905113687,0.4639346667844421,1.0835612752302484,-6.327856050976598,1
91.0,53.0,True,0.2632393651069857,0.117674902845309,0.4479220213694745,-0.627121830122046,-1.6241605172531182,1
91.0,54.0,True,0.2346881693822955,0.2058873886158026,0.6667297168011072,0.7597110509523594,-2.4634198459111385,3
91.0,55.0,True,0.1378487811176794,0.116618914860816,0.4267859116728318,0.9179026475335362,-5.443648416648179,1
91.0,56.0,True,0.2028364496053123,0.1545155733238168,0.5386634613024198,0.547822248438813,-3.194781336280421,1
91.0,57.0,True,0.0777468000011199,0.0597518642274713,0.2215065906878159,0.6260046525462043,-7.212678348635264,1
91.0,58.0,True,0.0698657043428056,0.0718325714046122,0.2386924847385404,0.793428323830325,-7.372764253015577,1
91.0,59.0,True,0.1679548783334336,0.1258160201975081,0.475188545065263,0.925269346912386,-4.255315218895872,1
91.0,60.0,True,0.3042710151764765,0.2299492246432131,0.7579285682202278,0.3291162307327551,0.0001642914246801,3
91.0,61.0,True,0.3608451744747198,0.2045181719571582,0.9252867005073532,0.615231645380837,1.1323181612756597,3
91.0,62.0,True,0.1678364786631512,0.0866345207793808,0.3676749929604409,0.1696949858620954,-4.366968676672384,1
91.0,63.0,True,0.2988528375004841,0.163249684427486,0.6525018926762227,0.3525719433756847,-0.1323164478966642,3
91.0,64.0,True,0.3737312866922158,0.1772248252790164,0.6929257082759968,-0.3269988851995879,1.8921412876173216,3
91.0,65.0,True,0.2193721428095947,0.1118810383840586,0.5244246656148152,0.8577429474144631,-2.928780029192338,1
91.0,66.0,True,0.3744184576557508,0.1723373142290104,0.7217487079444446,0.2487471190442894,1.963056791216392,3
91.0,67.0,True,0.3348109281110052,0.1795358827120426,0.6407699860469447,-0.0658076865302797,0.7404668603968203,3
91.0,68.0,True,0.2983567033582904,0.1159621580289882,0.5474149318084324,0.0020085212128618,-0.5924104886544659,1
91.0,69.0,True,0.278167813571137,0.2015428704500832,0.7124381369759398,0.5192113134015031,-1.0257285011431296,3
91.0,70.0,True,0.3312088142990317,0.1818998338144817,0.9720221829744572,1.173130974731012,0.3206921828075222,3
91.0,71.0,True,0.2725893098943091,0.2001095885236843,0.7063552058162698,0.4878586449768205,-1.4386544630488272,3
91.0,72.0,True,0.2753024451756199,0.1539008826577956,0.5428143852045809,-0.2857502517145508,-1.0779279732221438,1
91.0,73.0,True,0.3693212337893991,0.2221895961211021,0.8195551595430282,0.1913647380981114,2.092904938605428,3
91.0,74.0,True,0.3076000157208935,0.2229461553471669,0.7839814475346313,0.490593934978928,-0.1510993846434126,3
91.0,75.0,True,0.4795074933126095,0.2016174817863972,0.8429793518537777,-0.2357355353767238,5.500030153405671,2
91.0,76.0,True,0.3895734284012783,0.1635296914242406,0.748351583834104,0.3780849657152134,2.2684312021049444,3
91.0,77.0,True,0.272140391759319,0.2073846136209627,0.7734505862161669,0.5461197223876489,-1.6649090334175736,3
91.0,78.0,True,0.3921530134796921,0.2054364010500835,0.8568687349425943,0.3422051231483629,1.952367928326232,3
91.0,79.0,True,0.2574160149221233,0.1603349537902535,0.5932956274425781,0.5098487241534859,-1.546462344110753,3
91.0,80.0,True,0.0313755800146428,0.0534175708179326,0.2483058048680181,2.4346700676551056,-8.694471521578425,1
91.0,81.0,False,,,,,,0
91.0,82.0,False,,,,,,0
91.0,83.0,False,,,,,,0
91.0,84.0,False,,,,,,0
91.0,85.0,False,,,,,,0
91.0,86.0,False,,,,,,0
91.0,87.0,False,,,,,,0
91.0,88.0,False,,,,,,0
91.0,89.0,False,,,,,,0
91.0,90.0,False,,,,,,0
91.0,91.0,False,,,,,,0
91.0,92.0,False,,,,,,0
91.0,93.0,False,,,,,,0
91.0,94.0,False,,,,,,0
91.0,95.0,False,,,,,,0
91.0,96.0,False,,,,,,0
91.0,97.0,False,,,,,,0
91.0,98.0,False,,,,,,0
91.0,99.0,False,,,,,,0
91.0,100.0,False,,,,,,0
92.0,1.0,False,,,,,,0
92.0,2.0,False,,,,,,0
92.0,3.0,False,,,,,,0
92.0,4.0,False,,,,,,0
92.0,5.0,False,,,,,,0
92.0,6.0,False,,,,,,0
92.0,7.0,False,,,,,,0
92.0,8.0,False,,,,,,0
92.0,9.0,False,,,,,,0
92.0,10.0,False,,,,,,0
92.0,11.0,False,,,,,,0
92.0,12.0,False,,,,,,0
92.0,13.0,False,,,,,,0
92.0,14.0,False,,,,,,0
92.0,15.0,False,,,,,,0
92.0,16.0,False,,,,,,0
92.0,17.0,False,,,,,,0
92.0,18.0,False,,,,,,0
92.0,19.0,False,,,,,,0
92.0,20.0,False,,,,,,0
92.0,21.0,False,,,,,,0
92.0,22.0,False,,,,,,0
92.0,23.0,True,0.0187331005359663,0.0410598558052948,0.1395548983324976,2.0414747284671235,-8.986099430577891,1
92.0,24.0,True,0.2071789272702003,0.1406046892787331,0.4423875542960181,0.1928446688124864,-3.185764633284526,1
92.0,25.0,True,0.5969294777594287,0.2749733371585785,1.0694429465435775,0.0009220451092014,8.853954382178946,2
92.0,26.0,True,0.5101386127762734,0.245186983589885,0.9494219324382828,-0.2985761431802332,6.128401681426972,2
92.0,27.0,True,0.3953269352718973,0.2144050158733022,0.8889779113394363,0.3954485711287251,2.4975024754645743,3
92.0,28.0,True,0.5122480741643081,0.2196066707679873,1.2254767372724835,0.8548187207780403,5.835491994021304,2
92.0,29.0,True,0.6183584205674851,0.2192009990742609,1.102651758881856,0.8855715858553199,9.430499444869511,2
92.0,30.0,True,0.4110396645745932,0.2050193347426107,0.7319205207585336,-0.3852152413741749,3.081625403566628,3
92.0,31.0,True,0.5150724563860796,0.2915437864468044,1.2854034252499156,0.5361196523020892,5.9455043455654915,2
92.0,32.0,True,0.5612336297888835,0.2588659834191618,1.5,1.5311074047895112,7.255317372851399,2
92.0,33.0,True,0.5723324893892004,0.2042443550853729,1.006583140758653,0.1520005656311588,7.999105781876803,2
92.0,34.0,True,0.3480108999284922,0.2172175935287967,1.0641253699171358,1.5879296570997774,0.576489835476503,3
92.0,35.0,True,0.2747685334309011,0.1980135180906313,0.6430775064630878,0.3518756534685827,-0.9812991800327476,3
92.0,36.0,True,0.4191833547264612,0.2694172085820664,0.8894742846074025,0.0790934591927029,3.730521392281944,2
92.0,37.0,True,0.3923303935867879,0.2459373181505175,0.8435838392347117,-0.026353465360495,2.2655561910217292,3
92.0,38.0,True,0.4688835965478906,0.2472430430341321,1.11526863251472,1.02613360568471,5.015863406018845,2
92.0,39.0,True,0.3873044251785322,0.2445618968380097,0.9071458271878224,0.5758546391942818,2.540306028856491,3
92.0,40.0,True,0.4359067120094974,0.2708692844435141,1.203611643305587,1.3887480578727616,3.7444192060165986,2
92.0,41.0,True,0.3882172864419521,0.2695650894182498,1.1811201187526408,1.5947781023854342,2.427105251417638,2
92.0,42.0,True,0.5549672458221552,0.2369328811223638,0.996719824959404,-0.1523555869280005,7.125748201936011,2
92.0,43.0,True,0.4559901682439385,0.1297395128885947,0.73511799466813,0.0599141046515628,4.509131679383875,3
92.0,44.0,True,0.4192522812070673,0.167130229985168,0.7192776050818213,-0.0813168429792855,3.4301710801148597,3
92.0,45.0,True,0.315570680780909,0.2294091099678107,0.9067074340482992,1.009264176760594,-0.1166049512442884,3
92.0,46.0,True,0.3616496184113645,0.2004700037489635,0.843190033501923,0.7136612605708161,1.4322119269606457,3
92.0,47.0,True,0.2471501462156187,0.1910281238112616,0.7274526548918083,0.917033828888744,-1.7454319688698323,3
92.0,48.0,True,0.1973643237712346,0.1476650077643795,0.5107455859679882,0.4444757066878445,-3.561545591788823,1
92.0,49.0,True,0.3000037878045225,0.1666653638312941,0.6551392787555793,0.0285358136216707,-0.2872496090023415,3
92.0,50.0,True,0.2946336269186913,0.1980583166707619,0.6768638741585368,-0.00400690127796,-0.4988912330853391,3
92.0,51.0,True,0.1778116653241744,0.1793295343589484,0.6945230839792567,1.5921085743275931,-4.103681511938114,1
92.0,52.0,True,0.160002782776586,0.109231716287135,0.4146503946134043,0.8997876504669499,-4.568982567593347,1
92.0,53.0,True,0.0967161092713511,0.0973802755803522,0.3544764617068498,1.0567145445548989,-6.55036015802027,1
92.0,54.0,True,0.189074396861496,0.1078345214389977,0.4242656294436217,0.2907906987140332,-3.948989145771479,1
92.0,55.0,True,0.1773314858523655,0.194181188792448,0.6401898806520661,1.2065124132581695,-3.957796360376259,1
92.0,56.0,True,0.2265640847240343,0.1481756463803225,0.6041069137670911,0.8373285230116992,-2.9219348914755203,1
92.0,57.0,True,0.160045630842832,0.1213106321473496,0.5877251657678516,1.1927853041394263,-4.8066709615141034,1
92.0,58.0,True,0.2570398776062839,0.1570483226603619,0.6766754256458358,1.0753104993665044,-1.560389566971167,3
92.0,59.0,True,0.1878793161993809,0.1341037453499523,0.5606024521645211,1.2709732336660444,-3.859886438550485,1
92.0,60.0,True,0.2083474799190837,0.1772874432177837,0.6838370174647411,0.6767685773924398,-3.472405049950342,1
92.0,61.0,True,0.1977313267365933,0.1147280970731585,0.3998666770439355,0.2834356213453595,-3.5162410809620352,1
92.0,62.0,True,0.2944478641322493,0.1811114999108124,0.6720814429834197,0.5896346267775631,-0.6013264529245632,3
92.0,63.0,True,0.2919712847774129,0.1531528660396139,0.59020757941894,-0.1167375593007358,-0.3824989492950509,3
92.0,64.0,True,0.3910135975754803,0.1644471681321918,0.7597012222547653,0.4366292845376287,2.6043442919462687,3
92.0,65.0,True,0.2354772336593069,0.1300757818833637,0.5351373113957579,0.4986514904006784,-2.234485015897302,1
92.0,66.0,True,0.1634421511897352,0.1397907508424695,0.4718851380572852,0.6753121069290459,-4.5967014147661445,1
92.0,67.0,True,0.3045985574173186,0.1668281668221889,0.5629025728051393,-0.3304896901320207,-0.4186455041131957,3
92.0,68.0,True,0.2290963358373198,0.1290323240175284,0.4933109765441798,0.6755335284489268,-2.7345138762421985,1
92.0,69.0,True,0.3638263371504145,0.122203067414197,0.6196020088677336,0.3322921009223439,1.7963503117010269,3
92.0,70.0,True,0.2461111120679234,0.1471744966563914,0.5707375724035042,0.5409737224120457,-1.8480042490287552,1
92.0,71.0,True,0.278978806772839,0.1964835223791405,0.9364958548473592,1.2158117294113098,-1.2725703512580775,3
92.0,72.0,True,0.2402278471117963,0.1865157299790194,0.7743968881404677,1.098039592433475,-2.5109625821334864,3
92.0,73.0,True,0.2688368238409341,0.1087617501110368,0.4986586208436504,-0.0916911584541375,-1.2703514910536335,1
92.0,74.0,True,0.2881183968419558,0.1075453125653888,0.464857440554159,-0.4162642414018953,-0.481953896192257,1
92.0,75.0,True,0.4326677701704282,0.2913032311995192,0.995468273998582,0.256566559814986,3.7748713167607737,2
92.0,76.0,True,0.2451284882069019,0.1813890880501024,0.5937445065467125,0.1848994582660818,-2.094345545551426,3
92.0,77.0,True,0.3903410075038835,0.2187030023330498,0.958352230154211,0.9886423866035824,2.50426643501755,3
92.0,78.0,True,0.122398745395324,0.1119859012150459,0.4283414322256408,0.7800665442186793,-5.891846664285051,1
92.0,79.0,False,,,,,,0
92.0,80.0,False,,,,,,0
92.0,81.0,False,,,,,,0
92.0,82.0,False,,,,,,0
92.0,83.0,False,,,,,,0
92.0,84.0,False,,,,,,0
92.0,85.0,False,,,,,,0
92.0,86.0,False,,,,,,0
92.0,87.0,False,,,,,,0
92.0,88.0,False,,,,,,0
92.0,89.0,False,,,,,,0
92.0,90.0,False,,,,,,0
92.0,91.0,False,,,,,,0
92.0,92.0,False,,,,,,0
92.0,93.0,False,,,,,,0
92.0,94.0,False,,,,,,0
92.0,95.0,False,,,,,,0
92.0,96.0,False,,,,,,0
92.0,97.0,False,,,,,,0
92.0,98.0,False,,,,,,0
92.0,99.0,False,,,,,,0
92.0,100.0,False,,,,,,0
93.0,1.0,False,,,,,,0
93.0,2.0,False,,,,,,0
93.0,3.0,False,,,,,,0
93.0,4.0,False,,,,,,0
93.0,5.0,False,,,,,,0
93.0,6.0,False,,,,,,0
93.0,7.0,False,,,,,,0
93.0,8.0,False,,,,,,0
93.0,9.0,False,,,,,,0
93.0,10.0,False,,,,,,0
93.0,11.0,False,,,,,,0
93.0,12.0,False,,,,,,0
93.0,13.0,False,,,,,,0
93.0,14.0,False,,,,,,0
93.0,15.0,False,,,,,,0
93.0,16.0,False,,,,,,0
93.0,17.0,False,,,,,,0
93.0,18.0,False,,,,,,0
93.0,19.0,False,,,,,,0
93.0,20.0,False,,,,,,0
93.0,21.0,False,,,,,,0
93.0,22.0,False,,,,,,0
93.0,23.0,False,,,,,,0
93.0,24.0,False,,,,,,0
93.0,25.0,True,0.1226171630098497,0.0914561058841829,0.3079906269869161,0.572294086254313,-5.7154935421255395,1
93.0,26.0,True,0.2942711348868425,0.1664894189065354,0.7391631141299607,0.4398222225912529,-0.8148875839140878,3
93.0,27.0,True,0.4549936798139756,0.1907415125818512,0.9100483997101384,0.3005201317425607,4.426536397589654,3
93.0,28.0,True,0.5282584949343823,0.3292999522900283,1.3411666585710773,0.7550693369191381,6.934751912237772,2
93.0,29.0,True,0.5674507780825359,0.2347031090162539,1.0323633975405502,0.079779851835303,7.772186344932953,2
93.0,30.0,True,0.3407989002578022,0.153332847976619,0.6579858026637344,0.1890676580538834,1.051596956267124,3
93.0,31.0,True,0.5155067988823803,0.2989578608732564,1.5,1.70145679192652,5.8703988938915845,2
93.0,32.0,True,0.4480098298132239,0.1424255064975827,0.9964354729217691,1.1027952521978497,3.961363761784969,3
93.0,33.0,True,0.4984451501883281,0.1762273885109501,0.9287854938675716,0.2333771968616793,6.1332357137247175,2
93.0,34.0,True,0.2653070665788813,0.2007402908389992,0.6697046000495452,0.5645810004322126,-1.440051155414115,3
93.0,35.0,True,0.320812917033378,0.2273043133109558,0.941722863380682,1.5792986242441491,0.3287440736132065,3
93.0,36.0,True,0.4406422884250907,0.2578265178311785,0.9270556811782,0.116847150542336,3.9120158069652553,2
93.0,37.0,True,0.4240150993845275,0.1919220161821643,0.9699856222691164,1.157365078430621,3.5700541606456824,3
93.0,38.0,True,0.4216391007041807,0.1790293966381566,0.7552107096172632,-0.0339004624390947,3.766693246554342,3
93.0,39.0,True,0.4016936220133618,0.1451933515799116,0.7501454553404284,0.4331262374430904,2.948892184772678,3
93.0,40.0,True,0.5078335718230551,0.2700149061758354,0.9643350504494638,-0.4041895660975287,6.22290932574799,2
93.0,41.0,True,0.5859290967828726,0.2465606567870142,1.144692192677289,0.0458981996742947,7.944144285631124,2
93.0,42.0,True,0.5475324969292188,0.2656507345520088,1.3984347457523585,0.8550528260064344,6.869632715254103,2
93.0,43.0,True,0.4437232223254742,0.2260687443771933,0.8651625184444893,0.0025607830687859,4.201072577836871,3
93.0,44.0,True,0.4741134080263806,0.3247326746136139,1.1156053117190634,0.6259831342086393,5.512013416848401,2
93.0,45.0,True,0.3968402028376472,0.3060702624688774,1.4871140646575245,1.2002608066057274,2.248596710337177,2
93.0,46.0,True,0.3386354660293678,0.2032225796218504,0.7916972825073877,0.418775604397532,0.6172641389312914,3
93.0,47.0,True,0.2662104081610223,0.1852018119998102,0.6543530663721496,0.4490497797949044,-1.6294713071506433,3
93.0,48.0,True,0.2408287386106509,0.1177783191594428,0.4469344216184668,-0.465796943238342,-2.126696444849257,1
93.0,49.0,True,0.1492982400496955,0.1468022591074954,0.6897278078830912,1.6206386057314797,-5.127557547049492,1
93.0,50.0,True,0.2015422008654648,0.1900810626994971,1.0024087508250483,2.1021878633144366,-3.6940039216537097,3
93.0,51.0,True,0.1949919051147091,0.1134197521089119,0.4596246698364254,0.5503232122146222,-3.615843133813769,1
93.0,52.0,True,0.1391559123827653,0.1004315458244575,0.4204033750014583,0.5490582781074312,-5.442245418575572,1
93.0,53.0,True,0.2471062758662393,0.133955988823432,0.5584826041319481,0.4890190064478379,-1.715755144813164,1
93.0,54.0,True,0.3146837844623877,0.1590571471212938,0.5649360224430221,-0.3038475280205577,-0.0158751398566819,3
93.0,55.0,True,0.2880275867664981,0.127441137431599,0.5788704747647749,0.3673493656019948,-0.6983136079011806,1
93.0,56.0,True,0.2505358124861103,0.2688829433220022,1.1752860554798883,1.550702357145316,-2.39049308628611,3
93.0,57.0,True,0.2978643321471433,0.1632427564571763,0.6729106314048449,0.5176330703435222,-0.4869233479954119,3
93.0,58.0,True,0.1832672817263272,0.164882982925034,0.5214696121846342,0.5856406506314726,-3.83808065174188,1
93.0,59.0,True,0.1516681725181302,0.0988280379732805,0.3457028299006872,0.566973227073465,-4.758690944045902,1
93.0,60.0,True,0.2554028460880644,0.1196938406819348,0.513027092590279,0.0940101499937995,-1.8241381296220565,1
93.0,61.0,True,0.13270521020159,0.1391019613575914,0.6085706804917704,1.834084151004366,-5.738803021394797,1
93.0,62.0,True,0.3178998233937119,0.2540508125014856,0.7986302480714288,0.651589244114279,0.3304548746138821,3
93.0,63.0,True,0.2379003385267455,0.1379439791854898,0.5809362734183766,0.9037375078430052,-2.57146176151631,1
93.0,64.0,True,0.2235870156156041,0.155965399735671,0.5561535635786173,0.4744402127211413,-2.6149163421054937,1
93.0,65.0,True,0.2514131557260173,0.1336901025320111,0.5818662314083134,0.5744294712189413,-2.0503840992313256,1
93.0,66.0,True,0.3237717364557743,0.1905190161172019,0.7994647024732519,0.8068195081419338,0.4508239969992151,3
93.0,67.0,True,0.2999640299721591,0.2349198198385019,0.866075493661012,0.8548119823243342,-0.3930301833718566,3
93.0,68.0,True,0.2733579107616837,0.1549987415785433,0.653962913073226,0.7794349271470083,-1.2459161572242927,3
93.0,69.0,True,0.2401959018784913,0.1509880531236314,0.4533363538162808,-0.2323387905148494,-2.318535964299584,1
93.0,70.0,True,0.3108807973610491,0.1721268178071067,0.6281823515070126,-0.1563695706012819,0.0627370763605146,3
93.0,71.0,True,0.3623179342370532,0.2121757488354915,0.8082883519196109,0.4863889885887613,1.3178905622627712,3
93.0,72.0,True,0.3357788832342225,0.1772889783305086,0.6845193306168259,-0.1269397200813743,0.9957743264581054,3
93.0,73.0,True,0.182465398097865,0.0912979578367201,0.3200814004127496,-0.2276473551746644,-3.8063889936347737,1
93.0,74.0,True,0.3496409862362375,0.1389845205244556,0.7418708145865068,1.1085252303237187,1.0542595977511715,3
93.0,75.0,True,0.4313682339283704,0.1251162257121802,0.6723529789412419,0.1224829215880662,3.895326349815559,3
93.0,76.0,True,0.1785827089671723,0.1590492808444347,0.6072429155074832,1.1480583625944816,-4.074076883225958,1
93.0,77.0,False,,,,,,0
93.0,78.0,False,,,,,,0
93.0,79.0,False,,,,,,0
93.0,80.0,False,,,,,,0
93.0,81.0,False,,,,,,0
93.0,82.0,False,,,,,,0
93.0,83.0,False,,,,,,0
93.0,84.0,False,,,,,,0
93.0,85.0,False,,,,,,0
93.0,86.0,False,,,,,,0
93.0,87.0,False,,,,,,0
93.0,88.0,False,,,,,,0
93.0,89.0,False,,,,,,0
93.0,90.0,False,,,,,,0
93.0,91.0,False,,,,,,0
93.0,92.0,False,,,,,,0
93.0,93.0,False,,,,,,0
93.0,94.0,False,,,,,,0
93.0,95.0,False,,,,,,0
93.0,96.0,False,,,,,,0
93.0,97.0,False,,,,,,0
93.0,98.0,False,,,,,,0
93.0,99.0,False,,,,,,0
93.0,100.0,False,,,,,,0
94.0,1.0,False,,,,,,0
94.0,2.0,False,,,,,,0
94.0,3.0,False,,,,,,0
94.0,4.0,False,,,,,,0
94.0,5.0,False,,,,,,0
94.0,6.0,False,,,,,,0
94.0,7.0,False,,,,,,0
94.0,8.0,False,,,,,,0
94.0,9.0,False,,,,,,0
94.0,10.0,False,,,,,,0
94.0,11.0,False,,,,,,0
94.0,12.0,False,,,,,,0
94.0,13.0,False,,,,,,0
94.0,14.0,False,,,,,,0
94.0,15.0,False,,,,,,0
94.0,16.0,False,,,,,,0
94.0,17.0,False,,,,,,0
94.0,18.0,False,,,,,,0
94.0,19.0,False,,,,,,0
94.0,20.0,False,,,,,,0
94.0,21.0,False,,,,,,0
94.0,22.0,False,,,,,,0
94.0,23.0,False,,,,,,0
94.0,24.0,False,,,,,,0
94.0,25.0,False,,,,,,0
94.0,26.0,True,0.0130108494589193,0.0268701118935954,0.0915067313579876,1.9714134788537891,-9.167305951900842,1
94.0,27.0,True,0.2959992160329524,0.1431545663348029,0.5165411562894308,-0.4498274048723405,-0.4047317146380304,1
94.0,28.0,True,0.4972568436087005,0.2533764560270777,1.036179213369666,0.2632844821527981,5.217834410460807,2
94.0,29.0,True,0.5550304783802747,0.2353242780666157,1.0107249870321449,-0.1368133337789285,7.573443014997281,2
94.0,30.0,True,0.3652606974492876,0.239473545155415,0.8456341155687797,0.0731467748962302,1.589133687017032,3
94.0,31.0,True,0.6612722603281704,0.234103979504374,1.1042306243561908,0.3349484423368809,11.147937232572296,2
94.0,32.0,True,0.4112380912111228,0.2069923012652384,0.8794389660909944,0.4267348680525633,3.235831047174877,3
94.0,33.0,True,0.5385448013224885,0.275294202821951,1.211364650831788,0.3199881291027005,7.250038665153307,2
94.0,34.0,True,0.3392455486059771,0.2270314081992691,0.8098513759317363,0.2409198121278294,0.8248095441671953,3
94.0,35.0,True,0.3232049280945636,0.1809261224155934,0.6485600157916251,-0.0030471064308234,0.4933825918275961,3
94.0,36.0,True,0.4028635013798364,0.1831072777113335,0.7656912790513672,0.5351039261066654,2.5443840190206295,3
94.0,37.0,True,0.3480731105786923,0.1274709507126899,0.5775966539204513,-0.5374262336293407,1.4171875683534136,3
94.0,38.0,True,0.3061640285529489,0.1037703599005702,0.4884531616834835,-0.6428696674491448,0.0111173976657148,1
94.0,39.0,True,0.4420091938812949,0.2252678570419614,0.9150472676299244,0.2730682801597181,4.364868100560939,2
94.0,40.0,True,0.464667949836419,0.2273118819497975,0.831790056375616,-0.2224976550695613,4.716831990629056,2
94.0,41.0,True,0.6877421928465374,0.1840811851937451,1.033739285019052,0.216259236568787,11.833534538249689,2
94.0,42.0,True,0.5529863601246545,0.2460068067986542,1.126124289481707,-0.0411680741675865,7.608395821501183,2
94.0,43.0,True,0.435195266705959,0.2289735575738758,1.3059320246057284,1.534903050602362,3.4794343520484947,2
94.0,44.0,True,0.3177253719725353,0.1822892906516615,0.7846855389665002,0.9649963693630212,0.5003171229742374,3
94.0,45.0,True,0.3263659974407662,0.1667237368189903,0.5812795316901301,-0.3452582966459775,0.5109752196002729,3
94.0,46.0,True,0.3174569714321053,0.1732731974393618,0.7793607217851459,0.7279901484348613,0.109482084889462,3
94.0,47.0,True,0.2761214117150218,0.114345292900664,0.5104528596296587,0.4000637633924889,-1.1005401708569087,1
94.0,48.0,True,0.2611247003865739,0.1874407874071433,0.6403254934222483,0.4382808711509727,-1.407685129086908,3
94.0,49.0,True,0.1769745128574644,0.11102704889588,0.3979350407760474,0.3267755579635727,-4.054067174357082,1
94.0,50.0,True,0.1230057581973339,0.0727095866306212,0.2700742593330763,0.0731979185789075,-5.887750749857994,1
94.0,51.0,True,0.1905593533230399,0.1166159852924925,0.4098843768821389,0.2813683567007897,-3.867499394950014,1
94.0,52.0,True,0.2481236819594211,0.1462580305762934,0.599329233217122,0.6362699640628073,-2.007979225983071,1
94.0,53.0,True,0.1964945638908162,0.1379712637312427,0.5117002727297429,0.6580542780157368,-3.605274556897275,1
94.0,54.0,True,0.3065153179452427,0.147241510387354,0.6104371505882961,0.3588506734995191,-0.1398799427984947,3
94.0,55.0,True,0.1851675417663849,0.1908297866101173,0.7013898924068476,1.294395741026051,-3.7371293040476767,3
94.0,56.0,True,0.1700894208056469,0.1194988232345018,0.5575249835115509,0.7434330022634219,-4.420291801007808,1
94.0,57.0,True,0.3290934161997899,0.1367465675784284,0.6329386797319272,0.7305086609433044,0.632672471989824,3
94.0,58.0,True,0.2633085811682824,0.1950271162091621,0.6608634774117806,0.4692502463293357,-1.228686667421373,3
94.0,59.0,True,0.3607557349967953,0.2704362082983506,0.9284554533913092,0.3944053196901813,1.1420206725046145,3
94.0,60.0,True,0.2675684559711672,0.1608903332357013,0.6072716959058662,0.4508717999716804,-1.1392683541390871,3
94.0,61.0,True,0.3339269925736637,0.2218777303716836,1.150740978521615,1.672902772400671,0.2729527613045472,3
94.0,62.0,True,0.322290767471147,0.1522821769281254,0.6262271184329631,-0.0650867062242051,0.6879537404017011,3
94.0,63.0,True,0.2444244609686419,0.1529618885651169,0.5247223027907063,0.2309659886706827,-1.8487897793538917,1
94.0,64.0,True,0.3695649219226066,0.1755031893220075,0.6866572727024611,-0.4315227742815261,1.6943977356511526,3
94.0,65.0,True,0.2523562140865102,0.1278394938359968,0.4684738011474215,-0.1730645037664957,-1.611377385334321,1
94.0,66.0,True,0.2979388911981738,0.1787372732109048,0.5919335981216924,-0.0276559236325441,-0.7388977309903642,3
94.0,67.0,True,0.4388635099530641,0.1205807327056631,0.6132301045878965,-1.221042840225117,4.197233623517247,3
94.0,68.0,True,0.3188427192038318,0.155127167598621,0.6018028280360466,0.231240402136956,0.2632607176617813,3
94.0,69.0,True,0.2867023885352294,0.2047789218038502,0.7117229542743156,0.3793173873192134,-0.929677759278472,3
94.0,70.0,True,0.2630939981417053,0.1050538913899745,0.4160605152379656,-0.3254260634945261,-1.501390846077074,1
94.0,71.0,True,0.3145717610998048,0.1923589727546098,0.649176247949793,0.2059424433869905,0.2477261142729836,3
94.0,72.0,True,0.2419315499096131,0.1667309224834955,0.5895124004429891,0.4252731325081213,-1.9413993105947889,1
94.0,73.0,True,0.3948042841847171,0.1842294450172976,0.8128544463059696,0.4021929425641232,2.7565297403131206,3
94.0,74.0,True,0.2419368513467522,0.1516819649656236,0.5881358346939655,0.5650107571392874,-1.900101657735277,1
94.0,75.0,True,0.0418849083063766,0.0679645383706116,0.2269231400605052,1.5790382956851012,-8.28139110323138,1
94.0,76.0,False,,,,,,0
94.0,77.0,False,,,,,,0
94.0,78.0,False,,,,,,0
94.0,79.0,False,,,,,,0
94.0,80.0,False,,,,,,0
94.0,81.0,False,,,,,,0
94.0,82.0,False,,,,,,0
94.0,83.0,False,,,,,,0
94.0,84.0,False,,,,,,0
94.0,85.0,False,,,,,,0
94.0,86.0,False,,,,,,0
94.0,87.0,False,,,,,,0
94.0,88.0,False,,,,,,0
94.0,89.0,False,,,,,,0
94.0,90.0,False,,,,,,0
94.0,91.0,False,,,,,,0
94.0,92.0,False,,,,,,0
94.0,93.0,False,,,,,,0
94.0,94.0,False,,,,,,0
94.0,95.0,False,,,,,,0
94.0,96.0,False,,,,,,0
94.0,97.0,False,,,,,,0
94.0,98.0,False,,,,,,0
94.0,99.0,False,,,,,,0
94.0,100.0,False,,,,,,0
95.0,1.0,False,,,,,,0
95.0,2.0,False,,,,,,0
95.0,3.0,False,,,,,,0
95.0,4.0,False,,,,,,0
95.0,5.0,False,,,,,,0
95.0,6.0,False,,,,,,0
95.0,7.0,False,,,,,,0
95.0,8.0,False,,,,,,0
95.0,9.0,False,,,,,,0
95.0,10.0,False,,,,,,0
95.0,11.0,False,,,,,,0
95.0,12.0,False,,,,,,0
95.0,13.0,False,,,,,,0
95.0,14.0,False,,,,,,0
95.0,15.0,False,,,,,,0
95.0,16.0,False,,,,,,0
95.0,17.0,False,,,,,,0
95.0,18.0,False,,,,,,0
95.0,19.0,False,,,,,,0
95.0,20.0,False,,,,,,0
95.0,21.0,False,,,,,,0
95.0,22.0,False,,,,,,0
95.0,23.0,False,,,,,,0
95.0,24.0,False,,,,,,0
95.0,25.0,False,,,,,,0
95.0,26.0,False,,,,,,0
95.0,27.0,False,,,,,,0
95.0,28.0,True,0.0417815083917569,0.0876991107684754,0.4086769524586812,2.711221626774185,-8.457238929424676,1
95.0,29.0,True,0.2024449281977208,0.1627255549379139,0.4602418729050539,0.3016677905461681,-3.38723514679572,1
95.0,30.0,True,0.4768752525476624,0.2377938593051808,0.8532382503559434,-0.0094985446208561,5.010651882784163,2
95.0,31.0,True,0.4120542661324775,0.1562309832875241,0.6852545335200455,-0.3122695118135972,3.2891695074377,3
95.0,32.0,True,0.5206421685542095,0.2359071813913101,1.1584921686691354,0.1607341532868472,6.300708286329131,2
95.0,33.0,True,0.2783974959592588,0.1883174188254802,0.7683160677085527,0.9081398655466468,-1.1290895783440908,3
95.0,34.0,True,0.3351175039634147,0.1636408261111749,0.6782601956111765,0.4253914468345096,0.6507373556689637,3
95.0,35.0,True,0.4984510521928846,0.2708102226156079,1.4676569999034297,0.9469367506759429,5.363231334547033,2
95.0,36.0,True,0.1917466247720178,0.0811639632615314,0.3825013947850675,0.1949855906185756,-3.6764326164038383,1
95.0,37.0,True,0.3761732300167078,0.1436949511637232,0.6915350829495817,0.552261380994701,1.9889100475041108,3
95.0,38.0,True,0.3764464764916325,0.1980390714725934,1.0849078892935942,1.4736111901704612,1.5516257964914582,3
95.0,39.0,True,0.4878109005446342,0.2261303761288388,1.0144253135672676,0.3950341387682049,5.663293084450175,2
95.0,40.0,True,0.704818945322862,0.2933568383200977,1.1671140967736688,-0.653142271257327,12.33470345665966,2
95.0,41.0,True,0.5362026363557175,0.288623888684326,0.9984749290787538,-0.38872394926887,7.206193510628672,2
95.0,42.0,True,0.5826272357080217,0.2368840654629618,1.003028174183617,-0.0294061621578319,8.66223367633478,2
95.0,43.0,True,0.6040484437780838,0.3209625601604989,1.2334395196942856,-0.024775350715028,9.3217205065223,2
95.0,44.0,True,0.3609405939139266,0.3243941452581955,1.089498051674355,0.8779120265819416,1.0399612508019929,2
95.0,45.0,True,0.4201364676214726,0.2760156174442478,0.9110347236494216,-0.2008291175831777,3.8349239634037606,2
95.0,46.0,True,0.1707883895692555,0.1479972304899731,0.5940373560158253,0.9316178050924042,-4.69925947484519,1
95.0,47.0,True,0.1896042589684062,0.1334836002227357,0.4399414860266981,0.1876953819473152,-3.8123851034796985,1
95.0,48.0,True,0.4533986445908462,0.154278972760857,0.7753977032506877,0.2069901537090549,4.479854398430716,3
95.0,49.0,True,0.2961465094185179,0.1454989917923255,0.5482910733441065,-0.1502822866522875,-0.4438216353687921,3
95.0,50.0,True,0.3700712226735974,0.1891415927159752,0.7172792518440769,-0.1231982908266385,1.669323872810906,3
95.0,51.0,True,0.2541393926041567,0.2425068514437818,1.1851340685109977,1.8817388998034816,-2.166643089690263,3
95.0,52.0,True,0.2470767784241018,0.1699678879098162,0.6786264197688312,0.9180443446287334,-1.8814317860107417,3
95.0,53.0,True,0.264568489866809,0.0873375594035786,0.4297350615422196,0.3183824957363892,-1.5085534731580517,1
95.0,54.0,True,0.3879937516464094,0.2107698894073786,0.8165343733853656,-0.0614791213792905,2.270580130597159,3
95.0,55.0,True,0.2795197863882753,0.1555455366764235,0.5748940400431098,0.2092309236139136,-0.8616460177614313,3
95.0,56.0,True,0.3369595680810016,0.2268815053803001,0.8856413433849684,0.6993087102496377,0.8417729569790348,3
95.0,57.0,True,0.2240706617168,0.0956429058758045,0.3666229437672608,-0.9464104675205866,-2.676969623182938,1
95.0,58.0,True,0.2636545501176738,0.1994233953154464,0.7177496415793307,0.7772303755156753,-1.299725620461465,3
95.0,59.0,True,0.4329715107129792,0.2996229402384369,1.0949635054331823,0.6731277731395212,4.014378451971264,2
95.0,60.0,True,0.3884743892339979,0.1244823964882475,0.5910121879271584,-0.7122295840368589,2.13934501230427,3
95.0,61.0,True,0.485397026984006,0.2298755260263739,0.9982349635253264,0.3993166526176648,5.371223878865166,2
95.0,62.0,True,0.2756916950855611,0.1414258695527573,0.574162217202444,0.2233786614448706,-0.8732688509865592,1
95.0,63.0,True,0.4044294434510235,0.1763683824741932,0.8518955350788752,0.6534281094256977,3.168232507597054,3
95.0,64.0,True,0.3510277242935846,0.1831403313400322,0.6637770755251502,-0.0279863307654421,1.02035905224675,3
95.0,65.0,True,0.2783029043652604,0.1151171415059874,0.4552639736084989,-0.7174842432830546,-1.022588066521598,1
95.0,66.0,True,0.328990071725125,0.1928442932729906,0.718846693966712,0.2288010941206729,0.4623261567198349,3
95.0,67.0,True,0.3591551623470876,0.1870430176305309,0.665533983886875,-0.0229215561967694,1.3406437647227545,3
95.0,68.0,True,0.259071920521147,0.1644911208543302,0.5839989197529987,0.2989730924901814,-1.4209812407068487,3
95.0,69.0,True,0.2830604219911662,0.1144334572596819,0.4560756256141903,-0.3171272519743897,-0.7597921997739172,1
95.0,70.0,True,0.2563280048557285,0.0932131373141691,0.4053518286693255,-0.6423702616781571,-1.5656956373163395,1
95.0,71.0,True,0.3873649423515547,0.1851426120300897,0.8475167831357404,-0.0722914710538112,2.2473983679101837,3
95.0,72.0,True,0.2938593553879394,0.2250113346038605,0.8849039432851077,1.044289263740922,-0.2767846737180918,3
95.0,73.0,True,0.0607620369281323,0.0539784514038556,0.1573851469945973,0.352021371101073,-7.684892792061237,1
95.0,74.0,False,,,,,,0
95.0,75.0,False,,,,,,0
95.0,76.0,False,,,,,,0
95.0,77.0,False,,,,,,0
95.0,78.0,False,,,,,,0
95.0,79.0,False,,,,,,0
95.0,80.0,False,,,,,,0
95.0,81.0,False,,,,,,0
95.0,82.0,False,,,,,,0
95.0,83.0,False,,,,,,0
95.0,84.0,False,,,,,,0
95.0,85.0,False,,,,,,0
95.0,86.0,False,,,,,,0
95.0,87.0,False,,,,,,0
95.0,88.0,False,,,,,,0
95.0,89.0,False,,,,,,0
95.0,90.0,False,,,,,,0
95.0,91.0,False,,,,,,0
95.0,92.0,False,,,,,,0
95.0,93.0,False,,,,,,0
95.0,94.0,False,,,,,,0
95.0,95.0,False,,,,,,0
95.0,96.0,False,,,,,,0
95.0,97.0,False,,,,,,0
95.0,98.0,False,,,,,,0
95.0,99.0,False,,,,,,0
95.0,100.0,False,,,,,,0
96.0,1.0,False,,,,,,0
96.0,2.0,False,,,,,,0
96.0,3.0,False,,,,,,0
96.0,4.0,False,,,,,,0
96.0,5.0,False,,,,,,0
96.0,6.0,False,,,,,,0
96.0,7.0,False,,,,,,0
96.0,8.0,False,,,,,,0
96.0,9.0,False,,,,,,0
96.0,10.0,False,,,,,,0
96.0,11.0,False,,,,,,0
96.0,12.0,False,,,,,,0
96.0,13.0,False,,,,,,0
96.0,14.0,False,,,,,,0
96.0,15.0,False,,,,,,0
96.0,16.0,False,,,,,,0
96.0,17.0,False,,,,,,0
96.0,18.0,False,,,,,,0
96.0,19.0,False,,,,,,0
96.0,20.0,False,,,,,,0
96.0,21.0,False,,,,,,0
96.0,22.0,False,,,,,,0
96.0,23.0,False,,,,,,0
96.0,24.0,False,,,,,,0
96.0,25.0,False,,,,,,0
96.0,26.0,False,,,,,,0
96.0,27.0,False,,,,,,0
96.0,28.0,False,,,,,,0
96.0,29.0,False,,,,,,0
96.0,30.0,False,,,,,,0
96.0,31.0,True,0.1671178268611491,0.1041697684375932,0.3462800767850971,-0.2479831329909546,-4.369611594952502,1
96.0,32.0,True,0.321721774916977,0.1871327631392495,0.7042724790650112,0.2396663554821947,0.2598190609156384,3
96.0,33.0,True,0.4161187106061492,0.1866655457079935,0.7831859676653439,-0.1564642775306326,3.578402964925883,3
96.0,34.0,True,0.2954142044947684,0.1164673158278484,0.5441926593428416,-0.157009729395868,-0.5625997379283896,1
96.0,35.0,True,0.3089236061684056,0.1438112881552015,0.6307187266680075,0.474063341988111,0.0713397635787271,3
96.0,36.0,True,0.3264279635308045,0.2631695885417746,1.1225122676703547,0.777499217692888,0.2069175439446454,3
96.0,37.0,True,0.3115733293601881,0.1630150901181101,0.6403127199216242,0.3034643939649926,-0.1930753463415427,3
96.0,38.0,True,0.4014236799950249,0.1738585714940479,0.7474859987743182,-0.1105927434496989,2.6256517772654586,3
96.0,39.0,True,0.4746366182028349,0.2167594670955029,0.8670062199529358,-0.0322013189839567,4.7117249626829185,2
96.0,40.0,True,0.4940039218361148,0.2092691018996377,0.8796425632357957,0.1645876077816279,5.528592514167382,2
96.0,41.0,True,0.5008527062375009,0.2222138087230246,0.9153872985007024,0.2181507269113001,5.838916540241535,2
96.0,42.0,True,0.6136484074433175,0.2547555641176367,1.1681197886651795,0.4169985709290797,9.685076345225188,2
96.0,43.0,True,0.5992797311601198,0.2683923963769598,1.1906257923952706,0.3265104951311892,8.98604868041893,2
96.0,44.0,True,0.6242185097138011,0.2601989504866652,1.2017973684494083,0.5748537725350108,9.709705289596078,2
96.0,45.0,True,0.3178957837105066,0.1969782277410831,0.8476584458850006,1.0897404927457597,0.11069262236941,3
96.0,46.0,True,0.3338080531555056,0.1543662154648022,0.6176315542040369,-0.5369051930455953,0.740003631808659,3
96.0,47.0,True,0.1837811815194225,0.1594454133849747,0.5888560502821937,0.8133103115056376,-3.8955139951021063,1
96.0,48.0,True,0.3299442195418119,0.2074680854033814,0.6723767605119935,0.013833023329471,0.8594486872831297,3
96.0,49.0,True,0.365367451359311,0.2324593982992032,0.8686651948312644,0.2646394689683162,1.8483147777615656,3
96.0,50.0,True,0.5672276208364008,0.2511583833468813,0.987401710538301,-0.4978869416603872,7.493589405367604,2
96.0,51.0,True,0.2712005068324163,0.1113894642574677,0.4451575544771164,-0.4837617412866909,-1.2016659993109768,1
96.0,52.0,True,0.3451300821976987,0.1437698542982628,0.6476269057175571,0.1103134825621181,1.214471136815084,3
96.0,53.0,True,0.4173099267277078,0.1702986387754455,0.7123329819516571,-0.1404431514122612,3.1166349677586993,3
96.0,54.0,True,0.3973871476481579,0.2077755328204231,0.8157932010068563,0.0361612581970895,2.8686247226562767,3
96.0,55.0,True,0.3740019502886817,0.1791546381460974,0.5976916072695366,-0.6814371239154413,2.043668250946526,3
96.0,56.0,True,0.3918428913999482,0.1920687325136919,0.9360675711719534,0.1942588698953803,2.4115990144307187,3
96.0,57.0,True,0.3509045014255584,0.1725161614863359,0.6691990490214357,0.0967064776828813,1.0494341753065886,3
96.0,58.0,True,0.4669785432232896,0.257514832042665,1.16746238690836,0.9443298075450198,5.057287421055856,2
96.0,59.0,True,0.2391654127977578,0.1564551895444297,0.5470881873629233,0.6117647883444064,-2.1930312364482507,1
96.0,60.0,True,0.3534328873686641,0.1935761883179768,0.6764709619641674,-0.3231942999863707,1.5802157278813136,3
96.0,61.0,True,0.3484774547335222,0.2260285036572884,0.9389619242602228,0.9168851029371652,1.0310656813322867,3
96.0,62.0,True,0.2379668467443106,0.1538037301352577,0.610311767528107,0.7786730166268672,-2.030775954448729,1
96.0,63.0,True,0.4772922828434865,0.2365539579064829,1.2040551218419686,0.5942865137557097,4.598038821157025,2
96.0,64.0,True,0.4579384470599592,0.2121675018004692,0.7871094629369296,-0.4626321128952503,4.728023640805886,3
96.0,65.0,True,0.3993510618090967,0.208775963470266,0.9853253365365916,0.3971670217186389,2.553625309619071,3
96.0,66.0,True,0.3557433596496065,0.168739863544077,0.6538927610089944,-0.3056671581219483,1.3145376816253609,3
96.0,67.0,True,0.4841611050871399,0.3460810577659118,1.2900831534002375,1.0780534529608257,5.038239400726902,2
96.0,68.0,True,0.384664023922447,0.1156173295484175,0.6520674157865505,0.4151919127163462,2.2066341093618687,3
96.0,69.0,True,0.3614536972956178,0.172054828867787,0.7197463512492506,0.1631865416573685,1.5985088977425266,3
96.0,70.0,True,0.2650494342878734,0.1829855795795814,0.8143171920902309,0.7218753692223021,-1.5729474549821412,3
96.0,71.0,True,0.0342940351143145,0.0543512823182606,0.178591597593856,1.564976699781787,-8.492583501831112,1
96.0,72.0,False,,,,,,0
96.0,73.0,False,,,,,,0
96.0,74.0,False,,,,,,0
96.0,75.0,False,,,,,,0
96.0,76.0,False,,,,,,0
96.0,77.0,False,,,,,,0
96.0,78.0,False,,,,,,0
96.0,79.0,False,,,,,,0
96.0,80.0,False,,,,,,0
96.0,81.0,False,,,,,,0
96.0,82.0,False,,,,,,0
96.0,83.0,False,,,,,,0
96.0,84.0,False,,,,,,0
96.0,85.0,False,,,,,,0
96.0,86.0,False,,,,,,0
96.0,87.0,False,,,,,,0
96.0,88.0,False,,,,,,0
96.0,89.0,False,,,,,,0
96.0,90.0,False,,,,,,0
96.0,91.0,False,,,,,,0
96.0,92.0,False,,,,,,0
96.0,93.0,False,,,,,,0
96.0,94.0,False,,,,,,0
96.0,95.0,False,,,,,,0
96.0,96.0,False,,,,,,0
96.0,97.0,False,,,,,,0
96.0,98.0,False,,,,,,0
96.0,99.0,False,,,,,,0
96.0,100.0,False,,,,,,0
97.0,1.0,False,,,,,,0
97.0,2.0,False,,,,,,0
97.0,3.0,False,,,,,,0
97.0,4.0,False,,,,,,0
97.0,5.0,False,,,,,,0
97.0,6.0,False,,,,,,0
97.0,7.0,False,,,,,,0
97.0,8.0,False,,,,,,0
97.0,9.0,False,,,,,,0
97.0,10.0,False,,,,,,0
97.0,11.0,False,,,,,,0
97.0,12.0,False,,,,,,0
97.0,13.0,False,,,,,,0
97.0,14.0,False,,,,,,0
97.0,15.0,False,,,,,,0
97.0,16.0,False,,,,,,0
97.0,17.0,False,,,,,,0
97.0,18.0,False,,,,,,0
97.0,19.0,False,,,,,,0
97.0,20.0,False,,,,,,0
97.0,21.0,False,,,,,,0
97.0,22.0,False,,,,,,0
97.0,23.0,False,,,,,,0
97.0,24.0,False,,,,,,0
97.0,25.0,False,,,,,,0
97.0,26.0,False,,,,,,0
97.0,27.0,False,,,,,,0
97.0,28.0,False,,,,,,0
97.0,29.0,False,,,,,,0
97.0,30.0,False,,,,,,0
97.0,31.0,False,,,,,,0
97.0,32.0,False,,,,,,0
97.0,33.0,True,0.1345740304712373,0.1332521431972853,0.424578125921177,0.8075479728473232,-5.344734315895602,1
97.0,34.0,True,0.2037613689516038,0.1481554670284302,0.4659791411536583,0.3715438436794898,-3.254392928282011,1
97.0,35.0,True,0.2642097829669393,0.1631701544481362,0.5718881470878051,0.2315776967597917,-1.1343963030207618,3
97.0,36.0,True,0.29669413103151,0.2098761327587159,0.7136775126404235,0.529478521211564,-0.7900932693527482,3
97.0,37.0,True,0.3759781148286583,0.2059369934225867,0.7599289752276545,-0.0474066516880022,2.216868116914439,3
97.0,38.0,True,0.3597236839823037,0.1775198607954743,0.6388247244444061,-0.3228942747651891,1.4366842403932532,3
97.0,39.0,True,0.3047072082023257,0.1605983789681703,0.5885364185403272,0.0365224683342845,-0.2743932758609541,3
97.0,40.0,True,0.5782297880726902,0.3520645528795632,1.361042370271197,0.6262188837710589,7.978302220913029,2
97.0,41.0,True,0.6479158803357138,0.2362979537907568,1.4951097556695108,1.461428344737924,9.889675973380056,2
97.0,42.0,True,0.5787513158172445,0.1633262064564986,0.8556328212989258,-0.1144484192824662,7.940985051706108,2
97.0,43.0,True,0.4989037469490311,0.1991985860769205,0.943288569424536,0.5623766995049303,5.811574318202994,2
97.0,44.0,True,0.5591734974371171,0.2570674385046248,1.2288820068338635,0.6522909435724342,7.7540126877272915,2
97.0,45.0,True,0.3984050311601643,0.2190410215125125,0.8094451069872144,0.0082969156077855,2.9256810788986076,3
97.0,46.0,True,0.3194976506098627,0.1179145935123644,0.584530764536811,0.1722887883676643,0.5083910584315477,3
97.0,47.0,True,0.4042959756129796,0.2866724902862846,1.0345204634092884,0.6147553846019761,3.3023498102062616,2
97.0,48.0,True,0.4242674987891819,0.2025513050496802,0.9200576387094288,0.7489217449015134,3.65245495865686,3
97.0,49.0,True,0.3707203162943258,0.1930559274174249,0.7218430582665878,0.1847450473057079,2.0282390824084904,3
97.0,50.0,True,0.4053737523666845,0.3482249276636602,1.2014485016547245,0.5179703732701029,2.730827431804776,2
97.0,51.0,True,0.3979999289635101,0.2109760821867652,0.8634838557028313,0.3112464457820723,2.5298789349476927,3
97.0,52.0,True,0.3740099826733556,0.1603321637964098,0.7184259870387703,-0.0971075680746955,1.934468527100501,3
97.0,53.0,True,0.4065469431387472,0.2688678928898568,0.9527882240377068,0.4059277255511321,2.999303586795379,2
97.0,54.0,True,0.3015742363487203,0.1446909816408533,0.7019835315730023,0.6277349650901041,-0.6479218843895651,3
97.0,55.0,True,0.4811432171407043,0.2141567962088764,0.8839595033993684,0.0326316966005907,5.271581783706903,2
97.0,56.0,True,0.332544573516523,0.1680279012260635,0.6645897254712678,0.1770091837617441,0.6236627533809426,3
97.0,57.0,True,0.3389890660153741,0.2285497487149622,0.8183582894417039,0.6191283641624409,1.080445105443847,3
97.0,58.0,True,0.3537093550214751,0.2091537880417781,0.8524095261125825,0.6244989303560103,0.9922963125871236,3
97.0,59.0,True,0.3335274175108705,0.0993273089017332,0.5545133949072808,0.2367429892128755,0.6971321527530181,1
97.0,60.0,True,0.286556624538597,0.1799218791420015,0.7831777353679268,0.7520547998711123,-1.052002741325724,3
97.0,61.0,True,0.4313225918981888,0.2582437627156702,1.167353813816162,1.5274790477581972,3.623543058705879,2
97.0,62.0,True,0.4289316122127328,0.2564777636296169,1.0999742853964714,0.9623218065346996,3.928433512986856,2
97.0,63.0,True,0.4552171987576945,0.2564099472047967,0.9918324039027688,0.5423423521857748,4.603442125921948,2
97.0,64.0,True,0.4546549777490045,0.1865192459194571,0.7947824192841011,-0.1817831277035499,4.342287492939355,3
97.0,65.0,True,0.4749358536829499,0.2266973563060038,1.3896750716926602,2.0619119268784467,4.443736302644517,2
97.0,66.0,True,0.5479721948868285,0.3253379616531679,1.203836076183554,0.3962888823356422,7.220429729108408,2
97.0,67.0,True,0.1883465659816925,0.1775138010567379,0.5890238594267727,1.130328517244958,-3.6373528830250903,1
97.0,68.0,True,0.2079955500329525,0.114523237825516,0.4673393302244483,0.2020635467477551,-2.994440390495522,1
97.0,69.0,False,,,,,,0
97.0,70.0,False,,,,,,0
97.0,71.0,False,,,,,,0
97.0,72.0,False,,,,,,0
97.0,73.0,False,,,,,,0
97.0,74.0,False,,,,,,0
97.0,75.0,False,,,,,,0
97.0,76.0,False,,,,,,0
97.0,77.0,False,,,,,,0
97.0,78.0,False,,,,,,0
97.0,79.0,False,,,,,,0
97.0,80.0,False,,,,,,0
97.0,81.0,False,,,,,,0
97.0,82.0,False,,,,,,0
97.0,83.0,False,,,,,,0
97.0,84.0,False,,,,,,0
97.0,85.0,False,,,,,,0
97.0,86.0,False,,,,,,0
97.0,87.0,False,,,,,,0
97.0,88.0,False,,,,,,0
97.0,89.0,False,,,,,,0
97.0,90.0,False,,,,,,0
97.0,91.0,False,,,,,,0
97.0,92.0,False,,,,,,0
97.0,93.0,False,,,,,,0
97.0,94.0,False,,,,,,0
97.0,95.0,False,,,,,,0
97.0,96.0,False,,,,,,0
97.0,97.0,False,,,,,,0
97.0,98.0,False,,,,,,0
97.0,99.0,False,,,,,,0
97.0,100.0,False,,,,,,0
98.0,1.0,False,,,,,,0
98.0,2.0,False,,,,,,0
98.0,3.0,False,,,,,,0
98.0,4.0,False,,,,,,0
98.0,5.0,False,,,,,,0
98.0,6.0,False,,,,,,0
98.0,7.0,False,,,,,,0
98.0,8.0,False,,,,,,0
98.0,9.0,False,,,,,,0
98.0,10.0,False,,,,,,0
98.0,11.0,False,,,,,,0
98.0,12.0,False,,,,,,0
98.0,13.0,False,,,,,,0
98.0,14.0,False,,,,,,0
98.0,15.0,False,,,,,,0
98.0,16.0,False,,,,,,0
98.0,17.0,False,,,,,,0
98.0,18.0,False,,,,,,0
98.0,19.0,False,,,,,,0
98.0,20.0,False,,,,,,0
98.0,21.0,False,,,,,,0
98.0,22.0,False,,,,,,0
98.0,23.0,False,,,,,,0
98.0,24.0,False,,,,,,0
98.0,25.0,False,,,,,,0
98.0,26.0,False,,,,,,0
98.0,27.0,False,,,,,,0
98.0,28.0,False,,,,,,0
98.0,29.0,False,,,,,,0
98.0,30.0,False,,,,,,0
98.0,31.0,False,,,,,,0
98.0,32.0,False,,,,,,0
98.0,33.0,False,,,,,,0
98.0,34.0,False,,,,,,0
98.0,35.0,False,,,,,,0
98.0,36.0,True,0.0941777635011547,0.097935706408456,0.2971010418045786,0.702031862066713,-6.614729319722416,1
98.0,37.0,True,0.2809411237827904,0.1716569263531916,0.6094631345198058,0.2280683130263411,-0.904948108055154,3
98.0,38.0,True,0.3544321314044907,0.2136276026178545,0.9431565607043771,0.8046082995834581,1.255595485755958,3
98.0,39.0,True,0.5137167206749296,0.2286220375740501,0.8818291254446912,-0.1833135893543186,6.5857973959526,2
98.0,40.0,True,0.5093775847434348,0.1916043865264902,0.8748286031321232,-0.040394539953732,5.946995062278204,2
98.0,41.0,True,0.6835490761329487,0.3126659483152393,1.3003180424085967,-0.1422982175785784,11.631321454952817,2
98.0,42.0,True,0.5926999327304411,0.2640741576076073,1.3009416714463116,0.2135986022338722,8.20994419015822,2
98.0,43.0,True,0.5869513742690655,0.1948160975992703,0.9298589065767392,-0.4474311994693669,8.49895167970435,2
98.0,44.0,True,0.4783173385583142,0.2471432309464481,1.0117192550741696,0.5648443474648609,5.040891508154484,2
98.0,45.0,True,0.4249673516531436,0.2700452807322846,1.5,2.434621836949206,3.0277209251093673,2
98.0,46.0,True,0.6028252971356944,0.2812264754723631,1.3093724730843417,0.8680576511974186,9.036991972459978,2
98.0,47.0,True,0.3279858692069637,0.2125987775952872,0.8301402371161726,0.6784871965583688,0.5529189917561301,3
98.0,48.0,True,0.3429878053295452,0.1957074166313527,0.7752955319657705,0.214325009844552,0.9864524215718292,3
98.0,49.0,True,0.3324045820540413,0.2099851888461165,0.7989866357737063,0.6132437960623235,0.8359930317443892,3
98.0,50.0,True,0.5390786759626239,0.42224246092341,1.5,1.2102600660093468,7.550514138953213,2
98.0,51.0,True,0.3730907143184281,0.1810607478806992,0.8911672016948163,0.630283704945482,1.815090685610752,3
98.0,52.0,True,0.2568349120897256,0.1420037536192424,0.5399537612295905,0.0760758913923972,-1.590128763451877,1
98.0,53.0,True,0.44386311791874,0.3116616125619099,1.051822813079296,0.5311933388226979,4.236624781525856,2
98.0,54.0,True,0.2493340124414612,0.1551592159316541,0.7731605414636337,1.0473853139766651,-2.036262980937527,3
98.0,55.0,True,0.2846116665394916,0.1192685401982261,0.4852981344018613,-0.1124798063218693,-0.6496844845211817,1
98.0,56.0,True,0.2638338174007574,0.2253220905941175,0.7650658050587338,0.5043484302238711,-1.3851789207509455,3
98.0,57.0,True,0.3098278388582777,0.2220953402394956,0.8383954617130979,0.953834307164924,0.1261029772133587,3
98.0,58.0,True,0.3308197418429445,0.1266729068028321,0.6621954766379782,0.8106655806694173,0.7617028392799465,3
98.0,59.0,True,0.4547375928111979,0.2410950095945161,0.9404980741881926,-0.1313475257242936,4.459479987059725,2
98.0,60.0,True,0.2631716889560482,0.102117933807229,0.473229143870962,0.1099748861004347,-1.426371364706465,1
98.0,61.0,True,0.426862600666708,0.2296533572543141,1.0063244539154046,0.855300189856853,3.6553016140266017,2
98.0,62.0,True,0.2351973203868069,0.1432077073365477,0.4814797720908672,-0.1761540354763875,-2.386434087564888,1
98.0,63.0,True,0.4396348496400012,0.1619851116600369,0.6881722206460098,-0.2754210076903836,3.83201827088016,3
98.0,64.0,True,0.445495403651172,0.2261555071111238,1.1939828080210404,0.9493733819226672,3.628201115082472,2
98.0,65.0,True,0.2809914959402618,0.1570266981244568,0.673355454184074,0.292810876193562,-1.296917299600745,3
98.0,66.0,True,0.0753444866066642,0.1118497159198767,0.3976335809529916,1.6931287785011342,-7.257328581001758,1
98.0,67.0,False,,,,,,0
98.0,68.0,False,,,,,,0
98.0,69.0,False,,,,,,0
98.0,70.0,False,,,,,,0
98.0,71.0,False,,,,,,0
98.0,72.0,False,,,,,,0
98.0,73.0,False,,,,,,0
98.0,74.0,False,,,,,,0
98.0,75.0,False,,,,,,0
98.0,76.0,False,,,,,,0
98.0,77.0,False,,,,,,0
98.0,78.0,False,,,,,,0
98.0,79.0,False,,,,,,0
98.0,80.0,False,,,,,,0
98.0,81.0,False,,,,,,0
98.0,82.0,False,,,,,,0
98.0,83.0,False,,,,,,0
98.0,84.0,False,,,,,,0
98.0,85.0,False,,,,,,0
98.0,86.0,False,,,,,,0
98.0,87.0,False,,,,,,0
98.0,88.0,False,,,,,,0
98.0,89.0,False,,,,,,0
98.0,90.0,False,,,,,,0
98.0,91.0,False,,,,,,0
98.0,92.0,False,,,,,,0
98.0,93.0,False,,,,,,0
98.0,94.0,False,,,,,,0
98.0,95.0,False,,,,,,0
98.0,96.0,False,,,,,,0
98.0,97.0,False,,,,,,0
98.0,98.0,False,,,,,,0
98.0,99.0,False,,,,,,0
98.0,100.0,False,,,,,,0
99.0,1.0,False,,,,,,0
99.0,2.0,False,,,,,,0
99.0,3.0,False,,,,,,0
99.0,4.0,False,,,,,,0
99.0,5.0,False,,,,,,0
99.0,6.0,False,,,,,,0
99.0,7.0,False,,,,,,0
99.0,8.0,False,,,,,,0
99.0,9.0,False,,,,,,0
99.0,10.0,False,,,,,,0
99.0,11.0,False,,,,,,0
99.0,12.0,False,,,,,,0
99.0,13.0,False,,,,,,0
99.0,14.0,False,,,,,,0
99.0,15.0,False,,,,,,0
99.0,16.0,False,,,,,,0
99.0,17.0,False,,,,,,0
99.0,18.0,False,,,,,,0
99.0,19.0,False,,,,,,0
99.0,20.0,False,,,,,,0
99.0,21.0,False,,,,,,0
99.0,22.0,False,,,,,,0
99.0,23.0,False,,,,,,0
99.0,24.0,False,,,,,,0
99.0,25.0,False,,,,,,0
99.0,26.0,False,,,,,,0
99.0,27.0,False,,,,,,0
99.0,28.0,False,,,,,,0
99.0,29.0,False,,,,,,0
99.0,30.0,False,,,,,,0
99.0,31.0,False,,,,,,0
99.0,32.0,False,,,,,,0
99.0,33.0,False,,,,,,0
99.0,34.0,False,,,,,,0
99.0,35.0,False,,,,,,0
99.0,36.0,False,,,,,,0
99.0,37.0,False,,,,,,0
99.0,38.0,False,,,,,,0
99.0,39.0,True,0.1075474111556976,0.0594788004809422,0.2246422520969578,-0.047848943982897,-6.19888566451993,1
99.0,40.0,True,0.2148471057484664,0.1705478866022768,0.6696468572181423,1.0965772154787057,-2.705168813188019,3
99.0,41.0,True,0.539027063035121,0.2973037767775603,1.2353299671174025,0.4969429815613395,7.065018802113731,2
99.0,42.0,True,0.4895257500629945,0.2623302482072131,0.9658241762241898,0.0395412218276069,5.2792113195660955,2
99.0,43.0,True,0.5214814845993319,0.2237335853296389,1.0447441115343674,0.4372498578650955,6.800254403978766,2
99.0,44.0,True,0.5963256877052093,0.1899798867284408,0.8649071234001162,-0.7593442550965864,9.200312588201994,2
99.0,45.0,True,0.6401197487396184,0.2369332757168031,1.093581806413268,-0.1296472393941929,10.187181695640737,2
99.0,46.0,True,0.4964441176531919,0.1691565716085025,0.841722317792311,-0.3105158210506292,5.852668176535142,3
99.0,47.0,True,0.5070981576720227,0.1797362368130781,0.8695117712824805,-0.1816170492028512,5.865339702940995,2
99.0,48.0,True,0.4789489341587393,0.2900279729128009,1.0812713443574875,0.3532736752360769,5.314973533705269,2
99.0,49.0,True,0.3557024570244548,0.2135439576959167,1.120827903424841,1.0620060601398595,1.113009850807381,3
99.0,50.0,True,0.3727375698134044,0.1581922433190708,0.6599965333681895,0.1060724563211969,1.9455987444176377,3
99.0,51.0,True,0.3194102566572722,0.2004956093879446,0.7346889942738803,0.3809787065811009,0.6266000422768232,3
99.0,52.0,True,0.2396094005353425,0.1388913598040702,0.5722920955309613,0.5946311567815951,-2.254358655815745,1
99.0,53.0,True,0.3024507794084788,0.1421400272134976,0.5809998468843556,0.0628301598820206,-0.215539952736962,3
99.0,54.0,True,0.1959686379541799,0.1166015724860462,0.4183347815316861,0.3448880654374635,-3.502198914811143,1
99.0,55.0,True,0.3069785279268245,0.1792486917725111,0.7526493668781077,0.5085677813993519,-0.2881508537972477,3
99.0,56.0,True,0.2774633379935163,0.2046402382899478,0.7388074281507343,0.7305083679073492,-0.6313252846749517,3
99.0,57.0,True,0.1810021620898112,0.1170869864430467,0.4033113731909065,0.1840431229734915,-3.9057630361744287,1
99.0,58.0,True,0.2608037844171387,0.1412502525407313,0.5710752824379962,0.2858718494774914,-1.2748373160328186,1
99.0,59.0,True,0.3434008137606436,0.1328183702762652,0.5224091953789076,-0.7275516874278825,1.1052444723555943,3
99.0,60.0,True,0.1718430188881198,0.1436214782564901,0.4895724174564647,0.6491526085172059,-4.382788775738924,1
99.0,61.0,True,0.2254373307706929,0.120428497352302,0.5804466699212216,1.1457459210817025,-2.6164958866964207,1
99.0,62.0,True,0.2054889343913712,0.1680689375247819,0.5232594045063863,0.3006529715675978,-3.392028342956947,1
99.0,63.0,True,0.056314090033488,0.06979183776625,0.2617354294565602,1.8062962431649208,-7.7964584620541615,1
99.0,64.0,False,,,,,,0
99.0,65.0,False,,,,,,0
99.0,66.0,False,,,,,,0
99.0,67.0,False,,,,,,0
99.0,68.0,False,,,,,,0
99.0,69.0,False,,,,,,0
99.0,70.0,False,,,,,,0
99.0,71.0,False,,,,,,0
99.0,72.0,False,,,,,,0
99.0,73.0,False,,,,,,0
99.0,74.0,False,,,,,,0
99.0,75.0,False,,,,,,0
99.0,76.0,False,,,,,,0
99.0,77.0,False,,,,,,0
99.0,78.0,False,,,,,,0
99.0,79.0,False,,,,,,0
99.0,80.0,False,,,,,,0
99.0,81.0,False,,,,,,0
99.0,82.0,False,,,,,,0
99.0,83.0,False,,,,,,0
99.0,84.0,False,,,,,,0
99.0,85.0,False,,,,,,0
99.0,86.0,False,,,,,,0
99.0,87.0,False,,,,,,0
99.0,88.0,False,,,,,,0
99.0,89.0,False,,,,,,0
99.0,90.0,False,,,,,,0
99.0,91.0,False,,,,,,0
99.0,92.0,False,,,,,,0
99.0,93.0,False,,,,,,0
99.0,94.0,False,,,,,,0
99.0,95.0,False,,,,,,0
99.0,96.0,False,,,,,,0
99.0,97.0,False,,,,,,0
99.0,98.0,False,,,,,,0
99.0,99.0,False,,,,,,0
99.0,100.0,False,,,,,,0
100.0,1.0,False,,,,,,0
100.0,2.0,False,,,,,,0
100.0,3.0,False,,,,,,0
100.0,4.0,False,,,,,,0
100.0,5.0,False,,,,,,0
100.0,6.0,False,,,,,,0
100.0,7.0,False,,,,,,0
100.0,8.0,False,,,,,,0
100.0,9.0,False,,,,,,0
100.0,10.0,False,,,,,,0
100.0,11.0,False,,,,,,0
100.0,12.0,False,,,,,,0
100.0,13.0,False,,,,,,0
100.0,14.0,False,,,,,,0
100.0,15.0,False,,,,,,0
100.0,16.0,False,,,,,,0
100.0,17.0,False,,,,,,0
100.0,18.0,False,,,,,,0
100.0,19.0,False,,,,,,0
100.0,20.0,False,,,,,,0
100.0,21.0,False,,,,,,0
100.0,22.0,False,,,,,,0
100.0,23.0,False,,,,,,0
100.0,24.0,False,,,,,,0
100.0,25.0,False,,,,,,0
100.0,26.0,False,,,,,,0
100.0,27.0,False,,,,,,0
100.0,28.0,False,,,,,,0
100.0,29.0,False,,,,,,0
100.0,30.0,False,,,,,,0
100.0,31.0,False,,,,,,0
100.0,32.0,False,,,,,,0
100.0,33.0,False,,,,,,0
100.0,34.0,False,,,,,,0
100.0,35.0,False,,,,,,0
100.0,36.0,False,,,,,,0
100.0,37.0,False,,,,,,0
100.0,38.0,False,,,,,,0
100.0,39.0,False,,,,,,0
100.0,40.0,False,,,,,,0
100.0,41.0,False,,,,,,0
100.0,42.0,False,,,,,,0
100.0,43.0,True,0.0305436071411968,0.0367351068428332,0.1032853039802038,0.8961460184068417,-8.593768737755516,1
100.0,44.0,True,0.1080683308666312,0.0833880836753966,0.2736761064264737,0.28728053844434,-6.145014562720059,1
100.0,45.0,True,0.1236626020608216,0.1368478009345353,0.4814072958152132,1.3628981638848727,-5.718549028396922,1
100.0,46.0,True,0.1555330678411093,0.2021476687155079,0.6456493241293371,1.2429242690718594,-4.562038268990009,1
100.0,47.0,True,0.3128415712945794,0.1811191192935159,0.6517458975528843,0.0650850286863348,0.0919407461962702,3
100.0,48.0,True,0.1755996600816114,0.1046085627655693,0.3436397132274963,0.0977001016316025,-3.962196939799809,1
100.0,49.0,True,0.197812584943074,0.1435241792655117,0.5157723650461853,0.8768988248731303,-3.4588620299665607,1
100.0,50.0,True,0.2087845218608447,0.1819884177099622,0.6170908289186811,0.8073868569131608,-3.2266115382576235,1
100.0,51.0,True,0.1467569757813563,0.121635336835501,0.3880590620793122,0.3822031872505097,-5.036393483021058,1
100.0,52.0,True,0.100230279482688,0.0824291860399809,0.2737246961297804,0.5406339554400882,-6.401566831511179,1
100.0,53.0,True,0.1212096426970442,0.134430684520233,0.4978242639576841,1.1385022798840323,-6.218022141920508,1
100.0,54.0,True,0.078080002620709,0.0822190170614618,0.2905486120382942,0.675248131064098,-7.197784980175081,1
100.0,55.0,True,0.1578122839694556,0.0923905567847106,0.352997277149574,0.1604530379749252,-4.670409544660503,1
100.0,56.0,True,0.1038130697898022,0.0790117369511105,0.2640546333573446,0.4156419895575189,-6.244908692580442,1
100.0,57.0,True,0.0342811053573563,0.0469841179962724,0.1417447780432479,0.9983635911696704,-8.472379375463902,1
100.0,58.0,False,,,,,,0
100.0,59.0,False,,,,,,0
100.0,60.0,False,,,,,,0
100.0,61.0,False,,,,,,0
100.0,62.0,False,,,,,,0
100.0,63.0,False,,,,,,0
100.0,64.0,False,,,,,,0
100.0,65.0,False,,,,,,0
100.0,66.0,False,,,,,,0
100.0,67.0,False,,,,,,0
100.0,68.0,False,,,,,,0
100.0,69.0,False,,,,,,0
100.0,70.0,False,,,,,,0
100.0,71.0,False,,,,,,0
100.0,72.0,False,,,,,,0
100.0,73.0,False,,,,,,0
100.0,74.0,False,,,,,,0
100.0,75.0,False,,,,,,0
100.0,76.0,False,,,,,,0
100.0,77.0,False,,,,,,0
100.0,78.0,False,,,,,,0
100.0,79.0,False,,,,,,0
100.0,80.0,False,,,,,,0
100.0,81.0,False,,,,,,0
100.0,82.0,False,,,,,,0
100.0,83.0,False,,,,,,0
100.0,84.0,False,,,,,,0
100.0,85.0,False,,,,,,0
100.0,86.0,False,,,,,,0
100.0,87.0,False,,,,,,0
100.0,88.0,False,,,,,,0
100.0,89.0,False,,,,,,0
100.0,90.0,False,,,,,,0
100.0,91.0,False,,,,,,0
100.0,92.0,False,,,,,,0
100.0,93.0,False,,,,,,0
100.0,94.0,False,,,,,,0
100.0,95.0,False,,,,,,0
100.0,96.0,False,,,,,,0
100.0,97.0,False,,,,,,0
100.0,98.0,False,,,,,,0
100.0,99.0,False,,,,,,0
100.0,100.0,False,,,,,,0
