kx,ky,valid,mean_intensity,std_intensity,max_intensity,skew_intensity,ts_pca1
1.0,1.0,False,,,,,
1.0,2.0,False,,,,,
1.0,3.0,False,,,,,
1.0,4.0,False,,,,,
1.0,5.0,False,,,,,
1.0,6.0,False,,,,,
1.0,7.0,False,,,,,
1.0,8.0,False,,,,,
1.0,9.0,False,,,,,
1.0,10.0,False,,,,,
1.0,11.0,False,,,,,
1.0,12.0,False,,,,,
1.0,13.0,False,,,,,
1.0,14.0,False,,,,,
1.0,15.0,False,,,,,
1.0,16.0,False,,,,,
1.0,17.0,False,,,,,
1.0,18.0,False,,,,,
1.0,19.0,False,,,,,
1.0,20.0,False,,,,,
1.0,21.0,False,,,,,
1.0,22.0,False,,,,,
1.0,23.0,False,,,,,
1.0,24.0,False,,,,,
1.0,25.0,False,,,,,
1.0,26.0,False,,,,,
1.0,27.0,False,,,,,
1.0,28.0,False,,,,,
1.0,29.0,False,,,,,
1.0,30.0,False,,,,,
1.0,31.0,False,,,,,
1.0,32.0,False,,,,,
1.0,33.0,False,,,,,
1.0,34.0,False,,,,,
1.0,35.0,False,,,,,
1.0,36.0,False,,,,,
1.0,37.0,False,,,,,
1.0,38.0,False,,,,,
1.0,39.0,False,,,,,
1.0,40.0,False,,,,,
1.0,41.0,False,,,,,
1.0,42.0,False,,,,,
1.0,43.0,False,,,,,
1.0,44.0,False,,,,,
1.0,45.0,False,,,,,
1.0,46.0,False,,,,,
1.0,47.0,False,,,,,
1.0,48.0,False,,,,,
1.0,49.0,False,,,,,
1.0,50.0,False,,,,,
1.0,51.0,False,,,,,
1.0,52.0,False,,,,,
1.0,53.0,False,,,,,
1.0,54.0,False,,,,,
1.0,55.0,False,,,,,
1.0,56.0,False,,,,,
1.0,57.0,False,,,,,
1.0,58.0,False,,,,,
1.0,59.0,False,,,,,
1.0,60.0,False,,,,,
1.0,61.0,False,,,,,
1.0,62.0,False,,,,,
1.0,63.0,False,,,,,
1.0,64.0,False,,,,,
1.0,65.0,False,,,,,
1.0,66.0,False,,,,,
1.0,67.0,False,,,,,
1.0,68.0,False,,,,,
1.0,69.0,False,,,,,
1.0,70.0,False,,,,,
1.0,71.0,False,,,,,
1.0,72.0,False,,,,,
1.0,73.0,False,,,,,
1.0,74.0,False,,,,,
1.0,75.0,False,,,,,
1.0,76.0,False,,,,,
1.0,77.0,False,,,,,
1.0,78.0,False,,,,,
1.0,79.0,False,,,,,
1.0,80.0,False,,,,,
1.0,81.0,False,,,,,
1.0,82.0,False,,,,,
1.0,83.0,False,,,,,
1.0,84.0,False,,,,,
1.0,85.0,False,,,,,
1.0,86.0,False,,,,,
1.0,87.0,False,,,,,
1.0,88.0,False,,,,,
1.0,89.0,False,,,,,
1.0,90.0,False,,,,,
1.0,91.0,False,,,,,
1.0,92.0,False,,,,,
1.0,93.0,False,,,,,
1.0,94.0,False,,,,,
1.0,95.0,False,,,,,
1.0,96.0,False,,,,,
1.0,97.0,False,,,,,
1.0,98.0,False,,,,,
1.0,99.0,False,,,,,
1.0,100.0,False,,,,,
2.0,1.0,False,,,,,
2.0,2.0,False,,,,,
2.0,3.0,False,,,,,
2.0,4.0,False,,,,,
2.0,5.0,False,,,,,
2.0,6.0,False,,,,,
2.0,7.0,False,,,,,
2.0,8.0,False,,,,,
2.0,9.0,False,,,,,
2.0,10.0,False,,,,,
2.0,11.0,False,,,,,
2.0,12.0,False,,,,,
2.0,13.0,False,,,,,
2.0,14.0,False,,,,,
2.0,15.0,False,,,,,
2.0,16.0,False,,,,,
2.0,17.0,False,,,,,
2.0,18.0,False,,,,,
2.0,19.0,False,,,,,
2.0,20.0,False,,,,,
2.0,21.0,False,,,,,
2.0,22.0,False,,,,,
2.0,23.0,False,,,,,
2.0,24.0,False,,,,,
2.0,25.0,False,,,,,
2.0,26.0,False,,,,,
2.0,27.0,False,,,,,
2.0,28.0,False,,,,,
2.0,29.0,False,,,,,
2.0,30.0,False,,,,,
2.0,31.0,False,,,,,
2.0,32.0,False,,,,,
2.0,33.0,False,,,,,
2.0,34.0,False,,,,,
2.0,35.0,False,,,,,
2.0,36.0,False,,,,,
2.0,37.0,False,,,,,
2.0,38.0,False,,,,,
2.0,39.0,False,,,,,
2.0,40.0,False,,,,,
2.0,41.0,False,,,,,
2.0,42.0,False,,,,,
2.0,43.0,True,0.017200659368335168,0.018303876423970876,0.0627887360148789,0.9034100866407514,-11.043846320009166
2.0,44.0,True,0.04149863791234704,0.03648787659765152,0.1188751485326615,0.739777105452907,-10.265984162395347
2.0,45.0,True,0.12440664961999223,0.05785996125517608,0.2410509070112447,-0.004868420007555845,-7.554778100964348
2.0,46.0,True,0.17310745795018573,0.11346782249722007,0.3922371546982396,0.21880584168036724,-6.1348153582456275
2.0,47.0,True,0.19169324251519412,0.06906015385770321,0.307859340422718,-0.2689074875633239,-5.575097962452482
2.0,48.0,True,0.22313893548439595,0.12543517178660624,0.4582806227945207,-0.05122671020025488,-4.461718291385409
2.0,49.0,True,0.34234945590408133,0.18800311634022374,0.7310511989549551,0.3113997742288093,-0.6099469036268943
2.0,50.0,True,0.20575539539231813,0.08522052119748613,0.3661920049506111,0.1451525430636868,-5.37609840758071
2.0,51.0,True,0.22351410993274892,0.19810542996055644,0.9584910086180806,1.640020865770227,-4.76774062089416
2.0,52.0,True,0.19447999310704261,0.10638856399024292,0.4262051017383116,0.08273476143920139,-5.501184696052377
2.0,53.0,True,0.2686528494861836,0.15122818884289962,0.6751971462452933,0.6672436155468141,-2.8952216256162204
2.0,54.0,True,0.190674109531918,0.10391573442544136,0.4155899145323002,0.4038362519881768,-5.7393927087379035
2.0,55.0,True,0.18398565783559576,0.08111856811933998,0.4347097673291988,0.7653600050498142,-6.024853564517428
2.0,56.0,True,0.20912128995033932,0.08280268212389763,0.3600622964184681,-0.49427571265432907,-4.848848956379132
2.0,57.0,True,0.11795267238224462,0.08073103936251085,0.3077329197700427,0.95209693709703,-7.933941965904652
2.0,58.0,True,0.07539267062445887,0.06696629450833287,0.2576875432424405,1.278748685708839,-9.164680651332983
2.0,59.0,False,,,,,
2.0,60.0,False,,,,,
2.0,61.0,False,,,,,
2.0,62.0,False,,,,,
2.0,63.0,False,,,,,
2.0,64.0,False,,,,,
2.0,65.0,False,,,,,
2.0,66.0,False,,,,,
2.0,67.0,False,,,,,
2.0,68.0,False,,,,,
2.0,69.0,False,,,,,
2.0,70.0,False,,,,,
2.0,71.0,False,,,,,
2.0,72.0,False,,,,,
2.0,73.0,False,,,,,
2.0,74.0,False,,,,,
2.0,75.0,False,,,,,
2.0,76.0,False,,,,,
2.0,77.0,False,,,,,
2.0,78.0,False,,,,,
2.0,79.0,False,,,,,
2.0,80.0,False,,,,,
2.0,81.0,False,,,,,
2.0,82.0,False,,,,,
2.0,83.0,False,,,,,
2.0,84.0,False,,,,,
2.0,85.0,False,,,,,
2.0,86.0,False,,,,,
2.0,87.0,False,,,,,
2.0,88.0,False,,,,,
2.0,89.0,False,,,,,
2.0,90.0,False,,,,,
2.0,91.0,False,,,,,
2.0,92.0,False,,,,,
2.0,93.0,False,,,,,
2.0,94.0,False,,,,,
2.0,95.0,False,,,,,
2.0,96.0,False,,,,,
2.0,97.0,False,,,,,
2.0,98.0,False,,,,,
2.0,99.0,False,,,,,
2.0,100.0,False,,,,,
3.0,1.0,False,,,,,
3.0,2.0,False,,,,,
3.0,3.0,False,,,,,
3.0,4.0,False,,,,,
3.0,5.0,False,,,,,
3.0,6.0,False,,,,,
3.0,7.0,False,,,,,
3.0,8.0,False,,,,,
3.0,9.0,False,,,,,
3.0,10.0,False,,,,,
3.0,11.0,False,,,,,
3.0,12.0,False,,,,,
3.0,13.0,False,,,,,
3.0,14.0,False,,,,,
3.0,15.0,False,,,,,
3.0,16.0,False,,,,,
3.0,17.0,False,,,,,
3.0,18.0,False,,,,,
3.0,19.0,False,,,,,
3.0,20.0,False,,,,,
3.0,21.0,False,,,,,
3.0,22.0,False,,,,,
3.0,23.0,False,,,,,
3.0,24.0,False,,,,,
3.0,25.0,False,,,,,
3.0,26.0,False,,,,,
3.0,27.0,False,,,,,
3.0,28.0,False,,,,,
3.0,29.0,False,,,,,
3.0,30.0,False,,,,,
3.0,31.0,False,,,,,
3.0,32.0,False,,,,,
3.0,33.0,False,,,,,
3.0,34.0,False,,,,,
3.0,35.0,False,,,,,
3.0,36.0,False,,,,,
3.0,37.0,False,,,,,
3.0,38.0,True,0.01335060017657532,0.022586804721624866,0.0686206380760738,1.4429743343498196,-11.219090699932094
3.0,39.0,True,0.09369987048582104,0.08456701927804154,0.3252426284912303,1.3159621301194766,-8.624179913806353
3.0,40.0,True,0.18369567565237663,0.07040824152935453,0.2939795816858924,-0.3974839467794945,-5.992410028887217
3.0,41.0,True,0.24268560088843164,0.12859632747436117,0.476608386769024,-0.16052852810059776,-3.788265244005183
3.0,42.0,True,0.3679384482547205,0.18040133584886203,1.008953246443189,1.2381257457226098,-0.4103298967461042
3.0,43.0,True,0.42730012055294764,0.17342807083917752,0.683443759913325,-0.17671288606866326,2.1863603569693515
3.0,44.0,True,0.39242206243097233,0.17754023069156208,0.6606668105180247,-0.271498603499301,1.0677096442863503
3.0,45.0,True,0.33979717863424347,0.11424393062286146,0.5411830180654793,0.08653365304278819,-0.8559348705672858
3.0,46.0,True,0.43393545941808026,0.17273564933457075,0.8716756663138773,0.9546846507714242,1.7138248080321525
3.0,47.0,True,0.36394891842633453,0.23267029351098284,0.9783295831981034,1.388335076022936,0.2480650251226117
3.0,48.0,True,0.29562245751975175,0.1411735417248629,0.5082087822728089,-0.626410442717705,-2.530450089271016
3.0,49.0,True,0.5607979255930752,0.27516779811262526,1.303234817631433,1.121492597250578,6.137734899611016
3.0,50.0,True,0.3129466991673131,0.22113703586527625,0.9448707206092808,0.7454106158194798,-1.8340980353465337
3.0,51.0,True,0.3637467915889842,0.16015277600541164,0.7067635539753162,0.4128704702679582,-0.27552736978014464
3.0,52.0,True,0.3271113451134369,0.16289543592553002,0.6273596108035837,0.1645856178563888,-1.225849278262928
3.0,53.0,True,0.2830036556103688,0.11348738271625428,0.5448298567767526,0.49775141575723936,-2.8206795408429945
3.0,54.0,True,0.4384256078689217,0.22546809445271956,0.8519232224922217,0.14168694821596078,2.678684759204298
3.0,55.0,True,0.22738168262460384,0.16585829135574465,0.6744243536766275,1.2699995594355908,-4.323217928804941
3.0,56.0,True,0.3213043474587945,0.1534960826972447,0.6562998893667089,0.43742727662880077,-1.3939816281958137
3.0,57.0,True,0.432325187981838,0.20341576432362893,0.9111783423263696,0.7903979590783919,1.794772989582593
3.0,58.0,True,0.44067947397163854,0.21441537507342373,0.9125605599470428,0.08934609536883742,2.109648054068002
3.0,59.0,True,0.428579495131384,0.1618689715239493,0.747221902510637,-0.00833260027191378,1.9314123309871483
3.0,60.0,True,0.2871873020920766,0.16556511588740366,0.7353635584646033,0.6876562903570974,-2.812322993411368
3.0,61.0,True,0.3105628150229842,0.17185379428740338,0.6635859893499634,0.34709419906895017,-1.864734008471208
3.0,62.0,True,0.1912081564198425,0.08407082404696069,0.3578557236485291,0.10966614445315262,-5.54221554240485
3.0,63.0,True,0.10970365303838472,0.10851824917483638,0.4286234681035822,0.917130296411437,-8.228522566537398
3.0,64.0,False,,,,,
3.0,65.0,False,,,,,
3.0,66.0,False,,,,,
3.0,67.0,False,,,,,
3.0,68.0,False,,,,,
3.0,69.0,False,,,,,
3.0,70.0,False,,,,,
3.0,71.0,False,,,,,
3.0,72.0,False,,,,,
3.0,73.0,False,,,,,
3.0,74.0,False,,,,,
3.0,75.0,False,,,,,
3.0,76.0,False,,,,,
3.0,77.0,False,,,,,
3.0,78.0,False,,,,,
3.0,79.0,False,,,,,
3.0,80.0,False,,,,,
3.0,81.0,False,,,,,
3.0,82.0,False,,,,,
3.0,83.0,False,,,,,
3.0,84.0,False,,,,,
3.0,85.0,False,,,,,
3.0,86.0,False,,,,,
3.0,87.0,False,,,,,
3.0,88.0,False,,,,,
3.0,89.0,False,,,,,
3.0,90.0,False,,,,,
3.0,91.0,False,,,,,
3.0,92.0,False,,,,,
3.0,93.0,False,,,,,
3.0,94.0,False,,,,,
3.0,95.0,False,,,,,
3.0,96.0,False,,,,,
3.0,97.0,False,,,,,
3.0,98.0,False,,,,,
3.0,99.0,False,,,,,
3.0,100.0,False,,,,,
4.0,1.0,False,,,,,
4.0,2.0,False,,,,,
4.0,3.0,False,,,,,
4.0,4.0,False,,,,,
4.0,5.0,False,,,,,
4.0,6.0,False,,,,,
4.0,7.0,False,,,,,
4.0,8.0,False,,,,,
4.0,9.0,False,,,,,
4.0,10.0,False,,,,,
4.0,11.0,False,,,,,
4.0,12.0,False,,,,,
4.0,13.0,False,,,,,
4.0,14.0,False,,,,,
4.0,15.0,False,,,,,
4.0,16.0,False,,,,,
4.0,17.0,False,,,,,
4.0,18.0,False,,,,,
4.0,19.0,False,,,,,
4.0,20.0,False,,,,,
4.0,21.0,False,,,,,
4.0,22.0,False,,,,,
4.0,23.0,False,,,,,
4.0,24.0,False,,,,,
4.0,25.0,False,,,,,
4.0,26.0,False,,,,,
4.0,27.0,False,,,,,
4.0,28.0,False,,,,,
4.0,29.0,False,,,,,
4.0,30.0,False,,,,,
4.0,31.0,False,,,,,
4.0,32.0,False,,,,,
4.0,33.0,False,,,,,
4.0,34.0,False,,,,,
4.0,35.0,True,0.0348792513078934,0.045805830416405825,0.1954529035672488,1.4229349635076576,-10.623565874543315
4.0,36.0,True,0.12553105800859574,0.11489510655799991,0.4406380263504504,0.7293952411556048,-7.9295753299710485
4.0,37.0,True,0.31113185617428174,0.1444182460510851,0.5511806017969841,0.31402030582852825,-1.7612960775012423
4.0,38.0,True,0.4227980868156866,0.1966427544487447,0.7993201614489712,0.04736419152635118,1.4878627505991515
4.0,39.0,True,0.370150613909336,0.25560493691152525,1.0076643965457246,1.1051620216483664,0.10976622234953402
4.0,40.0,True,0.3942177482756143,0.19332575844036126,1.095454586062972,1.5112694253501942,0.21891209810140252
4.0,41.0,True,0.4170490647287572,0.1625976231082637,0.8053332289192872,0.2193327368539827,1.552318404870701
4.0,42.0,True,0.4275219088254228,0.32195650607610515,1.039963356228622,0.04122476990188301,1.127704275750899
4.0,43.0,True,0.42808523944813764,0.22292203442784478,0.8932152866998496,0.49557412885315894,2.003615268410432
4.0,44.0,True,0.3322330656708,0.2444943726929585,0.8755424319167107,0.7573159553759833,-1.264257510621465
4.0,45.0,True,0.4368330439298855,0.14934062799843395,0.7934942795409549,0.12068283519989698,1.8369412971946084
4.0,46.0,True,0.3524691602498559,0.17578196715281855,0.6880153979352676,-0.2816419291916947,-0.4890485408951339
4.0,47.0,True,0.34508505856109206,0.16080511696851027,0.6385338603220003,-0.04134314167096636,-0.5257963200019329
4.0,48.0,True,0.351498618379006,0.23176711997326413,0.7842887975405807,0.14846996522652295,-0.4695330568910185
4.0,49.0,True,0.39700795233158587,0.23465932444139606,0.950518685235371,0.5984039968473254,0.9512867804388572
4.0,50.0,True,0.4269574793063562,0.19416788876846078,0.7909106204115036,-0.4807065951707599,1.9260826936967526
4.0,51.0,True,0.42410614639040917,0.1784235139475815,0.7290082475510203,-0.5360734595722967,1.8537916173853968
4.0,52.0,True,0.5561038129653582,0.1775473240166468,1.0295130897455556,0.7371201121084556,5.9909675253072345
4.0,53.0,True,0.4315960456869284,0.1941211472747397,1.1267104262437264,1.1962614135085328,1.8041675812143652
4.0,54.0,True,0.4529248596455095,0.22181072168553956,0.9527638731817708,0.6181381966561987,3.011325289746649
4.0,55.0,True,0.32978854036463084,0.1123602096670161,0.5130880077993337,-0.5577453034142997,-1.3091148154758714
4.0,56.0,True,0.2765214740456053,0.15051625977241231,0.8789223684725618,1.632464644456261,-3.2853906922527454
4.0,57.0,True,0.3778625448368478,0.20673742197434478,0.7857909235999365,0.20554978893909331,0.23102981922947663
4.0,58.0,True,0.4088997980725138,0.17052889112821368,0.6723260486026271,-0.25533189423223207,1.6537387770052856
4.0,59.0,True,0.3748955918073436,0.14024001553333393,0.5731888877720638,-0.943737554736912,0.6252766049415095
4.0,60.0,True,0.504490886594667,0.17695106064207747,0.8053588667488428,-0.032808645047991976,4.556813496301211
4.0,61.0,True,0.37983127685418466,0.10641504456061467,0.6244259731316114,0.30165686926533736,0.2576471243355251
4.0,62.0,True,0.4918168188805708,0.10149473356745653,0.6281146812338122,-0.528478723037918,3.870605241272964
4.0,63.0,True,0.5921425149821192,0.2895119236220027,1.3705656351182245,0.9336826345607699,6.865695421147924
4.0,64.0,True,0.4661509161458314,0.22269261862257772,0.8316768720263583,-0.06647182490288543,3.486052833884375
4.0,65.0,True,0.4652132500996572,0.12813501112586437,0.8146363048890267,0.7761547758809926,2.8377369654973945
4.0,66.0,True,0.1853315035753126,0.1016481937286018,0.4295915980699639,0.37430676599011337,-5.645448382089314
4.0,67.0,False,,,,,
4.0,68.0,False,,,,,
4.0,69.0,False,,,,,
4.0,70.0,False,,,,,
4.0,71.0,False,,,,,
4.0,72.0,False,,,,,
4.0,73.0,False,,,,,
4.0,74.0,False,,,,,
4.0,75.0,False,,,,,
4.0,76.0,False,,,,,
4.0,77.0,False,,,,,
4.0,78.0,False,,,,,
4.0,79.0,False,,,,,
4.0,80.0,False,,,,,
4.0,81.0,False,,,,,
4.0,82.0,False,,,,,
4.0,83.0,False,,,,,
4.0,84.0,False,,,,,
4.0,85.0,False,,,,,
4.0,86.0,False,,,,,
4.0,87.0,False,,,,,
4.0,88.0,False,,,,,
4.0,89.0,False,,,,,
4.0,90.0,False,,,,,
4.0,91.0,False,,,,,
4.0,92.0,False,,,,,
4.0,93.0,False,,,,,
4.0,94.0,False,,,,,
4.0,95.0,False,,,,,
4.0,96.0,False,,,,,
4.0,97.0,False,,,,,
4.0,98.0,False,,,,,
4.0,99.0,False,,,,,
4.0,100.0,False,,,,,
5.0,1.0,False,,,,,
5.0,2.0,False,,,,,
5.0,3.0,False,,,,,
5.0,4.0,False,,,,,
5.0,5.0,False,,,,,
5.0,6.0,False,,,,,
5.0,7.0,False,,,,,
5.0,8.0,False,,,,,
5.0,9.0,False,,,,,
5.0,10.0,False,,,,,
5.0,11.0,False,,,,,
5.0,12.0,False,,,,,
5.0,13.0,False,,,,,
5.0,14.0,False,,,,,
5.0,15.0,False,,,,,
5.0,16.0,False,,,,,
5.0,17.0,False,,,,,
5.0,18.0,False,,,,,
5.0,19.0,False,,,,,
5.0,20.0,False,,,,,
5.0,21.0,False,,,,,
5.0,22.0,False,,,,,
5.0,23.0,False,,,,,
5.0,24.0,False,,,,,
5.0,25.0,False,,,,,
5.0,26.0,False,,,,,
5.0,27.0,False,,,,,
5.0,28.0,False,,,,,
5.0,29.0,False,,,,,
5.0,30.0,False,,,,,
5.0,31.0,False,,,,,
5.0,32.0,False,,,,,
5.0,33.0,True,0.08672560824948596,0.0612581893431449,0.2469172435770776,0.7074564696691925,-8.862897661850806
5.0,34.0,True,0.21233404537540748,0.08233583624523307,0.3466269020132773,-0.16831357650208373,-4.934794017220326
5.0,35.0,True,0.3369130613575026,0.1889386180985102,0.6740242469456796,0.02887804122766203,-0.9120124472266409
5.0,36.0,True,0.5629774247722406,0.2527303243111653,1.100120282617057,0.587177499495389,6.556433652876234
5.0,37.0,True,0.34087960975353204,0.143851711202399,0.5457749105823352,-0.5424563531039193,-0.7411080589418003
5.0,38.0,True,0.39142283870660183,0.18604653225285775,0.7769276778426687,0.24131215676921022,0.6722073115138345
5.0,39.0,True,0.4340676914845736,0.196069102846833,0.8728039212378998,0.3290952430503452,2.196661041520831
5.0,40.0,True,0.32322748605800505,0.13947221016066522,0.6101821890382764,0.31368393254090804,-1.6315592056685644
5.0,41.0,True,0.4407597510190775,0.17485372724363535,0.8040582118225128,-0.3134613392981342,2.480518667779653
5.0,42.0,True,0.44454447630664284,0.2172218811519912,0.8436134685680956,0.2567163219946562,2.2961512788790177
5.0,43.0,True,0.40458998797761747,0.2234684287275972,0.9782522315069836,0.9622042888731843,1.2965704277518668
5.0,44.0,True,0.3273576914639949,0.23109150155549874,0.8834930017110226,0.9219140727026326,-1.111908012912641
5.0,45.0,True,0.4546787236844969,0.1419594896024912,0.6982680723885513,0.16204103240013074,2.404204852789958
5.0,46.0,True,0.4365130972249041,0.1954238608249191,0.8253048536821992,-0.17744987020483655,2.5434608709607964
5.0,47.0,True,0.3985833778488345,0.12434575266731891,0.6893490736847102,0.4965089091769828,1.0615885656262365
5.0,48.0,True,0.31008918176288186,0.14539676501682497,0.7609486144653819,0.2402058712612454,-2.098650254357693
5.0,49.0,True,0.3420182410358052,0.16834985626622084,0.6869693498187395,0.13520807405343827,-0.7528094433027566
5.0,50.0,True,0.27923279654697153,0.16129708761820366,0.8841399233867367,1.3207975089132382,-3.1004789690462857
5.0,51.0,True,0.3049687266930431,0.16341813481968656,0.6724951343553884,0.4816481998725365,-2.1575280577163545
5.0,52.0,True,0.3779296013706891,0.20210299565348605,0.7133328104111516,0.11251319438323251,0.6700976108152672
5.0,53.0,True,0.21857281907022333,0.18883850960293322,0.6713486818224002,0.9865195071246722,-4.563927429881697
5.0,54.0,True,0.2775686085003851,0.19264813156068664,0.8149497133936942,1.39791289669526,-3.3365166248097813
5.0,55.0,True,0.35236357040304883,0.2537321469083078,1.0246182300222877,1.0915167233777239,-0.4372955418710375
5.0,56.0,True,0.2812303010255691,0.14285925760839704,0.4587975490830673,-0.8749753591821363,-2.413324310696576
5.0,57.0,True,0.2884721295267185,0.12720258581789032,0.4829349264907355,-0.48911107986089986,-2.7418294377465595
5.0,58.0,True,0.4468073078934479,0.19520865469547358,0.9091698507201316,0.31921345280961655,2.1321203646418296
5.0,59.0,True,0.4129869093281888,0.1424875644911722,0.6339442322576927,-0.6316027628401872,1.400912943823329
5.0,60.0,True,0.3820679619802304,0.14264054738243642,0.6146493680653136,-0.042255960155502516,0.45678492503555496
5.0,61.0,True,0.425374145469172,0.26969034658086555,1.046553598707929,0.38226208987940263,1.301283557194231
5.0,62.0,True,0.3842102466117024,0.1552953961542718,0.7371546032575343,0.2868614405605353,0.4431242365974866
5.0,63.0,True,0.43201132409491744,0.21259572515779726,0.9549770694012376,0.6611428438578679,2.5100073638963467
5.0,64.0,True,0.545551788651919,0.13283088068233284,0.8450078651975385,0.3362727259778389,5.555003584425449
5.0,65.0,True,0.6033767848252833,0.2416376015587207,1.0621909117784,0.22743933574262892,7.9979804417497045
5.0,66.0,True,0.6213937870354,0.14406584925194674,0.8696792619272182,-0.455551037388564,8.014979706347404
5.0,67.0,True,0.4200108631371085,0.29031775397453785,1.0754256677763154,0.9080473794171405,0.8677331605944596
5.0,68.0,True,0.42722962694384814,0.26524173784644184,1.3023171245769618,0.899478258989469,1.1169472681439778
5.0,69.0,True,0.0802769604601681,0.06456951485971017,0.2437672341088474,0.9171712729900068,-9.173133565869469
5.0,70.0,False,,,,,
5.0,71.0,False,,,,,
5.0,72.0,False,,,,,
5.0,73.0,False,,,,,
5.0,74.0,False,,,,,
5.0,75.0,False,,,,,
5.0,76.0,False,,,,,
5.0,77.0,False,,,,,
5.0,78.0,False,,,,,
5.0,79.0,False,,,,,
5.0,80.0,False,,,,,
5.0,81.0,False,,,,,
5.0,82.0,False,,,,,
5.0,83.0,False,,,,,
5.0,84.0,False,,,,,
5.0,85.0,False,,,,,
5.0,86.0,False,,,,,
5.0,87.0,False,,,,,
5.0,88.0,False,,,,,
5.0,89.0,False,,,,,
5.0,90.0,False,,,,,
5.0,91.0,False,,,,,
5.0,92.0,False,,,,,
5.0,93.0,False,,,,,
5.0,94.0,False,,,,,
5.0,95.0,False,,,,,
5.0,96.0,False,,,,,
5.0,97.0,False,,,,,
5.0,98.0,False,,,,,
5.0,99.0,False,,,,,
5.0,100.0,False,,,,,
6.0,1.0,False,,,,,
6.0,2.0,False,,,,,
6.0,3.0,False,,,,,
6.0,4.0,False,,,,,
6.0,5.0,False,,,,,
6.0,6.0,False,,,,,
6.0,7.0,False,,,,,
6.0,8.0,False,,,,,
6.0,9.0,False,,,,,
6.0,10.0,False,,,,,
6.0,11.0,False,,,,,
6.0,12.0,False,,,,,
6.0,13.0,False,,,,,
6.0,14.0,False,,,,,
6.0,15.0,False,,,,,
6.0,16.0,False,,,,,
6.0,17.0,False,,,,,
6.0,18.0,False,,,,,
6.0,19.0,False,,,,,
6.0,20.0,False,,,,,
6.0,21.0,False,,,,,
6.0,22.0,False,,,,,
6.0,23.0,False,,,,,
6.0,24.0,False,,,,,
6.0,25.0,False,,,,,
6.0,26.0,False,,,,,
6.0,27.0,False,,,,,
6.0,28.0,False,,,,,
6.0,29.0,False,,,,,
6.0,30.0,True,0.035092735933631325,0.03972674815744132,0.1338374399676358,1.11138401178608,-10.476210783459528
6.0,31.0,True,0.31376632101484025,0.16629058425215704,0.7542299599372154,0.758584029063907,-1.4061338475187957
6.0,32.0,True,0.4396782719079227,0.22709960228032144,0.9643138531744868,0.7892076304121165,2.101622078261043
6.0,33.0,True,0.376747799259695,0.2343779212180303,0.8995168958097978,0.1449496343134269,-0.12442594122018319
6.0,34.0,True,0.3710222183234604,0.14710223575212242,0.7020762714240595,-0.13612630984152768,0.1604484060454261
6.0,35.0,True,0.44894005517655694,0.2879794039876036,1.5,2.038384622804266,1.9772768384682202
6.0,36.0,True,0.32606383429330743,0.2482601058842704,1.386649322773623,2.1276669689697414,-1.943287765037649
6.0,37.0,True,0.5680258568999306,0.24418800486332592,1.0540161099678813,0.23286399367837257,6.3410486172573135
6.0,38.0,True,0.36605612420215616,0.14550567402907355,0.778679257068689,0.8518925664552007,-0.490245934713017
6.0,39.0,True,0.40184359717327456,0.16365378947495252,0.7587798581594957,0.789576519440331,0.7856467521208079
6.0,40.0,True,0.2446327566196574,0.10839802223479132,0.4238770903696826,-0.15222258174703318,-4.152460494229743
6.0,41.0,True,0.31791155430963114,0.13511022711532955,0.6362294343315529,0.7187976627019583,-1.791614243000206
6.0,42.0,True,0.5609202386651422,0.18397234493558914,0.9183182118127554,-0.271317731677227,5.859781954360646
6.0,43.0,True,0.4856416540669515,0.24150963641016254,1.0636707553154026,0.2775415480572008,3.327635104909432
6.0,44.0,True,0.3877256897635354,0.1124745499706907,0.6321857485665956,0.7256801880713607,0.5537862990255252
6.0,45.0,True,0.43414286544287006,0.1417064244651374,0.7045722309838447,-0.016638589326650067,2.0037277758786622
6.0,46.0,True,0.47416439051818815,0.20905338819512026,0.802258972028994,-0.6757685116700415,3.871069338251771
6.0,47.0,True,0.49412875536566786,0.16845173222468007,0.9172318596196256,0.30330555432757694,3.9198016187869915
6.0,48.0,True,0.4971097423764334,0.1585411958344062,0.8566624128214387,0.5906777842444739,3.8453543181189307
6.0,49.0,True,0.3923608334359784,0.16261909044981726,0.7975775057338593,0.612074798510798,1.134292608193881
6.0,50.0,True,0.39690500012714014,0.16158450035316851,0.7818892721549789,0.41732857741922735,1.1069846235968481
6.0,51.0,True,0.33495281182053016,0.16944155413135825,0.5893223389893045,-0.05858360068784149,-0.7844318487438153
6.0,52.0,True,0.37842702383410376,0.13977840528171415,0.6514264088621124,0.09237468499998937,0.26690260916746283
6.0,53.0,True,0.3839840145316063,0.1495693059969616,0.6422148803420726,-0.3230441176328944,0.9067721675606992
6.0,54.0,True,0.43530719368541154,0.18074969231123356,0.8380982950615803,0.641054219599538,2.1615294212604064
6.0,55.0,True,0.3581905642148234,0.15255664872262537,0.6498653679513919,0.44844316422818953,-0.555268898474042
6.0,56.0,True,0.33936823355002255,0.18500777362383855,0.7446198920559152,0.9673006745746038,-0.5903994127928953
6.0,57.0,True,0.43388756269133616,0.20154904289399989,0.8971055513433022,0.7679418061755761,2.3017549903255854
6.0,58.0,True,0.3007197897574994,0.1453475908160222,0.5507313450696805,-0.07795646625044775,-1.8518697770161217
6.0,59.0,True,0.5195187597172641,0.17869463959994664,0.853683872430874,0.1716160348063377,4.597380220708983
6.0,60.0,True,0.3901650796691551,0.1847225837970268,0.665996163300133,-0.1252529659046021,0.9153243909951175
6.0,61.0,True,0.45877433898669356,0.25921219581201355,1.0692602553403074,0.8573940827840352,2.895050546815768
6.0,62.0,True,0.5566549292378573,0.1744317492532981,0.8734668721596457,-0.25699697150558803,6.05654812253392
6.0,63.0,True,0.5122222750616379,0.17260123811664876,0.8570168554097335,-0.1570615232811269,4.631892758412586
6.0,64.0,True,0.4469772915518123,0.18998112976346881,0.8430285430378008,-0.037384099463181934,2.6500325223471957
6.0,65.0,True,0.5875752181305762,0.22408402172823416,1.139893731009917,0.7206425869125048,6.942116910250211
6.0,66.0,True,0.5261538759916213,0.2116868156259846,0.964534167351793,0.3519396378966444,5.285696380640421
6.0,67.0,True,0.5800219164906966,0.20309932140624545,1.039458071612407,0.11485043553815416,6.688289911987579
6.0,68.0,True,0.5354704701290491,0.16236377986073916,1.008887966110235,0.45601993427665954,5.010912980334932
6.0,69.0,True,0.5096997779745644,0.28211024790522315,1.055788361967141,0.4750867110827147,5.045547087326076
6.0,70.0,True,0.3785605565869226,0.1906937559380211,0.8886922998780764,0.803221075817743,0.7208935165823516
6.0,71.0,True,0.17577903663693695,0.14351278549918214,0.5478901993842757,1.0759890485561234,-5.930811080088799
6.0,72.0,False,,,,,
6.0,73.0,False,,,,,
6.0,74.0,False,,,,,
6.0,75.0,False,,,,,
6.0,76.0,False,,,,,
6.0,77.0,False,,,,,
6.0,78.0,False,,,,,
6.0,79.0,False,,,,,
6.0,80.0,False,,,,,
6.0,81.0,False,,,,,
6.0,82.0,False,,,,,
6.0,83.0,False,,,,,
6.0,84.0,False,,,,,
6.0,85.0,False,,,,,
6.0,86.0,False,,,,,
6.0,87.0,False,,,,,
6.0,88.0,False,,,,,
6.0,89.0,False,,,,,
6.0,90.0,False,,,,,
6.0,91.0,False,,,,,
6.0,92.0,False,,,,,
6.0,93.0,False,,,,,
6.0,94.0,False,,,,,
6.0,95.0,False,,,,,
6.0,96.0,False,,,,,
6.0,97.0,False,,,,,
6.0,98.0,False,,,,,
6.0,99.0,False,,,,,
6.0,100.0,False,,,,,
7.0,1.0,False,,,,,
7.0,2.0,False,,,,,
7.0,3.0,False,,,,,
7.0,4.0,False,,,,,
7.0,5.0,False,,,,,
7.0,6.0,False,,,,,
7.0,7.0,False,,,,,
7.0,8.0,False,,,,,
7.0,9.0,False,,,,,
7.0,10.0,False,,,,,
7.0,11.0,False,,,,,
7.0,12.0,False,,,,,
7.0,13.0,False,,,,,
7.0,14.0,False,,,,,
7.0,15.0,False,,,,,
7.0,16.0,False,,,,,
7.0,17.0,False,,,,,
7.0,18.0,False,,,,,
7.0,19.0,False,,,,,
7.0,20.0,False,,,,,
7.0,21.0,False,,,,,
7.0,22.0,False,,,,,
7.0,23.0,False,,,,,
7.0,24.0,False,,,,,
7.0,25.0,False,,,,,
7.0,26.0,False,,,,,
7.0,27.0,False,,,,,
7.0,28.0,True,0.03183034528679762,0.03803724852690448,0.1344506382802869,1.500389540558026,-10.567030885780506
7.0,29.0,True,0.3298191574516079,0.15612432754904804,0.5593237688967055,-0.3483369439500138,-1.3733438489403251
7.0,30.0,True,0.511134636692159,0.2192664051980546,0.913570967418032,-0.5666658739918669,5.1542071570522
7.0,31.0,True,0.6384095537886589,0.2749667196722112,1.123001654787037,0.08656600232085232,8.204780191196113
7.0,32.0,True,0.5461620352073484,0.21308135452353114,0.9767532638871336,-0.015474697710476427,5.637925686977555
7.0,33.0,True,0.35887455401135804,0.1606278739771997,0.9002554024791758,1.379087340459767,-0.5537718100842208
7.0,34.0,True,0.3723814295853288,0.12350355184861082,0.560497348936638,-0.7710647817253479,0.5082793465013353
7.0,35.0,True,0.4747846399196833,0.24538118516419652,0.8694273836485337,-0.1320519368598229,3.977457518925759
7.0,36.0,True,0.37638796210323877,0.1359732918320816,0.5996980499537578,-0.3356965547919884,0.40153658743708237
7.0,37.0,True,0.3472768151418663,0.1353911523252236,0.7359125747793309,0.80117163033829,-0.9153371995166951
7.0,38.0,True,0.3006947771115054,0.12424415628339408,0.5047728269885299,-0.46128514584802166,-1.8966975605993932
7.0,39.0,True,0.41437440097847683,0.20745427296079613,0.8269423327645495,0.3573349180758123,0.9871933958999022
7.0,40.0,True,0.34559068361655754,0.12806439404495354,0.5540985019554805,-0.026966441905037837,-0.7563566626708305
7.0,41.0,True,0.3667208147348604,0.2507086099475996,0.8903090404360579,0.2682474593151136,0.35648296182239697
7.0,42.0,True,0.5409340891881479,0.1791496720907163,1.1773346499123278,1.2528319166522384,5.114655140497948
7.0,43.0,True,0.32844972635479514,0.19803570669624418,0.8087170841763244,1.0795792206967305,-1.0962812256983518
7.0,44.0,True,0.3596537203377092,0.1607134787622991,0.6834340526976006,0.26691557901976654,-0.37179006552135924
7.0,45.0,True,0.3321886263902911,0.14114244785149693,0.7118759371821206,0.7470167074032125,-1.5795076106329655
7.0,46.0,True,0.5187144815257003,0.1864161992410519,0.7797111172576737,-0.4903647490977965,4.90941456015704
7.0,47.0,True,0.38701003213201446,0.14852742932513202,0.8276181495040662,0.19771216158805813,0.09748966169534512
7.0,48.0,True,0.4972673428966543,0.20094242167963733,0.8895183434034626,0.10428620305150178,4.3753140684291045
7.0,49.0,True,0.5408372106461669,0.17396535522525017,0.8784154874508537,0.05499246147388414,5.172572341760491
7.0,50.0,True,0.3254013680787216,0.1807347577658861,0.76756179372416,-0.11196250730139289,-1.6970777327287152
7.0,51.0,True,0.4454060424545931,0.19756459648058933,0.8312185219433984,0.214432180276843,2.12380574061691
7.0,52.0,True,0.40818192370587003,0.17485444272129616,0.8190356178082691,0.8022435053120941,1.3414965860801307
7.0,53.0,True,0.44560077881415316,0.199932451390089,0.8026219507348124,-0.31631718750694915,2.821830720014609
7.0,54.0,True,0.38602981631291794,0.2214410562552301,0.8249054339745412,0.2751324150628229,0.8729951554012546
7.0,55.0,True,0.49983063821963636,0.20227129776644082,0.8992719563580266,0.123855302997643,4.35636892125894
7.0,56.0,True,0.5747974034999598,0.26800242978605493,1.069149718098379,0.2526204771544059,7.033111369878345
7.0,57.0,True,0.444167421330448,0.10242846180589248,0.6557840180585296,0.47104247811073763,2.452825619818366
7.0,58.0,True,0.381730838883472,0.1990879536963083,0.7884955083407915,0.37936482107257535,0.7787793830668058
7.0,59.0,True,0.4378566827453108,0.2344546838240143,0.9971812494146612,0.7729872506719235,2.1711728157522767
7.0,60.0,True,0.6632147350057227,0.19701345561914574,1.1598322688262848,0.3940155502730959,9.18056003093139
7.0,61.0,True,0.30914805492180447,0.1140308039989406,0.5137132712765137,-0.09571696859080396,-1.6806164597501319
7.0,62.0,True,0.5112146229190838,0.20365633900227278,1.3239058499644656,1.9057315174345622,4.079664322177996
7.0,63.0,True,0.4628989638704915,0.19807713145027994,0.8039957515424427,-0.012992886376373781,2.8434113686515907
7.0,64.0,True,0.3778466014746093,0.22953995854110923,0.9345540866975312,0.7225832015939156,0.03244821758272433
7.0,65.0,True,0.5357023856145386,0.16463695525826702,0.9237814136562416,-0.24081179516017884,5.4293377202397535
7.0,66.0,True,0.5332638362105623,0.14774631100725008,0.8831700933569098,-0.07673875771096347,4.807717335072794
7.0,67.0,True,0.4519179044832913,0.12624989272825313,0.6579663703753678,0.004008680315771246,2.7845452864717046
7.0,68.0,True,0.4832821162558199,0.15584428088538288,1.0852107601322447,1.5743711518774226,3.433085983952008
7.0,69.0,True,0.49247038434907936,0.11898060474021861,0.7030783578341455,0.06972103295253605,3.614095138467691
7.0,70.0,True,0.46477444243418503,0.29106403834899647,1.2397045714355477,1.2462223116484568,2.9109637104493347
7.0,71.0,True,0.4659605256083196,0.14218376198779686,0.7222213594652815,-0.1012899409684817,3.2504329891349713
7.0,72.0,True,0.3018890937153837,0.11764981153728964,0.5612916816557937,0.33380779204005445,-2.2525060298583206
7.0,73.0,True,0.10134638465332053,0.07031754339792107,0.2232813567737895,0.11015565727587485,-8.336312393364048
7.0,74.0,False,,,,,
7.0,75.0,False,,,,,
7.0,76.0,False,,,,,
7.0,77.0,False,,,,,
7.0,78.0,False,,,,,
7.0,79.0,False,,,,,
7.0,80.0,False,,,,,
7.0,81.0,False,,,,,
7.0,82.0,False,,,,,
7.0,83.0,False,,,,,
7.0,84.0,False,,,,,
7.0,85.0,False,,,,,
7.0,86.0,False,,,,,
7.0,87.0,False,,,,,
7.0,88.0,False,,,,,
7.0,89.0,False,,,,,
7.0,90.0,False,,,,,
7.0,91.0,False,,,,,
7.0,92.0,False,,,,,
7.0,93.0,False,,,,,
7.0,94.0,False,,,,,
7.0,95.0,False,,,,,
7.0,96.0,False,,,,,
7.0,97.0,False,,,,,
7.0,98.0,False,,,,,
7.0,99.0,False,,,,,
7.0,100.0,False,,,,,
8.0,1.0,False,,,,,
8.0,2.0,False,,,,,
8.0,3.0,False,,,,,
8.0,4.0,False,,,,,
8.0,5.0,False,,,,,
8.0,6.0,False,,,,,
8.0,7.0,False,,,,,
8.0,8.0,False,,,,,
8.0,9.0,False,,,,,
8.0,10.0,False,,,,,
8.0,11.0,False,,,,,
8.0,12.0,False,,,,,
8.0,13.0,False,,,,,
8.0,14.0,False,,,,,
8.0,15.0,False,,,,,
8.0,16.0,False,,,,,
8.0,17.0,False,,,,,
8.0,18.0,False,,,,,
8.0,19.0,False,,,,,
8.0,20.0,False,,,,,
8.0,21.0,False,,,,,
8.0,22.0,False,,,,,
8.0,23.0,False,,,,,
8.0,24.0,False,,,,,
8.0,25.0,False,,,,,
8.0,26.0,True,0.02012953853405211,0.027165082742879387,0.0912674487936756,1.2032792447454952,-10.947539516769075
8.0,27.0,True,0.26506570670012763,0.1528658928751471,0.6432632841245641,0.7689924486874119,-3.0592001245747853
8.0,28.0,True,0.5354869074228046,0.22710870949029185,0.9238422618311558,0.3794128977654148,5.4150773044610565
8.0,29.0,True,0.5441480427619952,0.25288867539882787,1.0790671953767406,0.3050102015490374,5.671635882081025
8.0,30.0,True,0.5552955653128597,0.23731445817903551,1.030913741213164,-0.09697487118836516,5.572850166059127
8.0,31.0,True,0.575328509100833,0.1933037365955363,0.8650011872100825,-0.22504493049558816,6.903441371085838
8.0,32.0,True,0.38770730862028485,0.1303989128695335,0.6329839839891563,-0.002142938277348903,0.6662393608257744
8.0,33.0,True,0.39384426987022253,0.17500937416723905,0.7880542859923825,0.46627562377736936,0.85008172475698
8.0,34.0,True,0.43111104069019507,0.17392706451279663,0.7333932844895813,-0.22949521152042296,1.9985027291075657
8.0,35.0,True,0.4555239973016196,0.22267687396691266,0.8580195055205868,-0.0330302431898925,3.2059168972413428
8.0,36.0,True,0.5610510162722752,0.3037614518671979,1.1442767986103388,0.1311061279485378,5.71282567684151
8.0,37.0,True,0.41137238368185136,0.27547608068745244,0.9691409700764736,0.2071811765343885,1.4337536479708792
8.0,38.0,True,0.36102401782493243,0.23826777360049456,0.9932220921920744,0.5411695689975595,-0.3448723712470501
8.0,39.0,True,0.45452233992767027,0.1843731004484603,0.8365940497161078,0.3557427781377831,2.7501511123422855
8.0,40.0,True,0.32783438668550174,0.140487014282913,0.5402361978906022,-0.3024042261091486,-1.3032908269018453
8.0,41.0,True,0.375246780495936,0.16784178071090575,0.6937194892950914,0.034587177592545905,0.24651871792255997
8.0,42.0,True,0.37303730779785466,0.23244578844310537,0.7546771727390642,-0.2147054722332201,-0.03457467881783133
8.0,43.0,True,0.3069879183941145,0.1133565623642771,0.5737274486721646,0.6981836233267218,-2.1710349101202757
8.0,44.0,True,0.3651061504520594,0.11891074332863596,0.5728147170261082,-0.0506993612763891,0.13899011456328467
8.0,45.0,True,0.5273940448040754,0.20737761448126824,0.8773853626830528,-0.20314758837083094,5.232987977649242
8.0,46.0,True,0.5251222399450418,0.20172886365446657,0.953157120637475,0.47704264755074144,4.526580721537653
8.0,47.0,True,0.4354572845580376,0.14250893124632205,0.7241611055508508,-0.3537479753633956,2.177248530145648
8.0,48.0,True,0.45409822995801763,0.1338591448284742,0.7325953144088816,0.14732242023228978,2.2465043704414978
8.0,49.0,True,0.4099504294335326,0.1001908605713828,0.57742852841614,-0.27462085083971954,1.3163453826030542
8.0,50.0,True,0.37138298014024457,0.15157113203096767,0.6357114754738608,0.3960403621292376,0.24454221466296128
8.0,51.0,True,0.3650037192724899,0.15322349456469272,0.708289780500467,0.3219856484119034,-0.05884582042328067
8.0,52.0,True,0.3911162020955253,0.23107407097972285,0.8540563348175502,0.2707590610466542,0.872090865266496
8.0,53.0,True,0.5919226246153418,0.17262031321074695,0.918173171055605,-0.7006546731799344,7.214175410567778
8.0,54.0,True,0.5494525505794531,0.2416791116928829,1.12338936949871,0.586470531627974,6.034041297000642
8.0,55.0,True,0.35787665287268833,0.1532553508032129,0.6939250516734794,-0.35230332842012396,0.09364361784616029
8.0,56.0,True,0.4134489075346861,0.1752684198515926,0.781601598681092,0.3167502630316244,0.9486739953634046
8.0,57.0,True,0.35469085073508194,0.1553958315648323,0.6978155631709599,-0.10835765250431184,-0.42919074660608514
8.0,58.0,True,0.5110258647791313,0.18970913893120073,0.9485699822239548,0.0037661999468841228,4.700872846477174
8.0,59.0,True,0.4686086924709746,0.1952216752468882,0.8388240801340907,-0.2490163243816739,3.480862015627411
8.0,60.0,True,0.5639669131465388,0.2633429782592745,1.0206244281669818,0.1732552794953866,6.7331063323283535
8.0,61.0,True,0.5305167542685569,0.1979822845651381,0.7964580991651292,-0.6393317945413229,5.479928661710026
8.0,62.0,True,0.5577187768690139,0.19320765638804088,0.9621105009618434,0.06788145503831053,5.674640544307894
8.0,63.0,True,0.3660685499938505,0.18263051468728908,0.7271491377992553,-0.19626338696328993,-0.05985281530090686
8.0,64.0,True,0.3309019303838077,0.13643115337281983,0.5210423790953024,-0.6601043587614577,-1.2914199943091473
8.0,65.0,True,0.35466851401679494,0.18144543959152323,0.6484794299772056,-0.04806138838927324,-0.09767237935704956
8.0,66.0,True,0.42180858344995925,0.2320610327632414,0.9698165433646744,1.0251248125364125,2.0882121937125504
8.0,67.0,True,0.3039490005112837,0.17039699563564562,0.6421110323883688,0.3235352755194772,-1.9696159634388124
8.0,68.0,True,0.3903028951848264,0.1691865493580997,0.763149890914031,-0.2982176103327059,0.9123895474530005
8.0,69.0,True,0.27456134456968656,0.12827315551959814,0.5092588668221499,0.3009283319184619,-3.128518141754327
8.0,70.0,True,0.4180331609541246,0.17859958925781932,0.8961489465006661,0.791101284809227,1.5193694779041877
8.0,71.0,True,0.43299907306420454,0.2194581990354229,1.0055426884742786,0.8207350214250052,2.1143174560971483
8.0,72.0,True,0.39677085292888004,0.172627071188127,0.696761077035247,-0.1764835910084165,0.9870888921677202
8.0,73.0,True,0.28709186471902376,0.15743249492521874,0.6195136183174824,0.6282123847879177,-2.4071157371267766
8.0,74.0,True,0.2310046912919557,0.11160033018881234,0.397408446094042,-0.7418525810052412,-4.184792666480677
8.0,75.0,True,0.10706977074447095,0.08420794003249298,0.3872253403036231,0.9646308788558414,-8.494849631915741
8.0,76.0,False,,,,,
8.0,77.0,False,,,,,
8.0,78.0,False,,,,,
8.0,79.0,False,,,,,
8.0,80.0,False,,,,,
8.0,81.0,False,,,,,
8.0,82.0,False,,,,,
8.0,83.0,False,,,,,
8.0,84.0,False,,,,,
8.0,85.0,False,,,,,
8.0,86.0,False,,,,,
8.0,87.0,False,,,,,
8.0,88.0,False,,,,,
8.0,89.0,False,,,,,
8.0,90.0,False,,,,,
8.0,91.0,False,,,,,
8.0,92.0,False,,,,,
8.0,93.0,False,,,,,
8.0,94.0,False,,,,,
8.0,95.0,False,,,,,
8.0,96.0,False,,,,,
8.0,97.0,False,,,,,
8.0,98.0,False,,,,,
8.0,99.0,False,,,,,
8.0,100.0,False,,,,,
9.0,1.0,False,,,,,
9.0,2.0,False,,,,,
9.0,3.0,False,,,,,
9.0,4.0,False,,,,,
9.0,5.0,False,,,,,
9.0,6.0,False,,,,,
9.0,7.0,False,,,,,
9.0,8.0,False,,,,,
9.0,9.0,False,,,,,
9.0,10.0,False,,,,,
9.0,11.0,False,,,,,
9.0,12.0,False,,,,,
9.0,13.0,False,,,,,
9.0,14.0,False,,,,,
9.0,15.0,False,,,,,
9.0,16.0,False,,,,,
9.0,17.0,False,,,,,
9.0,18.0,False,,,,,
9.0,19.0,False,,,,,
9.0,20.0,False,,,,,
9.0,21.0,False,,,,,
9.0,22.0,False,,,,,
9.0,23.0,False,,,,,
9.0,24.0,False,,,,,
9.0,25.0,True,0.1294111418955297,0.06784935356092527,0.2670098992443896,0.026932089230215613,-7.460830325375302
9.0,26.0,True,0.43015794927736445,0.1854552086155364,0.7794522777853229,-0.06581442643015187,2.0636485786956547
9.0,27.0,True,0.45169844023905253,0.1880567016429809,0.8940589938985058,0.1844965916672582,2.25875342619927
9.0,28.0,True,0.6040401243136478,0.23894798791435207,1.230735780765328,0.7883689652771388,7.6212779803256625
9.0,29.0,True,0.5650004990029501,0.3827852684939513,1.4627940989275794,0.5628853771835485,5.892131444807093
9.0,30.0,True,0.6132355265483043,0.1975520379435334,1.0003738217316058,-0.3528388722927626,8.120917017602759
9.0,31.0,True,0.6254109990863351,0.2691892167292171,1.0733685086558962,-0.3355236462522165,8.71004347216434
9.0,32.0,True,0.5411489969579469,0.27553905036304877,1.5,0.8835522401450926,5.132996321270579
9.0,33.0,True,0.5742726253325766,0.2797487579401822,1.311997944149871,0.7530629855183014,6.653725915894753
9.0,34.0,True,0.5156306980450458,0.29400766600044204,1.2494187900129232,0.48854251098605206,4.300075331150555
9.0,35.0,True,0.5061625363511765,0.16622997709547496,0.7902323861812369,-0.19006085134014591,4.610025846882777
9.0,36.0,True,0.4067558688736286,0.15415017676752063,0.7118240674861164,-0.31080402638930904,1.5866020389270576
9.0,37.0,True,0.3375237799399308,0.24919925361291403,0.8779584733396,0.4087266175813697,-0.4084296236287567
9.0,38.0,True,0.4051152717283898,0.151242944195674,0.6923805084759359,-0.10765906685543136,1.358066372900561
9.0,39.0,True,0.4152840920509822,0.2331580356739417,0.8100533456518059,0.08416377651608016,1.4719186391861014
9.0,40.0,True,0.5523721666991425,0.1720988116554477,0.9455692197266808,0.6129162300316547,5.9730006266911655
9.0,41.0,True,0.4815911855220519,0.21150639845095204,0.9298227438456076,0.26832527024378033,3.4911311460556798
9.0,42.0,True,0.3149374674331016,0.1415752883271481,0.5782851610374831,0.18828933321795113,-1.9227925554338556
9.0,43.0,True,0.40591890079730397,0.1386569119326593,0.5797205306625116,-0.692591328282106,1.3312691610181768
9.0,44.0,True,0.4452996627786915,0.25871188418624497,0.9484702486620014,0.5273744156909865,2.7069797029582103
9.0,45.0,True,0.6044382310826887,0.1793698368057638,1.0418353910980676,0.46386421943825085,7.189644042918235
9.0,46.0,True,0.38419833062055603,0.14774166311533155,0.9812065746120914,1.3930689324481054,-0.0033691736597986637
9.0,47.0,True,0.4606314712836593,0.260937332077331,1.2720321958000478,0.7686812534014248,2.1429592236941923
9.0,48.0,True,0.5750363613094083,0.27915679484241346,1.0864008472022724,-0.19493503921620842,6.721048828084085
9.0,49.0,True,0.31293577031598596,0.13969321174091154,0.5821005655342155,-0.3259283426895679,-1.9981017002179338
9.0,50.0,True,0.4706192441028022,0.19928473888344816,1.0755509086589108,0.18523465285724808,2.8836000564177535
9.0,51.0,True,0.37186628837332897,0.20418252196802766,0.8033925174490407,0.2932624146219408,0.14278967266413267
9.0,52.0,True,0.3795980671760595,0.11732553317482658,0.6589142152098356,1.0191581479441825,0.13916294861553108
9.0,53.0,True,0.42615811503381307,0.23139003131220173,0.9423544225827488,0.5791726212901618,1.9425559591822097
9.0,54.0,True,0.4260072495154743,0.19295516828455841,0.7285541747409249,-0.3281032890195626,2.1184051300658697
9.0,55.0,True,0.34230494026787917,0.18401130659444304,0.9978184748205128,0.850921476348444,-1.1801394785997132
9.0,56.0,True,0.34938152559623264,0.17435434527998686,1.0186580627548747,1.8026105108993422,-0.992794388574908
9.0,57.0,True,0.49349854449798536,0.27158773571198913,0.9424448479337312,-0.006006841431019121,4.478673199291723
9.0,58.0,True,0.5465088631796031,0.2590608116103506,1.0653048512619856,0.3887014229147191,5.849957921119805
9.0,59.0,True,0.5966946821414704,0.3101457793278651,1.0989362553499034,-0.2691494056743215,7.630814653913231
9.0,60.0,True,0.6819848580600893,0.3355233754153616,1.2338117109285138,0.046854968486970995,10.431883773151023
9.0,61.0,True,0.5094135720280611,0.2955231514838562,1.1411003701942048,0.3022055044615087,5.0174228865215165
9.0,62.0,True,0.4496892702327242,0.18809208476977576,0.8284926277965282,0.46801185616549507,2.7969485813935058
9.0,63.0,True,0.4280288902901219,0.22286144941611727,0.7811044734044833,-0.20400444925223302,2.103803796969197
9.0,64.0,True,0.4073735828072619,0.22572092498413404,0.9102780033420772,0.27834571194082264,1.3433101834092205
9.0,65.0,True,0.279763956153723,0.14123133713678612,0.6677938172473483,0.7127597536922405,-3.236693597997631
9.0,66.0,True,0.4010826470774031,0.13790072729470507,0.6419744242562824,-0.5871841883383759,0.8263573624940456
9.0,67.0,True,0.3381907425457627,0.17824968423308474,0.9443396191943884,1.0378087935977902,-1.1762803671555184
9.0,68.0,True,0.3286055005760616,0.1383790486700535,0.5260490108747345,-0.5564517658733577,-1.2789287349571454
9.0,69.0,True,0.3538742265488902,0.14943360506304326,0.7012919802126637,0.32535877646105277,-0.18873642311153876
9.0,70.0,True,0.31438920317708235,0.1598174307874199,0.6231627181364442,0.042602779392030624,-1.5361249445905354
9.0,71.0,True,0.40989884318639375,0.17788488587409296,0.6837720733775103,-0.04285995447149262,0.9021562731455708
9.0,72.0,True,0.3265203995185986,0.11539505470747774,0.6236732428499028,1.0938010723882394,-1.2596840336028012
9.0,73.0,True,0.29880078330075227,0.10493453319670647,0.4883949792476472,-0.5518385899222356,-2.1601184961361075
9.0,74.0,True,0.2846877104458478,0.10938399365233972,0.5315505101579089,0.6864392446372127,-2.6089525543467946
9.0,75.0,True,0.32824592279821124,0.15142805174264518,0.6331394191081146,0.028942779062302193,-1.3807321996221154
9.0,76.0,True,0.44668524146109306,0.22576863173354034,0.9081868864071924,0.812633432038347,2.062742810686947
9.0,77.0,True,0.12411450458223107,0.08472112489621945,0.3010783073197091,0.3452644499712494,-7.700677100512675
9.0,78.0,False,,,,,
9.0,79.0,False,,,,,
9.0,80.0,False,,,,,
9.0,81.0,False,,,,,
9.0,82.0,False,,,,,
9.0,83.0,False,,,,,
9.0,84.0,False,,,,,
9.0,85.0,False,,,,,
9.0,86.0,False,,,,,
9.0,87.0,False,,,,,
9.0,88.0,False,,,,,
9.0,89.0,False,,,,,
9.0,90.0,False,,,,,
9.0,91.0,False,,,,,
9.0,92.0,False,,,,,
9.0,93.0,False,,,,,
9.0,94.0,False,,,,,
9.0,95.0,False,,,,,
9.0,96.0,False,,,,,
9.0,97.0,False,,,,,
9.0,98.0,False,,,,,
9.0,99.0,False,,,,,
9.0,100.0,False,,,,,
10.0,1.0,False,,,,,
10.0,2.0,False,,,,,
10.0,3.0,False,,,,,
10.0,4.0,False,,,,,
10.0,5.0,False,,,,,
10.0,6.0,False,,,,,
10.0,7.0,False,,,,,
10.0,8.0,False,,,,,
10.0,9.0,False,,,,,
10.0,10.0,False,,,,,
10.0,11.0,False,,,,,
10.0,12.0,False,,,,,
10.0,13.0,False,,,,,
10.0,14.0,False,,,,,
10.0,15.0,False,,,,,
10.0,16.0,False,,,,,
10.0,17.0,False,,,,,
10.0,18.0,False,,,,,
10.0,19.0,False,,,,,
10.0,20.0,False,,,,,
10.0,21.0,False,,,,,
10.0,22.0,False,,,,,
10.0,23.0,True,0.042913626879646845,0.05756319539484216,0.204971725907855,1.5278823471682235,-10.21051138688475
10.0,24.0,True,0.2367538988065375,0.21057756941284345,0.6979071580819184,1.0639714316387485,-4.430853138558969
10.0,25.0,True,0.5007569477012297,0.16494218345057224,0.8955788725223508,0.4754420181246945,3.811132174159791
10.0,26.0,True,0.5422524458158419,0.13879923999902546,0.8104499879559878,-0.03069061167501762,5.34249919211686
10.0,27.0,True,0.5768190513025132,0.24951380742060889,1.2828305558279545,0.5391514374212757,6.159677276675887
10.0,28.0,True,0.5014995149583634,0.12073408044187552,0.7019148986165243,-0.045682449772754215,3.819312219781512
10.0,29.0,True,0.44685899138911583,0.20921815958799045,0.941324142673962,0.46607451940588546,2.4702102841262477
10.0,30.0,True,0.4616058352163067,0.14596258795368888,0.746181719915561,-0.20505233002346313,3.03996236171951
10.0,31.0,True,0.49312141193119013,0.23342985126777038,1.088304571280803,1.0718499162650121,4.244138221593555
10.0,32.0,True,0.5023304348317338,0.13632842307778373,0.7154412085670581,-1.9736235733415632,4.441678022842103
10.0,33.0,True,0.7758564512072538,0.2766711102688277,1.3474248385526504,-0.12267187279313788,13.341141479643396
10.0,34.0,True,0.5415686129189722,0.3055583005665774,1.032127794058705,-0.41414857227324176,5.963303783276799
10.0,35.0,True,0.4872599728237807,0.2428099591812235,1.1970989238770338,0.47495426902631993,3.458308022171823
10.0,36.0,True,0.45089590921436346,0.2516242991019932,0.9737897339086644,0.48253177354252685,2.5865620555004925
10.0,37.0,True,0.5068954809847281,0.24342031865255206,0.9539116427110176,0.3777971759252348,4.185076686141898
10.0,38.0,True,0.36967234543196764,0.16709539299534917,0.698186677779747,-0.12739846150903494,0.005937646757676842
10.0,39.0,True,0.36379405904040196,0.20362026652177548,0.9666744183606192,0.3842134472170893,-0.21196272088037407
10.0,40.0,True,0.30334972282944045,0.1563896279970363,0.5689865299652882,-0.05261442111123589,-1.7405188191237
10.0,41.0,True,0.406838390919178,0.16824332188038724,0.8471099107280529,-0.027476579006695787,1.300427969716808
10.0,42.0,True,0.3151869437966591,0.16809762662103866,0.6887119944095107,0.6959624862189501,-1.7038694597222905
10.0,43.0,True,0.4269944131838515,0.1958621138976331,0.8676681258706133,0.08713874862695914,1.61965920203418
10.0,44.0,True,0.435718577568545,0.16071368855942741,0.9929742819657226,0.9422936224978035,1.8639847422706208
10.0,45.0,True,0.4849607606279459,0.19392146886053008,0.7737704774199995,-0.43942925898758367,3.813880021229678
10.0,46.0,True,0.5810476546824784,0.35196159780580544,1.2900010536404996,0.5626389320894073,7.286409700754077
10.0,47.0,True,0.46398573302695156,0.1602268464178897,0.8935770820278341,0.2814980649581835,2.6500345626348056
10.0,48.0,True,0.2647128203214136,0.18689671289691212,0.9216126459056596,1.1614096094060578,-3.5932403637989916
10.0,49.0,True,0.3132114288170927,0.14424168008972255,0.6309160410087936,0.35147163051505137,-1.91004077230514
10.0,50.0,True,0.32003564245379224,0.15702108089066866,0.6655447303564244,0.6133961648332059,-1.4144862597307688
10.0,51.0,True,0.33422394281327567,0.18193775038020255,0.8523012138886487,1.367865994991551,-0.9377520915409504
10.0,52.0,True,0.24571921772802857,0.09244594116733187,0.4851800620032593,0.9443263921257917,-3.9217714355510562
10.0,53.0,True,0.3538895729012229,0.16408056433902712,0.72829639805912,0.8650764957757786,-0.3331047854442028
10.0,54.0,True,0.3085938575737231,0.15904777791048094,0.6298683712867905,0.11748933429613306,-1.7418310094488567
10.0,55.0,True,0.278246211857545,0.1244914342842825,0.4687877616852456,-0.45154842339615464,-2.6903630167597967
10.0,56.0,True,0.36173548748687734,0.17631281223812795,0.6130321903037343,-0.6268241716327567,-0.08375400301472341
10.0,57.0,True,0.24667463166691453,0.17602026372354188,0.9045677590383095,1.5713024382313256,-4.370374052565741
10.0,58.0,True,0.457191526171913,0.20862753600679154,1.0057637828761594,0.7636370798101328,2.9725908021432246
10.0,59.0,True,0.5017475548333592,0.255572164805741,1.0654121157768195,0.23397129508328562,4.489424527014488
10.0,60.0,True,0.2994080189725193,0.1827475085672797,0.5793687599601768,-0.21841711819993162,-1.8931709540363018
10.0,61.0,True,0.4439848774078156,0.2261600872550306,1.0329533339445718,0.8897525925128104,2.509174566660892
10.0,62.0,True,0.4660475822191761,0.15598265915334078,0.8354861450550755,-0.1326102112554616,2.8011117690687577
10.0,63.0,True,0.3596260692754082,0.20997472392769867,0.8319696181274756,0.6206719819402174,0.0517400659948304
10.0,64.0,True,0.27101212535302843,0.18739430875587465,0.7289519448476751,0.6091879446196385,-3.2440881908424917
10.0,65.0,True,0.3276304132833341,0.103885225274995,0.5171214109104898,-0.12226927688043161,-1.520986716576166
10.0,66.0,True,0.3053358062987471,0.1301198590470771,0.6284083402139056,-0.3079476232050653,-2.052107112608203
10.0,67.0,True,0.30838386142613317,0.135018477854042,0.5850726093697187,0.5413929711778408,-1.914578121176895
10.0,68.0,True,0.28595679692540665,0.12022681230799931,0.6240559979556564,0.0396386793586541,-2.5926820415316527
10.0,69.0,True,0.3817881684704916,0.16100280232026845,0.7070611504844659,0.16100096101910263,0.6788499406290169
10.0,70.0,True,0.38370056213011516,0.1514929580493651,0.8288582349822834,0.4248342271124805,0.40444838831729113
10.0,71.0,True,0.37701682385588936,0.09261621187485135,0.5744376509068015,0.8554877043992218,0.2390608658378538
10.0,72.0,True,0.29061934996363314,0.12456418343592147,0.5203820100742023,0.34199507073413155,-2.7074599619030035
10.0,73.0,True,0.34244945940267313,0.15203557412163415,0.6798229710556902,0.06681116916179118,-0.6642077340314223
10.0,74.0,True,0.3770589767702041,0.09625068327969075,0.5934331596969816,-0.03582820108325466,0.10798978123372371
10.0,75.0,True,0.27679489139731867,0.11202299246651877,0.5358190012641305,0.7850689254501277,-2.844431989625809
10.0,76.0,True,0.5738956815456645,0.17983519652409222,0.8672630802693896,-0.2965457152067932,6.484217206366634
10.0,77.0,True,0.4430658877309424,0.20271574349637705,1.112852694241239,0.7481875757644304,1.8001075437029286
10.0,78.0,True,0.3352121594304336,0.17429433047278864,0.824011897698266,0.5768056476201138,-1.4723639984837271
10.0,79.0,False,,,,,
10.0,80.0,False,,,,,
10.0,81.0,False,,,,,
10.0,82.0,False,,,,,
10.0,83.0,False,,,,,
10.0,84.0,False,,,,,
10.0,85.0,False,,,,,
10.0,86.0,False,,,,,
10.0,87.0,False,,,,,
10.0,88.0,False,,,,,
10.0,89.0,False,,,,,
10.0,90.0,False,,,,,
10.0,91.0,False,,,,,
10.0,92.0,False,,,,,
10.0,93.0,False,,,,,
10.0,94.0,False,,,,,
10.0,95.0,False,,,,,
10.0,96.0,False,,,,,
10.0,97.0,False,,,,,
10.0,98.0,False,,,,,
10.0,99.0,False,,,,,
10.0,100.0,False,,,,,
11.0,1.0,False,,,,,
11.0,2.0,False,,,,,
11.0,3.0,False,,,,,
11.0,4.0,False,,,,,
11.0,5.0,False,,,,,
11.0,6.0,False,,,,,
11.0,7.0,False,,,,,
11.0,8.0,False,,,,,
11.0,9.0,False,,,,,
11.0,10.0,False,,,,,
11.0,11.0,False,,,,,
11.0,12.0,False,,,,,
11.0,13.0,False,,,,,
11.0,14.0,False,,,,,
11.0,15.0,False,,,,,
11.0,16.0,False,,,,,
11.0,17.0,False,,,,,
11.0,18.0,False,,,,,
11.0,19.0,False,,,,,
11.0,20.0,False,,,,,
11.0,21.0,False,,,,,
11.0,22.0,True,0.10232458455267066,0.10619161148052159,0.3704934952082242,1.1661133986096666,-8.371604891669747
11.0,23.0,True,0.467017021441471,0.1764095214191534,0.9606949058632136,0.7032240291784898,2.701389083690999
11.0,24.0,True,0.6640685509908631,0.24560477014336385,1.1002332457945283,0.22334000430031076,8.953722514637462
11.0,25.0,True,0.6688578543629649,0.1887701913372168,1.3644196675271325,0.9562843072737096,9.115172170343579
11.0,26.0,True,0.6141581285839083,0.24416558326136675,1.1921938969110233,0.6988860155337783,8.167327581618428
11.0,27.0,True,0.4692955705221911,0.17520372420817493,0.9335609411733948,0.9840822456235834,3.0061164235479216
11.0,28.0,True,0.5818348059114128,0.20993768174147245,0.9042614187090614,-0.38708083933588666,7.260321663406496
11.0,29.0,True,0.3833697644741531,0.2001744953813525,0.7958387645718242,0.03643973180861488,0.19006856196985858
11.0,30.0,True,0.46271956820621146,0.2793236177134573,1.0597131522339975,0.5937224509366553,2.908521116805286
11.0,31.0,True,0.4908601161110972,0.09725317952349498,0.7030860756605259,0.16760859561899308,3.970879970124165
11.0,32.0,True,0.5944949801471079,0.369815283206552,1.3279312354277666,0.27658180897418405,8.02839567049
11.0,33.0,True,0.5986377271867285,0.26532987167837974,1.1064051775159949,-0.3644565583069602,7.6272892323627595
11.0,34.0,True,0.6368465569569676,0.3306781398509263,1.1096253916808652,-0.12645256896873291,9.126143300864626
11.0,35.0,True,0.5600981036965206,0.3384876073664198,1.3793571159697764,0.2049697043516543,5.437733782196408
11.0,36.0,True,0.5243232950120965,0.2691442668248506,0.9794860425275294,0.022535887061503272,4.933643009031936
11.0,37.0,True,0.3292473883185229,0.18724147057798968,0.7521710118818106,0.33034288369524434,-1.0046990905454156
11.0,38.0,True,0.325395078304359,0.13141598907537513,0.59653790221025,0.24100990524710536,-1.3732055368233702
11.0,39.0,True,0.3074425356889114,0.15208552980539522,0.5819301608231056,-0.16302531732415843,-2.290905496042644
11.0,40.0,True,0.31395578430192056,0.17144178714949435,0.7902390103084767,0.7932299807909059,-2.038102047634584
11.0,41.0,True,0.24524202780078153,0.13621823791526305,0.5889396812679724,0.788444228182895,-3.971398767591657
11.0,42.0,True,0.37651626051384973,0.18432869477134317,0.6859912670192642,-0.07939104507901083,-0.03352999065203505
11.0,43.0,True,0.4689273774939508,0.1675215962227402,0.7233903016716252,-0.4621945543094811,2.9164657572208332
11.0,44.0,True,0.3273338915749056,0.21002802350969654,0.8189586263978553,0.7032987961562305,-1.353831319147098
11.0,45.0,True,0.4889853260773409,0.18850159958888504,0.735287297785757,-0.5308338925307691,4.129698083484343
11.0,46.0,True,0.23221077069538376,0.11517166741575387,0.4861169304659195,0.26492896920205034,-4.167553409438454
11.0,47.0,True,0.2744908876148493,0.17581071212782484,0.6413610390075953,0.37400132657276614,-2.8314501777171923
11.0,48.0,True,0.3781147841838553,0.15208498066520865,0.7166923249942029,-0.23245865206268018,0.5121167365389057
11.0,49.0,True,0.3413871338459005,0.2131783913771742,0.8049977274322848,0.8927974402159569,-0.8922500373577906
11.0,50.0,True,0.34717269332880263,0.09698302229777332,0.5445834160914403,0.2607490702519418,-0.7602657164023656
11.0,51.0,True,0.5019401333458685,0.21228594306320733,0.9341428110757865,-0.23309335752671384,4.065046552408373
11.0,52.0,True,0.1913998678788337,0.14512597008744882,0.4980148274990421,0.1930349839425024,-5.585024525563239
11.0,53.0,True,0.31653291512593923,0.15923092841729475,0.6267876762265157,-0.06658270812035719,-1.5041627382114795
11.0,54.0,True,0.23753351981497736,0.14369069870072507,0.4906458613883052,0.3049808610250184,-4.3945248908090155
11.0,55.0,True,0.23917194502281738,0.12017414662204975,0.4744388432879171,-0.015267789527623107,-3.8581716585231476
11.0,56.0,True,0.20452036459663753,0.16778167850482534,0.5977719160557957,0.6318755631060535,-4.8943125676877495
11.0,57.0,True,0.2720093730972277,0.15887315805208221,0.5552291139854992,-0.0773433839705724,-2.9743337421517158
11.0,58.0,True,0.21513533628781656,0.12335556574493033,0.4008370426006513,-0.033515680882255074,-5.0044437622001245
11.0,59.0,True,0.3254089726861469,0.22484712652653538,1.0028725298748329,1.6284741066473045,-1.1715933626046549
11.0,60.0,True,0.35898563404468403,0.16579159720093734,0.6946115235374068,0.5929529815338112,-0.03648821002462073
11.0,61.0,True,0.32662013227333864,0.15114413677204364,0.6555607380236794,0.2771975443863262,-1.4926473125246855
11.0,62.0,True,0.331569075608168,0.20961199688034,0.7520014776153497,0.48917284391545174,-1.2759467339485635
11.0,63.0,True,0.343133582273606,0.14674460901930006,0.6258908177896639,-0.31249383237845646,-0.7094467765120379
11.0,64.0,True,0.3312725059533541,0.15130307632648554,0.687780941720587,0.6774082884842213,-0.8965594845609992
11.0,65.0,True,0.32607436994973105,0.1408358897757225,0.5421347911326078,-0.5227650219518667,-1.306211191489347
11.0,66.0,True,0.23761525130599873,0.09434224304522323,0.4140409579056018,-0.5262800367892512,-3.9236111529969966
11.0,67.0,True,0.24733996058069221,0.18381841572738242,0.7615528740068119,1.3473298303082513,-3.5461674147178535
11.0,68.0,True,0.30111111520274186,0.18074701331871823,0.5693626166296426,-0.10478004424392656,-1.7753211612776205
11.0,69.0,True,0.2909004654713466,0.11473485456862119,0.5069436079175494,0.18408291821754041,-2.276784193934201
11.0,70.0,True,0.3199210432847927,0.10432600945734938,0.5632928382398622,0.5325176536390498,-1.6256703085997641
11.0,71.0,True,0.24955735236453058,0.13715840329857362,0.6543270029658165,0.6106473750930427,-4.155765029054743
11.0,72.0,True,0.36942629936298105,0.16585198172373475,0.6278781246014179,-0.41894696449567076,0.19248697535055867
11.0,73.0,True,0.45148580347658346,0.16401260491754585,1.0106859987575074,1.1864365341270047,2.2055536641349005
11.0,74.0,True,0.28275705939747375,0.1638770724475364,0.5379368321611666,-0.013795615209070867,-2.4507009914072957
11.0,75.0,True,0.3891187063151507,0.19693046812122378,0.6916305140477065,-0.3012246324731431,0.5698957923444642
11.0,76.0,True,0.3575244215994163,0.2151026879227741,0.7630680268179791,0.3492028205554977,-0.3788088254427187
11.0,77.0,True,0.43733891677159425,0.16946762698943632,0.7771036576481132,0.1526454158318601,2.2236777901401164
11.0,78.0,True,0.3578959169245051,0.163892001957941,0.7447269056669981,0.7217549983651406,-0.3246694945691361
11.0,79.0,True,0.34550087492804027,0.19198396506310264,0.6704808417267148,-0.4376065513282745,-0.36042095883560055
11.0,80.0,True,0.07426166480732956,0.088225633295332,0.3983484005888946,1.5406545173460797,-9.446124111723117
11.0,81.0,False,,,,,
11.0,82.0,False,,,,,
11.0,83.0,False,,,,,
11.0,84.0,False,,,,,
11.0,85.0,False,,,,,
11.0,86.0,False,,,,,
11.0,87.0,False,,,,,
11.0,88.0,False,,,,,
11.0,89.0,False,,,,,
11.0,90.0,False,,,,,
11.0,91.0,False,,,,,
11.0,92.0,False,,,,,
11.0,93.0,False,,,,,
11.0,94.0,False,,,,,
11.0,95.0,False,,,,,
11.0,96.0,False,,,,,
11.0,97.0,False,,,,,
11.0,98.0,False,,,,,
11.0,99.0,False,,,,,
11.0,100.0,False,,,,,
12.0,1.0,False,,,,,
12.0,2.0,False,,,,,
12.0,3.0,False,,,,,
12.0,4.0,False,,,,,
12.0,5.0,False,,,,,
12.0,6.0,False,,,,,
12.0,7.0,False,,,,,
12.0,8.0,False,,,,,
12.0,9.0,False,,,,,
12.0,10.0,False,,,,,
12.0,11.0,False,,,,,
12.0,12.0,False,,,,,
12.0,13.0,False,,,,,
12.0,14.0,False,,,,,
12.0,15.0,False,,,,,
12.0,16.0,False,,,,,
12.0,17.0,False,,,,,
12.0,18.0,False,,,,,
12.0,19.0,False,,,,,
12.0,20.0,False,,,,,
12.0,21.0,True,0.1034137481901478,0.13363986992724877,0.6436684657653851,1.7553777382069522,-8.624555987042596
12.0,22.0,True,0.2782688094756361,0.17638439881150886,0.6479383672299187,0.38724854204842,-2.7489505479097867
12.0,23.0,True,0.3144528544375424,0.159568175314125,0.6042372593690698,-0.049356722821587026,-1.649722007773434
12.0,24.0,True,0.6166484574081696,0.16361144990413015,0.9934796780673834,0.5964029186384019,8.021017117538774
12.0,25.0,True,0.61173323072922,0.24761803331126356,0.9849577032228564,-0.6044179250572301,7.877289006582129
12.0,26.0,True,0.5837525414089348,0.24564847093813763,0.9959714395779448,0.1700986022908099,6.153013720377564
12.0,27.0,True,0.5159094480481221,0.2167245254179841,0.8935529079542305,-0.2938137999483625,4.502107179044995
12.0,28.0,True,0.4048313175802938,0.19483991901633113,0.7838616757997785,0.2585256113286148,0.8465749757075571
12.0,29.0,True,0.43981426996910417,0.1512142684163949,0.723323631902944,-0.30702866486633396,2.1585929249212406
12.0,30.0,True,0.5497973248265488,0.25117569211400753,1.2128379200930586,0.23023854819870998,5.610781533450255
12.0,31.0,True,0.6370677017000318,0.3111431646521183,1.1792710836085067,-0.047536521776026075,8.566531009987346
12.0,32.0,True,0.6458198204274367,0.24024715112827877,1.1870735633302552,0.043299585096092226,9.133743748500665
12.0,33.0,True,0.8242293466995744,0.373296042765787,1.2044583681746688,-1.0314655621440418,14.971561200541286
12.0,34.0,True,0.545379769995511,0.2838352135590299,1.0611104843574366,0.21458634961621642,5.8973381505508025
12.0,35.0,True,0.5695056234778783,0.24298048962964136,1.1087358691483262,0.1830414494634239,6.39831043112241
12.0,36.0,True,0.41786339576586795,0.16749848588307992,0.704680545138646,-0.2991103732792321,1.3356515460387466
12.0,37.0,True,0.3800245988954422,0.1583330981090656,0.6792055103840958,-0.08009270124423719,0.36715390555030425
12.0,38.0,True,0.31077572084281035,0.12267860647732828,0.5674490134049708,0.45162648117715554,-1.756826123985997
12.0,39.0,True,0.27878343342216355,0.13490699041657983,0.6016361353884622,0.4720659007689036,-2.7301776774898636
12.0,40.0,True,0.1965281310398215,0.10199272269560294,0.4299263035485061,0.19963188988273148,-5.275446684350938
12.0,41.0,True,0.3364526530860755,0.1581001202240956,0.7501117002742398,0.6879626217835604,-0.7373019873310771
12.0,42.0,True,0.3218259432422713,0.18937586173047025,0.6865928593171183,0.19174780089661522,-1.1593662985515305
12.0,43.0,True,0.3810281942483741,0.1613992568686663,0.6584861598426078,-0.25024088080937185,0.3854036081181176
12.0,44.0,True,0.28200603413744196,0.1591600627121117,0.628001842631565,0.6207967256119646,-2.8721522409406437
12.0,45.0,True,0.34577504288052313,0.1817680461981889,0.7053682126350518,0.3337278896404024,-0.38544272825350695
12.0,46.0,True,0.29685406515812984,0.14392710963181626,0.5700579598523908,-0.08030205544474293,-2.1306748993954994
12.0,47.0,True,0.3318878737429276,0.13686599198582758,0.5390583351970645,-0.49409671247435316,-1.1650973954629429
12.0,48.0,True,0.2257307834657549,0.13393900366094946,0.550916023991241,0.840156146488776,-4.678567412865708
12.0,49.0,True,0.21346107392049624,0.10452075143291661,0.4245483882608676,0.35872208466961414,-5.155563634202404
12.0,50.0,True,0.32302764154787367,0.09383806387588561,0.5063967693305128,-0.5797838044049793,-1.2818107879307272
12.0,51.0,True,0.36271134452853987,0.20045665455380385,1.1161001481244206,1.9782620894559548,-0.4778865060476604
12.0,52.0,True,0.2576911921095717,0.13698213477114307,0.5805621051025383,0.3687899568932144,-3.2629390243255676
12.0,53.0,True,0.21923136559570192,0.12696770930036672,0.4473981455841564,0.14296750100986272,-4.71849247311803
12.0,54.0,True,0.19240403318583252,0.09957029830448835,0.4224859304068408,0.3764435269937534,-5.513921379433955
12.0,55.0,True,0.31477646135341675,0.08976928131685298,0.5115538647841406,-0.08896935732701362,-1.9459038556496173
12.0,56.0,True,0.22206093067076232,0.14669632951365716,0.5469850519752603,0.48305257358769405,-4.309796092677437
12.0,57.0,True,0.1668898850027667,0.09823050519950088,0.3862421289028801,0.6565850156293905,-6.35336099481894
12.0,58.0,True,0.20122715700849855,0.11396781774913017,0.443783584671414,0.3700228490146037,-5.3567467330617236
12.0,59.0,True,0.33602770932564513,0.12579166845660214,0.6123939712326443,0.17873253718524998,-0.996766161457908
12.0,60.0,True,0.3105550209387151,0.1360086006572259,0.6286488481924282,0.7629921846052422,-2.236999695182912
12.0,61.0,True,0.3072152374148968,0.0710459358684498,0.4472417103806158,-0.4815013883323088,-1.9632260416917817
12.0,62.0,True,0.2536854163748277,0.17318955742823666,0.5770342441565943,-0.13417440061649202,-3.2781985294908416
12.0,63.0,True,0.2528224598985011,0.15726063067870674,0.5942756860491727,0.3028931009056328,-3.5002856522088397
12.0,64.0,True,0.3375317171686433,0.16818885158313046,0.69866064671655,0.24256972493552462,-0.965308833688534
12.0,65.0,True,0.23979904625125492,0.09398016799788735,0.3817554263173461,-0.9059445242302178,-3.956589422319912
12.0,66.0,True,0.2835491377688038,0.14110230104954166,0.6476440577183188,0.16106839012350221,-2.7230409891318006
12.0,67.0,True,0.2053944554727462,0.12366646010391885,0.4940218851478348,0.16133345620973727,-5.115128772099346
12.0,68.0,True,0.2948286712965017,0.20041176022050478,1.08922686550333,2.0112974900013176,-2.716370151627369
12.0,69.0,True,0.3527082903779314,0.15527689990133103,0.5512829992749323,-0.5285560773358121,-0.26279140950707425
12.0,70.0,True,0.26160987338539216,0.142432040932215,0.4857020368086214,-0.11512498022541312,-3.1065476789462507
12.0,71.0,True,0.310232045245532,0.11355564241905679,0.5295046922703647,0.18736717721541665,-1.7235524088824028
12.0,72.0,True,0.22027356299575485,0.12370739046158896,0.5330717298264401,0.4803982621052065,-4.8900693910667945
12.0,73.0,True,0.3488102581998323,0.15148070483353196,0.5952460395633424,-0.3612607279402228,-0.5200761417389641
12.0,74.0,True,0.36134074670131316,0.1333041310006597,0.5803108948398147,-0.7790859111829117,-0.23023796497366972
12.0,75.0,True,0.3549610388190066,0.14969618949401342,0.6661486397342342,0.05321419224269007,-0.1947646203827872
12.0,76.0,True,0.4156943136833533,0.19418677014596938,0.9575701640487734,0.899449048231403,1.1548560653458964
12.0,77.0,True,0.3714846503249065,0.20431024367299777,0.695906122846952,-0.07083747852047761,-0.03686385702062689
12.0,78.0,True,0.25094577193075956,0.17587646223087766,0.6441710594568273,0.3736494472004047,-3.7227237202670973
12.0,79.0,True,0.36736834740425905,0.16311289747913382,0.6730893866317113,0.17290291187502463,0.2061793747131192
12.0,80.0,True,0.41278174119494493,0.21206440838905605,0.7722078057992078,-0.3146774564017186,1.1600460679501126
12.0,81.0,True,0.12050687241078135,0.08646829659906424,0.2875428927382473,0.10156007144033113,-7.671546769713301
12.0,82.0,False,,,,,
12.0,83.0,False,,,,,
12.0,84.0,False,,,,,
12.0,85.0,False,,,,,
12.0,86.0,False,,,,,
12.0,87.0,False,,,,,
12.0,88.0,False,,,,,
12.0,89.0,False,,,,,
12.0,90.0,False,,,,,
12.0,91.0,False,,,,,
12.0,92.0,False,,,,,
12.0,93.0,False,,,,,
12.0,94.0,False,,,,,
12.0,95.0,False,,,,,
12.0,96.0,False,,,,,
12.0,97.0,False,,,,,
12.0,98.0,False,,,,,
12.0,99.0,False,,,,,
12.0,100.0,False,,,,,
13.0,1.0,False,,,,,
13.0,2.0,False,,,,,
13.0,3.0,False,,,,,
13.0,4.0,False,,,,,
13.0,5.0,False,,,,,
13.0,6.0,False,,,,,
13.0,7.0,False,,,,,
13.0,8.0,False,,,,,
13.0,9.0,False,,,,,
13.0,10.0,False,,,,,
13.0,11.0,False,,,,,
13.0,12.0,False,,,,,
13.0,13.0,False,,,,,
13.0,14.0,False,,,,,
13.0,15.0,False,,,,,
13.0,16.0,False,,,,,
13.0,17.0,False,,,,,
13.0,18.0,False,,,,,
13.0,19.0,False,,,,,
13.0,20.0,True,0.19237149228258257,0.1265407065030846,0.4502072837473335,0.6866962876701809,-5.635580057137732
13.0,21.0,True,0.38859950858588294,0.18645766881915637,0.6794080183563856,-0.41590194388915336,0.488238145089048
13.0,22.0,True,0.4221847034605976,0.21697343426877566,0.8103059626607565,0.2378477465126941,1.4538466008290691
13.0,23.0,True,0.4147813243511107,0.21908035393408576,1.005855420252144,0.5957916583646977,0.7510116582922277
13.0,24.0,True,0.552782572513666,0.18023518504587296,0.941537695893968,-0.03747056217038603,6.199313177612782
13.0,25.0,True,0.6740027410582374,0.28579017661446254,1.254955963683812,-0.09419998907754434,10.209778149037657
13.0,26.0,True,0.6789918482239884,0.24954909749138132,1.5,1.1803498479983385,9.275645038754211
13.0,27.0,True,0.4426058341779351,0.2394709019625251,0.8715948010432147,-0.03445983352608394,2.6955652228681073
13.0,28.0,True,0.39291846071795816,0.13598485117976072,0.6644208994185813,-0.49138165131254063,1.1340184516299021
13.0,29.0,True,0.47372008895871653,0.2100131168831299,0.869253760682647,0.19126587170813153,3.5050385095092467
13.0,30.0,True,0.633949858542847,0.31487194784121086,1.2429608107783616,0.08176609763402237,8.555986966934434
13.0,31.0,True,0.605150136026969,0.3208284846955959,1.28887550682404,0.1878829696493761,7.931173797186239
13.0,32.0,True,0.6518854007814281,0.279833171030033,1.103590709869257,-0.6868506854135896,9.539722427284579
13.0,33.0,True,0.38806122257640313,0.15038891646636088,0.6685702767915042,0.08036340352423403,0.9004156952111105
13.0,34.0,True,0.5558619603309904,0.26589789082674675,1.2018528611423531,0.49238116724288594,6.464095098904074
13.0,35.0,True,0.4409264717240159,0.15617719630409246,0.7965158240256855,0.3524333521977356,2.3661037282784805
13.0,36.0,True,0.27244832079664866,0.1237689008339504,0.5036903852550676,0.1956277013373839,-2.992536435415995
13.0,37.0,True,0.35285873294491565,0.1871292464527693,0.7211557052845323,0.1928656070877518,-0.042802258219726344
13.0,38.0,True,0.3089821974613506,0.18013893686877805,0.6447169152507114,0.23501819794034365,-1.6757588112202755
13.0,39.0,True,0.29389192573528294,0.1453267448486796,0.6838441407937891,1.0120674467566098,-2.3370752612564223
13.0,40.0,True,0.2324388990729664,0.15054834547027776,0.6241490049998781,0.6432637670629546,-4.61046563644892
13.0,41.0,True,0.3246130713004399,0.14945950469914548,0.5835178860037143,0.1207378967862015,-1.4687860234341334
13.0,42.0,True,0.1920781736721745,0.08446112937445924,0.3596194916298122,0.0005427071279230345,-5.416222646818485
13.0,43.0,True,0.3955435200082198,0.1755878475408301,0.6912665700099474,-0.2870116929894377,1.282204069096974
13.0,44.0,True,0.37753577012993705,0.19873274047347442,0.7573452363004516,-0.05108525250520458,0.27240036846127913
13.0,45.0,True,0.2538943187618616,0.17653521272297792,0.6288024041177548,0.6173695320932268,-3.789322154886531
13.0,46.0,True,0.31241601672651603,0.11712415537036533,0.5610938155738989,0.09379985746526469,-1.9238499996913556
13.0,47.0,True,0.25514632849398666,0.09124396630230334,0.5097774919970064,1.013769533765527,-3.6940047700349816
13.0,48.0,True,0.2773259353631132,0.1566620495403699,0.5690223244605467,-0.11181944883993009,-2.593664372998509
13.0,49.0,True,0.20505242303246182,0.11877463995995156,0.6227099125548986,1.1801259659897512,-5.438134825257954
13.0,50.0,True,0.1824581817853933,0.11450675765141986,0.5346531526468253,0.5261847879131661,-6.074791855130965
13.0,51.0,True,0.2952448854179252,0.20533533086568392,0.6958661387435203,0.33124598287233803,-2.206251908846927
13.0,52.0,True,0.17508576788295982,0.19490653894764914,0.7233983070991333,1.6849976794654657,-5.817720760619324
13.0,53.0,True,0.19861320075857686,0.07677585729645488,0.3603725050294603,0.2811912615170645,-5.445348659316845
13.0,54.0,True,0.1909628942954425,0.15355383541767323,0.5318453937948305,0.7833291653946887,-5.254840360901509
13.0,55.0,True,0.18955014635274994,0.10569107959545189,0.3692194094509056,-0.0368029149716503,-5.554842706142396
13.0,56.0,True,0.1744075481810726,0.10462171144024407,0.3627831069416743,-0.13567699362156876,-6.155071612326672
13.0,57.0,True,0.14539763217002144,0.08541526532976147,0.4827873917044509,1.3430896118427373,-7.222091669655239
13.0,58.0,True,0.15568198093859936,0.1011298226021402,0.3742019042894875,0.2907287136761803,-6.693163612699981
13.0,59.0,True,0.15825281098156324,0.10336604781850466,0.4135750224757631,0.7054019597736346,-6.667203368953862
13.0,60.0,True,0.22036271881321665,0.13958147049887154,0.4689893738619751,0.46284798148136325,-4.563313395132192
13.0,61.0,True,0.3891579532435115,0.1993903850964168,0.7443391220667464,-0.028977627512950056,0.8136767175999449
13.0,62.0,True,0.13590824989235933,0.12196913724470781,0.4358473300877523,0.7614786582510071,-7.354259624669373
13.0,63.0,True,0.23513346375054178,0.1565923091799005,0.5710669881914252,0.2821644630888742,-4.221937347263903
13.0,64.0,True,0.1861099319889265,0.14425679844707903,0.5509063417635649,0.8827152232808708,-5.813495895750902
13.0,65.0,True,0.1500583807659554,0.12702194287879354,0.3715712518369286,0.21407883561230057,-6.6555948912033775
13.0,66.0,True,0.1760246853127006,0.0961000285226888,0.4095942196097658,0.7811118877626538,-6.166615388471
13.0,67.0,True,0.1911246529916671,0.1423053955367797,0.7379416161401142,2.0528824847694556,-5.845392760592639
13.0,68.0,True,0.1847843048975815,0.11667684319489054,0.3803494791089515,0.04351061515650349,-5.734946504472169
13.0,69.0,True,0.22013840697937326,0.14790151512741487,0.5556701185446105,0.4604413640586983,-4.371179136563501
13.0,70.0,True,0.2683973494089667,0.10699710545269181,0.4344880742708296,-0.14347461572580464,-3.368330721503389
13.0,71.0,True,0.21269116053539253,0.1198499335104141,0.4221832837883402,0.11676961384913238,-5.173348310762159
13.0,72.0,True,0.16927788353945603,0.10846017108507451,0.4229150341164717,0.6641383693218034,-6.248884545316105
13.0,73.0,True,0.2506735351344729,0.14986664372069491,0.6340525085814307,0.37800285121732585,-3.9946011285421767
13.0,74.0,True,0.24944123840091156,0.13735673157289324,0.4807059312866151,0.09692995378740414,-3.5934610290747635
13.0,75.0,True,0.2965398801537117,0.1784884079377587,0.6581406735209467,0.34955741623535747,-2.2501493740130503
13.0,76.0,True,0.3405650679971221,0.1421795467206128,0.6093195505540846,-0.2444918007531745,-0.879650172178871
13.0,77.0,True,0.32056728558772457,0.13627312904094196,0.6045537765654062,-0.006770124550162177,-1.243975834916296
13.0,78.0,True,0.38407225086819785,0.2636572605567872,0.9167699448261248,0.5175789974431669,0.35586470586475666
13.0,79.0,True,0.33742492400963153,0.1603902231619746,0.6837068517669131,0.3338070071736493,-1.0046088934158452
13.0,80.0,True,0.3333664683870544,0.1702361468264443,0.6373023070343738,0.5193932535163129,-0.9704630577785556
13.0,81.0,True,0.40962800761900503,0.16346742711245252,0.656876234966711,-0.774451791983241,1.0402706495418654
13.0,82.0,True,0.1346115415953766,0.10974926009096272,0.373839332308085,0.4796074233099095,-7.420279614302741
13.0,83.0,False,,,,,
13.0,84.0,False,,,,,
13.0,85.0,False,,,,,
13.0,86.0,False,,,,,
13.0,87.0,False,,,,,
13.0,88.0,False,,,,,
13.0,89.0,False,,,,,
13.0,90.0,False,,,,,
13.0,91.0,False,,,,,
13.0,92.0,False,,,,,
13.0,93.0,False,,,,,
13.0,94.0,False,,,,,
13.0,95.0,False,,,,,
13.0,96.0,False,,,,,
13.0,97.0,False,,,,,
13.0,98.0,False,,,,,
13.0,99.0,False,,,,,
13.0,100.0,False,,,,,
14.0,1.0,False,,,,,
14.0,2.0,False,,,,,
14.0,3.0,False,,,,,
14.0,4.0,False,,,,,
14.0,5.0,False,,,,,
14.0,6.0,False,,,,,
14.0,7.0,False,,,,,
14.0,8.0,False,,,,,
14.0,9.0,False,,,,,
14.0,10.0,False,,,,,
14.0,11.0,False,,,,,
14.0,12.0,False,,,,,
14.0,13.0,False,,,,,
14.0,14.0,False,,,,,
14.0,15.0,False,,,,,
14.0,16.0,False,,,,,
14.0,17.0,False,,,,,
14.0,18.0,True,0.04435279292017357,0.04820019545925337,0.1530580254009997,0.7986383915289127,-10.272493428975581
14.0,19.0,True,0.20739896394542665,0.09623562687939752,0.3929168226833128,0.3578413292986092,-5.053659787091392
14.0,20.0,True,0.38806457558005736,0.12679173678885228,0.7492232509182722,0.9394331512852102,0.46682648941524807
14.0,21.0,True,0.39650009652550633,0.1875599757167154,0.7552922332492983,0.0015916423804779726,1.193749502652802
14.0,22.0,True,0.2838925085336446,0.1967151503040019,0.6878750358300797,0.4217549948416052,-2.3943839693214297
14.0,23.0,True,0.4128421601405544,0.30872125045873533,1.137558620241431,0.8435167539690605,2.03315032519601
14.0,24.0,True,0.5498472856609334,0.25743957024577196,1.0789211086753394,0.19845833377386962,6.431332704648314
14.0,25.0,True,0.5477966673428947,0.19497900638103383,0.9353364549035116,0.19560990874999887,5.78937448426294
14.0,26.0,True,0.48232997488861834,0.14247465503754717,0.6795864177732718,-1.4810973862838346,3.599771264669399
14.0,27.0,True,0.3269111242625835,0.20701841978513716,0.8575933603828615,0.6774133050176165,-0.933818637386488
14.0,28.0,True,0.4305588806537742,0.20793803314564632,0.7189965724662526,-0.813577255596229,2.3407045369306347
14.0,29.0,True,0.48239848336513713,0.2538070082173027,0.9271998918894256,-0.02069206096760093,3.7695292757851635
14.0,30.0,True,0.6569987545138763,0.23720733511374323,1.164042392212873,0.1626853008729438,9.393572809462446
14.0,31.0,True,0.6270096804669543,0.2656065069751251,0.9733068565057328,-0.257334145929654,8.230965259207101
14.0,32.0,True,0.5576886216748934,0.20622678613157658,0.9819878557888128,0.6351321600711658,6.077589952566525
14.0,33.0,True,0.42847686358666287,0.19473159506528423,0.8134803463891084,-0.07428795299866184,1.8419694440377306
14.0,34.0,True,0.3952155813093717,0.1698152729133958,0.7349038775002239,0.08945028989206395,0.7349041223844978
14.0,35.0,True,0.26386088198165386,0.15422731503697867,0.537398104277491,0.19622168486724967,-2.9770201052457024
14.0,36.0,True,0.3561857393383778,0.13072242780905874,0.7048863403623266,0.6716540023413159,-0.3375438027145364
14.0,37.0,True,0.25468865054995893,0.1030645577251678,0.5346181940192948,0.06544910224197081,-3.795510354113894
14.0,38.0,True,0.18667778561719262,0.08996901600366958,0.3947045495829336,0.020292844152208066,-5.664838684913811
14.0,39.0,True,0.3070450953704294,0.15218222181295993,0.6222071814660788,0.3539402111561168,-1.93525161018527
14.0,40.0,True,0.2912820447602564,0.11988414092614491,0.5887900417295101,1.0134732192341238,-2.561523010426998
14.0,41.0,True,0.2572163355795478,0.15214751692757483,0.6385641034736231,0.5039327558490332,-3.317647970859369
14.0,42.0,True,0.26887414199910653,0.11595411255998415,0.5510136825515266,0.6616394092898006,-3.288591643497582
14.0,43.0,True,0.34441437425949295,0.11411616996708528,0.5568462961773718,-0.5705776417352454,-0.6401191134719212
14.0,44.0,True,0.3003509091692344,0.12215680610158822,0.5545472791015297,0.23368906132693765,-2.05741555137287
14.0,45.0,True,0.30395194728499425,0.15182789557698673,0.5751471325524773,-0.05579748881404069,-1.8868189022018318
14.0,46.0,True,0.23706984616055823,0.12522413974792965,0.499969777237561,0.07682049141541915,-4.119002913481151
14.0,47.0,True,0.27821831690000454,0.1922126331795923,0.6738707606389834,0.5300434092431969,-2.733821162794137
14.0,48.0,True,0.2530602965057579,0.09193727024924321,0.3781566777366147,-1.0618104865877782,-3.5529206982307024
14.0,49.0,True,0.2498631642792039,0.14441402450506602,0.599793021365271,0.45669635450904295,-3.716672751622304
14.0,50.0,True,0.22889389244128028,0.07494918873180327,0.3701688879327747,-0.30184714125259493,-4.490938395024544
14.0,51.0,True,0.23467894279805798,0.13399762557234332,0.5310793590326703,0.5708409262768189,-4.141090442096431
14.0,52.0,True,0.27454114148656467,0.2128964666216268,0.7597550638202428,0.5469356063697758,-2.647760540591576
14.0,53.0,True,0.22990322052195764,0.11322060025448663,0.4222386953853828,0.06602169284786598,-4.415268213330169
14.0,54.0,True,0.2165548804074653,0.1606216695837718,0.6476115125097734,1.214116013307828,-4.523966345285408
14.0,55.0,True,0.13505764154997826,0.07236697772176916,0.2877832207894305,0.03188960098523959,-7.3529733499857155
14.0,56.0,True,0.13154332603575716,0.08968444459656674,0.3312187960111807,0.42307764108707674,-7.520042578222971
14.0,57.0,True,0.15004656081572545,0.12443341295845396,0.4505834900713578,1.063009637327652,-6.772085519270507
14.0,58.0,True,0.2367137472860731,0.1560961731557911,0.6379784990086614,0.9593559869877908,-4.216500713686352
14.0,59.0,True,0.1719156800505905,0.09641863726273851,0.3575383429009289,-0.08718081500300051,-6.280695416331039
14.0,60.0,True,0.16690888344808402,0.09713759557728416,0.3900168914956378,0.5975117765074834,-6.427337374176957
14.0,61.0,True,0.20358630346909024,0.25298718639680123,1.3569407054259437,2.9201830680011347,-5.856569329802068
14.0,62.0,True,0.15343530102526978,0.06767072008437426,0.3432409580004669,0.8580208269951097,-6.813891988839473
14.0,63.0,True,0.2340133994783938,0.15705533882063036,0.504699045566579,0.035919177260769014,-4.300198893385041
14.0,64.0,True,0.1987238994157278,0.13619766762389401,0.609103655369481,0.5819640372094008,-5.568187138905282
14.0,65.0,True,0.23262902576556727,0.12054340337764122,0.4845872398812708,0.7138568706528546,-4.272092822191655
14.0,66.0,True,0.18502741023353808,0.12120228830345406,0.4565259602846105,0.5898005809345852,-5.687205278421712
14.0,67.0,True,0.19934368578244321,0.12086649863129781,0.4916122779357246,0.3803441453146205,-5.2009814721989125
14.0,68.0,True,0.31646752717356025,0.12966035025004397,0.5566991305829536,0.13627572473274063,-1.3932663449207126
14.0,69.0,True,0.25548769207088357,0.15437409601811886,0.5461923287972246,0.03566050005406873,-3.390328383222344
14.0,70.0,True,0.30802171933787703,0.22733675015919155,0.8379496105318051,0.5759343959959619,-1.6601642987921388
14.0,71.0,True,0.1765966695854803,0.12839444309744627,0.5895699222627306,0.776194361662227,-6.120353239904868
14.0,72.0,True,0.2633647935727838,0.1444059920174356,0.6191372516437152,0.6381787007265339,-3.3138883703080424
14.0,73.0,True,0.28232034828533703,0.15076548887479152,0.5874497347323617,0.4540035201699304,-2.355249663047057
14.0,74.0,True,0.20962405020686284,0.11374386521882908,0.3892794066496685,-0.09526586983816693,-4.790755195944495
14.0,75.0,True,0.17173964346695655,0.12748691784705454,0.4670152387677885,0.25981701398791146,-6.266897272288982
14.0,76.0,True,0.35012232575962193,0.1949741115139431,0.8088470599504749,0.38864257033023686,-0.4524596289767307
14.0,77.0,True,0.40278540834651966,0.15400138483645312,0.8097946129461294,0.7055456896680855,1.199020232825426
14.0,78.0,True,0.39047872930215477,0.17556796085885917,0.8461841026369156,0.19426823294042045,0.5143997700585332
14.0,79.0,True,0.35458482074724357,0.16404833892374557,0.6600612126922722,0.21275180192876497,-0.5795454395536379
14.0,80.0,True,0.43190351208639144,0.19630390257710836,0.8422740026887521,0.10406110109734057,2.211296349537912
14.0,81.0,True,0.3659973900703532,0.17580602703497028,0.8170099859072364,0.5939335485507684,-0.04091096716886362
14.0,82.0,True,0.35293080205237765,0.21063091503068268,0.9864137242868802,0.8080064353935063,-0.8646664904133552
14.0,83.0,True,0.23766765439258536,0.14853475745433092,0.4745533374534923,0.15016399579991224,-4.138322103238921
14.0,84.0,False,,,,,
14.0,85.0,False,,,,,
14.0,86.0,False,,,,,
14.0,87.0,False,,,,,
14.0,88.0,False,,,,,
14.0,89.0,False,,,,,
14.0,90.0,False,,,,,
14.0,91.0,False,,,,,
14.0,92.0,False,,,,,
14.0,93.0,False,,,,,
14.0,94.0,False,,,,,
14.0,95.0,False,,,,,
14.0,96.0,False,,,,,
14.0,97.0,False,,,,,
14.0,98.0,False,,,,,
14.0,99.0,False,,,,,
14.0,100.0,False,,,,,
15.0,1.0,False,,,,,
15.0,2.0,False,,,,,
15.0,3.0,False,,,,,
15.0,4.0,False,,,,,
15.0,5.0,False,,,,,
15.0,6.0,False,,,,,
15.0,7.0,False,,,,,
15.0,8.0,False,,,,,
15.0,9.0,False,,,,,
15.0,10.0,False,,,,,
15.0,11.0,False,,,,,
15.0,12.0,False,,,,,
15.0,13.0,False,,,,,
15.0,14.0,False,,,,,
15.0,15.0,False,,,,,
15.0,16.0,False,,,,,
15.0,17.0,True,0.026971986724080448,0.02918993906872273,0.0941665666895493,1.004211180715569,-10.70824204642869
15.0,18.0,True,0.3183301882247615,0.1882858089261483,1.1285470235445096,2.0356756737413324,-2.213804065659129
15.0,19.0,True,0.3287906540023102,0.0885417195222407,0.4804023419215477,-0.6439301166475098,-1.333559288170345
15.0,20.0,True,0.3454196165543076,0.11112062514056105,0.537906194511434,-0.2406910707982206,-0.6361575689530887
15.0,21.0,True,0.3172886990313751,0.11366368246740244,0.5817097092114273,0.4121105508517641,-1.5486268799491376
15.0,22.0,True,0.46085805972138316,0.12297987740066248,0.7289318797516907,0.6528382273584833,2.844388126549054
15.0,23.0,True,0.3356298035248167,0.13173144706356119,0.5735732513950925,-0.5185573652699794,-1.0224180566219834
15.0,24.0,True,0.416295000396416,0.21936453334554504,0.7861070661555799,0.09458614461333287,1.4019800880477176
15.0,25.0,True,0.5947836992301286,0.18417184814756082,1.0080196316358665,0.41707711694285565,7.049488028583057
15.0,26.0,True,0.5250083122169162,0.2258404303630922,0.9160796109331192,-0.16243267344150789,4.861452669951094
15.0,27.0,True,0.39396881514388565,0.13302224536897803,0.668870067070186,0.40738709982512616,0.909063470914993
15.0,28.0,True,0.3188621299376011,0.1630524777056415,0.6836431991437317,0.3417561530313738,-1.3422912934360143
15.0,29.0,True,0.4653633767180968,0.1938010474863758,0.8772021688251874,0.4393401466209311,3.279612186570597
15.0,30.0,True,0.4138489920352309,0.1953266566078789,0.7711841173890547,-0.3514798731466866,1.2405880634335553
15.0,31.0,True,0.44028663817157604,0.1806769288901443,0.8453601350419966,0.33830390669162064,2.0706831629972284
15.0,32.0,True,0.4094141988531256,0.27495574316569377,0.9398070029515132,0.354614416727788,1.5622764728616458
15.0,33.0,True,0.39535236812758123,0.18269583733424358,0.7559436799826728,-0.14385568651914338,1.1995526863938806
15.0,34.0,True,0.21958172444236057,0.15070523884080333,0.5963024157763653,0.9984502486086172,-4.640565466088828
15.0,35.0,True,0.285821217152171,0.12182519564233615,0.5149683855367909,-0.3812574905511388,-2.4224748438161194
15.0,36.0,True,0.22359576471170928,0.145850665825907,0.5881411542006216,0.7532799017124736,-4.400001166770454
15.0,37.0,True,0.297010678931415,0.22424073635092848,0.9112448035412084,1.126231612436174,-2.2039708841121284
15.0,38.0,True,0.29441941160906493,0.2373433050661971,0.8665445236630079,1.0353367354647738,-2.3963792908419723
15.0,39.0,True,0.18029025756932945,0.1623693114148088,0.6259070079205818,1.4670900388004957,-5.8035129516425
15.0,40.0,True,0.17757234863397298,0.17427336751179232,0.919128747819606,2.479280370976389,-6.516076065529627
15.0,41.0,True,0.2383768634027797,0.12864415093503315,0.5127217273792208,0.39710991931105033,-4.009193460992511
15.0,42.0,True,0.3098336223272209,0.10964368528719654,0.5888462706472177,0.848163893622298,-1.859378111142529
15.0,43.0,True,0.23248437913893064,0.0890861905432912,0.4112029524772733,-0.3182843713349042,-4.126782344572537
15.0,44.0,True,0.2889488659638028,0.259544563752932,1.298952638815978,1.674070744173842,-2.988796269773065
15.0,45.0,True,0.31248546019303863,0.11542982385734132,0.6222354563461074,0.47036085269818345,-2.0659899367792223
15.0,46.0,True,0.4125823716017841,0.20132089505434467,0.9094513492038784,0.838790714142579,1.4298671815575914
15.0,47.0,True,0.30451627258199104,0.15427215926916757,0.5368127696917318,-0.5527304646870673,-1.7833904942600276
15.0,48.0,True,0.29036610231929866,0.1473031179538976,0.6101962596696688,0.10115779673393945,-2.311149407929292
15.0,49.0,True,0.2540063383341242,0.13810779932933254,0.5441278713968412,0.19426448995693876,-3.5010044845249264
15.0,50.0,True,0.23662359315716286,0.13378338743584023,0.5015816142300762,0.2379723416579736,-4.340660131328158
15.0,51.0,True,0.2183766630806679,0.10797025096216305,0.4601056862266764,0.5848166479499137,-4.857564015179816
15.0,52.0,True,0.22465239038107462,0.12401746686303403,0.4942626417908357,0.6725764697890054,-4.379179063115128
15.0,53.0,True,0.20304825608995547,0.10935356300229873,0.4487914568851059,0.4577390295720433,-5.167107025301771
15.0,54.0,True,0.14160397884112613,0.13695269656986392,0.5935897040777476,1.5151427332060918,-7.548272439768577
15.0,55.0,True,0.20440169768679986,0.12666093247200513,0.4591662410183262,0.21658872508227395,-5.01707253366034
15.0,56.0,True,0.15767326223429998,0.1519418244662063,0.5208579039602066,0.9280708165854846,-6.441168441266277
15.0,57.0,True,0.1859725015597582,0.09412507250102722,0.3607705328845454,0.17889063521485268,-5.672957021558402
15.0,58.0,True,0.15712796744899463,0.08465286818153082,0.2815331117664467,-0.3527787044636525,-6.50800611669419
15.0,59.0,True,0.15173213077287007,0.07652326686325132,0.3445935391705475,0.5730557033302992,-6.739558701235851
15.0,60.0,True,0.1676313059413006,0.09272270938735312,0.4107872735105395,0.6798779706939053,-6.39217189098703
15.0,61.0,True,0.15142347541819093,0.09203658647022375,0.3833572661770706,0.558706647096934,-7.016335501419834
15.0,62.0,True,0.2180013881787332,0.1449688691480342,0.5967794615409198,0.6387757474349424,-4.798517173628817
15.0,63.0,True,0.18907093208810663,0.15834091994629254,0.7917752304803514,2.120184426373537,-6.116393919971599
15.0,64.0,True,0.11583865326864345,0.1114644148897344,0.3697120725354044,0.7746987555249628,-7.959568653172155
15.0,65.0,True,0.17037932245914647,0.12486014340890458,0.6412264366192428,1.455606789677215,-6.536578085846908
15.0,66.0,True,0.1960645127524704,0.1546007738331749,0.4542738730921218,0.250469088532001,-5.207897935598917
15.0,67.0,True,0.15414774756075905,0.06313020953348557,0.2684462804530107,-0.5620422817711573,-6.835514962087263
15.0,68.0,True,0.28356919463268987,0.17743883662795096,0.9030584682162648,1.1033574062726612,-2.8288475171108214
15.0,69.0,True,0.14253935912658505,0.06345343427688001,0.2380279146344723,-0.3872177743786499,-7.180177729381385
15.0,70.0,True,0.19124514157297495,0.12060225950348344,0.4152484854792574,0.5140292762256689,-5.594853206890355
15.0,71.0,True,0.23742107218204903,0.11882349069085953,0.5211765333212081,0.6992947578837532,-4.170189265288836
15.0,72.0,True,0.24514070900683663,0.10680352007750275,0.4300954523468737,-0.19283024340340807,-4.019347084016796
15.0,73.0,True,0.2235761831016003,0.10754671696062654,0.437441329793332,0.35711835960046706,-4.4136948458413725
15.0,74.0,True,0.18106993266990765,0.15935251246541998,0.4662376743071119,0.4652023331064156,-5.968084667737627
15.0,75.0,True,0.25854655546804634,0.12366291084863128,0.4596074007005192,-0.030878886301545946,-3.514196181706295
15.0,76.0,True,0.3311923788743543,0.1755737169531423,0.7978851215276653,1.0887871751866107,-1.0321347834697883
15.0,77.0,True,0.3508204552259139,0.16192291080313223,0.6608169651771088,0.0038250150318365193,-0.3070842360754494
15.0,78.0,True,0.358408609561041,0.20386422987132893,0.795205480597759,0.4328480557087723,0.0397587538516485
15.0,79.0,True,0.4665741915301683,0.1429437859281721,0.7479860922507585,-0.6705718320133255,3.1735569000561488
15.0,80.0,True,0.46599225222027785,0.2635321197042794,0.9981865388263568,0.46095931375169485,3.4353086916572697
15.0,81.0,True,0.5332109463350931,0.225946184587658,0.9259091119428254,-0.008530596889451706,5.463507570502465
15.0,82.0,True,0.30088074469074433,0.12806537230864734,0.6237210792513321,0.21066269475810506,-2.2383867727955655
15.0,83.0,True,0.39426489860876984,0.16368660843291857,0.6517044784850252,-0.11805905961674283,0.5919442842478759
15.0,84.0,True,0.29032140407380264,0.14664531176126785,0.7295185368907647,1.1091458531284557,-2.7719105242840696
15.0,85.0,True,0.01606146318721964,0.0226405076816051,0.0617138643847686,0.9834584730699867,-11.084320296666457
15.0,86.0,False,,,,,
15.0,87.0,False,,,,,
15.0,88.0,False,,,,,
15.0,89.0,False,,,,,
15.0,90.0,False,,,,,
15.0,91.0,False,,,,,
15.0,92.0,False,,,,,
15.0,93.0,False,,,,,
15.0,94.0,False,,,,,
15.0,95.0,False,,,,,
15.0,96.0,False,,,,,
15.0,97.0,False,,,,,
15.0,98.0,False,,,,,
15.0,99.0,False,,,,,
15.0,100.0,False,,,,,
16.0,1.0,False,,,,,
16.0,2.0,False,,,,,
16.0,3.0,False,,,,,
16.0,4.0,False,,,,,
16.0,5.0,False,,,,,
16.0,6.0,False,,,,,
16.0,7.0,False,,,,,
16.0,8.0,False,,,,,
16.0,9.0,False,,,,,
16.0,10.0,False,,,,,
16.0,11.0,False,,,,,
16.0,12.0,False,,,,,
16.0,13.0,False,,,,,
16.0,14.0,False,,,,,
16.0,15.0,False,,,,,
16.0,16.0,True,0.030352317926040994,0.050867015347444706,0.1791108978245999,1.8190464423484287,-10.73967226317474
16.0,17.0,True,0.38709160950034643,0.13394361387517123,0.6199611511989593,0.20610426840815574,0.7827961947852662
16.0,18.0,True,0.2541450001695038,0.16465160863681663,0.5680572420739811,0.4761196713018703,-3.4798980454148363
16.0,19.0,True,0.3698885497673902,0.1178225748191942,0.6355242242619749,0.40938324250622554,0.13329079939599772
16.0,20.0,True,0.36617024047648383,0.11403361887603822,0.555905869729819,-0.4056635859159085,-0.006035892224932727
16.0,21.0,True,0.3362877076807376,0.10012864378884605,0.5110455861947895,-0.21576636993220458,-0.8985002250535519
16.0,22.0,True,0.3604506825891528,0.1762302750310015,0.718250027701406,-0.026714193025451,0.07538363034831706
16.0,23.0,True,0.362613748189355,0.1773050033475209,0.6537414707335056,-0.3248984404917092,-0.0682499841904178
16.0,24.0,True,0.5414896534355487,0.20575351820129556,0.9921406791858332,0.48338273971894596,5.340868040927757
16.0,25.0,True,0.40260371169511716,0.1291068267393925,0.7474383933437566,0.5306509734909308,0.7231288810517341
16.0,26.0,True,0.4669056867461441,0.13720136989822024,0.7787099137643195,0.09709386796532601,3.049481879662625
16.0,27.0,True,0.34734322726471295,0.1463604650652729,0.6630422198580099,0.11561415371771913,-0.6250471698022515
16.0,28.0,True,0.3295495489696029,0.156919400668994,0.7032126895976999,0.4694424025689823,-1.046930655851297
16.0,29.0,True,0.3482317345504816,0.1268958641590646,0.6162003394903595,-0.434484369246119,-0.6537021824301986
16.0,30.0,True,0.5140435757451793,0.15237190963740774,0.8415845084918225,0.6126935492346937,4.589606783972386
16.0,31.0,True,0.4024458480704433,0.18630846052564903,0.7935790182651218,0.44365870371581856,1.1371797579242076
16.0,32.0,True,0.41906020114381415,0.2062935989129198,0.9164430132289344,0.4604487488214652,1.5537047187046498
16.0,33.0,True,0.46838297564271764,0.22257094667957297,0.9047206504824244,0.156860521919619,3.7127332151435626
16.0,34.0,True,0.2715059866965723,0.14457472900962953,0.5838413860670142,0.6026807307206415,-3.3058216470626407
16.0,35.0,True,0.19434546562688315,0.12259488465932346,0.5405941000751224,0.7028001165117187,-5.621391847130178
16.0,36.0,True,0.2880227892412665,0.12059192459505308,0.4989361380973947,0.14675799312489102,-2.4392079846270427
16.0,37.0,True,0.2469504124366983,0.15391979707826794,0.5896086463409221,0.5728325287495484,-3.6862334562348034
16.0,38.0,True,0.23942435896595485,0.13820869445890777,0.5006967837285403,0.3562270400027121,-3.7774990944517306
16.0,39.0,True,0.18635742359982685,0.11798278515993217,0.4327688938017544,0.3073346872001597,-5.608133047516704
16.0,40.0,True,0.3206303739397909,0.20166524887695653,1.0247635880661785,1.7151122733410595,-2.176218456128193
16.0,41.0,True,0.3168195733850175,0.1325388626137328,0.5522029144544774,-0.5357301214812545,-1.35544272744364
16.0,42.0,True,0.35155476621766324,0.139450111719747,0.5532859275133225,-0.5385570094143668,-0.5144777897218827
16.0,43.0,True,0.32849794934548726,0.17613196327505146,0.595473218825416,-0.2999991727488983,-0.8116510542498245
16.0,44.0,True,0.25993277333137793,0.12957218709438925,0.5006793111301721,0.0055774314956442955,-3.3129918119001216
16.0,45.0,True,0.4017021941166763,0.19016262958631397,0.7559733911398283,-0.11823232708092495,0.9349310802207227
16.0,46.0,True,0.20504046553620492,0.13666533214052543,0.5573454276941856,1.1858336434214485,-5.117182602950533
16.0,47.0,True,0.2827876126124296,0.16483944428316644,0.6329994849014108,0.37900951152278606,-2.4748046737847798
16.0,48.0,True,0.15722088622539204,0.11404425186934056,0.4124258776621901,0.44215584224662535,-6.747251429522947
16.0,49.0,True,0.27210970270440765,0.08009673431817135,0.4581694375831524,0.4942309377847543,-2.986099302160248
16.0,50.0,True,0.27909391483223056,0.1093576541042299,0.5643570954054486,0.7903043103038845,-2.7814935550496442
16.0,51.0,True,0.1780384676605683,0.09337059971905202,0.3388898387329555,-0.36092816707680514,-6.129305303061076
16.0,52.0,True,0.1682520082696582,0.08102387862398133,0.3506645109486149,0.40028560098338334,-6.232530869695469
16.0,53.0,True,0.1953499628705859,0.11114111472507242,0.4592066099963612,0.5396848838979608,-5.570097170370661
16.0,54.0,True,0.19990006526680046,0.07989419033201275,0.403902721433992,-0.11391220429148656,-5.277583226147072
16.0,55.0,True,0.13502304911876353,0.07892596427925516,0.3053166523045287,0.3160970592468617,-7.445718012700605
16.0,56.0,True,0.11435490830227862,0.08478054707974227,0.3460516207701878,0.7555544448223757,-8.055693135226111
16.0,57.0,True,0.12161336150498128,0.08316287784678013,0.3520090492568325,0.5900746103050202,-7.949856440326829
16.0,58.0,True,0.13029611281468478,0.1142435739878292,0.4493600953651482,1.1654433338482784,-7.502626494232507
16.0,59.0,True,0.18728591911884912,0.19685922679137918,0.9790405982109492,2.3301936636021967,-6.077195824763389
16.0,60.0,True,0.2011695138819441,0.1901457764323693,0.6238670241770101,0.8497638485136174,-5.179862481873317
16.0,61.0,True,0.1693474372174293,0.15597546905677623,0.6689581608677834,1.2027567476634313,-6.366430085116251
16.0,62.0,True,0.17782862196853047,0.15695431592614276,0.4531906794486939,0.2710874079345646,-5.713700694560293
16.0,63.0,True,0.14126499442454676,0.1184944736267531,0.3781518631572181,0.5371498320740777,-6.9742478633692695
16.0,64.0,True,0.12161779071828531,0.10887530276038843,0.4564078821536158,1.1334099568604776,-7.933577830774669
16.0,65.0,True,0.14746801822375855,0.1219430821392794,0.5934981925599895,1.5836131175437544,-7.2504882158370805
16.0,66.0,True,0.20966026896853035,0.17027121175240523,0.6061152493717951,0.8843068060000425,-5.005474286842786
16.0,67.0,True,0.22108817325246297,0.12792922247809205,0.4558978916924742,-0.005773985598178668,-4.573772621558567
16.0,68.0,True,0.1506657076193069,0.08848224957583012,0.2865738206307888,-0.14852753783286501,-6.673938230594092
16.0,69.0,True,0.12400810492542767,0.0679499735992702,0.2924589974718188,0.4128325779263474,-7.785296672525321
16.0,70.0,True,0.16936899495474175,0.10805833628596002,0.4021004659684578,0.256498755811066,-6.326693035167545
16.0,71.0,True,0.1625029224584532,0.12138744889821415,0.3740995383552994,0.20023612098941107,-6.428647458859683
16.0,72.0,True,0.24607110973458918,0.11285517425858961,0.4870777007932083,0.3289054712537144,-3.766403455625089
16.0,73.0,True,0.17411898760786784,0.12489985543972708,0.4424325892846679,0.6315052245004699,-6.183945197167742
16.0,74.0,True,0.29086204282681494,0.19304446923597807,0.6642379939505758,0.22866116795176367,-2.036450581801654
16.0,75.0,True,0.2067435564902703,0.10367874296412886,0.3976502379272132,0.48095454203256965,-4.960802307967469
16.0,76.0,True,0.27414489255329466,0.13969298271863811,0.5342371515964567,0.09784141226912274,-2.8490840685643546
16.0,77.0,True,0.26252215845475874,0.12673766448917034,0.580996148480973,0.5613768550471621,-3.5294554985617976
16.0,78.0,True,0.508024577460537,0.2754087860983089,1.0717278356267508,0.4127964706969547,4.746698358518915
16.0,79.0,True,0.6062372094014595,0.22328763970463364,0.9573224318132352,-0.6236587516877811,8.099045024899516
16.0,80.0,True,0.40879776128729317,0.1502965922007808,0.7085751723392162,0.032255619073100185,1.541753548485553
16.0,81.0,True,0.2969797558083744,0.10891497150842618,0.5412044340195457,0.25650208983263645,-2.289842986761996
16.0,82.0,True,0.3009829899931486,0.14516263092912982,0.4975812248103516,-0.6863085567074134,-1.962156075347637
16.0,83.0,True,0.3151280394285501,0.16333750735684913,0.6388360531800685,0.2719547019729769,-1.8779683039792292
16.0,84.0,True,0.2626676009498345,0.1331717272925191,0.5727023673816576,0.43787048055297695,-3.0105724739408037
16.0,85.0,True,0.3839972100950968,0.14453563927979068,0.6211364492332836,-0.42801187181909695,0.5418509874872537
16.0,86.0,True,0.016621999707745277,0.02911348655215079,0.100070081158026,1.8121187736402844,-11.08367051423325
16.0,87.0,False,,,,,
16.0,88.0,False,,,,,
16.0,89.0,False,,,,,
16.0,90.0,False,,,,,
16.0,91.0,False,,,,,
16.0,92.0,False,,,,,
16.0,93.0,False,,,,,
16.0,94.0,False,,,,,
16.0,95.0,False,,,,,
16.0,96.0,False,,,,,
16.0,97.0,False,,,,,
16.0,98.0,False,,,,,
16.0,99.0,False,,,,,
16.0,100.0,False,,,,,
17.0,1.0,False,,,,,
17.0,2.0,False,,,,,
17.0,3.0,False,,,,,
17.0,4.0,False,,,,,
17.0,5.0,False,,,,,
17.0,6.0,False,,,,,
17.0,7.0,False,,,,,
17.0,8.0,False,,,,,
17.0,9.0,False,,,,,
17.0,10.0,False,,,,,
17.0,11.0,False,,,,,
17.0,12.0,False,,,,,
17.0,13.0,False,,,,,
17.0,14.0,False,,,,,
17.0,15.0,True,0.05451545706561754,0.038935430827797476,0.1228090103126464,-0.21179440974330782,-9.981366677774728
17.0,16.0,True,0.33014863343277323,0.1951508066577123,0.9791269456806564,1.2471853960648676,-1.361876939059142
17.0,17.0,True,0.3853981623789586,0.1743580000658991,0.769503583242704,0.263576144771291,0.8031788084056439
17.0,18.0,True,0.3605588396577882,0.15442495992516772,0.5830718195723592,-0.4144730653672657,-0.0778644860154153
17.0,19.0,True,0.44776683678855245,0.22643866459923837,0.7870485278583188,-0.23812283001502657,2.620048526587692
17.0,20.0,True,0.41277474034463485,0.16765214413554513,0.6896433167631466,-0.31906715439345296,1.7887322571911852
17.0,21.0,True,0.3614067075832346,0.19089791459958147,1.0681442170607205,1.0667977288902564,-0.7036909848456139
17.0,22.0,True,0.4467676283571238,0.15154777323943194,0.7494755916391067,-0.046520679220066655,2.4375585754802294
17.0,23.0,True,0.3044134108036909,0.14815948716854543,0.6426745199858955,0.5105710642813375,-2.0759907719875934
17.0,24.0,True,0.3118268443036065,0.21104228299214056,0.6891414506260324,0.36101770351380474,-1.4153857465324542
17.0,25.0,True,0.4397427191223099,0.21854749739432322,0.8771717489596352,-0.13638500007694734,2.7214723132345147
17.0,26.0,True,0.3178976159667911,0.1342506698952443,0.7241833815428806,0.6122121023309307,-1.6173953476847684
17.0,27.0,True,0.49352343484854067,0.17159643607371158,0.884042633146587,0.054826907962074956,3.3710637670480965
17.0,28.0,True,0.30292295637136263,0.1946880386525458,0.7345395758188036,0.5383857140774305,-1.8127421830057666
17.0,29.0,True,0.28740328683613026,0.12774691380757106,0.5748972512889741,0.11007788675945775,-2.5648073874542723
17.0,30.0,True,0.3653187284329949,0.20286932114992606,0.736032797846064,0.44254859648438,0.08373538961422508
17.0,31.0,True,0.4509529449983614,0.21799514805489945,0.9393524800251456,-0.06818490151361,3.0477760164389944
17.0,32.0,True,0.3873356249240411,0.25371732443977985,0.9047762410742668,0.4764321370275302,0.9189845934042435
17.0,33.0,True,0.21282172010816833,0.1547145438135808,0.4894137431534199,0.23789766795426484,-4.950353022284401
17.0,34.0,True,0.3021076096594981,0.1542955922066081,0.6095569286741488,-0.08893842767396007,-2.076300525396014
17.0,35.0,True,0.47093289909556746,0.18377030182136647,0.8877805636649307,0.7509382762610146,3.134644194342231
17.0,36.0,True,0.1992455517967505,0.12097888744394429,0.4187647858712989,-0.14613667385157889,-5.149894266181005
17.0,37.0,True,0.3254552710908626,0.12740212227754008,0.5325462748175083,-0.5813869851970203,-1.2431824938351628
17.0,38.0,True,0.22408466605342783,0.11876668286246303,0.5662160706479697,1.1563395485827554,-4.665135316202275
17.0,39.0,True,0.18523914048773404,0.11777590035454934,0.4098343121984884,0.1931501793749653,-5.722109232426223
17.0,40.0,True,0.2691993876523349,0.12800586946121686,0.5247916644046322,-0.11897375099203501,-3.183864966504422
17.0,41.0,True,0.2544696449344659,0.11105593689270914,0.4686313992389716,0.011402405219754662,-3.6720948394849966
17.0,42.0,True,0.3535656680445396,0.13952856226260774,0.6445706139486306,0.07768918769580749,-0.6796211399708868
17.0,43.0,True,0.2528705728463823,0.1875755379092856,0.5357022628275209,0.13362786361360196,-3.3438588578390824
17.0,44.0,True,0.2777634787646013,0.20322624808017187,0.8314547410095461,0.46696308319751056,-3.2905682790523167
17.0,45.0,True,0.30752814133242223,0.12146349107555955,0.519234338074797,-0.42989365529139023,-2.0698153775697925
17.0,46.0,True,0.30563752335731753,0.11999036944658123,0.5092959410022989,0.13689685006857708,-1.833085679871553
17.0,47.0,True,0.1546883670417276,0.06847471982891966,0.3676616972520424,1.057113784645773,-6.927443828539631
17.0,48.0,True,0.2690456303516728,0.16305716397489137,0.5829329614527928,0.3561696765154707,-3.378270140958014
17.0,49.0,True,0.24897518080540645,0.13139526111327843,0.4962965363483309,-0.1779205858533649,-3.941599384832585
17.0,50.0,True,0.25009684611051236,0.1416083328508655,0.5174702290410016,0.21741459558084103,-3.4974786426818274
17.0,51.0,True,0.30354944531499833,0.15784651954977114,0.5568601896017056,-0.13558596215101865,-1.9756336055062746
17.0,52.0,True,0.21429869303829055,0.10104834942734996,0.4106411880283842,0.2401109429317098,-5.19716840706485
17.0,53.0,True,0.2521165144698982,0.118093702896396,0.5598855451612231,1.2617936046116056,-3.5369529228831924
17.0,54.0,True,0.22230329223181505,0.13193589802627603,0.4469554604114858,0.22191257803827644,-4.8807678242965045
17.0,55.0,True,0.1142580912627353,0.070982023749005,0.2527452149675736,0.6626611095877367,-8.016419207910907
17.0,56.0,True,0.2516262013830473,0.19758484313610367,0.6171180932867398,0.4375032126193313,-3.6929170301103476
17.0,57.0,True,0.21801431719642056,0.1471038785777715,0.5280890890093175,0.29074896005837525,-4.537518038698033
17.0,58.0,True,0.18733044715594732,0.10215911414960106,0.4297518087172222,1.0628287529894032,-5.92834268559021
17.0,59.0,True,0.22804567449969246,0.0976286501283242,0.440786141170007,0.408629002360092,-4.517381999584084
17.0,60.0,True,0.25307892336074295,0.10893227676098743,0.4846606800536523,-0.15821344412807498,-3.7124399920572584
17.0,61.0,True,0.16435260780213212,0.08858822349852156,0.3475422685629413,0.023390565217110817,-6.549509604248549
17.0,62.0,True,0.16020490674767274,0.13550515856203646,0.4514220971733442,0.4690645658874149,-6.433532566650654
17.0,63.0,True,0.11384195543336181,0.08157130226472004,0.2713258061889081,0.0003344857565882037,-7.860065234264426
17.0,64.0,True,0.183309615691333,0.1447043870112883,0.637975291486437,1.2088264939933628,-6.120785010730224
17.0,65.0,True,0.18750726280870111,0.07787739448359256,0.3198278424460614,-0.047181293807076335,-5.618292454424236
17.0,66.0,True,0.19493574475192565,0.12196552413869312,0.4397622895902588,0.6827009487222706,-5.330762940883548
17.0,67.0,True,0.1515955114555916,0.0752116687448202,0.2775937706220266,-0.07080989203702737,-6.7794708828737456
17.0,68.0,True,0.16199715739319884,0.15094684054340482,0.5429631314447056,1.2213110868058503,-6.518787060942495
17.0,69.0,True,0.21095712602209366,0.09223804240566491,0.3550792980726023,-0.5991090755252222,-5.000502917654461
17.0,70.0,True,0.20434317650553074,0.14015995255756275,0.5768994857994012,0.3821297130812271,-5.493116949757319
17.0,71.0,True,0.1732359655181075,0.11239449422980932,0.3907584186345139,0.5326332534356285,-6.020424362401439
17.0,72.0,True,0.1928739250744674,0.10136060630741592,0.442604492129372,0.494763873893557,-5.47642293994372
17.0,73.0,True,0.2734754836679168,0.18211815558791533,0.683782651819097,0.5736002678296991,-2.6050695347021144
17.0,74.0,True,0.11397262174376994,0.08308476181933305,0.2692112957974316,0.090941392910755,-7.877904488165764
17.0,75.0,True,0.19597148503646633,0.12661832132554565,0.4071684361362527,0.07036945659158002,-5.202248785547725
17.0,76.0,True,0.31794601650333815,0.2038288051767427,0.715448105717443,0.6573719524752242,-1.4429926451394683
17.0,77.0,True,0.42479285013814144,0.16169256139028443,0.7021905095920487,-0.31055905706273695,1.9319972948952198
17.0,78.0,True,0.43331945481506234,0.29241421848360183,1.0527693041716673,0.270192512421697,2.4372619372316358
17.0,79.0,True,0.3913749634140461,0.2719300141503781,1.2321497301964808,0.6282747514645997,0.3669941485407204
17.0,80.0,True,0.4803498185293106,0.2431147131663026,0.9404849047380978,-0.004263161098490393,3.5095932896512245
17.0,81.0,True,0.40471781204210144,0.28397997340216813,0.8699836261432039,0.18436939518372156,1.491971911280512
17.0,82.0,True,0.3651841579607196,0.1887244103777993,0.7831709541786684,0.7421493904206113,0.1292504173938868
17.0,83.0,True,0.2843584196598443,0.24187599202320634,0.7831611174554407,0.7784608937931614,-2.5670110681563245
17.0,84.0,True,0.2529896143402701,0.12339460695317896,0.5243585642011533,0.4713025868482874,-3.6680979254758643
17.0,85.0,True,0.24608563536876452,0.06856176608546757,0.3848195880296387,0.18145037516474088,-3.938586327234356
17.0,86.0,True,0.26683201670171924,0.17448348379824646,0.6947828725047765,0.6869237818289584,-3.4860044005638615
17.0,87.0,False,,,,,
17.0,88.0,False,,,,,
17.0,89.0,False,,,,,
17.0,90.0,False,,,,,
17.0,91.0,False,,,,,
17.0,92.0,False,,,,,
17.0,93.0,False,,,,,
17.0,94.0,False,,,,,
17.0,95.0,False,,,,,
17.0,96.0,False,,,,,
17.0,97.0,False,,,,,
17.0,98.0,False,,,,,
17.0,99.0,False,,,,,
17.0,100.0,False,,,,,
18.0,1.0,False,,,,,
18.0,2.0,False,,,,,
18.0,3.0,False,,,,,
18.0,4.0,False,,,,,
18.0,5.0,False,,,,,
18.0,6.0,False,,,,,
18.0,7.0,False,,,,,
18.0,8.0,False,,,,,
18.0,9.0,False,,,,,
18.0,10.0,False,,,,,
18.0,11.0,False,,,,,
18.0,12.0,False,,,,,
18.0,13.0,False,,,,,
18.0,14.0,True,0.03621929842374511,0.03825756953435213,0.1110586571828817,0.6796152933321192,-10.483413763047366
18.0,15.0,True,0.47119425748202515,0.22110475378800337,0.9324151262218564,0.1669797058894748,3.1481996490488617
18.0,16.0,True,0.4314654027355711,0.13851830193751802,0.7149368898963382,-0.354862649967346,2.1054300848404797
18.0,17.0,True,0.3196658586894505,0.16082637877406766,0.6167666345577019,-0.003913987425629774,-1.48478830324474
18.0,18.0,True,0.40584396701123576,0.1665516766259504,0.6740801772929399,-0.28675243176686455,1.3513767396940097
18.0,19.0,True,0.4092008876392173,0.25744792687456264,0.8526841401920116,0.16265580869631419,1.637816090085813
18.0,20.0,True,0.33151540408883307,0.11880570460302999,0.5474263959971809,0.24394150958395314,-1.2134392195543027
18.0,21.0,True,0.3656408460067009,0.21188554669041046,0.7683575329684168,0.46292012261018745,0.3081447686245414
18.0,22.0,True,0.42177204632156945,0.09489501006122057,0.6401383694373317,0.3099721349563283,1.641621618663193
18.0,23.0,True,0.4112711471374351,0.2324824826949561,0.8222076899140519,0.3498868222780078,1.4190581950625165
18.0,24.0,True,0.3717627865396808,0.1774420874023614,0.6494010900090685,-0.03848708732014015,0.4978241108816773
18.0,25.0,True,0.2848138182384918,0.11541061603005685,0.4946950860146877,-0.1017371458228784,-2.64913657337825
18.0,26.0,True,0.3118741255809397,0.2180701972647735,1.0038044185579174,1.2180675217961783,-2.4590330987746074
18.0,27.0,True,0.339140877755358,0.1896831311757004,0.6920701099372677,0.028049223912094516,-1.193857662870689
18.0,28.0,True,0.29101760588202535,0.13182542106154704,0.5940219570063849,-0.07795809713493063,-2.516309878498149
18.0,29.0,True,0.3051964974470117,0.20779304848956315,0.7601839806627105,0.6202493750396096,-1.590409769634075
18.0,30.0,True,0.3650357378922731,0.18394624321485883,0.7612818720729375,0.34362068318519584,0.04390123575145281
18.0,31.0,True,0.2912864954852564,0.16056760546306734,0.5384413612754011,-0.35466449198503086,-2.1479272215334246
18.0,32.0,True,0.21982294401729707,0.11924425979194676,0.511647483025608,0.2590829533282907,-4.5521809885042765
18.0,33.0,True,0.23389276646341606,0.1247445787578194,0.4601529014895548,0.2580298140080485,-4.118497478044814
18.0,34.0,True,0.2497977278758248,0.16160205099135977,0.5905044852001121,0.24821076421068766,-3.8728440184315653
18.0,35.0,True,0.21744575543228212,0.17399808780254047,0.6764099755136964,0.8823667547170629,-4.719180952354072
18.0,36.0,True,0.2397323318619448,0.12544542027776773,0.4118596193571998,-0.33132910128905424,-3.8487342869733148
18.0,37.0,True,0.26491499905305865,0.1073933761848491,0.4589651002525623,-0.1712521946172814,-3.0386386528005223
18.0,38.0,True,0.16837440911237941,0.08560046443437597,0.319715939064546,-0.3678196096344861,-6.113503732638017
18.0,39.0,True,0.23733782247383503,0.1529877842219481,0.8963097549267771,2.426087558035426,-4.592105017070902
18.0,40.0,True,0.24233378257286808,0.1459822770346763,0.5628816876802909,0.4736517319920908,-3.949225386686992
18.0,41.0,True,0.3161422784634866,0.11987646797663626,0.5493866203364649,0.2704701279525207,-1.831739722449771
18.0,42.0,True,0.2792216479074299,0.12391696623929889,0.5299427091294772,-0.05784967739602692,-2.918127371258369
18.0,43.0,True,0.25237938417415706,0.14620630217275798,0.4957252014689107,0.08824768858780427,-3.4841273960132964
18.0,44.0,True,0.25106027566653416,0.14802724960100805,0.5654306512042351,0.5262802104499682,-3.8827067993826754
18.0,45.0,True,0.24961992480818537,0.14055081915181947,0.496800272676765,0.2581889043080927,-3.582045268221186
18.0,46.0,True,0.25163974698577163,0.11850759753065586,0.4345803427325688,-0.23238884554729777,-3.543692098229249
18.0,47.0,True,0.27412866019299703,0.14847571215221722,0.6329274571495883,0.7147744449600839,-2.8396604371129937
18.0,48.0,True,0.2619608169824065,0.11728757973427259,0.505405078707902,-0.0747890969978841,-3.189162492789552
18.0,49.0,True,0.1929765056453471,0.08459263011594609,0.4056094927275634,0.45444261554998494,-5.510309002981578
18.0,50.0,True,0.14735650096137598,0.07143598985972856,0.2746950199423538,-0.5113856886260586,-6.793217846710593
18.0,51.0,True,0.1962764882895952,0.08150359091719708,0.3579764900084173,0.033292891891242994,-5.348226983000566
18.0,52.0,True,0.23135516461165023,0.1076951639268318,0.4318205195801469,-0.08739328396122623,-4.5338929680836975
18.0,53.0,True,0.19357931376950255,0.13214221815522,0.4091440627282361,0.22136986038179446,-5.293990776286184
18.0,54.0,True,0.23192728665427637,0.13332830443261273,0.5315946557347572,0.44474710000912626,-4.213906870743481
18.0,55.0,True,0.22273023597941255,0.13822780243380434,0.5360321171746706,0.5666279123672133,-4.553946569309985
18.0,56.0,True,0.15601158040074292,0.09764962864221975,0.369786426302056,0.5966347906590607,-6.704295288226109
18.0,57.0,True,0.18608214181804159,0.0792930151993945,0.3620672224099647,-0.20631082801282177,-5.771978680028868
18.0,58.0,True,0.1711796785155901,0.10014448189618705,0.4038566099744501,0.11315635443652443,-6.076802680173806
18.0,59.0,True,0.1897219707091454,0.11316679937324181,0.4626238019879606,0.7184657043278557,-5.661060728601767
18.0,60.0,True,0.17749895911940314,0.10742742115700671,0.3808430914969081,0.2880269598449992,-5.962497167366332
18.0,61.0,True,0.1828269394541328,0.10006003214886303,0.3941906961387289,0.2685529757142614,-5.741508506077376
18.0,62.0,True,0.1853023365769566,0.09343964187799077,0.3629806866013065,-0.0025299308806980337,-5.774776977765744
18.0,63.0,True,0.163902261651942,0.15628801590629202,0.5411076584208602,0.6854968336494413,-6.451347948638719
18.0,64.0,True,0.16802104597541134,0.074474994800134,0.2995937277771844,-0.3493510225719239,-6.216270415381689
18.0,65.0,True,0.08971742141983466,0.10245758556918447,0.3804204169362959,1.5752305934118482,-8.73328080078369
18.0,66.0,True,0.13646160597949594,0.08073732544785635,0.4168183258790088,1.4219427883341367,-7.540345954885905
18.0,67.0,True,0.20793517665153777,0.07156767209486907,0.3294583973108063,-0.6791259088766309,-5.044346075291178
18.0,68.0,True,0.2557082668021946,0.11095343718361354,0.4811924813887638,-0.1672237151152748,-3.499164560958058
18.0,69.0,True,0.08378166111609812,0.09219926045567821,0.3427154357086767,1.5808208673593618,-8.835206265030143
18.0,70.0,True,0.16081255827764437,0.10227692864267657,0.4416582684168916,0.6730200522855019,-6.700017697177354
18.0,71.0,True,0.09501201305586408,0.09847834363865396,0.2913351708784747,0.6975096145304501,-8.527043831577583
18.0,72.0,True,0.20206336417727397,0.11339980618523676,0.4677407532644974,0.05488643565039152,-5.3682129053451275
18.0,73.0,True,0.20408148899035067,0.12207811588151209,0.4163385013905863,0.38260513008560576,-5.289241927172498
18.0,74.0,True,0.19130540972409724,0.07282469952928988,0.3742295906609483,0.3861402874761158,-5.65994075578185
18.0,75.0,True,0.23319252655302963,0.1642831828758434,0.65427116381485,0.5836651784315796,-4.171086766826066
18.0,76.0,True,0.3615561796992807,0.1414321355720597,0.7549598590777742,1.0305555168560563,-0.12320264884091318
18.0,77.0,True,0.32617271436376966,0.15717423828680632,0.6281038866029423,-0.5974117573505826,-1.5196898525567
18.0,78.0,True,0.2776840773989601,0.17681569714278964,0.6878297273825767,0.7037466076313812,-2.719331752465116
18.0,79.0,True,0.4283994007299201,0.16320678155905,0.9807178950485536,1.1998534027830725,1.7007626540080776
18.0,80.0,True,0.4906681207365257,0.18328738755181198,0.7719307859305912,-0.12170359366925582,3.7962778081304203
18.0,81.0,True,0.21355095935400706,0.09756985142570646,0.4864564253003429,0.5096027340352621,-4.976728944796926
18.0,82.0,True,0.38811260866935005,0.18063713917590074,0.6678522502112039,0.11024734584761757,0.5034190221775299
18.0,83.0,True,0.4007394354631421,0.1384191760265301,0.5938716515582874,-0.4516086065558012,1.029183962906515
18.0,84.0,True,0.29547549800745176,0.12556587610880204,0.5203155850963145,-0.007813851408769395,-2.0814505674243997
18.0,85.0,True,0.3869983014776537,0.16414470204301507,0.7277081228018992,0.31654456356236743,0.6735440311973897
18.0,86.0,True,0.394134804011147,0.23907523926041754,1.073652834984214,1.190634736191682,0.5750887087434551
18.0,87.0,True,0.19359739459825037,0.11816121898055343,0.468057299888032,0.3580142304317315,-5.317277658129659
18.0,88.0,True,0.015907585081767418,0.025820751603960874,0.0920102250351476,1.8752654366377346,-11.083174580842662
18.0,89.0,False,,,,,
18.0,90.0,False,,,,,
18.0,91.0,False,,,,,
18.0,92.0,False,,,,,
18.0,93.0,False,,,,,
18.0,94.0,False,,,,,
18.0,95.0,False,,,,,
18.0,96.0,False,,,,,
18.0,97.0,False,,,,,
18.0,98.0,False,,,,,
18.0,99.0,False,,,,,
18.0,100.0,False,,,,,
19.0,1.0,False,,,,,
19.0,2.0,False,,,,,
19.0,3.0,False,,,,,
19.0,4.0,False,,,,,
19.0,5.0,False,,,,,
19.0,6.0,False,,,,,
19.0,7.0,False,,,,,
19.0,8.0,False,,,,,
19.0,9.0,False,,,,,
19.0,10.0,False,,,,,
19.0,11.0,False,,,,,
19.0,12.0,False,,,,,
19.0,13.0,True,0.025641489342574496,0.032875502551473534,0.1053170620554653,1.0683468600720356,-10.808553799607157
19.0,14.0,True,0.30729373205360905,0.09766114273377939,0.4653396559271939,-0.0967447556582003,-1.8390992176374117
19.0,15.0,True,0.46298867037357144,0.18919457886734817,0.7744471513485045,-0.24742336175534507,2.7984892522886824
19.0,16.0,True,0.4159523663268723,0.16537588797567176,0.7264655328664116,-0.0033502269206407563,1.706080835162078
19.0,17.0,True,0.32955158254503486,0.15351580084057867,0.6224046542120442,0.5520320934193773,-1.3265893611780475
19.0,18.0,True,0.34916016090403074,0.14718498145397046,0.6803064013026695,0.11286966354423164,-0.8935861739196129
19.0,19.0,True,0.31764435676366104,0.09520345734343164,0.5188463101963612,-0.007518353640263231,-1.5108035725393378
19.0,20.0,True,0.27832333336715553,0.2151126741180863,0.7303597195811001,0.5005366374082346,-2.7063427779842892
19.0,21.0,True,0.39734401466239266,0.21571195405948648,0.8313862547640203,0.20323559569058736,0.503579339298881
19.0,22.0,True,0.39898339805416216,0.18791252221438456,1.066923997120422,1.5448221229593546,0.7088035439435763
19.0,23.0,True,0.29699013641524474,0.1759157577762269,0.6592302782188657,0.4393357732662406,-2.326551383274862
19.0,24.0,True,0.2175161385634683,0.15760796259611554,0.8150608507530014,1.5702023359715462,-4.90939222248944
19.0,25.0,True,0.27706680734156924,0.15514426370895987,0.5742896178589812,0.3505503384645246,-2.719567843539806
19.0,26.0,True,0.3548373453570179,0.16225688179082354,0.8569023553382163,1.1950755700814428,-1.0880104721631705
19.0,27.0,True,0.2159182918670573,0.0712108075956722,0.3324041017933694,-0.20337452141121723,-4.734114198585228
19.0,28.0,True,0.3395975737999063,0.2182432321757413,0.7346892798594342,0.39341898446151385,-1.0432212876837637
19.0,29.0,True,0.2927590183469032,0.12551737230841134,0.5022794271639439,-0.4056604542243323,-2.2332276161494535
19.0,30.0,True,0.22195505529534085,0.10632403148188853,0.4221285186469732,-0.21361335789609384,-4.501967878277198
19.0,31.0,True,0.22431861958511085,0.09352809510994012,0.4450507557197077,0.4518364765878658,-4.443737303033323
19.0,32.0,True,0.3086322339520779,0.1716972941404121,0.7652074744469829,0.7892946478880699,-1.8891672501024386
19.0,33.0,True,0.22928293401553104,0.13479317100876836,0.5581419167274634,0.44177015314078283,-4.641693221849452
19.0,34.0,True,0.26823335361366213,0.13094890847988208,0.6364464640661028,0.5577158712011242,-3.535747394948555
19.0,35.0,True,0.24299758011416772,0.13195395217345582,0.4927487449953058,0.18167649350008566,-3.728364741615513
19.0,36.0,True,0.3304025158046048,0.10086961573516466,0.480740742141962,-0.35433436276954683,-1.2412026846684387
19.0,37.0,True,0.22663327679682288,0.18010990598198834,0.934238244193336,2.067611683180877,-4.922610888331114
19.0,38.0,True,0.17447282239360604,0.14874703260706054,0.5508500343012059,1.1827427556196828,-6.057198275852169
19.0,39.0,True,0.1955511109541517,0.07142203944769186,0.3615130992966507,0.05914876954213069,-5.34003550820831
19.0,40.0,True,0.18112998537406946,0.05232607875999538,0.2785174894005057,0.050548379106188146,-5.861771311335431
19.0,41.0,True,0.14552502149110505,0.09108054681906214,0.3254364658775436,0.24434037361726554,-7.041309699395506
19.0,42.0,True,0.2561469175580818,0.11065309424633453,0.4685148616204073,0.32825237958711456,-3.502814971982514
19.0,43.0,True,0.3652595557696218,0.15577252471064032,0.721030966362258,0.4437916805419028,-0.121454225791254
19.0,44.0,True,0.25060787602317647,0.17122111672406481,0.5881381958662303,0.08644632340046057,-3.985416737654761
19.0,45.0,True,0.2754439031142791,0.11643950752600381,0.5471478393193281,-0.10049442932172563,-3.0785115358874666
19.0,46.0,True,0.282110732611553,0.181804219598623,0.7763271503884608,1.211168229186387,-2.6607457193510102
19.0,47.0,True,0.22351976708427945,0.1739003119140466,0.7723960151571757,0.9570682149665206,-5.007777282518436
19.0,48.0,True,0.14619833299128976,0.10347322846664074,0.3855084253823694,0.8518179250689147,-7.188317670093025
19.0,49.0,True,0.2646731672236463,0.18605838138423425,0.6822308077881748,0.8454074681909037,-3.439943632958633
19.0,50.0,True,0.0669745736012149,0.06213250467366027,0.1875403222478904,0.24294023193390787,-9.57566230910531
19.0,51.0,True,0.20210890592998676,0.10642756596611902,0.3808563514822,-0.12850213420359652,-5.333013156923663
19.0,52.0,True,0.12218358791619967,0.07903923583439745,0.2823617608449844,0.053678714018076314,-7.66155245417535
19.0,53.0,True,0.15042863087415712,0.11412189149987038,0.3886739089540038,0.3188026371409929,-6.897881238904582
19.0,54.0,True,0.12683615989281155,0.08755890524760722,0.2906653347624703,0.09912776755906887,-7.628554498509731
19.0,55.0,True,0.13574084504587322,0.08323057438062739,0.3212275709167609,0.39767586249573617,-7.482214397952813
19.0,56.0,True,0.22393130766851593,0.11346924624984565,0.4359944646136329,-0.05639615140565055,-4.5024983143802855
19.0,57.0,True,0.26517975055876297,0.16180834668147104,0.5427791080410485,0.011826136209424595,-3.1830487583111515
19.0,58.0,True,0.15009787739918115,0.08832128404774464,0.405374724076171,0.6876667395679475,-7.074307886508309
19.0,59.0,True,0.18516872104767984,0.08658716481638337,0.3286182467547323,-0.2046288232391786,-5.765657691706745
19.0,60.0,True,0.18154548269054105,0.14946631596021862,0.4848590580391184,0.7212508744841711,-5.935943031326064
19.0,61.0,True,0.1922833823274187,0.13199300836882782,0.5573243605672723,1.3243454847903104,-5.311457919427251
19.0,62.0,True,0.1589199265856011,0.10812369985347656,0.3251379821401646,0.05178297049027915,-6.543418395569762
19.0,63.0,True,0.18745589835954746,0.1578890951856725,0.6059808101280433,1.2523268415123525,-5.509299904863341
19.0,64.0,True,0.1648730737036466,0.08726433661663067,0.3547565438621984,0.20923158489857974,-6.350272472838342
19.0,65.0,True,0.17921092421675433,0.0524444766008454,0.3055872027628358,-0.2922254246537553,-5.9049774784816025
19.0,66.0,True,0.17670816652642826,0.09967395985301199,0.3577052483127853,-0.3121869080201936,-6.19461517548272
19.0,67.0,True,0.19145535776037115,0.09978769998386045,0.3589234722273092,-0.29583450477828815,-5.554569991430907
19.0,68.0,True,0.1980834855914149,0.07790068533272335,0.3524402663741842,0.2969990788973792,-5.317637558525638
19.0,69.0,True,0.1777501285186328,0.1265406846012301,0.4249215171575537,0.22925466463677238,-5.871270355665887
19.0,70.0,True,0.18518932311235825,0.1283144575704971,0.679905349857948,1.4612272583134667,-5.8962751887978095
19.0,71.0,True,0.11913571180208385,0.041696529308415525,0.1852969347594946,-0.8544194072477993,-7.737491111696835
19.0,72.0,True,0.165279424032848,0.09009621483119386,0.3594860378324103,0.19687690883121498,-6.36744019246484
19.0,73.0,True,0.161647812307914,0.13182242300134453,0.4904568736948957,0.7799763706884167,-6.655198014095176
19.0,74.0,True,0.2407529378517592,0.21075265981131738,0.7357332915659095,0.7617172586202384,-3.9211126233015436
19.0,75.0,True,0.28201877816971094,0.1308844678649409,0.5749390154380731,0.10658377166870067,-2.6136351512088782
19.0,76.0,True,0.26612702435295865,0.16760496552968435,0.7010376556014484,1.0942258025332994,-3.197674095479348
19.0,77.0,True,0.2724225785222121,0.10474097809552758,0.4420878787576804,-0.7255483971007098,-2.91743799269247
19.0,78.0,True,0.2441099965578482,0.11206218956467703,0.4413660096349882,-0.10604303394677314,-3.8459942796365127
19.0,79.0,True,0.33852290884149666,0.17641550084962018,0.6098494457386413,-0.2128105897663027,-0.9378584120445084
19.0,80.0,True,0.31467128089024643,0.1478713383994713,0.6410748212609175,0.6009208101010245,-1.536935592331199
19.0,81.0,True,0.3898247730298814,0.18803244359712998,0.7035568124465299,0.004725085651472227,0.8063821972099772
19.0,82.0,True,0.352476507438259,0.21917193814711589,0.845977635948317,0.644775439431236,-0.009955862535302548
19.0,83.0,True,0.28631622522005196,0.15398307821360313,0.8099947918535074,1.4203003419083375,-2.961913070084111
19.0,84.0,True,0.3309075507359558,0.16145141694654927,0.6637183929867194,0.20478633267263152,-0.861047320893388
19.0,85.0,True,0.40548483085194953,0.2742049717414118,0.9953421529470452,0.47099319260045747,1.5260159521857515
19.0,86.0,True,0.3608874381858854,0.22822761047329532,0.8829838006549288,0.5555007215349432,-0.1790961128290326
19.0,87.0,True,0.2987935672365962,0.14549782449392007,0.6525168856911392,1.231282440324015,-2.095208122802376
19.0,88.0,True,0.1705104055200848,0.10576484227346183,0.3813481362376841,0.1569414532636135,-6.168573853255489
19.0,89.0,False,,,,,
19.0,90.0,False,,,,,
19.0,91.0,False,,,,,
19.0,92.0,False,,,,,
19.0,93.0,False,,,,,
19.0,94.0,False,,,,,
19.0,95.0,False,,,,,
19.0,96.0,False,,,,,
19.0,97.0,False,,,,,
19.0,98.0,False,,,,,
19.0,99.0,False,,,,,
19.0,100.0,False,,,,,
20.0,1.0,False,,,,,
20.0,2.0,False,,,,,
20.0,3.0,False,,,,,
20.0,4.0,False,,,,,
20.0,5.0,False,,,,,
20.0,6.0,False,,,,,
20.0,7.0,False,,,,,
20.0,8.0,False,,,,,
20.0,9.0,False,,,,,
20.0,10.0,False,,,,,
20.0,11.0,False,,,,,
20.0,12.0,False,,,,,
20.0,13.0,True,0.2981687127189584,0.15704982076154167,0.5785425162696597,-0.14074082675370359,-1.9789046838358955
20.0,14.0,True,0.41810111255130283,0.15542670154964086,0.7226144047162352,0.00607641451687722,1.60575535827866
20.0,15.0,True,0.34056918365990646,0.21692075927616944,0.9370504271929851,1.1604635573892785,-0.8019290481675729
20.0,16.0,True,0.3147027801862898,0.18269754703778843,0.636832133696236,-0.18364147073265472,-1.4975060135292793
20.0,17.0,True,0.3194025737038636,0.16492757010122103,0.6778679015059804,0.7743987882182751,-1.5022524445279783
20.0,18.0,True,0.29871766784514703,0.16818108373412513,0.717369466849497,0.42952575762941775,-2.528812311876605
20.0,19.0,True,0.5308001609874465,0.23793322003491307,0.9794093068213036,-0.029729172610643638,5.268203455969554
20.0,20.0,True,0.3949111421838133,0.23764419121078548,0.8579763872942895,0.274624554847334,1.1577000961379589
20.0,21.0,True,0.3253624164442917,0.16109638244117158,0.5422942600897823,-0.47687744515777586,-0.9716832366515629
20.0,22.0,True,0.2405520545612696,0.10133899209680569,0.4104001970887224,-0.37629590477949043,-3.9321296092099853
20.0,23.0,True,0.3720680345626657,0.15281944176825069,0.632376973300483,-0.21885454571741583,0.46626255431822433
20.0,24.0,True,0.3475922035857395,0.21118267560429657,0.8184665219905392,0.411697177720779,-0.21088647243384503
20.0,25.0,True,0.1750875152949837,0.10044837678845915,0.4466439096516769,0.908592922934107,-5.946482173589843
20.0,26.0,True,0.31124155095890216,0.14813992021410843,0.5946518348230528,-0.3492950848666793,-1.4578578901720478
20.0,27.0,True,0.2285811561358547,0.10785769430878885,0.5189840980827859,0.24438949975175273,-4.697860887441594
20.0,28.0,True,0.3148522134068692,0.236224060290903,0.7858571308609428,0.7485976703218923,-1.4142892481250082
20.0,29.0,True,0.22821590816213175,0.1118794522039933,0.434279528521788,0.11282986362773506,-4.270634885527174
20.0,30.0,True,0.294735721403541,0.1391596916611641,0.5770999413650344,0.353617064597653,-2.237797450094198
20.0,31.0,True,0.39415068250796254,0.14574213255735974,0.6525141300603351,0.17736835840335413,0.3670479625616977
20.0,32.0,True,0.3395378994150572,0.14173770919884038,0.6139167261534921,0.14109469395932253,-1.0750070936895584
20.0,33.0,True,0.30585886735517587,0.18367747293896253,0.7035248206824078,0.4607932838696216,-1.8486325640185475
20.0,34.0,True,0.2377943777425444,0.13750829451139873,0.6223614440759255,1.1801148087976143,-4.117016691030647
20.0,35.0,True,0.2888676716133464,0.10166877509758505,0.5010325885567098,0.08201857555602304,-2.494424017901075
20.0,36.0,True,0.22162901229845514,0.12744425240166055,0.4402850640919245,0.04046554070967385,-4.346736692221039
20.0,37.0,True,0.30104250454277565,0.16113028731138673,0.6738425368291509,0.6489785603646367,-2.010255565207237
20.0,38.0,True,0.22997093975055294,0.19808159296295555,1.0103165907141545,1.7328945244548857,-4.9444757109001145
20.0,39.0,True,0.27175726804481604,0.1381236606254312,0.5138560143324591,0.08032171005176315,-2.9374988859512148
20.0,40.0,True,0.26339221447994876,0.11677142424341601,0.4861172512758772,-0.2606638241937401,-3.192703766562955
20.0,41.0,True,0.294929710884046,0.1375623368864992,0.6436336179705853,0.4506869355162581,-2.407064099457765
20.0,42.0,True,0.33698474921936633,0.18263695948085493,0.7207288247462492,0.1735872926159956,-1.0307690036895887
20.0,43.0,True,0.3247189234258622,0.12669433531481042,0.5467572686143672,-0.575860349190612,-1.2267640802392403
20.0,44.0,True,0.2999509553648672,0.18653691848450607,0.6336412499870185,0.18424904963110492,-2.3199660740892867
20.0,45.0,True,0.25576396687989206,0.15275981527692065,0.5089402018676654,0.08563238997938168,-3.4471939179080007
20.0,46.0,True,0.2020054815280026,0.10552459478814162,0.4306584794295101,0.3022577596029393,-5.263451792727416
20.0,47.0,True,0.20654665877594106,0.11569324192267044,0.473587980600795,0.1092101555575549,-5.292898300616786
20.0,48.0,True,0.1809218446853839,0.17440388606574495,0.7443566443814659,1.238080645909288,-6.355280165540587
20.0,49.0,True,0.19429542282607654,0.07497095781065334,0.3482181919770402,-0.14869949100464058,-5.567356622361339
20.0,50.0,True,0.16021416236086214,0.12753713464471272,0.4818014531130553,0.9027755503075516,-6.398026233754879
20.0,51.0,True,0.1595786216626506,0.12190780704018964,0.4012946225435943,0.32969898525229724,-6.505440886502973
20.0,52.0,True,0.19766274312674878,0.1308197621105331,0.4223570612139656,0.2489870198710203,-5.1990924721334055
20.0,53.0,True,0.18722491626283175,0.1489479778727266,0.4575159578751026,0.385886088178,-5.899313563395816
20.0,54.0,True,0.13082472508510634,0.13272031643637477,0.5468556867298987,1.523591351595485,-7.880304747687451
20.0,55.0,True,0.190393132121257,0.11331733904127378,0.4623266202625311,0.7453992914671065,-5.736022838091771
20.0,56.0,True,0.25630993967393717,0.11371194519033881,0.5023223155064805,0.35284620692227475,-3.4122385214690762
20.0,57.0,True,0.15639776039490927,0.11014635857052121,0.5172900471971384,1.00133085897389,-6.900484390942264
20.0,58.0,True,0.1019273579868658,0.11259655483683237,0.3754340448682058,0.9975604983183757,-8.320475481045781
20.0,59.0,True,0.18561107557632064,0.14684667726218348,0.5427321498785075,0.8433594397806947,-5.636672888800266
20.0,60.0,True,0.2606804361428136,0.08785004386393491,0.4721146685423047,0.3041164042675268,-3.549203472781828
20.0,61.0,True,0.16144777357331638,0.10986413156004386,0.4940964696129154,0.7561243203171902,-6.693181875089363
20.0,62.0,True,0.28311300261183264,0.1748262197772377,0.6331952319774011,0.3286745475499652,-2.953838829487869
20.0,63.0,True,0.20774931611838837,0.09924007453860403,0.4655487485206702,1.0736306636712567,-5.000720923923361
20.0,64.0,True,0.17496805019213893,0.08879644168599804,0.32953264044013,-0.28032550742839984,-5.9423128610278155
20.0,65.0,True,0.11446372865928264,0.05450381431002232,0.2108376628026377,-0.13692460945636092,-8.012252139374388
20.0,66.0,True,0.12511518864757498,0.10473093057850331,0.5510486944112672,1.9251978186507368,-7.858030319560794
20.0,67.0,True,0.16013145841167042,0.0910113992600588,0.3393511406695717,0.21327090427741152,-6.547943188318089
20.0,68.0,True,0.12735735142850504,0.09568576891096275,0.3453281386027172,0.6986909203216796,-7.699032189546527
20.0,69.0,True,0.21035799771571273,0.17913280502706072,0.7079092713320762,1.4643716745800566,-4.998515799382381
20.0,70.0,True,0.08011875442042565,0.05930003844810481,0.2094060335719375,0.34991603933250776,-9.067529078918158
20.0,71.0,True,0.16195133680124965,0.0956733196584492,0.3105228372949809,-0.10810561579964825,-6.55647679759408
20.0,72.0,True,0.11691005383126565,0.08041809418183342,0.3704114092454063,0.9859105279437537,-8.007099614932603
20.0,73.0,True,0.15635150853085214,0.12178216370809924,0.3518565171046049,0.09127377222889606,-6.744814403254545
20.0,74.0,True,0.14745055778476845,0.13291981783069162,0.4662843999716751,1.0333701755960354,-6.737638094585493
20.0,75.0,True,0.23090958189838676,0.15324370565448994,0.5887068658914105,0.29460126108926105,-4.552304918752056
20.0,76.0,True,0.1917706410581561,0.1558054258085207,0.6179417369380649,1.1750315044130528,-5.695139344722365
20.0,77.0,True,0.19697973063300464,0.11984349172725142,0.5151806625879637,0.8724814675034632,-5.812076519653329
20.0,78.0,True,0.20482450145042602,0.1333539019594165,0.6984548453769629,1.6939523918435424,-5.573734261761571
20.0,79.0,True,0.2436738306162461,0.11492571037868378,0.574839841022426,0.15488981150742354,-4.121678266838189
20.0,80.0,True,0.20912116846117543,0.1332096151610258,0.5687023949259704,0.6098408053139419,-5.193536308172036
20.0,81.0,True,0.2607020864500827,0.09287413559722375,0.4511143485500041,0.5247920450357506,-3.421484182775014
20.0,82.0,True,0.34944219828945094,0.08418380647747171,0.4749755207362751,-1.541931990274793,-0.5267480478079444
20.0,83.0,True,0.426293111164134,0.14587250589775339,0.7078503583875063,-0.37996843235425637,2.1418142657815165
20.0,84.0,True,0.3444522431738602,0.15730031238393183,0.5989965159323899,-0.022046356393963816,-0.7366172718313896
20.0,85.0,True,0.5360586761172098,0.2277340508071478,1.0150796513892708,0.5326708338675668,4.953200618598542
20.0,86.0,True,0.3602214606343422,0.1930018841728584,0.8364346856551592,0.9892504452332302,-0.6126118537905414
20.0,87.0,True,0.34002686828624656,0.17639830019929653,0.6694587881275167,0.3566594896211622,-0.9583881339544966
20.0,88.0,True,0.32053838647228833,0.12131251784101921,0.6019492885047713,0.5546578728011898,-1.55127457302387
20.0,89.0,True,0.14762469819488544,0.11461929541091274,0.5039286295624553,1.1725170034933192,-7.05824733393474
20.0,90.0,False,,,,,
20.0,91.0,False,,,,,
20.0,92.0,False,,,,,
20.0,93.0,False,,,,,
20.0,94.0,False,,,,,
20.0,95.0,False,,,,,
20.0,96.0,False,,,,,
20.0,97.0,False,,,,,
20.0,98.0,False,,,,,
20.0,99.0,False,,,,,
20.0,100.0,False,,,,,
21.0,1.0,False,,,,,
21.0,2.0,False,,,,,
21.0,3.0,False,,,,,
21.0,4.0,False,,,,,
21.0,5.0,False,,,,,
21.0,6.0,False,,,,,
21.0,7.0,False,,,,,
21.0,8.0,False,,,,,
21.0,9.0,False,,,,,
21.0,10.0,False,,,,,
21.0,11.0,False,,,,,
21.0,12.0,True,0.1900234756237001,0.1543279219889512,0.6011515931310624,0.5719129254660159,-5.8612038909486985
21.0,13.0,True,0.3131893895488469,0.1696045968855117,0.634281339079648,0.3201302154309352,-1.6679693024164954
21.0,14.0,True,0.27204144484863596,0.1770756314259281,0.7239647139986506,1.0213758845794758,-2.966195216454971
21.0,15.0,True,0.26890655944239894,0.17078857774973813,0.647317450181215,0.314920470075382,-3.1268830147243483
21.0,16.0,True,0.33520573668568543,0.20668849794948557,0.7080866998918504,0.41470786466491805,-1.0386838902076396
21.0,17.0,True,0.2555411222252848,0.1352537505963459,0.4858632205340446,-0.26065797342877156,-3.5806239163045896
21.0,18.0,True,0.4271178419796174,0.16381940121203603,0.8055371940239879,0.37742767668001126,1.9004646543195278
21.0,19.0,True,0.44288343020345217,0.1956851337158765,0.9084394754813164,0.6315065887476965,2.612120732520326
21.0,20.0,True,0.27923206067959566,0.10866214641610691,0.5258201911828616,0.33434587228383533,-2.682474986903264
21.0,21.0,True,0.21359786455317312,0.15517959983786392,0.4901960785458228,0.5328886252997882,-4.527412098002504
21.0,22.0,True,0.23480044472626432,0.11402176488256893,0.4930549594348423,0.7836671684028781,-4.217761880322769
21.0,23.0,True,0.405035227170502,0.22468689794578223,0.9500980320913897,0.855996582347634,1.4004387532866591
21.0,24.0,True,0.27082626047595,0.14565878335382776,0.5326405576976119,0.12551674617439218,-3.165040951319198
21.0,25.0,True,0.27251742823966785,0.13313923211943735,0.5409029603232968,0.35550067660679247,-2.9653097811760345
21.0,26.0,True,0.2531627876234026,0.13381416219879808,0.4831313196350795,-0.07979936831041547,-3.3139998159414055
21.0,27.0,True,0.347022403246158,0.21490055441333997,0.8016582782675428,0.42916874143976413,-0.6204504123212193
21.0,28.0,True,0.32513277613145647,0.11104282767110697,0.5283425894760244,-0.09939988456524539,-1.331812791941768
21.0,29.0,True,0.31609402385840224,0.17284939520224246,0.6922260444091,0.1897783183302932,-1.3890751591227677
21.0,30.0,True,0.3419900106874619,0.17298066291274802,0.7228852718977056,-0.019261757425323458,-1.1092549008391122
21.0,31.0,True,0.3414926368180135,0.18831984844056593,0.878194220089398,1.1932626831000945,-0.8155291134142901
21.0,32.0,True,0.2736260430169017,0.15562652913081398,0.635961556065001,0.21046435728452442,-3.168148832433529
21.0,33.0,True,0.19644123156690335,0.1424499555387681,0.4914046595791332,0.4388908262279341,-5.32637226262126
21.0,34.0,True,0.29402008231831767,0.13212373866162705,0.4396794591750245,-0.6869783136714008,-2.1640164990265944
21.0,35.0,True,0.22839365327971342,0.11197264519977615,0.4190793066231135,-0.2653357378780843,-4.3522089504140515
21.0,36.0,True,0.19658231781694024,0.08875166588386194,0.3593001505162346,-0.2710390176444616,-5.313891215653977
21.0,37.0,True,0.16756542080237008,0.13244913506878406,0.541749694621444,1.2624703190796451,-6.262843663622655
21.0,38.0,True,0.17517562558588828,0.10876466461912497,0.4223523263468121,0.2833666183843368,-6.129309508010757
21.0,39.0,True,0.16193169586520478,0.07154578916267451,0.3203523171949642,0.3217029329610529,-6.463184161075493
21.0,40.0,True,0.2248094282863254,0.09097750605340277,0.3853051044457198,-0.8717629237316642,-4.615320881490388
21.0,41.0,True,0.1863692334538763,0.11222013095740761,0.4343660770923127,0.3269968702004974,-5.589563717695917
21.0,42.0,True,0.31574563114711157,0.11783003195948598,0.5799634842372147,0.373513977455993,-1.634405737757991
21.0,43.0,True,0.30013701115104374,0.21759295928043879,0.8744643307717044,0.4783845549967036,-2.3281913608593996
21.0,44.0,True,0.3323574802027485,0.15391639788536457,0.6052437881075501,0.16882965122008411,-0.9931884576791845
21.0,45.0,True,0.2078739324885349,0.12267810420142694,0.432722825179584,0.19413522983177542,-4.822349100562993
21.0,46.0,True,0.19392515237715705,0.08113900983808353,0.3435131844242032,-0.4528964616200376,-5.36676300864574
21.0,47.0,True,0.21879508336706904,0.09900437301884611,0.3602943792586006,-0.481677181700889,-4.501036923449044
21.0,48.0,True,0.1404318196258263,0.0855611398479699,0.3060799237046513,0.10127194593608414,-7.022593546454118
21.0,49.0,True,0.07342450255572744,0.06841907325612422,0.1960847596406969,0.23053621947506406,-9.243310241594973
21.0,50.0,True,0.2671315765891691,0.10941131878935545,0.5051299619371048,-0.40726580531472706,-3.2507088978104948
21.0,51.0,True,0.1540503523681489,0.08072755385999851,0.3034653624830888,0.07803537233560058,-6.647191468005303
21.0,52.0,True,0.16855488818014105,0.11820239485486671,0.3713990516544055,0.30412891446103263,-6.383476142691757
21.0,53.0,True,0.22122572744016084,0.13406178392044688,0.51465282285306,0.34845552659624884,-4.742974811837958
21.0,54.0,True,0.15262326940340676,0.13611612591691888,0.4459454592445896,0.7544608101293803,-6.811079288752922
21.0,55.0,True,0.11185749323936782,0.0895058768061138,0.2837948596666043,0.39247307390386177,-7.979376652588759
21.0,56.0,True,0.2684808358480244,0.15084794971506318,0.5893832115924312,0.07600657384478951,-3.3802668658022554
21.0,57.0,True,0.1450656094796043,0.12321242075541122,0.4929601954228627,1.3725841014881082,-7.0796828478115215
21.0,58.0,True,0.17049868400428156,0.12101087106313785,0.4717708932496277,0.9859234028349398,-6.275675086162398
21.0,59.0,True,0.1940732406674067,0.11778968006846033,0.5332276558255359,0.5687372214250226,-5.733021979434517
21.0,60.0,True,0.17041662351598677,0.12691315351699636,0.4950631596768994,0.8935664818211255,-6.258890728029431
21.0,61.0,True,0.23922202703969084,0.17791255064964767,0.5469068934374589,0.29417346373807673,-3.8411395826670245
21.0,62.0,True,0.2103209564303094,0.10813436576383736,0.4580460223856987,0.6581271386366211,-5.016794545032409
21.0,63.0,True,0.2694999698340195,0.16857195332307714,0.6806085132760815,0.937829970535029,-3.082238966965864
21.0,64.0,True,0.21148443395682018,0.11379262690510927,0.4073855042746899,-0.22895920939764813,-4.704813776759238
21.0,65.0,True,0.20578378747863765,0.11215768774884016,0.439263698438717,0.21468429958189097,-4.921942132980115
21.0,66.0,True,0.21619657484159413,0.12435997588127094,0.5009275098906412,0.24367983337932572,-5.039261941055132
21.0,67.0,True,0.11663363537591051,0.08483180921579113,0.344257563799455,1.1449530495162574,-7.929707986166616
21.0,68.0,True,0.18379977160882632,0.11461877011175393,0.4576582734501299,0.31185837493086305,-6.068579108679654
21.0,69.0,True,0.23565335654524194,0.16077947241058108,0.5628359566827317,0.39951435903101695,-4.5598235103390845
21.0,70.0,True,0.16350430159482768,0.11304540440713003,0.3919955537805757,0.1817908900278656,-6.487345044021942
21.0,71.0,True,0.2073414921104603,0.12747710246022548,0.5076496195172391,0.446284175232722,-4.794445759921259
21.0,72.0,True,0.1950555807348674,0.1144605870661069,0.3821239007271888,-0.07396008185381998,-5.255101520574786
21.0,73.0,True,0.22926342767020522,0.15505828491346654,0.6845408370022009,1.1210745026142843,-4.877237720809791
21.0,74.0,True,0.11429862356820536,0.07804046421437405,0.3176608526458389,0.7115658306317397,-8.033054396543836
21.0,75.0,True,0.2234151961247451,0.09890825523058784,0.4206412804931773,0.3793474662297335,-4.684554137542031
21.0,76.0,True,0.21893466933504846,0.11568941939176694,0.4404537397909567,0.12194144474565383,-4.738706780463718
21.0,77.0,True,0.25591516568694234,0.1455321348864519,0.5892596426393147,0.1786768595614024,-3.729861130616025
21.0,78.0,True,0.2084001024029695,0.14103195280290065,0.4703592923366199,0.44516831228366416,-4.831692945194729
21.0,79.0,True,0.12476535996269451,0.10083573321292398,0.2996056370604403,0.21803762710695465,-7.635972098951817
21.0,80.0,True,0.29484054384160796,0.15116563192691573,0.5788492280137919,0.30877638647456845,-2.2631597416908424
21.0,81.0,True,0.27605351959729796,0.1596025708221964,0.5517205428881089,0.06714473373244398,-2.6380632225626077
21.0,82.0,True,0.3291531764899085,0.11550940354892364,0.5779127873176966,-0.14903750341474362,-1.3454491966128006
21.0,83.0,True,0.3535362229339223,0.19687065901345877,0.8666466054815847,1.2094578512844938,-0.42171918985471085
21.0,84.0,True,0.38710764070398873,0.22256486238978948,0.8467111237597857,0.5635321826583953,0.8469260589240964
21.0,85.0,True,0.3985428833749718,0.21822829666742247,0.9060062247581658,1.0528556224216328,1.1769282903338554
21.0,86.0,True,0.4683603183279767,0.2259128859870351,0.8368113277500305,0.17686398862847458,3.5037188780832587
21.0,87.0,True,0.43560148832254103,0.17156554096966156,0.791394002056298,0.03616531779761183,2.0629614552965654
21.0,88.0,True,0.34496804119185887,0.11512973754040311,0.6181897438286428,0.4969839417514059,-0.9189194407422054
21.0,89.0,True,0.3443143999176098,0.18560386085644198,0.939222937471974,0.45408323360914454,-1.3294763366164828
21.0,90.0,True,0.15873145658335291,0.09784643252711898,0.3540703645661548,0.4237470148115955,-6.553002816894552
21.0,91.0,False,,,,,
21.0,92.0,False,,,,,
21.0,93.0,False,,,,,
21.0,94.0,False,,,,,
21.0,95.0,False,,,,,
21.0,96.0,False,,,,,
21.0,97.0,False,,,,,
21.0,98.0,False,,,,,
21.0,99.0,False,,,,,
21.0,100.0,False,,,,,
22.0,1.0,False,,,,,
22.0,2.0,False,,,,,
22.0,3.0,False,,,,,
22.0,4.0,False,,,,,
22.0,5.0,False,,,,,
22.0,6.0,False,,,,,
22.0,7.0,False,,,,,
22.0,8.0,False,,,,,
22.0,9.0,False,,,,,
22.0,10.0,False,,,,,
22.0,11.0,True,0.030009310240632116,0.03280639579982813,0.0980031780831436,0.8218863451666728,-10.650811806178195
22.0,12.0,True,0.22729069396804572,0.1636935781614841,0.620268362366216,1.1590974942896568,-4.840014958749966
22.0,13.0,True,0.29882526553841476,0.13351076339220885,0.6321588695638728,0.9979341668581305,-2.2080414800486476
22.0,14.0,True,0.38857360883873243,0.11054662564252372,0.5441621740099934,-0.5086899648016728,0.8256434837184542
22.0,15.0,True,0.31185213237833254,0.1513587172078892,0.7031010341363655,0.13252780342931936,-2.2226980101362086
22.0,16.0,True,0.37475521808799517,0.2023304888294643,0.8370696613513816,0.7314896008864402,0.4226163893322242
22.0,17.0,True,0.4784560467423069,0.27733801304617,1.170748776218366,1.1528298114058357,3.3652396422431554
22.0,18.0,True,0.4120095937374966,0.119773462162306,0.6362119965966155,-0.3120703611474884,1.4098797526970368
22.0,19.0,True,0.4076083760037196,0.2122919768577259,0.7692291436178483,-0.5325465938899112,1.670088231446526
22.0,20.0,True,0.3563919469515491,0.18017512726576831,0.7403009296958184,0.26748905827059,-0.18372894666958267
22.0,21.0,True,0.48602379677801993,0.18758055982928726,0.8291843180727895,0.33928709588148026,3.970066862508221
22.0,22.0,True,0.39060651065802454,0.17961515500059289,0.7019696268474204,0.02351958917665779,0.7279174331298756
22.0,23.0,True,0.3171536526030582,0.100314945328534,0.5483554900252233,-0.25325312411273726,-1.7916283211663853
22.0,24.0,True,0.303205834632145,0.1966903105302834,0.7909397187450284,0.6178094005678993,-2.053508122622196
22.0,25.0,True,0.37145081783467154,0.14808644683249758,0.6126290542314797,-0.3354160384329843,-0.07868489410383203
22.0,26.0,True,0.2986896696571762,0.1334203497846059,0.5933958259587189,0.29807479884437194,-2.404379973144719
22.0,27.0,True,0.31981433139230286,0.1746227361391682,0.6285147152596415,0.10136181360969969,-1.5425605915726337
22.0,28.0,True,0.315243060585473,0.13586591692635513,0.5226285515017551,-0.5123904287531047,-1.547188149860429
22.0,29.0,True,0.38667060610247,0.16464730661183935,0.8072376566387474,0.43166347073505507,0.29401115597938426
22.0,30.0,True,0.25980182659153706,0.1282388031684127,0.4852006574338757,-0.03747542270448641,-3.2918487841652673
22.0,31.0,True,0.3505968433955652,0.20590544801437183,0.9766219798734154,1.0989066439393833,-0.8214888935613175
22.0,32.0,True,0.4245773393384753,0.14569807864606638,0.6788821778228857,0.35628116761426115,1.8541826310195866
22.0,33.0,True,0.17781510115022386,0.10785362446405208,0.4105730982865458,0.5886295857350826,-6.049900033505618
22.0,34.0,True,0.16989993424229471,0.1374663150010533,0.6087813045768105,1.323057628892075,-6.430077154723976
22.0,35.0,True,0.2519374286372592,0.23394076296175603,0.7278633154272689,0.6548465826156326,-4.155244757705512
22.0,36.0,True,0.20235741440289537,0.18232086038962209,0.6341250863891296,0.8304448397068073,-5.335038425004177
22.0,37.0,True,0.27724493592199134,0.1099379434769324,0.4660108986290488,-0.13770453993154094,-2.7418312036052312
22.0,38.0,True,0.19984921989751916,0.1276974166130455,0.6309855344880985,0.8225201956536464,-5.419162398032032
22.0,39.0,True,0.23113655383401244,0.16540766221888048,0.6292002162644869,0.7513097540251791,-4.320185400804713
22.0,40.0,True,0.2885166937747245,0.15723435235594688,0.7478490027526294,0.5809977736485115,-2.808000638579757
22.0,41.0,True,0.22466167731176467,0.09466135766688494,0.3528029193610645,-0.5876986366233363,-4.576638515826487
22.0,42.0,True,0.2459432676596149,0.13433845074510134,0.4978721285699235,0.18968273820964232,-3.6031103318848157
22.0,43.0,True,0.34583867610414765,0.11846988533272347,0.6503460034529082,0.6170958020374865,-0.7102603951229882
22.0,44.0,True,0.20925788924540384,0.12669368517359375,0.4552663754814937,0.008209802677678082,-5.000606293062556
22.0,45.0,True,0.25032109076989956,0.091521873721577,0.3935575031732327,-0.928459601373387,-3.855387119086246
22.0,46.0,True,0.20454001407039726,0.13496902880483433,0.5491491999745245,0.5498289814283183,-5.207157967172988
22.0,47.0,True,0.11168968526172844,0.08405677220217149,0.3965379767004093,0.8936723874039089,-8.199293976298387
22.0,48.0,True,0.12179015527271342,0.12494001175109047,0.4570415330290345,1.1620761765461154,-7.548821138030441
22.0,49.0,True,0.1111533429408475,0.07731627915136481,0.2684955444899953,0.2342138425957565,-8.154005469261444
22.0,50.0,True,0.18151021029416167,0.1000575616538965,0.3657859605712261,-0.03563918743089585,-5.912369054314977
22.0,51.0,True,0.20415323850481815,0.11767691410181635,0.510290739856117,0.9228503083325224,-5.421111492137707
22.0,52.0,True,0.22560712688474308,0.14894228277211424,0.5488490612311566,0.3716042209348188,-4.536230322271959
22.0,53.0,True,0.10982576078807649,0.1190101738615954,0.3953721256188322,1.2217848999845593,-8.067965888990974
22.0,54.0,True,0.16002564136325417,0.1279592641586464,0.4154649621226045,0.7099459716364989,-6.548061050891912
22.0,55.0,True,0.17626584717379568,0.08053425348778506,0.350171804791437,-0.2847542400152029,-6.239307094697721
22.0,56.0,True,0.27284654310294254,0.16861900179704656,0.7879419844565949,0.8324101816543183,-3.1213537919623047
22.0,57.0,True,0.18865735821120033,0.15786429330053628,0.5978120903932871,1.2411496270323572,-5.418568847766324
22.0,58.0,True,0.17503984457324423,0.12387792305419841,0.4080968514100722,0.4525778316681474,-5.97072880239931
22.0,59.0,True,0.2271796425847403,0.1814536634054332,0.6732535244495506,1.150757363729642,-4.668270287253692
22.0,60.0,True,0.21904988399948322,0.11932666916636443,0.4781011100172205,-0.05723413357263625,-4.880383469519332
22.0,61.0,True,0.17932977401604858,0.15620837275629296,0.5414410947160454,0.7418286448240234,-5.694983334015228
22.0,62.0,True,0.17596357716275313,0.11626390624401185,0.5720560138497974,0.8684372765583461,-6.3953123098783395
22.0,63.0,True,0.1830057323292654,0.09680874688464985,0.3699839509446871,0.11043218675367142,-5.910272471737033
22.0,64.0,True,0.23788582428163801,0.13926095534502891,0.5803430630685465,0.8011907876200911,-4.038010965093457
22.0,65.0,True,0.18796197036753415,0.158451437790253,0.6446258388786333,0.8765675297484203,-5.701741629351431
22.0,66.0,True,0.22439653529012019,0.13675160247124793,0.4493946795993376,-0.045445112856770685,-4.449917932989255
22.0,67.0,True,0.16501381917913024,0.1062097161697853,0.4878710772051282,0.7620347303206978,-6.766031575445708
22.0,68.0,True,0.2123117881477203,0.1099074386611003,0.4228139963949761,0.2565393354654972,-4.796967743196599
22.0,69.0,True,0.14299870026734174,0.10727004806770113,0.3972216246638211,0.4704310278057183,-7.060596793972443
22.0,70.0,True,0.08362771416533321,0.08028554545524066,0.284394160831656,0.7966031396464923,-8.911243186178112
22.0,71.0,True,0.10997511647301476,0.08853473928187645,0.4605432292170456,1.6526346361454318,-8.477824472454104
22.0,72.0,True,0.1854059669881021,0.10713825805209035,0.4016646015921704,0.15266571302435758,-5.845609757062114
22.0,73.0,True,0.2341059144515676,0.130969610970461,0.454891846758136,-0.501897832667777,-4.084117609913537
22.0,74.0,True,0.25748306651122627,0.14116540970017039,0.4369991639793232,-0.24465947580469544,-3.5670769108078577
22.0,75.0,True,0.17490120100164508,0.1276682807742692,0.5427988174993411,0.665136955737844,-6.219053672621416
22.0,76.0,True,0.20624573766875123,0.11745348677659595,0.4442905888790824,0.31044863790560084,-4.921535455732525
22.0,77.0,True,0.15805367846524263,0.1121792655165321,0.432233166241684,0.6173456398129274,-6.999462048675005
22.0,78.0,True,0.1067744467464781,0.09219559110001666,0.2949696146634452,0.5099118445970268,-8.078836488574963
22.0,79.0,True,0.20494407617165109,0.1833424689757902,0.8814230931199184,1.8909524214071023,-5.351960257371341
22.0,80.0,True,0.24618782846428372,0.16041830081264405,0.5357359626270208,0.31984292154969673,-3.613650391119982
22.0,81.0,True,0.1873807553516974,0.1461603691049249,0.4883766613729307,0.6648296497056754,-5.611401763845495
22.0,82.0,True,0.22855811827529846,0.1250426965086298,0.6658546846383251,1.158374417347871,-4.5145421814393005
22.0,83.0,True,0.2930420294503704,0.1519312762214921,0.65104300576724,0.8222716743484906,-2.3559353001624403
22.0,84.0,True,0.4308428202583575,0.20957705345196703,0.9967597418995788,0.5827995373071027,1.9453040274954558
22.0,85.0,True,0.413121205869039,0.13626412359099388,0.6681201976894484,-0.0756350785947998,1.4825626283473041
22.0,86.0,True,0.575969112357562,0.1305116639330938,0.773595544762703,-0.7651424232821104,6.515826880619851
22.0,87.0,True,0.4393712634762122,0.20567443123452653,0.7243446533462337,-0.3003169583564599,2.3082879042929476
22.0,88.0,True,0.41299910321832195,0.11093665472183771,0.7069147969795271,0.8438137726000201,1.3596801422587919
22.0,89.0,True,0.35545011481316885,0.10714070342617411,0.5457260020332945,0.2475597179170962,-0.5310479267647499
22.0,90.0,True,0.4025858213018749,0.22213830185911304,1.029830512981796,0.8345429560870006,0.2689372138762673
22.0,91.0,True,0.04196555279278988,0.042274653929923696,0.1782920069993163,1.103463800633566,-10.419342679667318
22.0,92.0,False,,,,,
22.0,93.0,False,,,,,
22.0,94.0,False,,,,,
22.0,95.0,False,,,,,
22.0,96.0,False,,,,,
22.0,97.0,False,,,,,
22.0,98.0,False,,,,,
22.0,99.0,False,,,,,
22.0,100.0,False,,,,,
23.0,1.0,False,,,,,
23.0,2.0,False,,,,,
23.0,3.0,False,,,,,
23.0,4.0,False,,,,,
23.0,5.0,False,,,,,
23.0,6.0,False,,,,,
23.0,7.0,False,,,,,
23.0,8.0,False,,,,,
23.0,9.0,False,,,,,
23.0,10.0,True,0.008205776517279403,0.017573451835887204,0.0591777659666466,2.0121248234275204,-11.344825197068063
23.0,11.0,True,0.27791902192041107,0.10570225770891395,0.4456703771890474,-0.40617715593837816,-2.6929944807308406
23.0,12.0,True,0.30485490476793925,0.10723851044116899,0.5188425713378955,0.030266272625996075,-1.8548121219805538
23.0,13.0,True,0.2924747090839936,0.19566537493224723,0.6563235790996886,0.5096471001026486,-2.2334095855888125
23.0,14.0,True,0.3622843092030553,0.12930572150578473,0.5820323596332184,-0.06172665922870005,-0.18222232246072637
23.0,15.0,True,0.40971204704190356,0.17158627069023225,0.6673513593239532,-0.0414837018474251,1.3927861606865761
23.0,16.0,True,0.4060686921186772,0.1560342248712641,0.6565537877514752,-0.6356999567775449,1.6071277119765548
23.0,17.0,True,0.47935590637415476,0.12285869845379757,0.7054428116716562,0.3965514752114043,3.4935849246106834
23.0,18.0,True,0.5445216268476069,0.18099143248732935,0.817127853009886,-0.6669385274132642,5.843010351994309
23.0,19.0,True,0.46261986898012303,0.18421712603356957,0.7810682156567378,-0.08862016964145727,2.8664882630348485
23.0,20.0,True,0.3445833582856941,0.1385851704757939,0.6124310285192709,0.35044223836659183,-0.729046750390696
23.0,21.0,True,0.29318990059516276,0.1015293099407568,0.5135667927657983,0.15028504035755,-2.1680041590257733
23.0,22.0,True,0.3775169132322398,0.12069985107864589,0.6210835736034265,0.11122342133420439,0.04158590480795969
23.0,23.0,True,0.27914887604033267,0.20592294767471125,0.7964185140699963,1.2191759335042895,-2.453699764308505
23.0,24.0,True,0.3554454548308047,0.1920884865891726,0.677474438825806,0.0883647489975127,-0.5916599507326361
23.0,25.0,True,0.36128938595395316,0.18710792388476366,0.6472482800516234,-0.31053153893612445,-0.26493480791323304
23.0,26.0,True,0.36259878663547496,0.22621517852051445,0.808856029659709,0.2846575211429141,-0.5899236291553298
23.0,27.0,True,0.4212736676031938,0.16199985917511822,0.6723904456158455,-0.5629166574078548,2.001258358955145
23.0,28.0,True,0.31787052291446244,0.13921516115717325,0.5759022730029659,-0.06670246478773992,-1.708303169941904
23.0,29.0,True,0.42538893317540666,0.17769588046885218,0.8429513459124829,0.7071051072609223,2.0987741970206155
23.0,30.0,True,0.3607819528267369,0.16704292739246035,0.719993958222181,0.3360919923345122,0.12065769945981271
23.0,31.0,True,0.2368825888741807,0.14232321511583984,0.4353179288058678,-0.0729525878346193,-3.92122542474727
23.0,32.0,True,0.35098687722708366,0.14724418161271832,0.6127051200543056,-0.02913618092278135,-0.5424106407897702
23.0,33.0,True,0.3094942239455836,0.2311239941388915,0.8380410124532008,0.7088849225568695,-2.112787192887195
23.0,34.0,True,0.25087313672870737,0.15537565340497445,0.5932514145269331,0.28361217647159886,-3.628100563610915
23.0,35.0,True,0.2886146179050055,0.09550487548133504,0.4920224980339906,0.4406155169221246,-2.4518026775232915
23.0,36.0,True,0.33148940381058156,0.24230473449536433,1.2525923285109737,1.291305115323881,-1.6485536914157624
23.0,37.0,True,0.277393116042898,0.12063113458776266,0.466024166470232,-0.41743554650283937,-2.9258029792421913
23.0,38.0,True,0.3473285442069645,0.1380599612407501,0.8220418594659197,1.658136000337089,-1.063732323181163
23.0,39.0,True,0.2950602662471985,0.08155928681572935,0.4641861993157853,-0.33514355069208973,-2.361132847387147
23.0,40.0,True,0.24778006897429414,0.14401754296380084,0.5503615936763385,0.5284742311425603,-4.064248164069442
23.0,41.0,True,0.17911033708412585,0.10597368736290864,0.387289781875009,0.11274322579059237,-5.91855148237973
23.0,42.0,True,0.3358161962203208,0.11594886898253298,0.5476932038552602,-0.1283065165054698,-1.0600284774425446
23.0,43.0,True,0.19576686339777197,0.07796444698885362,0.3348355794169715,-0.2870738399898422,-5.293866241840123
23.0,44.0,True,0.24298362208814148,0.10418911825179691,0.4883554545443515,0.08251475956902284,-3.7555467024086644
23.0,45.0,True,0.18659056796778387,0.08913248095949307,0.3944086191667852,0.3202089584254436,-5.680663962952046
23.0,46.0,True,0.26469944157298003,0.1365382997265313,0.5335870836026607,0.476310454314663,-3.289934455423645
23.0,47.0,True,0.12647044833221519,0.08568458213830625,0.3539759103343633,0.8693544883372017,-7.527310889083079
23.0,48.0,True,0.15567922510750687,0.11980694486895675,0.4885332059740882,1.4459732782039392,-6.561919283356816
23.0,49.0,True,0.14376352883302296,0.06547553300487198,0.2651220775731134,-0.06871930793333515,-7.143157311865972
23.0,50.0,True,0.15142862844478158,0.0808516912531754,0.3127983972363736,0.015689850435544637,-6.654688314885373
23.0,51.0,True,0.13512102098655682,0.09062194065561148,0.436780891059144,0.8196094400237679,-7.461286967991358
23.0,52.0,True,0.13394914566013197,0.10030174924985195,0.3245346710813655,0.09699931236431791,-7.2842810389106
23.0,53.0,True,0.10074147233217294,0.13834515462516656,0.6358846006441884,1.9853168584797005,-8.743786568152201
23.0,54.0,True,0.1521806748000116,0.08586794882297107,0.3081965478324712,-0.13067928863826422,-6.855502816630165
23.0,55.0,True,0.1737442492202412,0.0902324097964859,0.3952449482844825,0.4949668510686473,-6.186740636044641
23.0,56.0,True,0.18353120426249936,0.12050785155111965,0.3878931083255101,0.0735061865940069,-5.859360069672654
23.0,57.0,True,0.19273716220900397,0.11803576313318477,0.5182404664554163,0.427983671072801,-5.714514868599065
23.0,58.0,True,0.17991988351042634,0.10810728001995566,0.426790769816982,0.3947957157612206,-5.886153399192648
23.0,59.0,True,0.24710079781466393,0.1780423996949626,0.8263793150289408,1.1810361147779858,-4.273174603320172
23.0,60.0,True,0.14344438782573918,0.09062614808638561,0.3248574912030759,0.21683719149894976,-7.075667534514484
23.0,61.0,True,0.31279758732687646,0.18992012499211058,0.7548168360486254,0.07144177573435789,-1.8348816760526478
23.0,62.0,True,0.13222749389211202,0.09300483339433185,0.5046635332925362,2.003498722857624,-7.628381690135883
23.0,63.0,True,0.2396335670190154,0.1192190335603499,0.4389164909084698,-0.33763653003928357,-4.085275207498162
23.0,64.0,True,0.19848538278373656,0.13977611525758565,0.4916987009510645,0.6388809222402061,-5.299780323018013
23.0,65.0,True,0.15252851078907131,0.10755383518981981,0.418535247466561,0.8449319822808536,-6.606812953720615
23.0,66.0,True,0.20039786224223716,0.14727603168162795,0.4869684413545647,0.46719468753597854,-5.459004596551984
23.0,67.0,True,0.18115854060482958,0.11708969185511253,0.5472267370167673,1.0951230103115184,-5.967523840442781
23.0,68.0,True,0.1664078353652696,0.13979144336492957,0.7900108293480307,2.373516780122281,-6.637791992196472
23.0,69.0,True,0.24589561371972068,0.172532485013122,0.5667894412311999,0.47737894179870244,-4.100547367896573
23.0,70.0,True,0.1638424579547962,0.08121080241090098,0.3194926634378272,-0.21635639367054574,-6.365921758244185
23.0,71.0,True,0.121898664664684,0.07865609962405391,0.4511580879522401,1.6414829655731678,-7.859481476496885
23.0,72.0,True,0.1306924211250232,0.08850483715809684,0.3962655270873526,0.6050991806387461,-7.615634041308446
23.0,73.0,True,0.120635115356432,0.10403752053486581,0.3285757457766544,0.6198794795643369,-7.868796566492185
23.0,74.0,True,0.13262688258007,0.10585844389474643,0.343711165281151,0.33113929045703366,-7.381122452120618
23.0,75.0,True,0.1788703951543788,0.11591164877562435,0.3925030825934425,0.0797572959933424,-5.735566728804522
23.0,76.0,True,0.16686747864528917,0.10195267555130058,0.46705882750577,0.6099950833980587,-6.683747925892564
23.0,77.0,True,0.24672285044953396,0.09469112080422175,0.456176040147238,0.45075748478924116,-3.876105457838997
23.0,78.0,True,0.23653122601361076,0.12133241176815054,0.4323913898170287,-0.009274628459143876,-4.322732896693595
23.0,79.0,True,0.21748188711841324,0.0927326567072662,0.4521575200334297,0.024247794901770685,-4.821534406088722
23.0,80.0,True,0.2916656157638336,0.1571229963143815,0.7562985958110012,0.3643219727875717,-2.576204904495736
23.0,81.0,True,0.30087434154822484,0.16969897648913035,0.5549926135716405,-0.098196953463892,-1.978716110816456
23.0,82.0,True,0.2902161894236948,0.1900902802191892,0.7888654030242725,1.3285345301527571,-2.388149873941221
23.0,83.0,True,0.24138950311571059,0.12150304562793865,0.4643603902539336,-0.19487642887125975,-4.0646080939145595
23.0,84.0,True,0.32967914660572106,0.129555821897786,0.6129189841043198,-0.06225609399640554,-1.2140588307825269
23.0,85.0,True,0.44281843115119834,0.16930047946663707,0.8241869708128604,-0.06220469281318115,1.7265703375281851
23.0,86.0,True,0.5375147198360671,0.23982881932561853,0.887020082773213,-0.47134244205811654,5.408725384560439
23.0,87.0,True,0.41397178141491514,0.15126697358727856,0.700820127991643,0.41988818331177635,1.5979050324544732
23.0,88.0,True,0.5239780331743065,0.15299637863225427,0.8225106490552588,0.10008029702837477,4.821463538777273
23.0,89.0,True,0.451207587585093,0.22807418605154442,0.9341522486525176,-0.035931113089435536,2.7439429059385354
23.0,90.0,True,0.4847513622732597,0.1393314287850046,0.8300122787543197,0.38654256402790615,3.2243851571727586
23.0,91.0,True,0.3067383747723639,0.1833249037606069,0.7657369178642871,0.5062946780934865,-1.8146462616089907
23.0,92.0,False,,,,,
23.0,93.0,False,,,,,
23.0,94.0,False,,,,,
23.0,95.0,False,,,,,
23.0,96.0,False,,,,,
23.0,97.0,False,,,,,
23.0,98.0,False,,,,,
23.0,99.0,False,,,,,
23.0,100.0,False,,,,,
24.0,1.0,False,,,,,
24.0,2.0,False,,,,,
24.0,3.0,False,,,,,
24.0,4.0,False,,,,,
24.0,5.0,False,,,,,
24.0,6.0,False,,,,,
24.0,7.0,False,,,,,
24.0,8.0,False,,,,,
24.0,9.0,False,,,,,
24.0,10.0,True,0.19635180308523037,0.12786602894739543,0.4395616431760213,0.08344256702761196,-5.434796388612243
24.0,11.0,True,0.2724663790735933,0.21813366085786587,0.8722792827164729,1.37034242396784,-3.167590820048837
24.0,12.0,True,0.29364824572865533,0.17115318159853857,0.6164006763546401,0.1311704141557486,-2.4194823021912306
24.0,13.0,True,0.39109693245813915,0.11318084864929867,0.6031900999121533,-0.18444298128718964,0.8077518134874183
24.0,14.0,True,0.3369596107045787,0.10075306014742877,0.5772881693728411,0.23652787932708072,-1.1107956750590702
24.0,15.0,True,0.35215622025933047,0.15736845756666862,0.6345965326777719,-0.04153851181110774,-0.257935912273493
24.0,16.0,True,0.4709357918204208,0.19579624756953998,0.8378158075491116,-0.01519621728191764,3.6231897368544868
24.0,17.0,True,0.4565402332178127,0.15951756516093146,0.7301677004954416,-0.3348118003033587,3.069277627763661
24.0,18.0,True,0.3796754686608639,0.19080738133524122,0.77961169104765,0.04573902684055702,0.3982469733409289
24.0,19.0,True,0.3362334605922492,0.15467373415766691,0.7945308065684374,1.4529697437005076,-0.7874557622259496
24.0,20.0,True,0.36870430702953544,0.14938671938593495,0.6908367311817466,0.3126103343920646,0.034057312890492825
24.0,21.0,True,0.37404509656572743,0.14985997818108993,0.6871955532290421,1.0986701921077349,0.11671065380728426
24.0,22.0,True,0.327996426488825,0.16301616618517087,0.5972367492229559,0.3400522575246675,-1.6724832936471183
24.0,23.0,True,0.30313398889342075,0.19648162095666338,0.7659013202777978,0.6327500132122409,-1.8726854782677407
24.0,24.0,True,0.2979567257632704,0.12522223803686,0.4789741479956236,-0.048618080126870036,-2.32999859774849
24.0,25.0,True,0.29485005013888455,0.10925553469309567,0.503638195773423,-0.6078687552382266,-2.1665517798419174
24.0,26.0,True,0.329285987404494,0.12975891504647313,0.5635476702651429,-0.2048914602167923,-1.1729954081512852
24.0,27.0,True,0.32311433483914614,0.18780355863055953,1.1051665100443206,2.054699566498956,-1.952708496219645
24.0,28.0,True,0.35193710612503787,0.158609035238017,0.6521474965315386,0.6379663152111701,-0.4649852916937748
24.0,29.0,True,0.34511573206458934,0.20401912429998756,0.7364818809311667,0.39365759334980444,-0.9425143513123753
24.0,30.0,True,0.3257796311749816,0.14190368799247993,0.5522944063769296,-0.2786829002258989,-1.2438155678721683
24.0,31.0,True,0.27884468299932513,0.1793889814558397,0.5969215739863307,0.2216786106311956,-2.899083671745675
24.0,32.0,True,0.2364024554468835,0.17636193841757475,0.5988239695890744,0.5907216854925936,-4.115912400257481
24.0,33.0,True,0.3422072333161838,0.15956593443667053,0.7274924953331029,0.47679769666818556,-0.7733569017643668
24.0,34.0,True,0.24779469508481927,0.13322839462082012,0.5830799609810223,0.5834513421333084,-3.675250518083568
24.0,35.0,True,0.2473710301755012,0.12206836085757947,0.4806648860265001,0.25824922656181787,-4.195691653784172
24.0,36.0,True,0.2922001199840921,0.1722301604100447,0.7079188925094906,0.8848266965992432,-2.3833844713669263
24.0,37.0,True,0.25619447871318235,0.09454908569310919,0.566563031185657,1.1196681153336892,-3.796319454233595
24.0,38.0,True,0.392671378856855,0.16724598450201825,0.7699940757914294,0.46703588249054007,0.7518174603675856
24.0,39.0,True,0.2307692959708521,0.11996093666956721,0.4645877262843625,-0.07724105260626171,-4.36227191547906
24.0,40.0,True,0.25157025530283317,0.12753964788019678,0.5355294808292965,0.2298268555899132,-3.6885987814030647
24.0,41.0,True,0.257493036481311,0.17339642839191033,0.6561275033239437,0.8407141986699245,-3.429117248919888
24.0,42.0,True,0.28176277310227954,0.15921214708874848,0.6279858408421807,0.4543152397510914,-2.8817169334779456
24.0,43.0,True,0.24190270313611675,0.17794115977701916,0.712655768028507,0.39442920333908743,-4.155677638649403
24.0,44.0,True,0.1724822838974414,0.11235416607384115,0.386909428593401,0.4275222160182025,-5.9929002538472504
24.0,45.0,True,0.28264097567006263,0.13593190549877385,0.614008440289239,0.29060677977180543,-2.870388203230834
24.0,46.0,True,0.16285120619189256,0.11691800992006644,0.4927640610355458,0.6056231801355803,-6.617723687602829
24.0,47.0,True,0.187374248485977,0.09892333888600155,0.405278596480376,0.4047362538030758,-5.472229017591599
24.0,48.0,True,0.12431889486601773,0.08634264336526559,0.2816448046505279,0.19762098657546384,-7.569485169165986
24.0,49.0,True,0.27581533071737113,0.20648630756358688,0.6215236517809436,0.15418587282570415,-2.5498608535878713
24.0,50.0,True,0.2120386776575618,0.1509289994598002,0.7942826256519411,2.1023157464598183,-5.584361454218273
24.0,51.0,True,0.11426624164447602,0.12295695819819231,0.4126663496149049,1.0117142179193843,-8.121289385182633
24.0,52.0,True,0.03543357835266395,0.049171509715549594,0.1768545775775756,1.747226637826455,-10.48754815170654
24.0,53.0,True,0.13198686571878365,0.07585887074598346,0.286445528893964,0.0015062673126695974,-7.358603966920809
24.0,54.0,True,0.16982100670335534,0.11762182715764592,0.4046905664616243,0.7192485147398935,-6.261916139516927
24.0,55.0,True,0.1926273003691466,0.16908583505521474,0.6044845896430437,0.7520833026286844,-5.721422294587737
24.0,56.0,True,0.23106819181494828,0.14071225075777222,0.4670431549403615,0.008657069438482068,-4.358718552904704
24.0,57.0,True,0.23056910144253664,0.12667398798628848,0.5121730348835252,0.11727798873141158,-4.703645873867115
24.0,58.0,True,0.1880614338788441,0.1278081716538901,0.6451416585774429,0.8889454979535151,-6.001392242147946
24.0,59.0,True,0.18358924831674842,0.10671141993817991,0.4012301679152953,-0.40027803650311,-5.799635995713366
24.0,60.0,True,0.23134743933459936,0.1387080356370135,0.4935826202184336,-0.1759689875707243,-4.565666265541591
24.0,61.0,True,0.17715890647070895,0.15874307132093926,0.60241037129077,1.2945151878876193,-5.9281016636540045
24.0,62.0,True,0.2427161367651988,0.12298785590828619,0.4517799480869549,0.03918607580224045,-4.046035831499297
24.0,63.0,True,0.20101240969973794,0.12206658963024172,0.4247783589705737,0.10146199254245832,-5.12432323817523
24.0,64.0,True,0.20527233760331948,0.10116365856243732,0.4743141112437557,1.1017329455878608,-5.15239860027653
24.0,65.0,True,0.16523203553809912,0.12169770063138872,0.5283425774340225,1.18651705604634,-6.6010899404394
24.0,66.0,True,0.09718988934156277,0.09770203497151299,0.3677990496883688,1.3815147853179557,-8.423643787553443
24.0,67.0,True,0.21673535249189144,0.14384925660790907,0.5110595543778346,0.4708707388305852,-4.794225454837848
24.0,68.0,True,0.2550812757077925,0.16443158144301373,0.6258222095354152,0.30887831071096916,-3.9578884611420877
24.0,69.0,True,0.12673643723988767,0.09881094962072683,0.3631271501335569,0.5872881483324071,-7.507598340801354
24.0,70.0,True,0.14335523515956283,0.07066047364305629,0.3154546284354327,0.4728903697599129,-7.128334945323307
24.0,71.0,True,0.17781119920307567,0.11193471082397342,0.4169563277080821,0.3163425480146595,-5.793255844380424
24.0,72.0,True,0.20403217394741524,0.11919047027387847,0.4718063501398735,0.7246691645105557,-5.06989799874043
24.0,73.0,True,0.12476775967596379,0.14194043111049454,0.4700089129827087,1.1274771172915365,-7.711568323935381
24.0,74.0,True,0.1368956397253407,0.0919524062524428,0.3792480315894162,0.7938649543963617,-7.237691188409582
24.0,75.0,True,0.13909322767051857,0.11732678246651215,0.4121819985315807,0.648386055362997,-7.378390285324493
24.0,76.0,True,0.10983094299570688,0.0706271552829281,0.3571422437074885,0.9622709075530719,-8.329573669893136
24.0,77.0,True,0.14250256495803654,0.09276614587955309,0.3552291698500804,0.5333931791804571,-7.164782127204827
24.0,78.0,True,0.20871531854907702,0.13037857852708057,0.5791009539369044,0.31963444859724566,-5.004589667545194
24.0,79.0,True,0.275958256339504,0.1456802885732547,0.516970960843207,0.0551909666253255,-3.212364549191627
24.0,80.0,True,0.24974810941197845,0.11209534041858699,0.4765596769635787,0.3198043025216518,-3.97921125173468
24.0,81.0,True,0.19079566655361455,0.09736400135254285,0.3496687581194008,-0.3041912335486427,-5.584982350430381
24.0,82.0,True,0.29530090077546406,0.14544563425807147,0.5297817436910061,0.12112302990703185,-2.1511202706765875
24.0,83.0,True,0.24493966825057037,0.15310558298996332,0.6091083020231217,0.8156492021330711,-4.232745611595938
24.0,84.0,True,0.3890446508997207,0.1514508351764678,0.673896482975514,-0.145097170016463,0.5929212399064617
24.0,85.0,True,0.3463091622081875,0.2120537561833479,0.960963458288988,0.5652206586354823,-0.8401093882910613
24.0,86.0,True,0.5465408390538703,0.16864658261665616,1.1171572618848649,0.7787530587986792,5.086226950190293
24.0,87.0,True,0.5865750523171375,0.22373165124892916,0.9751336206143004,-0.04054731667784876,6.712602670023339
24.0,88.0,True,0.5651627253469919,0.31274222983409317,1.2664781798786178,0.6990194997720323,6.296577572688264
24.0,89.0,True,0.578618599037519,0.25599784964162225,1.1414773558006257,0.31417074251357574,6.601820070217452
24.0,90.0,True,0.34687824397950456,0.13548402269795662,0.6080724006168269,0.317796389875751,-0.9316491444142936
24.0,91.0,True,0.42583127972146667,0.17432088883791325,0.8148128787722939,0.42000313433055214,1.6385541540631854
24.0,92.0,True,0.16842638627940043,0.1443277206352712,0.4290369786548425,0.23364686152497605,-6.170840758005176
24.0,93.0,False,,,,,
24.0,94.0,False,,,,,
24.0,95.0,False,,,,,
24.0,96.0,False,,,,,
24.0,97.0,False,,,,,
24.0,98.0,False,,,,,
24.0,99.0,False,,,,,
24.0,100.0,False,,,,,
25.0,1.0,False,,,,,
25.0,2.0,False,,,,,
25.0,3.0,False,,,,,
25.0,4.0,False,,,,,
25.0,5.0,False,,,,,
25.0,6.0,False,,,,,
25.0,7.0,False,,,,,
25.0,8.0,False,,,,,
25.0,9.0,True,0.05989278337020821,0.07443122032411024,0.246863491398274,1.2328638737141022,-9.688417138372042
25.0,10.0,True,0.33220282546045254,0.11300070189719869,0.531721610759981,-0.24364047916963225,-1.1997904937359531
25.0,11.0,True,0.3327560323623765,0.17818298531738042,0.5952851506301441,-0.345783334942013,-0.8991977684320382
25.0,12.0,True,0.3488580980197857,0.1482723756375302,0.6971934778791286,1.1051549173533015,-0.6486006294236162
25.0,13.0,True,0.36635989014621917,0.16565479864620825,0.6453105785251411,-0.18098923165006123,-0.20941767138719294
25.0,14.0,True,0.33394296722580025,0.18389560569339583,0.7044430866742833,0.3074486470093792,-0.9897296108669184
25.0,15.0,True,0.37108989055791874,0.21994687288524206,0.9013191865401912,0.6036324777575596,0.5212723911766947
25.0,16.0,True,0.3599918620213504,0.1640231834716924,0.7250716724836437,-0.3204969317174042,0.10574361549675765
25.0,17.0,True,0.3350420971748254,0.18435352518788686,0.7373933874258465,0.8063222382824894,-1.0617169041639767
25.0,18.0,True,0.4810043348580463,0.18395377686095774,0.9048350743150568,0.05697900374904361,3.978682774372101
25.0,19.0,True,0.5129262869924027,0.2630091351165751,0.9866694002664252,-0.231408610889988,4.975362821989614
25.0,20.0,True,0.3518709506963655,0.1789159236036122,0.6878710951781318,0.3637376493871464,-0.3424657155782996
25.0,21.0,True,0.356409457717624,0.1109308965399982,0.6237702918757252,0.32832670021563937,-0.32900928450840644
25.0,22.0,True,0.4192270364931036,0.22813267636968385,1.035535960044412,0.9207054785917649,1.9300529980138734
25.0,23.0,True,0.2817177524135477,0.1322498883782941,0.5307109458105014,-0.05613185164290482,-2.5838698838998635
25.0,24.0,True,0.2772945146128036,0.1282067869991332,0.6504785160085179,0.9810173569957482,-2.9531961434231597
25.0,25.0,True,0.2653388551864589,0.09796805241402014,0.4308919991526549,-0.6626481938581793,-3.256905957877323
25.0,26.0,True,0.22584659306089974,0.16665266825291278,0.6204053290723395,0.934310032956886,-4.388209710284431
25.0,27.0,True,0.24525802403723218,0.10204423176501584,0.4471204573377002,0.12174869117588405,-3.7018144032117086
25.0,28.0,True,0.4421698240829427,0.18883091268038496,0.8714652802609428,0.29533546398376725,2.625167426498514
25.0,29.0,True,0.2665087589227752,0.10146533523163906,0.4965996267584119,0.32433592779240983,-3.188057937193981
25.0,30.0,True,0.3600285818820906,0.17869570139078836,0.7847081674235962,-0.05723725877814212,-0.35610378788608515
25.0,31.0,True,0.5034717073523411,0.21624771769258783,0.860919810370961,-0.03894559135041633,4.079492390290476
25.0,32.0,True,0.2996566200387991,0.1103292303899579,0.5667214014115436,0.3396592144288131,-2.173487521960972
25.0,33.0,True,0.2562979765483268,0.1527339735915693,0.5012607122169209,-0.223217077662872,-3.573747970894254
25.0,34.0,True,0.14626686127321784,0.09888625534836297,0.3100356168987525,0.23929363595099354,-6.945117589375754
25.0,35.0,True,0.30307088059042114,0.2128792528810871,0.6947106774338688,-0.02858608451600565,-1.8597332115492287
25.0,36.0,True,0.2458337848318927,0.1111518054235707,0.4801919798604666,0.6172054924858494,-3.8910546984128827
25.0,37.0,True,0.13275362133626814,0.07052316507900239,0.2669672426863069,0.29070355970152445,-7.288762137160824
25.0,38.0,True,0.3038669409752746,0.12258348970508583,0.733539138646764,0.8680876232943049,-2.4035909476402737
25.0,39.0,True,0.15518447392599688,0.06840951362499825,0.2838705665806709,-0.20533214147869752,-6.789984105580812
25.0,40.0,True,0.16645671453675748,0.09447220299159761,0.3342667188816497,-0.0993039383516307,-6.515581093348875
25.0,41.0,True,0.2378333482035823,0.1438921918214495,0.6676234049604247,0.5715133517370866,-4.143175037973807
25.0,42.0,True,0.1771095272375936,0.0913751301571574,0.3403386880427124,-0.08665720821943586,-5.904571233406302
25.0,43.0,True,0.1687960926647608,0.09320141470803806,0.3341159315397463,-0.10240742608941107,-6.181372258658017
25.0,44.0,True,0.11391783270544821,0.10959256371151603,0.3320578022666861,0.6569496343857333,-7.833959107246124
25.0,45.0,True,0.18649115335749727,0.15702246411168533,0.5723928771708477,0.8871053919993358,-5.731916732017026
25.0,46.0,True,0.18773512392612593,0.13666877115195217,0.4980067252280573,0.43424302780136104,-5.426552913564567
25.0,47.0,True,0.22730819232080424,0.07459069180213374,0.3593919207705529,-0.22533894081243175,-4.402627169503834
25.0,48.0,True,0.20105111733781036,0.12981342482405264,0.4798853147480672,0.7224806574872059,-5.1945219836257825
25.0,49.0,True,0.16032883899674705,0.10628558153954171,0.5161980592340788,0.8983059597469361,-6.688679610085806
25.0,50.0,True,0.11392574360277441,0.0746039401080199,0.324423608605332,0.5635383812805419,-8.19474984030508
25.0,51.0,True,0.14961340804914447,0.1182061934254191,0.4563204477701578,1.0081362587539604,-6.851784125971716
25.0,52.0,True,0.19289104409969604,0.2087488347142642,0.7065455350979164,1.0840933549141074,-5.8080629712260015
25.0,53.0,True,0.2255659304352492,0.13182490874465325,0.5815389729954715,0.9379387724867161,-4.205866859212654
25.0,54.0,True,0.18319169686736927,0.15095789506748655,0.7790637634788883,1.5463207332910927,-6.179690080501525
25.0,55.0,True,0.11429022821498003,0.08628929031316734,0.296242380629842,0.4161647092996582,-8.000861385385495
25.0,56.0,True,0.18228296532013868,0.13477729020554108,0.5791835819309301,0.6477449029286639,-5.93756298212878
25.0,57.0,True,0.14584986612104853,0.09399161411941984,0.359917858053468,0.4019869301134736,-6.857283925171309
25.0,58.0,True,0.22314743462812092,0.10938662436933828,0.4702769505566631,0.2727365132046633,-4.891881091495143
25.0,59.0,True,0.1559625580965762,0.13052289916057255,0.5003328800534166,1.0874271114475522,-7.004826401634727
25.0,60.0,True,0.09177937351966697,0.05721608090971916,0.2520903431617635,1.0409843929733118,-8.724406610517505
25.0,61.0,True,0.2889585803255777,0.1631002367204647,0.611238791546785,0.1832640321139181,-2.492518654811432
25.0,62.0,True,0.181923640355183,0.11314282759386315,0.4707313174321338,0.8904291075999285,-5.990448117440821
25.0,63.0,True,0.19006371416164966,0.1365755515181868,0.4668918273520417,0.3187493688747896,-5.797252019545815
25.0,64.0,True,0.19507834062149862,0.10918295232784496,0.4316995815202713,0.24572611121713822,-5.2291126986501935
25.0,65.0,True,0.13937500771964975,0.07401060109691344,0.2839962934213581,0.1911698847416063,-7.27910692673749
25.0,66.0,True,0.21665847164061494,0.14496848326660167,0.4751359194229127,0.2577108051622762,-4.628033175225737
25.0,67.0,True,0.2519982147049164,0.17112763088545274,0.6798054937601944,0.7765397148860274,-3.6412122345733042
25.0,68.0,True,0.17569612499997567,0.11800125081085476,0.4868938506185147,0.940394517918287,-6.057717835682484
25.0,69.0,True,0.14183424768979921,0.12815167981507988,0.4677875818902153,1.0123995436600044,-6.895731716726339
25.0,70.0,True,0.1943216369522929,0.1291391587089425,0.454769883762194,0.5034289046758416,-5.367663670286888
25.0,71.0,True,0.24552825798807126,0.1320751155542992,0.4839663316274301,0.11296205035460977,-3.9941303560350163
25.0,72.0,True,0.17300342124222606,0.0920170612668631,0.350318827839347,-0.056821484500309855,-6.010548273493232
25.0,73.0,True,0.18885341006338013,0.1057626771599014,0.3842032856968622,-0.27522965968199403,-5.4313321604614275
25.0,74.0,True,0.2136061560941255,0.10886748501434519,0.4562030375285959,-0.05688409553298123,-4.640823024692441
25.0,75.0,True,0.2508593149665737,0.18705247764805205,0.6747664371938195,0.5779581995797806,-3.635836510352876
25.0,76.0,True,0.14071310724024885,0.11279089371067832,0.4342734415127628,0.9857067257066029,-7.063145165305048
25.0,77.0,True,0.1676134418677268,0.11834904899921872,0.3485874223371264,-0.12147362166576313,-6.1490046711195046
25.0,78.0,True,0.23754908017412235,0.12422570090207379,0.4530854762723385,-0.3285819318386717,-3.839213261679048
25.0,79.0,True,0.16989373960897203,0.09615739576258024,0.3721450327541031,0.17054450494017237,-6.19235606161367
25.0,80.0,True,0.2226274388071247,0.11982908961973804,0.4609681896396203,0.5282145473335375,-4.344583315423362
25.0,81.0,True,0.21233581758651954,0.1417796765444226,0.6494585777185218,0.8683973909223314,-5.21225995221753
25.0,82.0,True,0.26989441134289605,0.16027988797496084,0.5914662996466411,0.6332570275910563,-3.1926144468191153
25.0,83.0,True,0.28507825113981056,0.1274100436964779,0.5375101184620237,0.16929352064924794,-2.677713763378595
25.0,84.0,True,0.3062730142362283,0.19734970399488636,0.6648193940140724,0.169382864826741,-2.245191735167896
25.0,85.0,True,0.2985225773479448,0.12826098464988953,0.5383615310043091,0.18724382726719413,-2.051878916025516
25.0,86.0,True,0.43377884268113215,0.1635760052633363,0.7348807575357084,0.47729843840944114,2.0103996102488706
25.0,87.0,True,0.5625056297262905,0.22310755557893708,0.9747557026748884,0.11937558487658811,5.953149789605986
25.0,88.0,True,0.39523141072083917,0.18739623239378442,0.7206914907639786,0.09562053178004339,0.6299237853313244
25.0,89.0,True,0.4919304419342997,0.16988205387349922,0.789228063835896,-0.6140777001780152,3.6157332919619165
25.0,90.0,True,0.38767765021469996,0.16320346910114225,0.7786801078245613,0.16893423315117112,0.4316214218307956
25.0,91.0,True,0.41910041435211653,0.19403894762950769,0.7743817027599921,-0.227637984789992,1.9961744961866996
25.0,92.0,True,0.39073767313630237,0.1623913555575163,0.7544724468901722,0.24826214649238185,0.8489855286800205
25.0,93.0,True,0.03605931217808538,0.034317780735329165,0.105525719262405,0.7086767522172311,-10.45244230386641
25.0,94.0,False,,,,,
25.0,95.0,False,,,,,
25.0,96.0,False,,,,,
25.0,97.0,False,,,,,
25.0,98.0,False,,,,,
25.0,99.0,False,,,,,
25.0,100.0,False,,,,,
26.0,1.0,False,,,,,
26.0,2.0,False,,,,,
26.0,3.0,False,,,,,
26.0,4.0,False,,,,,
26.0,5.0,False,,,,,
26.0,6.0,False,,,,,
26.0,7.0,False,,,,,
26.0,8.0,False,,,,,
26.0,9.0,True,0.2258278154435256,0.13157245496155198,0.6795367276613586,0.7101553477811611,-4.718697162514208
26.0,10.0,True,0.2761696335942419,0.16759182400917705,0.7855733932336434,0.5124761032900071,-3.1217000867321625
26.0,11.0,True,0.22657670085723283,0.07434360579649997,0.3867855845267479,-0.007808709709871149,-4.500620382239673
26.0,12.0,True,0.357460823264144,0.17263334222718268,0.6708024574415475,-0.026428115129855118,-0.010278383195692575
26.0,13.0,True,0.18798457188776338,0.13657640959978723,0.4631213693750606,0.36140328247170517,-5.603975376457895
26.0,14.0,True,0.4383916797487618,0.2637577519008912,0.9014494506022698,0.16025392784055303,2.5744836445604316
26.0,15.0,True,0.4147320813697452,0.2364259066662969,1.1363733738817443,0.5945817326136759,1.142181458430351
26.0,16.0,True,0.2379571490179307,0.08911430635201997,0.4100588352142467,-0.10100409217074978,-4.131741516880485
26.0,17.0,True,0.3752723171453423,0.20398209137786832,0.8243840585557191,0.6596577354071329,0.3670117158894653
26.0,18.0,True,0.4408487541102431,0.22109940120339688,0.9556741141040468,0.6275449592965582,2.7209618194516736
26.0,19.0,True,0.454374917560725,0.18305389543051406,0.878241184383788,0.217886859135939,2.4507292093295736
26.0,20.0,True,0.40191765703926713,0.20308468185466183,0.7732642060134325,-0.03165027144917792,0.7333037226885577
26.0,21.0,True,0.3443504242804235,0.16311892670840702,0.7256115950810348,0.3760698056735253,-1.2122612203237946
26.0,22.0,True,0.34179370515014484,0.20466071238672578,0.8547056653266994,0.865850341904004,-1.1184232715427886
26.0,23.0,True,0.4303121820131718,0.14788290130862705,0.775249104025499,0.389633194886451,2.006477727672913
26.0,24.0,True,0.4196349654671965,0.17348172067545026,0.8461121951331347,0.5124906458540616,1.3474247714331418
26.0,25.0,True,0.2622474692263971,0.1945803555910229,0.7108771161387857,0.5329433022621864,-3.3148032707015354
26.0,26.0,True,0.27068471624669843,0.17184060501057763,0.6620078915604767,0.23509111737997848,-3.064359150659487
26.0,27.0,True,0.2781859728440204,0.1326618125736135,0.596988547064106,0.5307625346386411,-2.740296658299773
26.0,28.0,True,0.2659193978598807,0.14618771750041296,0.4788394055260153,-0.18634938634076584,-3.016917018130292
26.0,29.0,True,0.3453121788967225,0.09875863601925855,0.6708396478377259,1.0067014859992354,-1.0811454184178175
26.0,30.0,True,0.24389926624613673,0.09382043081775751,0.4699468447254584,0.23992139011619482,-3.96869382540117
26.0,31.0,True,0.3420950951567231,0.1769815374328737,0.969946167259624,0.8564989277825698,-1.2678950801967517
26.0,32.0,True,0.2861979446290013,0.19801723242574262,0.6588112842704288,0.5595182906544688,-2.893581721726252
26.0,33.0,True,0.23872645944353404,0.12687658780117975,0.4628768071083444,0.19571627699391733,-4.186536027241467
26.0,34.0,True,0.3212265152948483,0.17503754593706675,0.6484244962435319,0.2683236521492211,-1.5185093569467374
26.0,35.0,True,0.27185006008319845,0.14471200166773324,0.5706185463551509,0.36492344641337854,-3.0734994271619387
26.0,36.0,True,0.2684439755103882,0.19168757240787673,0.724127569657687,0.6398801887610606,-3.0292551940573755
26.0,37.0,True,0.2303836668887856,0.10605733354415421,0.4174349396899828,-0.15626173001615382,-4.408712027137331
26.0,38.0,True,0.3263755874957847,0.2540066875776517,0.9363573840337808,0.7273064674527097,-1.279215688479939
26.0,39.0,True,0.2726099405361616,0.14594586875802049,0.7660716550768772,0.7849846955173918,-3.257100978116391
26.0,40.0,True,0.14707589644741806,0.07388320852624194,0.2583583342762198,-0.25881321963112996,-6.865132445194411
26.0,41.0,True,0.18976951019942065,0.0792296018745454,0.332843819208467,-0.21574216504281074,-5.76038764835713
26.0,42.0,True,0.19017453132693993,0.14611437913346778,0.4867632202355825,0.3417339407051436,-5.891894718832395
26.0,43.0,True,0.2622630174079211,0.17588355675085282,0.6233055388699317,0.683208372185584,-3.150070216074713
26.0,44.0,True,0.36831515035456047,0.17523852122277667,0.7362420712681306,0.36269066818139956,0.3450576359874202
26.0,45.0,True,0.1261518019460563,0.07200342606317262,0.4343115284443907,2.021913811463749,-7.849689838141566
26.0,46.0,True,0.12460896574588948,0.07989466800243604,0.3026944938565077,0.6406352446029664,-7.642341922124472
26.0,47.0,True,0.16659657949368553,0.10642779499828944,0.403825371720506,0.5894653005504394,-6.226164612869159
26.0,48.0,True,0.20401563879507928,0.12529333340703824,0.5256522415210269,0.9171855626670447,-5.471635394518545
26.0,49.0,True,0.1376586024356528,0.08497416394568354,0.2886765754755822,0.06014442066018107,-7.3020667880680135
26.0,50.0,True,0.11454596533311895,0.07392966328640883,0.2434694852962712,-0.354096381896206,-7.878779671015933
26.0,51.0,True,0.0721917646927925,0.043557529509863684,0.1738056677731039,0.41883272953663053,-9.319149387426204
26.0,52.0,True,0.12423844421212386,0.10380765912886333,0.419655223385403,0.8992581142413272,-7.767811434225151
26.0,53.0,True,0.15320923091523417,0.11768281306386985,0.3625411256957999,0.2612767082260492,-6.574707998655061
26.0,54.0,True,0.1527373317815432,0.13118593445784993,0.5012306263708615,1.2070041110047447,-6.542117690174233
26.0,55.0,True,0.14306997590669968,0.08509724100787061,0.3338414833966979,0.5268505938803304,-7.140080557680391
26.0,56.0,True,0.15944912285469187,0.11998777610794487,0.4335114049461608,0.7563240608372219,-6.433962672145286
26.0,57.0,True,0.13435556429816817,0.1144789325550256,0.4060531410018736,0.9554973064314217,-7.217662875032354
26.0,58.0,True,0.14641509728268412,0.06925605904087477,0.2962654408402826,0.10811143924744161,-6.947290360900337
26.0,59.0,True,0.23139442958412787,0.15200437211846288,0.521548809123497,0.1714684352056818,-4.427737381274107
26.0,60.0,True,0.1476717241048018,0.1271597168273859,0.6037918601012288,1.3800700225589901,-7.397666618096261
26.0,61.0,True,0.23219560843820264,0.07971378013705421,0.3760623533542789,-0.1504971533695075,-4.24584771653429
26.0,62.0,True,0.15495571825902074,0.09513039238037518,0.3522942651136715,0.04094610436752215,-6.852627331428899
26.0,63.0,True,0.15494987241466426,0.0812750420905847,0.312233127864666,-0.25051552118415776,-6.722987689049837
26.0,64.0,True,0.21434322498258546,0.11478022280890329,0.4324836795034086,-0.260369798672649,-4.933976184985478
26.0,65.0,True,0.147871965645601,0.07464286236309248,0.2904891513096843,-0.09240655297951095,-6.908127442597633
26.0,66.0,True,0.18003426016646087,0.10019385786427763,0.3571625066267308,-0.27063985380946337,-5.9218686270434135
26.0,67.0,True,0.16670156233288952,0.1214188149357674,0.4251004275105456,0.21635520076711198,-6.434333363371025
26.0,68.0,True,0.13324437228191255,0.08835467683737619,0.299272418436287,0.11508640207887917,-7.434902751330076
26.0,69.0,True,0.15356432449395171,0.09294279950367818,0.3665511014295081,0.3789999286472487,-6.781950190246811
26.0,70.0,True,0.15466920874895287,0.08826763290920825,0.3740850804588226,0.7545977893162319,-6.721626966036786
26.0,71.0,True,0.18202209671560354,0.1258291108054343,0.4778388502252493,0.43733908046590714,-5.626275131650542
26.0,72.0,True,0.1877909328833082,0.08845128755116892,0.4555056636216873,0.5392864448047715,-5.873460369391889
26.0,73.0,True,0.16259358116020828,0.1476358855945685,0.5712056434873691,1.3994018928139202,-6.27242343673876
26.0,74.0,True,0.20954853345180316,0.11504095221985322,0.437205903229228,0.0028630117456057594,-4.892477052765563
26.0,75.0,True,0.22215676622314903,0.13103853077884609,0.4668287601287039,0.41718065768102547,-4.7540743591688575
26.0,76.0,True,0.257047758697563,0.12907672406989742,0.5318234848771656,0.1391753097852738,-3.419949887706559
26.0,77.0,True,0.2727985865142342,0.15640512182297672,0.7426886269467023,0.5758178443742482,-2.9992609718099175
26.0,78.0,True,0.24199187506935993,0.13030190322896215,0.5296621929504931,0.563918844370581,-3.807055088343391
26.0,79.0,True,0.3249997353465515,0.18344008326385594,0.6845474061624199,-0.17345977646404698,-1.3962241344148478
26.0,80.0,True,0.32469184480916485,0.11353591349622605,0.5808647526728615,0.30209559459089674,-1.5260408960664775
26.0,81.0,True,0.2438051683937243,0.09132651012349942,0.4047374307957443,0.18931643571836365,-4.043681055230378
26.0,82.0,True,0.23697546151313806,0.13399810875357057,0.5273632378739804,0.5363651997054084,-4.2631545565219255
26.0,83.0,True,0.3161825780006856,0.1822961498491222,0.8095830327759193,0.9461717495788827,-1.5478053807678656
26.0,84.0,True,0.47213755006037084,0.17920911566180017,0.8286132611078675,0.08813402383221901,3.190126138126984
26.0,85.0,True,0.45237250574465326,0.21854317451646021,0.8876306710780173,0.3650167580023876,2.545533155005556
26.0,86.0,True,0.38193081321451106,0.1484029146373592,0.6939073779664223,0.34387887891776914,0.29011571248782714
26.0,87.0,True,0.48870398315568947,0.19189114917952943,0.8088118339454008,-0.18870698554126183,3.933672536460219
26.0,88.0,True,0.5496386094266743,0.18389793324542927,0.8185490729886671,-0.3746006576378645,5.436759266684603
26.0,89.0,True,0.47162944453746786,0.18560248177571537,0.8864121926665478,0.2384584067740542,3.371261138907074
26.0,90.0,True,0.5629335357370495,0.2571965452271569,1.1032029298740076,0.5005384704249451,6.661526000655365
26.0,91.0,True,0.4702581989005864,0.21221847191938836,0.9016627529653584,0.26774904639625874,3.6881012340188897
26.0,92.0,True,0.5115706098767457,0.1410280543744584,0.7523708318770832,-0.22803416472236768,4.853662588480431
26.0,93.0,True,0.23274440395963256,0.15777953953084448,0.5047796587034218,-0.10796256453895688,-4.052615467464932
26.0,94.0,False,,,,,
26.0,95.0,False,,,,,
26.0,96.0,False,,,,,
26.0,97.0,False,,,,,
26.0,98.0,False,,,,,
26.0,99.0,False,,,,,
26.0,100.0,False,,,,,
27.0,1.0,False,,,,,
27.0,2.0,False,,,,,
27.0,3.0,False,,,,,
27.0,4.0,False,,,,,
27.0,5.0,False,,,,,
27.0,6.0,False,,,,,
27.0,7.0,False,,,,,
27.0,8.0,True,0.16864174842328367,0.08602512802358651,0.3083557867941732,-0.045837641255964734,-6.369511285034247
27.0,9.0,True,0.28193813574376186,0.17066972374797362,0.5641272159396589,-0.08131060837021296,-2.758285165834452
27.0,10.0,True,0.3112273937553701,0.1632089720638478,0.7570638258029372,0.15997256240854663,-2.2764129460255575
27.0,11.0,True,0.3946621306176243,0.15013844490221043,0.7632963194175558,0.3817389312891779,1.0340827621822717
27.0,12.0,True,0.29157873135924617,0.10020758127727468,0.6068465708797272,1.1336990768993793,-2.5952494424092474
27.0,13.0,True,0.29782158664835856,0.1459608958154066,0.5762437344840962,0.25260502178633726,-2.0652500255531185
27.0,14.0,True,0.3440905394109386,0.17924988412995965,0.7639076983054098,0.22374862665034798,-0.7861603329179336
27.0,15.0,True,0.31111309353802336,0.1510582485060875,0.6267011707758979,0.40790246895211124,-1.499801030316974
27.0,16.0,True,0.299706731596194,0.1276496965663457,0.4770837728831399,-0.4618267853943701,-2.13030616956266
27.0,17.0,True,0.33759176578078626,0.11095692675283264,0.6082592767472326,0.8708213924146203,-0.8690747887916057
27.0,18.0,True,0.29589231708950803,0.1545209909763303,0.6886506086765813,0.4516973068177672,-2.182055915724792
27.0,19.0,True,0.3093941714437706,0.23951076492685544,0.9472941398534752,1.4282166885931051,-2.0267702816383912
27.0,20.0,True,0.2142975777307455,0.13248857588362264,0.4926068598814237,0.5028564601758134,-4.748947358585158
27.0,21.0,True,0.3432591872175282,0.16546003750244484,0.8296883182755035,0.6638405986082166,-1.120006171200489
27.0,22.0,True,0.2566460682479596,0.11053089759048444,0.484963203336051,0.3797440720662902,-3.555819348391132
27.0,23.0,True,0.24194932953328627,0.14130605336104463,0.5807331162285617,0.48763795087166334,-3.7898303716544257
27.0,24.0,True,0.3853075310736137,0.19559560792659494,0.9374211696493588,0.7278733992082034,0.16238775518992088
27.0,25.0,True,0.4148615639331829,0.2547286248829738,0.954760800687157,0.5377627086727111,0.8317766413841505
27.0,26.0,True,0.3530707856431753,0.17847570595017076,1.0206834995312843,1.3365918412638829,-0.777057458811608
27.0,27.0,True,0.31596405223642754,0.17605726266708435,0.718583100840586,0.6420832049081364,-1.6403020768832508
27.0,28.0,True,0.23561690389009046,0.11862807516963712,0.4936049544796375,0.3659277090962203,-4.196929607889422
27.0,29.0,True,0.30294189913206404,0.20896584302107468,0.7945857494856151,1.039135635237481,-2.3428708138078256
27.0,30.0,True,0.33584337456810076,0.11577526302287128,0.6762191741438252,0.5536377437734971,-1.2059389828612572
27.0,31.0,True,0.3205521261628969,0.15421773549565587,0.5416119450611809,-0.2983512520225332,-1.560927415742223
27.0,32.0,True,0.19648806344343198,0.1275147863738762,0.5072999447531289,0.8061253626981727,-5.434171100950306
27.0,33.0,True,0.27667411038218104,0.10870845813897735,0.471687584330705,-0.2451475111011995,-2.719793864238355
27.0,34.0,True,0.26767907500884663,0.10929116423323847,0.577597974539143,0.30785474301141225,-3.3764456351505063
27.0,35.0,True,0.3103004209961735,0.1320214484984568,0.5858927075250414,0.17107796762416222,-1.5526802787474825
27.0,36.0,True,0.17124729172665082,0.09333010216975379,0.3059120796360945,-0.23173932323121552,-6.279119787082906
27.0,37.0,True,0.3627512836636892,0.15787907736700416,0.702653626062113,0.03542499992636726,0.2365713099809574
27.0,38.0,True,0.25462792086393393,0.09064055466466696,0.3653029706576253,-1.2589504615548974,-3.5735223321175416
27.0,39.0,True,0.2558216007070275,0.14661552506998388,0.5575630884269234,0.40487469275996135,-3.203812254565094
27.0,40.0,True,0.3454105881126085,0.19235891744457595,0.6999879721616155,0.4149268599974758,-0.6563967471183897
27.0,41.0,True,0.2098449225735581,0.13904776412736675,0.4518421295504899,0.1467413711806801,-4.728005686055826
27.0,42.0,True,0.18803744216447665,0.1500893699873947,0.5837845534265328,1.2471603820121724,-5.606397527507389
27.0,43.0,True,0.233938150951116,0.13090970424246795,0.6912157727531835,1.0039897066367058,-4.412947370990191
27.0,44.0,True,0.12966548425956992,0.07980827393293309,0.2762591081947882,-0.08106330871073456,-7.599772570679667
27.0,45.0,True,0.2268641974410169,0.22278323906603548,0.964623953004768,1.2189316265738412,-5.201467270441518
27.0,46.0,True,0.10364161741747098,0.07742618127193943,0.2900791574022174,0.9244809910096649,-8.277676191142254
27.0,47.0,True,0.17607876446498133,0.08330988992908897,0.3272551427653579,-0.2305996624147153,-6.12014854289224
27.0,48.0,True,0.14022537762265447,0.09096626520254272,0.3307487282702556,0.5831820858928647,-7.178557160082093
27.0,49.0,True,0.17380867599252173,0.11891218108692071,0.3976960277763762,0.3864336671262484,-5.954710137177942
27.0,50.0,True,0.12548777415404855,0.08655464191343924,0.2945125897025573,0.009503369082160394,-7.562401304852977
27.0,51.0,True,0.12534264800738049,0.08906494364083681,0.3443016591561991,0.9933379961405184,-7.803767571651309
27.0,52.0,True,0.1478141754828287,0.09611599882056422,0.3159512280548563,0.2993819301761668,-6.884119447599853
27.0,53.0,True,0.1262119737991409,0.07887283214527353,0.3136466051018651,0.33735836384238366,-7.442029131850104
27.0,54.0,True,0.1228081338223197,0.11871887545969131,0.5757081924981501,1.609149502811087,-7.965738740469374
27.0,55.0,True,0.1358867656732948,0.10802468640833145,0.3426526731482761,0.596225619770548,-7.146994902518043
27.0,56.0,True,0.12161479572536948,0.07540809571621472,0.2886620177217542,0.2205175208796534,-7.857185596390072
27.0,57.0,True,0.1269528720785563,0.07176706423268396,0.264424428259464,0.0675335929975619,-7.6066497621221325
27.0,58.0,True,0.09929253573894155,0.11142969609233576,0.3787820015709985,1.095519400377247,-8.547670271485451
27.0,59.0,True,0.2189574278357036,0.10706694383335577,0.4101998941736351,-0.14840803034575153,-4.782883645992743
27.0,60.0,True,0.2595005707148698,0.13422286974345918,0.5755836882999011,0.38468786750089135,-3.656557583208482
27.0,61.0,True,0.16140509534411837,0.11967202022764437,0.6122932618492234,1.482747018092507,-6.6454224561423985
27.0,62.0,True,0.16958317222708205,0.15557232174478458,0.5698970183017751,1.1291570849137207,-6.257529142575309
27.0,63.0,True,0.13662044620230393,0.09129105983795625,0.3260063508693226,0.2379968408816014,-7.1832900474574135
27.0,64.0,True,0.21190915469299323,0.11507301719291954,0.4264211287770135,0.038058770833955355,-5.108602835115643
27.0,65.0,True,0.21146931703232155,0.17702009239916966,0.5506163724651573,0.3951050712868031,-4.740068970877075
27.0,66.0,True,0.14061618556537464,0.11141290172294309,0.3984326816687921,0.6924168472536579,-7.070265150522523
27.0,67.0,True,0.17751369573211512,0.09532645985006867,0.3757147792638917,0.16114061063550567,-5.811687840860504
27.0,68.0,True,0.18652046168534894,0.08247835921564528,0.3928705818176121,0.15175773808644114,-6.027376460037619
27.0,69.0,True,0.15887814975061154,0.1099988879295673,0.642898766168657,2.204059505413376,-6.898940141132399
27.0,70.0,True,0.2069593138819817,0.17590005236966197,0.636540023463601,0.8340788792380431,-4.9754825488604295
27.0,71.0,True,0.12156046127960289,0.07729990929292704,0.2815117296261891,0.22221040376335358,-7.805446842687135
27.0,72.0,True,0.1288498154079554,0.07302637458230608,0.2533385112135309,-0.07201078708894555,-7.537662889898314
27.0,73.0,True,0.1414115166480426,0.10834576459599468,0.3260313585556968,0.254230957743485,-7.168250778482331
27.0,74.0,True,0.19687755659256623,0.10397664842268438,0.4110163982846858,-0.27929356844553876,-5.3686629688054355
27.0,75.0,True,0.2304479939692527,0.1250468997996409,0.5027317512808606,0.516283254846625,-4.136117324583459
27.0,76.0,True,0.1900543272389092,0.1149083229820714,0.4217638944727561,0.5228821901568879,-5.418132317946504
27.0,77.0,True,0.1770138022530254,0.05435805574459427,0.2823663672257252,-0.06621318075851784,-6.104512021349616
27.0,78.0,True,0.2975032703476375,0.14636804156538308,0.6428048964994125,0.314954881662056,-1.9457739717011697
27.0,79.0,True,0.20002376629453414,0.1329616591480523,0.5352921324748937,0.4846502576787491,-5.658153103386872
27.0,80.0,True,0.27518628913056226,0.20044666613897655,1.0395860220646402,1.6744409217908893,-3.219484519928905
27.0,81.0,True,0.40173176318762616,0.1708792604299078,0.7316995515347314,-0.0020283795365090037,0.8840712826299625
27.0,82.0,True,0.3062238702078388,0.15224188242007017,0.6776010826331688,0.5091897420374953,-2.1406735264196763
27.0,83.0,True,0.2996421074014495,0.11138244014254042,0.5012277344790818,0.049100319565776145,-2.153569265323058
27.0,84.0,True,0.4625429028265137,0.15449541371928247,0.767266563622834,0.248615199710736,3.0642835189530215
27.0,85.0,True,0.4889090292160407,0.15559617584430857,0.7923682995952155,0.0004060338980214865,3.8894670316460025
27.0,86.0,True,0.4955853379589874,0.2963645712798756,1.5,1.4386316761801727,3.7110417016070603
27.0,87.0,True,0.5099449771014061,0.21580825129408812,0.9752722767477382,0.10057274904486373,4.932824275871825
27.0,88.0,True,0.6105969307287422,0.2293423223587094,1.1705671601453402,0.11853429476126631,7.379379179524534
27.0,89.0,True,0.5164782695975227,0.1732430072314293,0.7526944693188301,-0.6584674078628778,5.0562731773540595
27.0,90.0,True,0.5640083803987671,0.22115773761059568,1.0468324526183628,0.477712187149954,6.4642565963564005
27.0,91.0,True,0.4664459012017758,0.12921670935747231,0.6321369588076575,-0.7457532208232337,2.926555503145512
27.0,92.0,True,0.37218466491547464,0.13576761428640416,0.5989497442605706,-0.5007465960352536,0.3179586947447137
27.0,93.0,True,0.3972433476504093,0.14403445908274487,0.676117002802051,0.16637899910209392,0.6362838986741748
27.0,94.0,True,0.07965491924996282,0.08666947745374896,0.2876314299726312,0.9534353425626667,-9.128405858426477
27.0,95.0,False,,,,,
27.0,96.0,False,,,,,
27.0,97.0,False,,,,,
27.0,98.0,False,,,,,
27.0,99.0,False,,,,,
27.0,100.0,False,,,,,
28.0,1.0,False,,,,,
28.0,2.0,False,,,,,
28.0,3.0,False,,,,,
28.0,4.0,False,,,,,
28.0,5.0,False,,,,,
28.0,6.0,False,,,,,
28.0,7.0,True,0.009878634614683447,0.021806349807468765,0.0742993064049828,2.0496886221432646,-11.289745356433665
28.0,8.0,True,0.20420796105492214,0.1454318083092847,0.5055127733336132,0.5796465453095093,-4.841498969699619
28.0,9.0,True,0.47494196323475046,0.15501550786518883,0.7807445916945475,-0.22600353247621985,3.5897820075702014
28.0,10.0,True,0.33025189567751595,0.15306680297587502,0.6279450715653677,0.34776119033093494,-1.2493941292614672
28.0,11.0,True,0.33870526927533845,0.24561817869682095,0.975809880935238,1.1661040705243553,-0.5632356743619428
28.0,12.0,True,0.3957406227783458,0.15944059408466324,0.7072907733371415,0.1478784727176387,0.8605294967416658
28.0,13.0,True,0.3825867630843522,0.23693103716138428,1.0521994129070882,1.532535556335912,0.6686762170191326
28.0,14.0,True,0.33308882988088645,0.15629817183724667,0.718419496475702,0.4529850804133988,-1.1888277296691778
28.0,15.0,True,0.401727920815715,0.1792524133481533,0.634896729449457,-0.8787179808255213,1.053076135306244
28.0,16.0,True,0.2758067719009224,0.1381830081717305,0.5696671823911685,0.6645783822436417,-2.618507499148872
28.0,17.0,True,0.24848322840436668,0.1782445440395834,0.7260646081467295,1.3025727567476286,-3.7497044162676585
28.0,18.0,True,0.4437140215478955,0.20387273232286895,0.9296433667000648,0.3927640856827861,2.4425532238719656
28.0,19.0,True,0.32380887791021973,0.11845809168877153,0.5530967847364735,-0.30690911906968993,-1.167731841260485
28.0,20.0,True,0.2762876583215849,0.14033013368186434,0.5164258440379557,-0.21087824155841903,-2.986274522869673
28.0,21.0,True,0.3107051699337779,0.11272269109732122,0.5095160381392514,-0.40032891554290867,-1.9249520767500123
28.0,22.0,True,0.3774788515756133,0.18283834597793,0.7051723098926714,-0.325195460021407,0.3057096771725491
28.0,23.0,True,0.2774824352014285,0.16014640792540555,0.7312994543761241,0.7039428244711448,-3.276067174805381
28.0,24.0,True,0.2875765120028495,0.13163305375928364,0.5394821805762559,-0.36629562272047383,-2.8557323414451554
28.0,25.0,True,0.3089585867524177,0.11536834474282998,0.5804967877691268,0.36755368830928276,-1.7602260345480834
28.0,26.0,True,0.288587950911921,0.16242962837339156,0.6463275181769497,0.8265836326354569,-2.4047973486311074
28.0,27.0,True,0.2997147396914305,0.1833349457947158,0.6300124806489954,0.3035072799629679,-2.02804208682503
28.0,28.0,True,0.3197930693538788,0.1338533787192574,0.517586219172567,-0.31821127491620976,-1.4041037975864028
28.0,29.0,True,0.3739531338179022,0.11811203752370836,0.6608987099635627,0.663984961802572,0.1977177576306662
28.0,30.0,True,0.4184820019755079,0.15376657555144896,0.7450337707069171,0.22712323678489432,1.6785842350345153
28.0,31.0,True,0.34761136687200567,0.12054183602553606,0.6215600355679525,0.3324945741889076,-0.9371932117875763
28.0,32.0,True,0.34572364461421545,0.15802505948348197,0.7359983720508899,0.58521373161894,-0.8720190993958865
28.0,33.0,True,0.28203392935392096,0.12340013060902681,0.5650588250963241,0.15676222805786683,-2.5526126779146012
28.0,34.0,True,0.25412283286462556,0.14185342212617033,0.5819266936046251,0.3445341183103111,-3.760657736277454
28.0,35.0,True,0.16942924281003385,0.15526378466329085,0.5542201994702427,0.9031480794749313,-6.05272142214965
28.0,36.0,True,0.2811266323701699,0.17386215308540237,0.6598331050892734,0.7612331466618114,-2.9123312194716737
28.0,37.0,True,0.3084865257122354,0.16750575695725545,0.6006811715844613,-0.15167372103738772,-1.7122303611250518
28.0,38.0,True,0.24030680044616834,0.1276075589191515,0.4784349906917663,0.4372228532100959,-4.1065879716420985
28.0,39.0,True,0.32397931518969647,0.17726560525625845,0.7781068737270276,1.2306273305685331,-1.313929491713885
28.0,40.0,True,0.23106803345018823,0.15002288137022107,0.5848433527349346,0.5981121868878478,-4.423659638635246
28.0,41.0,True,0.18502644107833524,0.121107856985599,0.4335451623599554,0.38663037870442535,-5.693147835959449
28.0,42.0,True,0.13983364286451164,0.11347819986153625,0.3522543323801309,0.47567885795010006,-7.180484920691966
28.0,43.0,True,0.20476234796668422,0.113596022878609,0.4772921736253384,0.40433955014798045,-4.987234209773875
28.0,44.0,True,0.1753252880880366,0.11835979979023252,0.393757566813059,0.18899718884270258,-5.990473651484945
28.0,45.0,True,0.13314166506370997,0.08950437615070957,0.4175187996638335,0.8592769382874912,-7.422270070730242
28.0,46.0,True,0.16894493198484015,0.0805827844073435,0.3126081727151723,-0.16760853652685404,-6.141377763971232
28.0,47.0,True,0.17644570901834147,0.11599411130823213,0.4592938766134566,0.46609860355944804,-6.100870494032458
28.0,48.0,True,0.19475101169461254,0.07198551216840456,0.3033992267475107,-0.578621882330102,-5.513390464742558
28.0,49.0,True,0.14175535711385887,0.1307532764788331,0.3804620134860972,0.7558195347535526,-7.0912321985167015
28.0,50.0,True,0.136892548793232,0.07636519778781027,0.290139963552303,0.01691724088126202,-7.182397357066061
28.0,51.0,True,0.09580421151126987,0.07163706062524648,0.2987690223546304,1.1819670844207049,-8.490508161336114
28.0,52.0,True,0.09747656035646944,0.04820458066368911,0.2093286138049366,0.5477659648611742,-8.516754040473801
28.0,53.0,True,0.17054984568063988,0.12410110279691824,0.397268394156108,0.03817157524014297,-6.1385302790921
28.0,54.0,True,0.16158149558764232,0.10603556094937219,0.398035208835119,0.4883164736577492,-6.343607701201884
28.0,55.0,True,0.12236833692674944,0.09216615325008577,0.3284666706263773,0.7843119982503047,-7.6944426393682255
28.0,56.0,True,0.10603527577639446,0.0732593948837008,0.2930966533834823,0.9483013907194189,-8.249938911532652
28.0,57.0,True,0.1946621150877763,0.08201868622903188,0.3310378267814218,-0.7398023151203181,-5.527246952241255
28.0,58.0,True,0.1207304203280157,0.08776654296487593,0.3136433620727391,0.3686933793494494,-7.811481183603597
28.0,59.0,True,0.162555142676842,0.09977594388250836,0.347123763386877,0.43691163612529843,-6.349773726227054
28.0,60.0,True,0.3016486102478596,0.08934010170547885,0.4830468422500773,0.10101019193029712,-2.218782787672
28.0,61.0,True,0.19071180293826703,0.14442129997321373,0.4533957089579294,0.3032025628503343,-5.490688364706936
28.0,62.0,True,0.13908827685609837,0.08071792745177832,0.292672496714804,-0.152004166445163,-7.123045012057812
28.0,63.0,True,0.1282045336380635,0.08386697451309469,0.2939034760561396,0.3796194585703365,-7.676631023322456
28.0,64.0,True,0.21331178952774313,0.14785894112090855,0.5826211730714594,0.35306967232626907,-5.190037388147165
28.0,65.0,True,0.148453667302099,0.11806764883748855,0.5179774642659992,1.1894558197792826,-7.20895066534266
28.0,66.0,True,0.208610391986182,0.1677663409282617,0.5377911237837776,0.6917586476032002,-5.010392441678202
28.0,67.0,True,0.11096510092856515,0.06966658693276918,0.2811275731010311,0.8916690976566432,-8.231524912140179
28.0,68.0,True,0.14712323790196238,0.10533615822629226,0.3196568911071716,0.16184479399819404,-6.813406454671922
28.0,69.0,True,0.14540294929410227,0.10935199557520318,0.4018466598746727,0.8770808460359054,-6.9134329701830195
28.0,70.0,True,0.1623948710011878,0.10907900717447072,0.4459083142631626,0.8402874149633398,-6.501090533445524
28.0,71.0,True,0.1285519082069617,0.08249028890240771,0.2878050157625351,0.2995938241925127,-7.543089790458641
28.0,72.0,True,0.1506835832447426,0.07371994155388462,0.272042836297695,-0.16163749685356632,-6.9239626397931255
28.0,73.0,True,0.16678736324522822,0.13935851162980373,0.5055255124139495,1.087851127159811,-6.264359192692331
28.0,74.0,True,0.18923948564201729,0.13785227016563922,0.5536976926773007,1.079376212773901,-5.734938269948661
28.0,75.0,True,0.1401743979895712,0.08429451099434518,0.3102019220848057,0.1981919896186151,-7.111795356159315
28.0,76.0,True,0.2683987540795849,0.0932309151424145,0.4371335473396532,0.33442528006052996,-3.0912005479760385
28.0,77.0,True,0.27661118337543483,0.14011058196277978,0.7995877988014838,1.616289323907946,-3.1029956006911696
28.0,78.0,True,0.21952215990383192,0.1552918351035917,0.4653565523629435,-0.07729750004070052,-4.571950540421208
28.0,79.0,True,0.2909319877822769,0.2100832698071118,0.6738434081492698,0.3011879274176194,-2.5325865647428163
28.0,80.0,True,0.25363680536293204,0.12196262839684581,0.5107521484618051,0.2527166344068556,-3.8814052790253526
28.0,81.0,True,0.24815918001903728,0.1706279235876728,0.725908641292266,1.3918628760299383,-3.849923673613814
28.0,82.0,True,0.3762823525741952,0.19194847757699957,1.0333748428402636,1.31617676108672,-0.4764209691905039
28.0,83.0,True,0.41837639034235835,0.2102348398452675,0.8313620860117911,0.18686798204412108,1.3016966406681625
28.0,84.0,True,0.35582463623034477,0.11923331095395201,0.5747476847722502,-0.4573840440900618,-0.21274478016882692
28.0,85.0,True,0.4478122286521743,0.1777284921244486,0.7910749905787512,0.0979879609746178,2.948642558457359
28.0,86.0,True,0.535328975738883,0.24805252678543796,0.9003604165008042,-0.32791525341729044,5.096592815746868
28.0,87.0,True,0.4231089029780534,0.16068799910363551,0.7085670399997304,-0.03618078486853954,1.5079253586729124
28.0,88.0,True,0.466558922668518,0.2307649279113666,0.9884032007094452,0.001710300232810409,2.7243813531587895
28.0,89.0,True,0.4679443952646507,0.22619838058688513,0.9892287536555686,0.40883595771577125,3.334028689650257
28.0,90.0,True,0.5765553609553415,0.25004193489126963,1.0103820075963656,0.0065177504544064015,6.547848416064345
28.0,91.0,True,0.6419219441304489,0.16756249099718723,0.8652113802537741,-0.7426230374330766,9.034908532374827
28.0,92.0,True,0.5391671693862814,0.144461236293521,0.8832163163790344,0.6104863344881052,5.383441962436825
28.0,93.0,True,0.33182942284111194,0.10150224697236869,0.6067975458356252,0.6619562747768059,-1.466234441708088
28.0,94.0,True,0.3136356066827472,0.22368978616758625,0.7006187013115069,0.4213967917276036,-1.719575431343398
28.0,95.0,False,,,,,
28.0,96.0,False,,,,,
28.0,97.0,False,,,,,
28.0,98.0,False,,,,,
28.0,99.0,False,,,,,
28.0,100.0,False,,,,,
29.0,1.0,False,,,,,
29.0,2.0,False,,,,,
29.0,3.0,False,,,,,
29.0,4.0,False,,,,,
29.0,5.0,False,,,,,
29.0,6.0,False,,,,,
29.0,7.0,True,0.11204272095884021,0.08637510905297466,0.2823186273977897,0.5492879492635212,-8.096678219639692
29.0,8.0,True,0.25173845944282797,0.12442926231752222,0.5341897289885524,-0.3111780856058281,-4.004124600280759
29.0,9.0,True,0.3554161903590003,0.16573248967135712,0.6630613664142609,-0.05940292752475309,0.023461887865366834
29.0,10.0,True,0.3623189843829367,0.153868190510042,0.7084009960198212,0.4137790238963545,-0.24461104557308755
29.0,11.0,True,0.41018960947488864,0.14793488287105802,0.734351104386836,0.5716508854896011,1.248705096945153
29.0,12.0,True,0.4031157938392182,0.1410559924043321,0.6195948778259154,-0.7020907455794065,0.9070096506153096
29.0,13.0,True,0.40549239522095126,0.13276652909605652,0.8020542089653542,1.332057217787068,1.0692448823792478
29.0,14.0,True,0.29835575289952426,0.1774452384941342,0.6295918861661773,0.0264143781683082,-2.3200679691404176
29.0,15.0,True,0.23883919725554595,0.17741040275532668,0.5798667475148854,0.38638071646182254,-4.408984498670274
29.0,16.0,True,0.36276835590886514,0.1583471946586553,0.6384684408777184,-0.2109334699559119,-0.059728513219043614
29.0,17.0,True,0.2994379876480542,0.16487716489170923,0.6987146020958097,0.3917802940478793,-2.1862115054433415
29.0,18.0,True,0.2940050864161523,0.18007274399231293,0.6562941031666938,0.7644500017693181,-2.4124156806910486
29.0,19.0,True,0.34106707938530023,0.17674133821537696,0.6857065791112026,0.5822413828394842,-0.8467615087947143
29.0,20.0,True,0.244587937488243,0.12435891945709263,0.4705510965925469,-0.04963319290517836,-3.9812815466166045
29.0,21.0,True,0.31037426412053515,0.1988335887894142,0.6756656053457609,0.286854244703512,-1.768228104116527
29.0,22.0,True,0.2769591931443785,0.16262896308536753,0.5599848081068053,-0.06336933704954842,-2.4854281883322695
29.0,23.0,True,0.3102992685937174,0.13984690472335864,0.722731816169961,0.5158642060569812,-2.0574316571649223
29.0,24.0,True,0.45446613173266526,0.2907573063536602,0.9059851750836296,-0.04109790951552722,3.4449489320198
29.0,25.0,True,0.34483028020100576,0.15398221020617325,0.6854134774774727,0.38442024166744454,-0.8413762609140119
29.0,26.0,True,0.2925998653778724,0.18826532762129503,0.6700328319008304,0.41560473266320147,-2.4173339855477187
29.0,27.0,True,0.3743830831395755,0.19753801851247052,0.8462396055258875,0.6320969352661523,0.5193866895717847
29.0,28.0,True,0.23115546495424238,0.10334001432820744,0.4484331879119874,0.22019594948752913,-4.37864001012214
29.0,29.0,True,0.36598315748853194,0.19000088255042694,1.0783847355858964,1.7260779178971786,-0.5608374389059709
29.0,30.0,True,0.30024492164595784,0.11089554042360793,0.6206086313782969,0.5532731760845001,-2.595908304103418
29.0,31.0,True,0.3754536425705822,0.12233072173333022,0.683354131417939,0.7200990579664506,0.13113222829168722
29.0,32.0,True,0.13543903596132462,0.10939266654696567,0.3681075300993935,0.7541311057993174,-7.353540384931807
29.0,33.0,True,0.3015869055354016,0.16337537069877237,0.6332022715942063,-0.08790959987549397,-1.9247023589593988
29.0,34.0,True,0.4105278985637672,0.21342727091193456,0.7255460590035531,0.05671695407657827,1.4300048378885242
29.0,35.0,True,0.24797172299311662,0.13327142315744753,0.5649252337559294,0.16812749032564064,-3.8116328920092477
29.0,36.0,True,0.20908626588262735,0.1255626019459119,0.4498185877610396,0.0029367564480301035,-5.005171126185586
29.0,37.0,True,0.31637566346560614,0.1878821871322691,0.7180579866329145,0.6135049943946597,-1.612166738119389
29.0,38.0,True,0.2593242331956621,0.14185118131526334,0.5061411154748898,-0.26866899332078326,-3.5975205640548857
29.0,39.0,True,0.18686842922678104,0.08889681331428534,0.3465267060693907,0.053927095250383354,-5.683402487226922
29.0,40.0,True,0.13571080707677394,0.09128139528602273,0.359219458021156,0.8472819773179611,-7.3605219323464075
29.0,41.0,True,0.2136917879975536,0.1878046754858075,0.8235238413180122,1.0502085083500172,-5.136352418393399
29.0,42.0,True,0.2177715302573397,0.05940864786744207,0.3535342765453237,0.7539035825025416,-4.820617502463075
29.0,43.0,True,0.1745067982962123,0.12871291429877027,0.6026444261401297,1.1875334548758212,-6.374659164331333
29.0,44.0,True,0.14851121480884533,0.08758971090801149,0.3316622666565358,0.3608125888201461,-6.950380245203413
29.0,45.0,True,0.12409576418673678,0.11959435751337935,0.4330775094239359,1.1869713869351455,-7.785132001379682
29.0,46.0,True,0.20508462926182286,0.09130115206024876,0.3513602466032876,0.09286178731213064,-5.238276398987104
29.0,47.0,True,0.2384768737984595,0.11495285994683724,0.4634545965408234,0.2324013086814307,-4.294996443988041
29.0,48.0,True,0.13110937026628175,0.09456650994529738,0.3961197951538784,0.7850995160005984,-7.646539418453558
29.0,49.0,True,0.1355707418579902,0.1188275685653056,0.4422489028758099,1.0892725084275467,-7.140825741599712
29.0,50.0,True,0.23977348957070996,0.13065104725066776,0.5740963269688624,0.9733297047150441,-3.8714077275387386
29.0,51.0,True,0.12535578933067443,0.06482819986905576,0.2797316848816988,0.05153279173083029,-7.756689834977832
29.0,52.0,True,0.13165519804208298,0.09843851256936406,0.3450097227888391,0.7581237130640539,-7.351267011811575
29.0,53.0,True,0.14674467207248165,0.08150457378653628,0.2993793280253771,-0.12487000801158221,-6.949800366903678
29.0,54.0,True,0.17203113370861345,0.1386215279761153,0.4796220931118792,0.5503197170004274,-6.051369454251348
29.0,55.0,True,0.21641050802729794,0.11736783233410555,0.4855059338391249,0.40828472275890076,-4.59615521901181
29.0,56.0,True,0.15182909093070449,0.09023428803631231,0.3452089032899664,0.6403539114010293,-6.900142958373716
29.0,57.0,True,0.1695724606745762,0.1127762184038622,0.4211091801336719,0.6029689526407847,-6.077735491248868
29.0,58.0,True,0.11858407690810469,0.07845682313109702,0.2940281453846941,0.8383055299509599,-7.852791090162958
29.0,59.0,True,0.1410874854721951,0.09380943937998493,0.313173912947651,0.310949991152611,-7.036967811466314
29.0,60.0,True,0.1431635874378704,0.06726009702690261,0.2576678359133034,-0.011429710556972865,-7.063167025077395
29.0,61.0,True,0.11991830250909798,0.08068449701596976,0.3562983826654101,0.6227826772868678,-7.910561591483851
29.0,62.0,True,0.10638289867238934,0.08181359533526858,0.2959662331888215,0.6252622819602491,-8.508040470921877
29.0,63.0,True,0.14433093671283984,0.1344776335786147,0.4893871785237201,1.1021613155115486,-7.102602044428827
29.0,64.0,True,0.19918387718761502,0.13109965213240368,0.4781822103762648,0.361634796332586,-5.2808863259808545
29.0,65.0,True,0.08396297122279155,0.0899233635223136,0.2801931904957632,0.9855230900783641,-8.99071742667
29.0,66.0,True,0.17562003195921766,0.07304321736114248,0.3682981366483926,0.2918412011842365,-6.183743474902813
29.0,67.0,True,0.20944914081920998,0.10545753481238782,0.4429595629180451,0.3821403270282376,-5.019104952748212
29.0,68.0,True,0.20140462551185526,0.11522906801709114,0.4993479830495734,0.21055356845473994,-5.6019509273298445
29.0,69.0,True,0.24933684766449912,0.18009013590958123,0.6982382787246851,0.38497057574987065,-3.8052309002739753
29.0,70.0,True,0.15168002027832395,0.11585927376818764,0.4631379462485138,1.2137331265707776,-6.77114116823288
29.0,71.0,True,0.09889394068584209,0.07423127901962068,0.2806308332100673,0.706598760658265,-8.4134049736012
29.0,72.0,True,0.202368541053863,0.15632778043421058,0.5057115827026265,0.6779155884065462,-5.243937423088637
29.0,73.0,True,0.17497488817841922,0.13807958479617743,0.564312452096402,1.4188252815527875,-5.869330600362392
29.0,74.0,True,0.19158121964782318,0.14797739872350119,0.4683109018675177,0.2632126523853989,-5.419948981066258
29.0,75.0,True,0.09130506708521186,0.0688421080820851,0.2943153157011738,0.7929918617482374,-8.965983649496588
29.0,76.0,True,0.17784519051987566,0.12680063753019274,0.4487815711381918,0.7828083887067195,-6.0299958678742245
29.0,77.0,True,0.19037142150852526,0.10732286322590699,0.4303610697763086,0.5236907905120155,-5.507974662864542
29.0,78.0,True,0.3542608273004813,0.13574260533478727,0.627829350081676,0.19592485994631081,-0.28262790029104584
29.0,79.0,True,0.39068199607914905,0.21253514800287432,0.8557518090666691,0.5242434329569031,0.5553698716667727
29.0,80.0,True,0.258857926633895,0.14623534286651474,0.5900403742007483,0.5336470516127136,-3.39545603114792
29.0,81.0,True,0.2807203609421542,0.17879829812308728,0.5366165315996286,-0.24965423235550568,-2.5763892950097933
29.0,82.0,True,0.41310899697540376,0.13171142326550733,0.7461511179069344,0.3511807435451486,1.3164896342101438
29.0,83.0,True,0.3399763175508253,0.18215777614795417,0.6944567123003043,0.4532131354026459,-0.8287403359721958
29.0,84.0,True,0.43322140888499533,0.22072147372541462,0.9540099547604064,0.3682748023522896,1.9575330544768987
29.0,85.0,True,0.45601152822380764,0.19095518953666119,0.7462441024376069,-0.3543309877869543,3.0175463937861067
29.0,86.0,True,0.467816830328284,0.1872471168132204,0.8676647902193246,0.3386666796600024,3.235404520784115
29.0,87.0,True,0.38794910252980447,0.10417568560936367,0.5721663412775088,-1.0113982557284462,0.810407553575254
29.0,88.0,True,0.3946240367426891,0.17845391746246914,0.9180332817309708,0.5577323007740306,0.2628201667339457
29.0,89.0,True,0.5764961395567945,0.1480839626680565,0.8844444318086733,0.0007562666887990276,6.665372797764134
29.0,90.0,True,0.3654894085031648,0.18656056317087308,0.7272828073851014,0.07860863669347042,-0.5992355428482421
29.0,91.0,True,0.47640595316879814,0.17386890448026626,0.7205946677571653,-0.3776615147907277,3.3875975890910457
29.0,92.0,True,0.5853027719492228,0.1602203076506414,0.8562638157349022,-0.4555222835141373,6.3352593977553555
29.0,93.0,True,0.5203125202330385,0.19726663021623705,0.8896641645174237,0.03128797589151986,4.680539087978837
29.0,94.0,True,0.424462527735556,0.17617134280042987,0.7447429362845849,0.41781908541886686,1.5320392266110523
29.0,95.0,True,0.07218768629493659,0.06753752605877064,0.2374878719805087,0.9736150639868453,-9.448869517356501
29.0,96.0,False,,,,,
29.0,97.0,False,,,,,
29.0,98.0,False,,,,,
29.0,99.0,False,,,,,
29.0,100.0,False,,,,,
30.0,1.0,False,,,,,
30.0,2.0,False,,,,,
30.0,3.0,False,,,,,
30.0,4.0,False,,,,,
30.0,5.0,False,,,,,
30.0,6.0,True,0.012228311862132782,0.026993087245491963,0.0919717273994351,2.049688622143263,-11.20186633968821
30.0,7.0,True,0.17321055773419242,0.10088872019909711,0.3240447602188605,-0.44738643680931345,-6.141643549411927
30.0,8.0,True,0.36201971911091874,0.17996483199552174,0.6975443178821334,-0.08285814625733363,0.2271201483482457
30.0,9.0,True,0.3343277516503546,0.14111076127757985,0.6514370640097441,-0.40193125794383927,-1.1693708808949619
30.0,10.0,True,0.38773705304136047,0.16721113698865295,0.6863863110791442,-0.2720205833019991,0.8112114905925942
30.0,11.0,True,0.4214772809030244,0.22997411415283286,0.8442063782392296,-0.3750199864494795,1.6118229915090745
30.0,12.0,True,0.41146475662211557,0.18529633632593295,0.9450384921477516,1.3027473850488365,1.4235687548374036
30.0,13.0,True,0.41248907860689266,0.15528078123787956,0.8482008454089527,1.2905721385612248,0.8121405277340139
30.0,14.0,True,0.4096382102225481,0.17354838241328446,0.8243600426913527,0.10473868488801631,1.1272771189890052
30.0,15.0,True,0.22958857469036728,0.10901760369253426,0.4964651900319838,0.19642416526083728,-4.664524968029687
30.0,16.0,True,0.26862774418986574,0.14720838222337027,0.518510290236993,-0.21528517645152284,-2.7378492458400863
30.0,17.0,True,0.27727635424466074,0.1154208010202577,0.4320795311519467,-0.5507598785626033,-2.6563404048956256
30.0,18.0,True,0.2928699236973706,0.1163949475576465,0.5458389673182746,0.5601993170901675,-2.3909335320558274
30.0,19.0,True,0.3763866025674665,0.3032961232657752,1.117005054531039,0.7270130718394768,0.5224141498798132
30.0,20.0,True,0.2707444526511569,0.0909327581544983,0.518622944753951,0.7505643609002185,-3.058645069693139
30.0,21.0,True,0.33495546094307804,0.2415505594548984,0.8725187747379763,0.8294702453122159,-0.7032926468118025
30.0,22.0,True,0.27939366415499023,0.18846365329126175,0.8722752577426428,0.9502050649010221,-3.1612205002003755
30.0,23.0,True,0.2467008688517408,0.1383168108915769,0.5299169364868102,0.37320308050403994,-3.769836479508375
30.0,24.0,True,0.24838287245918642,0.12206521777490355,0.4701996712097295,-0.0067885412753173726,-3.4555992195184366
30.0,25.0,True,0.31098714911694225,0.16035764947326614,0.6707551365698443,0.42690378046525057,-1.756320769562563
30.0,26.0,True,0.5043844884726355,0.24044064327485426,1.092843791210126,0.5800508672736047,4.42892084879207
30.0,27.0,True,0.3881033696125104,0.23112293403066775,0.8239637850582089,0.4777323450214261,0.6236092161431078
30.0,28.0,True,0.38487423890105826,0.20081094210666162,0.7821578713080224,0.17773950469176483,1.0421420109467059
30.0,29.0,True,0.20076642893000418,0.10028296380908121,0.3424304910002672,-0.5065493506650448,-5.340642656798214
30.0,30.0,True,0.3509614527575485,0.162778729599606,0.7232316360359659,0.3311282182241715,-0.3655427627821632
30.0,31.0,True,0.27752720087447613,0.18040313367768432,0.8950560747967632,1.3577994350033815,-3.001899492223906
30.0,32.0,True,0.27703157685489904,0.15549157439264516,0.5752132703129167,0.48760121005260204,-2.5398199448449272
30.0,33.0,True,0.2160811989381235,0.08395514844303012,0.4092412527033082,0.3683488810765989,-4.6476273895661215
30.0,34.0,True,0.33808535640529624,0.0873211893767213,0.571196055658183,0.7943383959212369,-0.823857843596234
30.0,35.0,True,0.32150847355755185,0.19454056670610362,0.8290797583322711,1.2699083394223503,-1.2121913430685507
30.0,36.0,True,0.25961556937294616,0.1592742342077315,0.5459233351267869,0.35880120598957455,-3.4672557393854024
30.0,37.0,True,0.35956023752079885,0.225184564254798,0.8570596360916262,0.4007022259824292,-0.4598848403450569
30.0,38.0,True,0.20812016289459642,0.09476735034877949,0.3729428794048378,-0.328878998882161,-4.783028393343257
30.0,39.0,True,0.1559040845355213,0.10811866449949908,0.3359019240504864,0.27471350664594923,-6.51974853089062
30.0,40.0,True,0.21732747959063384,0.13825730800415476,0.5768914419457679,0.6944166597456934,-4.632174961165799
30.0,41.0,True,0.19486988746417575,0.11157244232824412,0.4074625847996694,-0.03444984112795536,-5.204814091372227
30.0,42.0,True,0.2763521244888051,0.12415494320505956,0.4678546470399562,-0.3009027337432256,-2.635320433608145
30.0,43.0,True,0.20343732821456076,0.11956452060356267,0.4881572873456853,1.074788299673614,-5.216035196033715
30.0,44.0,True,0.1995231939240267,0.1474484566448135,0.5651714784026354,0.8131042501296909,-5.198741850821702
30.0,45.0,True,0.12262580508262523,0.12666750031885884,0.3959358977245455,0.9955037452447283,-7.860678570843378
30.0,46.0,True,0.1742176345830924,0.12394969091608622,0.4280152457275808,0.7084375692593252,-5.930687955262836
30.0,47.0,True,0.2052332728636129,0.09177675578010311,0.4541206973684775,0.14488635758767354,-5.272214056430462
30.0,48.0,True,0.20406132648961955,0.10532891718517487,0.4449846805633807,0.19948289893854437,-5.2737386424520265
30.0,49.0,True,0.2071618286151859,0.12525759674218379,0.4868635771945244,0.43767306367628206,-4.877127985613458
30.0,50.0,True,0.14752804922847576,0.09645895392849385,0.3588676159557371,0.20293219947259897,-6.829285845196087
30.0,51.0,True,0.2889609043195967,0.1590576841191959,0.5610180463850117,-0.2667296159133558,-2.4926160806470765
30.0,52.0,True,0.263740592107213,0.14477663026192547,0.5610759501772028,-0.1030435845731847,-3.2806093027051153
30.0,53.0,True,0.23535032821017696,0.1666700128193994,0.5924614976542519,0.45795118398874984,-4.184007833686834
30.0,54.0,True,0.2571860694489411,0.12698764741172913,0.4643292338642142,-0.3753016210126828,-3.386393980189774
30.0,55.0,True,0.10010950231432744,0.12291056875212059,0.4027091049542915,1.2939540818536261,-8.30336986285
30.0,56.0,True,0.13292325690724904,0.061406134249268586,0.359383750883562,1.439987087633788,-7.652067023370285
30.0,57.0,True,0.13040041933786986,0.09901482375168322,0.3132794906832333,0.22421273820915552,-7.468356647755836
30.0,58.0,True,0.1131039254619315,0.1456831010388028,0.5195502133762775,1.7592229799235581,-7.962376140719781
30.0,59.0,True,0.142096159488774,0.09716861714097721,0.3720001881940237,0.10115966496803844,-7.162081450153926
30.0,60.0,True,0.20578889091608094,0.1618091413460392,0.6143426364190965,1.1586844155504668,-4.8429023603719825
30.0,61.0,True,0.10667957051344254,0.08744124125467195,0.2980530902579601,0.5546786687756203,-8.146640646910893
30.0,62.0,True,0.08528712192866228,0.07448809872341249,0.2547869662243187,0.7502641496360614,-9.076632439481497
30.0,63.0,True,0.1257574261921741,0.08951157799332335,0.3299997632501034,0.712519966748169,-7.675729221230548
30.0,64.0,True,0.12693495569182153,0.09345666329681339,0.3411261372325603,0.7047892023699118,-7.784745326209008
30.0,65.0,True,0.10852900158145479,0.08052846408984256,0.2889201739535066,0.6252325733364998,-8.192939869682368
30.0,66.0,True,0.13744318636408592,0.15992489000410998,0.5329999500128998,1.0527550131822696,-7.566262412372551
30.0,67.0,True,0.12683158419678514,0.08340009001118508,0.3868061419198804,0.9883105710463488,-7.708881135447108
30.0,68.0,True,0.16983548476255814,0.11926826965856553,0.3960099242350173,0.6592391384093214,-6.1053435681249955
30.0,69.0,True,0.11351327832645337,0.06227973493420134,0.2645472330482062,0.5024752207529278,-7.928079474058271
30.0,70.0,True,0.19359499539309152,0.13957778265396217,0.6212101304074713,0.6662958621365767,-5.939605474986634
30.0,71.0,True,0.21035442981398592,0.13724832683560462,0.4999129743442431,0.3688209293734552,-5.0584424408735424
30.0,72.0,True,0.1858782671025848,0.1280203877520739,0.5452235365889821,1.293401973890494,-5.532687510785594
30.0,73.0,True,0.13698674430823246,0.10655326066834854,0.4320290143487267,0.5409962938609091,-7.463602354806791
30.0,74.0,True,0.17307663010051824,0.17190423341175323,0.5985451027768294,0.9178567449092023,-6.036142599771574
30.0,75.0,True,0.16875816127050913,0.09630300003762736,0.4040836663477024,0.4221219414923634,-6.432401113345909
30.0,76.0,True,0.30186046024372565,0.1259069281920125,0.5992243977176842,0.693348778692337,-2.2796333352987546
30.0,77.0,True,0.25267333726036706,0.11963747861931662,0.5871567884818567,0.05337791300853321,-3.9001975133546347
30.0,78.0,True,0.2671963867243864,0.11275991486308612,0.4843195169742885,0.06440128099336122,-3.216868843267431
30.0,79.0,True,0.3366887295748092,0.161649212152121,0.6933452794293635,0.7834245577182083,-0.9856132480975099
30.0,80.0,True,0.41138608347339994,0.17013819333605673,0.6127389680364727,-0.9969757299290943,1.8403579840900837
30.0,81.0,True,0.33530955816637154,0.17913145743737724,0.8554384388769475,0.12804624028544934,-1.5438573850938537
30.0,82.0,True,0.36107884440281635,0.11326179788220088,0.5284955085429909,-0.5218040573069799,-0.3170077063566323
30.0,83.0,True,0.3303904253217721,0.13606752328561073,0.5839132018282395,0.2263559513152529,-1.079743298621832
30.0,84.0,True,0.5771601015485833,0.21568965743755272,0.9127643701041896,-0.39262453624476407,6.956951211006867
30.0,85.0,True,0.35282837467470457,0.14780761669597262,0.6773414994876491,0.5491775941577336,-0.3259303761589972
30.0,86.0,True,0.4544854692739789,0.18572792385183098,0.768113341484608,-0.13616152163762696,2.5174377946677344
30.0,87.0,True,0.33849627326833104,0.20694392894724445,0.7471838959581367,0.48089067739164937,-1.2675300697042502
30.0,88.0,True,0.35729771754792866,0.17337648857134738,0.759183168259638,0.5003183708086145,-0.46674992771089735
30.0,89.0,True,0.28743340448915755,0.12007537927551853,0.5201650083856574,0.2987739390753466,-2.5251983619515324
30.0,90.0,True,0.38866142890071054,0.18666586931605736,0.7823462928760548,0.48781570947069414,0.5851814549336417
30.0,91.0,True,0.46101375147633844,0.18654923760719788,1.008396719899811,0.9628828623988034,2.7589522212857975
30.0,92.0,True,0.46752010344292133,0.19723862640265677,0.8384421465346215,0.43175830398419723,3.0927996754907108
30.0,93.0,True,0.39798937962157194,0.19075952204474456,0.6764569448391469,-0.47384553847906985,1.1581162641994664
30.0,94.0,True,0.3104428449883225,0.14474575791746247,0.6323090253630991,-0.07305226235253248,-1.8747510087262422
30.0,95.0,True,0.24917544507743491,0.12989553703675952,0.5472233392539853,0.2637488963201545,-3.928729168765601
30.0,96.0,False,,,,,
30.0,97.0,False,,,,,
30.0,98.0,False,,,,,
30.0,99.0,False,,,,,
30.0,100.0,False,,,,,
31.0,1.0,False,,,,,
31.0,2.0,False,,,,,
31.0,3.0,False,,,,,
31.0,4.0,False,,,,,
31.0,5.0,False,,,,,
31.0,6.0,True,0.12725476654547133,0.10101798052163624,0.3108450130601227,0.1861072361977467,-7.558090325345623
31.0,7.0,True,0.4026384988659614,0.11397924120581081,0.610525596697776,0.4107150694208008,1.0522343626820059
31.0,8.0,True,0.3447383350944802,0.1223612791786689,0.6087124060565052,0.6738478743332325,-1.075184768059906
31.0,9.0,True,0.45638519262686306,0.17415481475248462,0.8156901174818327,0.36826914603802546,2.4566723618378754
31.0,10.0,True,0.3953124497034668,0.16855156231038573,0.7848181328647212,0.29839667547056176,0.8008045569231375
31.0,11.0,True,0.4557329841442554,0.15381896875066273,0.7548454415989576,-0.2567651332284328,2.897519200773938
31.0,12.0,True,0.3833942330948453,0.17725068692910173,0.6462974847858214,-0.1455969451032153,0.17237766629604384
31.0,13.0,True,0.45333638491908207,0.2288437605894725,0.928098898156742,0.6670146626092984,2.3129789257256266
31.0,14.0,True,0.21581142609272141,0.16410030783193968,0.5760462178582634,0.6642514851026988,-4.69241931926174
31.0,15.0,True,0.36141643729492484,0.13129025113892737,0.5894479754674494,-0.017772552387671333,-0.41669959091771713
31.0,16.0,True,0.25252225290665403,0.15011360246431857,0.5984009239219304,0.5289621788347314,-3.5265054766791843
31.0,17.0,True,0.3697123625305683,0.12109544206331457,0.5946411026578787,-0.3806864641832375,0.3244116163003186
31.0,18.0,True,0.3123949978224196,0.11189886246172641,0.5521022101936212,-0.2788416507817054,-2.0044305116561376
31.0,19.0,True,0.27706831955963696,0.2026762529642482,0.9349650567440684,0.7859838600177559,-3.0608636783833028
31.0,20.0,True,0.22035028986640573,0.15150228916589983,0.804963268993746,1.949242795849586,-5.273197659799721
31.0,21.0,True,0.3418675977027428,0.12327886199815777,0.5517527142794814,0.2340509430249381,-0.8315432567557457
31.0,22.0,True,0.33824143676002166,0.16276116064573268,0.7867284614242158,0.9841237145519589,-0.6838696493349294
31.0,23.0,True,0.29526586023426504,0.12926272809004097,0.4796022275446405,-0.35536495467258195,-2.2382112887506427
31.0,24.0,True,0.3667802660066811,0.17017374688198045,0.6971756054312309,-0.2800844797521372,-0.03142707100937814
31.0,25.0,True,0.4934272317460527,0.24036936581372095,1.1462244700325697,1.227219424364683,4.208556890749931
31.0,26.0,True,0.3558452036593949,0.2165345635692972,0.7475816250454073,0.2073745716313493,-0.2651488026511849
31.0,27.0,True,0.3704251036480717,0.15707162999098936,0.6574985729667618,-0.5809836572151275,0.5596890842531195
31.0,28.0,True,0.4776534422871232,0.22476492793860953,0.8773555868060907,0.36796800296827853,3.4644631170785667
31.0,29.0,True,0.391601083899007,0.2048631608091828,0.8374526834279364,0.5912125090313265,0.7021331805364246
31.0,30.0,True,0.3631714469425534,0.1797076287489544,0.598031648147684,-0.3877020883158924,0.160849064036594
31.0,31.0,True,0.3558163847049745,0.13771105910190068,0.7551002492986278,0.7819905203921396,-0.8696301447811419
31.0,32.0,True,0.21373886729972003,0.12634387120742666,0.6652192249004474,1.082789491963098,-5.359262672445193
31.0,33.0,True,0.3246713028766545,0.15034329514916794,0.7235940890798798,-0.02380689053412754,-1.469301185631899
31.0,34.0,True,0.3027553907492323,0.17042435247799664,0.7857418565496999,1.274418888532058,-2.048012415142299
31.0,35.0,True,0.3342173427603473,0.2004225661819233,0.7849745360878465,0.6600926897849079,-0.8570604811053494
31.0,36.0,True,0.30047012431722225,0.16646949066995947,0.6446462709310685,0.10753707090841537,-2.063810327012681
31.0,37.0,True,0.25306415612863686,0.07519368069362743,0.4479533098660788,0.6400282680243707,-3.637967794342465
31.0,38.0,True,0.18986787249319098,0.0784891673160699,0.3285070965585132,-0.13062563764658722,-5.613743141165647
31.0,39.0,True,0.2575459011575512,0.08501706601459785,0.4225230583642796,0.06519463541394992,-3.3329886851131008
31.0,40.0,True,0.20085900508787163,0.1574430483488481,0.5651840711766507,0.8413153817908952,-5.543771031060287
31.0,41.0,True,0.10527803366907232,0.08939852712828633,0.3502396448070516,1.1429769084256505,-8.17987548832154
31.0,42.0,True,0.17916294450725695,0.12078805133492475,0.4213892154356095,0.717554278249144,-5.746669218330202
31.0,43.0,True,0.1506280148167933,0.09312445471641043,0.3581997031906928,0.7472179684598436,-6.897373728938731
31.0,44.0,True,0.18279221229284112,0.1011355222698643,0.3773065282356069,-0.23684855274781774,-6.0260037144656975
31.0,45.0,True,0.23276583251028882,0.18777928300968025,0.6425406113329832,0.6345031668254502,-4.212583626706882
31.0,46.0,True,0.1766426633241741,0.1191030443815212,0.4892754866809962,0.7601075065721306,-5.903057661086452
31.0,47.0,True,0.29315420677019816,0.1452896127863075,0.54037766586925,0.3301148300050951,-2.690439265938509
31.0,48.0,True,0.3039391698684396,0.1510208602875999,0.6257929420385884,-0.12107840559834003,-2.106556128324598
31.0,49.0,True,0.3793893411030062,0.19454267910208817,0.7546178045863513,0.04646867413354582,0.6027485998678692
31.0,50.0,True,0.3295005765197176,0.13309437958021095,0.5665581302206325,-0.1631186855272307,-0.9339388626863128
31.0,51.0,True,0.26167251653011786,0.20766966905986464,0.7126389101570196,0.6753300081823596,-3.2177271873471107
31.0,52.0,True,0.11932021682352355,0.09340186524271,0.3108987490124862,0.5357463510946637,-7.784472373699026
31.0,53.0,True,0.1961182747851483,0.09174521269638697,0.4213514826313922,0.3996811567136605,-5.46618921076506
31.0,54.0,True,0.18568293152021723,0.1484943550937921,0.4741877857851497,0.4021703125110987,-5.771611628437618
31.0,55.0,True,0.14537215195022693,0.09901131509753629,0.3527647885259549,0.33483939753391345,-6.858214488846495
31.0,56.0,True,0.10651774680308264,0.04812336850552359,0.2262021167175167,0.3512381165849926,-8.264662137157362
31.0,57.0,True,0.17529413304446187,0.09459953840949692,0.3874152026577892,-0.10093983082622213,-6.227990669585963
31.0,58.0,True,0.14333625664881136,0.14181391589926315,0.5133681212953599,1.3244748849886039,-7.128587739892458
31.0,59.0,True,0.10254232379382336,0.12320844970806569,0.5186875047576944,1.6331201622316407,-8.504878272985042
31.0,60.0,True,0.23766792863530414,0.11873540645868819,0.4954008834208137,-0.24426001445725387,-4.049125946078835
31.0,61.0,True,0.10129024476754299,0.06014738169031957,0.2216314846735066,0.12226044390681928,-8.268984917548083
31.0,62.0,True,0.17495747526774152,0.1512600237264846,0.7690089778270738,1.7155264211845271,-6.468290542268435
31.0,63.0,True,0.208694306586402,0.11295476063168877,0.4616131652050516,0.30165342085590807,-5.3709985122821235
31.0,64.0,True,0.12441181074461656,0.12190062513190361,0.4578727676848457,1.397207704618826,-7.6671534262444805
31.0,65.0,True,0.15286774221714403,0.07957036027305373,0.3062637486732634,-0.16195827648567918,-6.681689513447331
31.0,66.0,True,0.20851952333560267,0.10693450672917384,0.5131181794255308,1.1068889631001504,-4.983557895453872
31.0,67.0,True,0.16910638348555648,0.1515592946322234,0.4883155881865182,0.6914650271411149,-6.4590617563701835
31.0,68.0,True,0.12329546171928804,0.10347501533545733,0.3820798014968402,1.0214659171834717,-7.529287029225791
31.0,69.0,True,0.2126037616464606,0.12628594944659585,0.5071190202194817,0.7211303403121755,-4.999405424997975
31.0,70.0,True,0.08626890037318576,0.07718676864984517,0.3041249618700936,0.9289283629147632,-9.03350935071129
31.0,71.0,True,0.11443843714887814,0.06254485219462402,0.2435004411164789,0.07202498882309454,-7.9015787557342385
31.0,72.0,True,0.16541318242888647,0.08531634965118964,0.3522225936430118,0.24785962496121544,-6.5140391840028355
31.0,73.0,True,0.24589272329644724,0.09233439817758463,0.3856126653740451,-0.4308599969020732,-3.6267511880764864
31.0,74.0,True,0.15517759918609544,0.1066126643749313,0.348683971630882,0.2534232391327252,-6.654414734504244
31.0,75.0,True,0.2595198412333537,0.0913007219022126,0.400082601566825,-0.7327811255857604,-3.4874298072572625
31.0,76.0,True,0.24558847939042905,0.1408652869444087,0.5125601831003553,-0.1459487930263207,-3.680408632535288
31.0,77.0,True,0.31387226684412106,0.16847384897950618,0.7086360723458623,0.6644698210810801,-1.7777432289672694
31.0,78.0,True,0.3659365341173226,0.19822535187089418,0.7461363388032785,0.14151769265760855,-0.0640156781627392
31.0,79.0,True,0.3969724404305319,0.1982314029202812,0.7898353701480434,0.15249219420212276,1.4162390796673643
31.0,80.0,True,0.21903150898891327,0.10419906778989037,0.4688031210051769,0.47652657508934915,-4.570012489265752
31.0,81.0,True,0.3088913362656253,0.2493289797980957,1.180330809365455,1.8606330120237302,-2.6809062549851745
31.0,82.0,True,0.5715456520359746,0.2233147890164775,0.9334012947599796,-0.37897093650907027,6.6525253594223726
31.0,83.0,True,0.3698522725453227,0.21146489182333666,0.8472773640882767,0.4913286596401738,0.23966673890378082
31.0,84.0,True,0.45080081557965257,0.21496782536780143,0.9569227081972896,0.6603723995179991,2.654992143067485
31.0,85.0,True,0.41461392158467575,0.1580981101658102,0.7130538177930246,0.16393400485256598,1.7859509562332154
31.0,86.0,True,0.24148087418637848,0.05965783773349073,0.3849948274365218,0.655801870682306,-4.078176275490785
31.0,87.0,True,0.44208887149393644,0.21199568573600705,0.854708097071173,0.06586897041464178,2.5574656581925286
31.0,88.0,True,0.27977714985016805,0.1290525201019524,0.5159371194632622,-0.09263489762542512,-2.9059499681829633
31.0,89.0,True,0.25335810826681177,0.15712163658916778,0.8520567130992055,1.5922356963805355,-4.132741896084208
31.0,90.0,True,0.3471173502172128,0.19076004912588782,0.7622411977508373,0.7575535352225496,-0.6728598863863473
31.0,91.0,True,0.5306884604316606,0.16942955501122542,0.914079161505328,0.3521391382933445,4.827802752601601
31.0,92.0,True,0.36418948546676555,0.16644313436389385,0.7517713310319646,0.11153269943460023,-0.6937618924406328
31.0,93.0,True,0.3439212411010174,0.27375471696453385,1.1553557993218515,1.355961274908941,-1.7360212395778611
31.0,94.0,True,0.42057918258195676,0.1663450382559877,0.72619404747034,-0.10572173572909567,1.653196884409902
31.0,95.0,True,0.4012292923691721,0.18267363334156822,0.7522064935704106,-0.28456174195931455,1.254236491191379
31.0,96.0,True,0.06216948183587975,0.07888675307952832,0.2057735017933886,0.7515883169402855,-9.596307671969507
31.0,97.0,False,,,,,
31.0,98.0,False,,,,,
31.0,99.0,False,,,,,
31.0,100.0,False,,,,,
32.0,1.0,False,,,,,
32.0,2.0,False,,,,,
32.0,3.0,False,,,,,
32.0,4.0,False,,,,,
32.0,5.0,True,0.010438199823997043,0.020625220857169398,0.0692716897410713,1.842292545115448,-11.300104647737468
32.0,6.0,True,0.35786294719470546,0.19599629142656927,0.6897444932240571,-0.03727270772143946,-0.3569585340491751
32.0,7.0,True,0.3648534333755985,0.13411802951783677,0.6107700400201186,0.07909024863600671,-0.41681720233965336
32.0,8.0,True,0.27807727081286826,0.14499136881653263,0.6361236437230142,0.6374305067789368,-2.683367957259545
32.0,9.0,True,0.43211346538616263,0.2262872627075579,0.9411863022277236,0.5381968504809921,2.176850323097026
32.0,10.0,True,0.5316756139220906,0.24272481658749592,0.9875083888826138,0.1225290708279792,5.133078399882183
32.0,11.0,True,0.38752592320791385,0.16083825933048485,0.8525979183050394,0.7261115794220322,0.1309218349575513
32.0,12.0,True,0.3919100650820104,0.15940442121598813,0.6928075890130698,-0.12419130119222212,1.01735523977784
32.0,13.0,True,0.3717849749181789,0.10492553469985334,0.5376148823924048,-1.249637745477335,0.4179880232296195
32.0,14.0,True,0.18047078968923666,0.12116219402167176,0.469805798565398,0.6120800957432465,-6.006840887110902
32.0,15.0,True,0.32337922193903296,0.11064272334141573,0.6512661853651518,0.30296956400728875,-1.5899374533801698
32.0,16.0,True,0.336207392768958,0.13306857278994033,0.5799063304413107,0.20454729798988425,-1.1018806583042622
32.0,17.0,True,0.4080516376044997,0.19995159241927693,0.768297464516683,0.27589141322302363,1.0172927421874838
32.0,18.0,True,0.32646128245704226,0.1512064689156482,0.5543495146436745,-0.5825718488321151,-1.140669741414924
32.0,19.0,True,0.4259568437098152,0.11620932573285986,0.7129573466864703,-0.010596519965239477,1.6804716957017303
32.0,20.0,True,0.32266718291868945,0.22824412355857132,0.8968404555862635,0.9711516731542672,-0.9959994590279018
32.0,21.0,True,0.3342117743031078,0.10950867679735572,0.5442542009681406,-0.23213513406173958,-1.0311934035851569
32.0,22.0,True,0.3081187990312135,0.13075144984962359,0.5444518435131993,-0.07074297544399129,-1.640419013353411
32.0,23.0,True,0.3060143344047165,0.1605261456671216,0.5826611472605447,-0.22518116026584728,-2.072358857614776
32.0,24.0,True,0.37220273587664304,0.12844626755797967,0.5829100317504785,-0.1685671436214326,0.18896582352671587
32.0,25.0,True,0.3487886258061456,0.2219049590202256,0.894570131367902,0.6122439868270743,-0.1953636502491347
32.0,26.0,True,0.23729263791515368,0.09227880982897821,0.4052712393637214,-0.3562806624014771,-4.319627568595926
32.0,27.0,True,0.38196036280750467,0.19027690105987827,0.7081485587028618,0.052521376266697554,0.5974680454670556
32.0,28.0,True,0.4426291142672975,0.1777055672554318,0.892626288897681,0.3230668962495454,1.9308776121710234
32.0,29.0,True,0.4603733635237194,0.18572021641901398,0.7928277515233619,-0.038655365236773924,2.973931149252925
32.0,30.0,True,0.43839262707301135,0.16007772823977628,0.8599701066221754,0.5068594894909229,2.083276743844264
32.0,31.0,True,0.2993451358353404,0.1589264544534767,0.6798578777525099,0.8368364156479317,-2.2338269403567192
32.0,32.0,True,0.2900186863747243,0.1544093739253577,0.5320209288382166,-0.18911342819936125,-2.083669846088731
32.0,33.0,True,0.3919222555736336,0.24060264926413832,0.9393340777664456,0.5307125984917193,0.4057760271426227
32.0,34.0,True,0.32076778172199527,0.18543240554244425,0.7594820843133401,0.4400544556258667,-1.2058782295302808
32.0,35.0,True,0.36827400670675825,0.1740347592649789,0.824028017807249,0.19534592040263948,-0.4046763743481003
32.0,36.0,True,0.24339877438096877,0.19342294694480724,0.7270982053571116,0.9849738602778637,-4.1131280819307205
32.0,37.0,True,0.2505901565057154,0.14447907181679068,0.5994359905618734,0.7004827164712109,-3.664935651977879
32.0,38.0,True,0.27481176060331336,0.22107057217637494,1.2131164909118828,2.437489477723876,-3.3393080955886916
32.0,39.0,True,0.2698788518577763,0.17751247704426543,0.8615507959265617,1.1553271302718595,-3.2630710380185697
32.0,40.0,True,0.19569200803330417,0.11328181005217135,0.3920296519043676,-0.014433024288387785,-5.569190668316079
32.0,41.0,True,0.18941711957712198,0.08423682617413727,0.3679328866804701,0.667984103432295,-5.661544170477402
32.0,42.0,True,0.16542847190898086,0.08848730187848795,0.2985334072304693,-0.161756332086581,-6.368816201870859
32.0,43.0,True,0.13802341972310367,0.09711879835778386,0.3540603932293887,0.2195239780062239,-7.099051767111487
32.0,44.0,True,0.1854782765965184,0.10409016137393144,0.3860801850568638,0.10983479773387514,-5.578529055670952
32.0,45.0,True,0.14861428339426636,0.10101061574834283,0.481791832069452,0.8779654380664016,-7.1239948623633405
32.0,46.0,True,0.35945903187922024,0.17406777655513597,0.653764974510609,0.06767361817207715,-0.051431915193993316
32.0,47.0,True,0.3089020461397405,0.2012293757005563,0.9663314371774788,1.0447378370631726,-1.9382618382842414
32.0,48.0,True,0.3815779237778429,0.24416704064981884,0.8941609940824989,0.44163043725998524,0.7480717423387626
32.0,49.0,True,0.40796141625951865,0.31358035514892013,1.1145253552382353,0.6521372994898372,1.911871504699096
32.0,50.0,True,0.32761089741272437,0.18634329740400385,0.612048400539001,-0.36390152785232843,-0.8862664696680739
32.0,51.0,True,0.34325142087105964,0.14195405692938526,0.7533837735336174,1.023983700371345,-0.9629355655298073
32.0,52.0,True,0.2073381695731404,0.12121893369584186,0.4206858418396111,-0.1813991476821902,-5.08884312419978
32.0,53.0,True,0.22128771592748891,0.13471224818873317,0.5351713440107582,1.0849776143566787,-4.481498554175871
32.0,54.0,True,0.10592410122573145,0.05427293345806191,0.2389931385960449,0.47858650193819796,-8.280863671270133
32.0,55.0,True,0.18335490442869037,0.14902141815035408,0.4643044813241575,0.42942140778466387,-5.766574452822939
32.0,56.0,True,0.12937966551961466,0.06518255254701585,0.244846191078964,-0.17604295144911464,-7.425661933760599
32.0,57.0,True,0.1481615061264825,0.08432544808032227,0.3271198873233709,0.524036722898155,-6.995903617963694
32.0,58.0,True,0.1993730026020266,0.11524521107593523,0.4996635636382732,0.703427457012108,-5.468845275984168
32.0,59.0,True,0.12521448271553137,0.08083096897969165,0.2662684410318751,0.1155410940332062,-7.722677596591204
32.0,60.0,True,0.2550707981558606,0.14290003070214705,0.5526426843752746,0.333200575844359,-3.4159441014595098
32.0,61.0,True,0.1197314122572531,0.08977217942209502,0.3124705228125292,0.6226852121674166,-7.684977686815926
32.0,62.0,True,0.23529594401496495,0.1139549928930252,0.41918873899319,-0.03738738243988468,-4.093834035339346
32.0,63.0,True,0.17912714500121596,0.1436267192417738,0.553140464185888,0.8247655088570378,-6.326623498331394
32.0,64.0,True,0.1069229804710126,0.0864724362186601,0.2756682524375995,0.5827339663956247,-8.157190137265628
32.0,65.0,True,0.13934631573922932,0.11045938174761338,0.6054534911091888,1.9769460419523053,-7.443885470841464
32.0,66.0,True,0.06147727840835487,0.07619742845087418,0.2693131302123757,1.3195403885090988,-9.735120735027106
32.0,67.0,True,0.059010848820247,0.06521926498054866,0.2286345258688902,1.2375744099825474,-9.752820087514046
32.0,68.0,True,0.1679965085473967,0.1114987695510746,0.4451408246187241,0.8980522895129868,-6.662434352507366
32.0,69.0,True,0.1449402192635047,0.12921654882280426,0.6144886885542046,1.5852766940767327,-7.4359413697959384
32.0,70.0,True,0.1337908539566423,0.07663318835797917,0.2967496319788362,0.1869084306903216,-7.372981180052865
32.0,71.0,True,0.19124806380862425,0.1160941164553296,0.4362000751479095,0.15106669903617093,-5.658152083490472
32.0,72.0,True,0.23851467522949452,0.13471455064197999,0.5160898241336858,0.41214803667385386,-3.9649709039534593
32.0,73.0,True,0.1350703861041415,0.09149978134780072,0.3105114705098903,0.2737244712793501,-7.5581173716147845
32.0,74.0,True,0.21593843821663086,0.16213307172034572,0.6526115034890353,0.5506983438707089,-5.048948107767689
32.0,75.0,True,0.2378614032022575,0.12017160621649159,0.4698609777756429,-0.19743946424918954,-4.06712555962296
32.0,76.0,True,0.2690570695927952,0.1403889410979403,0.58854952289663,0.04566114881131696,-3.287530707257459
32.0,77.0,True,0.2849215072882578,0.09825472118710131,0.4567328168800577,-0.13546026636061148,-2.6544935059888455
32.0,78.0,True,0.2725435768633314,0.1686045683225091,0.7128058583552435,0.6535870327859795,-3.5223553107751817
32.0,79.0,True,0.34621400842733563,0.17504706901989037,0.7220445370126622,0.15966676821761985,-0.8349056009858636
32.0,80.0,True,0.2491819818285618,0.09200872260876364,0.3805708490730275,-0.6012444031372159,-3.710702918571206
32.0,81.0,True,0.24106477006736796,0.15442667809903746,0.4867739257882916,-0.09678319101708105,-4.0302016262069635
32.0,82.0,True,0.4981351589407292,0.16536288288482426,0.8640836444794343,0.03210605909128808,4.188915274535375
32.0,83.0,True,0.4584353511095378,0.32897959622138223,1.2708239373405454,0.799684689728655,3.1134195553093105
32.0,84.0,True,0.3942142000781169,0.19849265559548884,0.7373922783527519,1.3902188979773284e-05,1.1936535782935551
32.0,85.0,True,0.35123514289438856,0.12797906857510924,0.6225991886380609,0.1490014331778675,-0.699601838764817
32.0,86.0,True,0.47518405220734045,0.21252457914707082,0.9962384154729572,0.8448211660235654,3.712042552573239
32.0,87.0,True,0.27164275986475234,0.20303688973715386,0.7811750481322552,1.005812752448175,-2.9802875871763526
32.0,88.0,True,0.2827091263302035,0.14696693093995233,0.7195533254123632,1.0297042683519455,-3.185991381572097
32.0,89.0,True,0.2716057765874671,0.1894151061648993,0.6894708059710086,0.541752213187305,-3.0108584937949683
32.0,90.0,True,0.2492988632748865,0.11953011994361103,0.5677810940859135,0.7765389526227126,-3.913773286028874
32.0,91.0,True,0.4165499058178123,0.20334892070782853,0.7535759104648336,-0.11116600126804872,1.4213529774736755
32.0,92.0,True,0.41079208204949763,0.14830932732127294,0.8581984212220483,0.6322263728225298,1.2933658463535243
32.0,93.0,True,0.4317230836350501,0.16845506550040856,0.7891760369374403,0.35620224597404543,2.0960724734432867
32.0,94.0,True,0.3217023654014345,0.1339381852288666,0.5724611703480951,0.39456496875686453,-1.598035815369351
32.0,95.0,True,0.3731265443150798,0.10365256045621693,0.750979201698565,1.2682848212903803,-0.14266988321597157
32.0,96.0,True,0.2017560558300947,0.15907247015282905,0.503065870831993,0.36754555818585116,-4.906680907515969
32.0,97.0,False,,,,,
32.0,98.0,False,,,,,
32.0,99.0,False,,,,,
32.0,100.0,False,,,,,
33.0,1.0,False,,,,,
33.0,2.0,False,,,,,
33.0,3.0,False,,,,,
33.0,4.0,False,,,,,
33.0,5.0,True,0.06959942298074188,0.07607785912934768,0.2470127911725602,0.8814342762643845,-9.546577964595736
33.0,6.0,True,0.40029569651409364,0.12927717404766312,0.6535878732699851,0.2518071097265241,0.7557569094034751
33.0,7.0,True,0.28137114512919287,0.14574588391955107,0.6331539766181327,0.2390326597841203,-2.718796694923174
33.0,8.0,True,0.37196020863818036,0.17641254501996112,0.7671505414169122,-0.031157774968748726,0.027248337198423525
33.0,9.0,True,0.5518329240272982,0.24365064969058156,1.3704686550006615,0.8083777444092544,5.685111007467896
33.0,10.0,True,0.4339127350827633,0.2121241068511014,0.9916941228247858,0.7359695827370751,2.2088687174307102
33.0,11.0,True,0.45247459859018463,0.1656814520583544,0.8035088036844992,0.31754685006756955,2.3519662802504038
33.0,12.0,True,0.4188978473137519,0.1574614472244958,0.6966113108988652,0.2455403918997446,1.5429136030119783
33.0,13.0,True,0.2632837271060044,0.1345146636984536,0.5518791482816813,0.5504463275674322,-3.2970320167404132
33.0,14.0,True,0.3339663688282066,0.20914661141277444,0.7294812087961381,0.5198920109185059,-1.570823179411743
33.0,15.0,True,0.2445915529726295,0.13668198174292154,0.4744720417691102,-0.14868022864773953,-4.253642074378566
33.0,16.0,True,0.26369672178222564,0.16657374575414896,0.661715161893404,0.7451183782475371,-3.4568444108955854
33.0,17.0,True,0.24873948015910766,0.103088933777681,0.4398383066772865,-0.002494970750445802,-3.5951565784456223
33.0,18.0,True,0.3197190528968621,0.10621695413012382,0.4892851126409407,-0.7119059410593734,-1.3763085378658628
33.0,19.0,True,0.38131361599981245,0.17123109643218973,0.7917507375977049,0.12641253649873355,0.4667560638654649
33.0,20.0,True,0.293819862488668,0.15434149974409314,0.5755399144474707,0.5830731106592589,-2.1789479860399306
33.0,21.0,True,0.36728336529135036,0.14942639264669835,0.6833965021456712,0.39043262430143977,-0.008758498990850044
33.0,22.0,True,0.2991054987934497,0.1259341163210854,0.7481464280537402,1.2666995783819528,-2.6792821386996235
33.0,23.0,True,0.2617364368883049,0.12078500816769629,0.5166307288020668,0.40899312329055904,-3.3450451620713206
33.0,24.0,True,0.4457162369783352,0.18532591769285064,0.8042586964406778,0.07168115307764952,2.568983136905424
33.0,25.0,True,0.32849639906615896,0.14187618603920713,0.7774083548662425,0.27175956915742455,-1.519250551959081
33.0,26.0,True,0.46852314443481263,0.17383468143645173,0.8564193254213005,0.5953731160697683,3.158027825708966
33.0,27.0,True,0.3656154180309477,0.2083545753871449,0.8881006203053161,0.649279796524895,0.2772441739666547
33.0,28.0,True,0.3167372224942007,0.15232111955086228,0.7799238096624402,0.45008427389388195,-2.0496832258020543
33.0,29.0,True,0.36275499348536616,0.14202137920013078,0.6176236299460607,0.2620502934633764,-0.46651354383658067
33.0,30.0,True,0.3850409032697635,0.18423449247519014,0.8540790679508802,0.5362892242992644,0.5151326556517921
33.0,31.0,True,0.34685619081717656,0.17132576266163232,0.7877330090217193,0.6278835117964746,-0.47834668000989083
33.0,32.0,True,0.3696355061538049,0.12750008944301294,0.6206387842218868,-0.429531117640974,0.19637872232372716
33.0,33.0,True,0.27018264938978304,0.13230315302039145,0.5745386200722736,0.4627242469453233,-3.010370186223513
33.0,34.0,True,0.3179008861222196,0.14701786175083792,0.5980446517528498,0.1914117743906666,-1.8466875644356269
33.0,35.0,True,0.33266090043207514,0.19171742440206543,0.6877768924246885,0.20189523311107177,-0.8938929917467489
33.0,36.0,True,0.27948525332835494,0.19180852474558063,0.6685219726415685,0.43047685432238625,-2.5543998755761157
33.0,37.0,True,0.3422502607875266,0.15833939005851685,0.6244012717365239,-0.3892591581652416,-0.8179295213440321
33.0,38.0,True,0.2502064197236879,0.12518159823441835,0.4739517945601914,-0.020171742864578932,-3.734436216889903
33.0,39.0,True,0.22634652905168565,0.09296697382639507,0.4259400653713066,-0.10073537426023574,-4.396221103326704
33.0,40.0,True,0.2176082641290788,0.09015978756944971,0.3745900565573664,-0.3253228367047474,-4.56870027891019
33.0,41.0,True,0.16167336363144827,0.0877973782909232,0.303702103967427,-0.25524261511046886,-6.3343312312074795
33.0,42.0,True,0.17649055001815575,0.1225460096268087,0.500765954070261,0.3342920974836605,-6.309489461575883
33.0,43.0,True,0.2715290949047372,0.11352688548496537,0.5214582237683159,0.044879137540610924,-3.151382201566576
33.0,44.0,True,0.15384970069524442,0.12395560927029557,0.4507169791178785,0.947344232298963,-6.787136276800906
33.0,45.0,True,0.16842237918715702,0.12925440627314014,0.4987288661849562,1.0876788550219816,-6.2715786907813476
33.0,46.0,True,0.2978542654577848,0.17654460267601427,0.6181459385200202,-0.19893681782843808,-1.949406666380662
33.0,47.0,True,0.3471725914215202,0.25284752023155954,0.97294601591862,0.9351044452851651,-0.1962497516483159
33.0,48.0,True,0.2670320619956734,0.1814761366724995,0.7092670995931404,0.6813467601892957,-3.022296378902511
33.0,49.0,True,0.3648309579812839,0.21990035370757624,0.8588742650523209,0.5632029006794512,0.3667434062644804
33.0,50.0,True,0.44548034925541014,0.2912663798466048,1.007424385529992,0.20932684778438676,2.7220758605517825
33.0,51.0,True,0.3480107190093667,0.2250707993376369,0.7537717391482505,0.25053815799529094,-0.327911896770449
33.0,52.0,True,0.2956413832240076,0.17076488980589247,0.6063709917427895,0.3011565674262682,-2.021520984099644
33.0,53.0,True,0.24544043479722902,0.2152326909598948,1.1986039583871684,2.8368235910748942,-4.504487510355779
33.0,54.0,True,0.24111576290196232,0.1721584955814115,0.9218648609640654,1.6822025883658422,-4.361930600199382
33.0,55.0,True,0.17981643168652825,0.13160905871656312,0.5089489252049814,1.1321189607481992,-5.8317162843754655
33.0,56.0,True,0.13535054008850697,0.10904514160887356,0.3859836295580602,0.7194119131947304,-7.516254596797365
33.0,57.0,True,0.19858135696106935,0.10440009778671296,0.4288015854251928,0.20173360630776843,-5.344829093142963
33.0,58.0,True,0.06706608450278762,0.049554475034821285,0.1789755175082853,0.587949165614426,-9.544750668896059
33.0,59.0,True,0.1858925414315324,0.1422072159569992,0.5586986470262143,1.1088820066273808,-5.757879498423978
33.0,60.0,True,0.14751912699981545,0.08815448219939191,0.3502272279099208,0.5134821139599746,-7.224094858469593
33.0,61.0,True,0.14255124733866473,0.10799471862207732,0.4004926944805725,0.8875277016526505,-6.9478650256645
33.0,62.0,True,0.17294787916722415,0.14115061922300082,0.4680643273653105,0.6896403716390097,-6.488189242717657
33.0,63.0,True,0.23295325283515622,0.14448544466693053,0.4669146928396833,-0.010803625162786068,-4.267862449716404
33.0,64.0,True,0.16640145839692938,0.11498626464123775,0.4028658678370892,0.20709759286076876,-6.5809823758257755
33.0,65.0,True,0.15048617695286157,0.09958811840606639,0.4997388716440081,0.91806442834895,-6.946374016807323
33.0,66.0,True,0.08700704434975166,0.07810823993862494,0.2873923274003443,1.2961304318754496,-8.890918588776366
33.0,67.0,True,0.19053736250322434,0.1008186134425229,0.4022471935040732,0.4733125428696162,-5.553497806268587
33.0,68.0,True,0.19264071852478956,0.10272676171343934,0.3991711986155709,0.023326744720822468,-5.421690326164115
33.0,69.0,True,0.13629457491174932,0.10464043902680135,0.3338654835285416,0.3295716987285644,-7.482383308879813
33.0,70.0,True,0.20462115244956117,0.0969595803876293,0.4525059401498944,0.6923119989361022,-5.157970922398509
33.0,71.0,True,0.07119956429912762,0.08804897435449177,0.2954745314652499,1.2578878518670684,-9.412910034474372
33.0,72.0,True,0.05058733875057253,0.047807831640410185,0.1591111612627007,0.552153563581934,-9.942052572867466
33.0,73.0,True,0.16076524405919504,0.0872314848075067,0.3236636153266202,-0.06356780595023216,-6.455234986598074
33.0,74.0,True,0.22251206035488694,0.1562307147516534,0.5277936171485285,0.2655131062068916,-4.482260945988064
33.0,75.0,True,0.08415924424609826,0.07736510653351611,0.2684889413675956,0.5292143822620818,-9.070889775146014
33.0,76.0,True,0.1824304458979094,0.11105206271874571,0.4681833238126932,0.2690749480001633,-5.951106424430891
33.0,77.0,True,0.19209242469501656,0.11583421749641602,0.4324628259688787,0.052870737622198544,-5.664635002744244
33.0,78.0,True,0.3435079806258757,0.15454978648250903,0.7699169295322467,0.8995999119181356,-1.2049699406947565
33.0,79.0,True,0.3123577422509842,0.1077277643641162,0.5975302022319379,0.11857861389581033,-2.033846165085324
33.0,80.0,True,0.35727562525343953,0.19514957496630966,0.861548591306998,0.2506322361555722,-0.9907029506209015
33.0,81.0,True,0.42220597171921137,0.18168183142046468,0.8428622446252937,0.4791546483233851,1.86965885566091
33.0,82.0,True,0.43027238691592207,0.11850768039828305,0.6420787579543762,-0.3200585998000865,1.6979440782089854
33.0,83.0,True,0.36809626486736186,0.20219481111958343,1.0679831397845667,1.3273777317139226,-0.4828338982429228
33.0,84.0,True,0.40341122724323153,0.16841403760969176,0.6822975765942669,-0.14382383755595365,1.0782981554271425
33.0,85.0,True,0.3000933254415757,0.17730901079848224,0.7211649269247078,0.6844861811051534,-2.5327936879299933
33.0,86.0,True,0.24119862612880716,0.1339521649871952,0.460136772751788,-0.11984653286172285,-4.004749279471483
33.0,87.0,True,0.23879124671722965,0.1350425852993109,0.5904905494221326,0.7155186304977309,-4.0943193481064215
33.0,88.0,True,0.277924380899604,0.12600234413654074,0.6119609170610161,0.38996930712910793,-2.6870987076320834
33.0,89.0,True,0.2248910251714027,0.136529439092872,0.5324576818472891,-0.1249392910602,-4.446496130703333
33.0,90.0,True,0.23037892390256595,0.13926257661417968,0.479707457033766,0.16356136638952487,-4.115293348708536
33.0,91.0,True,0.2360330621844873,0.16556680697069198,0.6612364454764676,0.7834971708618264,-4.208241212333647
33.0,92.0,True,0.5222928554173495,0.19549413728128703,0.8943877846538206,0.18481292313780703,4.7104054734607566
33.0,93.0,True,0.39670177678054797,0.19548229907084796,0.8544536584216889,0.5214311775036893,0.8849129031064321
33.0,94.0,True,0.34955558341831156,0.1448049163222807,0.6789116960359317,0.1765422890314007,-0.6186015543287747
33.0,95.0,True,0.3764341773452545,0.13125244726492008,0.7260511494436206,0.8140007039379296,0.45341996845716337
33.0,96.0,True,0.3233897724136075,0.1954844510102017,0.8234517433509211,1.0728892041754308,-1.6279014468111348
33.0,97.0,False,,,,,
33.0,98.0,False,,,,,
33.0,99.0,False,,,,,
33.0,100.0,False,,,,,
34.0,1.0,False,,,,,
34.0,2.0,False,,,,,
34.0,3.0,False,,,,,
34.0,4.0,False,,,,,
34.0,5.0,True,0.24563431309220154,0.1565668012986429,0.6613822810537248,0.9599305997322696,-4.0400412522317986
34.0,6.0,True,0.34432344650918867,0.16470788499317907,0.7085475955582162,0.5726401078289173,-0.5199108545484992
34.0,7.0,True,0.42319566455873625,0.16083141274083987,0.8058665153957264,0.4994578598246082,1.3125180179955451
34.0,8.0,True,0.47578494112305875,0.17575337062492935,0.8305165483895438,0.14744435555723054,3.344740563143077
34.0,9.0,True,0.3799577868693105,0.19154114316018608,0.7388716779318937,0.37877163623588883,0.3259158988137223
34.0,10.0,True,0.5766330004158173,0.1323591759636722,0.8053072007716126,-0.17159456769022116,6.513121432705675
34.0,11.0,True,0.332469601174304,0.1511662658586863,0.6465314633915716,-0.0019509891424976007,-1.6807978522211906
34.0,12.0,True,0.31206096592339916,0.17313369159076758,0.6674785171895274,0.3751369966052239,-2.055871471853134
34.0,13.0,True,0.3508692188600198,0.19111169588711835,0.6932088493473396,0.21897302845363176,-0.27120700740998044
34.0,14.0,True,0.2608304992639314,0.13313585012557902,0.5565022750399496,0.742270077386259,-3.3292833969128877
34.0,15.0,True,0.3400074124145289,0.13993522521736212,0.6200103827574808,0.04313755696386379,-0.6608584567894351
34.0,16.0,True,0.3392350071735695,0.10733029119128384,0.6014385015823817,0.6157455118804989,-0.8947327679778496
34.0,17.0,True,0.3875163637997124,0.14841665061154932,0.5629949669034111,-0.6632492734093722,0.7200629190779333
34.0,18.0,True,0.4737747295374212,0.1350310391261214,0.7927338656125255,0.534646161244991,3.3251932819827
34.0,19.0,True,0.4445871364176378,0.2138195394486332,0.8497816944255152,0.13483206666461323,2.51878933607762
34.0,20.0,True,0.3484269668132313,0.17078229616277207,0.6716244598806776,-0.003101495936478075,-0.5499118640239588
34.0,21.0,True,0.4613870968104698,0.158767391625534,0.7768086300309086,-0.4597979256898316,2.9506650836477344
34.0,22.0,True,0.3158608337084818,0.1809554715549984,0.7385099982768282,0.5383381851836512,-1.843092944702178
34.0,23.0,True,0.3304320292361052,0.12417127023228366,0.656435903415464,1.1472496353103199,-1.2889441244932582
34.0,24.0,True,0.3768414654276606,0.22983619017307247,0.9837971565782097,1.0797218954685064,0.6607149121413076
34.0,25.0,True,0.3345524996341477,0.1929143997916513,0.6679638299812898,-0.05171391373648552,-0.8991624052329401
34.0,26.0,True,0.29069525556481973,0.2622521146787629,1.1186955899817117,1.4688035830763033,-2.898144194260655
34.0,27.0,True,0.34160200188499673,0.13566338499990707,0.6005150766016575,-0.19924276867479498,-0.5524310748106378
34.0,28.0,True,0.467008484412557,0.19531677760001329,1.0666628673510898,0.28271534761358197,2.6781527138972954
34.0,29.0,True,0.4777536064474111,0.237385006283722,0.8686086224562953,0.04513065797626334,3.506038410614012
34.0,30.0,True,0.4674852718343979,0.193842820201997,0.8477105415560606,0.2200186767054656,3.2979691204960746
34.0,31.0,True,0.32461922286948647,0.17419184801132198,0.706082847413418,0.38761777196148806,-1.22216985358008
34.0,32.0,True,0.2004325231599312,0.1105651238945335,0.4458433624792293,0.6056815250877199,-5.31107462018862
34.0,33.0,True,0.21578732408543672,0.11592446408382778,0.4306068695128023,-0.0317363748867073,-4.857544643291854
34.0,34.0,True,0.27351176376415764,0.19582648695347796,0.7302456086476139,0.053813620368238654,-3.6562363207668396
34.0,35.0,True,0.1919350896816142,0.09755310677717621,0.419120645921057,0.6999850754132378,-5.659072512122628
34.0,36.0,True,0.20863263835650026,0.15174908477101853,0.5153998682958937,0.647602252023164,-4.786956547828907
34.0,37.0,True,0.21999842759912525,0.11416692267447118,0.3770005391058876,-0.15924132744634364,-4.638814692657367
34.0,38.0,True,0.33822894064500375,0.17850269762878207,0.7547456506814738,0.3475410626616693,-1.2198072782644276
34.0,39.0,True,0.15879731138257086,0.10532097139423792,0.3338616003677044,0.16310368288041663,-6.353160522262022
34.0,40.0,True,0.23726856479776723,0.11554670567171949,0.4141869764628392,-0.33644227163720175,-4.127229026821788
34.0,41.0,True,0.17643722591043576,0.09985077566755172,0.3771019072839847,0.6078161898444147,-6.012768000745488
34.0,42.0,True,0.21806710079670105,0.13926664103062275,0.5835670851284428,0.8475560938912788,-5.0431046907224735
34.0,43.0,True,0.26522192967290753,0.13188579045183155,0.5352030890034997,0.27857744405055157,-3.446020731501511
34.0,44.0,True,0.1484691019371991,0.11492270805935247,0.4800079071020424,0.8121598306047265,-7.1569662477699305
34.0,45.0,True,0.19424452612963067,0.1955119445367236,0.656440268066316,1.1511437729441367,-5.395580817424577
34.0,46.0,True,0.3373183595398938,0.24913878352445512,0.8785279667257909,0.5151534016558013,-0.5183022207787854
34.0,47.0,True,0.35425373489845624,0.17565372703088852,0.6602645836058085,-0.2924576817420103,-0.17067633084595757
34.0,48.0,True,0.3387203296127206,0.3086127454059094,1.355714293701748,1.367710820157991,-1.0379470715137922
34.0,49.0,True,0.3702062090396437,0.17609894564489617,0.6638354298947948,-0.0719328977256629,0.40073556419923434
34.0,50.0,True,0.3141852615994106,0.16319234242588368,0.6955019846689902,0.41647222652471644,-1.595502088018299
34.0,51.0,True,0.29528599436206965,0.1811345014277871,0.6577977292351505,0.24695793062831642,-2.652166750005087
34.0,52.0,True,0.22486865235205752,0.11694336741138217,0.4392399402819495,-0.10035447396256157,-4.482488469209049
34.0,53.0,True,0.20543615494206605,0.11139905691981909,0.462565720118158,0.20367041788659612,-5.050774820585139
34.0,54.0,True,0.16003539907233197,0.10062307183598243,0.3097781120855921,-0.11705524779092567,-6.494201206477648
34.0,55.0,True,0.10569536530242207,0.05426465607435768,0.205076431377594,0.23164937979694322,-8.27140435297259
34.0,56.0,True,0.1190925166708933,0.09175870694997587,0.3879653922738637,0.6740072961076643,-7.977170145981093
34.0,57.0,True,0.14510844915688256,0.0927575987209888,0.351163867679611,0.42220731818159973,-6.868563152172837
34.0,58.0,True,0.06933700788434635,0.06417724046676794,0.2471315295977898,0.6892378749835296,-9.590276016854228
34.0,59.0,True,0.1561484236427421,0.06921835660365941,0.2899540114080928,-0.14016167222696863,-6.852315925233549
34.0,60.0,True,0.15115314300829297,0.11378700272567255,0.3707986644276592,0.1955172726732986,-7.132626073639497
34.0,61.0,True,0.15361362681234655,0.13726687602515433,0.5963385287534052,1.144427829332146,-7.029722473300631
34.0,62.0,True,0.11475487015411892,0.06268615216727069,0.2998096512397959,0.87389773003136,-8.073234645811176
34.0,63.0,True,0.1449265038341698,0.11016115732609197,0.4516942367267857,1.314362638254296,-6.939575339721773
34.0,64.0,True,0.17047068886922975,0.11652076856342647,0.4984193747344362,0.8149674223683989,-6.384885984376372
34.0,65.0,True,0.13852152089229747,0.10924040764648937,0.3757731612677509,0.5187442377078957,-7.197691435194958
34.0,66.0,True,0.09798378906400991,0.05545854653905749,0.201496777338773,0.43031674073823084,-8.525932740379256
34.0,67.0,True,0.16000009010123079,0.11610107178733717,0.3956382313340635,0.5176991314813547,-6.42957464126087
34.0,68.0,True,0.16631719697241315,0.11169217933319607,0.3928373132789687,0.17428370656042527,-6.314407671068088
34.0,69.0,True,0.13187741136264497,0.07776273269091538,0.2970000820644909,0.3280878016316149,-7.4227697483400386
34.0,70.0,True,0.13453651383399845,0.09644566764123327,0.3788587519884624,0.7712804840148056,-7.33463327602668
34.0,71.0,True,0.10034790054843766,0.1196599552714567,0.4035154324017233,1.2061895836124619,-8.62521417158065
34.0,72.0,True,0.1780207734845037,0.08725165667752516,0.3147961627451369,-0.2983769262772304,-6.233201637139959
34.0,73.0,True,0.23768607314089196,0.13595697717329688,0.521728763675304,0.43343162934105733,-4.134022297358787
34.0,74.0,True,0.13569356101694718,0.14474758668771961,0.5507565119900576,1.632886318870409,-7.3225582612316655
34.0,75.0,True,0.20402029053304077,0.09755088665357675,0.4347335813882774,0.13912605212131177,-5.31080700707376
34.0,76.0,True,0.2248316891267461,0.15105327361353016,0.5409782220568135,0.14485816173810917,-4.84837823249346
34.0,77.0,True,0.13727025015564728,0.07389207800700477,0.2388089117433999,-0.21138606065898716,-7.2537015975616885
34.0,78.0,True,0.3405418369993468,0.18412371807836767,0.6400940311700223,0.08049977510265048,-0.5304152448550088
34.0,79.0,True,0.271677500466295,0.14582430062242194,0.7156671915748295,0.726545704348269,-3.216844408860348
34.0,80.0,True,0.4135664966714205,0.18887522214374622,0.9671554265429042,-0.06885090284415685,1.0708777620728014
34.0,81.0,True,0.27735623332743353,0.19217841254719809,0.7545956378081478,0.8238668204517665,-2.924937774866593
34.0,82.0,True,0.3538852027429749,0.1894920908490112,0.7139325298258,0.18208021578856595,-0.49470079064230055
34.0,83.0,True,0.4412806743301713,0.20407988887550463,0.9599969964444004,0.7895299801471127,2.60771319048491
34.0,84.0,True,0.3565450450552276,0.17198168815914303,0.5934194667986724,-0.47281663715979305,-0.3189815154672092
34.0,85.0,True,0.25028682122300216,0.10530143276996305,0.4431288167106925,-0.04514016278638327,-3.72572527471692
34.0,86.0,True,0.2609219751701396,0.10500252405323816,0.4436534825431549,-0.21168154838397094,-3.410065258292317
34.0,87.0,True,0.2266528968600382,0.09744800273133052,0.4181074946852623,-0.06246167164043073,-4.377088087872506
34.0,88.0,True,0.247855648741322,0.12662774793918477,0.5233181232249035,0.6447908734329674,-3.7115154890406004
34.0,89.0,True,0.34018597215986024,0.16046473532633665,0.5555138553537392,-0.39650740305666005,-0.5382870284008254
34.0,90.0,True,0.17390960135762346,0.11906753359316459,0.4335377272635037,0.6588722430392939,-6.067010934342663
34.0,91.0,True,0.26982471870440955,0.1562682524837561,0.5753325619400363,0.7737705712826377,-3.0610833710747016
34.0,92.0,True,0.43399793641861195,0.20288020029836132,1.0635905619097106,0.9183725164838435,1.6995482322305573
34.0,93.0,True,0.24360277800658595,0.17451199014612764,0.8893509863943733,1.68497662877349,-4.135931789156934
34.0,94.0,True,0.4999578766171311,0.225828430937053,1.080991937543346,1.0364177464903155,4.349085403584767
34.0,95.0,True,0.475404229910119,0.21495020553506142,0.8294966639581065,-0.1413788326646705,3.290479753465696
34.0,96.0,True,0.3536667206164428,0.18343913717678267,0.7739587912846867,0.3316204947629363,-0.11634376329751571
34.0,97.0,True,0.1239136735766667,0.09697592214575874,0.3627241920287172,1.0567587213641143,-7.644725767281581
34.0,98.0,False,,,,,
34.0,99.0,False,,,,,
34.0,100.0,False,,,,,
35.0,1.0,False,,,,,
35.0,2.0,False,,,,,
35.0,3.0,False,,,,,
35.0,4.0,True,0.026113819271183045,0.03633823701453113,0.0982037870167823,0.9675812039198007,-10.748920073395256
35.0,5.0,True,0.3737523671200415,0.17079426459672017,0.8568649934329265,1.0009957598963402,0.40993627960478257
35.0,6.0,True,0.31716342708249856,0.14087112619872308,0.60877401883603,0.49350248205065184,-1.636894945915874
35.0,7.0,True,0.3442811140893259,0.1733734831735852,0.7724480399491628,0.699802076155544,-0.5815079999785494
35.0,8.0,True,0.36346228937372305,0.1607875786411485,0.6331103443993507,-0.32041743405038736,-0.2695413130216675
35.0,9.0,True,0.4721527918696034,0.1467729352861146,0.7016507208531527,-0.27616940258056133,3.3465716578096156
35.0,10.0,True,0.4429813378757985,0.2413274537007649,1.073444656730798,0.9792426621328221,1.9656851839024554
35.0,11.0,True,0.3637630766085398,0.21127331459078041,0.9103822719632092,0.3615493180429435,-0.47242180301356995
35.0,12.0,True,0.3754035460176967,0.15505618327226525,0.6810792702461972,-0.29788983766937344,0.14208639726775316
35.0,13.0,True,0.39973591890661775,0.1646257104913865,0.7474947906390237,0.63722239166383,0.9543615503659238
35.0,14.0,True,0.29002479914096413,0.1849623782293708,0.6275678401696951,0.25089471072144237,-2.430523235694688
35.0,15.0,True,0.29265855371304617,0.15197709928682496,0.7148438206382984,0.9955740691790342,-2.188082899587754
35.0,16.0,True,0.2677659775720194,0.12439038594119554,0.5054767359514021,-0.028596233123672397,-3.1075660288709837
35.0,17.0,True,0.42506142776655936,0.16296973769522052,0.7938227087296095,0.6912323807638652,1.923550509019305
35.0,18.0,True,0.3813498689403149,0.1557265030361014,0.6870518370382594,-0.20923589284536578,0.4167690442926048
35.0,19.0,True,0.32716242884494506,0.14842488135661938,0.5226599097971203,-0.6830155563389289,-0.9889882342382729
35.0,20.0,True,0.36343704162872004,0.2079324485834688,0.9282863939085289,1.580023087074651,-0.24095388152225414
35.0,21.0,True,0.360997777900965,0.15004579406742322,0.637691361546494,-0.6038376221268101,-0.06836383161699536
35.0,22.0,True,0.3255414572687969,0.16187859243403147,0.642084968746388,0.3631616095379432,-0.9554969684172132
35.0,23.0,True,0.5030855311297324,0.19406577211998702,0.8185913162268738,-0.20296130661912354,4.435681214281988
35.0,24.0,True,0.29724279098699,0.15588872387071978,0.732506057482064,0.7082084133424621,-2.4421304417166714
35.0,25.0,True,0.37224538814386643,0.2041003627671623,0.7117007571839624,0.04522937805052279,0.4298812274228398
35.0,26.0,True,0.3789909755002202,0.136451244731685,0.6227329609034675,-0.45105200125272504,0.38280431893345596
35.0,27.0,True,0.3681141664877216,0.2853518096883967,1.043778774223841,0.8215598527972923,0.5360018076653057
35.0,28.0,True,0.3813621572841866,0.1465877203682375,0.6028830042033233,-0.1879910222387952,0.6944974198560938
35.0,29.0,True,0.3396540707037735,0.24074976489143624,0.9224752211352648,1.023978617393224,-1.4275882045101151
35.0,30.0,True,0.38688465864828714,0.14257809721319076,0.7093176786749208,0.16690167633377054,0.5179365536158806
35.0,31.0,True,0.334856981846033,0.13231796553030978,0.6251227098525997,0.5931020963324096,-1.3531163031607398
35.0,32.0,True,0.38806106354124004,0.21381053921288598,0.9230613575917412,0.7950789774158599,0.8211699764944356
35.0,33.0,True,0.28916486327429064,0.18276885510442217,0.6909808500444656,0.8659438976185448,-2.5401549999313384
35.0,34.0,True,0.21566033778164204,0.08577713427478136,0.4101328568347465,0.6707003162440114,-4.805091976970369
35.0,35.0,True,0.37612930153343416,0.15481458995860475,0.6923460778419525,-0.1035505445708556,0.04591796583787687
35.0,36.0,True,0.26995333555598977,0.16942577227823724,0.6032094105750637,0.25823114687665255,-2.8006727924591406
35.0,37.0,True,0.27954298719666837,0.1547793207739373,0.5826944058027873,0.42896627615284105,-2.548868828178925
35.0,38.0,True,0.22764986062463807,0.1377334732277575,0.5620460186404683,1.2646222272365821,-4.498407228112687
35.0,39.0,True,0.1637773354411268,0.10968277940323677,0.4482820353102661,1.0315047595653364,-6.400614639683451
35.0,40.0,True,0.23607391909862488,0.11703521044268862,0.4435496063075075,0.3236598180290008,-3.9716536933947872
35.0,41.0,True,0.15875892965005312,0.13875589646095002,0.6425664867305418,1.343623923580063,-6.92451274586261
35.0,42.0,True,0.2066007543214968,0.0934415231293678,0.4364740018023534,0.2734315531270577,-5.2295563842023975
35.0,43.0,True,0.18604611971328472,0.10944250926690462,0.3875141960041864,-0.02267787817963492,-5.6476490881795565
35.0,44.0,True,0.19110557082193425,0.12792449148714918,0.532447932283623,1.0965955165111696,-5.693527303902206
35.0,45.0,True,0.29213214667499476,0.18132740198862884,0.7106965335316278,0.6273004915376421,-2.5759830639919183
35.0,46.0,True,0.24272966970221957,0.09533245366056727,0.5675320420992044,0.34356934866324645,-4.099172877560675
35.0,47.0,True,0.2914016567565499,0.11220121513855674,0.5417814922684552,0.11825401967841483,-2.1768256079545703
35.0,48.0,True,0.38937271324721434,0.22447834653054444,0.8043084555238192,-0.0814976255185106,0.5806581051200166
35.0,49.0,True,0.38814347543265965,0.19692836486459195,0.9180167959367288,0.6946569023990224,1.0039251938607747
35.0,50.0,True,0.30347731374796283,0.14993252150637823,0.5318886527388057,-0.6097543292747993,-1.6107541086861583
35.0,51.0,True,0.20910739242230708,0.12048618130998254,0.4716765527876986,0.23854294137045978,-4.894628621873621
35.0,52.0,True,0.19820535114503537,0.08975173543657587,0.5043492839626754,1.5386943360946121,-5.641225655892415
35.0,53.0,True,0.1292046600068238,0.10826302496125728,0.3655905345817867,0.7081435361383137,-7.442273740221128
35.0,54.0,True,0.18276527391743685,0.10568509990330828,0.3914286186029703,-0.048448418119065736,-5.905869296074727
35.0,55.0,True,0.16584187625462052,0.09110504595114868,0.326994552712713,0.2185622624639143,-6.482307180701828
35.0,56.0,True,0.1334247545695151,0.09818580125013152,0.5008289464908091,1.627974263154174,-7.638840223109651
35.0,57.0,True,0.14223160155933715,0.12893617693083897,0.7263014688342099,2.6630760384705012,-7.5178056516016385
35.0,58.0,True,0.11742294401717161,0.09457246329619505,0.2748991410188481,0.15889870817584328,-7.859518831720803
35.0,59.0,True,0.1775318860184396,0.08153811957288883,0.3106867818457952,-0.1510258604373076,-5.856684932761344
35.0,60.0,True,0.19913497759471732,0.11515077529280118,0.631700918233003,1.2249516772521225,-5.624623427185203
35.0,61.0,True,0.18855047321286253,0.10895358266589587,0.4092386651094381,0.36202922965388834,-5.596265457431303
35.0,62.0,True,0.09821721998876726,0.06438881205495647,0.2055562459502952,-0.13572680755134323,-8.53355786790099
35.0,63.0,True,0.19268143689543035,0.09217506199804519,0.3382944344344358,-0.3895642701110783,-5.327420843638662
35.0,64.0,True,0.13850006568707943,0.058122558330616164,0.258373169788696,0.015408710695301395,-7.221627672182781
35.0,65.0,True,0.13217017451863355,0.1291505178555602,0.4146083842748483,0.6048521991447111,-7.527352616678049
35.0,66.0,True,0.1607389598839785,0.13935690199501755,0.5084887838142643,1.0638873213701432,-6.354150563820052
35.0,67.0,True,0.08622088131956428,0.07107280217555137,0.206454923758715,0.1929062247324582,-8.895027296865324
35.0,68.0,True,0.21357268642277497,0.13428684124559337,0.5479641425035144,0.714619924888976,-4.754825073348742
35.0,69.0,True,0.10717540900935812,0.059554993197655906,0.2003785524494743,-0.22652190157135307,-8.16524780333345
35.0,70.0,True,0.1288216898448207,0.1300394100737825,0.6635743409705993,2.389326442202767,-7.94136628318059
35.0,71.0,True,0.1287630491472877,0.060831113577755974,0.2295073068744679,-0.1704384374121267,-7.530228499589094
35.0,72.0,True,0.08838442577444018,0.06699336073863135,0.2409993521632912,0.16938708492418242,-8.926392090237977
35.0,73.0,True,0.21574312456130298,0.10426380057821401,0.5101060231922407,0.10280285124586375,-4.831865279922806
35.0,74.0,True,0.21204609446165318,0.11914731744435184,0.4203959024099774,0.07659149734469893,-5.217681082478812
35.0,75.0,True,0.14676793259122764,0.07642392938433323,0.3309688725420076,0.6099009837776326,-7.003383714444536
35.0,76.0,True,0.104342473031808,0.13103022058007202,0.4434652902528012,1.315971921096155,-8.25274901122153
35.0,77.0,True,0.16830409590319095,0.12906683097748967,0.4710131559280975,0.9365038558552116,-6.431957413878778
35.0,78.0,True,0.32360189590948735,0.19838096941079925,0.7087327317678758,0.31881649553079333,-1.5618869803355628
35.0,79.0,True,0.2755754288554571,0.1667576168472766,0.641157767658012,0.38650655342352086,-2.8889239929014976
35.0,80.0,True,0.33907008278837264,0.1162284797159529,0.4870830720865184,-0.813475903147418,-0.9030184066893994
35.0,81.0,True,0.3792538711243148,0.2061016219466506,0.8636754163725711,0.6815953655455075,-0.08227438439111566
35.0,82.0,True,0.37400933237271206,0.1905283697607317,0.709010556754466,-0.2714433253432492,0.27493949153051456
35.0,83.0,True,0.30251426331296966,0.16096564796265117,0.5332039517878631,-0.553908298618374,-1.9603915558895666
35.0,84.0,True,0.3425822033003981,0.1744726715025172,0.6781500168020802,0.24790545100872857,-0.7773360628032839
35.0,85.0,True,0.3677733622619193,0.15876368440171063,0.6658290482747756,-0.19934692532808804,0.07265269508067329
35.0,86.0,True,0.28768375584344735,0.1493382438395168,0.5342809666974194,-0.10410024029161172,-2.574304313415307
35.0,87.0,True,0.343466599792749,0.13477402242340725,0.6199099087778802,-0.0652116691998955,-1.0134090003771972
35.0,88.0,True,0.17358162153568302,0.11171007532614023,0.3645207445004956,0.24692470531171873,-6.000118123941536
35.0,89.0,True,0.24277533930096912,0.1371130444842433,0.525272436886354,0.3868906926130938,-3.8437801583642486
35.0,90.0,True,0.336464307583583,0.20288547874942706,0.8319202365983482,0.8324857495824002,-0.8825758614085225
35.0,91.0,True,0.37147115826481814,0.1677144482943617,0.6227400689523248,-0.5959448820736661,0.08765863984709699
35.0,92.0,True,0.40610974635777425,0.19558919966392124,0.7885313182263743,0.23782031822553232,0.8105201765041613
35.0,93.0,True,0.527253317103999,0.1352994835337163,0.8732173015250417,0.7883306125185657,4.835243767194196
35.0,94.0,True,0.560699139265038,0.19534435527309504,0.9024718097186252,-0.09911406293777024,6.14141114104514
35.0,95.0,True,0.36925821928832997,0.17146138807577663,0.8523635978741431,1.2875390468496477,0.025755905793795816
35.0,96.0,True,0.2907459669253135,0.21791965128683152,1.063241419372268,1.2052665906327835,-2.8592423552097417
35.0,97.0,True,0.22170411246193603,0.13824158951632678,0.4263912881544674,-0.1554017968074767,-4.541754497177836
35.0,98.0,False,,,,,
35.0,99.0,False,,,,,
35.0,100.0,False,,,,,
36.0,1.0,False,,,,,
36.0,2.0,False,,,,,
36.0,3.0,False,,,,,
36.0,4.0,True,0.09573977142247807,0.06885753719412797,0.2810723670272311,0.7616305549686635,-8.859925175522394
36.0,5.0,True,0.3841951377499791,0.17486274781604544,0.7269798436510605,0.3465090538125061,0.15741548969288116
36.0,6.0,True,0.43464911804526696,0.21961407465461213,0.9521699112536556,0.3780293742759373,2.3944138600784073
36.0,7.0,True,0.41185132056259477,0.13642410478911432,0.9015858717878926,1.0399911178251995,1.061928861432139
36.0,8.0,True,0.486335548849015,0.08825749142868777,0.6414467512703926,0.18586488140478896,3.7360880430428436
36.0,9.0,True,0.473769568109664,0.14878527551758114,0.9067505778476088,0.4219849064595368,3.2064033384835313
36.0,10.0,True,0.40092219804172285,0.15525357377217142,0.8761009931178215,0.49995064848231835,0.776306913130641
36.0,11.0,True,0.45856526957257393,0.18277581727222636,0.8106135018095211,0.01743466600607743,2.719638360747375
36.0,12.0,True,0.2808186334435688,0.12717643334573048,0.4578088476614908,-0.394898465695009,-2.964639064329704
36.0,13.0,True,0.34967288658159407,0.1732174044906871,0.6676679226237676,0.001645747167710741,-0.8409665028011553
36.0,14.0,True,0.35311890063175333,0.20811722675140312,0.7406513269428929,0.3776981979046303,-0.6514362201194722
36.0,15.0,True,0.3387121469932825,0.10450347196268528,0.5523157721876335,-0.2345571243914278,-0.9092535404888766
36.0,16.0,True,0.30332150673868796,0.16178933486604716,0.5831961342113046,-0.1976749654143028,-2.0222963030860184
36.0,17.0,True,0.41509356312944046,0.1734239651472553,0.8154428280750328,0.6470378652672363,1.380265953316302
36.0,18.0,True,0.599556239396668,0.3028223976992646,1.3390799236132365,0.7552951587802659,7.564072515976962
36.0,19.0,True,0.5199615905622972,0.325621686408664,1.260411141180421,0.8576558455379342,4.6877128272874815
36.0,20.0,True,0.5211793523375396,0.22161287405772107,1.0344190464914047,-0.37604110190378776,4.228883251560078
36.0,21.0,True,0.3973178093069297,0.10647619151697493,0.5867714427715044,-0.5124804602857603,0.9409386979861876
36.0,22.0,True,0.3858145104471147,0.16168363041883585,0.7496920920091469,0.7144524285871289,0.6887773927577736
36.0,23.0,True,0.33890307529928276,0.13311937230187576,0.5845247281248278,-0.05973337862279924,-0.8484725711999057
36.0,24.0,True,0.3991089071552255,0.23096490563564956,0.7978478459647138,0.09347038225763706,0.7249563403139958
36.0,25.0,True,0.2567823858518063,0.15776786231039996,0.5912350748176409,0.3976564789224022,-3.337194168349362
36.0,26.0,True,0.3583698172013555,0.18895975642831545,0.8311397036705118,0.040437148864853896,-0.39280344704156894
36.0,27.0,True,0.2754776880374938,0.21973981929675512,0.8555226712853934,1.0547101621015311,-2.6748440371978623
36.0,28.0,True,0.3205153644757397,0.17350000327011028,0.7864428065719047,0.6276354313759033,-1.5600328338597187
36.0,29.0,True,0.4062175178108938,0.1844666300576748,0.7993756696372172,0.5907464356462391,0.9166014843827324
36.0,30.0,True,0.3239411922722196,0.1343222483944553,0.5682294501493315,0.08959905737142224,-1.4848497519682626
36.0,31.0,True,0.3741455761320157,0.16661520092066262,0.7879788771764907,0.6138850327000651,0.10055680740077613
36.0,32.0,True,0.3644281756273576,0.22079850159182385,1.0427569486567094,0.79353712200263,-0.2672235659591168
36.0,33.0,True,0.2945675420315733,0.16560505660292596,0.7011728619371015,0.8028957887241509,-2.319476162412444
36.0,34.0,True,0.29838820159822543,0.09693388649888389,0.4993765128043622,-0.25875160073506137,-2.167375403130614
36.0,35.0,True,0.31548783780594053,0.21331427192613175,0.8174268106076844,0.7675414765372175,-1.3764699432537815
36.0,36.0,True,0.2203456150941836,0.1257320803563086,0.4745597976982045,0.21725087467128923,-4.54344611359589
36.0,37.0,True,0.26110350888397466,0.14531769297419841,0.5370598761309461,0.10709601399721225,-3.30009153456711
36.0,38.0,True,0.3675393590554988,0.18078123161024073,0.739407952253753,0.2839526863358504,-0.20108087927296436
36.0,39.0,True,0.12591092966703865,0.08363711749010609,0.302129624047032,0.44044416650522544,-7.638558524988828
36.0,40.0,True,0.3022732128784042,0.11885659745195758,0.581507740265129,0.01629951143511583,-2.0010716004084896
36.0,41.0,True,0.25748344325561967,0.16304082440430281,0.6802716592101621,0.8813653596080575,-3.213033271639345
36.0,42.0,True,0.18636464536896893,0.1043138252903362,0.4391380023511297,0.8549854927035992,-5.552045854353675
36.0,43.0,True,0.2889818400816989,0.21325350326552125,1.1295435450516698,1.8348913400710822,-3.0292679411883956
36.0,44.0,True,0.1651715279394992,0.1210642745817242,0.4853426473190887,1.2934982359186316,-6.571471617950993
36.0,45.0,True,0.16392877444956347,0.10508864326365659,0.3896118565854475,0.3425603835732554,-6.480645756718924
36.0,46.0,True,0.2557452321616381,0.10821383823293157,0.4713692071255627,-0.38886973391297597,-3.4223342798561998
36.0,47.0,True,0.1638560327106175,0.1028391020228981,0.5429193231735682,1.7403571384995966,-6.624453642888439
36.0,48.0,True,0.22236256848306404,0.14579422145495674,0.674976353474962,0.8834203382403072,-4.837675721104554
36.0,49.0,True,0.23360582053499232,0.10120574289412904,0.3733232516402509,-0.6502000011547086,-4.113370366165836
36.0,50.0,True,0.2267962204073574,0.07225429815755258,0.3892863862801993,0.4039775752041775,-4.562853289997316
36.0,51.0,True,0.26489020634565674,0.1545270398566993,0.6669283491672526,0.49813372881645407,-3.624661619893266
36.0,52.0,True,0.159082749998583,0.07381627696239337,0.3119041232336051,-0.218457035343325,-6.8015575654402225
36.0,53.0,True,0.1959093288591368,0.12331437993121488,0.4156053113721857,0.10218139406891594,-5.456881113397025
36.0,54.0,True,0.11876576925949227,0.09089486208826997,0.3192208941467348,0.5727143356406167,-8.056257541003136
36.0,55.0,True,0.2081987320720553,0.10843617593609506,0.4399737996616939,0.030409600464420705,-4.897371414880489
36.0,56.0,True,0.13493736590987473,0.07368820990103549,0.2860753395215135,0.07935268710872821,-7.242264428877784
36.0,57.0,True,0.10334181899014845,0.05902593676219244,0.2139973892267878,0.14602984526497867,-8.497225930494666
36.0,58.0,True,0.14232491794183813,0.09083995282939812,0.2892327746329065,-0.1603809822734906,-7.157623659503968
36.0,59.0,True,0.2165214548487048,0.10288090676258882,0.5024527430313541,1.1528964027475634,-4.709081007700765
36.0,60.0,True,0.17547683071108672,0.11552442101062925,0.429884914293552,0.14537698237252297,-5.809377998267032
36.0,61.0,True,0.15220078976323018,0.10511006035467708,0.4253816790212143,0.7919026433621624,-7.0833145558798645
36.0,62.0,True,0.1252930744932476,0.0899012646291492,0.3002172257631,0.05853293385853907,-7.810879206174392
36.0,63.0,True,0.11592074848069056,0.07315313725044952,0.2448833425954399,0.27365204891738343,-8.185390915291936
36.0,64.0,True,0.19212755592215167,0.09861815921560986,0.3984689580259786,0.11648325227215989,-5.410004170721036
36.0,65.0,True,0.2436174242143676,0.1187287161382656,0.4822083276994115,0.35629348470978517,-3.9866747056546763
36.0,66.0,True,0.07904812461091598,0.040989948864888194,0.1783825927303449,0.4199936549607439,-9.09216540335101
36.0,67.0,True,0.1308600439395986,0.08772934819575524,0.3304331043735266,0.6925169510488829,-7.567895035819087
36.0,68.0,True,0.2955453490437437,0.16124676449793335,0.6120835060303821,0.31482863672849887,-2.3342230712558174
36.0,69.0,True,0.09995608360775107,0.09754741817894653,0.3275196742826505,0.8494377706290309,-8.582037689181922
36.0,70.0,True,0.1659821473748536,0.09275663953094172,0.4738497535129582,0.8807449553079318,-6.507755160926839
36.0,71.0,True,0.21206761853651498,0.13276415801030983,0.4659237600111412,0.24044458041923397,-5.075811346086508
36.0,72.0,True,0.17458530978255205,0.16060221206513872,0.5553120062091869,0.8548779029451488,-6.119553631853588
36.0,73.0,True,0.22368686493309828,0.11251834111268988,0.4827170524174929,0.03798429567179251,-4.532632346216137
36.0,74.0,True,0.26177275149930046,0.16565453053255574,0.6390254042559307,0.8084290118382816,-3.1879166824964047
36.0,75.0,True,0.19004460082599658,0.13133131389746105,0.4974947677167312,0.511083019405723,-5.692565082824513
36.0,76.0,True,0.2044882382913415,0.10534012347934098,0.4487672783436837,0.3883702707574441,-5.129437615513413
36.0,77.0,True,0.2276490991572279,0.13360365991081102,0.4814529006544813,0.23212962035363452,-4.678528742924619
36.0,78.0,True,0.20775983706166726,0.09548663435546968,0.3728698021321007,-0.05320816896062868,-5.024027538521369
36.0,79.0,True,0.3151661897435612,0.15846601347449438,0.6411292708598594,0.2695551664875041,-1.6392963952293482
36.0,80.0,True,0.20632438127562822,0.11076895274088873,0.374582069178301,-0.07662450190630167,-5.199594447358691
36.0,81.0,True,0.4077753363046823,0.22413824467455884,0.9233295513041608,0.380734024673722,1.1302757167385529
36.0,82.0,True,0.33603488937659876,0.19658096702209113,0.7218018500588838,0.49488647413425224,-1.0140747814083457
36.0,83.0,True,0.33166587752195,0.22660383945320065,0.8276502383202499,0.4944999731712285,-0.7652214760576654
36.0,84.0,True,0.3133382425087695,0.1361895545701022,0.6131094990044283,0.06177767978355864,-1.7683535019815473
36.0,85.0,True,0.22898202305158213,0.14206580430902996,0.6227956713251626,0.32821455180570036,-4.71093544735159
36.0,86.0,True,0.41095145818401696,0.22751528458653814,0.9955450498097976,0.5952211866128964,1.700864724089321
36.0,87.0,True,0.27870656937132227,0.17234070902725573,0.6006424520735217,0.31022025561142924,-2.8509776003776612
36.0,88.0,True,0.2394272903498848,0.1983968361818379,0.7392601403703919,1.2921916597771212,-4.0698788826771795
36.0,89.0,True,0.26798968291455155,0.13530349084754448,0.5040666047613532,-0.21778041094585268,-3.2310321671840723
36.0,90.0,True,0.2504182732491759,0.13395562193920063,0.5833324559012553,0.6157852361062135,-3.4995643116766635
36.0,91.0,True,0.4121030127002105,0.23692090795713558,1.0128792737331298,0.767336050968459,1.3907866316722046
36.0,92.0,True,0.3168622025182017,0.2113216459837918,0.7758439499187869,0.83790833559457,-1.9183938284372506
36.0,93.0,True,0.4461809101055259,0.21401673709675417,0.8841806928878772,0.18427926584732388,2.8866794755848186
36.0,94.0,True,0.5019940057477255,0.2443667240865514,0.9637372981955457,-0.10119710604711457,4.8684862101875295
36.0,95.0,True,0.5165144454809243,0.2001154918816887,0.996216438026186,0.6692868588801477,5.047233422291941
36.0,96.0,True,0.46994616136996425,0.30265963048026495,1.1683696121095035,0.6661169026303372,3.374044760672172
36.0,97.0,True,0.26230938094897355,0.1462996877113254,0.5471587850343805,0.33378146485450094,-3.295147844322646
36.0,98.0,True,0.01594816639782072,0.02064211661767493,0.0593959439068531,0.9050023813145118,-11.083433316904655
36.0,99.0,False,,,,,
36.0,100.0,False,,,,,
37.0,1.0,False,,,,,
37.0,2.0,False,,,,,
37.0,3.0,False,,,,,
37.0,4.0,True,0.24923648132373377,0.15508970304076067,0.5474734174538606,0.17995551654320666,-3.7789044425396763
37.0,5.0,True,0.384370560042354,0.1567085298440637,0.6300517281639098,-0.15362048323708646,0.49520059900766733
37.0,6.0,True,0.334382685206349,0.14856748489978586,0.7089529812419058,1.0008333954220674,-1.0485296300940226
37.0,7.0,True,0.4817853394300812,0.17136929689538036,0.8475119134485526,0.3541633204038167,3.7034416122011065
37.0,8.0,True,0.5446359907293851,0.1804614384176896,0.9940103152123416,-0.10151397195914579,5.4494933791038696
37.0,9.0,True,0.4195637435931363,0.10338045641013673,0.6701012051909638,0.2753847162147744,1.6103230630913932
37.0,10.0,True,0.45962821563640777,0.12353524337815058,0.9371709272589968,1.197888081458558,2.757110958136017
37.0,11.0,True,0.30426874151592265,0.1634749002401642,0.6333190992128773,0.3595165506641651,-1.6992807998169703
37.0,12.0,True,0.3136079776399144,0.10202475029600931,0.5956944578018157,-0.11372755584539446,-1.689172177415951
37.0,13.0,True,0.23957531154764125,0.15122734094054355,0.5509039620499608,0.5287851291618825,-4.032445800590121
37.0,14.0,True,0.34279023060056946,0.16409757540241035,0.7726063024868574,0.9037203427839698,-0.5961099223424111
37.0,15.0,True,0.27882223942677387,0.10563911427873006,0.5995519637165594,1.4429152499158302,-2.8537760059241055
37.0,16.0,True,0.38857970587118656,0.13890947063823894,0.6689100273501073,0.2029597657977693,0.8405957142221102
37.0,17.0,True,0.4089901032109797,0.1708330190166634,0.6864815799585493,0.09695274672540272,1.3002108607374416
37.0,18.0,True,0.6794381231061395,0.37262514610953834,1.3071392061642666,-0.1152142616213583,9.95973066240828
37.0,19.0,True,0.6039480205390676,0.24287873206467164,1.0696972396027251,-0.1158092040974547,7.722299020192083
37.0,20.0,True,0.446722688282122,0.20950584586580429,0.8717745607002383,-0.06985715952783726,2.943866390523701
37.0,21.0,True,0.34140477375332845,0.14716757192822294,0.5980373751768802,-0.5480954788592916,-1.0504303762565252
37.0,22.0,True,0.39300169622722037,0.2325542280117015,0.8654874889595301,0.47343701690617007,1.2022738268700266
37.0,23.0,True,0.3656499340396338,0.08525847817778141,0.5343245200540463,-0.10524672079790531,-0.1156057923234353
37.0,24.0,True,0.3037663522629578,0.10861254297464806,0.659867922799827,1.0136524001386615,-2.252745012295948
37.0,25.0,True,0.3461859295700559,0.14648507929172092,0.620958005479997,-0.4574545162292982,-0.5718083832694622
37.0,26.0,True,0.3043876795810841,0.11599118268217558,0.5340400405985845,0.37807374557156953,-2.024898273149613
37.0,27.0,True,0.3166413886372675,0.18429908010960497,0.7321954161924172,0.4349241555313423,-1.7258104894725164
37.0,28.0,True,0.3845906582505871,0.26080924285891305,1.213394580277293,1.0837221928912664,0.4115922113678184
37.0,29.0,True,0.31800947399542623,0.15798126306929774,0.6142547720211826,0.09949368049504068,-1.538951698200087
37.0,30.0,True,0.5326206973354585,0.1531299428937892,0.8291194505341124,0.4325935948472742,5.1280506724328845
37.0,31.0,True,0.3633097630060846,0.1307339880410389,0.805743759710799,1.358988123207738,-0.5145038398186184
37.0,32.0,True,0.23467625290492974,0.15061925087414701,0.6000787481405064,0.13333494344516908,-4.212762581859031
37.0,33.0,True,0.2908027414577808,0.1537400051790622,0.6121722326080056,0.19514383783269948,-2.3201067346049102
37.0,34.0,True,0.29781059112042624,0.1529765322840847,0.6254274826321046,0.6063103431808535,-2.52371611516255
37.0,35.0,True,0.2427511201833628,0.13897221516919867,0.5438575087699169,0.26498555578308136,-4.143544012253974
37.0,36.0,True,0.19471783766015419,0.1267966302290631,0.5413762162265858,1.2458450529253544,-5.487097004541462
37.0,37.0,True,0.19158800103500645,0.1465047373553961,0.4571818224418934,0.3240117474540686,-5.498068489277774
37.0,38.0,True,0.2364888651852418,0.13033593935115895,0.495466744598953,0.29522049809455864,-4.415740453967457
37.0,39.0,True,0.24842481889269624,0.1084341998366389,0.4320017512921639,-0.35225638414017646,-3.506991817365762
37.0,40.0,True,0.2775931510929365,0.17126676997683554,0.9038016187300586,1.243860306783872,-3.1435474906391616
37.0,41.0,True,0.22666000963324717,0.1004163600591769,0.4539609133170227,0.20139932923129517,-4.392619986815062
37.0,42.0,True,0.26665629448746275,0.105671557638388,0.4640722905004653,0.15231961919070733,-3.0053549693762793
37.0,43.0,True,0.20836447331983918,0.152022662909766,0.5970271357992996,0.8272196242593116,-5.012042270636306
37.0,44.0,True,0.3178894743156954,0.14587645015103562,0.5404583799874485,-0.26335790587564634,-1.4792385821719916
37.0,45.0,True,0.2237615234673855,0.1279729233894415,0.4992100119043322,0.9038991834452612,-4.569291915652748
37.0,46.0,True,0.2695221189010461,0.1616057120704898,0.6931688558030196,0.7973716262372231,-3.2171945163819746
37.0,47.0,True,0.29347795769665447,0.16644903579212392,0.6132922720272103,0.3750413917485525,-2.5179963581557767
37.0,48.0,True,0.2232566540790323,0.17486968950982276,0.5945292361701658,0.718020438412063,-4.602684450121562
37.0,49.0,True,0.30604028958534585,0.1400025116833035,0.5119367123005167,-0.42265869596715455,-1.7985021305709594
37.0,50.0,True,0.3035427910808612,0.11419452588311359,0.5058583777749474,0.017272202582374285,-1.9628174256002744
37.0,51.0,True,0.1933480547034212,0.12092112604965112,0.452252511838781,0.343670495524205,-5.542416678627538
37.0,52.0,True,0.18937206000878717,0.10974167574857664,0.4462932915583355,0.2153988887462818,-5.709317659974297
37.0,53.0,True,0.1339373268061609,0.09526375855974134,0.3118321824917917,0.35922356493158875,-7.597857887960195
37.0,54.0,True,0.12012758514929191,0.06495926856722802,0.2479193153062295,-0.1278473021702932,-7.762005746325812
37.0,55.0,True,0.2183956916220382,0.12324592701975748,0.6153577909296294,0.7664398725614879,-5.016914172647432
37.0,56.0,True,0.10360520065457621,0.11220382778423522,0.4134020430950085,1.4529689581695169,-8.328892091893229
37.0,57.0,True,0.13953220017559442,0.13127063769977562,0.4400762433533177,0.8049355007263603,-7.511498446820066
37.0,58.0,True,0.18422483690146932,0.11312707125431666,0.6273464714234892,1.739924290495926,-6.213411388547264
37.0,59.0,True,0.169843746665873,0.06399568962659703,0.3125353445173165,-0.21568528930259104,-6.320448917330473
37.0,60.0,True,0.13816104643321436,0.0847349681500881,0.3519462463487545,0.8461534098233084,-7.208217679551586
37.0,61.0,True,0.15761912100014802,0.0787183975799078,0.2646568709215119,-0.3758931591599396,-6.684026159006767
37.0,62.0,True,0.23869560063655343,0.139480664399253,0.5322944109454475,0.2589566115878653,-4.156663317933002
37.0,63.0,True,0.16637890892493423,0.10519911998302778,0.4460630575680354,0.459320926965706,-6.577586494670749
37.0,64.0,True,0.18887345827149,0.10824904942213348,0.4718130213971886,0.861848497938783,-5.730219846933102
37.0,65.0,True,0.18918032341133822,0.20673644488097911,0.6509632124100208,1.19345168188961,-5.368383470731259
37.0,66.0,True,0.18648560684540144,0.14516628949170363,0.7278190709962502,1.4085039857173465,-6.119206035738609
37.0,67.0,True,0.1994526007735647,0.13997236275722408,0.4102182588417396,-0.1470713476679323,-5.4776744496066945
37.0,68.0,True,0.21597064266482446,0.10567355181469712,0.3786188108235629,-0.43641085423904674,-4.516002287135506
37.0,69.0,True,0.124673005345306,0.07620615340149048,0.3703011605609939,1.1299635946937812,-7.933236669118892
37.0,70.0,True,0.2333186235387266,0.12294649977011171,0.4559909631682196,0.1592948598616767,-4.046515086679116
37.0,71.0,True,0.18299677442232398,0.11849842995095411,0.513104067918108,1.2029480537639672,-5.597613764481125
37.0,72.0,True,0.16980253449085825,0.10537033832098548,0.3604028057101724,0.050142518825380636,-6.034329682580883
37.0,73.0,True,0.1673819675434868,0.12740601891385703,0.4471518523627545,0.5465627990839819,-6.127449497144222
37.0,74.0,True,0.1561275119191242,0.08141212170558758,0.3395492765063021,0.8381178872983882,-6.760608587477728
37.0,75.0,True,0.1673115451839432,0.09365531900355664,0.3250990104088231,-0.3196668807138482,-6.47587817059891
37.0,76.0,True,0.27301012994203167,0.11049161311296922,0.4904620250152455,0.21400659394039737,-3.234400815253246
37.0,77.0,True,0.24719081866873957,0.14567159205342112,0.53270473643903,0.029975673242455085,-3.940950541208452
37.0,78.0,True,0.25069717972156136,0.13537112653746186,0.4653134791794826,-0.4900518513036727,-3.5210287380829906
37.0,79.0,True,0.3003532788903966,0.13120933793857473,0.5923183245766886,0.15179122839382223,-2.014283408113587
37.0,80.0,True,0.3480255203082454,0.11669942536708558,0.6296023044626738,0.07000308048265987,-0.4204577671983106
37.0,81.0,True,0.34864858807659715,0.16878017688377678,0.8807443498491244,0.8086253150448971,-0.9884638624198283
37.0,82.0,True,0.3682484549687136,0.11245887033087898,0.5859696079524662,0.007845607737778888,-0.10596781890611526
37.0,83.0,True,0.3892270063953416,0.1283951232962431,0.6875912294631622,0.4784148574214319,0.7743110355207197
37.0,84.0,True,0.30404544605998424,0.15214394721485178,0.6580991936389793,0.24054023940338012,-1.9404780479873733
37.0,85.0,True,0.2369142041510308,0.1300757459795143,0.4858268173530357,-0.27747653916567877,-4.293085688738153
37.0,86.0,True,0.22322281121897866,0.14776703838849128,0.5856957401925641,0.7289322872356706,-4.549916026611607
37.0,87.0,True,0.2141089681388104,0.1268083042023548,0.5539325849672461,0.953325968000001,-4.849521595935292
37.0,88.0,True,0.28515481070085774,0.18122189710751344,0.6900184097439601,0.6970042616372853,-2.912330943607541
37.0,89.0,True,0.31149517324482084,0.14254339540639666,0.5499435215067608,-0.4040165305552243,-1.653133568991119
37.0,90.0,True,0.252794419167859,0.14142684735344085,0.5830778281269564,0.3982650764531204,-3.6928781311020167
37.0,91.0,True,0.3001408606807184,0.1476367450863011,0.5673511112099723,0.12550779831548872,-2.1091527181931564
37.0,92.0,True,0.36816426372666167,0.15960342322897333,0.7203855209469904,0.43475832998519526,-0.29063249645093386
37.0,93.0,True,0.43818821996149254,0.1505430501520186,0.6857130929803069,-0.24968479553982334,2.1139731562649327
37.0,94.0,True,0.43298338163574174,0.24839809067821494,1.0683152059274346,1.001986951245898,2.235790082067205
37.0,95.0,True,0.547997269719758,0.27915728635469705,1.0532035099581625,0.26574406012420476,5.900812958052231
37.0,96.0,True,0.3286628034121413,0.18806295625593544,0.695441691223467,0.2393839086379124,-1.2395700039239563
37.0,97.0,True,0.40911313620283024,0.20493841700613966,0.7761050342462134,0.23583684585096087,1.5903081733139217
37.0,98.0,True,0.12970058270910254,0.07672778811664246,0.2883762622123778,0.2362045271168359,-7.4773859319630525
37.0,99.0,False,,,,,
37.0,100.0,False,,,,,
38.0,1.0,False,,,,,
38.0,2.0,False,,,,,
38.0,3.0,False,,,,,
38.0,4.0,True,0.3836860922967601,0.13398802292738896,0.664722880553279,-0.02147847672178435,0.5303773620799818
38.0,5.0,True,0.49740151989653925,0.20034746090658181,0.821077577855583,-0.1300397873750796,4.24453537857267
38.0,6.0,True,0.44944407835113154,0.275196753659245,1.1423552849662746,0.6987690919292969,2.337119945182381
38.0,7.0,True,0.4864019322634746,0.22584424361865207,1.4857729273673002,2.4042510864818745,3.0702683952407774
38.0,8.0,True,0.42926238281616635,0.1733606574223055,0.9649603227751876,0.9775610513749354,1.545809814774703
38.0,9.0,True,0.4054232995078137,0.15662038051143418,0.6510793695614484,-0.45117966779456475,0.8737799463285412
38.0,10.0,True,0.27119397057473066,0.10031473513885011,0.4342666425789795,-0.16601020617844622,-3.0944996492955985
38.0,11.0,True,0.3918546644342456,0.19521567402142861,0.7845949646231533,0.6075449614597465,0.8461344352707664
38.0,12.0,True,0.2598357953215534,0.142937360381578,0.5693613287902082,0.6006991970760419,-3.383481576500782
38.0,13.0,True,0.2943835032767274,0.191688985749843,0.8719491237176017,0.5889125148828396,-2.5817380182555056
38.0,14.0,True,0.42293416541725176,0.23036048021975586,0.7252939717869094,-0.010716076923644263,1.6018264995021085
38.0,15.0,True,0.4166349790800337,0.13944815581406766,0.7616023121146406,0.5281992479721591,1.6164334861296057
38.0,16.0,True,0.3009993132276958,0.19162173685506464,0.7686468700854018,0.2635138015897342,-2.2294733624208583
38.0,17.0,True,0.5242237206188802,0.31160943458641055,1.2905717461441342,0.8496115697777347,5.132037600048896
38.0,18.0,True,0.5037065623488596,0.29701973844709423,1.0840916141232355,0.30124610673161145,4.661484257644404
38.0,19.0,True,0.5660129008156995,0.1377088384435176,0.8834612393820046,-0.2107480294976213,5.999653037689542
38.0,20.0,True,0.4075161441418176,0.1630065195857246,0.7465594539768914,0.1156249207682552,1.3045415252516093
38.0,21.0,True,0.33538890777751224,0.22267542679792596,0.9610552331056378,1.433066355468942,-1.0074902791577118
38.0,22.0,True,0.2724867745208683,0.11247068416397396,0.5218346550448055,0.015458395213707244,-2.856517909049243
38.0,23.0,True,0.3334874449771508,0.10751157221001874,0.5262278015790762,0.017291945499792197,-1.1152585196102434
38.0,24.0,True,0.42314082546907555,0.13879810147721347,0.6718483606303388,-0.2935229836877161,1.866602689485289
38.0,25.0,True,0.2839830334911766,0.12697676055293336,0.6059116492770006,0.6123962457291153,-2.794211510365563
38.0,26.0,True,0.2702547579722391,0.11618669849292546,0.5041879927832269,-0.4136505988979125,-3.0111350957222136
38.0,27.0,True,0.337148304420335,0.14542608463133005,0.6629360098374975,0.49299071771208025,-1.3982765723605013
38.0,28.0,True,0.2976926676851424,0.100064022520437,0.5504244613652223,0.5478364620494456,-2.4021545888325946
38.0,29.0,True,0.3328558729614604,0.10154701804893926,0.5502255994737821,0.18438482635218625,-1.0274457091096902
38.0,30.0,True,0.4012855988575013,0.24002354273900905,0.8093268757904357,0.08479791044991822,0.8607658564577572
38.0,31.0,True,0.3776767860351318,0.19638040985480942,1.0126125595175153,1.1277847211490872,-0.38223421906783056
38.0,32.0,True,0.3322952466007733,0.1623191573135989,0.9310548420754036,1.7044658176899674,-1.537570650709147
38.0,33.0,True,0.29284604025637234,0.10697229721022049,0.4810682426276159,-0.22457200857083873,-2.4404693308596963
38.0,34.0,True,0.3068366862453179,0.13511944785546928,0.6250638544542365,0.0396779455886475,-1.9413737781117724
38.0,35.0,True,0.32669036085615566,0.17065522762690885,0.6684693287861311,0.25035141990727133,-1.3510657817443357
38.0,36.0,True,0.27210113477593195,0.13851985846235643,0.5368814849000879,-0.11618838078427357,-2.887000668838273
38.0,37.0,True,0.21969554092568838,0.12615330987284754,0.4736912734236773,0.04215769349817469,-5.0049646604474605
38.0,38.0,True,0.2431715067385834,0.1564405090774009,0.6155915682391574,0.6390573804313988,-3.797095762644929
38.0,39.0,True,0.25039338728460536,0.15049002310925472,0.8155353653317198,1.6949386040998748,-4.165593829240852
38.0,40.0,True,0.2192306601944726,0.1406505625216635,0.5877760642785372,1.2440061942769882,-4.493363456873624
38.0,41.0,True,0.26491930490062804,0.18200642180812204,0.6420849333843176,0.5352492868776321,-3.2530022321132495
38.0,42.0,True,0.22044433519778037,0.13899517906669306,0.5277768861236918,0.2419819194859997,-4.8231087486442314
38.0,43.0,True,0.2381807015630494,0.128333474043165,0.4801760599072664,0.22215771102931017,-3.809356862056024
38.0,44.0,True,0.32340206119591575,0.1498883955616336,0.5726119623040843,-0.11502257148675558,-1.1058008048671004
38.0,45.0,True,0.4058482629865379,0.12799164458467208,0.642972996325092,-0.6784074429256356,1.460320801705121
38.0,46.0,True,0.26198558895305313,0.13945565104868288,0.612709553438873,1.1527323876241242,-3.2678173162030637
38.0,47.0,True,0.27218250170075914,0.11245586130755707,0.4911209501956039,0.1497408171176947,-3.172490116920864
38.0,48.0,True,0.2820904362584024,0.21685052676541755,0.6973054207094324,0.44280923959695584,-2.3621146622611966
38.0,49.0,True,0.22074252406103073,0.12438964393921592,0.4954525988066316,0.3239191024223786,-4.592548479232621
38.0,50.0,True,0.3136837581666137,0.2323548716375718,0.9034261423113248,0.9147609700920506,-1.7300489846114022
38.0,51.0,True,0.22411056992845738,0.13220684166757776,0.4983159684071471,0.3007219545389913,-4.398524849012603
38.0,52.0,True,0.2051421672532135,0.10862904945038121,0.4649555588971487,0.23560665881200515,-5.038861508022144
38.0,53.0,True,0.23441714574516556,0.14780111140332094,0.6599141585478816,1.1296921695510458,-4.164394654400991
38.0,54.0,True,0.15057195501051854,0.10783216159390176,0.3834174620083321,0.6365590580096167,-7.003612979491193
38.0,55.0,True,0.17173226713866846,0.1294533005702671,0.4873831358952522,0.6513367885792004,-6.230577038348712
38.0,56.0,True,0.04561064120928382,0.0448901826748682,0.1656561598638146,1.1578682443874107,-10.164252463831307
38.0,57.0,True,0.14566101134772302,0.10485920620543175,0.4114850404845772,0.8155704118902876,-6.930632236541631
38.0,58.0,True,0.14659851494135678,0.10211468493966706,0.3706833936303093,0.371636700414099,-6.800108364094378
38.0,59.0,True,0.24889769142438845,0.12420708496964362,0.5147790207178448,0.35178157482443273,-3.624650681906854
38.0,60.0,True,0.1409654882676806,0.07069974385726004,0.258379402361843,-0.23944933407221283,-7.111254068816467
38.0,61.0,True,0.19933917149728178,0.12271372020776743,0.4233626285879772,0.1093258556133783,-5.266774198394789
38.0,62.0,True,0.12756842255551373,0.12710257826943458,0.6508862664035349,2.239658226829134,-7.770855062622759
38.0,63.0,True,0.08669555653778921,0.0667744532810711,0.2426618382570594,0.29594822569879975,-8.732122433297775
38.0,64.0,True,0.14125893600878087,0.10242108207792627,0.330510314751356,0.3579442213607459,-7.0082900241289705
38.0,65.0,True,0.20134073734332258,0.07171011208567876,0.3216677463554404,-0.47747841977882866,-5.257570676928422
38.0,66.0,True,0.23720512332098728,0.09353090820600658,0.4227151253716593,-0.48369864681839797,-4.110745578001225
38.0,67.0,True,0.2715232424989521,0.15107121189489825,0.6142775331292822,0.5170317312204602,-3.031288117506502
38.0,68.0,True,0.20778530761566238,0.18554408928167923,0.6148488718819136,1.0398495397985157,-4.833181302376118
38.0,69.0,True,0.16471966075863165,0.09594864490770341,0.3406409422908814,0.038315901991330725,-6.367311579976877
38.0,70.0,True,0.19680421141385795,0.16127669345939674,0.6102135055937508,0.8860434363552574,-5.147379195621151
38.0,71.0,True,0.1770234431406309,0.08490835272293429,0.3523861050466407,0.147746634460011,-5.898221291403435
38.0,72.0,True,0.1910183193567255,0.10630347559466004,0.426309842797599,-0.027726381407156626,-5.582044682948062
38.0,73.0,True,0.2170628205906204,0.10572065876771339,0.4519918009522823,0.19513401137449046,-4.8143006701751965
38.0,74.0,True,0.20165019316651225,0.1166040446905978,0.411317339646139,0.04117043293227845,-5.322421193485981
38.0,75.0,True,0.17885089511035407,0.13481163572421814,0.5626584521753449,1.3884034931657794,-5.854327436816855
38.0,76.0,True,0.29153008836605315,0.1462306788511941,0.5870701852381041,0.14987851245960815,-2.518692243666459
38.0,77.0,True,0.27162089857019556,0.16779622312229825,0.5935818504528615,0.2566924140615069,-2.919049701397965
38.0,78.0,True,0.3173203165065421,0.2602242876013991,0.9905284332539532,1.0683092110779662,-2.456808228028706
38.0,79.0,True,0.35404569060340857,0.1672344237395928,0.8107621333839561,0.8199904575619585,-0.8748557146351861
38.0,80.0,True,0.48584604968403095,0.19671246053594188,0.7639769329165076,-0.4022846828539776,3.9575579285492006
38.0,81.0,True,0.3237630107550226,0.1663698164511791,1.006832084490062,1.7942621896047601,-1.760344734884135
38.0,82.0,True,0.2962043470235023,0.16407549552213493,0.6798829527276476,0.5522942186518239,-1.9358072773816897
38.0,83.0,True,0.3759038681781297,0.1362009991805714,0.6896868729518245,0.37895628973489714,0.41177627647016835
38.0,84.0,True,0.28557203730024755,0.12760349791312042,0.6169386130306875,-0.025414467674254794,-2.947688180109661
38.0,85.0,True,0.29615654468704156,0.17389678449610046,0.621714882245051,0.2747629759434539,-2.1539838675016703
38.0,86.0,True,0.2450102841886079,0.13388695503007478,0.5293519631398519,0.18593618576413298,-4.209575175733316
38.0,87.0,True,0.24868768213562967,0.15683903920758654,0.6610830857206621,0.9043272090116633,-3.6536911705809256
38.0,88.0,True,0.21589033480331993,0.17123022181815373,0.6513779533647056,1.0730679116829183,-4.916714555074847
38.0,89.0,True,0.23212965075652991,0.14196750628836677,0.5665579783284742,0.6016968226074996,-4.210559834299367
38.0,90.0,True,0.3441875590429231,0.09054320398588167,0.4961798640056391,-0.7234749869850602,-0.7361451649584304
38.0,91.0,True,0.27409963639838053,0.1264914674228492,0.4853767431622049,-0.20900707659457646,-3.225452884781355
38.0,92.0,True,0.37100880065635167,0.19271661336139292,0.740484134435592,0.14980674922014095,0.18030767900143854
38.0,93.0,True,0.5228614780921287,0.19986974748398809,0.927267030592603,0.21083453246584882,5.07862609477007
38.0,94.0,True,0.4962609489451553,0.10933535301282707,0.7443812029441232,0.3428574234485733,4.170918529112987
38.0,95.0,True,0.5084804565344205,0.2230060415219848,0.9353693775383604,-0.014592009125507722,4.7494709021227415
38.0,96.0,True,0.38674430853787667,0.1402388940555189,0.5804648574533512,-0.5514581612551849,0.8565254600424165
38.0,97.0,True,0.2846006240084338,0.16567432775733162,0.6699964251260369,0.7763313200610932,-2.5492410296448753
38.0,98.0,True,0.27752823952920136,0.21411489410147377,0.7474300295639804,0.597125219643465,-2.5884958316020708
38.0,99.0,False,,,,,
38.0,100.0,False,,,,,
39.0,1.0,False,,,,,
39.0,2.0,False,,,,,
39.0,3.0,True,0.07869172464706795,0.06977405476470903,0.2704717594061632,0.8974141671639564,-9.41156681603283
39.0,4.0,True,0.34778371566162614,0.22822827107053437,0.754544724264711,0.2926003103197384,-0.3452708262473164
39.0,5.0,True,0.3115161107128626,0.14666672806183853,0.6625294596441776,0.4825048246290593,-1.8314006584220057
39.0,6.0,True,0.5312958896796157,0.24676686952963656,1.448649062311303,1.5387062254287742,4.236771917397693
39.0,7.0,True,0.6786006484248969,0.24519776459902476,1.181874840873226,0.07759027871690996,9.92014894105987
39.0,8.0,True,0.4877873435810698,0.19871015781691623,1.0299421659046737,1.0362561879015053,3.9531845726353327
39.0,9.0,True,0.3283265683500149,0.20862256546138705,0.7456603378202058,0.37575431559784034,-1.4427739021640358
39.0,10.0,True,0.4372038558123236,0.18456056544450583,0.8482701678337047,0.16794949635788378,2.433745860005867
39.0,11.0,True,0.3227978369175973,0.17624983417614146,0.8126463445107991,1.0327690553121747,-1.1101299980948536
39.0,12.0,True,0.2902619642601185,0.11982783855178257,0.4757621830204886,-0.37392594582116584,-2.1867124488540184
39.0,13.0,True,0.36019072677678954,0.14612626547968224,0.5769669783279313,-0.14273029699390727,-0.0667116004435132
39.0,14.0,True,0.3553953609553362,0.23523682310960434,0.8559769271221069,0.4882976190348806,-0.382175359576122
39.0,15.0,True,0.33340878794478135,0.2032843547430786,0.7116871926673793,0.15223431421388192,-1.075625157479175
39.0,16.0,True,0.29472622597299764,0.15856693817816403,0.5730729471804556,0.1302510884007707,-2.0797736282322297
39.0,17.0,True,0.5773211216908055,0.22073183156253398,1.256144385230915,1.2027266889734705,6.029910642912233
39.0,18.0,True,0.41101871371624854,0.33184875441028683,1.2090078031936529,0.8432387431140884,1.4172106556485728
39.0,19.0,True,0.511477365510729,0.19046466144276172,0.8567274247864584,-0.048732661330136436,4.417915307233343
39.0,20.0,True,0.4384570422451612,0.11041934386316646,0.6710965088000403,0.0328689193326834,2.2786139566132935
39.0,21.0,True,0.3055049400379352,0.159706873423837,0.7540001180098794,0.30879571962155233,-2.242274993709868
39.0,22.0,True,0.3262185112381001,0.20019317039023288,0.7505883001658749,0.3518997025178959,-1.3731401353039552
39.0,23.0,True,0.32646001018333237,0.1403610923753582,0.6170959068246789,-0.08533790957542484,-1.115409352698761
39.0,24.0,True,0.30623326296157355,0.13086324651041512,0.6012078141583028,0.1291143068908043,-1.8467405565312043
39.0,25.0,True,0.35880950659390015,0.18269995265844396,0.7178548905757253,0.15832283348962806,-0.13588912764729424
39.0,26.0,True,0.30639695723069255,0.18291155515090093,0.7345494829149202,0.6959433567997594,-2.141216463042535
39.0,27.0,True,0.2377632429769276,0.15135838206652097,0.510128261985853,-0.011685419128737416,-4.3269799877985164
39.0,28.0,True,0.24414184646952738,0.15562753405160323,0.5770635864790374,0.5501749196821836,-3.8478707888220844
39.0,29.0,True,0.21559359114653218,0.17156519886213464,0.5450265959840874,0.6216228793026158,-4.889405171233987
39.0,30.0,True,0.3491597685081634,0.18273706154484112,0.9980926403419,1.0918940555917114,-0.9034809906369868
39.0,31.0,True,0.28585862673264945,0.14130690578745386,0.5800985281398205,0.15085551737416902,-2.6005231018837573
39.0,32.0,True,0.32540197634091345,0.2138079468543089,1.2038590693257112,1.8523085976857931,-1.5668373313572395
39.0,33.0,True,0.4242265937320969,0.1727873295350725,0.7915189145097105,0.4993151390354628,1.5506402242315585
39.0,34.0,True,0.4608729711641384,0.21392082087101885,0.9909882556532292,0.6178574277354983,3.3334503743158246
39.0,35.0,True,0.2937724575066993,0.11582075912675018,0.486281727135383,-0.4283102681060803,-2.100772946589746
39.0,36.0,True,0.3189340750125119,0.17251446138491894,0.6687463037500488,0.037839005603518404,-1.1100016412375582
39.0,37.0,True,0.221714328371707,0.15990323766278794,0.6126642946585263,0.6360228924896769,-4.705469468688889
39.0,38.0,True,0.2395947339854967,0.13040656152888927,0.4422679970851632,-0.17510756824150964,-4.005722497228168
39.0,39.0,True,0.13784183957158938,0.07899900630643474,0.3062300465446816,0.9340944384482018,-7.321770286952298
39.0,40.0,True,0.2976573213499231,0.13750756464427677,0.5750053946548386,0.12109262170781865,-2.019349169988708
39.0,41.0,True,0.31745142258552406,0.15567627698779674,0.6047160257798143,0.08826268691843954,-1.3927315039388692
39.0,42.0,True,0.33382611464188283,0.16153137574037063,0.6751859740102294,0.05590419847146259,-0.9057729534081727
39.0,43.0,True,0.34364037906497796,0.14457018448262238,0.564371964817136,-0.42057730803210236,-0.8637130154240384
39.0,44.0,True,0.31723582267141937,0.19533394408869625,0.7916747391083117,0.5966915242624281,-1.33003664539403
39.0,45.0,True,0.3516268036756943,0.19371587868557402,0.7995685234203559,0.14677360962872474,-0.844791418789798
39.0,46.0,True,0.32663807653626487,0.10702196530987308,0.4800080934896528,-0.5648757247964848,-1.0746051495674958
39.0,47.0,True,0.3181631917714503,0.1187033431683831,0.5542711376040378,0.3340353603933417,-1.4274210430399696
39.0,48.0,True,0.3079470540899352,0.15637290460025408,0.6281007019622402,0.32125601633897244,-2.0242568556322365
39.0,49.0,True,0.4248507448433313,0.13723412330505014,0.6943923845869342,0.13950779791101972,1.6021991155390494
39.0,50.0,True,0.37939169005087003,0.16936168916269345,0.7573874162693136,0.46225987363548576,0.3081724423847824
39.0,51.0,True,0.19751097126248104,0.1306269100265858,0.5749915947817028,0.5404548450719641,-5.508748683818313
39.0,52.0,True,0.23683931640747385,0.13988088382787928,0.5789034543757939,0.42767835156775075,-4.188808962754706
39.0,53.0,True,0.22163632466929542,0.13846484005486628,0.5837609552090262,1.0132902877476673,-4.627093637024643
39.0,54.0,True,0.2753310659453955,0.2183209428022596,1.1033150387154,1.4084701371384303,-3.4156967366820905
39.0,55.0,True,0.29688638546560164,0.1700987981114934,0.5881928616550435,0.18732847785246626,-2.2180539204596554
39.0,56.0,True,0.20011724648982013,0.14993820852525347,0.5562988412868355,0.616422331375243,-5.382708596418921
39.0,57.0,True,0.31040892967908934,0.1699265482139313,0.6621371697767432,0.4285796024293083,-1.8013961792185331
39.0,58.0,True,0.19758922320992064,0.14745986273480283,0.5837275128589517,1.1485098057928622,-5.463428064479585
39.0,59.0,True,0.1473717692833987,0.0908303458398802,0.3717111661132103,0.7541727867416832,-7.017004219761363
39.0,60.0,True,0.2560108956666781,0.12435960401735617,0.4928096996310991,0.1842739813032363,-3.28467217459509
39.0,61.0,True,0.2540866025687832,0.15561064840914568,0.548509342648835,0.5543218908759934,-3.957193395420588
39.0,62.0,True,0.23402490972112736,0.07287081184398433,0.375292646559354,-0.3801561001665732,-4.153558118807884
39.0,63.0,True,0.35893902188929866,0.17586298458649732,0.7987253437600979,0.6905223096339406,-0.32725909890326493
39.0,64.0,True,0.1626085768174758,0.09890378651557899,0.3119762345990208,-0.06933572756315766,-6.245707527099355
39.0,65.0,True,0.22991705527805756,0.09698624300875705,0.4238011928169256,0.23100689338211325,-4.33324216069529
39.0,66.0,True,0.20394507566630365,0.10821543092776481,0.3948298019613906,0.15011878836971973,-4.966250937099043
39.0,67.0,True,0.20909739362792082,0.1291743497958646,0.4235920211712051,-0.027802730616848993,-5.260820165841712
39.0,68.0,True,0.21704765526605266,0.098125088554666,0.4044076368721134,-0.13181180514003799,-4.882305214686393
39.0,69.0,True,0.18130338449448077,0.11745196352090866,0.4666386457208071,0.5191918340250047,-5.855995669890867
39.0,70.0,True,0.15400664831629268,0.09933274422884361,0.3448131431091028,0.31626552211443104,-6.635164946182765
39.0,71.0,True,0.1290507316967763,0.078076169645778,0.3139353314190954,0.5838158421946201,-7.524475904166355
39.0,72.0,True,0.13876437782111448,0.0936270959757232,0.3769585377223279,1.1087956384853757,-7.292411519723962
39.0,73.0,True,0.2206264575887299,0.13391193285622252,0.4887166689870067,0.1647112094783159,-4.77588213538548
39.0,74.0,True,0.18095162417184993,0.05770087843970407,0.2794084992557688,-0.14378173237762715,-5.953343320641524
39.0,75.0,True,0.14444236281936973,0.10173845394413325,0.4294318042962232,1.1242146980505228,-7.0884530881926056
39.0,76.0,True,0.23077867402808386,0.11614348515341602,0.551664604155087,0.7589554035525737,-4.157630724902149
39.0,77.0,True,0.3461874153964455,0.10959903058960396,0.7314901590334973,1.3518838210005415,-0.9005777810224128
39.0,78.0,True,0.30791189805075225,0.17895054224034626,0.6945465813582837,0.2504886359096772,-2.233961392304734
39.0,79.0,True,0.33543773389205056,0.16044007785844908,0.675475026206183,0.010375710977731418,-0.7318516784322368
39.0,80.0,True,0.24953127737084732,0.11764533195265958,0.4404532958944923,-0.29901643694636937,-3.7116789315472527
39.0,81.0,True,0.37717420606258145,0.1546225412975796,0.5974448025528467,-0.5038629548378971,0.542364599190635
39.0,82.0,True,0.4140386076615514,0.10594983509511996,0.575799507953433,-0.5813958870207474,1.515014599320565
39.0,83.0,True,0.4508381450449876,0.26338673534772167,1.0530567424428443,0.49132217193351624,3.047482722531767
39.0,84.0,True,0.3384581633406893,0.19831083281966155,0.7427060282301965,0.039246615218375316,-0.6815244546851381
39.0,85.0,True,0.49583148021282514,0.1694474873055372,0.7393087812065766,-0.45105002492540125,4.086431629221165
39.0,86.0,True,0.260028306851249,0.1650326923818902,0.8121957632210652,0.9541021419553406,-3.7674182049354616
39.0,87.0,True,0.25015248980292076,0.14327951072902864,0.5872800508189971,0.7092892380062072,-3.8061486070124055
39.0,88.0,True,0.2886185907881564,0.1660823754985458,0.6212122295646149,0.34915441717030954,-2.712603640875482
39.0,89.0,True,0.29949253238955603,0.16405388298378135,0.7028931601572496,-0.0010604402498165194,-2.4535669358050045
39.0,90.0,True,0.3123566803841436,0.16860873454600392,0.756925615842111,1.1985099687809433,-1.9275624490034096
39.0,91.0,True,0.31456810542544283,0.1601635797278499,0.6789917045349765,0.1735119629135698,-2.047714937137774
39.0,92.0,True,0.31131153405031964,0.09961417649053957,0.495535249922254,-0.902276685067495,-1.672639916505466
39.0,93.0,True,0.4387920920471398,0.13080930090270607,0.7399351725384742,0.8210552182822496,2.398357053831755
39.0,94.0,True,0.41813808338001923,0.22705825959284576,0.8887900372269206,0.29332342733020456,1.6879050603850345
39.0,95.0,True,0.37885588046764646,0.15399928657879988,0.7164390082970343,-0.16541796898805677,0.7738706406858912
39.0,96.0,True,0.39196318546595743,0.15348076124631538,0.6945966708067209,-0.16976722644278702,0.8442985261521838
39.0,97.0,True,0.29733928047457053,0.15458676997631854,0.6157034224537307,0.4355696239385412,-2.267121792281829
39.0,98.0,True,0.29825242037242283,0.14662606924828517,0.5439797253975657,-0.15113767589436522,-1.9531738965480627
39.0,99.0,False,,,,,
39.0,100.0,False,,,,,
40.0,1.0,False,,,,,
40.0,2.0,False,,,,,
40.0,3.0,True,0.19468472344273777,0.14681633027408356,0.5071585893746848,0.771723249835572,-5.383998542465409
40.0,4.0,True,0.4519453431828385,0.19590278276572246,0.7258739644103341,-0.7973646714748429,2.786505485235135
40.0,5.0,True,0.39119669326829404,0.20852300053309253,0.7528364106564069,0.1312801576853886,0.6567310039266258
40.0,6.0,True,0.3714953569546248,0.13288834859771562,0.6022780933042434,-0.15976324082138307,0.11748218391752704
40.0,7.0,True,0.5775271322744236,0.16557757463594489,0.860228158742202,0.10925536249069609,6.481226636238534
40.0,8.0,True,0.4136500484540525,0.19143502592828307,0.8282166667352483,0.22061960366951766,1.6334323286872792
40.0,9.0,True,0.4095176267910666,0.25303805062759277,0.9579581387573772,0.29166923555760654,0.8409064849594737
40.0,10.0,True,0.26867504882943316,0.15201841771564617,0.5848019260557059,0.36176850393387155,-2.939275856696272
40.0,11.0,True,0.3371282895908724,0.19943790086044325,0.7248599586574254,0.37398222605225,-0.5562527871140865
40.0,12.0,True,0.43762366722787815,0.23984936009998858,0.7598098165836458,-0.281579216690978,2.48271336308132
40.0,13.0,True,0.31967312151048544,0.2534731825650536,0.9433368141462112,1.0101693591039886,-1.2709171785004898
40.0,14.0,True,0.3175959704598538,0.12198527806671769,0.6299572946051888,0.55060939830032,-1.9748582921527285
40.0,15.0,True,0.4305868672772198,0.11951304506399256,0.6726439727116659,-0.11291946635785118,2.0325059173221867
40.0,16.0,True,0.4127060385528253,0.15949149349347605,0.6916166367610638,0.1907583006859614,1.1770999180949946
40.0,17.0,True,0.4354379833404292,0.2087632680062657,0.7668150852919247,-0.026589923070610543,2.302417977728763
40.0,18.0,True,0.43354653130659077,0.19782820824465155,0.7738630692515222,-0.33762947295725493,2.4511758839676707
40.0,19.0,True,0.3194636875496758,0.11218276271282938,0.5865938505344468,0.6368716154095884,-1.7583171012727274
40.0,20.0,True,0.3304914560725261,0.13402057271994458,0.5958631031397329,0.07263746775055695,-1.5919053548149598
40.0,21.0,True,0.3463709223478042,0.12104045130632177,0.611088305937182,0.0013759062273809492,-0.9172028892715205
40.0,22.0,True,0.25167272723313006,0.10629416381491862,0.3912273139200478,-0.9300074804268568,-3.4415218216648955
40.0,23.0,True,0.18757831975538222,0.11123460794738034,0.4292376212810738,0.1115566657797473,-5.695368207312078
40.0,24.0,True,0.3159965301294798,0.17283366597105954,0.6577409190472144,0.3635392554334855,-1.8527837298060046
40.0,25.0,True,0.24696926727969326,0.10291174224993335,0.531849587934088,-0.07272317482993682,-4.064766695957798
40.0,26.0,True,0.2623798096908556,0.08654921722144703,0.4126071353392673,-0.7648100520989539,-3.128163604304012
40.0,27.0,True,0.2763750769100123,0.1913677560716773,0.8113833774137404,1.3144927839146434,-2.9025515395136305
40.0,28.0,True,0.33402649783524346,0.12049439502689563,0.5505884975562697,-0.3115022689565105,-0.8350296365282385
40.0,29.0,True,0.3559254874842438,0.14283856483222213,0.860706680105355,0.7557417763788429,-0.6592990292964176
40.0,30.0,True,0.33520937718571603,0.1270257340127411,0.5751764424495879,-0.19337730629219219,-1.0032180870870493
40.0,31.0,True,0.40211416224639807,0.1161941127629557,0.6274230338515548,0.21311851259388578,1.1121189081935117
40.0,32.0,True,0.42956921503174156,0.2157821417210716,0.8325170755318705,-0.08361059901176254,2.2304536551899243
40.0,33.0,True,0.5055302611674523,0.16157503619695524,0.8897844614400447,0.03576041662932151,4.59735074719593
40.0,34.0,True,0.5878341682272906,0.20274341213333358,0.9681908830975664,0.19098076588491422,6.935185501203988
40.0,35.0,True,0.44023734034400275,0.21584998988822987,0.7701191312624406,-0.2982187051581121,2.760385820905146
40.0,36.0,True,0.3773634646627211,0.1177200881327216,0.7297345481235423,1.7148486040912398,0.2252673098278903
40.0,37.0,True,0.36069279538031546,0.2544663798776196,0.9612070189640456,0.6136446650977883,0.2655572466607706
40.0,38.0,True,0.21042469322249802,0.13079816928914692,0.4876926441920694,0.3376654233562054,-5.025004144983002
40.0,39.0,True,0.18954146914820919,0.12200728016725927,0.4373165964598708,0.4043794338198735,-5.635890512620169
40.0,40.0,True,0.19550119201285734,0.11000451189066528,0.3964535771108205,-0.12165829384453868,-5.537897863826417
40.0,41.0,True,0.28190916301768404,0.15079129011941295,0.7035352855796444,1.316709002981083,-2.6856283386220934
40.0,42.0,True,0.21801576946761575,0.08848960557803127,0.373140351056707,-0.31925367652446474,-4.721390970772855
40.0,43.0,True,0.41024018909915533,0.20287859525158253,0.8446459915150918,0.24728700720549235,1.8316667948793732
40.0,44.0,True,0.3231468776264907,0.2627848819197958,0.9394146120655316,0.7363716285051958,-1.652459109116168
40.0,45.0,True,0.2828077644107521,0.14773866298473487,0.6107738156822603,0.3866909569220888,-2.5026693408984193
40.0,46.0,True,0.39285850247216525,0.09534642014964481,0.571775289419028,0.042138672556638945,0.7173151910169884
40.0,47.0,True,0.5138585175595332,0.18386865880508024,0.7698757810848759,-0.6968390997797452,4.39517795435787
40.0,48.0,True,0.26666160489401103,0.17183887303673387,0.6635074614496884,0.6427236922783784,-3.4408463317106555
40.0,49.0,True,0.21461262171583495,0.10171830540318509,0.4486150847978797,0.5475887081090682,-4.823306740311946
40.0,50.0,True,0.3063746916331729,0.1555023868798543,0.6562870138512482,0.6586869410961023,-2.3368416727128523
40.0,51.0,True,0.40985253189111903,0.16144259815909354,0.7282763589695195,0.09423666736242635,1.4191407247427703
40.0,52.0,True,0.17447059874231116,0.0820057220836406,0.3161287896848244,0.09750239095265192,-6.0611483988785135
40.0,53.0,True,0.18559836481557065,0.13787362478222476,0.483884775362465,0.5567996042039027,-5.52538436508082
40.0,54.0,True,0.33033470621364236,0.11161103158109142,0.5625108568281886,-0.04977789245260842,-1.3682825597670165
40.0,55.0,True,0.24047930840056705,0.15481721244120147,0.7452589775397604,1.2472528131957599,-4.556783603816429
40.0,56.0,True,0.24985334921282631,0.1566308438698937,0.5380428187046663,0.14190737576328347,-3.664243798559502
40.0,57.0,True,0.2600067639872288,0.147977461387915,0.5402373919114559,0.00836051568906075,-3.6253957978631197
40.0,58.0,True,0.1795864316541697,0.14809423137973282,0.6008503280778925,1.3253150025363194,-5.734316477957925
40.0,59.0,True,0.18675268567692638,0.12617519532578989,0.4647518586887966,0.4465463579782376,-5.5625787692516075
40.0,60.0,True,0.24308084050161066,0.10168451931251432,0.4653680491130481,0.7029704156521954,-3.861552320653888
40.0,61.0,True,0.119287049796314,0.08670856474695417,0.3170052298177349,0.5470555556774748,-7.900891894464214
40.0,62.0,True,0.2253867497657302,0.12629749396463244,0.4071442860076313,-0.4524356657629438,-4.283249605809215
40.0,63.0,True,0.3207272687284693,0.17374296917525517,0.8035129450413434,1.4799299397651509,-1.2916153754137611
40.0,64.0,True,0.31843173188872237,0.16712320989804996,0.6529659663477858,0.35230235650202324,-1.3584090126203043
40.0,65.0,True,0.2198708474219978,0.10990355439672525,0.5102288038909959,0.3907731638779613,-4.654591434082381
40.0,66.0,True,0.18054827581349303,0.1158087653406985,0.4698889074335187,0.9702741583547108,-5.874182265837059
40.0,67.0,True,0.21491918369618815,0.11724519931471987,0.518687188346034,0.6173318942258106,-4.681267576181589
40.0,68.0,True,0.17658141605110428,0.10838227232435252,0.4064359968725273,0.17138202803212735,-6.115359777506449
40.0,69.0,True,0.1460846463295357,0.0893771479278052,0.3067939357519298,0.32364345765656816,-6.9894264565513495
40.0,70.0,True,0.2617705062870465,0.18357264310696234,0.697025997280681,0.2231247538887915,-3.731451495055846
40.0,71.0,True,0.23968565612908913,0.14351860470156702,0.5720095219976963,0.5544371530994174,-4.1051845206029665
40.0,72.0,True,0.31921554830251775,0.17188406089325928,0.7007179180489245,1.1185793813720386,-1.340357102613651
40.0,73.0,True,0.2124693484036644,0.08582736024323516,0.4530764944395166,1.0555887221584443,-4.92589231263408
40.0,74.0,True,0.37444923725575163,0.16287015907846727,0.6717904543311765,-0.08186189950349303,0.22446361337647291
40.0,75.0,True,0.2962108622204748,0.2345977584539095,0.9131884756967706,1.1711938421865107,-2.454734065898743
40.0,76.0,True,0.21226113729696952,0.1788214168672863,0.6498254490947442,1.14181232057881,-4.765935475490655
40.0,77.0,True,0.25792100950255253,0.13497884008002198,0.4915734001687766,0.045520428805957115,-3.394260626454332
40.0,78.0,True,0.4324278171462557,0.1721515911949169,0.7572348846129704,-0.06851331935414574,2.407672316103427
40.0,79.0,True,0.4739789629965623,0.17109553722025753,0.8744662802758429,0.6264727236058112,2.9440934631266433
40.0,80.0,True,0.338158381468881,0.17436180691663214,0.6769126928838347,0.20461354811644888,-1.0854425305247857
40.0,81.0,True,0.3584192589596995,0.12456327232186118,0.5760215254579717,-0.3243089629453199,-0.4811252735218828
40.0,82.0,True,0.43204873975227215,0.17667013083869385,0.8317155368935885,0.6272507794069556,2.2561221537158938
40.0,83.0,True,0.4218610613281078,0.13735751190767173,0.646873160072657,-0.364935154482997,1.7840978356801396
40.0,84.0,True,0.4238477476987737,0.1439711628379362,0.6450719530366997,-0.6020320496543519,1.7258441174884462
40.0,85.0,True,0.34225947333777096,0.1467039862313418,0.6194578701156588,-0.2754079681533641,-0.7930808906419288
40.0,86.0,True,0.34020915424096254,0.1531688660737635,0.5930461145296605,0.021765734596947466,-1.2365768163051165
40.0,87.0,True,0.3663032070837234,0.18720847231474508,0.8292103602980724,0.519202549806898,-0.029631148642795285
40.0,88.0,True,0.39519289896052306,0.13847521704938387,0.6972878819282021,0.16194889576365865,0.4839690091172395
40.0,89.0,True,0.3070673067243498,0.1225962150567372,0.5678391018623157,0.214277963278973,-1.831819814038533
40.0,90.0,True,0.22981151126286037,0.15165932544708344,0.5431151884156707,0.44473916246211315,-4.197949877469085
40.0,91.0,True,0.3900997061273004,0.2139724756346844,0.7665522023778668,-0.030323054567628425,1.1392014470498262
40.0,92.0,True,0.45375461835461794,0.2923844655388462,1.5,1.5558398755177285,2.1358211318714453
40.0,93.0,True,0.5082489568150643,0.3183531483011427,1.1061191396155832,0.39120722451504564,5.054351827124489
40.0,94.0,True,0.36008844697019277,0.23744446860215734,0.9329520558018684,0.7462129419078585,-0.46304173004625154
40.0,95.0,True,0.37567340623643186,0.10277388925018378,0.5658572972816648,-0.45233304213157033,0.10445317436879091
40.0,96.0,True,0.4960724289594572,0.15926104630442922,0.8678280061132189,0.5807938177995503,3.872533147136943
40.0,97.0,True,0.34032427530772,0.14689616454813423,0.6258337346274003,0.21241662880433557,-0.6249532833046226
40.0,98.0,True,0.20788954836401327,0.13106037348474858,0.4639634688219139,0.23824370424854052,-5.12637536867339
40.0,99.0,True,0.04650215983420159,0.047034023255487466,0.1578252336004242,0.7903452963894834,-10.094384455657178
40.0,100.0,False,,,,,
41.0,1.0,False,,,,,
41.0,2.0,False,,,,,
41.0,3.0,True,0.21691336578661294,0.09715680327060834,0.4267669279742059,0.2463555251712688,-4.943108320569552
41.0,4.0,True,0.33977191770560167,0.19040779436748043,0.9221855781044171,0.6610531614655206,-1.3551021268953711
41.0,5.0,True,0.4790154133421245,0.11408362417319294,0.7651049217139163,-0.0018493724071236555,3.282281123485223
41.0,6.0,True,0.49609597061359506,0.18235730478495513,0.801457104288739,-0.233177735525023,4.315254103566273
41.0,7.0,True,0.5136211498670596,0.28214238037629985,1.0145639767577128,-0.08423342479195207,5.096084549865713
41.0,8.0,True,0.291704273334825,0.12186402188886789,0.4950154247375579,-0.3789160190896259,-2.3180078672026294
41.0,9.0,True,0.31256612101038544,0.1814079174714776,0.6425641684928344,0.08547558313770619,-1.7019285724724484
41.0,10.0,True,0.2941271842981143,0.11892009130619599,0.6063648754254212,0.4258848092390852,-2.5016836693112916
41.0,11.0,True,0.28697664171907733,0.1101155158834757,0.5572084575999134,-0.11101362635355347,-2.5023076832129743
41.0,12.0,True,0.2429694542398203,0.16621618459009901,0.5598478626213887,0.5012387768916717,-3.901873630799452
41.0,13.0,True,0.2111860381852324,0.08589495321751932,0.3966349889066162,0.4460062914579973,-4.995119351765777
41.0,14.0,True,0.41816625239268856,0.16485485370182232,0.7256157537841911,-0.12018934254598368,1.5859467815408959
41.0,15.0,True,0.32268368691871774,0.165264177413958,0.6607702560587522,0.1459798047063916,-1.38494909985297
41.0,16.0,True,0.3385752993483644,0.09941880192498695,0.5080390410720006,-0.7202954248478745,-0.6719606408274233
41.0,17.0,True,0.29643530564775283,0.18563691124924203,0.7761274771336597,0.42605598846390275,-2.323946145316204
41.0,18.0,True,0.31619376770995755,0.15010775318765524,0.6973887379828262,0.8792019132411807,-1.4453685776225877
41.0,19.0,True,0.40086010098412034,0.2155999166508079,0.9719575328156772,1.1176439457643588,1.167017198646846
41.0,20.0,True,0.24394681196894064,0.17104511348349558,0.6023083893777553,0.4052890149107287,-3.7881378846726843
41.0,21.0,True,0.3885536253785223,0.23030996232358808,0.7979095296498078,0.15865812634856719,0.9053387736632298
41.0,22.0,True,0.2900586722551773,0.1684408513847479,0.5953615730476016,-0.14513183152591602,-2.159710186918346
41.0,23.0,True,0.33385233174864914,0.18075596386008033,0.7259731627862528,-0.006504443660015251,-0.7968636699007553
41.0,24.0,True,0.3467595691345832,0.17777854359824746,0.6875771672535403,0.21087703151619316,-0.7419872623888618
41.0,25.0,True,0.1381620584502916,0.07041955738556731,0.2917954335969616,0.6994622297114474,-7.245431687495686
41.0,26.0,True,0.2846078567258797,0.11619582863823766,0.4574485431709116,-0.26287162484481424,-2.6226177155028645
41.0,27.0,True,0.2252998676151563,0.11914486133637774,0.4474739545709197,0.23110944991007898,-4.491162722589578
41.0,28.0,True,0.26498734851544337,0.12668711758738013,0.5556396904652836,0.040208200171761146,-3.295418332275853
41.0,29.0,True,0.2988751364740902,0.15680524613667407,0.5540100406604843,0.021288978814760454,-2.2359957030234976
41.0,30.0,True,0.30811367853662125,0.13816227871947936,0.5812850846537426,0.1339944239166838,-1.6919440157220602
41.0,31.0,True,0.44907937603187165,0.19111770917675766,0.8822105073597513,0.35374621716647753,1.9068986018761902
41.0,32.0,True,0.46029332162008785,0.28138798476090043,1.1753415723565064,0.9411950478807253,3.1725054436044298
41.0,33.0,True,0.7218546897674073,0.38604087344329163,1.5,0.7516068423670561,11.06479976426863
41.0,34.0,True,0.6111780079820017,0.3324325115642766,1.2316309376194985,-0.037635904561817785,8.305045849625335
41.0,35.0,True,0.7070639981698383,0.3246674626934408,1.3941485223162164,-0.17146267663205195,11.269644690671715
41.0,36.0,True,0.5405824653611926,0.2740067977335726,1.0664357519361032,0.30811277218739475,5.836769124019029
41.0,37.0,True,0.4825238636751118,0.214100725014857,0.923164477044372,0.43100938960061996,3.631479942747874
41.0,38.0,True,0.4019578565808127,0.1584350787301148,0.6624571889310197,-0.17736437498559254,1.152527189813637
41.0,39.0,True,0.3027026023551012,0.2629268798913861,0.983336292801088,1.0242935761885497,-1.9947306623312027
41.0,40.0,True,0.2220307635046555,0.09646007818004972,0.4477582828930049,0.4766246083143141,-4.656970068105452
41.0,41.0,True,0.16802559850968862,0.10764400936214157,0.3516037534582974,0.31092031910685636,-6.4015087681360905
41.0,42.0,True,0.35179063709511443,0.18929209181720777,1.0894734025570132,1.9437710829508825,-0.8092777661808973
41.0,43.0,True,0.25642559529736925,0.11538950272350346,0.4588710140608887,-0.045496103254800344,-3.403507496851474
41.0,44.0,True,0.33377403727766064,0.13166974102290988,0.6954230212294759,1.0602826727506545,-0.9803637100688976
41.0,45.0,True,0.2993499914856825,0.12844426737097442,0.5555877350843854,0.15286083493191857,-2.3665066195417097
41.0,46.0,True,0.30141033759172925,0.2930242837963393,1.5,2.726364287368393,-2.71736051418083
41.0,47.0,True,0.36278422211171696,0.1892799434993697,0.8064642214977122,0.6616090521597909,0.012535120373704696
41.0,48.0,True,0.31948960702152107,0.17806256515806312,0.6430240891004488,0.18893100908234178,-1.4778761272344278
41.0,49.0,True,0.3281238020345858,0.1628693528405427,0.7080926804864349,0.32842733240746,-1.4763277631624274
41.0,50.0,True,0.414527042515033,0.17919248406522204,0.9307538105729818,0.10606585529997162,0.8688302180467516
41.0,51.0,True,0.4834890813064605,0.20783373454289486,0.8882903557604904,0.06666484755633925,3.879376773462079
41.0,52.0,True,0.3503968688959785,0.17064873879238304,0.7437025383123361,0.23084316728494159,-0.27732474590415496
41.0,53.0,True,0.35677042910574,0.18823966378013396,0.6583427012874041,-0.3475235518236785,-0.048979446775594765
41.0,54.0,True,0.28568888208591914,0.1045180956912386,0.4888565863253748,0.05449354756889785,-2.460236892699967
41.0,55.0,True,0.27561181539767965,0.10391785853159828,0.437633201175678,-0.5848850513361494,-2.8987878054876397
41.0,56.0,True,0.2123677333098189,0.11646277462332606,0.5037352605514492,0.27429019937068116,-5.1409557836057465
41.0,57.0,True,0.3227867468134053,0.1899041012407024,0.654375741214562,0.34662029046499476,-1.3815815851015034
41.0,58.0,True,0.23066552210070904,0.1182972856364305,0.469854981224204,-0.049573847583132734,-4.350275010673632
41.0,59.0,True,0.19978983908653622,0.14401151518571167,0.6719313645362549,1.3846470250027405,-5.52465754959158
41.0,60.0,True,0.24632587762262173,0.11846367849173582,0.5868264059538274,0.32836459404513807,-4.035957412690245
41.0,61.0,True,0.2719344572643557,0.17071500366122283,0.6860510805939729,0.852215492801193,-2.982627694217104
41.0,62.0,True,0.2556803093525892,0.24276033468074693,1.312333664811106,2.515532497089545,-4.391070188609395
41.0,63.0,True,0.23198978744785045,0.07280559148843203,0.3399406579864514,-0.4685425450650202,-4.2187320670809445
41.0,64.0,True,0.34094842568482653,0.14520618727744505,0.6215881759609713,0.3568554688477841,-0.7833932596917254
41.0,65.0,True,0.31120461470612737,0.24974112980465216,0.9300927960640256,0.9460445196450072,-1.4602085004398224
41.0,66.0,True,0.25248438764920295,0.08067832666601159,0.3682818373940703,-1.138610124726317,-3.520681485605027
41.0,67.0,True,0.28576198113239903,0.14439957575592627,0.5739156271741749,0.11335938422228066,-2.3030205732493374
41.0,68.0,True,0.1533250974442906,0.10112153454884214,0.3466532919665028,0.49482419102334063,-6.626986357245248
41.0,69.0,True,0.18855203272308416,0.13980647624083464,0.5899154691251914,0.6968433291359385,-5.955123970679936
41.0,70.0,True,0.24787281201637681,0.14873497420159434,0.5087970095197575,0.13811362038445704,-3.829356537666447
41.0,71.0,True,0.30679260069107783,0.20702818899770128,0.7114925513723618,0.5842066993277654,-1.531654932343794
41.0,72.0,True,0.2086283334392349,0.14016669035031593,0.4550630969913706,0.2768724912916524,-4.925149382528452
41.0,73.0,True,0.3047536783026172,0.1531857915340197,0.5581626609647338,-0.4568546306969633,-1.9032075362857646
41.0,74.0,True,0.291683052221255,0.22529392358983777,1.1448511111199613,1.8413098500817893,-2.7120150083146797
41.0,75.0,True,0.39218459057488114,0.19954348806878505,0.7332456312892405,-0.26199294183536465,0.9804520835243102
41.0,76.0,True,0.3263526494644401,0.1423810450146005,0.5768553116293034,-0.5223754342404254,-1.3037975886683077
41.0,77.0,True,0.37183249418597664,0.11222175103974406,0.5126923088779086,-1.5227166740034195,0.2957901273202318
41.0,78.0,True,0.2928734624309874,0.1445480785806638,0.5693638207055387,-0.0005156906259747873,-2.3749755684598526
41.0,79.0,True,0.6376041429032102,0.2538669503031905,1.153571110954125,0.30024975442770135,8.107457681907798
41.0,80.0,True,0.5512383747332128,0.18078059553302628,0.9581919919254172,0.45324791538703757,5.788827258369281
41.0,81.0,True,0.4150319551945026,0.1683340563688878,0.8598039900424238,0.6215358275365039,0.8569734240092344
41.0,82.0,True,0.3991594476548631,0.12894282377881838,0.7010937266685147,0.022278670359815417,0.6201773530855373
41.0,83.0,True,0.4369450389678606,0.20259064962283901,0.8739880109569774,-0.21988187162258901,1.744098575238373
41.0,84.0,True,0.3305893750741305,0.15723139949351084,0.7518048944990575,1.1528209313692495,-1.2222383202374523
41.0,85.0,True,0.23521680502647963,0.11621447706871271,0.4796149302595266,0.6310186967321003,-4.072073125203622
41.0,86.0,True,0.37628343281468873,0.19517315701428456,0.6442738131706774,-0.09467745181134316,-0.2785816796203192
41.0,87.0,True,0.29605961915114315,0.19659201069109355,0.7919674055087962,0.32080877890076726,-2.4509795961404808
41.0,88.0,True,0.24761915075844407,0.1492258903252149,0.5421057096468943,0.18514697591728307,-3.7901514331109936
41.0,89.0,True,0.2765218272969989,0.1896741730505093,0.6339326096434583,0.3473713559126254,-2.6089125189466293
41.0,90.0,True,0.2763274890554241,0.11993532415822813,0.5199098379681667,0.5049021312416646,-3.0309937696635063
41.0,91.0,True,0.351780928400822,0.15843983238123535,0.6138950437317908,-0.42571614512245953,-0.43933302328668766
41.0,92.0,True,0.26115085356469414,0.19555952011645678,0.6408741508376086,0.5290305496697153,-3.016082639413258
41.0,93.0,True,0.39235873392245596,0.1731648683949733,0.8179139400130531,0.6546841627310618,0.6529795646012662
41.0,94.0,True,0.38205125343882157,0.17113615605406163,0.8141373652794903,0.8602043115795713,0.5437337186199327
41.0,95.0,True,0.3744629529385152,0.20359438585903375,0.7886968217512795,0.4046986476503054,0.16563977612211353
41.0,96.0,True,0.3368904177936348,0.14645374359302774,0.600621186380705,0.21991417889947681,-1.1074559993044994
41.0,97.0,True,0.3428240999317657,0.16952356884648334,0.7710478099597158,0.5639296469103624,-0.5905653449269848
41.0,98.0,True,0.34995152025206905,0.19340151145794277,0.7693847161871187,0.6424039878339601,-1.0108384995604967
41.0,99.0,True,0.16826240951737226,0.08404625603124431,0.3385083320477587,-0.11804220274366513,-6.442897044401603
41.0,100.0,False,,,,,
42.0,1.0,False,,,,,
42.0,2.0,False,,,,,
42.0,3.0,True,0.38471939503362346,0.1531230132621415,0.7090594930315153,0.09150180112767434,0.4129884261477883
42.0,4.0,True,0.5909329066035467,0.16227741426899162,0.9305519871335408,0.13401175822429323,6.614112392102508
42.0,5.0,True,0.4627704598749633,0.20604329308216848,0.932195021593507,0.24412705340132113,3.3833371998014936
42.0,6.0,True,0.5932785319436017,0.276981466896402,1.1427413158000106,-0.05971652060230398,6.690835896455661
42.0,7.0,True,0.5522299795159585,0.272153595933271,0.9882172349146364,-0.29472135008763783,5.502493884862667
42.0,8.0,True,0.4451103781272791,0.2184830065882822,0.936859206880734,0.35565860409107347,2.4520907401150707
42.0,9.0,True,0.3946673978236096,0.19402492287400094,0.6251323205396958,-0.49994042645488035,0.7035930681091118
42.0,10.0,True,0.3909079890362334,0.20983200117476813,0.8243456663395282,0.25937492746953644,0.6548662770241419
42.0,11.0,True,0.22005726118716185,0.13243217356128384,0.4035551209535019,-0.2581163067080309,-4.844623683265765
42.0,12.0,True,0.2902046092013305,0.1484950605667256,0.5083399145852472,-0.5489716395400241,-2.280283046113806
42.0,13.0,True,0.3753566020675809,0.26374380456899277,1.2698736580667067,1.182682547195142,-0.25398387846877335
42.0,14.0,True,0.30363746048789436,0.13356669270072816,0.5140393855792075,-0.5666015561382853,-2.1379410428194987
42.0,15.0,True,0.3402044840284119,0.2396190705217681,0.9864413182605072,1.0900323006542396,-0.7912159739796826
42.0,16.0,True,0.35072001940066116,0.15958534782701064,0.6113647109586838,-0.5647528650644154,-0.3449559765670776
42.0,17.0,True,0.4275494702064559,0.20986157228264657,0.8707085211995701,0.2675802923676062,1.7781463085787412
42.0,18.0,True,0.2621298626231635,0.16416366398310922,0.6240333562697128,0.3771894354648749,-3.162354895380065
42.0,19.0,True,0.32733488760936014,0.16192397034451222,0.7588150688059259,1.0221009723387768,-1.1334037590034487
42.0,20.0,True,0.41661545411170436,0.20567645852519698,0.7760497078802927,0.16009413039045392,1.8568422300009695
42.0,21.0,True,0.3766924793841433,0.1970870524263514,0.8623151251046658,0.4656298340575452,-0.015395104327640664
42.0,22.0,True,0.22010981428028414,0.08581348167867359,0.3714557147299583,-0.2814877066552712,-4.691541617003565
42.0,23.0,True,0.45748833483424295,0.2462944725654883,0.8326229916267236,0.12438019223121738,2.7407359489109115
42.0,24.0,True,0.23307688523815553,0.14618901943613408,0.5017225332390709,0.13220944205419818,-4.249104752972755
42.0,25.0,True,0.33935680956050673,0.17024072689885486,0.7394043617198324,0.5792140482466717,-1.070520066971942
42.0,26.0,True,0.33642742773107687,0.15392089806569548,0.7114459742419132,0.5503636628158229,-0.8941295324332772
42.0,27.0,True,0.2625563674168047,0.17931585977246,0.8972504026076609,1.5099382602439226,-3.916350215065724
42.0,28.0,True,0.28598567319669466,0.14814715152957572,0.6887372280952174,1.0639654386584856,-2.535819082848107
42.0,29.0,True,0.40659630120258766,0.22986423150730137,0.78408836058242,-0.07974965813216363,1.551711057380359
42.0,30.0,True,0.30268753459647957,0.2065131519057953,0.8865978185207664,1.5793953992054428,-1.9194133370309245
42.0,31.0,True,0.47601928691594275,0.23117734201840717,0.9674739485429557,0.08868176060539149,3.7438175411648715
42.0,32.0,True,0.5548406090056944,0.23531857615485025,0.936557524659666,-0.48047525724485995,6.301653558667582
42.0,33.0,True,0.8121074700431066,0.5450245267118797,1.5,-0.10256581675033292,15.098420498157203
42.0,34.0,True,1.02961033955377,0.5360948411653119,1.5,-0.6913417237381775,22.43426095869367
42.0,35.0,True,0.9648149633456429,0.4798596213265451,1.5,-0.40766020381055884,19.729906640688338
42.0,36.0,True,0.6323484040026135,0.22493313163689693,1.1645320778297126,-0.49040063899903164,8.486255647211399
42.0,37.0,True,0.42216074337149384,0.20545408881704563,0.7682725567647976,-0.3646102455794902,2.112266599897555
42.0,38.0,True,0.30108227759601724,0.13727075769704455,0.5705427867630048,-0.43281630498437074,-2.0405721641509227
42.0,39.0,True,0.34044046890456736,0.18995397426504326,0.7851829213297211,0.5037132787109031,-0.9727167025983545
42.0,40.0,True,0.2734915240683508,0.1507550466703073,0.5059816037905215,-0.051490674007752806,-2.91346373015742
42.0,41.0,True,0.20596754954714466,0.10800634724460277,0.494447799809493,1.1881718724640942,-5.067189263774668
42.0,42.0,True,0.29920253700924765,0.19040965476860702,0.670034712792473,0.6702959659674691,-2.683032500709626
42.0,43.0,True,0.3344053628057266,0.15625665517830528,0.6720165166273279,0.013208134101156876,-0.8970935465808284
42.0,44.0,True,0.4853847728136786,0.24991396182729816,0.8803380474760196,-0.15050108669583848,4.135320189490783
42.0,45.0,True,0.32213534854629855,0.2715299434357183,0.9545108012109016,1.1072781471515358,-1.274542526448606
42.0,46.0,True,0.427144467613833,0.14081874013718637,0.6803268648400279,-0.46834584399592805,2.0448657800744723
42.0,47.0,True,0.5031138232603112,0.2219262124919543,1.0721992929763702,1.1300727101600128,4.308241980647835
42.0,48.0,True,0.44105397296503385,0.16941348065677844,0.6914309161653686,-0.42561970912870506,2.5809427195666403
42.0,49.0,True,0.35567119671203684,0.14964075822668385,0.6523260702931305,0.1727144324482989,-0.7163035159987475
42.0,50.0,True,0.46407069603510215,0.22630079754611546,0.8518698148015823,0.16204653705649594,2.6639177568491283
42.0,51.0,True,0.36005349848723794,0.15296717592216263,0.749298065223821,0.6645216329266745,-0.24616815651473045
42.0,52.0,True,0.3736859965070631,0.17118615928426809,0.7958897381035034,0.9281324565213023,0.33522250351146304
42.0,53.0,True,0.4514075296977505,0.16410497122942427,0.8124096612377841,-0.05688862586737983,2.4770371311022332
42.0,54.0,True,0.28839520715484346,0.14213647393405596,0.60339204548852,0.546126392720028,-2.434473138520794
42.0,55.0,True,0.3641879624461146,0.17939266454699374,0.6583642511578194,-0.4358419783028543,-0.28513713307011296
42.0,56.0,True,0.2871214435499844,0.16077466587510444,0.7843741906059127,0.9672580714410037,-2.8843718270321537
42.0,57.0,True,0.2082254670928101,0.14509079543625605,0.6424227833717531,0.9286802687394741,-5.164666681733753
42.0,58.0,True,0.29463735999998975,0.17324405620293537,0.5690666128501465,0.024926602635289348,-2.7112640131555317
42.0,59.0,True,0.3171723827400531,0.14851922784881363,0.5870519725597613,-0.35942904907857426,-1.5075211791432344
42.0,60.0,True,0.2762503481100858,0.15055646628827707,0.5675272396847187,0.15724160785517655,-3.071422179515177
42.0,61.0,True,0.16375842831714205,0.11099083500687411,0.3513597579835566,0.14368523453711013,-6.322650505064311
42.0,62.0,True,0.23370951631780543,0.09542727556508271,0.4804263149981735,0.6021658063498582,-4.2553985292660625
42.0,63.0,True,0.27484554992259447,0.12856399580796643,0.5012465971418856,-0.12674735730557218,-2.7969762330872436
42.0,64.0,True,0.3030541646619546,0.23351381768870097,0.8509910271753566,0.7616675152433234,-2.0484286673209677
42.0,65.0,True,0.2687100516707679,0.12002021473290485,0.4767849021792499,0.04047045895514744,-3.001839708228837
42.0,66.0,True,0.23038069927627242,0.11191803199687218,0.4426969877593142,-0.1718146201915396,-4.086574351128348
42.0,67.0,True,0.3029261900505205,0.2296792145037521,0.8846249399150969,1.3403994261605208,-1.803437995668264
42.0,68.0,True,0.25771884607757733,0.09151609639447943,0.449642414538625,-0.33336719885355665,-3.510927280884755
42.0,69.0,True,0.25931172568247884,0.15711136703834275,0.567007541811466,0.15448628208727663,-3.455824474434749
42.0,70.0,True,0.13557350734624704,0.07199163958804333,0.2648659954720832,0.019835820838600474,-7.24154309806709
42.0,71.0,True,0.24145043834823116,0.17308072487046675,0.635833097978232,0.6332920352626535,-4.095584093509547
42.0,72.0,True,0.28738948291350885,0.21690223964863523,0.7018409468153726,0.6836616525868028,-2.4792922023302455
42.0,73.0,True,0.34257449782447363,0.1667199506310736,0.7459985063325147,0.6300146815956864,-0.9907060696733685
42.0,74.0,True,0.20345469324189033,0.14852554744953925,0.4579635274244789,0.04664495486267535,-4.898294595766976
42.0,75.0,True,0.31927523970379645,0.16422676267971303,0.5912794169260858,-0.24763177814689002,-1.498785058050084
42.0,76.0,True,0.2668451274170325,0.12273449356579087,0.5213442318372542,0.4451234874807098,-3.4659125504344828
42.0,77.0,True,0.35988385799245687,0.15314947975544635,0.6284039802700193,-0.03594821092481588,-0.09575746334327095
42.0,78.0,True,0.4145861552002005,0.19998185027072432,0.7762414964761095,0.08953745039183389,1.8008008555436459
42.0,79.0,True,0.42706541644328677,0.17607497615710502,0.6662654641709801,-0.6408674426874459,1.7650280732741257
42.0,80.0,True,0.3759437842144635,0.16910833440981646,0.8071010190802488,0.161722173784936,0.05914065886129827
42.0,81.0,True,0.44262325728699026,0.1679418688066829,0.7090464268504572,-0.32282443017389945,1.8885193999182979
42.0,82.0,True,0.32737458100338546,0.11589793790280323,0.5950333772768667,0.2540144872912991,-1.5845709896512923
42.0,83.0,True,0.388622975900802,0.14639246914334514,0.6540693210243077,-0.11080774363882372,0.8313436539289631
42.0,84.0,True,0.42284206619044246,0.1274335504934218,0.6511355243731607,-0.2515990878883746,1.9185444201455593
42.0,85.0,True,0.2788708786296537,0.11049439951822973,0.4560648193010632,-0.45461554248829544,-2.548233409445306
42.0,86.0,True,0.3069499561011426,0.14399663123839587,0.6967667869438363,0.8642247949584786,-2.012850223117952
42.0,87.0,True,0.2810640819470829,0.12494650630583334,0.4360149608246604,-0.7935653850159511,-2.502231959262601
42.0,88.0,True,0.25829681596858595,0.16174301804231475,0.6619614318857668,0.8439044187143303,-3.603083001950224
42.0,89.0,True,0.32060172612902643,0.15043567488021403,0.6142397989834222,0.7590901079471601,-1.4261403145896636
42.0,90.0,True,0.3643701879105453,0.12595555070302653,0.5853735543208243,-0.2526386290978997,0.04370186692839793
42.0,91.0,True,0.27329642228536716,0.18937921337068744,0.7481357985622269,0.726506815003504,-3.2168794170901593
42.0,92.0,True,0.28464040444363975,0.12490785544000917,0.5178032289934209,-0.465865775924799,-2.5186786272586463
42.0,93.0,True,0.24975720058778159,0.11475178500951969,0.4615580923698893,-0.06801607078751938,-3.4201916221282302
42.0,94.0,True,0.1415818160557644,0.09452021853332217,0.4460912489269557,0.9946722895234347,-7.267198844766987
42.0,95.0,True,0.21375739192012974,0.08428350415374168,0.3661102228295689,-0.7053989519616035,-4.979515034730933
42.0,96.0,True,0.33234726398296877,0.13218357977566295,0.565166723695834,-0.15728794710820956,-0.8533570902974706
42.0,97.0,True,0.19843526980441298,0.09740580188918342,0.39474292521179,-0.3148837877346531,-5.2835296680366985
42.0,98.0,True,0.36409893261327975,0.11177935092436321,0.5704818690471853,-0.025082097405245658,0.03186559487573772
42.0,99.0,True,0.27583708763004816,0.12908885697582864,0.6709477900011099,0.5802267662098762,-3.0783775710127124
42.0,100.0,False,,,,,
43.0,1.0,False,,,,,
43.0,2.0,True,0.027347711444189432,0.03030918009222714,0.1017418811166355,0.876521342401129,-10.710888594856927
43.0,3.0,True,0.4895634292734533,0.1492182370041691,0.7132032978369487,-0.3093434882486378,3.92894146525783
43.0,4.0,True,0.49145930138110105,0.22839336570204236,0.9185708717660844,0.21065368236726786,3.786618678515219
43.0,5.0,True,0.46326027656352675,0.1755007961029144,0.8063063069248828,0.12312652821423517,2.791619722859202
43.0,6.0,True,0.4933808278862153,0.20164891525073747,0.8270501947492886,-0.12182807272859528,4.314647737578958
43.0,7.0,True,0.5239886417697781,0.1729655718566657,0.8604742003915888,-0.0687138937403489,4.716560424418064
43.0,8.0,True,0.24888646890995342,0.1770811818586776,0.5855387061672408,0.6356597797635879,-3.6888107646637565
43.0,9.0,True,0.39057687296879906,0.13677478359730735,0.5834664622378922,-0.8493052269841681,1.0780239757280305
43.0,10.0,True,0.4254281912703234,0.15628859010140775,0.70194097399719,-0.5026489721765619,2.121778865740673
43.0,11.0,True,0.29362884514791343,0.11121015545125376,0.5240466891691299,0.27201994320866874,-2.2341619967661703
43.0,12.0,True,0.3269578299481777,0.1791885399743465,0.7532768654723241,1.0237707779868828,-1.4556838514509234
43.0,13.0,True,0.24620297301397914,0.11665267742473363,0.541580171415961,0.3841212796881117,-3.9307761502983256
43.0,14.0,True,0.3524230920339382,0.20410291675864825,0.9890190997573144,1.6280616866972115,-0.8387893536232848
43.0,15.0,True,0.27042691277789827,0.12203167024274934,0.505668344734012,-0.29919617138225574,-2.8643764242890724
43.0,16.0,True,0.4187143832922109,0.26842963030935757,1.1472230645236203,1.3121566626483845,1.9426567287271195
43.0,17.0,True,0.2699967239816609,0.14371171720840667,0.6578288444566247,0.7237646085703671,-3.5536089146479752
43.0,18.0,True,0.3284703625033809,0.1492154031696435,0.6526232059800178,0.04568669437616242,-0.9097253448012712
43.0,19.0,True,0.39724518165566725,0.1297628064384555,0.7095367867579647,0.5111278023847287,1.070596233762724
43.0,20.0,True,0.31177847656821717,0.09978663698151949,0.5374558008352477,0.1798961582472363,-1.9244726340154221
43.0,21.0,True,0.32650496581634936,0.11807558100760582,0.5719761594712419,0.5531635633078129,-1.2941348712701863
43.0,22.0,True,0.30547923505747726,0.22249242035144806,0.8999272936491812,0.8956456407179673,-1.7501156595433294
43.0,23.0,True,0.27235111385633304,0.18148203876258265,0.8397932862267715,1.2798478528372597,-3.117285953208155
43.0,24.0,True,0.286960409728077,0.1972549380093447,0.9463785590502508,0.9761292104389969,-2.9355610589580854
43.0,25.0,True,0.2866470611473181,0.13955560579173598,0.5463519235009127,-0.15131958713629096,-2.33721857439806
43.0,26.0,True,0.26167809673103304,0.1430218586655942,0.5563154740938884,0.004363551013091297,-3.1968836047601767
43.0,27.0,True,0.28208887440878466,0.23551880137425182,0.6630913457301767,0.523633065517327,-2.6573335943761833
43.0,28.0,True,0.2530750129147559,0.15943996562523804,0.6362572222353522,0.7314862024309343,-3.6748346018236635
43.0,29.0,True,0.28552668485478505,0.13483283803503374,0.6005181824833168,0.6870522895946196,-2.3628520886901643
43.0,30.0,True,0.4646158604111114,0.20379006363845123,0.8450408512623021,0.23098311872320193,3.0235699887675036
43.0,31.0,True,0.6211928261575858,0.2442587944273091,1.3074618690349242,0.585189925685349,7.825699389838873
43.0,32.0,True,0.8119932282763194,0.2795578385616073,1.242391085703942,-0.460622746202787,14.457100573722503
43.0,33.0,True,1.0854849047253625,0.46346862265061306,1.5,-0.9653231675995788,23.211009120075673
43.0,34.0,True,1.086235678176734,0.3994853412481196,1.5,-0.9003902983428964,23.521622813700837
43.0,35.0,True,0.9862426439283823,0.47194865438584677,1.5,-0.48504114260281,20.7438959404006
43.0,36.0,True,0.8107833387972678,0.43852276614825497,1.5,-0.3273687315800322,14.791729499720047
43.0,37.0,True,0.6069615783161608,0.18134285789132965,0.9768541525140856,0.3823018303411649,7.722427528832318
43.0,38.0,True,0.3520015825337627,0.20415092441212881,0.8416295345646221,1.221666004482789,-0.7179058330665031
43.0,39.0,True,0.3148777100738216,0.1559187338668333,0.6252776587448617,0.14655760263013407,-1.5331429609630902
43.0,40.0,True,0.2745375014439656,0.18183476900594117,0.6400857456160176,0.19599917726818028,-2.82099031827265
43.0,41.0,True,0.2407986668259449,0.13456635452989926,0.5857615715377459,0.12808805296370876,-4.1383307429436815
43.0,42.0,True,0.2649490334612555,0.19116157723119814,0.6485922182314415,0.41427976250561305,-3.050847815585358
43.0,43.0,True,0.36266289185457046,0.14614480171416397,0.6908167059454234,0.4934183936828814,-0.2401859610870926
43.0,44.0,True,0.23791003968275004,0.11319513591803528,0.4933623285058726,0.08632435395918582,-4.234755797571971
43.0,45.0,True,0.3809515343695232,0.22673739410731023,0.9544587012639472,0.9004483146238785,0.7630854351150291
43.0,46.0,True,0.4021876070456931,0.14631168396633423,0.7354390112327774,0.7336123191130093,1.1396943874459011
43.0,47.0,True,0.4753843102366443,0.23366797834824746,0.946486457887862,0.3803871238365523,3.556874048629137
43.0,48.0,True,0.42978473851053856,0.19428937907484048,0.8416775156403365,0.2540251620363561,2.212169965299556
43.0,49.0,True,0.41577337156624644,0.16278778236989758,0.7844755221782919,0.7567039101528606,1.793368484775971
43.0,50.0,True,0.5334757793698824,0.2203877744846652,0.9381825781060998,0.12162794749840439,5.32697505058139
43.0,51.0,True,0.3917151542669785,0.18687041460006076,0.7214846480433836,0.10545726215402929,1.0959184285064034
43.0,52.0,True,0.5382130463682817,0.2642485948126276,0.9695455109755664,-0.4132615968390165,5.312438952120289
43.0,53.0,True,0.5143026179232585,0.1696244339093891,0.8386637223252555,-0.5467539854936558,4.428272512191347
43.0,54.0,True,0.38715470078266845,0.14685876629552905,0.6957670786077859,-0.10611111991845308,0.8367287493167516
43.0,55.0,True,0.37922680519041746,0.11454546148742177,0.5904590959208883,0.08349970306506445,0.37713589620826554
43.0,56.0,True,0.34570552220825457,0.1291979085336988,0.5486095024895805,-0.03222082539071497,-1.091251720641706
43.0,57.0,True,0.3419557902786611,0.13908793527500887,0.6500359183381976,0.24190177887046455,-0.9009709821900107
43.0,58.0,True,0.20763275475643958,0.11371220429925814,0.4839027630942464,0.5542125916929878,-5.2928154527776226
43.0,59.0,True,0.20803612111110711,0.1272044800089296,0.5871742839440387,1.6187220672871525,-4.976771998038735
43.0,60.0,True,0.28398472118662244,0.12585109367096597,0.5248539608513714,0.06409289089992387,-2.4889867540501687
43.0,61.0,True,0.2785136788254475,0.12801794046250697,0.5525393377783827,0.6034215851231182,-2.677103854193073
43.0,62.0,True,0.2945293934446338,0.1818103613939379,0.5760575350431032,-0.20505424122695767,-2.0808294842219364
43.0,63.0,True,0.2545838691898176,0.12773813028025516,0.4785236197336447,0.036396972842636,-3.480006306004344
43.0,64.0,True,0.2259601968082756,0.12413778980368753,0.4445100805116189,0.10326967843754402,-4.392117392669355
43.0,65.0,True,0.3072287459457333,0.16799600897112862,0.7584514681673551,1.0629672667201564,-1.8290353848335956
43.0,66.0,True,0.25870746760704305,0.15860223083323546,0.5530580086396097,0.2929443551196877,-3.5462090664369796
43.0,67.0,True,0.22740022687155023,0.1694966090055644,0.5882829631076929,0.41094955564384833,-4.530224120120482
43.0,68.0,True,0.2480348324311638,0.19534581840521392,0.9312170805377772,1.2158188890407273,-4.204060753812577
43.0,69.0,True,0.16915213692359427,0.11943610041037504,0.4022187224879768,0.09298738308119148,-6.589611356802852
43.0,70.0,True,0.22001639843791476,0.11818983296712943,0.5335916796857317,0.12662250746210754,-4.929942453492174
43.0,71.0,True,0.2605376361837238,0.10128372558490024,0.4506001823680138,-0.39007289573570963,-3.373669429812047
43.0,72.0,True,0.2595537404050555,0.23561634957956035,0.7878399975768635,1.000676441078682,-3.343751451543861
43.0,73.0,True,0.3234230493940815,0.13420737749161515,0.6202876825115388,0.48610381879999026,-1.4890366887959843
43.0,74.0,True,0.3015965785222875,0.1266282937042332,0.5491875053314398,-0.48228025703376304,-2.1359574983999754
43.0,75.0,True,0.30141244217722246,0.15315730330142346,0.6739608455070536,0.1355456170642163,-2.516985812195038
43.0,76.0,True,0.3915925926721512,0.14239021376574326,0.6996910611477654,0.6889363216030551,0.7744639333844552
43.0,77.0,True,0.25123440139379527,0.13926926104014148,0.5071361427248142,-0.2044346494809647,-3.320332896879651
43.0,78.0,True,0.3416967281670462,0.1296665594382978,0.6539417721026942,-0.3897699286735841,-0.7735921166542582
43.0,79.0,True,0.368250214494479,0.219842476322685,0.9332719495697986,0.45296474479946025,-0.41648501189136183
43.0,80.0,True,0.44725465257713853,0.19897895225090584,1.1361054434682225,1.456116670781938,2.014507203948075
43.0,81.0,True,0.3120037726038024,0.17288115477889635,0.6752714535365534,0.09089762040072057,-1.9391112022393138
43.0,82.0,True,0.35406978048871485,0.13975480195379786,0.6669872485993652,0.42270770262644364,-0.5169174180109033
43.0,83.0,True,0.45764448430706367,0.20057818378509157,0.8824081964293976,-0.29576075983488953,2.506993188830302
43.0,84.0,True,0.3430051764517474,0.14810299558375617,0.6114034933092013,-0.014900419739392524,-0.681339633809459
43.0,85.0,True,0.4033776609153687,0.18883380278113246,0.6506569715370888,-0.5014799870034996,1.0834506072519667
43.0,86.0,True,0.2903251548740083,0.08710291129186522,0.5007997223915452,0.40881519720472564,-2.6676014491943363
43.0,87.0,True,0.29780242005872765,0.2054208171455228,0.7336992722410567,0.6409625182886437,-2.1187819075145624
43.0,88.0,True,0.2822110718873532,0.1450173004718208,0.6095766346368486,0.4913528409560972,-2.675496039823757
43.0,89.0,True,0.21518552113095948,0.09930966704464277,0.4627391498304038,0.45732815920081615,-5.131215397411555
43.0,90.0,True,0.29602557366830967,0.10995399962032538,0.5433307215562272,0.7463867733979932,-2.211103100950404
43.0,91.0,True,0.3798416819868128,0.16767888875095444,0.6856149477842236,0.2740649301011224,0.32527016551636195
43.0,92.0,True,0.31820878593764573,0.1693850008534926,0.7129308748324201,0.46997134495454,-1.5953337337057238
43.0,93.0,True,0.2769081793208386,0.2057141733743033,0.6856436855507274,0.515478156734198,-2.4680418416550003
43.0,94.0,True,0.2409315783721627,0.15548404091125112,0.6526929192128731,0.5648148255889798,-3.9872292458434537
43.0,95.0,True,0.34062833262402137,0.22326487126726982,0.784447669630446,0.38543031352347207,-0.4089260022878563
43.0,96.0,True,0.3985275569128371,0.173985791182281,0.6552899434747921,-0.7209538879838423,0.8943870986256074
43.0,97.0,True,0.2148419436852354,0.22839642077115302,1.181734861974546,2.281638942357364,-5.513904743401586
43.0,98.0,True,0.31793171733420333,0.18023934693962412,0.7027950478229538,0.772097424060544,-1.5997773360072665
43.0,99.0,True,0.2894970827680337,0.16554558445679013,0.6265187414561308,0.0014759951371028934,-2.604590006304197
43.0,100.0,False,,,,,
44.0,1.0,False,,,,,
44.0,2.0,True,0.11755184784462308,0.09948966032762407,0.3911628891923993,1.1777438921789514,-7.900027476524611
44.0,3.0,True,0.5064155690004803,0.2725347255743115,1.2136095800193585,0.7819278189146378,4.201750195238542
44.0,4.0,True,0.6265014013464157,0.16452816894026562,0.9502682787895124,-0.14887892810412,8.247676410993133
44.0,5.0,True,0.7019440642646262,0.3042625455330903,1.2022714102592864,-0.5455201902159479,10.936013953470537
44.0,6.0,True,0.6093311891062013,0.20668456444949238,1.075143709740517,0.16620725843507161,7.780652467472902
44.0,7.0,True,0.5204242603391737,0.22261121805047226,1.0706374493074549,1.024060330836574,4.742082545686254
44.0,8.0,True,0.39751482512594216,0.2029980615594648,0.8135574511022288,-0.1914539781002728,1.290471250578967
44.0,9.0,True,0.3226205963144634,0.17287012717059175,0.607563408823651,-0.012874995141194664,-1.442525660793608
44.0,10.0,True,0.26339170688967034,0.11608029458005074,0.4733497058984065,-0.39540433026296584,-3.214597934890882
44.0,11.0,True,0.2935340127527163,0.14279093428367834,0.5666238816319965,0.2749928731387334,-2.674968850302437
44.0,12.0,True,0.38725702502936704,0.12688275340629507,0.6185647192294708,0.1861520988753768,0.45602102116050425
44.0,13.0,True,0.3628452631835349,0.21307401865459402,0.7784840571458808,0.5173087276743908,0.0851883089780859
44.0,14.0,True,0.3477087419975751,0.19070505327403747,0.7840137979712823,0.8112656806971014,-0.4533310161808959
44.0,15.0,True,0.27589853698335237,0.11326956516590324,0.4885371272353797,-0.500446518028393,-2.846093437694898
44.0,16.0,True,0.2619541002077847,0.21747111707818917,1.1814856009981265,2.250508259250621,-3.990838630734404
44.0,17.0,True,0.5119068241489089,0.13812089826805052,0.7851399003380973,-0.1935993521323105,4.361733280113993
44.0,18.0,True,0.3016572361195058,0.12459044808955619,0.5958537049076313,0.36449482559614343,-1.8271546425566947
44.0,19.0,True,0.29667651616418617,0.15188024802845682,0.5470031464664346,0.04642447540463141,-2.269789155670783
44.0,20.0,True,0.4767282975929427,0.1439229609324203,0.7724026159428763,0.11402925495431411,3.60094890548629
44.0,21.0,True,0.30130606184054676,0.11524489341605973,0.5986361270033148,0.3142279303377979,-2.259329799886876
44.0,22.0,True,0.19963421839577983,0.13531950486275782,0.4381343011476836,0.14666913932303963,-5.3746967646469725
44.0,23.0,True,0.2709280597696245,0.1155172938745462,0.6819997111525838,1.2313929991368338,-3.476058117897776
44.0,24.0,True,0.19898229782495933,0.10013588207528017,0.4392473417892357,0.6494930155027909,-5.2083336360556345
44.0,25.0,True,0.22113590564441798,0.12832100214040784,0.471447624678958,0.20392468940799968,-4.388741814167112
44.0,26.0,True,0.4299009985392142,0.19932167279622834,0.950688252106684,1.0463107570054964,1.6229401305796773
44.0,27.0,True,0.25122232247101284,0.10833690627163134,0.4853538574184702,0.14369626206316446,-3.537103176092164
44.0,28.0,True,0.3074141264883396,0.13332356323775033,0.6410677635379942,0.6824931878407238,-1.8005331658270336
44.0,29.0,True,0.3158627108547137,0.13224084753602255,0.555955878780041,-0.10887099479736817,-1.3120409854177153
44.0,30.0,True,0.3712399934636482,0.18359990669360143,0.7683147071058042,0.3825944055700598,0.45350513612375704
44.0,31.0,True,0.5714934795348414,0.23452112178391424,1.008844981310303,0.04655720477721472,6.327479603965191
44.0,32.0,True,0.845772488805894,0.312690723243912,1.4296423311722108,-0.19363254947855407,15.324883584043326
44.0,33.0,True,1.1799552205938881,0.45263769551192035,1.5,-1.456061953025813,26.506201787477305
44.0,34.0,True,1.196945723896492,0.4691089144470926,1.5,-1.3249569928291536,27.15003797361882
44.0,35.0,True,1.0364596153268673,0.45700166951550997,1.5,-0.6258741580692613,22.27049836694626
44.0,36.0,True,0.9160015369202357,0.3483520545031974,1.5,-0.23695721857044807,17.584486028926126
44.0,37.0,True,0.35683942448991635,0.19423647399252075,0.7674944291200969,0.21633521521525978,-0.3346695138075804
44.0,38.0,True,0.3159642544468605,0.1740278980278848,0.7434019222152605,0.5886197181656148,-1.6411762090200464
44.0,39.0,True,0.2868272516706441,0.10928664533910554,0.4588533405767843,-0.3368548520198025,-2.7266496118515433
44.0,40.0,True,0.33961479067276756,0.13727275379355527,0.5929797107308066,-0.716501116336852,-0.5519169631532992
44.0,41.0,True,0.33919036079955717,0.1343203900189578,0.5916585313506221,0.10579478181488859,-0.7917489433047236
44.0,42.0,True,0.29186061033916216,0.18097383500140254,0.7260807987421459,0.8526779209939799,-2.26824195258164
44.0,43.0,True,0.45783822386945155,0.22690118258192624,1.080415295597294,1.2359463149353693,3.101901301513521
44.0,44.0,True,0.38872614164727787,0.17625972784244448,1.0140309386688064,0.9377368593803292,0.2436199883858549
44.0,45.0,True,0.4941243121612192,0.2065755605157516,0.831407518233622,-0.07399917881088192,4.094118328972889
44.0,46.0,True,0.5444714431701302,0.24910253885784417,1.1254204651870283,0.7519510345669588,5.926122213932977
44.0,47.0,True,0.48422667628056787,0.1887046369444263,0.8673475838966548,-0.0904499918858408,4.1270713181037175
44.0,48.0,True,0.6452278809909302,0.24845068191337455,1.158703867797387,0.09084272836223059,8.950359646074896
44.0,49.0,True,0.6504954860953738,0.23352276293569083,1.2327405540519665,0.8874955372440645,8.566060906620379
44.0,50.0,True,0.606334766677232,0.2071259865497146,1.1431172814469166,0.16509749092127907,6.679397007417858
44.0,51.0,True,0.48606142234382405,0.3112248991532431,1.2782770049984742,1.043554682173347,3.2653324097081247
44.0,52.0,True,0.4920815447531126,0.23239397300786654,0.95525399218926,-0.09935784548605113,4.328076677127765
44.0,53.0,True,0.6529638724697509,0.19699227175473968,0.9738298380253768,-0.7558801754349537,9.543257564782229
44.0,54.0,True,0.5690079922766902,0.29593758063322323,1.1448657069053685,0.2230027905343147,6.552391670118504
44.0,55.0,True,0.5215894681323481,0.11573435456791402,0.7875113264517021,0.6464112874277489,4.722338803887241
44.0,56.0,True,0.34059721436379764,0.11539424179053386,0.6238360982338399,0.6745834006334239,-0.7017574585666547
44.0,57.0,True,0.3169841126023258,0.15043121233752918,0.6564077752247436,0.6641268356677844,-1.4298524422112577
44.0,58.0,True,0.3465698853039931,0.21047142703044858,0.9126229582918928,1.0676053138607167,-0.8071263924481713
44.0,59.0,True,0.3970499047145864,0.16760377712033164,0.6913939247093726,-0.04009661307058835,0.5843979502150717
44.0,60.0,True,0.302238360751382,0.20046732038581536,0.6478096684408433,0.2846844535165262,-2.1599745049306005
44.0,61.0,True,0.3097791602733069,0.1480008073194107,0.6041999427501927,0.29956279800745306,-2.0233536022125986
44.0,62.0,True,0.3129979524946409,0.1453391851518791,0.5288417727959571,-0.5365983544513807,-1.4517387281419518
44.0,63.0,True,0.42210594620284103,0.2117569373778345,0.770365822943518,-0.3554063815297929,1.9578993582772852
44.0,64.0,True,0.19166386923740567,0.12961110446496596,0.5491015456388371,0.5529095551176826,-5.949818508840905
44.0,65.0,True,0.20695433095931612,0.11642128410565204,0.484796420634537,0.967218974376802,-5.198619858472674
44.0,66.0,True,0.22665027608422297,0.13555812315244786,0.49118050158942,-0.02559094723243731,-4.282127051731792
44.0,67.0,True,0.24406511663867564,0.14307217277661657,0.6007289232805643,0.47904184686207074,-3.6253019665163633
44.0,68.0,True,0.21283025125101288,0.15597031971985817,0.6000183313220828,0.8216525477390519,-4.898564131546169
44.0,69.0,True,0.2614917908763986,0.11897255949654528,0.623629035421308,0.8072391802650969,-3.5481397840913624
44.0,70.0,True,0.21280225590268564,0.1519327771745264,0.7888571873643945,1.679911927917421,-5.325774430352147
44.0,71.0,True,0.3933509736916011,0.1862659700018758,0.7719605538702539,0.1631883287636162,0.6166116367780208
44.0,72.0,True,0.21103265020855447,0.1515387655746648,0.5973963452076786,1.3343271758847,-4.965510379179984
44.0,73.0,True,0.35665682959588174,0.1558259671586065,0.6296232439092637,-0.02486693817208339,-0.6599380617926236
44.0,74.0,True,0.26522031826419495,0.1546629565495185,0.5455415168094299,0.3715811356753048,-3.0337139498827637
44.0,75.0,True,0.3913904891396563,0.14012040128877704,0.684138032348012,0.03241240942198744,0.9527904150950457
44.0,76.0,True,0.27943281025762917,0.15168906648458125,0.6205414509814696,0.3085036971999047,-2.5329973310072047
44.0,77.0,True,0.40155176487807914,0.18111213089992706,0.7655322495104426,0.051814278174880095,1.3163255322247818
44.0,78.0,True,0.3196629453035561,0.11135479096151689,0.5610348812484445,0.0751186976365823,-1.6249897543643201
44.0,79.0,True,0.34669825344794786,0.12495343091139861,0.540687643312554,-0.5323714014380768,-0.647062270607057
44.0,80.0,True,0.3651453439164535,0.19491406049966556,0.797669874093703,0.5117128816765487,0.27271582802517486
44.0,81.0,True,0.46238730583029425,0.11615792067105407,0.6381663149365001,-0.5333613828879504,3.1487493185153235
44.0,82.0,True,0.4449577846563479,0.18229852497056565,0.7574037393071988,0.2653148511151715,2.2548293624181053
44.0,83.0,True,0.3932142508171229,0.1723694846278395,0.700813460695895,-0.05717068237189528,0.7222205938590709
44.0,84.0,True,0.48873904602067414,0.21604696208283175,0.8477476633548903,-0.3290400044056292,3.7587786435209125
44.0,85.0,True,0.30774351597826516,0.18400654198752261,0.7942099985253831,1.3398824345114466,-1.7119395147948064
44.0,86.0,True,0.37490773425789164,0.25774864934704533,1.0396860924469855,0.8809707801925256,0.6086013934128214
44.0,87.0,True,0.4542366380973548,0.15046665870481563,0.8610199893386797,0.3981835051986431,2.4614298017181833
44.0,88.0,True,0.4176799051520135,0.19276610641491693,0.9677709841918494,1.4887819082735074,1.5188425695803478
44.0,89.0,True,0.47243901200063454,0.1628816522202579,0.8091585305737249,-0.05558513812675615,3.519157911369418
44.0,90.0,True,0.2847423116501905,0.1568572010582001,0.567976235383964,0.0570200296251774,-2.4722559676963125
44.0,91.0,True,0.354480071068203,0.20892693642189167,0.8533454038649908,0.5495016321469555,-0.6241903655501437
44.0,92.0,True,0.22268472654487645,0.15663415008897977,0.5838279935093795,0.9759193991087809,-4.619292065991314
44.0,93.0,True,0.20001001144399644,0.12592306135490353,0.4277223453857414,0.19234968921708034,-5.085458657350844
44.0,94.0,True,0.3365076146897624,0.224015705556112,0.8542516070841912,0.24821999690464547,-0.8903597760698938
44.0,95.0,True,0.300750856601892,0.14145631477886733,0.6044774031675028,0.24580646966373357,-2.0823246059136693
44.0,96.0,True,0.3137676861552771,0.1453975608001258,0.6412367698107532,0.08564561275957759,-1.9412422348692457
44.0,97.0,True,0.3443709169915441,0.16708123531496805,0.6679391252665325,0.6063261020161541,-0.6225650611005425
44.0,98.0,True,0.41017083887917655,0.18442559167881226,0.8785873684333487,0.8049274755792778,1.5138051100095438
44.0,99.0,True,0.2984632231060481,0.2111223940828308,0.7670879151519236,0.6618548128558074,-2.244644573107983
44.0,100.0,False,,,,,
45.0,1.0,False,,,,,
45.0,2.0,True,0.14779985682801677,0.07490258203421092,0.2821249023181452,-0.2941683477756845,-7.087470521079605
45.0,3.0,True,0.7357835159086779,0.328293446011457,1.5,0.44971239087608056,11.731545201699277
45.0,4.0,True,0.8484026882123415,0.2408386222005973,1.2494599981494288,-1.1260038849474556,15.621341740792095
45.0,5.0,True,0.5926708492457883,0.19358668456187184,0.9878991081010308,0.25525822198003306,7.015662463446138
45.0,6.0,True,0.6510651237688894,0.3272424392210168,1.1623336204880257,-0.11747609898800057,9.07265282317801
45.0,7.0,True,0.4912483143940136,0.2278003078673873,1.0725042227210089,1.1427986492891646,4.119784449533136
45.0,8.0,True,0.4362176737138896,0.18536204391921965,0.8818771387941156,-0.2424828195860511,1.8389348172105697
45.0,9.0,True,0.42553753781917125,0.240099134790984,0.8522585787515934,0.41974633907261305,1.9679393759833541
45.0,10.0,True,0.32747760332180464,0.1522675510208713,0.5952418169696075,-0.13280430473018892,-1.0112426376382087
45.0,11.0,True,0.38327215937396136,0.1808581470112509,0.6944169700277094,0.244378310346487,0.4728642536142384
45.0,12.0,True,0.37534989789356354,0.17130033614039644,0.6747735238232241,0.24179269955657168,0.22489581609412745
45.0,13.0,True,0.338966258271378,0.15553142809482376,0.6614146505715922,0.24483755646246888,-0.9807755791238051
45.0,14.0,True,0.35209041050555795,0.2821549648770652,0.968213077074205,0.6661140407244681,0.06378670826332816
45.0,15.0,True,0.3304556400727367,0.17352445400416958,0.6523014132619898,-0.24359970209575693,-1.1627016133962722
45.0,16.0,True,0.48711137896226164,0.23517423279509575,1.0541858783882188,0.7310199970547865,3.7116692438658134
45.0,17.0,True,0.33975755950442244,0.17123446042101023,0.7412785847934912,0.7858502957687626,-1.147264752053919
45.0,18.0,True,0.29959943892768304,0.19259610276687422,0.7539564290343668,0.6954129079905731,-2.4075179375283824
45.0,19.0,True,0.33703540379606833,0.1722754958886746,0.5719382782253957,-0.4786455402923264,-0.7863778056359993
45.0,20.0,True,0.3354999965419038,0.17016364610300153,0.6952647246548259,0.18827620081508675,-0.9882678457092984
45.0,21.0,True,0.28081498754990364,0.11165415265792744,0.5127179859531757,0.05459203915410671,-2.6669104067064957
45.0,22.0,True,0.3410114974561447,0.13720436152018164,0.5645042375280033,-0.5505451280018767,-0.878338202871108
45.0,23.0,True,0.2828918278635927,0.15920584293174633,0.5320009734979878,-0.30742169845899603,-2.7440796656682975
45.0,24.0,True,0.3425281425229047,0.12255023052148646,0.5962884263116142,-0.47181935791132246,-1.019727732612594
45.0,25.0,True,0.3123739236857328,0.1510787348802216,0.6545203425271883,0.23266114410730387,-1.5964426501106217
45.0,26.0,True,0.35616402727631863,0.17027351675063204,0.7528303616466892,1.0381554239351736,-0.4533613420164278
45.0,27.0,True,0.3992249066205514,0.23432892000694525,0.8008128476730965,0.1067859020766092,1.053185972942607
45.0,28.0,True,0.3868024194602103,0.12301899529610713,0.6650728402512099,-0.2880986841805948,0.7842857449689273
45.0,29.0,True,0.3265633779111563,0.19011361377092376,0.7524584604976883,0.6092976357194957,-1.4578165718145137
45.0,30.0,True,0.30521947835934976,0.19347969976001614,0.7107098899408621,0.8666812772843624,-1.8871981931537143
45.0,31.0,True,0.6130844874644164,0.26878699746914264,1.0322001273560235,-0.6986576388802956,8.067427456411275
45.0,32.0,True,0.6510189550756719,0.34016271502515144,1.232999723163497,-0.36006927390777516,9.774050148584694
45.0,33.0,True,0.9555859409676013,0.4722016578849267,1.5,-0.5346548273021563,19.08176778625251
45.0,34.0,True,1.1594123868081392,0.4783431818029928,1.5,-1.2300599627478266,25.98291968819771
45.0,35.0,True,1.0341545779279278,0.3350229958205141,1.5,-0.7197152011007829,21.425066343935555
45.0,36.0,True,0.8148234937608342,0.37882958619606866,1.5,-0.09867303218574773,14.582079878692943
45.0,37.0,True,0.35676108303223214,0.24449387857141078,0.8418409738898773,0.3744307034210238,-0.017322318917927806
45.0,38.0,True,0.3070210829299561,0.125050765983194,0.5420451650717173,0.05836619620446724,-1.856736545933265
45.0,39.0,True,0.36036283456607543,0.15248520929358209,0.6769849642361305,0.09889691231020484,-0.09105353588087617
45.0,40.0,True,0.29692391002654084,0.2099206417102752,0.7977815218481475,0.8146754542576575,-2.0595940701109257
45.0,41.0,True,0.3122395251133027,0.16514610954980818,0.5868982219781458,-0.030151882309804517,-1.6111607153328231
45.0,42.0,True,0.3323930470274144,0.15477843085424994,0.6850558259824112,0.3477014487408868,-1.0820137792145519
45.0,43.0,True,0.4565265780208426,0.23683973352556767,1.1050882707908976,0.4899281303614952,2.465857678817247
45.0,44.0,True,0.43175516494682664,0.12722243179534404,0.6866655352449995,0.1471584968316262,2.174779401128824
45.0,45.0,True,0.48617830192721406,0.2413556821142718,1.056931358543736,0.3606507614378198,3.870830132047983
45.0,46.0,True,0.704746766184984,0.19529874834000047,1.0607523846200346,-0.11966403365380883,10.315591977073131
45.0,47.0,True,0.6675404083147136,0.3042934095818666,1.317246893515685,0.29881014097964786,9.32267706270737
45.0,48.0,True,0.6681776860123182,0.24666017343944716,1.3288083647234954,0.42819573235240005,8.888341892816436
45.0,49.0,True,0.6515539029817834,0.20211534704604475,0.9545112506337228,-0.00759872051629837,8.761431660268288
45.0,50.0,True,0.5249382205796017,0.2379256051376647,1.0010120933526718,0.521557161825486,5.345314456641271
45.0,51.0,True,0.4890293193456583,0.15908894659819312,0.8307775660409775,0.0899167355296592,3.914147467764331
45.0,52.0,True,0.40635546517613713,0.23259027015276848,0.9440982798120796,0.5100470306145283,1.3640712540745883
45.0,53.0,True,0.6005075532252757,0.22208753646053644,1.1125713779664892,0.23080761189598892,6.72346233814558
45.0,54.0,True,0.5336549424561311,0.12205082551476559,0.794470061368257,0.22225213063284682,5.0640559846007545
45.0,55.0,True,0.5918725462769611,0.2602994025231688,1.1453911075913437,0.3096598831921299,6.525550508971201
45.0,56.0,True,0.43196384954733036,0.11398814371296374,0.679353105276692,-0.3523209306012045,1.9068828937981264
45.0,57.0,True,0.4745254065802137,0.10088893015226723,0.6335799749657997,-0.27536051694484115,3.3623140709462107
45.0,58.0,True,0.280160798722489,0.16120315109172134,0.6660883584792037,0.3184924479834822,-3.1089384170922982
45.0,59.0,True,0.4085187801054257,0.20321064549518897,0.731860134357035,-0.2145597831816383,1.5774134448148518
45.0,60.0,True,0.2395446395284754,0.15963631498338077,0.5173975654052692,0.2730796560196735,-4.070828363853483
45.0,61.0,True,0.2584754273764174,0.13575318561391916,0.5014779382931741,0.2808004890872722,-3.452855592162701
45.0,62.0,True,0.23745602247861672,0.08368752495607774,0.3900527315237139,-0.3352886933555262,-4.108250531420295
45.0,63.0,True,0.24234538450090717,0.17175260988218877,0.6564718606832166,0.6473756853312295,-3.8558291845942025
45.0,64.0,True,0.24709465602289804,0.18305588968692837,0.688940270182273,0.9416834495563169,-3.6195845254289587
45.0,65.0,True,0.29875365480701155,0.12691982638252144,0.6033048500091981,0.6495661568104959,-2.1499065303532516
45.0,66.0,True,0.309114223477396,0.14350730623077154,0.5745739309424595,0.18230453912019548,-1.515647502450514
45.0,67.0,True,0.21406185353745052,0.11999274974453272,0.4943417417126238,0.4865790632028921,-4.906386693044454
45.0,68.0,True,0.2772311584885697,0.18578176126506635,0.6350394255685629,0.25968095287589776,-3.0551919474753753
45.0,69.0,True,0.33900770051943224,0.12339672636900824,0.6735255984990186,1.1705144263410592,-0.9049430263961531
45.0,70.0,True,0.20901709983427813,0.08579275879576582,0.437443379740243,0.07685349022098939,-5.144112038500308
45.0,71.0,True,0.28886200044993204,0.12753929885899307,0.5556404447173217,0.18825878697837953,-2.844227196102829
45.0,72.0,True,0.2666197920183511,0.16333927975022206,0.606437981871514,0.3947223022427788,-3.46166688072861
45.0,73.0,True,0.32877589313413563,0.12810686094581,0.6596257235391461,0.18513688394515052,-1.5440399867633352
45.0,74.0,True,0.42528586244292405,0.20585190205761944,0.8213428492973939,0.3023413421458119,2.053680300952835
45.0,75.0,True,0.42904333642041714,0.17072555578206736,0.7654416027580787,0.04817526207227301,1.8304938992095885
45.0,76.0,True,0.3692653750890532,0.2041236705395031,0.7246612893206674,0.07456973896140112,0.23082266260142936
45.0,77.0,True,0.36366453178319214,0.13990051180246765,0.5458369881057371,-0.7432786404892476,-0.11898096446091463
45.0,78.0,True,0.45799929707284814,0.16139037776304388,0.7730848540005708,-0.21365519543724537,2.96985836974386
45.0,79.0,True,0.5081570182500568,0.15289171176714825,0.7630745979658687,-0.0715540401189098,4.251144836259565
45.0,80.0,True,0.3657282533356344,0.1393568155844063,0.6538763147291549,-0.0012001195824860556,0.1363131823949719
45.0,81.0,True,0.4119789131080337,0.18863829641823374,0.8438294596593066,0.4160547752469612,1.6612935299082872
45.0,82.0,True,0.49264037124613386,0.1915899698435978,0.9727512777883917,0.7505806994197503,3.8027170068589315
45.0,83.0,True,0.5504558397543263,0.22577468069688164,1.0179706790486072,0.3089524555757834,5.678597233494865
45.0,84.0,True,0.39988985309997976,0.15691149438128096,0.7194576679386281,0.5711196060768111,1.032117895293455
45.0,85.0,True,0.3432693100834974,0.14840704501967544,0.5859521495005791,0.07198101197405263,-0.6112995705574942
45.0,86.0,True,0.35660207670210897,0.14086795182456613,0.5755238084515152,-0.22114139707930558,-0.04704985330484908
45.0,87.0,True,0.368026225187402,0.25357516214442316,0.9185258674783549,0.609484297746715,0.11128871029491157
45.0,88.0,True,0.3148688783488656,0.13052870067308528,0.5367088058506226,-0.7458878280743115,-1.6132280537370831
45.0,89.0,True,0.4166196963421854,0.1833938419061453,0.7784015189445249,0.5063940928804216,0.926949673505823
45.0,90.0,True,0.3630023417855827,0.17594122222348868,0.663766301551732,-0.05299004753310139,-0.02996107117946009
45.0,91.0,True,0.3851888220947244,0.17879856216096604,0.8047881044907972,0.17411754300534085,0.3885668946608774
45.0,92.0,True,0.35902315770273285,0.17524717822049954,0.7323458263724874,0.3407666986910883,-0.11511425565963487
45.0,93.0,True,0.36744296536955046,0.12810764537812472,0.5712443185064549,-0.04604907886749277,-0.11957601997692044
45.0,94.0,True,0.3610474251497803,0.18909738823683014,0.7460697933294089,0.267629814726565,-0.4136907395542013
45.0,95.0,True,0.2674387908657392,0.1824376037654663,0.592329056287302,0.07303731857281982,-2.9498424941631596
45.0,96.0,True,0.28477926381838187,0.11695105127612368,0.5350422561314696,0.10812819223854042,-2.703132723272182
45.0,97.0,True,0.24362452427073492,0.155187045266989,0.6351860034297252,0.9226466231740745,-4.005806674322114
45.0,98.0,True,0.3263352501153571,0.21379455979899387,0.8727612285414529,0.755214532958884,-1.1687758305218483
45.0,99.0,True,0.28806246461726615,0.13976480767314958,0.6095033671629115,0.5844801481225584,-2.4843391557025507
45.0,100.0,False,,,,,
46.0,1.0,False,,,,,
46.0,2.0,True,0.22659634426797695,0.18580978810608836,0.7120140157611169,1.001792699972915,-4.163190653053316
46.0,3.0,True,0.6756124453572679,0.24704666115442347,1.0709387033047617,-0.38276674103006914,9.728117178301401
46.0,4.0,True,0.8983720230128763,0.2968610377463983,1.3854555545473797,-0.296698973288184,17.138073357847734
46.0,5.0,True,0.6478268611489086,0.25120934973822295,1.256805243933567,0.9115098988533418,9.293205926913494
46.0,6.0,True,0.6753975723855568,0.25832992772738594,1.2375253564654174,0.4018361850045877,9.879156619207112
46.0,7.0,True,0.6448140543519298,0.2457277011630178,1.338383207420291,1.2234503348483128,8.819586562827087
46.0,8.0,True,0.5601976369240781,0.1991328358138856,0.827287759061366,-0.465681515861077,5.734368743805305
46.0,9.0,True,0.3232562828196923,0.2255965055256104,0.7928759016405715,0.49911453597242833,-1.1971499462397868
46.0,10.0,True,0.34763400656571786,0.12690921634673352,0.6038780629340388,0.29156202490313265,-0.7571855955061397
46.0,11.0,True,0.4169787033001667,0.1430325094715216,0.707232016702431,0.05320614488815297,1.3597112204868205
46.0,12.0,True,0.3156332317000633,0.13101267165015723,0.5630944609366513,0.08240187949748394,-1.6164795063262685
46.0,13.0,True,0.35136476651199194,0.13263812474522418,0.6285553126987222,0.6360107867160577,-0.5426372709876602
46.0,14.0,True,0.2820164322680605,0.14836368320169555,0.6329147627512353,0.33995144035249075,-2.523488054733769
46.0,15.0,True,0.387662230855989,0.18619749038559577,0.7319841872443646,-0.3179625769261278,0.4747177309795351
46.0,16.0,True,0.45831642219838725,0.20596989241329894,0.85970517458768,0.29753234408600127,3.002773872640474
46.0,17.0,True,0.37276155575074127,0.16552430735105667,0.6458109293928613,-0.28686031853760496,-0.15485489062568858
46.0,18.0,True,0.4759742802251175,0.1990064183744109,0.8096076606423631,-0.07536284135840847,3.8489698296681785
46.0,19.0,True,0.39036641061691346,0.18619736110176402,0.8451734255811042,0.5503082344533848,0.7198177679183572
46.0,20.0,True,0.3723263292942124,0.14183289070785451,0.6920693929999443,0.3412596422657554,0.20000131944933114
46.0,21.0,True,0.39240320405983603,0.1837238589003329,0.8400623655887931,0.3104698708067284,0.7993093735075893
46.0,22.0,True,0.29926408548561556,0.10821772554019339,0.5416009291523088,0.42415442060897957,-2.0338422774953346
46.0,23.0,True,0.37408436536035794,0.19112862332172945,0.8326708004239173,0.530587780974354,0.5792764092063996
46.0,24.0,True,0.34221431711872324,0.2239529000068614,0.930909542935303,1.283374385010656,-0.7585436036258708
46.0,25.0,True,0.33801903244616527,0.19051222860205044,0.8935048293392879,0.7314753822283436,-1.268521391862584
46.0,26.0,True,0.37699713289294134,0.18348905706707902,0.8213264067356175,0.6667916464759898,0.29389596192323936
46.0,27.0,True,0.2546316716377482,0.1299397976725452,0.5687500568508529,0.5535744770169847,-3.6612032637233116
46.0,28.0,True,0.2481010583666626,0.07471932474835448,0.3937288826532363,-0.24733528348941533,-3.8317148700804076
46.0,29.0,True,0.3694715655817563,0.1529225789569752,0.6861724578848668,0.41145577062742994,-0.05983751934803823
46.0,30.0,True,0.2101076434038172,0.1557156197647199,0.513965322001374,0.5012314205511209,-4.702808581182555
46.0,31.0,True,0.47331578925428364,0.2607938198478612,1.1429209944157417,0.31093602402086384,3.3721261150267283
46.0,32.0,True,0.5638014667823855,0.26772351061462846,1.0795320726842332,-0.10477517104427209,6.350176450745598
46.0,33.0,True,0.5905870562156852,0.23088346809946148,1.12205478536808,0.5081814711334716,7.042582603361601
46.0,34.0,True,0.7652593932355183,0.40096952435114636,1.5,0.05062611263062131,13.279707800820669
46.0,35.0,True,0.6268160163600277,0.2353305951112525,1.1183947454334278,0.09654597241845429,8.636525360672357
46.0,36.0,True,0.4947249356663826,0.306083966942629,1.1521335246597328,0.5179422265894434,4.570379120946465
46.0,37.0,True,0.4541406466296185,0.18811244924861434,0.8000381666751505,0.12480223316141019,2.9090362959215663
46.0,38.0,True,0.3838417618911906,0.12666814192087386,0.6110884767555961,0.08082646699828737,0.6997176457325259
46.0,39.0,True,0.33160425239879404,0.16226048448076527,0.6464533455609617,0.10339074989739098,-1.0055894769239964
46.0,40.0,True,0.3463994115513616,0.18742906627633255,0.7140936504072273,0.19122491598456776,-0.4442308017075111
46.0,41.0,True,0.3937796384065692,0.099002282824692,0.5865922127678623,0.06948367395918265,0.7357813467666483
46.0,42.0,True,0.4646284320935236,0.188041459218654,0.8160655793396644,0.006757895522386562,3.0951898644298415
46.0,43.0,True,0.48953687888573105,0.12910508926439818,0.8425938424249563,0.549156925923556,3.663400507644888
46.0,44.0,True,0.45729345042053604,0.23702317222010313,0.9599209438071832,0.16675679659639578,2.0891921210086313
46.0,45.0,True,0.602177481884552,0.19815667986734362,0.9815783876973284,0.32308513850239795,7.334151863053549
46.0,46.0,True,0.6627269046373968,0.20684422447842624,1.1176267540936504,0.49909240217814316,9.71566225341092
46.0,47.0,True,0.5434304047580372,0.1588837290694006,0.7560492623827177,-0.5965934583615963,5.729522378830276
46.0,48.0,True,0.4846629883786955,0.17553448542539132,0.9050542826067034,0.6068029967085201,3.758782391325002
46.0,49.0,True,0.6094837666701322,0.1975508523018137,0.8783074637762986,-0.7806664257239421,7.604983904396907
46.0,50.0,True,0.5053329154277026,0.14186398789235483,0.7185738018359022,-0.28483080448008263,4.464748352866406
46.0,51.0,True,0.5072320826683994,0.16233629515019435,0.8640928787174368,-0.11561828424499847,3.922434476618102
46.0,52.0,True,0.4967527859719067,0.17972711501953612,0.7716453045351125,-0.2664508918453774,4.280197462983552
46.0,53.0,True,0.5689292876691631,0.18635986404210056,0.952209417953591,0.24861451517618946,6.423703349871985
46.0,54.0,True,0.49881008926038706,0.23444678053746648,1.0735505186010816,0.33494796476878885,3.6750541959332335
46.0,55.0,True,0.5603865635539756,0.29446817783489115,1.1237797362357744,0.07869490520362518,6.499674194480453
46.0,56.0,True,0.3416651180541773,0.10290925251689084,0.5611164708919412,0.0720353780225886,-1.0074981098032292
46.0,57.0,True,0.48857790389131,0.22279395408807853,1.011815462311494,0.05894012458669595,3.364098767126749
46.0,58.0,True,0.49090290569171724,0.1911159345523654,1.0221379988948018,0.8628729841844449,4.049023103915032
46.0,59.0,True,0.367814337822468,0.17167589058385274,0.6400296689789111,-0.18346485732859952,0.42153236438917524
46.0,60.0,True,0.3712965303706428,0.19022745749418662,0.6953885312959772,-0.15741921531901573,-0.04517036153951562
46.0,61.0,True,0.23874122678243337,0.17483615531021823,0.6478498536346612,0.7783284968264561,-3.9722895383843624
46.0,62.0,True,0.3581001745145293,0.22717811548283068,0.8711314392040205,0.563190317511298,0.047750275812520046
46.0,63.0,True,0.2595192735358551,0.15196609867049526,0.6512413793089308,0.9447374513463196,-3.3881185074311677
46.0,64.0,True,0.3008902355168665,0.12250707389047612,0.522961955695703,-0.09160876518184233,-1.9768095595511255
46.0,65.0,True,0.24124548763172227,0.08561952749004324,0.4088758128431317,0.051766160416768604,-3.9422082854128346
46.0,66.0,True,0.2922649450982583,0.14404026871459585,0.79079697218149,1.2342357971327813,-2.555841093652963
46.0,67.0,True,0.15644679685612528,0.052938952981915186,0.2711619664605858,0.32872542068780164,-6.718316127002276
46.0,68.0,True,0.21468079113799063,0.11643088884012372,0.4441541590843561,-0.049581379736429516,-4.849517233688678
46.0,69.0,True,0.252332025886584,0.12604090350696637,0.4961768271522759,0.2889814460116113,-3.818540031878174
46.0,70.0,True,0.3069438580068316,0.15279860772167925,0.6520050393460844,0.6491870289249992,-2.169323466414157
46.0,71.0,True,0.279165946938437,0.14361879593700164,0.7167761988053928,1.726330710661777,-2.7853235526581526
46.0,72.0,True,0.24106127981600456,0.13419007598247806,0.6003981304784146,0.26149988651673484,-4.20540751565462
46.0,73.0,True,0.34237191225576225,0.0992022477578202,0.5328116817656462,0.09162527144192895,-0.8408776311723063
46.0,74.0,True,0.37447526587557456,0.17888948470746285,0.7152933114033797,0.18163456754675947,0.2983708609884757
46.0,75.0,True,0.3753770034138666,0.20670936617140448,0.6627412682518189,-0.3547072727339693,0.6586438780690985
46.0,76.0,True,0.4986439670522313,0.19732692425170606,0.8029146109790494,-0.42817424418052064,4.115507043463214
46.0,77.0,True,0.4746702743085371,0.22197550921805176,0.900774790580306,0.47696931021744593,3.4560004705906184
46.0,78.0,True,0.4217203997543021,0.1663813820031779,0.8763169381862338,1.314970331230394,1.7053135757555804
46.0,79.0,True,0.33844429062408,0.19862758473045267,0.8560511910903827,0.9626315100886078,-1.1586747913011843
46.0,80.0,True,0.46821705768957034,0.19194673623501976,0.8369038112583528,0.34142802113406584,3.4669436327441243
46.0,81.0,True,0.45325436215936293,0.23520637120713728,0.8259525765438379,0.1956089920118039,3.266354110689249
46.0,82.0,True,0.47049971583679306,0.17936348801451651,1.0149028671565472,1.5732931590728614,3.2513367957298303
46.0,83.0,True,0.5325527744785513,0.12360516680889576,0.7256607515268373,-0.07082934084357848,5.154931517078821
46.0,84.0,True,0.38723236576506814,0.1780365330547916,0.748269501598623,0.13401846307044818,0.6688054380291228
46.0,85.0,True,0.3773558453219234,0.1622064033410998,0.7564578594984448,0.05989041300515422,0.6316121695711117
46.0,86.0,True,0.47346222877653665,0.22124687615270827,0.9865022178972064,0.6581383953409408,3.354260700138232
46.0,87.0,True,0.28825111850245816,0.13695250957607805,0.6351015529214635,0.5562214306936346,-2.364484342457979
46.0,88.0,True,0.3394856245075948,0.09426453888650403,0.541686549413391,-0.10569295820444004,-0.7707560314372841
46.0,89.0,True,0.3400243005636606,0.2004396717319465,0.8380692158333808,1.0973631755413928,-0.754228851984919
46.0,90.0,True,0.32799797307147605,0.17664975809612485,0.679301030582456,-0.10490251573575807,-1.4664859208948422
46.0,91.0,True,0.32183608249240603,0.1606433710600037,0.6962086373628202,0.19304668759984106,-1.5782747529949905
46.0,92.0,True,0.3921577594940888,0.2048695594053518,0.8895831376063413,1.0749777616681166,0.5290835557867088
46.0,93.0,True,0.3814294200384588,0.16613575588710985,0.7112907259948422,-0.31223533171385953,0.4237724580878694
46.0,94.0,True,0.21606639030989933,0.09485424530484714,0.4469335192315782,0.34837087244371556,-5.061305170159203
46.0,95.0,True,0.21963633752879932,0.11203561046069378,0.4799962266444637,0.427908358492243,-4.9597441983562325
46.0,96.0,True,0.2319266948070552,0.12595501069286938,0.4854059745147615,0.1907638212745558,-4.130021974419521
46.0,97.0,True,0.33837213659593346,0.11428873151972889,0.574815587082364,0.28515805706062425,-0.8589324788339991
46.0,98.0,True,0.24009219150398237,0.10306183448047018,0.4749040451242251,0.5546207838058648,-3.8245143135588444
46.0,99.0,True,0.5372727653639587,0.18883299790846408,0.9441989159636024,-0.007312534471859439,5.5405856270543365
46.0,100.0,True,0.008207595179937808,0.015459518649977794,0.0537308096830364,1.9865917869287633,-11.336622660915362
47.0,1.0,False,,,,,
47.0,2.0,True,0.26260643128982103,0.22344159645241152,0.7308789628483594,0.6924324990174909,-3.023705660298792
47.0,3.0,True,0.6859748842644918,0.18849711929812332,0.9384435375353888,-0.4935136443060555,9.777886242927556
47.0,4.0,True,0.8238730247799986,0.3605500520356102,1.3416928660046237,-0.5233344472837472,14.786981671971288
47.0,5.0,True,0.8899963330606996,0.41138964092187835,1.5,-0.49039280927846296,16.731399144279884
47.0,6.0,True,0.5988303784165666,0.13953734375836854,0.9769446775933338,0.6413642791934262,7.227430995431045
47.0,7.0,True,0.49612605530677406,0.2103059629181986,0.908733931781796,-0.5336248009872131,3.9547323255762077
47.0,8.0,True,0.4589244561058918,0.27897068563591165,1.185636875875605,0.8555625972347783,2.8903088348862456
47.0,9.0,True,0.4077744524076873,0.1321249948340002,0.7008458443464676,0.7071569778677232,1.347138184488293
47.0,10.0,True,0.35866771007411336,0.16444383306015373,0.6665447192745145,-0.1992916935917427,0.007319278869276385
47.0,11.0,True,0.32243586821604087,0.12895863622437656,0.5387011192772511,-0.1595017270107251,-1.223191370566128
47.0,12.0,True,0.40389833610253373,0.1610218963685934,0.7349208853309026,0.006071321755105446,0.8794036523891064
47.0,13.0,True,0.42963991343328917,0.17345119955647692,0.7736623512508563,-0.0478097427622,1.9963519394400338
47.0,14.0,True,0.30667749418618123,0.1335086282268039,0.529808917924039,-0.3059527401202222,-2.1110625930368005
47.0,15.0,True,0.4567055035976255,0.20263686411636378,1.2526904901007612,1.6796511067575939,2.3797407374108737
47.0,16.0,True,0.3812333051883166,0.15702138716951575,0.6711887633406106,0.6112328796466936,0.24538481874888218
47.0,17.0,True,0.44675572994329826,0.2328208648074339,0.93865684651027,0.33545473111749785,2.4451896991385182
47.0,18.0,True,0.40168563625242787,0.13549985469416215,0.7612917223843849,0.7337074221190102,0.5795342638506367
47.0,19.0,True,0.4515021272953692,0.18231782216478334,0.9117914705388682,0.48394168648881053,2.682362600607897
47.0,20.0,True,0.38572452452283085,0.20778515195226202,0.846055047105623,0.4760516345165876,0.7021580266372965
47.0,21.0,True,0.43249951990463165,0.16310302207472596,0.8198488006878405,0.6412836167325144,1.976881848750637
47.0,22.0,True,0.2664544243082297,0.12461837531680203,0.536381393506459,-0.020549356885817854,-3.2716612322616077
47.0,23.0,True,0.3607663556245336,0.19275095383482332,0.8024536693727274,0.32545353509826236,-0.2299710676937233
47.0,24.0,True,0.5053855607042755,0.2840798655761067,1.438389896968831,1.277486853753578,4.196842109198288
47.0,25.0,True,0.3319574269060562,0.1705808506152115,0.6838650535022884,0.08784935667610724,-1.4067544825499347
47.0,26.0,True,0.29667525764924374,0.1573610560113223,0.6070781628438533,-0.07422281162599977,-2.0565933875629514
47.0,27.0,True,0.3205928322284847,0.1580969545823895,0.5873661244424269,-0.1961281372944967,-1.4969755994558007
47.0,28.0,True,0.2993510080122718,0.18822359250966478,0.7331561009223,0.1577040692722435,-2.2155009697092294
47.0,29.0,True,0.34037964509686347,0.197942572121466,0.8301076277159104,0.9619032577637884,-0.8091397938869225
47.0,30.0,True,0.3247062714104026,0.19860855612758993,0.9329106458443314,0.852976691115777,-1.8074376137845587
47.0,31.0,True,0.3446756072728447,0.15920807157345995,0.71515684080248,0.8410091347707424,-0.7162412025886872
47.0,32.0,True,0.4917127173937129,0.22570658744603705,0.8044776445445148,-0.11975029312070516,4.341423182376773
47.0,33.0,True,0.5193342323702365,0.11957953789323009,0.8380704376513122,0.4138265393790325,4.836807658768531
47.0,34.0,True,0.4979270575189605,0.22584673754901283,0.8197175914286997,-0.6143576171604058,4.408529396246293
47.0,35.0,True,0.4222369638896926,0.16089126577809054,0.7807986184811644,0.03830306586143817,1.547066825402055
47.0,36.0,True,0.4296677646550492,0.20356304664099534,0.9175189758276364,0.5112907011166571,1.7263640185861395
47.0,37.0,True,0.470268029288219,0.2158580251029377,1.0525757910137463,1.118499965928665,3.3273682167843317
47.0,38.0,True,0.5356227945923959,0.13952836756906645,0.7230403398317491,-0.9303075968316462,5.377182533006373
47.0,39.0,True,0.4199519712295429,0.16515414676660325,0.7658823339921825,0.3284797738983215,1.6378141092660963
47.0,40.0,True,0.2991910194030583,0.16940159282954212,0.6277665122847833,-0.1405619198495903,-1.8510986008551407
47.0,41.0,True,0.4487217990710524,0.2057794169581536,0.866888102416413,0.5853106695728831,2.445212250140635
47.0,42.0,True,0.4621521890563346,0.2221269724792314,0.7718452156491503,-0.6547041194514761,2.916830865501335
47.0,43.0,True,0.49188395906078725,0.2235778943519579,0.8900627234110212,-0.49252974286548024,3.8755369023296504
47.0,44.0,True,0.5072382367587589,0.23329461934288706,0.9510678856410943,0.2927419383268445,4.110172887360758
47.0,45.0,True,0.4997038285430841,0.13760570529021404,0.9027652503076704,0.5523574596769204,3.595349328242634
47.0,46.0,True,0.6053716801726188,0.19707618080506184,0.9509207577732516,0.003799569384767874,7.608171811543653
47.0,47.0,True,0.5316950549151803,0.14795586997576846,0.9433315089403262,1.169941470403725,5.132105147288791
47.0,48.0,True,0.46208378636791686,0.22877041911858167,0.9720254098343072,0.5200647344975049,2.764105341434405
47.0,49.0,True,0.4860850215966114,0.21972306815279186,0.8955223453073268,0.181493563239377,3.6698725296785173
47.0,50.0,True,0.4821761062005952,0.25857892697393964,0.9845754647428904,-0.014717529774768284,3.646482909728078
47.0,51.0,True,0.4632294473823193,0.19092106403226147,0.9989609789490284,1.373231732798331,3.039105041164977
47.0,52.0,True,0.42865469267822276,0.11929209539358543,0.6299123894567612,-0.4261424215921895,1.6672923715624317
47.0,53.0,True,0.4331942979009577,0.16534626270471936,0.7090706658903716,0.009149637428662798,1.8321706324134701
47.0,54.0,True,0.421602223750744,0.19237021607882848,0.8178603500986572,0.09550566839153524,1.6269630010553777
47.0,55.0,True,0.4166616586942683,0.09562738339197115,0.6269896363075023,0.28514077528019305,1.4707472582514414
47.0,56.0,True,0.5051798737286105,0.18778394399313716,0.8646920476446687,-0.34646643067219024,4.450932074327289
47.0,57.0,True,0.5435403089584288,0.16290100652498124,0.8474172859818941,0.39460419866627733,5.333225980793258
47.0,58.0,True,0.42091036614855803,0.14018157202471107,0.6806117635630271,0.14878219841466336,1.7236800538070778
47.0,59.0,True,0.37236284484514703,0.1509189796024042,0.7080576508240491,0.3856716942126198,0.20302530763294072
47.0,60.0,True,0.3344472044190239,0.17121944591357882,0.6057553514609983,-0.33207658220016173,-0.8064567742142217
47.0,61.0,True,0.22404533804034482,0.12333887172868219,0.4498412432530358,-0.5011729902906288,-4.940534560857867
47.0,62.0,True,0.28893963139544787,0.14768506963776992,0.5647183116526133,0.07011079741127837,-2.560291497699854
47.0,63.0,True,0.2824159918282482,0.15392142682037682,0.6890801859147251,0.7923426792083823,-3.0144159104515937
47.0,64.0,True,0.2896156313780536,0.20165444531156454,0.915556917125496,1.3459121756945842,-2.8632372523285965
47.0,65.0,True,0.3112779423682814,0.2237472923022606,0.8508032275266963,0.9638845621221334,-2.0236491794290017
47.0,66.0,True,0.30098462080681804,0.2315851423454369,0.9514941580420512,1.3947601713318,-1.892492453240307
47.0,67.0,True,0.26643211509532383,0.12373143397028316,0.496454809865536,0.030931489643346785,-3.279578244406534
47.0,68.0,True,0.22376521600267438,0.09831011269386504,0.4378218230934204,0.054958413334298635,-4.384117525299479
47.0,69.0,True,0.3106992843581161,0.14115033484300876,0.7139726783143315,0.4760883631692887,-2.136927258271344
47.0,70.0,True,0.2738987295634621,0.12413229350349479,0.4914105144591431,-0.15057739032675596,-2.952977965282771
47.0,71.0,True,0.3760642909440076,0.14602812637520426,0.6938874019781164,0.056822758486378216,0.5819939652472892
47.0,72.0,True,0.3616530593570831,0.08979471354218706,0.5517979913524552,-0.17590512094962865,-0.27629562355929177
47.0,73.0,True,0.3756213679355295,0.16901306197931867,0.805296294604131,0.3035393804748237,0.14288989950253395
47.0,74.0,True,0.4447085597434856,0.18359636821591857,0.7152967998736558,-0.3660558348504353,2.158930432373155
47.0,75.0,True,0.4660866531423497,0.1285229462873388,0.7310333614820624,-0.5422553180151694,2.925213915459171
47.0,76.0,True,0.4945702996578345,0.17279528513834444,0.7581778109950127,-0.7344432181910628,4.263235350602145
47.0,77.0,True,0.5948948927707509,0.22230460841421978,1.027954480389969,-0.028238390773020403,7.4567549188536795
47.0,78.0,True,0.3904952419403651,0.17244381931310743,0.9292609343914676,0.6230161168241185,0.348002641009636
47.0,79.0,True,0.4982676730241568,0.19011174731387,1.112700981695469,0.7965595079375895,3.5539693585442107
47.0,80.0,True,0.4052107390943213,0.20396335534193633,0.7571886920271289,-0.015889022254461174,1.069138800812852
47.0,81.0,True,0.43605522282186804,0.17193161550256117,0.8278839056496947,-0.1643013418752406,2.069636822385668
47.0,82.0,True,0.45893396833922917,0.2407156889593491,1.053716828144308,0.3706404107493376,3.120716379148787
47.0,83.0,True,0.5315687338555228,0.25675441726863146,1.1807468923506876,0.8743919898030889,5.023831066682862
47.0,84.0,True,0.42587011694945703,0.30692398209659155,1.3760455912012233,1.3204187589190883,0.805636457990632
47.0,85.0,True,0.47182406679927386,0.17805368113534112,0.8505956189110849,0.38959325948830187,3.1982309971093215
47.0,86.0,True,0.4272991666612506,0.17337628523447593,0.7522175436250587,-0.39011420881933645,1.9125268951381973
47.0,87.0,True,0.4055548553260845,0.1462048498711388,0.7342397259497693,0.1809551133685909,1.493598596233289
47.0,88.0,True,0.41372600608802035,0.15104452513382585,0.8706650395395692,0.035189349418177425,1.4673261530182118
47.0,89.0,True,0.4310148951765822,0.2102657886587903,0.7911095517149593,-0.09372355604504638,1.5489296710406588
47.0,90.0,True,0.31925641723824716,0.1969413688493587,0.7002801877159728,0.1394717260586995,-1.4020753729229003
47.0,91.0,True,0.4595117285618371,0.15644910385904345,0.7190297132345639,-0.2636252995440913,3.019399239841147
47.0,92.0,True,0.3105752971117883,0.1180317698739439,0.5443831013263679,-0.3134547970508756,-1.6313938213605357
47.0,93.0,True,0.3420382121357024,0.15167375468624175,0.6083119208033867,-0.08261536452975188,-0.636885669394292
47.0,94.0,True,0.41246662501288933,0.16323344331780382,0.7565245484234172,0.14917310197757652,1.1620874289877798
47.0,95.0,True,0.30500086942715665,0.1320491239164994,0.5542550649673302,0.5906079486593356,-1.8207519960031395
47.0,96.0,True,0.3463138589581952,0.1561948633455862,0.5486416783508005,-0.485775256563731,-0.6154966521418491
47.0,97.0,True,0.2870232743033776,0.07304281612460484,0.4491267783209929,-0.17837900791198932,-2.440341161500295
47.0,98.0,True,0.2771303270560421,0.22271728133543658,0.9589951836830264,0.8953832640477094,-3.179947182902703
47.0,99.0,True,0.35023235639019634,0.17673779984016968,1.0916273993065362,2.2150536496825732,-0.9021795229600178
47.0,100.0,True,0.06055004679102353,0.0473866025026238,0.1544415217976368,0.43433158218933327,-9.633945748670817
48.0,1.0,False,,,,,
48.0,2.0,True,0.24654736937346175,0.1758755168029015,0.6553345052757866,0.9258146933044424,-3.823547535271769
48.0,3.0,True,0.5488527618271145,0.20828484372078535,1.0256394573357432,0.20724530248610035,5.750290461638915
48.0,4.0,True,0.5916212242311893,0.2615595966380797,1.1449171699851846,0.656280167715139,7.245208518331048
48.0,5.0,True,0.5259350888914142,0.1960825441314194,0.80430605797766,-0.5563588665249222,5.544910638098588
48.0,6.0,True,0.3802173678687757,0.22454042387819292,0.7625541700759451,-0.020169945759145352,0.7552096299466253
48.0,7.0,True,0.442241803760165,0.17271227439709405,0.8927664495321042,0.7453600755913243,2.4983794426952137
48.0,8.0,True,0.4250041442423427,0.2054537768264633,0.9209065508181364,0.6982239308193134,2.084647393471987
48.0,9.0,True,0.3227634085441464,0.17340690899819902,0.5782895741374239,-0.4463419315691162,-1.3067228044182233
48.0,10.0,True,0.2987580363864482,0.140581850772297,0.597136099956078,0.12616739081516148,-1.90446939914612
48.0,11.0,True,0.4178150457667975,0.2222359565550353,0.843210792884594,0.2113776134918947,1.8711827593133055
48.0,12.0,True,0.49238996416549,0.2085377534504387,0.8478159462700846,-0.2779333612258752,3.919664162356705
48.0,13.0,True,0.36105423277612597,0.19035885119893695,0.7649115454358403,0.2381234979127208,0.02980430928947994
48.0,14.0,True,0.42300640655276656,0.15666552297472183,0.7127371460611905,0.2925706227392746,1.6804112191143707
48.0,15.0,True,0.26081567286654045,0.14545982254279843,0.8171108344389815,1.5778794726648577,-3.799897775415244
48.0,16.0,True,0.24740116269778306,0.126483225645568,0.5545411944755056,-0.13705833899180678,-3.889718074898288
48.0,17.0,True,0.3259091639992005,0.1818137495582458,0.7926336585761775,0.6098427901277846,-1.923018851572742
48.0,18.0,True,0.35362801105977,0.1055413818172528,0.5678139227514462,0.3215384884369039,-0.4904306058272218
48.0,19.0,True,0.42718988822104237,0.16412382116125,0.8560171476457221,0.9070549086422518,1.722754742862339
48.0,20.0,True,0.3875253651369745,0.16778867238043704,0.7711526152734254,0.11593112577342723,0.49646166312055984
48.0,21.0,True,0.5310359507909524,0.1401414214830715,0.9666038918339954,0.6441303449568269,4.753681981963243
48.0,22.0,True,0.4617887022741734,0.21219385721183767,0.8560748722307872,0.0005674411103339752,3.2459201874893897
48.0,23.0,True,0.2837911825945988,0.17583796355102355,0.6326246102750447,0.10945037367511812,-2.3998628639226363
48.0,24.0,True,0.34002811763309176,0.20766966141979668,0.8130948923496537,0.8194284486819962,-0.49541992673136837
48.0,25.0,True,0.3301327874416689,0.13728311775810717,0.6617789500982779,-0.1395205088612721,-1.552753628928122
48.0,26.0,True,0.22345924693865726,0.1135467109162998,0.5740780030103142,0.5811053038479803,-4.611445854281945
48.0,27.0,True,0.24949606796240267,0.1402458894116822,0.5524807590422773,0.47122757721090186,-3.7215051786813094
48.0,28.0,True,0.2814945700208411,0.15619235234618745,0.6160949504085008,0.5714155452556346,-2.688989003751432
48.0,29.0,True,0.4360706292732768,0.14781947995021527,0.7017161298411605,0.12384334623318453,1.9636672508923312
48.0,30.0,True,0.32426400845083864,0.11924477712671003,0.5402515167402625,-0.22005197225565376,-1.179719229208034
48.0,31.0,True,0.35926946149279343,0.11987690496937904,0.5919400997963833,0.07434274052425505,-0.1679361419307322
48.0,32.0,True,0.47482220488487864,0.2510877906920512,0.9694085938386025,0.2877146714473092,3.2264234178089604
48.0,33.0,True,0.38571431127673705,0.18030388099481434,0.7590871418223013,0.11401684624672899,0.6092500093497079
48.0,34.0,True,0.43172372970961886,0.2205104907680342,0.7834661256299102,-0.30948207218184715,2.3505257255451
48.0,35.0,True,0.46769216464804525,0.17465895128708459,0.8897841505342767,0.8629604944720081,3.000123130590625
48.0,36.0,True,0.48895777907387755,0.16498673712679793,0.880897388716534,0.615029182475743,3.647666166118717
48.0,37.0,True,0.4185764603899517,0.10138837534424112,0.5934553501908587,0.07320065177157913,1.3976551592699522
48.0,38.0,True,0.47240572409136167,0.13901941394581174,0.7601072370479163,-0.3376731091895063,2.979776021094687
48.0,39.0,True,0.3990156272970326,0.14207671172461092,0.6284154642235505,-0.3290678414410535,1.055296968418782
48.0,40.0,True,0.4268222159806865,0.2007117781492578,0.9954759154196996,1.039348923921982,1.6493962210482465
48.0,41.0,True,0.45338792321423055,0.1884813617527154,0.9279371338759904,0.6133021164073665,2.5698483918360098
48.0,42.0,True,0.5100048414849565,0.15372776347741982,0.8559875048881516,-0.43625338494621957,4.312705684413378
48.0,43.0,True,0.6277613865145203,0.14502367845165823,0.8959720593148573,0.022410951080319538,7.963262075757263
48.0,44.0,True,0.6027018297951287,0.22478614061259733,1.140100411721847,0.4381504847463301,7.260878115791582
48.0,45.0,True,0.5892572723522151,0.22863803416373613,1.275995031263559,0.8738254423095243,6.501889783035692
48.0,46.0,True,0.5043908780224042,0.2508680711615094,1.176320140044871,1.199893465916088,4.626898831894846
48.0,47.0,True,0.5160725846659872,0.25109246771262006,1.133287728646014,0.4611005787941172,5.034143603161829
48.0,48.0,True,0.5627586948287919,0.1522636835856313,1.0020943551643056,0.31432264908639135,5.628593071884825
48.0,49.0,True,0.5222214965399805,0.30923297515042586,1.2381006953235885,1.0610638826425944,4.925693497525958
48.0,50.0,True,0.533531183381802,0.1788532586431734,0.9644944332475188,0.5752709906055165,5.533641945448653
48.0,51.0,True,0.4617446010452972,0.15976937113303996,0.7488087996447156,0.1317417735381379,2.96686190289603
48.0,52.0,True,0.5902455451553482,0.16022138420074392,0.8557865230749957,-0.3818037831575019,7.259705254247865
48.0,53.0,True,0.40703440774628996,0.18478493887461125,0.7816623562626401,0.4549898478008974,1.0261327759895562
48.0,54.0,True,0.34485167320086857,0.17790813689907986,0.627149068760557,0.1586534339068434,-0.6794262734405803
48.0,55.0,True,0.5071467539428017,0.16490373767019556,0.893260244932903,0.2826573407859831,4.7399944567691605
48.0,56.0,True,0.6000378648407267,0.1576108971559964,1.036149062936699,0.13569428669155367,6.815619976268186
48.0,57.0,True,0.633072183759086,0.1842378293865412,0.8665007235542846,-1.0587487021657223,8.330171283894819
48.0,58.0,True,0.3627603138871113,0.19660077906808668,0.7119098545461939,0.20823433722732268,-0.055324863741221336
48.0,59.0,True,0.437569098391764,0.19212145397695196,0.7949513372907505,0.3205452948851731,1.9574569555198313
48.0,60.0,True,0.29032570107937294,0.1253724519107666,0.6098154533149795,0.7752747736271061,-2.5780155701811154
48.0,61.0,True,0.22832408208941204,0.14513864722972672,0.5294931548164125,0.45277524896035204,-4.162738894721344
48.0,62.0,True,0.3320853595817911,0.1420173482416556,0.7335084682001795,0.19140529442970416,-1.4352875737671393
48.0,63.0,True,0.22853392704582093,0.10469664513139514,0.4438801149962125,0.34573049915363435,-4.186459039549968
48.0,64.0,True,0.27452175921886746,0.14948881050868437,0.5017943062558436,-0.4534205408196449,-2.8515295830531393
48.0,65.0,True,0.2437443076588351,0.16101390335492527,0.5648877747497789,0.3998308887444603,-4.221073855652242
48.0,66.0,True,0.21832648823860296,0.12078340343973554,0.4357089302907551,0.08357833647209942,-4.508814345943756
48.0,67.0,True,0.197201068744585,0.10468320954687428,0.3901985510299861,0.25082214431638017,-5.31017896918509
48.0,68.0,True,0.23140044708992527,0.13196125436671602,0.5280929033386398,0.4904159064052284,-4.354447663596401
48.0,69.0,True,0.23905939420497233,0.11128523379937523,0.4370823640154047,0.1022142538045625,-3.914596095087524
48.0,70.0,True,0.2037593711649754,0.0774867678985293,0.3622092482408952,0.009623583972575653,-5.079657431117685
48.0,71.0,True,0.3191977810155622,0.21310772643279155,0.7195858654239589,0.8085027136195118,-1.531954795681642
48.0,72.0,True,0.3311419344159387,0.20259451796676572,0.7921286002387199,0.5550104157847605,-0.7630912563708105
48.0,73.0,True,0.43080818179450536,0.17741051648798925,0.8178784525804582,0.352577686409254,2.060821234525971
48.0,74.0,True,0.5127672044914898,0.18720199654952413,0.9956175584180068,0.4965711452660949,4.34267909624689
48.0,75.0,True,0.2904907968534716,0.15499788317716565,0.7192611816701397,1.2701236916653393,-2.3076683289131124
48.0,76.0,True,0.4255717035168475,0.19702523302589614,0.9296672159521808,0.9431377559862826,2.119788456475265
48.0,77.0,True,0.3295928747230747,0.15540679401753763,0.6263740336991537,-0.011538815633884342,-1.3670277097439352
48.0,78.0,True,0.4335549443063686,0.15140151984933772,0.7518003799974378,0.29955603509527523,1.8735031110712574
48.0,79.0,True,0.40933775445803294,0.13686487340958678,0.7356771619813334,0.4194973119866444,1.3315227037473498
48.0,80.0,True,0.4013089018021937,0.16147269913303086,0.6579526490984962,-0.18580385205236066,1.1955230210998562
48.0,81.0,True,0.3543443552228651,0.129926659701756,0.6084284697723926,-0.3125811936899792,-0.4081038053335685
48.0,82.0,True,0.5379866165400401,0.20069928785962407,0.8759293040951399,-0.48969674150660414,5.6533137972011085
48.0,83.0,True,0.37008549514083267,0.17540770162251443,0.7325816631924138,-0.04402541266219975,-0.004364943238978015
48.0,84.0,True,0.488196780990572,0.15103260955053494,0.7289290713121456,-0.0673479396730721,3.4403126852877186
48.0,85.0,True,0.4618187442028598,0.25557569079666553,1.4101503817762182,1.3317872278647067,2.095483123997677
48.0,86.0,True,0.3694927069739619,0.28096705235397007,1.1468374118903188,1.538468783563299,-0.07706287811140118
48.0,87.0,True,0.44171888181252844,0.18000503614817964,0.8264940477346069,0.19937055567580297,2.468520982775192
48.0,88.0,True,0.4036931394452874,0.22238851237973495,0.82301222640793,0.41098237147400946,1.3717613008250458
48.0,89.0,True,0.35417349718942454,0.17156898194318393,0.7824399679671336,0.47287101944638504,-0.7137867903370689
48.0,90.0,True,0.3868532663319611,0.19448558216790643,0.6887785115766435,-0.19422295092526562,0.8160429024899749
48.0,91.0,True,0.3852541223540382,0.22882181749580804,0.8873821533851447,0.5523192061974399,0.6828751141406451
48.0,92.0,True,0.26685793224473375,0.17900404843856504,0.5515609080325417,0.1656342301486016,-3.4698167662481385
48.0,93.0,True,0.40348080387940416,0.15627084802981422,0.6649722970917937,-0.15973958406431482,1.3883325312886567
48.0,94.0,True,0.39480484366008284,0.249058360139539,0.9335206112777428,0.39333760277519675,0.73192596558149
48.0,95.0,True,0.25733470971917355,0.10070369978951739,0.523676826112254,0.197127700880925,-3.706988257970889
48.0,96.0,True,0.27923333347849844,0.12238080645263333,0.5290189010367009,0.35105147839376427,-2.842576919779863
48.0,97.0,True,0.46284948053008446,0.28485487802233445,1.0426747604865971,0.7144470355116441,2.918860676901755
48.0,98.0,True,0.29727186622818136,0.1646789497674808,0.6116635486213209,-0.10399561017840689,-1.8749529960606104
48.0,99.0,True,0.3348949434470355,0.10341156008307842,0.5279581001019364,-0.1455738335842968,-1.1208477251269222
48.0,100.0,True,0.05869245892686419,0.06166401907038409,0.1911412999531415,0.6504688973529693,-9.709428513503491
49.0,1.0,False,,,,,
49.0,2.0,True,0.2226890636202024,0.12460759927773159,0.5550227071552691,1.4374382625262645,-4.874399101471618
49.0,3.0,True,0.3797671348966961,0.11630791632319448,0.6277564992760171,-0.7273660700855866,0.2592533962716264
49.0,4.0,True,0.6554138516936586,0.2647390861299148,1.2665694266787009,0.4103445075855559,9.519009401463736
49.0,5.0,True,0.28236696753655016,0.14405051828869594,0.5867115642710593,0.06340057009823427,-2.4271248734140953
49.0,6.0,True,0.3570330771648998,0.09789022213418021,0.5652731028031018,0.21447416190173563,-0.3732286912311979
49.0,7.0,True,0.36153030678312464,0.20795261228860915,0.8043797730038319,0.6551780473395589,-0.03917767947135109
49.0,8.0,True,0.4360698968689775,0.18795974318109976,0.8416613289254142,0.3847376592956457,2.3613950757609716
49.0,9.0,True,0.32459805017428617,0.17269943135097407,0.9047336385538152,0.8628330879497152,-1.809085813334246
49.0,10.0,True,0.30036021000206103,0.21391314206479925,0.8873800151176735,1.2433992915505205,-1.9822713976615742
49.0,11.0,True,0.3551642375094697,0.19211860794544772,0.842808009083134,0.8646784906493181,-0.13142885379267655
49.0,12.0,True,0.2929161145427552,0.13464356531687385,0.4979972046063645,-0.32171072070637735,-2.143682386435546
49.0,13.0,True,0.3175823124133886,0.1321817404132351,0.6429371089313939,0.6395015109882335,-1.3995633388643327
49.0,14.0,True,0.38624723253984394,0.11015131291213706,0.6291716751810991,-0.310854804893291,0.5029184345545773
49.0,15.0,True,0.564422163144646,0.26978528384263406,1.5,1.245915568785009,5.8565985494283375
49.0,16.0,True,0.3935274497184745,0.13768621420163626,0.6319359864655003,-0.3288393439847228,0.8333966354963827
49.0,17.0,True,0.42110078583269633,0.1699306315465625,0.77912603766986,0.4171752465624035,1.7428264454056202
49.0,18.0,True,0.39760315111725925,0.16772149089979752,0.766650165423003,0.2884479764315973,1.0099798876075543
49.0,19.0,True,0.3587465878798719,0.14889583885316754,0.6681909770521987,0.36951316001608275,-0.3420402753394393
49.0,20.0,True,0.41072612038880396,0.22735155354267658,0.9025368143858788,0.5524034876974897,1.2260127348248053
49.0,21.0,True,0.44381358198427573,0.1311615146271644,0.731410578818034,0.3576193919521413,2.3833239538781457
49.0,22.0,True,0.30337355321832665,0.1528593844853616,0.6553639830711032,0.47377944932537686,-1.8730089378876775
49.0,23.0,True,0.5394763940740674,0.29170396806197335,1.2576722055113334,0.3945161370380769,4.6780385094069405
49.0,24.0,True,0.45746890196301926,0.1743891014014647,0.8332557262312171,0.0312852189871178,2.618644532566158
49.0,25.0,True,0.2722793008083154,0.1432470022864923,0.6099915603643707,0.3634940186353419,-3.2316950194252003
49.0,26.0,True,0.24794790056778138,0.11299061246214463,0.4627642950715779,0.06067437620028731,-3.5623237584888034
49.0,27.0,True,0.2703989395601512,0.2227743057456111,0.8241931370551656,1.0254341302913619,-3.031948435263341
49.0,28.0,True,0.4410609824388017,0.19353426464228374,0.9038230085584916,0.46430837255260526,2.3954257218493105
49.0,29.0,True,0.3165983257314862,0.1338887454099317,0.5036804232259748,-0.30166223200463077,-1.4944859650282614
49.0,30.0,True,0.31550134457418805,0.11758300910396392,0.6252204701282268,0.8236997656374981,-1.505667892474263
49.0,31.0,True,0.351985161257262,0.1831705081849864,0.6982475613015794,0.2371979231215942,-0.32426356916386967
49.0,32.0,True,0.3065102186015106,0.1962755499916929,0.7596788792482463,0.5378420114594821,-1.8702074541997915
49.0,33.0,True,0.386347211637275,0.16194904256456263,0.7766588008621038,0.060267938603897925,0.48365626811070156
49.0,34.0,True,0.46115126733088435,0.14647071303348125,0.7513020919426634,0.15547645297604595,3.0373463283292503
49.0,35.0,True,0.5047753362181424,0.2586592265852461,1.0432287505279447,0.29947475403701174,4.612353369849767
49.0,36.0,True,0.25764842830197593,0.09356721191772957,0.4453909313870524,0.06686062911843135,-3.460831296640455
49.0,37.0,True,0.21763040252296842,0.12084280791315893,0.6639035532926252,1.651012793451576,-5.012214466357508
49.0,38.0,True,0.35617491894102055,0.10296505096734726,0.5723992673994321,0.6081072303855134,-0.30967915428300347
49.0,39.0,True,0.38690051494341654,0.12609478445666453,0.6363008484677085,-0.14360738996628813,0.29832614229523097
49.0,40.0,True,0.4683600854566281,0.23189055071911666,0.8990838941546933,-0.11928428274528904,2.911341122660187
49.0,41.0,True,0.4776756647890444,0.21037632802780523,1.172074289546242,1.2601962643431273,2.842634558147214
49.0,42.0,True,0.5838161246247434,0.22016441840584858,1.3104788233299354,0.7941437162241951,6.325820438121272
49.0,43.0,True,0.5283746298627295,0.1957680860271143,0.7930061845875822,-0.79530167554397,5.302339245116282
49.0,44.0,True,0.4311957934638437,0.2465518666200766,0.9324454266225488,0.08199050372988205,1.974936153622381
49.0,45.0,True,0.6657780539742898,0.2055437659267038,1.0648644805496428,0.010300381621919227,9.449079480074682
49.0,46.0,True,0.31570205718891714,0.09255344380044472,0.4670776547364507,-0.24883820719895014,-1.5798079446569055
49.0,47.0,True,0.39260659864942343,0.11825283468342201,0.5977811654851766,-0.14650703492190986,0.8404681649426251
49.0,48.0,True,0.3399200790698403,0.14323585690723512,0.5869505653768102,-0.3667785745858184,-1.0616587254308625
49.0,49.0,True,0.34883118171504746,0.17710189684984604,0.6116171411600955,-0.1422795221186529,-0.641180312390716
49.0,50.0,True,0.5492528318315476,0.17210357178694663,0.946121931352368,0.9272112279487192,5.285662750945403
49.0,51.0,True,0.46178542411989987,0.17439079420053719,0.8230857875033075,0.3060481047459497,3.0807969098601973
49.0,52.0,True,0.39747706183090914,0.1292696530614782,0.7350270376891079,0.5025683302100458,0.7308818443111051
49.0,53.0,True,0.423879792728582,0.1429565383635519,0.6746520127413312,-0.17344765915376176,1.8456476469663357
49.0,54.0,True,0.5028831345982573,0.17021027396380226,0.9369707316332312,-0.3108085796883727,4.298912684302322
49.0,55.0,True,0.5128067450630875,0.2087640877659531,0.9420487155294144,0.13424987040696218,4.205690318052315
49.0,56.0,True,0.5178460819735161,0.21844838219610543,1.120265764692186,1.2279995424894623,4.883254201661225
49.0,57.0,True,0.5604751084142606,0.22608206455321064,0.973131498999444,-0.025763322417248907,6.134063503680287
49.0,58.0,True,0.4510680245023505,0.19191784156512867,0.8412744328618845,-0.058323094648213517,3.1049056198449643
49.0,59.0,True,0.4096710182600943,0.19964910052455825,0.7449403320011962,-0.21953146997260245,1.3003378375362855
49.0,60.0,True,0.41865592799144663,0.17218642354669722,0.7571029673134996,-0.048068768850916176,1.6893494249633416
49.0,61.0,True,0.2467912385313536,0.13790521288619192,0.5062953693929849,0.08220265646847327,-3.516492529735461
49.0,62.0,True,0.38821031052923594,0.09433813604519477,0.6038890066470564,0.5980359347483218,0.5137309484868267
49.0,63.0,True,0.28702113955676706,0.1442690156120622,0.576582318152234,0.37780487306277183,-2.6945207575770054
49.0,64.0,True,0.2315930567306581,0.1362550586064711,0.5925509941610643,0.4026535315627969,-4.52136119900922
49.0,65.0,True,0.20410529741829425,0.12604259890135958,0.7206937820177036,2.131145796196812,-5.433417504085799
49.0,66.0,True,0.3590905639890423,0.19946695109858537,0.8795969514952813,0.9147681742634596,-0.6301647026050996
49.0,67.0,True,0.27809123868314983,0.11783036949678279,0.5811608285484466,0.33131841158974246,-3.0154648110748123
49.0,68.0,True,0.35640139740697135,0.14601968733679735,0.5718266072401222,-0.44263650892454554,-0.374405462922918
49.0,69.0,True,0.22755387474871536,0.1100881192462105,0.4018299764488384,-0.10549980977416185,-4.163343735682918
49.0,70.0,True,0.24149064676249762,0.12280552760782323,0.5429103889417162,0.9456608921187586,-3.7834878273535186
49.0,71.0,True,0.3072057104803196,0.158446585717191,0.6381087278983659,0.6426006363943914,-2.1149235686073773
49.0,72.0,True,0.36738939233305146,0.1469536961834012,0.6833251573506909,0.16699802034188357,0.021680406197809893
49.0,73.0,True,0.2781072400410067,0.10918484350066726,0.5301892627146104,0.2524477461592964,-2.958328521333089
49.0,74.0,True,0.39658142502056276,0.11213281595575467,0.6618700127796163,0.22879004762632676,0.9588266665043417
49.0,75.0,True,0.4240621120316074,0.1291947152997977,0.6325436410538212,-0.26562834726056894,1.722983684308771
49.0,76.0,True,0.49545430216732667,0.2853723881461396,1.2272612300281958,1.2528945884063099,3.849255240862588
49.0,77.0,True,0.5106072330806531,0.2296272345680092,0.9520260857164184,-0.11741298794386422,4.836923534951237
49.0,78.0,True,0.42718763190841963,0.1902149873284128,0.702361396264461,-0.8325748168058349,2.1268237518213793
49.0,79.0,True,0.45295391054729434,0.20240605496404981,1.096218788202174,0.7294924717946403,2.1777277673720326
49.0,80.0,True,0.4614889130506235,0.22353566675224698,0.8092076754611511,-0.20324925538858463,3.3852346412314973
49.0,81.0,True,0.5086204053413554,0.21090407948210493,0.8826018664953856,0.05295083864103968,4.5712131568185645
49.0,82.0,True,0.41123108504611894,0.1848828704011347,0.8365740530541456,0.5258434601995677,1.0870466616714374
49.0,83.0,True,0.5202655233579663,0.2532891453722167,1.0925648105374208,0.5816988998036876,5.337171490186766
49.0,84.0,True,0.4891972545279348,0.18171957926308932,0.8953882916471776,0.1273825441125413,3.697251222025656
49.0,85.0,True,0.5172677596120392,0.1654477648320652,0.8710459975361124,-0.20783686733410497,4.475060928187832
49.0,86.0,True,0.5617376922274901,0.30814920640161053,1.17782998052333,0.09486233353453408,6.19648600603668
49.0,87.0,True,0.5119623816489,0.208959957857665,0.9544654134179538,0.3651593761951408,4.55284878014385
49.0,88.0,True,0.34861065289358323,0.14663970612249874,0.5916207562653693,-0.18747079061347058,-0.3420598323159105
49.0,89.0,True,0.3192824288929838,0.10517118428283767,0.5207659131268481,0.42858662928281616,-1.6670626981718755
49.0,90.0,True,0.3029200841714141,0.17708128890705407,0.6280206296227989,0.1239674364447088,-1.8521963716236707
49.0,91.0,True,0.3430875721262176,0.18541461241924165,0.8739182945658115,0.4711255090253315,-1.2102979698654917
49.0,92.0,True,0.38942950482200517,0.2048107409213454,0.7027397406001411,-0.084665018427733,0.9238390552368175
49.0,93.0,True,0.2512812299194809,0.13263612010292344,0.5964868367002725,0.6392048835041781,-3.8373733300194113
49.0,94.0,True,0.292180443004379,0.13461920922101836,0.6415754359700536,0.2390946324507718,-2.4553514644400076
49.0,95.0,True,0.3232891095888496,0.1847796618522652,0.9092550043077152,0.9684531254689944,-1.6215159238540942
49.0,96.0,True,0.3532038872264199,0.1975987654594398,0.6592499446497961,-0.19059834127482675,-0.19577202613443695
49.0,97.0,True,0.43404855661017294,0.19067624872973551,0.7946616406634518,-0.30909005468722794,2.2598857320693115
49.0,98.0,True,0.4453655374232533,0.18309366457750884,0.8676743413806113,0.41147617053043983,2.7363572534664122
49.0,99.0,True,0.30847158096536753,0.1365719481224205,0.6102830441158913,0.25655732633140094,-2.0801466693592494
49.0,100.0,True,0.0887616833117536,0.04901201767252125,0.1975492560122493,0.15049417355527125,-8.828722511874227
50.0,1.0,False,,,,,
50.0,2.0,True,0.3724237749382258,0.1646291243343215,0.6916249393128849,0.13547888036854738,0.1677533366384626
50.0,3.0,True,0.3519618811475385,0.12182136885454488,0.5153061058740569,-0.560936731709522,-0.3363655000714766
50.0,4.0,True,0.46462397701292757,0.2005052750039713,0.8203900425995523,-0.3383758456287983,3.267652814106571
50.0,5.0,True,0.3894808316031684,0.21451197222533203,0.7575863504359106,0.40977401649358675,0.7655300019516031
50.0,6.0,True,0.5241021024583827,0.21336764276210343,0.8799606186453355,-0.06748429024492372,5.2371682367589125
50.0,7.0,True,0.4491045763144946,0.23501251757619443,0.9139059079981408,0.4949488995194867,2.956022296956048
50.0,8.0,True,0.44504383229745853,0.20781794355786418,0.941455054182047,1.1252647594044642,2.5270372182883483
50.0,9.0,True,0.37846533418487865,0.13123931413703868,0.5815595121805928,-0.39926919036187597,0.33386742951863996
50.0,10.0,True,0.2525812647334183,0.11354511681097157,0.4906467720540105,-0.028713772649161768,-3.6275836210471795
50.0,11.0,True,0.37752404477285845,0.16709202307454796,0.6993232737293358,0.06492428550134989,0.5380264465662254
50.0,12.0,True,0.42341077455186477,0.22428864758461875,0.9262217576040596,0.8645190517744783,1.7318102710157075
50.0,13.0,True,0.3668495332114623,0.17751851040471664,1.0668752039261054,1.8137316213337311,-0.3386786557340092
50.0,14.0,True,0.35730815189322274,0.15080899810570483,0.63748985849189,-0.1539456118227964,0.056175014872794034
50.0,15.0,True,0.49528173770343625,0.1796127844549069,1.1448733528589692,1.2944599645052264,3.795414843001505
50.0,16.0,True,0.4525553100613895,0.21314934191734383,1.040675195469884,0.5561785519476667,2.386045945973975
50.0,17.0,True,0.4707091935577028,0.22091556459443418,0.9407333384749802,0.24658981972373592,3.1305019012584308
50.0,18.0,True,0.4017950339770356,0.1813564676308774,0.7571527652645367,-0.11491273675512599,0.9877657010916814
50.0,19.0,True,0.4642263993828955,0.22155866936170104,0.9556077077395368,0.6177555317394554,2.9289303875206114
50.0,20.0,True,0.34873046604586205,0.13249215252906976,0.5935470139911851,0.16191006571428557,-0.5857397517770646
50.0,21.0,True,0.6398420529686665,0.26165247616491105,1.2161041516637383,0.36807910783902714,8.412300231171335
50.0,22.0,True,0.4953476153278829,0.170610209337277,0.8359722922038899,0.05820229260587503,4.2492445239383025
50.0,23.0,True,0.43938654016629647,0.22534262011205247,0.8677024415414658,-0.07938498993342788,1.9478577683028195
50.0,24.0,True,0.4847271754355772,0.21418679805133903,0.935366496524944,0.35083604013611,3.643170351787262
50.0,25.0,True,0.4097467965385758,0.1510877263630748,0.8786301856420518,0.9271797327661969,1.155159576248069
50.0,26.0,True,0.2854792743386812,0.16156046888081232,0.5987694870944981,0.30516438111802713,-2.7667289708474136
50.0,27.0,True,0.3495818227204672,0.13825687659555508,0.8330293334423161,0.8348225497845538,-0.7966043168223917
50.0,28.0,True,0.26322597784871965,0.13641650748754042,0.489108868274399,-0.03570499796847048,-3.66302410163712
50.0,29.0,True,0.33016503330337815,0.15826910140538805,0.5829194807930229,-0.12781757192094914,-0.9301427766837209
50.0,30.0,True,0.2747837368383202,0.13673075845302562,0.5228358266197314,0.0003094986410952386,-2.9145950205438
50.0,31.0,True,0.3185268226196738,0.15329439292593672,0.6384594675182238,0.1466181509086106,-1.7090762780629216
50.0,32.0,True,0.35598131547423234,0.16213246780055696,0.6444248036915856,0.08262122738098086,-0.08266225250429252
50.0,33.0,True,0.26244654465976336,0.08098302441831796,0.3729846623520894,-1.1321904229378612,-3.2473550161889295
50.0,34.0,True,0.34073772340303965,0.1647055013139062,0.7142333513051241,0.35747049124603086,-0.8261809856084084
50.0,35.0,True,0.3265819550903622,0.16827534212486425,0.6615895467813825,0.22352420424376382,-1.1474711817078622
50.0,36.0,True,0.3219567387537958,0.2209391501890568,0.7009806955599902,0.3205947201363555,-1.4886796571204817
50.0,37.0,True,0.38230545248350867,0.11384582065815685,0.585713209609009,-0.15894001138904335,0.30504755604300804
50.0,38.0,True,0.3628305144460676,0.12659883094218782,0.5469801843019895,-0.5027483059019857,0.06376884939014822
50.0,39.0,True,0.42630765776581736,0.23395647297703967,0.942081928158268,0.4050893700207785,2.017834607204217
50.0,40.0,True,0.5201491057586446,0.18371507160163283,0.9759882594383958,0.6785749875225429,4.614027749122626
50.0,41.0,True,0.40771413642864984,0.1865272964098179,0.8345703854445788,0.2386741488103238,1.5707740149728155
50.0,42.0,True,0.6803822738577066,0.1948711005062346,1.0675465864240787,-0.17469267513990477,9.798892262436985
50.0,43.0,True,0.5265545401467269,0.2531396659503288,1.0573389708378105,0.07216048519308789,4.887819322849112
50.0,44.0,True,0.48300479073221936,0.16180536875665757,0.8961282776142172,0.17293047104279213,3.4406127228020327
50.0,45.0,True,0.48921572226216964,0.22158781136323996,1.0440609915835872,0.9491732906103166,3.524096509561268
50.0,46.0,True,0.5524280572868899,0.15811133579138978,0.9256545681245169,0.5137336443778953,5.9221594422474135
50.0,47.0,True,0.3767764642960192,0.13692108959653737,0.7004902299405448,0.16485483764589823,0.38377021396833794
50.0,48.0,True,0.47624812622282336,0.25481370787811675,0.960576994164415,-0.21316912651577305,3.8726475501944213
50.0,49.0,True,0.42211079840138077,0.20724949052751263,0.8053648102358447,0.03459894042096554,1.691179764784444
50.0,50.0,True,0.5784851376603547,0.18873660783389828,0.992682891601836,0.1516341484981225,6.820032995984865
50.0,51.0,True,0.39614769103974296,0.16360371356563985,0.7681171922092117,0.36017282901216546,0.7612049156213793
50.0,52.0,True,0.39656311388379756,0.22627384606472228,0.7810485994050425,0.2334773638961091,1.0237694050722344
50.0,53.0,True,0.3916319529888646,0.17387304424710875,0.7656270812795208,0.41782327430930605,0.6860912445446282
50.0,54.0,True,0.3633403931714462,0.15134165550278317,0.701038307028305,0.014103179975464708,-0.14451953938844986
50.0,55.0,True,0.49508032886756415,0.1614542776207266,0.8819384095983491,0.2602850876326143,3.516421124275897
50.0,56.0,True,0.5059445400395112,0.2605857013220144,1.043983862151018,0.17682417585615315,4.475708812915264
50.0,57.0,True,0.3703589162393095,0.11488096921727327,0.5123451393839644,-0.6832872831185126,0.19108629646755412
50.0,58.0,True,0.4989017378491716,0.2419021318077654,0.8943850572776072,0.01745978325570021,3.886328485952934
50.0,59.0,True,0.3633018627335453,0.20810913653399243,0.8351558177577482,0.4855308938208976,-0.4380127999016179
50.0,60.0,True,0.27479252465057924,0.15142979944208926,0.5570064560692843,-0.2732712846645981,-3.3412315543433593
50.0,61.0,True,0.38883864743050484,0.19925786394414877,0.8936467891251004,0.5035889136958442,0.9104246164873164
50.0,62.0,True,0.34205080958442746,0.1430182229313327,0.8554506144161044,1.2959001737945426,-1.1250475078609794
50.0,63.0,True,0.3197556944295414,0.16639261087451074,0.5942542896921836,-0.24229992704810732,-1.498158716373668
50.0,64.0,True,0.22013462895652414,0.13993275104610675,0.5103088114159813,0.47673151771652567,-4.74481480471652
50.0,65.0,True,0.27303325780050886,0.08270190541185894,0.4279529880700244,-0.13255295884950194,-3.0513943163204473
50.0,66.0,True,0.3346929668317061,0.09582340310501528,0.5716157119709369,-0.07601078968743732,-1.2708893446535283
50.0,67.0,True,0.21625086537203858,0.16299092685200223,0.541517196898712,0.5365770886551394,-4.913329072862273
50.0,68.0,True,0.2699451202637517,0.11739477239113773,0.657487441681522,0.9535060867948432,-3.41682732521384
50.0,69.0,True,0.2522929830949748,0.20088848850073115,0.6898143642361217,0.7438193791693943,-3.3920327649026585
50.0,70.0,True,0.2832606293082846,0.14605240691289026,0.7506471443458379,0.7152074439900918,-3.1583927577696773
50.0,71.0,True,0.34793930269651807,0.32232220984764337,1.1572736001453188,1.1767163821422755,-0.12575253571196554
50.0,72.0,True,0.25737122099545445,0.18232460788533464,0.6677172955231284,0.5685391270100076,-3.4499856390107295
50.0,73.0,True,0.28159133880076964,0.131485535272161,0.5541282051656932,-0.09146317704957471,-2.569907742717696
50.0,74.0,True,0.4031811534031692,0.14872015434968253,0.8671186777578195,0.6785015081507769,0.7761844683264901
50.0,75.0,True,0.4274356352998756,0.1602658560215607,0.9281592032220992,0.6742391997643203,1.5165118753804265
50.0,76.0,True,0.36103362210854584,0.24763225023544086,1.189724392260349,0.86506274802297,-0.3693482940303872
50.0,77.0,True,0.3778439631367941,0.12260940229592794,0.7696124484744727,0.8513720872559807,-0.0099848526648348
50.0,78.0,True,0.45556516786100304,0.14877709909447923,0.8832423639941106,0.07773018821363958,2.52170673277426
50.0,79.0,True,0.44254313795600325,0.16961303152789345,0.9259402754717102,1.078976381082396,2.0255335191062773
50.0,80.0,True,0.5082919764628011,0.15693699665898952,0.8366347898459355,0.17048895664899824,4.426625783686423
50.0,81.0,True,0.575182992115981,0.35105199036277684,1.3545103995743175,0.7465552473490752,6.419705082289868
50.0,82.0,True,0.365039348982465,0.1964012749006668,1.0767346525275956,1.0077565277701237,-0.33395029692921246
50.0,83.0,True,0.4221367167117868,0.17097553859337963,0.7499064256327972,0.17462411216507265,1.4684188816057508
50.0,84.0,True,0.5341433273093902,0.20249604334197335,0.9506952597129088,0.5118783424575741,5.008454650280612
50.0,85.0,True,0.3819098478943745,0.14042156332925756,0.9212126742569766,1.515777656681799,0.2309889141416213
50.0,86.0,True,0.47317979746511424,0.29785023642490044,1.3980669518202589,0.6465640038212301,3.06544523884817
50.0,87.0,True,0.39719999320826344,0.21393334530838118,0.7993637773090766,-0.17070620761673155,0.8601827553124556
50.0,88.0,True,0.45646040128157095,0.18898659648991814,0.7687567402006129,-0.48837770246810036,3.029839293804242
50.0,89.0,True,0.3324857881319017,0.21441370805483964,0.9282584678143312,0.4936339504429492,-1.3330979463618124
50.0,90.0,True,0.38572220511468963,0.17739840343492067,0.770811694956494,0.416780826197033,0.5039865051216309
50.0,91.0,True,0.4270581575326898,0.2058680560040472,0.8035846483828119,-0.020821684829670523,2.129508317358842
50.0,92.0,True,0.40059172817104627,0.1779586652377849,0.8409945194579841,0.4301489536981395,0.9361434716606314
50.0,93.0,True,0.48089223956014376,0.21012684419841932,1.110015938362982,0.7061648919227579,2.9837799910314775
50.0,94.0,True,0.4484153897244052,0.1957226552905159,0.9158510729407984,0.5574473058291064,2.868944502733957
50.0,95.0,True,0.36332321565081427,0.13927021823002037,0.6434333834651167,0.4672681100651957,-0.24880869448566167
50.0,96.0,True,0.36966780451063475,0.20039959931592924,0.8802676120780002,0.503183936476829,0.3282185808220331
50.0,97.0,True,0.3672590561346963,0.2033830686824913,0.8452779572457108,0.11394710263247179,0.047072909852712785
50.0,98.0,True,0.41318974137877207,0.2318404510201274,0.9426580026913068,0.9814510024141955,1.457413299256221
50.0,99.0,True,0.40899014043067194,0.15401119783282155,0.7391900264308369,0.13739671461569172,1.2253970741534523
50.0,100.0,True,0.16085137385937587,0.08856843520419921,0.2837845075486409,-0.526780449798162,-6.481117894956815
51.0,1.0,False,,,,,
51.0,2.0,True,0.22773822878719926,0.1851618043534672,0.68751333686543,0.845667904836146,-4.130544690873642
51.0,3.0,True,0.3687571499361595,0.24725099885234134,0.8925785897460419,0.5599240262032934,0.17731998363875645
51.0,4.0,True,0.429733345855573,0.22241825548123537,0.8282803957035769,-0.2621189333428171,2.0729328673002216
51.0,5.0,True,0.4182680511835568,0.24784977530667343,1.3723098842536876,1.658302174274776,1.3013233145758871
51.0,6.0,True,0.4529766118845224,0.17138134200741642,0.8334541203997933,0.5880585783138799,2.550108406991999
51.0,7.0,True,0.35974425112125824,0.18052531895397628,0.786777204564115,0.8692464705220628,-0.36877145891637236
51.0,8.0,True,0.3471525374937933,0.13670221180994177,0.5763332696012958,-0.403445203015312,-0.6456851028526109
51.0,9.0,True,0.3496498556642416,0.2653020383300728,0.8804677564643425,0.38901854138405156,-0.25981409537944616
51.0,10.0,True,0.28618632207600236,0.13038627353388668,0.4943800059327763,-0.4489963867558124,-2.5870621348146154
51.0,11.0,True,0.29099394139250345,0.12836313784048836,0.5738513698075242,0.11718937812373188,-2.284597216498903
51.0,12.0,True,0.38967327607606916,0.17401593744832883,0.6866398281274002,-0.2068215741388852,0.8413189102118145
51.0,13.0,True,0.40953615469892196,0.18992350644245262,0.8299964256269572,0.19811445922240856,1.6404901258566502
51.0,14.0,True,0.30518698035407393,0.12657271227294561,0.5496897223016369,-0.06240107386135217,-2.2349879660701264
51.0,15.0,True,0.2640837731450935,0.1146814083315795,0.5648442013350196,0.4512674914329314,-3.5318946547586023
51.0,16.0,True,0.32901353634300035,0.18947597634993543,0.6886538553063792,0.3103777063834149,-1.0318848603969701
51.0,17.0,True,0.35832449358152585,0.177601875759644,0.826551551619614,0.5178543017005377,-0.6768739366988394
51.0,18.0,True,0.5059753728330504,0.21237844524440427,0.867931553828572,-0.2425960458617491,4.610749219295778
51.0,19.0,True,0.4713893508287111,0.16261836003303745,0.7410109283482489,0.43472129004694005,2.9563185566639065
51.0,20.0,True,0.565848724022316,0.20844431067850808,0.9495367009602927,-0.17324893241827807,5.954969785542908
51.0,21.0,True,0.5388137676464575,0.1868603165834447,0.9057847527884964,-0.2371186689096168,5.550778115181045
51.0,22.0,True,0.4771431200173649,0.2007211827125436,0.9705521743466716,0.500620531123197,3.6644401597666327
51.0,23.0,True,0.3129814487435733,0.1968179523295637,0.958329208380394,0.8766181010637499,-1.8969968313474244
51.0,24.0,True,0.4265644867714072,0.20023753578693015,0.91619862418449,0.8083067875601742,1.926274254297434
51.0,25.0,True,0.4181658453457637,0.20279068119711446,0.8043933090511386,-0.006362225430551725,2.0268298449927022
51.0,26.0,True,0.3382606515159197,0.1758860196748747,0.6155824689250157,0.008934480430690957,-0.6411219378706456
51.0,27.0,True,0.4429653225480874,0.23759761411461497,0.7743713472131465,-0.5082609093104558,2.513139849290965
51.0,28.0,True,0.36426027069869654,0.14327637890364428,0.6990215902292021,-0.10956426215231989,-0.4072904900017766
51.0,29.0,True,0.32106160691261953,0.1948322439288048,0.6654446101864337,-0.21829253234366627,-1.1679816460915986
51.0,30.0,True,0.20815612284367233,0.15816598515383923,0.5879009090585614,1.0398085424650534,-4.896238857127847
51.0,31.0,True,0.26108104693891665,0.16051011670722384,0.6952846836374442,0.49593283609380817,-3.394971950999406
51.0,32.0,True,0.2352050169330049,0.13379674768122932,0.5244019486319916,0.18413824905920295,-4.024244800296966
51.0,33.0,True,0.4056251254122408,0.1770124179297766,0.7357258653540564,-0.4429902693521005,1.5963008992836465
51.0,34.0,True,0.2969219896301918,0.14326631785617905,0.514412666942649,-0.0856059510678941,-2.1215115868326255
51.0,35.0,True,0.4047127115905009,0.1942642838357547,0.8526589960409949,0.2864189323102277,0.9548202351092978
51.0,36.0,True,0.27778570506084843,0.16228068523065656,0.5477012818767071,0.0451603985921493,-2.811286888948949
51.0,37.0,True,0.3280491749969427,0.20136776994216746,1.004330655013817,0.9963687980251795,-1.7150811580886134
51.0,38.0,True,0.32457102954931727,0.15391755644318067,0.603432349902599,-0.13935340045098313,-1.056607111035849
51.0,39.0,True,0.3733202106779567,0.12010102713423502,0.6077818654263151,0.055227101870616066,0.20264061808879721
51.0,40.0,True,0.5214152698569735,0.255118309552317,0.9895658756354528,0.08548961809142158,5.058078885673379
51.0,41.0,True,0.5014930086109831,0.2919127212740025,1.4405429482190382,1.0366081474249522,3.7579250370190658
51.0,42.0,True,0.414670368704014,0.10941137873462761,0.678812085159723,0.5371773250015938,1.3203668711306285
51.0,43.0,True,0.5919689144562179,0.21025237705878733,0.9434790001517508,-0.3918770128223694,7.166949339383311
51.0,44.0,True,0.5009523134989683,0.17622194123955612,0.9012954243923432,0.15249814331126585,3.958473729371796
51.0,45.0,True,0.5810293357385559,0.1481810513847582,0.798117848535656,-0.19312312029537237,6.677742858519874
51.0,46.0,True,0.6267709677138718,0.22267575057909242,1.01376270984895,0.05609159638794706,8.029143909489141
51.0,47.0,True,0.4692450787880236,0.20045070348705665,0.9053478551474478,-0.14001302967221843,3.040501865577599
51.0,48.0,True,0.37718404959311946,0.12542912735614353,0.6269195103386173,0.16626984795359864,0.10276474621907034
51.0,49.0,True,0.4042898746595561,0.14997146282107804,0.6953546588074766,-0.2369524277948012,1.12531247238256
51.0,50.0,True,0.4318111555601375,0.22756391821937114,1.0164670698461251,0.28779987206821245,1.4570904069095716
51.0,51.0,True,0.431613332219362,0.22448809546229262,0.8087998469529213,-0.3380015193590731,2.362779628814822
51.0,52.0,True,0.45802568145677286,0.21990915579975753,1.0173753390025404,0.916575022806963,2.8880408118654732
51.0,53.0,True,0.4692799292959508,0.24322884534475253,1.0971358305913264,1.094464049310703,3.175111082409872
51.0,54.0,True,0.5209978872406715,0.2628300732133736,1.0846614995473982,0.4535590740827153,5.242315079718456
51.0,55.0,True,0.5590982645044854,0.2637644491296826,1.068131638778784,0.2972029868802283,6.378218222980663
51.0,56.0,True,0.5038227618838206,0.24006398464461173,1.044820195394594,0.24734480697223668,4.209558235086225
51.0,57.0,True,0.5941125000677375,0.20913439531702951,1.1834574182595772,0.9317421718055882,6.858447143055744
51.0,58.0,True,0.5732327240041857,0.22409830202743855,1.0071922863669966,-0.12967843009335567,6.466256969808207
51.0,59.0,True,0.41031070555442883,0.19566277700707724,0.8553005226263101,0.2755601855263918,1.3713930109606465
51.0,60.0,True,0.3709274729513647,0.2448532506039916,1.2695043503708832,1.2718184650657982,-0.1782154091287103
51.0,61.0,True,0.31543636753620546,0.16562013677335213,0.6939546120335548,0.516311587806088,-1.559031905536616
51.0,62.0,True,0.29298310816732376,0.19601640110085589,0.762947428915346,0.8419962267472251,-2.250139866730594
51.0,63.0,True,0.4148448237569278,0.22559029120254406,0.8379510094080301,0.07478188087488363,1.6615535851626315
51.0,64.0,True,0.24273995172132332,0.106633227893025,0.4393951368074878,0.4907716401906293,-3.778361160312344
51.0,65.0,True,0.2916753610615628,0.19778415375946581,0.9441221803656074,1.1540203131964488,-2.4927859959772167
51.0,66.0,True,0.2895368776217745,0.2213603841997379,0.7939990357312982,0.7826853818134273,-2.38602239911897
51.0,67.0,True,0.25300731147812144,0.15517960128654587,0.5382057757252369,0.05341767316379441,-3.496357960509842
51.0,68.0,True,0.2671490416804789,0.07318656572168268,0.3825001847136033,-0.27034886533746,-3.0561925549242
51.0,69.0,True,0.2776190525608546,0.11356949976543822,0.5222118553947683,-0.1824181647251128,-2.9454475614416356
51.0,70.0,True,0.2967982976677443,0.12533571023411424,0.517911982920777,-0.11153180361142777,-2.0098376576526062
51.0,71.0,True,0.2727050826210512,0.18524050441417528,0.6745070164071616,0.49927765424997417,-3.124774886265744
51.0,72.0,True,0.379679895226291,0.19836225084170264,0.9943743306696584,0.7347844006101681,-0.25155753138852976
51.0,73.0,True,0.31553330468394863,0.12248390854883592,0.6079116007073351,0.49123747787833183,-1.7931835913392018
51.0,74.0,True,0.23609913399691523,0.1340263418934964,0.5064876293239292,0.5138506541397755,-4.174545479005052
51.0,75.0,True,0.37963309037169074,0.20327806612026525,0.8123238259157536,-0.005834672470177151,0.30855527000112676
51.0,76.0,True,0.38882682049898837,0.14570234715134409,0.7799629890184323,0.4477554221835039,0.40806542629864256
51.0,77.0,True,0.40033491338456534,0.2051406467782625,0.813156842238109,0.21371545293833016,0.518755794882583
51.0,78.0,True,0.433768891109124,0.22271303173206622,0.9615271340376622,0.35667724077189356,1.74178486814006
51.0,79.0,True,0.42151878426535616,0.1039999413583798,0.6280918751385658,-0.3727073444152991,1.4264760145135038
51.0,80.0,True,0.40294658558517493,0.17280026676259674,0.8324758102053249,0.6995144215155128,1.408449223088457
51.0,81.0,True,0.6124200210404219,0.23794788645024803,1.3832092790831176,0.3347214253454805,6.994631951136911
51.0,82.0,True,0.44538513676601876,0.2086939724872594,0.8873122482725642,0.16547274454450225,2.044395692477708
51.0,83.0,True,0.4335192863396826,0.2508979137144598,0.981710315611481,0.9136401473223998,1.7321375063574649
51.0,84.0,True,0.4556849196186443,0.20730076675285322,0.8996491910775024,0.530992277391118,2.743300034125446
51.0,85.0,True,0.38272943723399466,0.21388025117670073,0.9714243115275768,0.9526025673723594,0.6149720971179234
51.0,86.0,True,0.492137950871397,0.1914173187124356,0.8359505760468946,-0.2814228283999036,3.9653634549159036
51.0,87.0,True,0.3105192234209112,0.17445613362136528,0.6990822083058663,0.20036125001315477,-1.8795043414084383
51.0,88.0,True,0.5106232669837623,0.24346499681806455,1.0012704573269449,0.40677655458238,4.783714376229518
51.0,89.0,True,0.5210422281598286,0.21019755284952346,0.984679890316562,0.36448752578064664,4.980005640980154
51.0,90.0,True,0.42078764785844536,0.16142916894994794,0.758773210765241,0.598332501456702,1.4498167900004606
51.0,91.0,True,0.36201237302096667,0.17072650357745806,0.640337338477199,-0.5568532975883366,0.10665974441946088
51.0,92.0,True,0.28466769979908585,0.1609765507331262,0.5636261445931741,-0.03854954931288212,-2.465728705649716
51.0,93.0,True,0.47721095386382584,0.23833611168804186,0.9390161605171404,0.20631281675826607,3.4742995150000064
51.0,94.0,True,0.4484879328376614,0.18007324337529637,0.844198806400126,0.48765011120361923,2.546967828090729
51.0,95.0,True,0.39896334487422397,0.1655744224429331,0.7927131650583457,-0.11137161871767193,0.6109593260204567
51.0,96.0,True,0.3412248994875257,0.08952736222781049,0.5298924281114353,0.3123685894009559,-0.9060922262374436
51.0,97.0,True,0.3490501628669892,0.14001045072130994,0.6889402118587875,0.3527587687238925,-0.9514681643883975
51.0,98.0,True,0.4133757177192498,0.24709431049659494,0.932504012255842,0.4571810480484768,1.2792816497941037
51.0,99.0,True,0.3190929276140493,0.1672100447145175,0.6525148951531521,0.13739567616738582,-1.358185832691714
51.0,100.0,True,0.16302202848274905,0.092365381243987,0.3306060842034699,0.06749252973036307,-6.451872067712739
52.0,1.0,False,,,,,
52.0,2.0,True,0.275251952083979,0.100485065722749,0.490554675868822,0.8452108920286069,-2.993602565724974
52.0,3.0,True,0.37287955858435806,0.24089388702494197,0.9724708370527148,0.9784228962246039,0.6279272651391036
52.0,4.0,True,0.32405314492892884,0.13583158531781783,0.5725094136364809,-0.008017578616085132,-1.402753389718597
52.0,5.0,True,0.34956359618548927,0.17267041160215546,0.58108912255675,-0.5936145676395386,-0.2631121389967931
52.0,6.0,True,0.24675789883398802,0.1553231772331987,0.8658293863116697,1.9304251933699597,-3.995293199317497
52.0,7.0,True,0.34061022409670155,0.14664356929785438,0.7280182679796297,0.730057240637556,-0.9112411547446174
52.0,8.0,True,0.23429922147562915,0.09295731966340721,0.375627407380567,-0.736804271075496,-4.16807288072504
52.0,9.0,True,0.35979381880539235,0.22495306539561422,0.8528118166877691,0.47635715598066636,0.16803174761178385
52.0,10.0,True,0.3587333565669799,0.19006629089737057,0.6634657299189609,-0.2575894877584552,-0.29274910585227354
52.0,11.0,True,0.23424380396050112,0.11914222130387814,0.4367323648218534,-0.1582433398489707,-4.364894206144068
52.0,12.0,True,0.2276470059038751,0.10779039063841228,0.4098763874971662,0.016406630427051292,-4.458150359283248
52.0,13.0,True,0.3815261653853127,0.10368337947427164,0.545045572218203,-0.737362928411655,0.6362813709798734
52.0,14.0,True,0.3513595742280684,0.15196481439792212,0.6217006784976136,-0.06025343355810979,-0.19315076275295429
52.0,15.0,True,0.35195392470603953,0.12062724470887075,0.6361897569784977,0.7107288976591658,-0.624818501908497
52.0,16.0,True,0.32755262245899547,0.2037584157906168,0.7113718163692938,0.22077556273363785,-1.117234601928994
52.0,17.0,True,0.436017732698506,0.17406824689163095,0.8069289126336575,0.12621803384629426,2.370160767977117
52.0,18.0,True,0.3391404360071589,0.1995408010202393,0.626098259159296,-0.11323369316220565,-0.9488968371975051
52.0,19.0,True,0.39789881121399867,0.20409950886089698,0.7464117519830976,0.10635197973392442,0.8617412369872486
52.0,20.0,True,0.4946184860276575,0.19372904908126118,0.8369613544185864,-0.7128847592808659,4.3951545199081385
52.0,21.0,True,0.5178945134103429,0.25120515845541613,1.0844359581365248,0.21506978848137248,5.02910957490654
52.0,22.0,True,0.5271266140285021,0.16039275545868076,0.8579342658390048,0.40340106551598226,5.022440196503078
52.0,23.0,True,0.4877753678392403,0.1767931325265735,0.7001919689639597,-0.8913419321724,4.182151098607773
52.0,24.0,True,0.39463802682648663,0.15222905670259254,0.8349155796847979,1.2124597778743789,0.4989905143602464
52.0,25.0,True,0.4533527136417066,0.22387578770141023,0.901469678086633,0.06729797792775234,2.7908539103389582
52.0,26.0,True,0.3763968460297318,0.15359020988752295,0.6771379971352185,-0.09591795639936618,0.48069476791843185
52.0,27.0,True,0.37875136588602865,0.16534756096265052,0.6883713647635054,-0.5039006084337092,0.368510196258008
52.0,28.0,True,0.26073845891451164,0.18134111249628623,0.6370552351490558,0.56824168068743,-3.189915030525354
52.0,29.0,True,0.38385048334625227,0.140079990962513,0.5634073269909692,-0.875794839160194,0.40264002116650305
52.0,30.0,True,0.38261394009827326,0.2511609687933313,1.0310291574443646,0.9899660186583761,0.9092830742736334
52.0,31.0,True,0.22514091055557348,0.09727240242614593,0.5032422991967906,0.19463837502618708,-4.7183728403581835
52.0,32.0,True,0.33661375671831395,0.19229787645490135,1.1825858659060855,1.9097259364139785,-1.4890560137536282
52.0,33.0,True,0.258139542563153,0.1118695305725355,0.5191440280476456,-0.1165233478011209,-3.6164653366640174
52.0,34.0,True,0.27041816051445317,0.1433393695983207,0.5593691509566785,0.019407972372049356,-2.851149731966699
52.0,35.0,True,0.30337781899255334,0.13842937345799164,0.6125934528418863,0.49323005146890386,-2.2544021423186695
52.0,36.0,True,0.3030038266377833,0.17031726045814893,0.6453088429006816,0.2798969110411506,-1.8125677254538113
52.0,37.0,True,0.45715647405600973,0.21409617463355196,0.9729396707741956,0.5271227225902598,2.946061881941069
52.0,38.0,True,0.2873511836395121,0.15651191442869247,0.8601235296366992,1.3475385562840683,-2.694443274691115
52.0,39.0,True,0.31344168574402786,0.19042818134376696,0.7126830508543269,0.4825467448412587,-1.5613420993514733
52.0,40.0,True,0.5139376430863534,0.22528285398895603,0.8274559382094672,-0.5037792541687761,4.782600805537836
52.0,41.0,True,0.5915338493818765,0.2124544390137144,0.92947040792455,-0.25371648189813556,7.021168496119825
52.0,42.0,True,0.6071898926551083,0.28054281969163725,1.1492898605838862,-0.15202230098519792,8.225345154428783
52.0,43.0,True,0.42811348392821535,0.20677836501927854,0.795479931559084,0.30771621622470124,1.8480321038066299
52.0,44.0,True,0.40319442894894636,0.1468445892900062,0.7056891684654433,-0.03900845679137057,1.2998708206634397
52.0,45.0,True,0.5728811759333018,0.21551907599116274,1.0285636850898603,0.3589828655527969,6.830712137559225
52.0,46.0,True,0.5415857608025221,0.19033646316925745,0.8321716557661658,-0.276915353646718,5.863134712292092
52.0,47.0,True,0.4811995791066957,0.16383061357226855,0.7944572010441773,0.25572314311920213,3.498386750656827
52.0,48.0,True,0.4902277771891699,0.17371458768267187,0.8272389550614903,0.35515480821916684,3.980964899204723
52.0,49.0,True,0.43462612035213727,0.2362945581972017,1.045409361998187,0.980228952221169,1.9182822488694822
52.0,50.0,True,0.4328292694512123,0.18514446801226855,0.787259105708334,0.1266159462962292,2.1164180622409043
52.0,51.0,True,0.5092318007574756,0.14610872061335076,0.8257577652017819,-0.040051902958174436,4.534309611098519
52.0,52.0,True,0.4952035190441439,0.16038613380346092,0.8181579211897925,-0.058769453447307766,4.292969273385914
52.0,53.0,True,0.3748565461886064,0.20726658721635968,0.7763438099016456,0.24055844928216152,0.4092869591185512
52.0,54.0,True,0.5749156795508888,0.2635561452303689,1.1315206211006787,0.35806539170720625,6.407023683250904
52.0,55.0,True,0.47370772337313427,0.0883731476828355,0.660016696925883,0.04221755872414954,3.3323516331237903
52.0,56.0,True,0.5343031002845869,0.16472315914455268,0.8602894108189272,-0.5564438407254222,5.303316820142329
52.0,57.0,True,0.5711650147881228,0.19239836950716693,1.0186695260333682,0.42079785457342017,6.384048638418958
52.0,58.0,True,0.4887455993720893,0.1823220630437029,0.8688984180381196,0.39258955516230204,3.970083353561978
52.0,59.0,True,0.3667222615009049,0.1439395539919725,0.7212564173162125,1.0015982915922244,-0.053152519223073666
52.0,60.0,True,0.35838836756650194,0.15510212490075978,0.7020864001588755,0.004995903043212595,-0.4593086391844696
52.0,61.0,True,0.3428443257380625,0.1867127853179059,0.6451731404897149,0.04587234581563594,-0.7858668734973115
52.0,62.0,True,0.3111122436161154,0.14208448519324962,0.5581077849524033,-0.28066095049364886,-2.208643851032826
52.0,63.0,True,0.3154728872050065,0.203501825752416,0.7881801099603023,0.663012318835467,-1.543792926342762
52.0,64.0,True,0.2991197901116482,0.2313760553710663,1.1041235397030358,1.5767657582080754,-2.6899571465723993
52.0,65.0,True,0.3417145954174288,0.2699879220325366,0.9332996906695828,0.7822762606418826,-0.7023130456348853
52.0,66.0,True,0.32247273882663385,0.1757820630392831,0.7867094432780257,0.9823423321888562,-1.331753250319883
52.0,67.0,True,0.34234223688047705,0.25397537530972386,0.8858582180664905,0.32235174046402254,-1.2561135509970616
52.0,68.0,True,0.26107827150293333,0.08965790811187899,0.4157153167367303,-0.2692941509327234,-3.2231182436868844
52.0,69.0,True,0.27631538917598647,0.14691381497649,0.5760132411299017,0.4720889042502203,-2.9847367338014252
52.0,70.0,True,0.3781178749505419,0.2113602720960994,0.8211610243993593,0.16444635715527775,0.8269592698261037
52.0,71.0,True,0.3807343648702812,0.12819830152647022,0.6330808530223103,0.3604436166996338,0.40087906468851947
52.0,72.0,True,0.2758434410896811,0.12078722567354443,0.5000875578083761,-0.12323686753519582,-2.621461962068433
52.0,73.0,True,0.3858617183612046,0.166947754621768,0.7903063666203068,-0.19080096794725918,0.5234822501046587
52.0,74.0,True,0.44746943148329876,0.13036416050769076,0.7093166395642332,-0.19815562900397346,2.5890054988735707
52.0,75.0,True,0.3983204895912168,0.17462913162004978,0.7733835600816499,0.6269456399110622,1.0008212734028938
52.0,76.0,True,0.347202985935872,0.1569259210565754,0.7325962453492668,0.5964836966645192,-0.7905614048157711
52.0,77.0,True,0.44718201206772235,0.19919846646638062,0.8171419870387263,0.19570810498825167,2.4893847589956213
52.0,78.0,True,0.459955602989674,0.20036195832242118,1.027219412935811,0.5913943042498109,2.5567322489551496
52.0,79.0,True,0.3920341730272472,0.1475843267112186,0.6292772679455215,-0.0024836914804586612,0.9208727341063172
52.0,80.0,True,0.555560398145464,0.22248192482920065,1.014985024050518,-0.13953269564897255,6.18105879215904
52.0,81.0,True,0.4793490711313401,0.14522429608587933,0.7131435348874159,0.11387845167236559,3.410979542231604
52.0,82.0,True,0.644496584299871,0.2993423466202886,1.4012651283326734,0.624659860258917,8.089913639163466
52.0,83.0,True,0.5504515982225284,0.2806654828893588,1.0314998143814036,0.023950146891331917,6.3721769877062275
52.0,84.0,True,0.4826228644846745,0.1960141837239626,0.9160543075150408,0.6963625480576069,3.7839520150717214
52.0,85.0,True,0.3776336741339076,0.22566379718549348,0.858888188895308,0.37301828745661025,0.018558986647067663
52.0,86.0,True,0.6060403640583495,0.15150353468125857,0.8216849880043582,-0.587823111591707,7.359466898769215
52.0,87.0,True,0.34481100888276606,0.19756260036165801,0.7315526727543625,0.44971874421308045,-1.1312680632920142
52.0,88.0,True,0.4598561671486347,0.1652875284715706,0.9118427291779276,0.8120797888747635,2.8796869594765644
52.0,89.0,True,0.40171525027983973,0.13844842292647447,0.6486297623722921,-0.48502942402073274,1.0546632684019552
52.0,90.0,True,0.4178590794958931,0.19240800653099044,0.8150963634119442,0.0213328409060678,1.9646839764699755
52.0,91.0,True,0.5875578860838457,0.20658110173009292,1.0704250499223786,0.03723858242230477,7.070280551088351
52.0,92.0,True,0.4296966188065691,0.12805387918612038,0.7231096766922515,-0.38285913049007336,1.5256428739552543
52.0,93.0,True,0.5358213116405312,0.23917768274012413,0.9571219448809428,-0.08885976448810422,5.76432883961945
52.0,94.0,True,0.5634543638622006,0.18791153462590776,0.8810925778812079,-0.47846887329239723,6.611899478934107
52.0,95.0,True,0.6034750893028302,0.24865228937059342,1.1417467093729663,0.021673014974438496,7.625252064565047
52.0,96.0,True,0.3814435285049428,0.1849143426531474,0.9862575655959802,1.0388902279351322,0.11313887048053341
52.0,97.0,True,0.4831325769575608,0.11650618624722421,0.7562754698411666,0.3830004627685066,3.5059383341895396
52.0,98.0,True,0.4633602129402704,0.19706564711333477,0.8275183726360511,0.009356773257328074,3.309769269046817
52.0,99.0,True,0.47771421687343507,0.2031276294939273,0.7509286924072053,-0.21484312125844657,3.5734944686390255
52.0,100.0,True,0.1249267498690885,0.06754895702048502,0.2518789456147722,-0.15109910514732888,-7.614220541188165
53.0,1.0,False,,,,,
53.0,2.0,True,0.1784422265995603,0.1045974841962392,0.3904577868261663,0.34037735253974244,-5.929275021456297
53.0,3.0,True,0.3745804639668066,0.1428403793735773,0.7724962552614014,1.1535573912250159,0.33162396359747287
53.0,4.0,True,0.3850367336071087,0.13129492506670506,0.6299410963485549,0.11545232814253299,0.3380849524751326
53.0,5.0,True,0.3764043091385721,0.26390568280637394,0.922585344469142,0.6456876328229822,0.23638277680292527
53.0,6.0,True,0.3267434458333287,0.17435703042479062,0.6974886561625556,0.2512636132420334,-1.235025521342416
53.0,7.0,True,0.3654665588779683,0.279206765369307,1.080124002609762,1.0809481452336955,0.10823770199504276
53.0,8.0,True,0.25381771149375665,0.13150329096438806,0.4719951522992119,0.0003507132721072869,-3.560894170978479
53.0,9.0,True,0.35148903061383113,0.13121621218077165,0.6329229993157544,0.5039836804127971,-0.48231402034119475
53.0,10.0,True,0.3151207332657572,0.13851009732170727,0.6485128012721578,0.3933341581294987,-1.772674887057536
53.0,11.0,True,0.2884122498035781,0.19771064763463053,0.9812714685489416,1.5341893447367052,-3.018406444840288
53.0,12.0,True,0.35065709819230195,0.1832769888646131,0.7437378443090797,0.4059420382679132,-0.6997930470270075
53.0,13.0,True,0.2716303293286804,0.129983256511767,0.4893082357694743,0.14469746352232676,-3.0952194157205537
53.0,14.0,True,0.3049171332713569,0.14902181018798796,0.622157540802896,0.08190781761657905,-1.9574784898955857
53.0,15.0,True,0.2326381980298197,0.1872504081352744,0.6409371380631779,0.49307983566504954,-4.284755914260828
53.0,16.0,True,0.3646282227374711,0.19085675534319418,0.8393751016872216,1.1107650864286893,-0.33179532521785426
53.0,17.0,True,0.38835994421747705,0.17580558351598388,0.7637691008474982,0.39256301278718286,0.2989375524536269
53.0,18.0,True,0.46858038455154655,0.27625939040298453,1.0587292369416286,0.44875854752869115,3.6785868014125307
53.0,19.0,True,0.353670980224988,0.132101870384963,0.6083974117448931,-0.06662523162548911,-0.14475274196019292
53.0,20.0,True,0.5963160266892582,0.1994720133213498,1.1231877562908563,0.36329020645859456,6.637030255187204
53.0,21.0,True,0.5985445662339192,0.1613422252570695,0.8255877063545236,-0.7239027163347121,7.036643491111065
53.0,22.0,True,0.47352874648817,0.18710776385992928,1.0080408365080653,0.7208714549845737,2.8918033634716753
53.0,23.0,True,0.49224076449110893,0.19282028073308236,1.0288687741546934,0.3860620131047338,3.5755195930773844
53.0,24.0,True,0.4004291867705076,0.1868811406116691,0.8633543010500023,0.6607946220622137,0.8256627609449083
53.0,25.0,True,0.5298370172561142,0.18040707173447582,0.9229741189291484,-0.22808175806970743,5.47979515881927
53.0,26.0,True,0.41483702008826817,0.13787351189005417,0.5941343148230883,-0.8144638567007154,1.5430227461890693
53.0,27.0,True,0.3909347420114737,0.1377479776403045,0.7178976418062147,0.29413590423129327,0.7300994750122247
53.0,28.0,True,0.41626090222523593,0.21344378271569928,0.9071585439759686,0.462241795108636,1.6993752950365506
53.0,29.0,True,0.4062428949109178,0.17114025969552718,0.888530513986998,0.28166942178563337,0.7583231904428117
53.0,30.0,True,0.32906356279582605,0.17967401943321823,0.7818307532240477,0.41045920130511093,-1.4951216063879986
53.0,31.0,True,0.247079150309547,0.13397242465251924,0.4849295088011907,0.14735772278223916,-4.130007957871871
53.0,32.0,True,0.2142322924719011,0.08676605149537435,0.4022122905263868,0.18457729261350747,-4.830595554260981
53.0,33.0,True,0.36697158395750157,0.18422582231280188,0.7960133869569826,0.7011177482790053,-0.16043106668834922
53.0,34.0,True,0.30456810404420226,0.09994805088461879,0.4996636333100368,0.019333293517076352,-2.1272376314335864
53.0,35.0,True,0.23467812115951617,0.11313370063780549,0.472046084920425,0.04124287399387855,-4.2311867847313644
53.0,36.0,True,0.36118732131579256,0.21161648478336303,0.9524916610088068,1.047280432384454,0.21098704682984581
53.0,37.0,True,0.313999848090803,0.15881690603014248,0.6147941261022165,0.011014662225594192,-1.3944300385357609
53.0,38.0,True,0.3329630502063051,0.1366559825002489,0.7198159907787693,0.19225329038064567,-1.3681615943971972
53.0,39.0,True,0.34566084724108354,0.1309602765676909,0.6663503752759923,0.6883797835659974,-0.685182655327299
53.0,40.0,True,0.42497265593745526,0.14595691094348054,0.668314378967036,-0.3754471121418483,1.6139072562450383
53.0,41.0,True,0.5087578085536449,0.17917602080471506,0.8390144615338438,-0.12647239212123848,4.828367207629011
53.0,42.0,True,0.4815090906338111,0.2453940525864595,0.9789989633607642,-0.051096447898462564,3.53461098811247
53.0,43.0,True,0.5112208497931251,0.24605896267627625,0.9339267540272208,0.021326667023647685,4.248967480804389
53.0,44.0,True,0.6744608828696511,0.20943522080570875,1.0222530881217025,-0.12305131817144446,9.807168836565367
53.0,45.0,True,0.6546182606941348,0.16044955479946982,1.058201083967152,0.8451301080134016,8.88705897719402
53.0,46.0,True,0.6332161879611478,0.22228919382878903,1.0299871148910582,-0.8914744268662181,8.250057774389072
53.0,47.0,True,0.5798376588377943,0.21912705444599961,1.0636050958398342,-0.07097972150095064,6.296687457151118
53.0,48.0,True,0.5656332599084678,0.18926964030424867,0.9436101654135448,-0.04049777105484112,6.6206143601998475
53.0,49.0,True,0.6383135021983134,0.15148063351034832,1.0164564405927117,0.6716715422158763,8.564390989604089
53.0,50.0,True,0.5163710616628092,0.20064822220229442,0.8548250718297762,-0.33820368453251604,4.763868549538281
53.0,51.0,True,0.5696791639989268,0.16647565062902112,0.8798638762720866,-0.36353417561644247,6.461680275745824
53.0,52.0,True,0.3746946977962933,0.13112034610011383,0.5663842849001628,-0.4450805314923904,0.23505676733148145
53.0,53.0,True,0.5263841107347891,0.19386361843033129,0.924066613727428,0.30782181196130964,4.864778466411873
53.0,54.0,True,0.6187892604935655,0.31364407080865686,1.3884344262536887,1.2110981532186236,8.107388205145083
53.0,55.0,True,0.3949805415497146,0.1518090114893851,0.7343873110171607,0.09789633936566366,0.7671200028660076
53.0,56.0,True,0.46098115990743876,0.2040961561985302,0.8752194233589138,0.2051258135693849,3.1665997804971893
53.0,57.0,True,0.44879898894781206,0.1936791515666852,0.8390282796567482,0.29664366237744183,2.2544179556882433
53.0,58.0,True,0.4842787965480241,0.15166530330982828,0.8167872656931273,0.40292787432489047,3.512944049761189
53.0,59.0,True,0.401846944381887,0.10748923023767802,0.6040661846100533,-0.2376098671639027,1.2892736492263004
53.0,60.0,True,0.4319108043945163,0.19778992506760174,0.9120975560222804,0.5312770832017409,2.1313844427772075
53.0,61.0,True,0.27169874710453257,0.269011057864713,0.97376980885871,1.1172118854709632,-3.041030019668995
53.0,62.0,True,0.39878829387726633,0.10336362278762351,0.6308865739438654,0.4596051181967257,0.8541727379415005
53.0,63.0,True,0.38721293187183065,0.2217757761062811,0.8783978441643367,0.8046743823278906,0.6374374687901185
53.0,64.0,True,0.4137662755601418,0.14747901973217048,0.7568954672942194,0.6543911765220785,1.5648655443487163
53.0,65.0,True,0.34484818784399096,0.1331218170957897,0.5471527261778169,-0.6042736840630843,-0.4172284826701567
53.0,66.0,True,0.40683855651419504,0.228686624840566,0.9915610609000608,0.5202204691620776,1.569580123428047
53.0,67.0,True,0.32422229594430707,0.21650825052463302,0.7359806371945894,0.35410165683733114,-1.1810876507766719
53.0,68.0,True,0.3145430911865414,0.13769132627438455,0.5556409570230109,-0.3553760279122251,-1.6122397156916681
53.0,69.0,True,0.23191703660730675,0.10341165106712255,0.4004289303024792,0.09038262610067554,-4.4960010669992485
53.0,70.0,True,0.36223472629460934,0.15801400042012181,0.6716492140323583,0.06347745075010292,-0.26657884306839064
53.0,71.0,True,0.34083217064472426,0.15452416539867483,0.60806516872083,-0.3157301877714792,-0.5147666969006799
53.0,72.0,True,0.31721095222650364,0.15602572759779892,0.6496484904779646,0.4215380753383856,-1.7616907869436034
53.0,73.0,True,0.27895881220448754,0.14533391768014076,0.5005616065811962,-0.28125212568422137,-2.575923803182464
53.0,74.0,True,0.3838180428110891,0.11625093938181942,0.6665681571836022,0.6400773223191355,0.455842081213649
53.0,75.0,True,0.413371894718571,0.16594887860338559,0.7855424049152947,0.32355251717688965,1.36631938631881
53.0,76.0,True,0.487800469395011,0.20663748567372814,0.9545134823065377,0.4587253881738959,3.410373544747631
53.0,77.0,True,0.4077189772668172,0.19301708337609588,1.0568266910977089,0.3902062370678633,1.0815354341948937
53.0,78.0,True,0.45849248726694725,0.2398657432226715,1.161672088724574,0.5749348577413765,2.4493384685129835
53.0,79.0,True,0.45203523919906036,0.12078409356296692,0.6515303857536426,0.1509599977397699,2.788637581247486
53.0,80.0,True,0.4717690128444144,0.1792912558042869,0.8492983442931944,-0.3075955525924487,3.1592700151278965
53.0,81.0,True,0.6286103434685537,0.27005460815258353,1.3099320758618394,0.8890055278788711,8.264783448461598
53.0,82.0,True,0.6753890442824819,0.2391028744121088,1.1206249820901435,-0.2715650062481906,9.338294995960032
53.0,83.0,True,0.6769816313068835,0.1931379635475569,0.9973957525867104,-0.1966912246680572,10.113370050283802
53.0,84.0,True,0.5064658376261838,0.15913519711266522,0.8219241592948932,0.10902664806365538,4.498831451283887
53.0,85.0,True,0.4424910322174911,0.119508460240554,0.6940527123973583,0.2796302901122038,2.2005574465426396
53.0,86.0,True,0.596425675841861,0.1927357624372454,0.8993501844265032,-0.41780881435155837,7.197512523132208
53.0,87.0,True,0.37459665333900505,0.18157463133337795,0.6852788591684734,-0.1812395828880865,0.5280029043768392
53.0,88.0,True,0.38159755642578824,0.19293182846694626,0.6959268615271671,-0.17453222507231544,0.562068994605614
53.0,89.0,True,0.5184234265019282,0.3168436878794968,1.3603847528834634,1.0974679484712098,4.616273810520364
53.0,90.0,True,0.436262299147715,0.16944897204525092,0.8442577185300313,0.7779113170359827,2.1273663686124245
53.0,91.0,True,0.41591924485851317,0.16626840622365247,0.6914082450520296,-0.14813558750142033,1.5362633134682235
53.0,92.0,True,0.4350291475781166,0.2101256051617361,0.9837660430820404,1.0526121339898267,2.214751690630448
53.0,93.0,True,0.5547221745885607,0.14727378695603954,0.8227555118574645,-0.05523584789195533,5.726367167533033
53.0,94.0,True,0.5771695359059112,0.20847658026468832,1.0919469911741142,0.7280008788671354,6.730893165521722
53.0,95.0,True,0.531111848042482,0.18998765754762995,0.8423393302842164,-0.5087653182367395,5.4804348248959895
53.0,96.0,True,0.6342130413397778,0.24552507121018471,1.0256468197260904,-0.16108733894781474,8.318157568204297
53.0,97.0,True,0.5286518268516135,0.22098577155406857,0.838962623620491,-0.4554412463719568,5.295787287821413
53.0,98.0,True,0.38997297791769703,0.16335208034979742,0.8394266739304868,1.0454619602271265,0.6024547585155826
53.0,99.0,True,0.3138257306208974,0.12480959617132906,0.5259100848855133,-0.028472828268358126,-1.8544973192182705
53.0,100.0,True,0.1419576232817141,0.10412082848807953,0.3438002645703943,0.4535502764035395,-6.9771439686631656
54.0,1.0,False,,,,,
54.0,2.0,True,0.16957199457318442,0.1118686893554063,0.4298559907455168,1.0275026086253687,-6.166669166344848
54.0,3.0,True,0.3927468270287817,0.1606223258086299,0.6942644300790765,-0.3975525779988146,1.1437005440176584
54.0,4.0,True,0.34548298442832853,0.13993980687171428,0.6133633007179009,-0.272458800257757,-0.8003398797572924
54.0,5.0,True,0.3645963670442009,0.14892453846466686,0.6589933731265694,-0.015434379689441526,-0.2096002319364514
54.0,6.0,True,0.2977291266153921,0.11254034814749032,0.5389322793480723,0.29781644258256296,-2.3233863765966403
54.0,7.0,True,0.4156615004626756,0.22013171067730863,0.9436598605151966,1.130612850766971,1.4850611741563449
54.0,8.0,True,0.34253984008270894,0.19501257799717692,0.6860282965708976,0.4173567334939632,-0.7942126255326851
54.0,9.0,True,0.35842266545729257,0.18828968897855533,0.8071744236552134,0.5579918053141946,-0.16437772780550058
54.0,10.0,True,0.24186564838891972,0.14786577715703922,0.5963202830574225,0.5513378140936777,-4.265919532327447
54.0,11.0,True,0.3609491405316887,0.15893653022465226,0.7503684848919998,0.18402789524811114,-0.5162873026164073
54.0,12.0,True,0.2675642323713724,0.05054610841015186,0.3365505852632279,-0.9574863435081769,-3.1899573096765503
54.0,13.0,True,0.2920991560098149,0.1498424789752603,0.558736325110961,-0.17899745814440715,-2.379834729774615
54.0,14.0,True,0.34324452965358754,0.13256078096314244,0.708172551669962,1.0005824211160421,-0.8319215429755269
54.0,15.0,True,0.43704363488275577,0.20859684796461853,0.8937502921774031,0.38546035671577494,2.0890623756616518
54.0,16.0,True,0.46971798258798486,0.19119346605908,0.8238110979671865,-0.08589163516166462,2.6635851321207404
54.0,17.0,True,0.4336730786899199,0.13376126132763527,0.899366809682337,0.7885589988692018,1.8233970754694753
54.0,18.0,True,0.4503552746066627,0.1324959236923976,0.7070895199328031,-0.6523349221131504,2.8867713146915546
54.0,19.0,True,0.5550131230052808,0.30987672433116076,1.484443623136707,0.6421524070933115,5.103347128650154
54.0,20.0,True,0.3884280255394423,0.2158241682962657,0.7134558910721761,-0.07974506086379601,0.29278551457860486
54.0,21.0,True,0.35695480481003294,0.15700490100303724,0.7136882044363878,0.5635144271094593,-0.2319388739747431
54.0,22.0,True,0.5493449256141614,0.15385668867285732,0.8287067393190485,-0.3037661760259449,5.8135357366342975
54.0,23.0,True,0.3696395386654506,0.134194230012951,0.6140374274698724,0.24937020971904278,-0.1855191434742524
54.0,24.0,True,0.5243973125658908,0.156416849043098,0.803949716921731,0.054442449484288974,5.064134311552871
54.0,25.0,True,0.27597231103874414,0.10630715221557986,0.4805595549831923,-0.14889766633200122,-2.8248623583218393
54.0,26.0,True,0.39580758647248077,0.10254354809708265,0.7285578360898988,0.5176954258230491,0.677691708605035
54.0,27.0,True,0.3418771198644888,0.24113897957130342,0.8116569793244857,0.4235942619520715,-0.9561481317387712
54.0,28.0,True,0.3701182761844443,0.1437086692524593,0.6536732520215714,0.25499102291726167,-0.24309748639486226
54.0,29.0,True,0.364434710697582,0.18577594738803735,0.8244807715863838,0.32893792548507067,0.05564094430000174
54.0,30.0,True,0.4124400155774266,0.1656170227077213,0.6797904239285467,-0.21444513089199155,1.7865208577648908
54.0,31.0,True,0.26983927481760545,0.1254997923849413,0.5476368610472613,0.25330835457049133,-2.922074236950128
54.0,32.0,True,0.34836911987400593,0.23678587255081604,0.7732996120462017,0.2584943498187049,-0.5754131816350188
54.0,33.0,True,0.29558033824941365,0.1703128371150312,0.7009172460028634,0.6150094447984638,-2.179023273963124
54.0,34.0,True,0.2350208573722487,0.19858784274274052,0.9116035661517412,1.339619552064776,-4.613262287342425
54.0,35.0,True,0.40355079488521356,0.24700263189538602,0.8348467173148639,0.1766055949264004,1.3155606202505794
54.0,36.0,True,0.29578984306870626,0.13650520989222087,0.5273616628348095,-0.019844887114290576,-2.017949432718418
54.0,37.0,True,0.40341226230111876,0.19351794835892708,0.8129196305018338,0.334486989468401,1.2943941682984754
54.0,38.0,True,0.3775066706614456,0.22572218666775007,0.7174980812949255,0.04737647940140886,0.5115790027843183
54.0,39.0,True,0.5437264303888594,0.25372850522373747,1.0703124963474242,0.3850636306404946,5.691482559239587
54.0,40.0,True,0.5301021107266903,0.14039084536563204,0.7870318082545681,-0.03212347494122891,4.883912137614399
54.0,41.0,True,0.6324120311683221,0.13723193442330953,0.8783084871027091,0.12823885002316346,8.1527196961784
54.0,42.0,True,0.551783403540737,0.20019148353760913,0.9042084081667586,-0.16060351432353204,5.716079017954644
54.0,43.0,True,0.548434654114813,0.2102687010343291,1.0138833905172528,0.2777439642166455,5.632490448901137
54.0,44.0,True,0.5739969730029625,0.2038584020149869,1.042780442496444,0.6199136622139139,6.573388281922155
54.0,45.0,True,0.5321945226172541,0.23252761720228826,0.8918424545735423,-0.4712334017943116,5.248206871460015
54.0,46.0,True,0.4434802578290035,0.18312480115840907,0.697698665811655,-0.5426278660214515,2.208228598081529
54.0,47.0,True,0.5732366505524804,0.1933383227931577,1.0589240186545894,0.4326662633422762,6.784253282838262
54.0,48.0,True,0.623022505062969,0.2499954674693825,1.020729932140541,-0.08593471562521574,7.788148302882704
54.0,49.0,True,0.6464840304397168,0.2229016541102844,1.3047227695563124,0.742471717345775,8.113851632232558
54.0,50.0,True,0.582517332745393,0.20398314799861333,1.1938728898264437,0.999842979308869,6.097256682370758
54.0,51.0,True,0.39145442931925534,0.08492900505396318,0.5468092874074733,-0.01828863559150305,0.5870565528796918
54.0,52.0,True,0.508064726712699,0.2741460895735583,1.1813970239158853,0.8755026569901294,4.344963163008453
54.0,53.0,True,0.7018441638358014,0.16233393294247242,1.1264428363591612,0.4807891032643842,10.249428426750612
54.0,54.0,True,0.6262856365674035,0.272581039404503,1.2350466345332918,0.3656493069542533,8.548788454219453
54.0,55.0,True,0.43196895291852583,0.22742837878617744,0.9409062097957662,0.6027056423655581,1.7834651415145957
54.0,56.0,True,0.5273635978985607,0.184907032164797,0.8339170356224379,-0.6092101351233072,4.682970384091462
54.0,57.0,True,0.4469383858972445,0.20218142856906116,0.7955152132271862,-0.22046824567318826,2.547142612916237
54.0,58.0,True,0.461620238314428,0.2663693007705168,0.9582440286333314,0.3291450326108368,2.8067261431330732
54.0,59.0,True,0.3850244104902205,0.16606684655845902,0.7629559394218159,0.17991898186040026,0.6144203509058014
54.0,60.0,True,0.29028407072701407,0.19294942691224404,0.7316516609854762,0.8038596591491575,-2.14506113383772
54.0,61.0,True,0.4204028841599035,0.15537162341078267,0.8190281175630322,0.9317955059571464,1.5737462027206253
54.0,62.0,True,0.3044710845356367,0.1588484750748937,0.66031364435969,0.5987531853250172,-1.7081367579975453
54.0,63.0,True,0.4952144339753869,0.17107086832231103,0.7929505000022222,-0.3738815356920208,3.9541766998226695
54.0,64.0,True,0.4353981998691579,0.15442356274225907,0.7301195851176918,-0.25165544702925063,1.9938522213318257
54.0,65.0,True,0.34553779937912427,0.14033124765640467,0.5603913726193773,-0.809870116616642,-0.8216320704940527
54.0,66.0,True,0.30877973743826276,0.1441248180186213,0.5738118538136917,0.22289975552838964,-2.2200654249143645
54.0,67.0,True,0.3584261324114633,0.1939509897706717,0.7472915056925646,0.07388861772358968,-0.4796451021704305
54.0,68.0,True,0.21606847898603274,0.15745530112808412,0.6796116511972619,0.6673204521988584,-5.123746583445784
54.0,69.0,True,0.39112850911154123,0.17676651799529172,0.7793440724923077,0.5070698555370193,0.9010560290639935
54.0,70.0,True,0.2338040492508779,0.16837134523432506,0.6692976657691702,1.121218021084724,-4.176698467823324
54.0,71.0,True,0.2650782752200613,0.13311700396661494,0.6338924523569163,0.3916832789057367,-3.4187117527564084
54.0,72.0,True,0.45791586235332177,0.23934319117338226,0.9242614195714622,0.37888370669171373,3.2595963558003698
54.0,73.0,True,0.38317111210182864,0.17010322286842558,0.7438383213340413,0.7936019558895149,0.25148707806178155
54.0,74.0,True,0.4942769753648385,0.15275903431610108,0.7550893646744113,-0.4240628011386914,4.204113516166042
54.0,75.0,True,0.3274063532231808,0.1755141739408166,0.7349696560415844,-0.007248074669881602,-1.6973281993758593
54.0,76.0,True,0.40589462511617186,0.14229685408055595,0.6005476572065122,-0.5422812697162948,0.9520487248387581
54.0,77.0,True,0.4285105207057459,0.17505350895077063,0.7336845872570564,0.06620488003253192,1.828955876193088
54.0,78.0,True,0.5126130529548956,0.21112302213642833,1.018024643763085,0.7113259165086644,4.822458665324699
54.0,79.0,True,0.5138499204737196,0.2731312034707969,1.5,1.4189374304245541,3.6252513228044485
54.0,80.0,True,0.5906727876237543,0.20747703048838606,1.091642848787702,0.5508405089896857,7.28832079008184
54.0,81.0,True,0.5778037778395809,0.2171296649367592,0.90615057265456,-0.47237904693473254,7.115201543919716
54.0,82.0,True,0.6585186160584149,0.19962422697139087,0.9863551016019662,0.037404220033256226,9.225734575010009
54.0,83.0,True,0.38670836275257076,0.18983216961553884,0.7414889347393484,0.09655065299364474,0.1403903539108648
54.0,84.0,True,0.46476102669095487,0.1969731650821187,0.8585041856011961,0.19422608469047542,3.1398722660585037
54.0,85.0,True,0.48583524668946243,0.2119786967448441,0.8327533018749251,-0.27341228859648187,3.543708549680029
54.0,86.0,True,0.45084287376842946,0.16945136746858025,0.7930132815341382,-0.10591827074860771,2.719035494959607
54.0,87.0,True,0.45878039682370864,0.19510199166804693,0.8194162559991789,0.2152999426077231,2.7728766753061445
54.0,88.0,True,0.3947331442698899,0.15010420815816988,0.9047058087654908,1.1228226914630701,0.4789255746373556
54.0,89.0,True,0.2311158085092448,0.1581613900569296,0.6233527420859692,0.5774118284764332,-4.536995030309973
54.0,90.0,True,0.39273794517479393,0.19539644594661368,0.6743345862306814,-0.28466839849902464,1.1616375756169215
54.0,91.0,True,0.2944029063419383,0.22580301069693207,0.7948286649832806,0.6334641468470263,-2.107106912349467
54.0,92.0,True,0.399476113988833,0.1757189411432012,0.8052279756487623,0.681497783261591,1.1916769660765416
54.0,93.0,True,0.5237328957423887,0.303450658617983,1.227559710777221,0.47894317423921934,5.405726950832734
54.0,94.0,True,0.472238235973735,0.19161341798020057,0.89304443022641,-0.14708888012972868,2.8194072094843063
54.0,95.0,True,0.589082317992682,0.24134434697091547,0.915933744233604,-0.5921488376253986,7.203407836495707
54.0,96.0,True,0.6286507928156362,0.17863973364438238,0.9154275475580024,-0.14981776870119554,8.046891290324167
54.0,97.0,True,0.5482637853560773,0.17824227589620784,0.8926277039157312,0.14339935896363906,5.843984991119824
54.0,98.0,True,0.47724997866861224,0.21002560021911196,0.9398778477613668,0.27101216727002947,3.558895245074214
54.0,99.0,True,0.3604367021274105,0.16561597163422498,0.7947641732701847,1.3006309684494854,-0.2187479745040737
54.0,100.0,True,0.09880373781123931,0.07855946147071957,0.2574468762625087,0.48874064331009004,-8.446551774247148
55.0,1.0,False,,,,,
55.0,2.0,True,0.14598494134631476,0.05278796316704776,0.2393304011591672,-0.2979342818868767,-6.953024803152823
55.0,3.0,True,0.39207966441223696,0.20671021160837,0.8395761750973181,0.1932451706011333,0.5061677844202735
55.0,4.0,True,0.3204163168746187,0.17249914671650546,0.6038840863183362,-0.2860396617958564,-1.7583205977050638
55.0,5.0,True,0.34288020824042303,0.1955417937211458,0.9236919264725711,0.3932052600443539,-0.9135707368061414
55.0,6.0,True,0.35641360044641524,0.1478493373751794,0.640028400459293,-0.7834318630695216,-0.272355965319261
55.0,7.0,True,0.25494167894258907,0.20463548103349571,0.7938791240420127,1.2862906995767454,-3.591627886853617
55.0,8.0,True,0.3538095823540175,0.1577401422920078,0.8345140738070521,0.4730969330187355,-0.6412014301248574
55.0,9.0,True,0.21091100513820157,0.09494888991416398,0.4217662219036108,-0.20118498327263815,-4.823313788975045
55.0,10.0,True,0.2604522547582507,0.16888160773043168,0.5753938493032679,0.04777336828793988,-3.1676963425980684
55.0,11.0,True,0.3888652228084182,0.19470458380022287,0.6467294731626695,-0.35582831260001113,0.9676373481456785
55.0,12.0,True,0.2649713416384065,0.12183456476693053,0.5419156041300882,0.08153025428907959,-3.2144240789504774
55.0,13.0,True,0.40510894749313414,0.27940187202101346,0.9160535021849392,0.3911258046383642,1.623609224944361
55.0,14.0,True,0.3209857473163018,0.17474002721754836,0.7459475374704155,0.5913456482427613,-1.5651745821108802
55.0,15.0,True,0.3694934552213293,0.1227124982506544,0.5711021177759026,-0.07721787557702549,-0.06208672945977918
55.0,16.0,True,0.34868989658640104,0.16434348909917482,0.726208038794659,0.39018474575529544,-0.3740136358646871
55.0,17.0,True,0.4852527436184167,0.22428433839191714,0.920652358017137,0.12108212735827614,3.5712794440573425
55.0,18.0,True,0.360478523549809,0.13831975510581623,0.6807790691182054,0.2682768322859467,-0.3279302587493522
55.0,19.0,True,0.44244584282126265,0.2253105663378732,1.0409898698951028,0.8322374504930974,2.327129381082681
55.0,20.0,True,0.44513642510964946,0.1599638056719033,0.6560612948999717,-0.623276384864944,2.467671744354614
55.0,21.0,True,0.6181737364136803,0.23778139398586826,0.9834957282377144,-0.14444015330786883,8.367405535308086
55.0,22.0,True,0.43999006155253517,0.22666326371240025,0.8026284369575742,-0.17969476328124426,2.4132727854181013
55.0,23.0,True,0.5615645031031189,0.19768350267527043,0.9343867222598148,0.0966434248771543,6.092569790162443
55.0,24.0,True,0.4906883154803967,0.2053687896290613,0.9214816768179124,0.04851714203241419,3.954748063721123
55.0,25.0,True,0.4856645320074736,0.15037458601206194,0.7975210079806683,-0.5498095858767872,3.885134114165993
55.0,26.0,True,0.2688244347044042,0.1997749304870804,0.6943460189374243,0.7993557178450146,-3.289601421800297
55.0,27.0,True,0.3399659283075658,0.16450958604262692,0.6603319954448895,0.14921336969953658,-0.662594077595763
55.0,28.0,True,0.3970708315896614,0.17421744278995577,0.711585674447638,-0.05487755863007381,0.8540689513967705
55.0,29.0,True,0.362459941120205,0.18722774226968872,0.7430267998532937,0.40413723266826607,0.1368522890124793
55.0,30.0,True,0.39186868971113764,0.19941113559075643,0.7682364262251851,0.01941626372900338,1.1148610686361933
55.0,31.0,True,0.36502992385628713,0.15891973048287017,0.6906829809405577,0.3854226519729624,-0.5233654931420909
55.0,32.0,True,0.29389261264850497,0.10209558842858313,0.4934853622363519,-0.3644162564737091,-2.413081719485413
55.0,33.0,True,0.4829309635269984,0.21574398829020008,0.9123761450979152,0.10735018895091598,4.08642767785837
55.0,34.0,True,0.273819846124762,0.17775411443148154,0.6017402812309675,0.12276481248348423,-2.8135186329282655
55.0,35.0,True,0.5111864749414053,0.21973113021054,0.9031272601568338,-0.5541344469375324,4.61280359728783
55.0,36.0,True,0.33524322735177714,0.25184979901001714,0.8079579990135409,0.2692971672746633,-0.9108264703649465
55.0,37.0,True,0.3409705407695895,0.1140182537432101,0.5339721559309369,-0.464636686754014,-0.8881387042103545
55.0,38.0,True,0.4400475942214096,0.22539097344991502,0.9326084185852636,0.4823738315025735,2.0305414852354655
55.0,39.0,True,0.492987965213916,0.23600814841873777,0.9438413979812932,-0.11423883462785589,3.7144994651699683
55.0,40.0,True,0.38759325703837677,0.11389451974459237,0.633194392086909,0.318181629650105,0.7502790804411379
55.0,41.0,True,0.5696896376298876,0.2178705791659935,1.0056389992875656,0.15535225609611847,6.327799043066661
55.0,42.0,True,0.5135791437676094,0.2985694213750139,1.1979257220657251,0.8375175598369415,4.209751544430849
55.0,43.0,True,0.7115181143115612,0.28484870716131105,1.3638605847663785,0.5808236918118047,11.000855685099227
55.0,44.0,True,0.6215469285916007,0.2256760126741591,0.9813263260010248,-0.325872782895954,7.684029480717475
55.0,45.0,True,0.6820629533800795,0.3309787532748771,1.330072209410068,0.24195247497901945,9.280840306875357
55.0,46.0,True,0.5568670512495565,0.1177220888949253,0.8386811348055057,0.47480398974583315,5.968203561358317
55.0,47.0,True,0.7428449994695923,0.1443407154613064,1.0027205348066788,-0.8412361552757474,11.514942944839737
55.0,48.0,True,0.4968324566398617,0.15634017117746885,0.8158552005419936,0.1451712451879061,3.898191510844714
55.0,49.0,True,0.5863617742620285,0.2290259587918245,1.2085935356413469,-0.050568145777182216,6.52675574502785
55.0,50.0,True,0.5987213626592631,0.21923225349702316,0.9626331901025128,-0.8090921584386199,6.79223836580624
55.0,51.0,True,0.6695061705446061,0.31657613400026147,1.5,1.0813690902027693,9.67719215752098
55.0,52.0,True,0.6826500267568402,0.3003487150445664,1.3736787373973582,0.8872403127816826,9.526518082244996
55.0,53.0,True,0.5917089902158353,0.18743695413627787,0.952658772976212,-0.12258341875662854,6.511706271635986
55.0,54.0,True,0.5869941933982388,0.23030897410957143,1.180794727526181,1.39072075952729,7.220540402302535
55.0,55.0,True,0.6189026365564122,0.23983359268958182,1.1165175940027736,0.4475648584003126,7.92646144669921
55.0,56.0,True,0.4942455489887059,0.1741974345938099,0.8146015010587117,0.07365556602337135,3.8042942412640994
55.0,57.0,True,0.5923438091807315,0.2372912623635082,1.0940989657450757,0.263058076718298,7.390981881891609
55.0,58.0,True,0.3998994987343013,0.1797905495654646,0.7044098265066416,-0.05326566144595316,1.126235614534314
55.0,59.0,True,0.3391631032492074,0.21107803341047082,0.6987674629380775,0.11643161290287184,-0.8525317289830441
55.0,60.0,True,0.4559542520791128,0.1821752466999286,0.8168876869338445,-0.18870866810839398,3.0575164513934645
55.0,61.0,True,0.35830508352881224,0.19501608849847926,0.7155164443094402,-0.06508029688703008,0.02862340196532355
55.0,62.0,True,0.4429253264526811,0.1789737614275709,0.6863556786031392,-0.4962694922337997,2.7466704388976386
55.0,63.0,True,0.32569026720724875,0.16177897511774356,0.6440175181837026,0.05641368823541347,-1.2678918149697127
55.0,64.0,True,0.5136375130820815,0.16473425623937252,0.7916741683138386,-0.35640508032342444,4.481910383941739
55.0,65.0,True,0.4529930158897906,0.20572599939413058,0.7865886945220343,-0.20466180947967222,2.521987387994442
55.0,66.0,True,0.316480519758493,0.19783328138351355,0.7140591254450029,0.2324892808179343,-1.6752486496254617
55.0,67.0,True,0.35310389961314603,0.19824948813350682,0.9046828346165816,0.41961188790712134,-0.5293319538475411
55.0,68.0,True,0.3791346662663342,0.15480744701125254,0.668853243460576,-0.24028239831424275,0.6958692790195566
55.0,69.0,True,0.27870777582704537,0.12120167959933319,0.5466063309510008,0.10745553905581155,-2.8903823126696166
55.0,70.0,True,0.33932883375410183,0.12408796324298521,0.634157786854761,0.751649364065392,-0.9169052430139362
55.0,71.0,True,0.35227891909464887,0.12975975801383127,0.5840197427512565,-0.6085764496652019,-0.5639640703669354
55.0,72.0,True,0.34021015952917155,0.11610147725033426,0.5817385626799717,0.14739622391448384,-1.089154791580011
55.0,73.0,True,0.3538820064494524,0.17473430406667512,0.7007933743319765,-0.1472427142494556,-0.23633098637065503
55.0,74.0,True,0.2925608583671535,0.11651736649384181,0.5560260319784915,0.15530000140147807,-2.4713755118860865
55.0,75.0,True,0.4360291280217688,0.21372321190199287,0.8413535388103214,0.2011870991211447,2.3407268071637954
55.0,76.0,True,0.44903433688700695,0.2569761868358648,0.9357029120609704,0.3127270985589106,2.156464086462975
55.0,77.0,True,0.3123883409071844,0.19225965434230724,0.6862620111156231,0.3771829991379701,-1.7696982585158216
55.0,78.0,True,0.512606604301077,0.13061663850419608,0.894366115027315,0.4948516752613661,4.580144793339872
55.0,79.0,True,0.6332489348780944,0.30720373698408526,1.2983334695312618,0.5684006297466149,7.721472833457488
55.0,80.0,True,0.43187696991236296,0.17864230435579045,0.761430758949146,-0.11057532941369473,1.8208913971545415
55.0,81.0,True,0.7047119966634122,0.22417859835893883,1.094086062184595,-0.5590546311640108,10.450615815684792
55.0,82.0,True,0.5227127522281171,0.2293852468046471,1.2805793039589424,1.4134492887039594,4.457835079277807
55.0,83.0,True,0.5434592528951753,0.26832783438772356,1.3448098549581735,0.4896836374388639,5.312396018686336
55.0,84.0,True,0.5179063080160281,0.20120568198442912,0.9682006380161954,-0.07613419413359353,4.9768821491992155
55.0,85.0,True,0.5846408617296135,0.22246889306162035,1.3611071951812692,1.2849718061232815,6.4140116322230165
55.0,86.0,True,0.5514522910709188,0.19796465091331036,0.8913302835825881,-0.2799417784081671,5.580375578789224
55.0,87.0,True,0.35030451589847944,0.17423939505557498,0.7779847117771329,0.7211667170441909,-0.2087402734519913
55.0,88.0,True,0.42578518151815287,0.13319664894130923,0.6838911831724646,0.26267246775673037,1.4959981576149843
55.0,89.0,True,0.32756392775881393,0.11673465497034355,0.5672203903064832,-0.34152374619586146,-1.2401801026785875
55.0,90.0,True,0.3857938514621478,0.11299611235736758,0.5890368505495113,-0.7107383615177824,0.6186520158342467
55.0,91.0,True,0.36231522884540235,0.25190453791311196,0.981443580025214,0.9761137950057758,0.0636961938663248
55.0,92.0,True,0.3886663522212906,0.18265034210637096,0.8386947569615728,0.4174430724110851,0.2714679455770868
55.0,93.0,True,0.4609547101596019,0.21317840797454987,0.7440717712201278,-0.7781645522778161,3.4873296460842313
55.0,94.0,True,0.45516451315036266,0.11741722612874514,0.6491116083631417,-0.5780923235216898,2.8873893012862064
55.0,95.0,True,0.6949066989929966,0.26353991806252725,1.1796017084829358,-0.25459769078278505,10.511210311122541
55.0,96.0,True,0.675128161677117,0.2627237575970509,1.052551216386007,-0.38494702951519866,9.68763004621101
55.0,97.0,True,0.6194359497813253,0.21911597394866783,1.105993664405944,0.32637648190937474,8.079199154295889
55.0,98.0,True,0.642626758946098,0.3037811399481886,1.3672581676690574,0.7959418655633028,8.706048043232373
55.0,99.0,True,0.5284256258901298,0.20674269565549938,0.9046585535032332,0.023337039042644062,5.434504935135556
55.0,100.0,True,0.15427090825605969,0.11627856376407568,0.3758376322090735,0.41197706566960246,-6.62084037128811
56.0,1.0,False,,,,,
56.0,2.0,True,0.13742619693011437,0.10777049686379934,0.3044081979372411,0.15602082812733897,-7.01985318473207
56.0,3.0,True,0.388289967765135,0.1235070527027764,0.6332023106175567,-1.0123372402665944,0.8879563191205622
56.0,4.0,True,0.32069665230233607,0.12648844862661712,0.5707493265089579,-0.15476621990570516,-1.2306227575758322
56.0,5.0,True,0.3076336216858155,0.20393628913438666,0.689706891682614,0.16161719112515097,-1.786143473322768
56.0,6.0,True,0.32261486725667976,0.17140233097617397,0.6180843401162284,-0.01865420396877486,-1.3580754747030106
56.0,7.0,True,0.3527413986773988,0.11998771647133208,0.6486789665115532,0.8352713658606419,-0.623810982914518
56.0,8.0,True,0.3592798934088533,0.14566316035693375,0.5923465370264398,-0.6202012002752413,-0.41432793617437924
56.0,9.0,True,0.33451435204860774,0.17795015921902257,0.7518301264558573,0.5344081641679531,-0.9570281705412904
56.0,10.0,True,0.2676307959262257,0.1359100226269187,0.6481426446477566,1.3643500876112427,-3.091821475473416
56.0,11.0,True,0.28844346924609277,0.1650092631458713,0.6380930938801014,-0.12473780330006634,-2.2800731846444418
56.0,12.0,True,0.3693038778195962,0.16635021412021722,0.6905411654020173,0.07606019540035949,0.26944338994430905
56.0,13.0,True,0.32941389943677035,0.11134398719191295,0.6081085025604359,0.34397679336544695,-1.0960351032510318
56.0,14.0,True,0.29896313978734984,0.15604706085429335,0.6516065289940637,0.6709597477086461,-2.0067004351388746
56.0,15.0,True,0.3245659008736739,0.09347500800356968,0.5336595967326643,0.19521775128763794,-1.5826805265184196
56.0,16.0,True,0.2854342640012995,0.21773986572589393,0.8721435081011875,1.2989929589888451,-2.406010381474289
56.0,17.0,True,0.38349999256094996,0.12479850414008815,0.7068740141209888,0.9861974632644528,0.5498724699496583
56.0,18.0,True,0.344435201379959,0.09611338327981835,0.5208401004199789,-0.6259154859515457,-0.6614776276192686
56.0,19.0,True,0.3812192795637266,0.1728862212758721,0.6995695123274938,0.053509487337899043,0.2891906527598072
56.0,20.0,True,0.4007030270332011,0.2275741461097519,0.9839007900909584,0.7040006152981713,1.2443650573466938
56.0,21.0,True,0.37577982556647804,0.1855598424600707,0.8364320185393341,0.9953376694729092,0.4102016441037651
56.0,22.0,True,0.5724030406562347,0.19953488390904328,0.9635490620469694,0.023452314943485507,6.492036018860602
56.0,23.0,True,0.30923638234861783,0.1787195891383964,0.6870110045027262,0.31630392470245033,-2.0811212960190035
56.0,24.0,True,0.35346201439434516,0.16803667285872922,0.6591063588175866,0.1633566155589492,-0.9781434953993426
56.0,25.0,True,0.5049718493982361,0.22146443075486572,0.9400471915627474,-0.047490824657197034,4.7673374970064915
56.0,26.0,True,0.3640372052792431,0.18680397791336084,0.7790189874066226,-0.19669771930017038,-0.12293481254647845
56.0,27.0,True,0.35832004545339036,0.2079130735964322,0.8208650430310849,0.5043492077247747,-0.1476104475334781
56.0,28.0,True,0.2914057796067417,0.2237588751585769,1.1432969979210643,2.0008295735363815,-2.8789712525937032
56.0,29.0,True,0.33377249112344526,0.15272331737997893,0.6677847508603281,-0.1391363098537143,-1.1759253168433428
56.0,30.0,True,0.4518915846879905,0.1989047231514261,0.8676892006927857,0.47106228195409744,2.813270259292798
56.0,31.0,True,0.3741028755838325,0.24341518339536855,0.880940763879843,0.46853990058672706,0.3901879899343681
56.0,32.0,True,0.41598913427351697,0.16630892175889628,0.6915958389269493,-0.5927050412578052,1.8257174171188322
56.0,33.0,True,0.49825983199814006,0.2166176061786849,0.954448786825986,0.07514597275291857,4.433304258662973
56.0,34.0,True,0.4172820159455121,0.15085777454706986,0.6842428404717332,0.18310914303508943,1.6383046329720583
56.0,35.0,True,0.47306055653407564,0.24824106642445493,1.1102448541434822,0.862140063446295,3.263052170401161
56.0,36.0,True,0.4261233412379932,0.1976038344338238,1.076218171760245,0.9592280704791595,1.467765609376395
56.0,37.0,True,0.5402542913509528,0.15233944894925983,0.8217163623097077,-0.27950873250528124,5.680865885342704
56.0,38.0,True,0.40954849978637303,0.17488324311187048,0.8081866728693434,0.4714383774368029,0.8994027604479764
56.0,39.0,True,0.4162352421973158,0.1625133678136134,0.7781973633391229,0.013700068611256297,1.6798267835878324
56.0,40.0,True,0.4800265380717563,0.1953005130871666,0.8416185056952592,0.13053644851464424,3.4117296090106937
56.0,41.0,True,0.42297353989405834,0.21150842352601212,1.003239098684315,0.4832763517014397,1.372991393128335
56.0,42.0,True,0.5006863613995799,0.13716375999613048,0.7709455216589913,0.06223052245748045,4.0010316685100795
56.0,43.0,True,0.5663407962652062,0.14423301057990284,0.844540990395902,0.23453640215268162,6.2253944003568185
56.0,44.0,True,0.5679075770315829,0.2299599607598331,0.9747054951134696,0.1160519954520602,6.736076286746468
56.0,45.0,True,0.5847402208247575,0.1953208374326412,1.0443302795811138,0.21428028623597212,7.237503035789558
56.0,46.0,True,0.6917834598263559,0.27741369424393797,1.1398932504978967,-0.22579750146289834,10.145848190572634
56.0,47.0,True,0.48442793334558937,0.21892939533316066,0.9107099567742242,0.20094752106268157,3.91398809530086
56.0,48.0,True,0.6580237595378434,0.31842705222663964,1.3271254601058813,0.22581322331630446,9.582540500259807
56.0,49.0,True,0.5793082848904966,0.23338141226460002,1.299522074494604,1.5241968740907819,6.163335010565034
56.0,50.0,True,0.6720509235245725,0.2435522985143398,1.2684753442317924,1.0533685642939827,9.797074342330509
56.0,51.0,True,0.4297665488669887,0.16281829543877704,0.7818657937525986,0.24163188892530854,1.6719277676421065
56.0,52.0,True,0.8651273021309038,0.2925009856175382,1.4107447268144166,0.2546022653462326,15.314402036531941
56.0,53.0,True,0.7416297461657259,0.1313252504923979,0.9985784481286568,-0.1973290219678008,11.758736973354454
56.0,54.0,True,0.7156119999790482,0.191318038363798,1.0845520278784797,0.634838519573784,10.725199201065694
56.0,55.0,True,0.4709979418384813,0.18630563980223452,0.857087542291413,0.30036979089757404,3.34444380184958
56.0,56.0,True,0.5100234996370212,0.22802350949085975,1.2414196364209444,0.9415753549852156,3.7513797121089265
56.0,57.0,True,0.5545757463645785,0.13524775104287712,0.8030874380876054,-0.4288416953102499,5.809683593648267
56.0,58.0,True,0.35533224198135244,0.23897192448296703,0.8901071146139944,0.6551258649379461,-0.6057158008690459
56.0,59.0,True,0.2253282515103888,0.11947679658510915,0.4655184202264776,-0.25403126715799923,-4.701969874272382
56.0,60.0,True,0.43141060650751534,0.19431908831350517,0.7965678184594513,0.18305643516999465,2.1775006228900917
56.0,61.0,True,0.3218381535451966,0.12069839405436061,0.5698157244431515,0.6596383125157537,-1.3803939599827202
56.0,62.0,True,0.5099689382729385,0.2248691942420292,1.0072500731965783,0.15629730315446475,4.315166465371563
56.0,63.0,True,0.274278295197624,0.1298114108636733,0.5501918407769855,0.23809181701930898,-3.1239478695591387
56.0,64.0,True,0.39318358205292675,0.086955095479173,0.583872344384749,0.005091010700960249,0.9095063136211077
56.0,65.0,True,0.3891602434976182,0.15781934287753172,0.7901231508907881,0.7368270877124212,0.7518888751288808
56.0,66.0,True,0.3437704981922122,0.1373668876932016,0.6253135754028274,-0.4938615774663772,-0.6804626772188138
56.0,67.0,True,0.4627570014630882,0.18608758519077803,0.9599670448728268,0.9061274492109445,2.991597202576683
56.0,68.0,True,0.40790630466737665,0.1404405999821863,0.6740414538700232,0.20742800155758925,1.394988398876749
56.0,69.0,True,0.26477366501841154,0.15172818961191206,0.5352242160576545,0.022139408252963018,-3.2768223555962286
56.0,70.0,True,0.3840557619207392,0.19332535964043843,0.8824450204378136,1.0300810581543796,0.11062694150297459
56.0,71.0,True,0.21170998286186873,0.17721507776091297,0.5662644106560564,0.5205335748730651,-5.145285255336575
56.0,72.0,True,0.36365898046062356,0.18133712406070726,0.71591793582228,0.3193823365472259,-0.2139966506562754
56.0,73.0,True,0.3563014293868044,0.18376768103662425,0.7899941557887218,0.6882962345194578,-0.13970556045738927
56.0,74.0,True,0.3962989872279713,0.16887522612717,0.6879141565981118,-0.21198240509717287,0.550487280241916
56.0,75.0,True,0.4307286675667468,0.1909102001359921,0.6996743017610949,-0.5301478389725357,1.9735672852726056
56.0,76.0,True,0.46015209007109426,0.18989224078269212,0.8760648426753359,-0.8332605883560296,2.8512349873830694
56.0,77.0,True,0.4133729977045452,0.216408434818447,0.8283294988555779,0.05111455113514609,1.8006852510125162
56.0,78.0,True,0.3826319803425608,0.10875899805616973,0.6164696324650327,0.31279100945706095,0.3447863018730247
56.0,79.0,True,0.4594908430682373,0.22575215299832394,0.841620547389236,0.2721417392403125,2.8317462812559056
56.0,80.0,True,0.40364255225296075,0.19330196595421267,0.8012803623990402,-0.10629703755918943,0.6569919910356607
56.0,81.0,True,0.4256675998634395,0.21025763391590588,1.1237371549539348,0.8639601052026161,1.365312368681642
56.0,82.0,True,0.6371903823369469,0.26237142974248395,1.0086349497773548,-0.6518857973588144,8.7170827683721
56.0,83.0,True,0.4700656564304336,0.2500486329593605,1.0777299433366765,0.49068999778053474,2.340891775500372
56.0,84.0,True,0.5594611807866486,0.22848882353780497,1.078106499776757,0.5479536589167925,6.318428282622462
56.0,85.0,True,0.6838563048278711,0.19289983418704848,1.0095636071653709,-0.15483759500379238,10.2044838405441
56.0,86.0,True,0.39096912235583475,0.15554258815891384,0.7047555677845317,-0.0551647093400798,1.093248938308303
56.0,87.0,True,0.45619793053477026,0.29611755847410826,1.1364823689801349,0.9379921845031703,3.035423794026041
56.0,88.0,True,0.3250600985040043,0.10789091418053919,0.5948051111187526,0.5673203838655825,-1.202101985032713
56.0,89.0,True,0.3336393927166041,0.11260333691603983,0.5707703917212065,0.44844220815768987,-1.1722399343906114
56.0,90.0,True,0.3900473634436402,0.15659266660105411,0.6633039226753327,-0.5943374527890981,1.0716031893112272
56.0,91.0,True,0.3464724310890224,0.13153482198026106,0.6205970408666767,0.08189884353602132,-0.6789796446805729
56.0,92.0,True,0.3957312312777266,0.13795716245697948,0.6363094828764138,-0.31868116224886095,0.8821634801083634
56.0,93.0,True,0.37066439358309095,0.13641124600744298,0.6361856940772638,0.19613768913185234,0.01346747612671953
56.0,94.0,True,0.563153793609433,0.2051522396941955,0.9367529479152492,-0.5265109129350938,6.367579639372502
56.0,95.0,True,0.5968662424471929,0.20457796593236505,1.08109356418271,0.7082061816693064,7.586513325641272
56.0,96.0,True,0.5871710190238838,0.19090229793347074,0.8926284655135465,-0.5921219591089361,7.281092341709547
56.0,97.0,True,0.43671773253853774,0.2352330377760401,0.8934466243386235,0.40133530529823375,2.5777159336561275
56.0,98.0,True,0.3757339447209812,0.22392408199476532,0.7913131222475621,0.3456621025451106,0.23233477875841946
56.0,99.0,True,0.6143770037033806,0.18291326037887246,0.9610633664644436,-0.09856841588562378,7.390895317973853
56.0,100.0,True,0.053542686966752066,0.03740763413884967,0.1271818482480599,0.2199930565717016,-9.856932516811167
57.0,1.0,False,,,,,
57.0,2.0,True,0.1346449721857321,0.07116861701439994,0.3418619252564361,0.7522362596958863,-7.37344339712421
57.0,3.0,True,0.4182030961345891,0.17015384695569727,0.8570240019736598,0.3681184302496092,1.7391322361583044
57.0,4.0,True,0.40121673700185684,0.17840472094819051,0.6986859597710405,-0.21961947088869388,0.9615044027000701
57.0,5.0,True,0.42304660634207003,0.22990352920514778,0.9024624520238969,0.0925087077138541,1.9848517041520932
57.0,6.0,True,0.3244853643293831,0.2320921901526861,0.9317376304605288,1.1397579673025655,-1.1565939329304171
57.0,7.0,True,0.2775472624060888,0.08438405125462982,0.4298543290780889,-1.0886520130745119,-2.7592799471916045
57.0,8.0,True,0.2712879359781112,0.14867641471019702,0.5947952636665141,0.4050341746439566,-3.0062008663203432
57.0,9.0,True,0.33374944280763197,0.20912238411414275,0.7880794663333208,0.7053593740252931,-1.064484232799436
57.0,10.0,True,0.24703594581204621,0.14334489108348833,0.4628694089077798,-0.02041330548304095,-3.6685013812383342
57.0,11.0,True,0.36717173609128595,0.23697616800599697,0.9084562944048185,0.6833609400657946,-0.1826275484595908
57.0,12.0,True,0.3001978481147599,0.20160272174648075,1.20643264904117,2.601686021868735,-2.8910326345374813
57.0,13.0,True,0.32950689852033305,0.1335821926463131,0.6138812610907953,0.26579646180143046,-1.1146129731591699
57.0,14.0,True,0.3205032541251303,0.1631123415000617,0.7310245688311219,0.5928200105390568,-1.4059982020655493
57.0,15.0,True,0.3350104241307349,0.10914158701730585,0.5989680184132358,0.07175689355714261,-1.2020446510039913
57.0,16.0,True,0.3521414326585362,0.16167139853216236,0.6813780709879342,0.09128243918324948,-0.2981414776915479
57.0,17.0,True,0.4301565461039696,0.24383119521576707,0.8370689216846443,0.030385267074400656,2.2874633083129017
57.0,18.0,True,0.4563656864623881,0.16766715167809138,0.8074538120276888,0.018819531869313386,2.5038212725917885
57.0,19.0,True,0.41132937023012645,0.14792856325430878,0.7142103171389474,0.5068308074405566,1.4585291027518952
57.0,20.0,True,0.4060244732151343,0.1912784965140054,0.8427047532980967,0.7109125279539674,1.1813159258639654
57.0,21.0,True,0.4050572716963056,0.21631951585511935,0.7354085785940687,-0.017575127530831985,1.2018818602548098
57.0,22.0,True,0.38180538111313533,0.1490718096416527,0.675336897902472,0.020971858547004712,0.38391166684592587
57.0,23.0,True,0.4031578054745413,0.25406364864688485,1.2048893558423557,0.929289924203398,0.29194463853254043
57.0,24.0,True,0.44123863558792487,0.17351323693326798,0.8145539003831509,-0.0481473684116461,2.490047067890024
57.0,25.0,True,0.4101909858126794,0.1575592235430681,0.7262686919382239,-0.10534479601966319,1.4486792740784153
57.0,26.0,True,0.2856900162203687,0.21992762606367755,0.6573493411871857,0.37925124103109054,-2.4823528516268407
57.0,27.0,True,0.4561667970940806,0.20230865348055438,0.9150067210878488,0.4436716721876674,2.7016586662825284
57.0,28.0,True,0.1673655083376073,0.08510093909911663,0.3170318216659795,-0.45174871803414557,-6.295097885271505
57.0,29.0,True,0.41949402439787475,0.13937330446080629,0.6867591086522182,-0.6019451140380151,1.8308656771179925
57.0,30.0,True,0.3716867216502742,0.12959834826746675,0.5806492893831378,-0.353221903992338,0.18631027278340156
57.0,31.0,True,0.33982952291408164,0.16923453401947028,0.6913106023846457,0.049335074604800445,-0.6778193929529327
57.0,32.0,True,0.3138837716134794,0.2118594087804285,0.7071678644399412,0.2928437258427606,-1.3369405125496465
57.0,33.0,True,0.5441513286394016,0.2871850563347526,0.985019231448179,-0.07795494910364043,5.565882558218825
57.0,34.0,True,0.6462957496961397,0.24130306041131103,0.9433996206415812,-0.9654535666966245,9.190899248486575
57.0,35.0,True,0.7089257000398982,0.23856162770475867,1.269741522509661,0.4678593567750471,11.12590930025217
57.0,36.0,True,0.6418397966002425,0.3075521561616948,1.442302860673233,0.9178298096999996,8.751503288963812
57.0,37.0,True,0.4761195228360564,0.23382375846772757,0.8864412130222449,-0.15812209399015525,3.8961932232195338
57.0,38.0,True,0.4475910323086635,0.2644396668090869,1.074578227758358,0.34595935865532423,2.1286399809089307
57.0,39.0,True,0.5757336192427956,0.2575528484385302,1.0679040884892244,0.21927081644281926,7.14047232551543
57.0,40.0,True,0.4076577891625185,0.164942933424709,0.6623951546614133,0.2850763552655973,1.4303041040136333
57.0,41.0,True,0.6297735231989011,0.2507854342633968,1.0940236512515222,0.027819916042304653,7.474716914649213
57.0,42.0,True,0.49647532250532855,0.18172114635957454,0.8484143132990516,-0.09797985289610707,4.1166931274511755
57.0,43.0,True,0.4562993716176617,0.19308560811354408,0.9320573086171164,0.6791759481719452,2.8761352593651694
57.0,44.0,True,0.615316669705957,0.2423515576313083,1.3197492070963637,1.1197273687549913,7.567617126392286
57.0,45.0,True,0.576073157996252,0.2171429764508721,1.087000578810141,0.2035888351616422,6.986243888781916
57.0,46.0,True,0.584191752993373,0.20219533930144298,0.8962082382556896,-0.2709860294626817,6.4944842937202125
57.0,47.0,True,0.7378044422126803,0.2155680942821367,1.1404055882988655,0.077750974747831,11.296949689035953
57.0,48.0,True,0.5521466931333633,0.21306423790214182,0.9595007954629364,-0.10210059953751223,5.173690067721967
57.0,49.0,True,0.6236887560146225,0.22183109043874993,1.125621870704194,0.47467479187428724,8.34426666099923
57.0,50.0,True,0.7488752576270687,0.23011652153652856,1.412854299271307,0.33596102439955045,11.270277856933927
57.0,51.0,True,0.7530460156780382,0.24478848387668153,1.2678695193330796,-1.181772559400594,11.970830398139102
57.0,52.0,True,0.7970743310856714,0.27541952898791494,1.300007448811455,0.15063998031168188,13.854349920726943
57.0,53.0,True,0.8094880439208612,0.20379892266516014,1.345353674163723,0.8788299066531633,13.662767194005374
57.0,54.0,True,0.6626517866684563,0.19080048415884987,0.9509119246652034,-0.0986526198501969,9.066177086610349
57.0,55.0,True,0.5362675334706039,0.2203445746586109,0.9639707588946678,0.08510321644448121,5.2674356647723455
57.0,56.0,True,0.45056751256213934,0.18634984122436737,0.765500019597819,0.11284854606913934,2.617495863852501
57.0,57.0,True,0.41292883630716054,0.18663386789668068,0.7506914142701374,0.16569677481880582,1.4517655987338682
57.0,58.0,True,0.33756433504324584,0.14584569252714824,0.6633448368483387,0.5357687050055661,-0.8448292716349723
57.0,59.0,True,0.3509147310443637,0.16279613198451304,0.6169316569094073,-0.4652909060471159,-0.35193977792603975
57.0,60.0,True,0.4084913628478752,0.16090092156521205,0.6618725002530409,-0.2531638450114003,1.3966980697027833
57.0,61.0,True,0.37955224567616397,0.16906469175067357,0.9202311273873948,0.5630383294563129,-0.01141898467772065
57.0,62.0,True,0.3192357113158838,0.14270152998395147,0.613465712948411,0.30362175914421363,-1.503972081733727
57.0,63.0,True,0.39710682787801815,0.27256557822115524,1.437481368744278,1.7032181186708153,0.5732700739805151
57.0,64.0,True,0.3648109838890148,0.12043045524466162,0.5410996919198068,-0.19356749535168538,0.005238083795455788
57.0,65.0,True,0.3708814747829539,0.2307134468400804,0.983973605004228,0.9646877541971829,0.34626305211628255
57.0,66.0,True,0.40249433890447817,0.17065455387635844,0.7652430949419018,0.5818620682300558,1.26498722876038
57.0,67.0,True,0.4131618224973647,0.15514648732633646,0.7634153707473413,0.3289009512415362,1.3966414873091402
57.0,68.0,True,0.3693508445034818,0.1688445109088189,0.729212529433785,0.3954182473681297,0.34029421884780536
57.0,69.0,True,0.29950964795888324,0.129034295988813,0.5869680858693505,0.4173426102050191,-2.0331077195590552
57.0,70.0,True,0.40018810546306005,0.22603239250876372,0.87730551557747,0.2667200521090814,1.234709987675442
57.0,71.0,True,0.2169906451058008,0.15255991435516278,0.5989014372620544,0.6561007758858622,-4.6051674553959385
57.0,72.0,True,0.3261129399108427,0.0911684863925066,0.5893340140091959,0.6775256667517898,-1.5897937241923392
57.0,73.0,True,0.2231585107601068,0.11729083714654694,0.4485193232317065,-0.13656559329387324,-4.639289716800592
57.0,74.0,True,0.2778805426968843,0.1248507536591827,0.5126001303798394,-0.0021920001735863284,-2.8383247355958408
57.0,75.0,True,0.31825217657947713,0.13787931588994198,0.6257125602589915,0.3820189343259213,-1.5779342869512138
57.0,76.0,True,0.3481278706110217,0.22949112859983742,0.9095158314434978,0.6990078532952304,-0.9785358000741218
57.0,77.0,True,0.45042136300510066,0.2153848285440416,0.8695303820750582,0.10721868222563334,2.686118925142549
57.0,78.0,True,0.40094989241747947,0.12253093134920497,0.6763495965418822,0.4935647602331067,0.9302654551277223
57.0,79.0,True,0.3788521973770797,0.1917250047301122,0.8175006137497659,0.4165796139954972,0.23748637833788921
57.0,80.0,True,0.32994229009367365,0.17067586333695042,0.8711788224502154,1.1708869776168993,-1.4817133780465848
57.0,81.0,True,0.4886837545103164,0.16529791325059387,0.8083502244494513,-0.4489233640472089,3.8313982756550535
57.0,82.0,True,0.868868331194158,0.15186579321288382,1.202941679173983,0.3244260488046046,15.371804579799374
57.0,83.0,True,0.6532127166441867,0.0959804928784921,0.858204448610807,0.593047492309119,8.93141225459606
57.0,84.0,True,0.5920635891543218,0.23538018722579357,1.008432907659999,0.20683739250033048,7.181739963364148
57.0,85.0,True,0.43640060552808135,0.12868558041032846,0.7307942640507594,0.6116498904684782,2.251841552937367
57.0,86.0,True,0.36584504163932324,0.10851924187504104,0.545805289710843,-0.4462570626600155,-0.1453760996887995
57.0,87.0,True,0.4270621885730158,0.17419663829841942,0.745398436009376,0.32359138864597603,1.7936135204738755
57.0,88.0,True,0.5143679578777164,0.20033958229277124,0.9151934666133142,0.32683809151210547,4.677774864552433
57.0,89.0,True,0.49735635568799075,0.26693263749042767,1.1264870341396545,0.43595676437503117,3.862595826002478
57.0,90.0,True,0.32066662468681467,0.14027140779334965,0.5798142424421502,0.1218933135754815,-1.577201931463742
57.0,91.0,True,0.31503037488882996,0.10501998519456074,0.5417275543730578,0.375640335954613,-1.6618206816279844
57.0,92.0,True,0.44447388474398786,0.1983583531764988,0.7707676805430441,-0.25609884478627737,2.60955377403763
57.0,93.0,True,0.5024480246954404,0.24312022010680062,1.0345934075690777,0.39747994714727525,3.8859605637631067
57.0,94.0,True,0.4572579570630865,0.2175417063237694,0.8876248715466827,0.17000084176333177,2.3863778806084084
57.0,95.0,True,0.7301656978069896,0.1849683409300313,1.1060867641333278,0.33488653149414843,11.212483377068013
57.0,96.0,True,0.5649471010741037,0.13322332105717444,0.8324958171588589,-0.8062814409901728,6.245184977444649
57.0,97.0,True,0.4053602809698752,0.1791034170719507,0.7581286360617706,-0.0222983144814564,1.1658168011383134
57.0,98.0,True,0.5556503930763692,0.2917630823880938,1.2246972470351176,0.27055869460410564,6.216501773458304
57.0,99.0,True,0.45016542435100443,0.26166030107528854,1.0406879176925072,0.8124095993937095,2.568705817741137
57.0,100.0,True,0.007858814549351957,0.015218633126780023,0.0510924012769203,1.9146543250915131,-11.349497035539661
58.0,1.0,False,,,,,
58.0,2.0,True,0.05790018582054749,0.04860434287452925,0.164125935662958,0.45478568830676847,-9.748689350591006
58.0,3.0,True,0.42124773970957774,0.12876608308275403,0.7216224846492726,0.5800141669164056,1.5385989522788535
58.0,4.0,True,0.48510931145123354,0.21326857963773932,1.0282498006679792,0.991562375659372,3.626350861800926
58.0,5.0,True,0.29242998598613323,0.14773747550571473,0.608849477372206,0.35249684060399744,-2.3907458377412887
58.0,6.0,True,0.4193823231687311,0.22188144908258373,0.816348131358434,0.1395450259163833,2.1924370054597837
58.0,7.0,True,0.30280957297125555,0.1335873876424053,0.4657045166632197,-0.6711125928359011,-2.1246395358101133
58.0,8.0,True,0.21377808948474403,0.12325709178126558,0.4484155671897895,0.5483037424376194,-4.879466574868952
58.0,9.0,True,0.30541452794679175,0.15638500731041996,0.6185531664171511,0.09786099101640114,-2.180839945618314
58.0,10.0,True,0.3356217597193372,0.13189308101707764,0.579769528156691,0.002988127620163678,-0.9541564124641599
58.0,11.0,True,0.45986832433302904,0.2508360535900623,1.0311476526554966,0.5463095520320621,3.3132596588754066
58.0,12.0,True,0.28718372622458643,0.1437521488270352,0.6375592938287435,0.5983085288764547,-2.7002315092328515
58.0,13.0,True,0.26347954131194556,0.10915295596660311,0.4981381573374686,-0.1554592140528482,-3.4173310108732746
58.0,14.0,True,0.2498121460785811,0.1545722931733609,0.5249032032642521,0.3495825416422798,-3.4264140292641274
58.0,15.0,True,0.3353449480863708,0.1434692621448856,0.6100947171260096,-0.6593906263210924,-1.367492622195531
58.0,16.0,True,0.4756602010580477,0.15294465447329417,0.769040397920463,-0.221858698084062,3.711744808344964
58.0,17.0,True,0.332137788752258,0.22506277299475047,0.8847558161681618,0.5085556951351456,-1.6546618556054513
58.0,18.0,True,0.3844687934026054,0.07267746011981617,0.5326756123195143,-0.007474936628934545,0.5206648368974478
58.0,19.0,True,0.40763565656310347,0.1508806562823763,0.7303360983738398,0.2342258554121558,1.1012975782965362
58.0,20.0,True,0.507275195916973,0.13881370932991122,0.722298128366838,-0.8825241748750705,4.329336453504438
58.0,21.0,True,0.39364371753304156,0.18888927942543982,0.7844769258756152,0.53753057742588,0.7086874061906828
58.0,22.0,True,0.3141584617378534,0.1925775619992122,0.6098828082355806,0.1188232965217565,-1.901530014776903
58.0,23.0,True,0.42439490832508336,0.18490232785281013,0.8004636525049977,0.1846513914843767,2.1633055048216874
58.0,24.0,True,0.35340134046736416,0.22307471559917466,1.1019529530148813,1.6193248545147674,-0.5881679665746871
58.0,25.0,True,0.2944026391530948,0.17651195613881845,0.759503751253805,0.9612595849607126,-2.480374481114474
58.0,26.0,True,0.28882818902943774,0.19417973146048492,0.7560759886176126,0.5159757913149451,-2.4736839685515486
58.0,27.0,True,0.36107720170794677,0.16903027425732087,0.7323981269597954,0.03385099189598144,0.10549428599993456
58.0,28.0,True,0.2593626851283311,0.17853578836693018,0.6008386154153756,0.07864100115295757,-3.5106134089339873
58.0,29.0,True,0.29059675029695126,0.1062289100141024,0.4555136389822647,-0.2077295623853152,-2.3981622094183774
58.0,30.0,True,0.2992173196087476,0.09125410860347724,0.4870312204664869,-0.24338906034941143,-2.3359289302050636
58.0,31.0,True,0.37619611181826335,0.15893156540388426,0.7073239336804911,-0.16245577703872383,0.40110656957716384
58.0,32.0,True,0.5449646658718608,0.2060196381517059,0.998656401382698,0.5998386356613946,5.562112802434462
58.0,33.0,True,0.6766116386538958,0.380897123873308,1.34594281770082,0.13904559252050622,10.316936671819244
58.0,34.0,True,0.9520083039119357,0.38333959946117296,1.5,-0.3786769685456464,19.372901751591396
58.0,35.0,True,1.051870822088463,0.43889064496112906,1.5,-1.0140910601522914,22.527998573702536
58.0,36.0,True,0.9015251298491564,0.36744523716276906,1.4747420611723148,-0.7364919228300026,17.397604033474263
58.0,37.0,True,0.7038571406172665,0.3572455308018713,1.3333916963266352,-0.023587783605147655,11.079432868286487
58.0,38.0,True,0.5070491033352467,0.17921525403209398,0.9018896154812472,0.46612441787424924,4.417539604008769
58.0,39.0,True,0.4721884522162916,0.16828207166441017,0.8184740939668375,0.44328103673534236,3.246489236959533
58.0,40.0,True,0.2827457766552782,0.17635537637928775,0.6255178754148902,0.1248814248035723,-2.503118563361414
58.0,41.0,True,0.3836904028444668,0.23254254817596123,1.2397471209778346,1.597255320102573,0.24348019801431883
58.0,42.0,True,0.42273915206445817,0.19277366225866563,0.7780010397010514,-0.05633116312159446,2.122697179907643
58.0,43.0,True,0.44008933961756913,0.11950160849485518,0.7164540758007801,0.5873502850203371,2.0119903939073938
58.0,44.0,True,0.5083343775599845,0.15418995217982503,0.923136536661618,0.9886299898091483,4.5550953444292945
58.0,45.0,True,0.48471156914237,0.169154700924626,0.8694310879255536,0.35070620856294743,3.400064906021669
58.0,46.0,True,0.5934365883555046,0.24598697141032233,1.342520506392507,0.7057655733734176,6.573220353060173
58.0,47.0,True,0.5158674323879188,0.21279383802131427,0.9150064019724384,-0.16819489854536238,4.888288595702588
58.0,48.0,True,0.549921013590044,0.2595258544557915,1.196564714295972,0.45979943511589516,5.31830498082481
58.0,49.0,True,0.7006905916531041,0.20850182535900336,1.0735825509804982,-0.2817088116954273,10.242560803345432
58.0,50.0,True,0.5943006554527823,0.2848638407746992,1.371553214705359,0.6445322481208752,6.365393758211549
58.0,51.0,True,0.5937464671181866,0.18829181776539852,0.9383482220158892,0.027876089182381526,7.460262646117287
58.0,52.0,True,0.6149492556712021,0.19487694828374047,0.8693006549065934,-0.3412118172540195,8.05574817360971
58.0,53.0,True,0.5091235899266792,0.17462555726258464,0.8915196001157722,0.4886047182293027,4.645489182795557
58.0,54.0,True,0.4783466651501487,0.20773852352057576,0.9964666601860392,0.40892682900819566,3.3542389476920027
58.0,55.0,True,0.46363209756107304,0.13974699200031407,0.808088072535958,0.9578499206346457,3.108802410805894
58.0,56.0,True,0.28594307120554385,0.11314279860504095,0.5061381288652465,0.024327618377154865,-2.791519132539235
58.0,57.0,True,0.28600645350323883,0.13944865237666562,0.6925760605729204,0.8767187485941278,-2.9261996908323367
58.0,58.0,True,0.3852518656515607,0.19935148114853443,0.8818051930344216,0.6640588729534225,0.5762926426117709
58.0,59.0,True,0.21538246480931972,0.07867461853169515,0.3660892233688421,-0.03742629245138117,-4.770352124755563
58.0,60.0,True,0.3585570179293697,0.20164967257032593,0.7757134510298453,0.2912199205902949,-0.7362840840758873
58.0,61.0,True,0.3617356486963152,0.12040628926555656,0.6133744495499739,0.10980092106507233,-0.29844688396407343
58.0,62.0,True,0.43493068746149854,0.20610164352548865,0.8434078902814579,0.02650718480570399,2.29599229817674
58.0,63.0,True,0.39766860750379746,0.16880840107337192,0.7109903136492031,-0.04930852991313089,0.9703204383416191
58.0,64.0,True,0.3370925613025989,0.1642744576423309,0.7475029492190628,0.7625861400434318,-0.7981642348957874
58.0,65.0,True,0.2990201137177162,0.14524975114937147,0.7504349022761637,1.045937552484652,-2.6397581884359873
58.0,66.0,True,0.2706759601061639,0.172011607344947,0.7080166140947196,0.878406705271217,-3.26166012556419
58.0,67.0,True,0.4764222474750863,0.20628575582911698,0.9358516021694454,0.65929710468306,3.5612229174226395
58.0,68.0,True,0.34549439229868345,0.16769194471393634,0.744224785619973,0.7243387192821089,-1.1823111861826838
58.0,69.0,True,0.3644289244628641,0.15332130867728025,0.7366259739291854,0.4546967338614561,-0.12166318989460177
58.0,70.0,True,0.4197412179814745,0.16785150972199422,0.6936120278865866,0.057346247461304276,1.6811409713821046
58.0,71.0,True,0.2924925201657058,0.1811450459812846,0.6538237104401778,0.2312715805571919,-2.58335947069016
58.0,72.0,True,0.3640996300796033,0.1417341153558504,0.650304783389592,-0.20358577438191783,-0.3185054782076314
58.0,73.0,True,0.29305267716355393,0.175282461622877,0.6480802851961448,0.15700686594387678,-2.142645926556259
58.0,74.0,True,0.42346980095998144,0.18725590739681017,0.8480575441573422,0.4924082389085582,1.82498878612892
58.0,75.0,True,0.29542842128509966,0.16892291901435172,0.6356911147467263,0.07311301239170194,-2.1676547903362398
58.0,76.0,True,0.40128239933528953,0.15517567182357309,0.6493712701083127,-0.4433263539434117,1.1539967818053565
58.0,77.0,True,0.18437884428582327,0.07104318487939541,0.2880094514107996,-0.6226811834758282,-5.907328663937002
58.0,78.0,True,0.4722449262067324,0.19277067482803692,0.8735629227988977,0.03618521183302796,3.195477159543863
58.0,79.0,True,0.49482403561352334,0.18476946798252258,0.8610547415674971,0.1518866872830586,3.470721786714736
58.0,80.0,True,0.44994329366431257,0.13397643165719658,0.7101691077795497,0.19717856322976743,2.480097870986056
58.0,81.0,True,0.5341195545796974,0.19994295862972086,1.0371306743322597,0.8753210158469059,5.098366269005132
58.0,82.0,True,0.4354034080734835,0.19099967682922397,0.8142316045630871,-0.15846148980450012,2.2322605287140007
58.0,83.0,True,0.6025155926075257,0.199417278420534,1.0366214079489802,0.26090338517644446,7.252006615802464
58.0,84.0,True,0.5981264951700704,0.25356786301327866,1.2540776193644994,0.826134179630729,7.610659258114937
58.0,85.0,True,0.49547545029996076,0.23140434294503975,0.9238027469078032,-0.130012166775261,4.140892362259982
58.0,86.0,True,0.5285359896989065,0.25069655035213817,1.1372768799894244,0.4160490011649238,4.67720742794508
58.0,87.0,True,0.52403441595823,0.1311093666507335,0.8276560640414667,0.631910328298331,4.7165819187660665
58.0,88.0,True,0.4367988161702459,0.13006696381016006,0.7427680845354526,0.17790578259637982,2.039752625299564
58.0,89.0,True,0.3576865109995878,0.14201282172292012,0.6550920377449703,-0.0931034681668409,-0.18276544096033798
58.0,90.0,True,0.30955617836283794,0.12932219867541542,0.6602399715899574,0.8549316971621841,-2.2424387505975685
58.0,91.0,True,0.3570298153823364,0.1638284188943372,0.6643966069683713,-0.2160870668558502,-0.3527623444278609
58.0,92.0,True,0.4018111756090711,0.18562329487144175,0.7857287525706366,0.1510543963984067,1.0923345100774087
58.0,93.0,True,0.3111106615759793,0.16928404536693586,0.668925117736165,0.5176464261233796,-2.0290211071352466
58.0,94.0,True,0.5508374766375823,0.23520404973608208,1.2869554709588915,0.9724708368322565,5.571061013581065
58.0,95.0,True,0.5681180712918493,0.1999877528718455,0.9720199161785612,0.44370976000720946,6.251711138922162
58.0,96.0,True,0.4414729395560111,0.14949687945821882,0.8076036144876059,0.3376700217513969,2.2078522790196153
58.0,97.0,True,0.6653821456470244,0.19829137630397808,1.1886318431642964,1.0699256156725294,9.69121525140782
58.0,98.0,True,0.41943290273365147,0.29325630006380005,0.9465885195005256,0.2843062378110463,1.9928635206743688
58.0,99.0,True,0.41705520493273207,0.13853059759640596,0.7134201191986913,0.5657400365030879,1.58369438401635
58.0,100.0,False,,,,,
59.0,1.0,False,,,,,
59.0,2.0,True,0.015981776794380224,0.025228886727421705,0.0879336249351106,1.923125246610319,-11.094788353388333
59.0,3.0,True,0.28192647596024656,0.13767622767040277,0.5987764073841898,0.24123471420058287,-2.525938226367531
59.0,4.0,True,0.44652551568477655,0.275317277057238,1.1065885325294154,0.8077704467314938,2.0818006494333297
59.0,5.0,True,0.43995536177078975,0.2901008197115813,0.9922528481355044,0.35971875736678544,2.0732672434797035
59.0,6.0,True,0.33649918821463787,0.10385533801487207,0.5633404179924829,0.6749809575317776,-1.1436138231202975
59.0,7.0,True,0.3718620082065427,0.23207147338433767,0.8746622586437494,0.3178002466860698,0.6725552051017216
59.0,8.0,True,0.38274687459912526,0.19922795113569342,0.8299271501567537,0.5698323577244631,0.1131976425824211
59.0,9.0,True,0.34721228419317834,0.12751803495056346,0.5606651624840991,0.1373113342417122,-0.9541583201714048
59.0,10.0,True,0.32229998946181915,0.20331664668809377,0.7326964125239839,0.3349741185986243,-1.141915350207815
59.0,11.0,True,0.45352129786933276,0.16827796292183858,0.8229921628960208,0.038598963546669106,2.841920265998058
59.0,12.0,True,0.206276979527766,0.10802353167222636,0.3925728295791046,-0.16099961150152273,-5.010476180009253
59.0,13.0,True,0.2622690984886155,0.15468828865583412,0.5104857338784584,-0.25982671992606754,-3.4019629208587574
59.0,14.0,True,0.2902371771883553,0.09252478275340247,0.4700937249364149,-0.1744793359430569,-2.5199151824820776
59.0,15.0,True,0.3388621353552516,0.11820084845742478,0.5327169097655972,-0.8504867101098603,-1.1495463615652788
59.0,16.0,True,0.47393959468792596,0.22251813033789056,1.0193632818788694,0.36695164241265843,2.6375377846035075
59.0,17.0,True,0.38963489868247064,0.1621584853084858,0.6455721268612787,-0.4287352627612693,1.128348986200853
59.0,18.0,True,0.21344575747778508,0.13390220930683022,0.4864115924925987,0.6625316577748656,-4.647412895282891
59.0,19.0,True,0.3967015937084402,0.15325710956506008,0.6948167924761786,0.1763983522825149,1.0455401473060584
59.0,20.0,True,0.3319681121677737,0.1176206339591375,0.5938178766376725,0.25313043517916317,-1.3259754094390042
59.0,21.0,True,0.34983667800033147,0.1455159985892163,0.5722287249723599,-0.2286941307668811,-0.4058275693580026
59.0,22.0,True,0.34684690924038536,0.13807758631341757,0.645931688035058,0.5270668085050785,-1.0051641831095686
59.0,23.0,True,0.3824213436257033,0.1166210646927732,0.596496991711059,-0.3963342337036602,0.6769230933495101
59.0,24.0,True,0.3992715829782055,0.18264392523816503,0.7957487346573952,0.5333473061798256,1.0346802394825523
59.0,25.0,True,0.2889063556204649,0.19977196176901701,0.6307577760880988,-0.0452179058637561,-2.112007664051435
59.0,26.0,True,0.46407271677958206,0.17027636065515586,0.8582943714545389,0.5407020798721962,3.4287013360329754
59.0,27.0,True,0.2716105633877043,0.1685244976621742,0.6659655132202305,0.8856585026599183,-3.0434782692336215
59.0,28.0,True,0.3151431206971408,0.14724664066221002,0.5387255297987281,-0.6089109063520296,-1.9715839557722368
59.0,29.0,True,0.3167789472410108,0.17075256292261745,0.6624306085802094,0.6008905798212824,-1.5608875630344623
59.0,30.0,True,0.41016020503316164,0.2130902531627341,0.9222775800758916,0.2110958154293238,0.9753259469140065
59.0,31.0,True,0.3891839837693247,0.2168914217401687,0.83066564744132,0.47236724273506403,1.0645772497125656
59.0,32.0,True,0.6501708907128286,0.19786291782276524,1.0058436466475915,-0.006755261794975464,8.953957288087608
59.0,33.0,True,0.9452287430885742,0.33807363780735133,1.4780552221324306,-0.5904431570275409,19.029516926018164
59.0,34.0,True,1.1496237345174958,0.45854618658530033,1.5,-1.2452470857115647,25.51311735894426
59.0,35.0,True,1.1768887287131773,0.4968915907787035,1.5,-1.2485869100404643,26.278933208363764
59.0,36.0,True,1.1008526084990056,0.3068982113811792,1.5,-0.8497481735609292,23.59059632627433
59.0,37.0,True,0.7811389954084168,0.35425926962086424,1.2724683766135734,-0.5652905566333577,13.836045300598151
59.0,38.0,True,0.5488853174416836,0.3304490910136254,1.201533935873725,0.2324313052172177,6.1623544672006725
59.0,39.0,True,0.4385838493748191,0.23924585195389994,0.8577761096390045,-0.10616470775608805,2.46963194059309
59.0,40.0,True,0.4853790268610981,0.1758670682739182,0.768588163834121,-0.3315354419918325,4.1140392963889
59.0,41.0,True,0.5182589833886331,0.2390793298131814,0.9908925339368798,0.2904146920661421,4.864324886875222
59.0,42.0,True,0.4851822613909183,0.14819537109334058,0.8916101486357897,0.34184926710145064,3.5919407007391597
59.0,43.0,True,0.489016809534958,0.2601767467071422,0.9407666591523318,0.295981070008027,4.063506223270989
59.0,44.0,True,0.45171683562429077,0.14087587307066904,0.7078447439976726,-0.08554791289999197,2.8805090612255086
59.0,45.0,True,0.43221548962680345,0.19954463158441244,0.8195001091927154,-0.11156152998991736,1.8751725565104878
59.0,46.0,True,0.7510278730965794,0.28680337179935705,1.172581046888072,-0.6158745661365006,12.66185355099816
59.0,47.0,True,0.5416412547795812,0.22282221158688034,0.969840642756053,-0.11172275398086988,5.8649811650845125
59.0,48.0,True,0.5251657107022303,0.18695751918065978,0.8351625996413714,-0.7561299192814068,4.843635386479407
59.0,49.0,True,0.620652991870813,0.2256130864666882,1.0742457654766315,-0.22471739691463327,7.929861173158606
59.0,50.0,True,0.5347624411858396,0.222545430994268,0.8623103362187722,-0.6164816378283499,5.5679214703302025
59.0,51.0,True,0.5969394428927872,0.29249419136791965,1.0727391597782985,0.44284640044607004,7.7405522529469115
59.0,52.0,True,0.5544482716767716,0.2632039919598978,1.1295854849207625,0.3564677933622256,5.948591553274642
59.0,53.0,True,0.41280809743117686,0.22226396230667295,0.8825910432114461,0.25842075019308713,1.434356349302958
59.0,54.0,True,0.32562419193311,0.18111382281094593,0.7687924998076463,0.7006247460488935,-1.4976620535802634
59.0,55.0,True,0.2920415198325531,0.10961730149311733,0.4746555585441661,-0.3225673622357769,-2.75315774003452
59.0,56.0,True,0.36654645591603097,0.22796193495136996,0.7749331346437209,0.22248692602416179,0.06048012910359307
59.0,57.0,True,0.39175953289087095,0.2551592183494185,0.9348901524945268,0.4909569546532823,0.6272277378785569
59.0,58.0,True,0.37371286374630514,0.22694539232626995,1.318706739373767,1.972148422592698,-0.6372842858162637
59.0,59.0,True,0.4168305608409549,0.16199132576856343,0.7809023821758376,0.6459539766662118,1.5797147871867387
59.0,60.0,True,0.3224320232555642,0.16118537416271508,0.8189944254147159,0.8406149676603777,-1.9856256671243335
59.0,61.0,True,0.4021559327247487,0.15659982867456865,0.8181265370604213,0.8392398419233733,1.065052527298159
59.0,62.0,True,0.406872188601196,0.18471235924503346,0.8129107761546042,0.2139336298916983,1.2933937439214183
59.0,63.0,True,0.358595779679616,0.20460420492078837,0.8758450588369908,0.6267768913173605,-0.5263944721235688
59.0,64.0,True,0.30333060432629755,0.14264635106753257,0.5029720793843871,-0.4569058591515681,-1.9919697368173173
59.0,65.0,True,0.341895847074939,0.16722714947586495,0.6439125347896266,0.0023271577753317396,-0.7919864516599919
59.0,66.0,True,0.3208368785403974,0.15873720572566252,0.7746975469880171,0.3773240913598384,-1.6825116751852254
59.0,67.0,True,0.2344806209424346,0.14457460462104196,0.5036790572985158,0.07216619190626236,-4.081444498880276
59.0,68.0,True,0.29417165523638816,0.16504539468889273,0.6540129646395052,0.3661833139564118,-2.318145596715198
59.0,69.0,True,0.3194112924958037,0.14098798127967518,0.6409082359365619,0.5671985301464133,-1.3388481651516462
59.0,70.0,True,0.37092636981227284,0.22265013125496988,0.8336977418871476,0.09597491023159835,0.3225435120654097
59.0,71.0,True,0.18771368168182703,0.08959675296510997,0.3676635961129996,-0.1625805708664614,-5.597076933415685
59.0,72.0,True,0.15632836727073918,0.08088865350865107,0.3024751032446828,-0.06115432010905572,-6.593625614915845
59.0,73.0,True,0.2938070185177778,0.1524820349609593,0.5561181190960783,0.023159053760678693,-2.5620450581804444
59.0,74.0,True,0.37216753663105134,0.19792948486149348,0.7982027381425042,0.26765252196802364,-0.0018486038991755514
59.0,75.0,True,0.3391745029991188,0.1503391267020742,0.6238373431792704,0.3335500052320653,-0.7150017274354479
59.0,76.0,True,0.26258473072351834,0.15991108706548599,0.6007560340541637,0.6608654041665832,-3.102661826718153
59.0,77.0,True,0.32612014519565624,0.16435006104543814,0.7163800403427444,-0.10249304013359266,-1.5172102480715661
59.0,78.0,True,0.46235735652261156,0.20979919116254456,1.0143651533923612,0.9692471092777584,3.227921643057775
59.0,79.0,True,0.3759383473212803,0.1594182600615626,0.7623709846756646,0.35078857409647235,-0.01657121389321882
59.0,80.0,True,0.38287041039338376,0.21976131197688137,0.9122958453580708,0.60310767848613,-0.15363787764152254
59.0,81.0,True,0.5109203242989167,0.2501248977392651,0.9867786197918812,-0.30206837507201656,4.595681460223948
59.0,82.0,True,0.7120506846404113,0.20778272179257662,1.2785158736493594,1.0552482777604157,10.849507547079268
59.0,83.0,True,0.6301770361473799,0.24620053693920485,1.148066110507604,-0.16580244564785016,8.300144542890822
59.0,84.0,True,0.5210923916224682,0.26083923022450234,1.05272419390871,0.4262197322369009,4.811453565946221
59.0,85.0,True,0.46224119545365216,0.19566719436430532,0.888399175492893,0.39577357342663083,3.2132776688666445
59.0,86.0,True,0.4820518044242021,0.2343045739354602,1.1559416390485562,1.257129578417309,3.71193532118231
59.0,87.0,True,0.4269858837264932,0.19967460018906005,0.7607456301901853,0.2093303614526157,1.677829973003088
59.0,88.0,True,0.477723670322395,0.1634837464899167,0.8887536036468182,0.13449708308196406,3.4778415482947285
59.0,89.0,True,0.3911662334231587,0.12541307802055102,0.5991578517434049,-0.7710376475170676,0.8801235221468706
59.0,90.0,True,0.2889876908487849,0.11777723429032758,0.5564944838197616,0.47515192851084415,-2.2777953504524486
59.0,91.0,True,0.38833052765092435,0.17595341909994816,0.7691074625164679,0.006234832273056454,0.5534653098489705
59.0,92.0,True,0.29773876330551624,0.22516672920512418,0.7857275120468421,0.5632946682790434,-2.060635086333242
59.0,93.0,True,0.4252965615686747,0.20243720611242663,0.8929166204617077,0.6383317024955503,1.855457682627976
59.0,94.0,True,0.5458937702462224,0.23083534572686054,0.9597449437428894,0.08830829485573005,5.6546740991074085
59.0,95.0,True,0.37701695718351874,0.14656220703125436,0.6943093104444988,0.09782579291997417,0.6349298137123525
59.0,96.0,True,0.5259297170393089,0.18942178534521872,0.8468714377844859,-0.021526136244897104,4.862051860354938
59.0,97.0,True,0.5074336893879459,0.2820358952454064,1.5,1.5000830718564648,4.163787341308993
59.0,98.0,True,0.3613455397083823,0.19442607912481838,0.802670939417401,0.38044066067653537,-0.393504887909452
59.0,99.0,True,0.2264408929805355,0.13369454311794454,0.6693071000650578,1.0375352974365817,-4.765820189729421
59.0,100.0,False,,,,,
60.0,1.0,False,,,,,
60.0,2.0,False,,,,,
60.0,3.0,True,0.24925991950097412,0.18257711214609174,0.6166877751712725,0.19990133383507908,-3.8892090684355884
60.0,4.0,True,0.425099578549744,0.14704082910476557,0.7085459318108286,0.17114962130280587,1.8733165309775346
60.0,5.0,True,0.32893021576374415,0.19488266401315255,1.037950877401575,1.1822713320783236,-1.3536230994897365
60.0,6.0,True,0.27560356478837594,0.11653478403049732,0.4524380993505076,-0.2824362416767868,-3.1026941266540913
60.0,7.0,True,0.284311504147428,0.12327507681760552,0.4966619811933262,-0.020474531245209517,-2.813375613678919
60.0,8.0,True,0.43423974582639546,0.18356461626827975,0.7747179564844022,0.0665721043403877,2.043973941106696
60.0,9.0,True,0.3424684359770327,0.15587758268492008,0.6412368924652095,0.09881285834842819,-0.45452324493077095
60.0,10.0,True,0.36124111579146684,0.10707153647367376,0.5965644060943025,-0.18951922912887595,-0.03486977875735184
60.0,11.0,True,0.34984299556531634,0.2492732136211047,0.8756674433504291,0.6271671543428039,-0.2213163975445965
60.0,12.0,True,0.2624669015298681,0.11359300438410613,0.4622499599858383,-0.6482608210803402,-3.2350805599641026
60.0,13.0,True,0.3355661649884804,0.11667199619967658,0.5228826425309341,-0.6385522681723468,-0.7643110009632517
60.0,14.0,True,0.44195956328942293,0.20936151378990825,1.278316934769245,1.4988029430251948,1.819864813812537
60.0,15.0,True,0.3037697945952508,0.21462552449030345,0.6531756863686895,0.08262586695283522,-1.8024863866652412
60.0,16.0,True,0.35704915112599134,0.13296817858869125,0.7319295787699514,1.1762230808307739,-0.3734564731011295
60.0,17.0,True,0.4734483907048171,0.2592727578346487,0.9791087822149068,0.49958457668689943,3.6947460874374283
60.0,18.0,True,0.359647973117938,0.17984105547949406,0.7186558678846323,-0.0800377976239,-0.4599439620156262
60.0,19.0,True,0.39451670968167546,0.16054034432194106,0.7070764200571832,-0.14821681458292657,0.8211380935526768
60.0,20.0,True,0.4097252265256928,0.1543156359850328,0.8125224296566445,0.44102244703490595,0.8702631987852186
60.0,21.0,True,0.4770977903846932,0.22913193024908352,0.9318679843465631,0.37295556117302475,3.8044053654991186
60.0,22.0,True,0.40141560336218224,0.19621602893717208,0.8315021649468927,0.08509175525801503,1.427264875030402
60.0,23.0,True,0.33767566536179405,0.08664940572564268,0.5601451105425486,0.8680375147531769,-1.0014610971668643
60.0,24.0,True,0.4692817659794711,0.21060850017137914,0.866482166240195,0.43648588183973036,2.9922035982419013
60.0,25.0,True,0.36896281165672973,0.22472354780973358,0.9687379156185328,0.787249107077071,0.5219251359835366
60.0,26.0,True,0.335206476548832,0.1653554271690319,0.608512600207714,-0.07591286783240489,-0.9822069637324763
60.0,27.0,True,0.2330232169334587,0.1296155166704917,0.450356984651495,-0.06588473587656653,-4.0933925028504685
60.0,28.0,True,0.39104940884775274,0.16936421158958676,0.676932255892103,-0.14199877043492418,0.633855559380746
60.0,29.0,True,0.44613737070274445,0.21291578878797796,0.8969065919720012,0.2759766882077981,2.7126783449734244
60.0,30.0,True,0.3428589938374521,0.23239683805692443,0.8406537502893823,0.6130805774327576,-0.8172852211606352
60.0,31.0,True,0.3825667344099451,0.2213549996842437,0.8787761525342288,0.4093164764609087,0.6568378375488413
60.0,32.0,True,0.7025172658203078,0.182332337783784,1.0857064515623418,0.6210836690944536,10.526233664155873
60.0,33.0,True,0.9081713280213044,0.3158935160249377,1.483959725703027,-0.5105561002593898,17.458772616847217
60.0,34.0,True,1.262251614687033,0.42949685612254523,1.5,-1.7260314240816828,29.143860764780296
60.0,35.0,True,1.2568830114530511,0.4812946518728763,1.5,-1.7099464529522228,28.926211035994704
60.0,36.0,True,1.1981238025679164,0.45737136779859344,1.5,-1.2515824361804366,27.4232041955433
60.0,37.0,True,1.0043559882765496,0.47735236660068525,1.5,-0.7206322016675307,21.110653984793537
60.0,38.0,True,0.7557361031275925,0.3813764277470455,1.4429629303273248,-0.4028268802939706,12.717410117504292
60.0,39.0,True,0.4604844303493222,0.19957964879991053,0.8794831274964677,-0.07559010089857678,3.165412267642343
60.0,40.0,True,0.409786467519921,0.15188026880762434,0.7050720727766009,0.11162039630691627,1.1512870962475263
60.0,41.0,True,0.38017807181074503,0.141156417916544,0.6627716558711079,-0.10302917046033615,0.44156737410198577
60.0,42.0,True,0.2967863461227025,0.16234180451651464,0.8334323397298065,0.8935067952814482,-2.317476230330289
60.0,43.0,True,0.36213457976981944,0.15423651503022964,0.7199355623365885,-0.0792615172524217,-0.03231354512626028
60.0,44.0,True,0.24860971569499804,0.1219123415943574,0.4576152440497227,-0.17056663917068252,-3.8478784017397785
60.0,45.0,True,0.4037639659902264,0.16415876978224916,0.7134816354657232,0.056711931547345475,1.0307991536205123
60.0,46.0,True,0.45352106924391933,0.11898850440213683,0.668147118511759,0.2410110578972839,2.714625258787537
60.0,47.0,True,0.5668475922295845,0.17126125738334788,0.9078950716272262,0.24576391028526015,6.478792318740731
60.0,48.0,True,0.6149343061055365,0.21927814838870383,1.087352822634468,-0.43628605824509736,8.065712438129559
60.0,49.0,True,0.5098292368351192,0.15198834888975296,0.7038884487461442,-0.7032978846140946,4.3518123307017715
60.0,50.0,True,0.4289872066506705,0.1664912916771445,0.9572690343179424,0.6118385964882251,1.7337144392539794
60.0,51.0,True,0.48523646376967183,0.13638340239374436,0.7581447919505879,-0.16426636612928416,3.4963385913345437
60.0,52.0,True,0.3552263826350714,0.12447987753309063,0.6818722075764533,0.24804257590427584,-0.8431159605805347
60.0,53.0,True,0.4320640109988901,0.19588122376264974,0.8472004518334163,0.598500200024963,2.242565690150342
60.0,54.0,True,0.33740707528996766,0.1920974389479099,0.6479521666867113,-0.10704356840131464,-1.170249250926486
60.0,55.0,True,0.42575883210947624,0.19328335891807016,0.8560636478865339,0.3292870111584155,1.974084459387487
60.0,56.0,True,0.22726622018756262,0.11483259493170452,0.4217178315854892,-0.09818337606186675,-4.274282025212215
60.0,57.0,True,0.3656315779877306,0.12765295012900293,0.681754502277748,0.2252974471789109,-0.1702472683023456
60.0,58.0,True,0.32420385563870924,0.114413964289083,0.5783244612330337,-0.06514005328733977,-1.4832228747881606
60.0,59.0,True,0.2839403237074931,0.15703073178074983,0.5970765731911863,0.15144610773344155,-2.448736754713197
60.0,60.0,True,0.42500940692171296,0.21047751443142731,0.8577069533886673,0.7016066408176,2.242594993516842
60.0,61.0,True,0.21928213057104967,0.16139616786170533,0.6162592745549176,0.8763057474540797,-4.461769099500697
60.0,62.0,True,0.2890327333450825,0.12151085007527042,0.479521146098667,-0.20113805325175707,-2.190138698917674
60.0,63.0,True,0.22290554879762367,0.14170619807936424,0.4736838528176766,0.1838367138211732,-4.756647888484829
60.0,64.0,True,0.354008442721458,0.17785651765603505,0.6512729385364744,-0.30258497398565287,-0.07352899368156172
60.0,65.0,True,0.41483960749627413,0.16978555584958957,0.9870009792874516,0.7566394347022399,1.0068810473979561
60.0,66.0,True,0.2551952692464272,0.12050448295486733,0.4726469439877084,-0.2380457032414061,-3.430094492270701
60.0,67.0,True,0.3952729869508033,0.1924764278665886,0.7810489885228061,0.486509702080627,0.8553589963104042
60.0,68.0,True,0.32486125630711704,0.05964825616463265,0.4537285016572967,-0.472855509620908,-1.3675202050152473
60.0,69.0,True,0.34770979438943067,0.20483212972668335,0.8205294002193808,0.5014215545159979,-0.3326725712751472
60.0,70.0,True,0.2925709356419542,0.15071359436435194,0.6170538306981505,0.2075131198362161,-2.2044496135234106
60.0,71.0,True,0.30028964588972346,0.16737167160494817,0.7491795260324633,1.191910280430971,-2.2042144201349356
60.0,72.0,True,0.3515164033575881,0.18501251726147283,0.8059554428006436,-0.24411675358556842,-0.4071475396317262
60.0,73.0,True,0.2826936429000042,0.139607965878418,0.5244138207351321,-0.4564082011011619,-2.7251779955219693
60.0,74.0,True,0.3863760997591825,0.23795096067212504,0.9479868270262948,0.5380782892743344,0.40731490172075796
60.0,75.0,True,0.39123227872623434,0.24728874519591446,0.8938275245492828,0.8314876154512549,1.020970622427325
60.0,76.0,True,0.38463237952275464,0.10295884540102752,0.6288074338653443,0.30273104660974376,0.33863832267105826
60.0,77.0,True,0.30164456601028333,0.16643520071902176,0.6587556978812071,0.3360874643182205,-1.9831632674250517
60.0,78.0,True,0.35510856190307916,0.11143443834186782,0.5723508434034774,-0.4604231038322126,-0.4387913287465261
60.0,79.0,True,0.522996916209759,0.2797794033826325,1.0749859456080062,0.253681388699651,5.534022662485191
60.0,80.0,True,0.4154442356187928,0.19637899082345806,0.8819770275434955,0.5085724926714462,1.5887415610218174
60.0,81.0,True,0.5316543015740721,0.22568708829520015,0.9901282348581744,-0.14120450887208716,5.730406744798072
60.0,82.0,True,0.6059141117575256,0.2245539619063841,1.0392452213196113,-0.08117272563554635,7.779456574168355
60.0,83.0,True,0.5581731728116935,0.2994463355564095,1.3070641753390426,1.1854746461140733,6.372686603004609
60.0,84.0,True,0.6478391893153107,0.2433425009831326,1.2060759949950235,0.9107976872650348,8.480061113758367
60.0,85.0,True,0.5901671494187615,0.17806042470963027,1.1465705673141648,1.005933104761848,6.482388772236127
60.0,86.0,True,0.5912467068668735,0.2038132605855852,1.0651902701867615,-0.32473031200576086,6.803012610641228
60.0,87.0,True,0.5820644250580456,0.3123007120182784,1.2902920479747413,0.6156421488907089,6.967906479660767
60.0,88.0,True,0.534868651014712,0.19422794171247992,0.8925754991325077,-0.19877957289782267,5.150362900590575
60.0,89.0,True,0.5456163269751053,0.24527642317049975,1.0353438731892577,-0.015981520917851624,6.123083436307764
60.0,90.0,True,0.2989829180330778,0.20271222427986574,1.1034150402155238,1.8325480983146736,-2.7327489583815074
60.0,91.0,True,0.39558173954185755,0.132596369084362,0.6545734077352405,0.4160675659857867,0.6476029645103989
60.0,92.0,True,0.40310452864713237,0.19281737520879072,0.8491875292483406,0.7504578240146068,1.138973838676833
60.0,93.0,True,0.339398222345189,0.2182915455651663,0.8785796254595668,1.0192354159849213,-0.43965841426805574
60.0,94.0,True,0.5040586890614607,0.2436620265983122,1.002593162719028,0.1117039451877153,4.680709893469117
60.0,95.0,True,0.4533360653041413,0.18945790181375072,0.8290183878117786,0.2888996919880684,2.076249907886745
60.0,96.0,True,0.5446197283648148,0.20127002837384755,0.9399091155912777,0.027095868418771138,5.864142381785535
60.0,97.0,True,0.4365193459892335,0.2164595649818228,0.8911983987123865,0.05696447462498612,2.097718542110555
60.0,98.0,True,0.44312767804901626,0.23071495229340908,0.9349265499026144,0.246826712154115,2.403152178585851
60.0,99.0,True,0.23653427792790213,0.15503117356696136,0.5283924341512993,0.15988469327867566,-4.2799493843598215
60.0,100.0,False,,,,,
61.0,1.0,False,,,,,
61.0,2.0,False,,,,,
61.0,3.0,True,0.2774213821889687,0.17482301501213093,0.5682874951032925,-0.12129802668858496,-3.0096968703415357
61.0,4.0,True,0.4285521835671262,0.15742550621486492,0.8047046563353941,0.425545396032621,2.1338996251834885
61.0,5.0,True,0.4505907219566677,0.1343640676950802,0.7115200230243456,-0.5934861658212125,2.838244767433882
61.0,6.0,True,0.384874422407551,0.12466549541019445,0.647722077880354,0.25299413358165085,0.6743160363360168
61.0,7.0,True,0.3499615920715273,0.17506595504580466,0.7086662419708091,0.04241313561722064,-0.11096210804224711
61.0,8.0,True,0.5157851243815109,0.22012239528179398,0.935244357045894,0.26164757496848756,4.905084345264654
61.0,9.0,True,0.36204622226900857,0.16905168339123952,0.6661851734554439,0.5296141200218929,-0.19973875576782124
61.0,10.0,True,0.3577781841884247,0.16721767096431595,0.6518085455232286,-0.43211799860140915,-0.43778605271554244
61.0,11.0,True,0.3869045957777505,0.2666511151759031,0.9832920377404324,0.5492395207622014,1.0467807920099632
61.0,12.0,True,0.22890610320744634,0.10406215872651454,0.5894606524856837,1.247158325338113,-4.758187713423976
61.0,13.0,True,0.3613014744434438,0.18810688033919037,0.8639305856211903,1.292795546708503,0.02442943997831884
61.0,14.0,True,0.2726638838877341,0.13511173469374232,0.5520663869547758,0.33412017139405414,-3.173131539315058
61.0,15.0,True,0.3533314502805095,0.1288683353783101,0.6012368838545014,-0.2398282990554156,-0.31717932680329874
61.0,16.0,True,0.38469007512159165,0.1567509100683912,0.6484262897611222,-0.26095552114498316,0.5766076525726219
61.0,17.0,True,0.36617750346700345,0.2071751992837177,0.8835919914179816,0.7124276717700905,0.20515405758690558
61.0,18.0,True,0.34347531750587523,0.20145253259607518,0.6937838944648228,-0.015256784984331364,-0.7337644267079879
61.0,19.0,True,0.4828205156310723,0.2747685340594255,0.9752644463330004,0.32005613989152637,3.641004235725397
61.0,20.0,True,0.4309880105586972,0.24522935260316484,0.9740733880305976,0.36202912057996045,1.5188419023670665
61.0,21.0,True,0.5218878642088514,0.20158250835290076,0.9279996730916164,0.5217793228729644,4.8648711367096835
61.0,22.0,True,0.4605976768301337,0.18744793369459575,0.8801182941936012,0.3977371021705828,3.3810027843975035
61.0,23.0,True,0.45397134726304894,0.1842560827094734,0.996318029778508,0.04206111662695792,2.2197319052992612
61.0,24.0,True,0.37591787633902185,0.18390433780218088,0.6517571152878873,-0.5506620192351754,-0.05075210187329565
61.0,25.0,True,0.34174268939385927,0.1857559121735591,0.8194256967129512,0.6514608003520298,-0.5467138068955647
61.0,26.0,True,0.41095526335073984,0.17057228965044308,0.7361659757250999,0.12879375158542553,1.5592237416010866
61.0,27.0,True,0.3643660024246855,0.1407685560545281,0.7943515934248663,0.7046516060178089,-0.3125802663199953
61.0,28.0,True,0.3572724904332822,0.11052222289947322,0.5068197324604472,-0.9663832968636379,-0.18101510280671393
61.0,29.0,True,0.4773193923899284,0.15879789867476748,0.6866033264871585,-1.1850665670662253,3.3791967970643038
61.0,30.0,True,0.2700950281442437,0.1421011405820578,0.5747619172754753,0.03297315392441576,-3.2136127395771084
61.0,31.0,True,0.4577700010888098,0.18540588935071559,0.797787808767474,0.14353392750226698,2.7267838173749115
61.0,32.0,True,0.6964629895104503,0.3256474224889169,1.4921815343498996,0.7164564940085493,10.66575156103361
61.0,33.0,True,1.1542194965138537,0.33388980223370957,1.5,-1.0447266835327307,25.514040488607684
61.0,34.0,True,1.1586811593712598,0.5232300880057024,1.5,-1.283506624764116,25.905334460260203
61.0,35.0,True,1.2583767481042523,0.3710457535776055,1.5,-1.4149138190487096,28.56216503176802
61.0,36.0,True,1.1818775495226956,0.4476238475425171,1.5,-1.257943307421985,26.570843626835217
61.0,37.0,True,0.8646559010285151,0.3377512872891611,1.4363129687419125,-0.7433749323181406,16.105360268581332
61.0,38.0,True,0.7265355232653876,0.3178939006732463,1.5,0.22458863703364051,11.210181492827049
61.0,39.0,True,0.5964954707219141,0.15606059081513315,0.9605849705789468,0.4689334168216371,6.9839154288661724
61.0,40.0,True,0.3135828994597822,0.13562326816709117,0.5178093403381708,-0.31695842788820244,-1.473387275838581
61.0,41.0,True,0.3418442698351763,0.15145562202310522,0.5853813387683146,0.06070104386866378,-0.830278444780983
61.0,42.0,True,0.40001975070449575,0.2066515082002358,0.8354401323062892,0.286905182301753,0.7648202869660412
61.0,43.0,True,0.3303818233643264,0.12604667252236937,0.6111193681501842,-0.5145147133888989,-1.47663642375486
61.0,44.0,True,0.47163864215306006,0.1839996497934312,0.8204586100986935,-0.2967001134260461,3.154116479643335
61.0,45.0,True,0.35522342462719375,0.22410513318487563,1.129762508819157,1.1495897625631313,-1.0803950599503183
61.0,46.0,True,0.3678824644256275,0.16596617155619026,0.6100975962290877,-0.5088164177241321,0.3553928276296375
61.0,47.0,True,0.46439254612663544,0.21004530067239596,0.9070761087117588,0.02400173109958061,2.9196567764056827
61.0,48.0,True,0.465179577021522,0.28648311465256115,1.1927164018813363,0.2137969236758332,2.732197799027455
61.0,49.0,True,0.4979479119881131,0.1268054747357487,0.7363486654806201,-0.9742453817831839,4.2755163788012895
61.0,50.0,True,0.43779247390508474,0.1898369530317823,0.8085506024229433,-0.047946234065481784,2.628173187615452
61.0,51.0,True,0.4089247417482288,0.16207024740985534,0.6793462532262066,0.053533505972972115,1.233453661551505
61.0,52.0,True,0.3294074673550533,0.18336982709161742,0.9484695253995952,1.1164648930147691,-1.3095878051134129
61.0,53.0,True,0.33715298286579304,0.1943244941953284,0.6665369379523359,-0.1982122926527676,-0.4734635303793879
61.0,54.0,True,0.46334554528386607,0.2178761643435173,0.8947494952150814,-0.04866238367557031,3.3154544098608776
61.0,55.0,True,0.3819138392732394,0.17798778902689974,0.7211684754520998,0.5628398620867813,0.6388455080266386
61.0,56.0,True,0.34487732562151163,0.10236524923708784,0.5424964239241745,-0.338575793487977,-0.9029914736346671
61.0,57.0,True,0.33286228623732744,0.12335363106477602,0.5331117803935368,-0.36922146409234163,-1.049978117326264
61.0,58.0,True,0.3813962082811302,0.2518884945687765,1.088178459052505,1.409756610707002,0.503282382441684
61.0,59.0,True,0.2762633813054193,0.08569069299029383,0.4030127212348642,-0.8344059231283717,-2.73179147904996
61.0,60.0,True,0.266542021183665,0.11496538815842294,0.5139903660388325,0.48462598716190164,-3.3563595356445286
61.0,61.0,True,0.2756646283029952,0.1412513519290744,0.4866517337176669,-0.3027783016085978,-3.0171325884592353
61.0,62.0,True,0.300634212813497,0.17991255356266922,0.6848076099525715,0.336079006248768,-2.46219334502438
61.0,63.0,True,0.31040734142235193,0.13899098692748313,0.5724632968658598,-0.36482421648397917,-1.6228429838056706
61.0,64.0,True,0.41096240482083113,0.27359300916826734,0.8519694080235184,0.16334613468359796,1.0548684852756591
61.0,65.0,True,0.34912930769022976,0.11961469325520493,0.5338323960264333,-1.4515086929269585,-0.6276472329508159
61.0,66.0,True,0.31281947705614616,0.16040698098392653,0.6724758337616871,0.4779226758786441,-1.8112977067922054
61.0,67.0,True,0.30068508187075194,0.1664469812763162,0.5833022945430155,0.15094365895596648,-2.0486364419956615
61.0,68.0,True,0.3928546669526637,0.23385539424987675,1.3086356703715516,1.9860989916185705,0.38210144028234744
61.0,69.0,True,0.21124823894500383,0.10952398379942557,0.4063816410941331,-0.01828287882790212,-4.758364759343372
61.0,70.0,True,0.22743811776296444,0.13443558774987616,0.5014129830595381,0.17377753252408432,-4.320566110547666
61.0,71.0,True,0.3619500729541903,0.16935237775802667,0.6771041702149571,0.49158909144030827,-0.039942196296204865
61.0,72.0,True,0.23530418160461442,0.11455557050238331,0.4595946094854129,-0.09198576446446687,-4.032818322671609
61.0,73.0,True,0.30422995756058724,0.14122428557862976,0.5478647680453306,-0.04174314396054928,-2.1780805676138884
61.0,74.0,True,0.3440521708762046,0.1575315179079305,0.6722530623337352,0.43192602259541263,-0.8913187258288009
61.0,75.0,True,0.28195105221036415,0.15893293738423517,0.5195765578293507,-0.34782110216800516,-2.717908162878003
61.0,76.0,True,0.36173259617335,0.1388636775904639,0.6305638176535017,0.19387000866295376,-0.0909376261045136
61.0,77.0,True,0.4102066619812129,0.1503902047831533,0.6093014696322371,-1.0160191858076704,1.810492697236139
61.0,78.0,True,0.4603837067202193,0.2005845639464427,1.002912840621769,1.0743279781222368,3.207539814683044
61.0,79.0,True,0.5750165425678402,0.21217621305111486,0.935572424878444,-0.021877918955212617,6.9929292459077415
61.0,80.0,True,0.5969997987316811,0.2561441639851881,1.2081178723140542,0.7364305101074723,6.777598193678377
61.0,81.0,True,0.5964278583004625,0.2154537224797004,0.9379113004015828,-0.24196802106957732,6.939548168496861
61.0,82.0,True,0.44444521265774756,0.1990007576638381,0.8235993077840116,-0.14161650081289032,2.6068881681462304
61.0,83.0,True,0.6307186211606431,0.23006572664237002,1.1674000781998242,0.6275626984633189,7.8721220261647815
61.0,84.0,True,0.7458511693456885,0.1787582657268273,1.0621432906045911,-0.20587456743149524,11.852985432631222
61.0,85.0,True,0.7070772873760812,0.27463370472841314,1.1098015104799626,-0.16051534046026844,11.134787475666096
61.0,86.0,True,0.7620824212276268,0.20451043412147804,1.251738098006978,0.3090161849668844,12.403950935002625
61.0,87.0,True,0.7979459186675637,0.25113720149213364,1.3637226295720906,0.2861158695725748,12.999033497744236
61.0,88.0,True,0.6139646392109587,0.32163267191900036,1.1861225647366815,0.26947547891292317,8.192315668333508
61.0,89.0,True,0.4643878553608091,0.17077704775326766,0.7384692350096614,-0.2498479867323046,3.330434234917616
61.0,90.0,True,0.6166140120904957,0.14741216230028856,0.9723886538906432,0.4840806389870351,7.9279671368465054
61.0,91.0,True,0.29583859266644696,0.12170921401783875,0.5237602297876077,0.12155598772889227,-2.1896828209313743
61.0,92.0,True,0.5077942426845949,0.23059423446971328,1.012050881901731,0.5664301520749893,4.301290787033115
61.0,93.0,True,0.5235877039848374,0.2450033054761104,1.1554702255020612,1.27577026271878,5.116393285154792
61.0,94.0,True,0.6145811642391499,0.24247431943790967,1.2798045452744011,0.8245873721993067,7.17421575618327
61.0,95.0,True,0.5117375902514903,0.17824080687071867,0.7501464433567442,-0.4919191151920742,4.633227808311017
61.0,96.0,True,0.4777597838500116,0.19397430631529652,0.9686226847339792,0.8390990745760015,3.596966589893612
61.0,97.0,True,0.4738361610487489,0.2011025055262017,1.0619490439233896,1.1218560017110137,3.43071127957014
61.0,98.0,True,0.47431048633823764,0.23886290017998932,1.2831185930411872,0.8750250140486305,3.0880900853020403
61.0,99.0,True,0.15072334932302944,0.12394110045800003,0.3845383536269822,0.15406697211049591,-6.664375153312629
61.0,100.0,False,,,,,
62.0,1.0,False,,,,,
62.0,2.0,False,,,,,
62.0,3.0,True,0.1774323265042614,0.10327900433579788,0.3515177263653575,-0.05968424473393183,-6.051569953974583
62.0,4.0,True,0.448245676406957,0.24258579414395987,0.9699950186617192,0.665683310788545,2.6199536651998394
62.0,5.0,True,0.5285293230875563,0.20321875814277657,0.8950487997155306,0.013156667112704343,5.566814678150776
62.0,6.0,True,0.4931066628581774,0.23949056579954675,0.9193230502878054,0.016945022978230407,4.075080323246348
62.0,7.0,True,0.4424123993325289,0.3005112759411468,1.1178525319449788,0.4052930205801318,2.881418743195633
62.0,8.0,True,0.47883491038600967,0.1055930309113291,0.629633806527139,-0.4852609074251636,3.5839918584086945
62.0,9.0,True,0.45311867195196837,0.17506829383804604,0.8492655212653928,0.1934790626333119,2.7672990923791003
62.0,10.0,True,0.43430137357088616,0.16937973727395358,0.7662583161351184,-0.20947414539774048,2.2258545393966678
62.0,11.0,True,0.5605869328239105,0.24025008458529376,1.1077389580609711,0.3693352054651929,5.953099745617848
62.0,12.0,True,0.292404447205674,0.17608361368610395,0.9643779142578786,1.9171134013726707,-2.6201817696487533
62.0,13.0,True,0.2972639936114416,0.1046233448481304,0.5287055275548573,-0.2852411782134135,-2.2399081494544193
62.0,14.0,True,0.3186482672963201,0.1523071251778903,0.698541594505192,0.7126774853918838,-1.4909348619692118
62.0,15.0,True,0.374766319451982,0.18803833567432857,0.9290385299239032,0.748809698518963,-0.011299341912426084
62.0,16.0,True,0.2941427965771005,0.2123965585191341,0.9853780655550156,1.2452539053966787,-2.916854131203775
62.0,17.0,True,0.3934287370459677,0.1335784578569668,0.7440428537033866,0.07471397812432776,0.7383137666336363
62.0,18.0,True,0.3908032402844639,0.1659556045125905,0.6640730034318963,-0.1256544142805051,0.6076421679949265
62.0,19.0,True,0.43803505516570046,0.12182159980948393,0.6295773837542346,0.00817044938503165,1.9686114593429058
62.0,20.0,True,0.4066962543972683,0.13864536254102716,0.711287433292656,0.1497240814890276,1.353171140730595
62.0,21.0,True,0.46405446311501286,0.2317082515681945,0.956402853352998,0.07721895768252149,3.0656450253853986
62.0,22.0,True,0.4065103889174288,0.15312468146770128,0.6851050490007006,-0.16605866564481303,1.316337327000296
62.0,23.0,True,0.426746806526303,0.23196549176542286,0.8558375858934228,0.07700990598688606,2.183661872765121
62.0,24.0,True,0.3356936430381038,0.19853526943880664,0.8886997450220928,0.42316862002004174,-1.242151977958365
62.0,25.0,True,0.3195073034521467,0.15497072427016148,0.5904810330081752,-0.39737573914217594,-1.3388809801983683
62.0,26.0,True,0.28703602295036995,0.15202328551011038,0.747109004760394,0.6323656048987194,-2.78008526947172
62.0,27.0,True,0.34148588659181967,0.1426078766910143,0.6072144736446151,-0.033829660528708644,-0.7577750352657068
62.0,28.0,True,0.37517273458358064,0.15006864511079987,0.7505205876988229,0.33296557680137395,-0.02091126828619634
62.0,29.0,True,0.277230222343991,0.14175206354689324,0.506357864758256,-0.011098072017508271,-2.5851392895672305
62.0,30.0,True,0.3499025892686329,0.18652686488288014,0.7315957336430389,0.16577059489966323,-0.5729845466548321
62.0,31.0,True,0.49354673477218064,0.257565241851276,0.9522568912298666,-0.16132778058484365,4.629563315194982
62.0,32.0,True,0.716474333987845,0.2161966051385309,1.1081607296907978,-0.23859675941461694,11.314465107681626
62.0,33.0,True,0.8446441145139791,0.2913260585595012,1.2347707308234075,-0.9464971765498135,15.162146557753958
62.0,34.0,True,1.0659180346223995,0.4590050276268856,1.5,-0.7915883357420069,22.85264873093828
62.0,35.0,True,1.1634920962614645,0.4272934702705944,1.5,-0.9418774988459703,25.763215966002026
62.0,36.0,True,1.025881894100638,0.4627479599881198,1.5,-0.8910371710186789,21.69673263768622
62.0,37.0,True,0.9748390224763754,0.3469420913768426,1.5,-0.5798886820190142,19.77324775966553
62.0,38.0,True,0.5321771921758972,0.25348815279763554,1.0566627591840736,-0.16262885569498142,5.859678797597266
62.0,39.0,True,0.3694493184265192,0.20729339836424243,0.7692224209813955,0.15614288212585195,0.35159788678416337
62.0,40.0,True,0.28042148590441507,0.15447979745758103,0.5816994799887797,0.5433681754909068,-2.6436182010484197
62.0,41.0,True,0.34085914743518686,0.2089560944514991,0.6974952252814511,0.21376463902391984,-1.0689539164090565
62.0,42.0,True,0.3943176592058697,0.12255699385847868,0.6305005532265651,-0.04205391300349955,0.7644431276065564
62.0,43.0,True,0.37240324550052173,0.20463874190884207,0.9191016253277864,0.47324273226831776,0.15559931347314535
62.0,44.0,True,0.42541868833989854,0.20007896572594253,0.7970405968176651,0.08506715622693402,2.098510169017194
62.0,45.0,True,0.47374686913158987,0.16273535755712487,0.7206367485518945,-0.23253817006555402,3.660313783150899
62.0,46.0,True,0.5332158139553722,0.13708939946610976,0.8960180202813427,1.2165397018067037,5.260669836695354
62.0,47.0,True,0.4531057505118558,0.218394855378425,0.9189212476350298,0.5277561997241562,3.059880123502329
62.0,48.0,True,0.5685517062697464,0.26429445436377585,1.1183796356968574,0.1962698877637469,6.05321285655687
62.0,49.0,True,0.4629993574271983,0.2624651325799783,1.1005984660880956,0.5134712489759392,2.736628462437757
62.0,50.0,True,0.564573241954731,0.2026221694497785,0.950583447166403,-0.007738232447082576,6.573553342174518
62.0,51.0,True,0.4435356823225128,0.1439727591093626,0.6510400028012802,-0.5076654658794024,2.562860264182871
62.0,52.0,True,0.3790847995677041,0.17284051654891544,0.8125013815248601,0.05838190334230291,0.4356840021727872
62.0,53.0,True,0.38983543144504185,0.18946539376531582,0.7354227254924879,0.11459221925436198,0.7416869906843927
62.0,54.0,True,0.3178262267141155,0.14405397116543742,0.6730548644519495,0.737092428156887,-1.4744323699380462
62.0,55.0,True,0.3514221306587538,0.22975391012585605,1.3294759534418348,2.314849057653972,-1.0074079739522959
62.0,56.0,True,0.31302678708605464,0.10254015191580451,0.4849130494187004,0.2558064154434381,-1.5913226638515923
62.0,57.0,True,0.3084005256502202,0.1214449829381569,0.5433841556389384,-0.5661796355188651,-1.5876614747962352
62.0,58.0,True,0.36054052233855743,0.1454433191693315,0.6806101207943062,0.3614381822617128,-0.27433791487672393
62.0,59.0,True,0.4156146655887548,0.12561631327863887,0.6888994116187122,0.42921976642453885,1.5033785289153
62.0,60.0,True,0.3050154563970048,0.19090579829881643,0.6620128676092912,0.16592119057961188,-1.6938284630202065
62.0,61.0,True,0.3998167380421207,0.11802633658914428,0.6366982762213523,0.14327758636305515,1.1935396492530908
62.0,62.0,True,0.2457109454283992,0.17314167434399558,0.5849024006728732,0.41413489803398323,-3.9867437081403136
62.0,63.0,True,0.3150511786387162,0.13584953236710715,0.8068896190085754,1.3685839467420244,-1.91811297199484
62.0,64.0,True,0.259688559543687,0.10353288758706496,0.4819781429230832,0.4632434461870765,-3.386822367633912
62.0,65.0,True,0.2658983001928986,0.13979733318993418,0.5880311894572772,0.4519577964863428,-3.1120868972873486
62.0,66.0,True,0.33778349681746533,0.15434574165572787,0.7090421308736949,0.9368494014955024,-1.1307797013077643
62.0,67.0,True,0.2890295007417648,0.16498035121743995,0.6460506564596549,0.6875379806481043,-2.711977316743341
62.0,68.0,True,0.35312031121652265,0.15199320506595312,0.6963638787796746,0.457523202997357,-0.22917507018702582
62.0,69.0,True,0.29604608680317634,0.15960327113154565,0.6646204018880286,0.7752550822782203,-2.5153465393275476
62.0,70.0,True,0.364758989226097,0.1530540367194506,0.7449055776392906,0.15790670426907824,-0.31101426111852576
62.0,71.0,True,0.25915260853070277,0.12267470858743464,0.5524057738958819,0.4846721328005343,-3.588724531921784
62.0,72.0,True,0.3842194441710037,0.15442612911214373,0.6665892717225776,0.23881352045225482,0.19236932336705564
62.0,73.0,True,0.262820303246796,0.12892780374242443,0.4760685532090621,-0.37020754245827703,-3.148154705229928
62.0,74.0,True,0.3510389116698917,0.12600849201213862,0.6323609543322464,0.442716504089557,-0.5777761238499842
62.0,75.0,True,0.2283506344907354,0.12227907804609223,0.5251018340294655,0.365577929925439,-4.3322610545534275
62.0,76.0,True,0.37148558205975973,0.15117976820226997,0.7127338024625681,0.6726497530140108,0.0473896777874674
62.0,77.0,True,0.3597013560521951,0.14980772590180852,0.6834418399231639,0.8111877824551073,-0.4773773250731104
62.0,78.0,True,0.2899723856349124,0.1582606708665871,0.5526547885838157,-0.24304491664925906,-2.3598356685693274
62.0,79.0,True,0.49263023752515733,0.15310104989304654,0.8490466922013726,0.47291521482537685,3.7131062612044596
62.0,80.0,True,0.6628057246553015,0.17114965076196337,0.9780075194379062,-0.18857900749969944,9.479964306914761
62.0,81.0,True,0.5575140634220964,0.13681777961606156,0.8494519031367607,0.3683475746578456,5.868178643072586
62.0,82.0,True,0.6014160578583919,0.14209631519907134,0.940228086390361,0.5319111450591021,7.178978345033641
62.0,83.0,True,0.6339100457814157,0.1273086712955201,0.8401417218730765,-0.4117974079330299,8.49431836548032
62.0,84.0,True,0.6950571860335344,0.28844368720644387,1.3129624665038366,0.548655679661809,10.152273336618396
62.0,85.0,True,0.7930298639146061,0.20852881690607014,1.2587994387103345,0.22047994801501827,13.65472714608237
62.0,86.0,True,0.7201163988548809,0.2225599823085624,1.2434608201621524,0.5298750255447919,10.964593095746286
62.0,87.0,True,0.5734207760652259,0.26686698431833844,1.0939244768138348,-0.26089376561989136,5.702382595619662
62.0,88.0,True,0.7034849937154386,0.2872375021989088,1.2591186659977716,-0.282619476947963,10.881087115722973
62.0,89.0,True,0.5324594730355875,0.12473769816027601,0.716663235448852,-1.0880209641841367,5.39154278668106
62.0,90.0,True,0.4410002305365406,0.19951212208540725,0.9977671712409426,0.5559427672936712,2.11676049734772
62.0,91.0,True,0.5803467486645677,0.12546885790735696,0.8468084058171542,0.3798517335129531,6.546497697188826
62.0,92.0,True,0.45713019652446285,0.18478647369319062,0.7350208133043498,-0.49966955912841693,3.1249412786110327
62.0,93.0,True,0.7846414632749661,0.30489576413858227,1.5,0.6512481948710614,13.301406427404332
62.0,94.0,True,0.5423973977271117,0.09774045465520888,0.7204140333655034,-0.48970376016289835,5.491526509621507
62.0,95.0,True,0.601092905105989,0.24517077568117104,1.0651748503767982,-0.11029180823591526,7.987842571091708
62.0,96.0,True,0.5135863412981537,0.20829116550359833,0.981458547566922,0.83708388548342,4.498729608251598
62.0,97.0,True,0.5607702440840371,0.15565803692991584,0.9636129657102704,0.7784979063861472,6.24030267083579
62.0,98.0,True,0.4254505574853075,0.1857613378552003,0.7995674338658255,0.2542699280716786,1.65968816506824
62.0,99.0,True,0.020209165627666833,0.03110712755414419,0.1063336031139851,1.8559951275713098,-10.949330761191653
62.0,100.0,False,,,,,
63.0,1.0,False,,,,,
63.0,2.0,False,,,,,
63.0,3.0,True,0.09211361783759278,0.07057370152387135,0.2427853218983736,0.5752785617986002,-8.700452776107062
63.0,4.0,True,0.5209074055026054,0.2498202117512455,1.1231768913663955,0.9573739414797819,5.0619724552180925
63.0,5.0,True,0.6686717473716607,0.3306980905218914,1.229211806470553,-0.4553737341931223,9.825014946608528
63.0,6.0,True,0.5708172184314274,0.2433959744769305,1.1750550752444782,0.6616819604042802,5.954067537011247
63.0,7.0,True,0.5903270781164998,0.20393353109510354,0.9636101050631444,0.09098469167301242,6.699712985133076
63.0,8.0,True,0.5721849239496536,0.31518197972291234,1.25845077331211,0.3297654689457296,6.86457004912551
63.0,9.0,True,0.5130152758275981,0.23510903125444346,1.0598910090116282,0.5498421585065055,4.834689241592723
63.0,10.0,True,0.3990677654392198,0.1499197521791997,0.641587306463536,-0.23875957545665158,0.8806116384676077
63.0,11.0,True,0.398134754670492,0.21964978508593747,0.8648130215735185,0.6286632488188802,1.0386157157868556
63.0,12.0,True,0.40131564147896753,0.21780704659363737,0.9681314591558902,0.7352767343905632,1.2614460740000788
63.0,13.0,True,0.41989218351508595,0.17542075056345274,0.8107958688489589,-0.20890433316103382,1.4881228513842044
63.0,14.0,True,0.42674496789894834,0.13835199343894192,0.6627744311999391,0.14519769273265856,1.7134388137924794
63.0,15.0,True,0.3158418122759575,0.17037599047284577,0.7116278755907653,0.48451856886613404,-1.5895845581959804
63.0,16.0,True,0.30247730352363744,0.16550391370088455,0.6533024865002777,0.3752127838684639,-2.6400144501594998
63.0,17.0,True,0.35595846067332887,0.17358221688404465,0.6297542226424735,-0.12996038088401726,-0.32421262308690735
63.0,18.0,True,0.2797181112426704,0.10078139354614297,0.4391746520404251,-0.4712890800903869,-2.7937798025271294
63.0,19.0,True,0.4620942304820046,0.19368337283501594,0.8886730733364511,0.8887412299652497,2.95284761349089
63.0,20.0,True,0.2876668920094373,0.1570566796595151,0.6128597745767758,0.4068058628309189,-2.474962399173714
63.0,21.0,True,0.34490007135938155,0.13875850858619093,0.5978074140692268,-0.17319250657756405,-0.8606804540033834
63.0,22.0,True,0.35489611708585544,0.1213134157703083,0.6157064436237671,0.028055666642492035,-0.7314257577632445
63.0,23.0,True,0.3309036576591313,0.15734948418501504,0.6532914766563469,0.2320835524093764,-1.0398936368858838
63.0,24.0,True,0.222233010133298,0.15792863387343153,0.4971426251433758,0.16287036779132394,-4.849554109515943
63.0,25.0,True,0.33994885267708735,0.19005967793046993,0.737609855267245,0.4419635620653323,-0.6245148762273169
63.0,26.0,True,0.4112084567489978,0.13331758680785188,0.6467540091940703,0.008948330723508644,1.2674883777395654
63.0,27.0,True,0.2760949905453471,0.1838825634796673,0.6754034281342925,0.5925910266693842,-2.965329613426012
63.0,28.0,True,0.3376607673631467,0.18554887030016473,0.8251529512933706,0.7158016652495123,-1.0810928506232702
63.0,29.0,True,0.3930839663297914,0.12899068785356937,0.6215114470593819,0.21461321583669646,0.8155890240012135
63.0,30.0,True,0.4228280254700375,0.20981312754268522,1.044856696405141,0.32702846481031,1.5431292991558765
63.0,31.0,True,0.47038953230226654,0.16257864504555156,0.7060474943910883,-0.3127536458318895,3.136181428419247
63.0,32.0,True,0.5533119372452107,0.16879838140233086,0.9275511017671229,0.2069906765231014,5.993098031208105
63.0,33.0,True,0.7137507334772368,0.2720530515112042,1.1329106412565595,-0.41934694547151985,11.575887113246791
63.0,34.0,True,0.8868177531526412,0.4283288752636026,1.5,-0.32618367977118207,17.308265377426583
63.0,35.0,True,0.6469763989449564,0.20118907278587153,0.8508866391346293,-1.1458843503733263,8.893644350133608
63.0,36.0,True,0.567248125113144,0.3334169397596809,1.279900756401139,0.44807096374076194,6.853776077833225
63.0,37.0,True,0.4849928534703322,0.2157170383908868,0.8958786018186605,0.15491478412503698,3.425034822060447
63.0,38.0,True,0.5833884882369444,0.30134752388839453,1.292180769047562,0.45698511569781725,6.903052042470612
63.0,39.0,True,0.4275330891826197,0.12847729265642915,0.6899679777731854,-0.09819585804987274,2.0264468316349076
63.0,40.0,True,0.3401092397647396,0.1822320709929079,0.7469901141699736,0.7236117212175389,-0.7921852549864243
63.0,41.0,True,0.3253198733653463,0.27050410882559167,0.8719130880690169,0.49625595662529826,-0.7915177916844707
63.0,42.0,True,0.3077345728272078,0.13909100206774844,0.6587685595973058,1.2586652874888389,-1.985152595483032
63.0,43.0,True,0.3358370191543715,0.22333650746165842,0.833581106533893,0.6315880125938792,-0.9864100525421693
63.0,44.0,True,0.37666870326126517,0.1627605008279398,0.8609479420682946,0.5987266122003193,0.0877510756031716
63.0,45.0,True,0.421354495898298,0.23100430622749754,1.007565541032571,1.0076391748411755,1.5344961045746568
63.0,46.0,True,0.5254650322307056,0.21248478860313133,0.8519667516276488,-0.574005345268279,5.3929530922754765
63.0,47.0,True,0.4779285586755323,0.1747254226200181,0.7675890971109424,-0.4187863759183924,3.917286451100313
63.0,48.0,True,0.5885666939371831,0.10155340431152972,0.9348940721284534,0.7131221380238848,6.613968523470399
63.0,49.0,True,0.42136579462892104,0.16202327005570083,0.732295035656871,-0.8480704975742964,1.4081971251226675
63.0,50.0,True,0.30157696756129954,0.11197301500051712,0.4875564594882275,-0.39258430286477813,-1.9125707762971942
63.0,51.0,True,0.4027504235244032,0.25621337412472117,1.0124266567413542,0.49926547510725644,1.4115850978088251
63.0,52.0,True,0.4060144843601448,0.24704224400753047,0.9371720001364616,0.41484920343763054,1.6149218032309087
63.0,53.0,True,0.40501225362722226,0.19504191972508358,0.7162528018526595,-0.4135944638742961,1.3042248130642715
63.0,54.0,True,0.3774821350676129,0.2416986094147897,0.8789830556326167,0.23440878993541517,0.4866126211035456
63.0,55.0,True,0.30160783341042935,0.17878778080597837,0.6663999082082809,0.4375032261726812,-1.8572057780256457
63.0,56.0,True,0.25115435073864745,0.145770857685943,0.5924337107557205,0.7339962838735994,-3.8484761382995956
63.0,57.0,True,0.3984479366735744,0.21707545921475246,0.8762252784364191,0.6944731163918877,0.8730485754101619
63.0,58.0,True,0.26966384548529193,0.10758666325753027,0.5046964126530037,0.34308604674808685,-3.052344714443145
63.0,59.0,True,0.2642343646365574,0.15393346718725612,0.6571875650327568,1.017998043060475,-3.140739237932394
63.0,60.0,True,0.23003327429326667,0.0985744326198353,0.407992101208408,-0.0919439753555714,-4.255821272640064
63.0,61.0,True,0.23303886944218768,0.11864371243496379,0.5274331277302452,0.5362388817616903,-4.042006176449428
63.0,62.0,True,0.2634520807826255,0.17563517648179877,0.6578493925007591,0.7345230084159444,-3.3215065372934767
63.0,63.0,True,0.38989697967978787,0.12527503722107178,0.7515386603751417,1.0061150679625102,0.5153725533008883
63.0,64.0,True,0.2780602500585198,0.17737255506556415,0.5364374011506915,-0.0057245251561297,-3.102968723277596
63.0,65.0,True,0.316483549308211,0.18122045647658966,0.7093714097111404,0.3395166752424656,-1.532471417239079
63.0,66.0,True,0.26624546458215,0.13999384666950224,0.5397880134582973,-0.14113081231092708,-2.8916804427471945
63.0,67.0,True,0.2089395061328124,0.09330800929326298,0.4292931189180007,0.2853464939673415,-4.886566098721562
63.0,68.0,True,0.2511900972060397,0.13623962919314994,0.5848311192645184,0.7819409188785506,-3.8404435307955564
63.0,69.0,True,0.21582161227823715,0.16244353058267397,0.455377461291645,0.1098652510334266,-4.6424136292050635
63.0,70.0,True,0.27551457186319894,0.18057176156681481,0.9791501302911856,1.583287050084839,-3.5774857345501485
63.0,71.0,True,0.3024721634448395,0.10740276413591876,0.4832809655885541,-0.021727261831192193,-2.307801048309341
63.0,72.0,True,0.26725908945853805,0.11000496954029931,0.4532886775087814,-0.6168301872695284,-2.99235397540757
63.0,73.0,True,0.2898653423095405,0.1485468473602832,0.5807067076080422,0.3154335450162075,-2.206560780605968
63.0,74.0,True,0.22093595567794422,0.1500221783888904,0.5388382753547541,0.28196854066643234,-4.677591536589083
63.0,75.0,True,0.2440290520440073,0.20406087301155895,0.7128236801932133,0.7651656230472866,-3.7854980647035354
63.0,76.0,True,0.3438039693666231,0.16021643028364904,0.6889095321911127,0.33672182772390885,-1.3579482270561245
63.0,77.0,True,0.285661179865522,0.12347285975054295,0.6064252381186466,0.7192162010599618,-2.7621532099763773
63.0,78.0,True,0.41845654686848643,0.222786843358539,0.8716567081421549,-0.05239804518851715,1.8688211087147646
63.0,79.0,True,0.45938784796365284,0.27966607401701815,1.4777926752548582,1.3756269769493505,2.097990227979399
63.0,80.0,True,0.40721246097148056,0.2199327538351124,0.9225399884403472,0.48765407011451295,1.4195675804368555
63.0,81.0,True,0.6230222492814,0.27838669019738166,1.2087295931390218,0.5896834452887136,8.319716667124942
63.0,82.0,True,0.5992692590201574,0.30700683836071296,1.0937444178901568,-0.12496503215069389,7.551072487607242
63.0,83.0,True,0.8143986310349901,0.23811119079186774,1.4526769705683251,0.0968281718838558,13.450873697168989
63.0,84.0,True,0.6601267187640005,0.18738519239283805,0.9324622435928172,-0.21101313182212902,9.601704253089274
63.0,85.0,True,0.6041069560267862,0.20325524180207785,0.9326266566678432,-0.42886336536342445,7.416688285943917
63.0,86.0,True,0.642722720248242,0.31641445855524813,1.5,0.8668964706418615,8.2788246184769
63.0,87.0,True,0.7228671807618642,0.26238605234578855,1.194629885548662,-0.08626279746308224,11.835341929004697
63.0,88.0,True,0.9226731217225186,0.2813122580470287,1.4041954512602008,-0.3387591362591819,17.761029950105243
63.0,89.0,True,0.6135241618934281,0.14097182579296408,0.955787922792034,-0.12273176432552518,8.054031376731515
63.0,90.0,True,0.5785551861223168,0.2888997395292096,1.0895959593883426,-0.09283711428825711,6.123970940923214
63.0,91.0,True,0.45850545908886065,0.33018111002191747,1.2976147782155083,1.072298066233513,3.14732815866566
63.0,92.0,True,0.4584366076871859,0.1847471295039178,0.8539710751608763,0.3157308577869718,3.1287752636599686
63.0,93.0,True,0.6506441268651116,0.26866576869335285,1.5,1.030008257290477,8.376249327146349
63.0,94.0,True,0.6820775341230129,0.3196070844476488,1.3826292285199235,0.5816834517680954,10.428840301687979
63.0,95.0,True,0.5703394372358742,0.20984384745739207,0.890946138437978,-0.5349565795025183,6.904258604942052
63.0,96.0,True,0.4638603864002285,0.14768144100489544,0.7682730186398278,0.18407039268142059,3.045533660847042
63.0,97.0,True,0.5409426711050559,0.09867468420013455,0.7195445616584963,0.15843640524511055,5.582120563601904
63.0,98.0,True,0.5646176139157676,0.22800965752192576,1.0606544999659633,0.4514656464417981,5.962297159069094
63.0,99.0,False,,,,,
63.0,100.0,False,,,,,
64.0,1.0,False,,,,,
64.0,2.0,False,,,,,
64.0,3.0,False,,,,,
64.0,4.0,True,0.7050839922051388,0.27925296971582886,1.2231076358295392,-0.12743621786652476,11.358227591709532
64.0,5.0,True,0.6213143281851309,0.33816870762638085,1.2625909731616505,0.1005854582485564,8.336350559142293
64.0,6.0,True,0.6111907439550605,0.24689170325825874,1.2845304184440325,0.36546395336688375,7.542497286209264
64.0,7.0,True,0.6099088926537635,0.2986144961019761,1.1043881601469676,-0.23715532199492886,8.151616096761972
64.0,8.0,True,0.683560038275229,0.2635721436115644,1.084533098082367,-0.48397471818593757,10.201371834546348
64.0,9.0,True,0.48253791159085324,0.20921939732940426,0.8181081401155537,-0.5162754531660514,4.107208626517612
64.0,10.0,True,0.4476631418636979,0.20639906341025682,0.944244092275612,0.3707695570586445,2.703980478090724
64.0,11.0,True,0.3915377693353178,0.1515467158441196,0.7656358604589343,0.8685315980528833,0.637675309412455
64.0,12.0,True,0.429901936525715,0.1439576734071354,0.6927890379900201,-0.4735327160769433,1.9970623582536096
64.0,13.0,True,0.45123670010181227,0.17978715770088197,0.758269554352519,-0.13680745425769605,2.894816655216362
64.0,14.0,True,0.3546228993840344,0.16241934704370703,0.6485909983557241,-0.5037979410445835,-0.1367637574971774
64.0,15.0,True,0.34683001962466714,0.18311236509470255,0.6930852556334547,-0.16792113340533218,-0.7289227411073269
64.0,16.0,True,0.3777717133300269,0.24846654253278283,1.1431836108411089,0.37171099973347727,-0.2245724174945848
64.0,17.0,True,0.3230907395078166,0.17630255796009953,0.7469296734743215,1.0250324147195227,-1.459628803516697
64.0,18.0,True,0.41135838674074987,0.17767969070109454,0.9084359751306724,0.9345597183800458,1.1498975155887625
64.0,19.0,True,0.3963826712626392,0.16566400574357878,0.8608793036360315,0.9820109027380681,0.8872918869205848
64.0,20.0,True,0.2765907025223904,0.11435693895991396,0.4323955449704801,-0.9620864309665562,-2.682015810338287
64.0,21.0,True,0.22136734912162812,0.10796154388181527,0.3894891085749225,-0.3684017898937345,-4.367261799757245
64.0,22.0,True,0.31479196470449894,0.15796121268184593,0.6430029800319454,-0.07150814952487553,-1.3408657519461438
64.0,23.0,True,0.4162832768620137,0.21747642996392436,0.7488604510228721,-0.15012866492158694,1.2406398789932926
64.0,24.0,True,0.27296031370196977,0.1450423188295147,0.598596294249719,0.41328094736583326,-2.6898757939137106
64.0,25.0,True,0.35006686770220213,0.23292099235227987,0.8721547640029755,0.916834831786902,-1.079133815909315
64.0,26.0,True,0.31282211063797327,0.1868072741580742,0.7840257829967536,1.0755513038953963,-1.3278428771744348
64.0,27.0,True,0.29048881904353213,0.16878040493144067,0.6367080855731365,0.452844413964783,-2.488607764536563
64.0,28.0,True,0.36946991157874093,0.1626736501544612,0.6903916549475878,0.2865755982766909,-0.13727812369576523
64.0,29.0,True,0.33198267558473166,0.15965640434895118,0.613811717747556,0.12131455709443185,-0.8520409435607001
64.0,30.0,True,0.2893033321122571,0.13193429356162567,0.5750544940822373,0.4568580072726423,-2.731793734618117
64.0,31.0,True,0.32597220856864095,0.16542705270947608,0.6879709849960264,0.3961027105884237,-1.3228303562378727
64.0,32.0,True,0.46191811188667825,0.15603572576760613,0.6869878260730428,-0.6010025900810758,3.3213725665217213
64.0,33.0,True,0.5404685430015834,0.23526652209432963,1.084953278832269,0.21814296327282345,5.666654080679277
64.0,34.0,True,0.6234798704117118,0.30605170765658735,1.1673592152963683,-0.0784443499873943,8.557501376475715
64.0,35.0,True,0.5334784740693624,0.21976274580786725,0.950167095470836,0.15172902057448687,5.497679708189976
64.0,36.0,True,0.5967809726775554,0.2781464656933874,1.2513400756603426,0.49645757615051117,7.594262051377506
64.0,37.0,True,0.44871579239524617,0.17487454996565682,0.7704816324647421,-0.29844297817253024,2.8030834822547828
64.0,38.0,True,0.3982181016605834,0.20954057179033447,0.8419722024251484,0.1463999632997392,0.7708229541266438
64.0,39.0,True,0.26949531626525586,0.21191261452083385,0.8631199995654325,1.6083729651765737,-2.974131157617564
64.0,40.0,True,0.27459324828569504,0.13596397540229274,0.5256463088914521,0.05495936709379044,-2.9012210286409235
64.0,41.0,True,0.36038273624707057,0.16361593549318718,0.6389457085603965,-0.18021457440748848,0.04383957022153752
64.0,42.0,True,0.3996647610125885,0.18401408567244076,0.7776479064666885,0.2572506826024817,1.3062492060047912
64.0,43.0,True,0.3087972810189345,0.19125104945515398,0.6776130525809967,0.29350808459981975,-1.5783449596951273
64.0,44.0,True,0.4556287771656808,0.22022286404228217,0.8665627968392521,-0.1346740089987911,2.9581664618496224
64.0,45.0,True,0.4075114220925588,0.1921836690887546,0.8520616487019526,0.13352280683001214,1.6993373088887584
64.0,46.0,True,0.4677200162427718,0.1923213688197022,0.8605998965301419,0.29706900030770866,3.2040203453183107
64.0,47.0,True,0.44196048630196055,0.22783021448373691,1.3987436739118535,1.913081176629366,2.0863999283950845
64.0,48.0,True,0.505005618442083,0.17788133332632924,0.8448652353043912,-0.013404478691270394,4.345495843056459
64.0,49.0,True,0.4912826105298778,0.1388417685555982,0.7205587035592325,-0.40378430957581235,4.069640015985462
64.0,50.0,True,0.5178572033996283,0.18929502357879247,1.0058226997602573,0.9202654963943584,5.055450261473613
64.0,51.0,True,0.4535425096763209,0.2433111963824661,1.0169339854472417,0.3702866410308432,2.7336753151311726
64.0,52.0,True,0.5042298282428338,0.2060234755843531,0.8984238453828445,0.47624680069947356,4.14439986155073
64.0,53.0,True,0.4986077027083313,0.19369872684530956,0.9340591010597508,0.43628992157226193,4.50628338193004
64.0,54.0,True,0.42969505329291624,0.15801800003838148,0.7382716352818616,0.4968204510276057,2.092324946940548
64.0,55.0,True,0.33588152911437535,0.1874901477060081,0.9321843946778374,0.8187637335306426,-1.165291145887871
64.0,56.0,True,0.3217467080259058,0.23937227195129634,0.8479634295886818,0.5571017868687076,-1.2280596447032077
64.0,57.0,True,0.4418800071435075,0.17824560254106409,0.7898684770736193,0.005607731863602519,2.6473629790999498
64.0,58.0,True,0.17942549439802447,0.07818796668267355,0.3305343341221384,0.09119237522344463,-5.968150265012093
64.0,59.0,True,0.330942300320357,0.15803270618842974,0.5933911357321847,-0.0618084803257063,-1.0523004222168102
64.0,60.0,True,0.4490521821189746,0.22316886528527938,0.768479245393166,-0.26481851428505665,2.613249175610617
64.0,61.0,True,0.4061910960298281,0.2173703404866246,0.8494421821350538,0.5028640131473178,1.1729393980816398
64.0,62.0,True,0.29973314667544637,0.16443383680970383,0.6378987784559369,0.5314796822681208,-2.5743401673078274
64.0,63.0,True,0.3955679012584148,0.19922403228972457,0.9058368700982954,0.7960143297492998,0.47403350025561153
64.0,64.0,True,0.40809942105696084,0.18086465408632932,0.8603522818442082,0.9812117321300124,1.0149406500386737
64.0,65.0,True,0.3024891852848207,0.17233261646381678,0.7384575757637363,0.9832471040493762,-1.924065180618766
64.0,66.0,True,0.32081220348818784,0.17684966424507034,0.6658895879957949,-0.09675004548270454,-1.5455130472769796
64.0,67.0,True,0.29543524713208474,0.16029228756683503,0.6829481793877799,0.6588091146128261,-2.074197824011442
64.0,68.0,True,0.43339018648640437,0.21146810106846886,1.039112415709288,1.1868911354325695,2.272113696658237
64.0,69.0,True,0.25089461934983287,0.1637533309536818,0.5676406531095185,0.11316616880145344,-3.9043330174739763
64.0,70.0,True,0.3688166721121511,0.1442724118898958,0.6083258035565628,-0.3436807066698739,0.3704419883506176
64.0,71.0,True,0.3225527365903356,0.14309160145857347,0.718444731133499,0.6024545876952032,-1.648929265530466
64.0,72.0,True,0.19699040920152075,0.11064792816544392,0.3905042149708905,-0.0965727312503923,-5.130823044567769
64.0,73.0,True,0.2478202806111495,0.15227880232761234,0.5138850975848015,0.13465101591303288,-4.215230151544183
64.0,74.0,True,0.39252646510778194,0.20405515801794122,0.9028991504778088,0.8590084139503528,1.0293786295557052
64.0,75.0,True,0.3283793980789962,0.15471539082572963,0.5986852066462612,-0.14277675118289565,-1.2727034138422089
64.0,76.0,True,0.37494293271300966,0.1397751939961691,0.6465977817161286,-0.23935500594203127,0.07027020355956717
64.0,77.0,True,0.45324782515139256,0.13364793355908458,0.6701756495253982,-0.414070133430455,2.472972641279342
64.0,78.0,True,0.5122717585138157,0.21689904031464763,0.9692778401457396,0.37231474855381724,4.6706763965798945
64.0,79.0,True,0.4225615083255652,0.15856982619197668,0.777085646271303,0.09961848480857143,1.7959370460973627
64.0,80.0,True,0.5360189838487288,0.2590729205603061,1.1077889709818467,0.3635242476230621,5.671972355389738
64.0,81.0,True,0.6271792284190963,0.2665315420623867,1.3377628495418998,0.4174841893026522,7.984629131035036
64.0,82.0,True,0.5732466194353932,0.24274948291271542,1.1054647946470422,0.13568732500692152,6.368572255780265
64.0,83.0,True,0.5341786657224725,0.16575978246478357,0.9043129385243563,-0.4486886310048277,5.027239844393966
64.0,84.0,True,0.9254868615304818,0.2814190639375676,1.5,0.24349891901179496,17.360894063824983
64.0,85.0,True,0.6100338959560305,0.17509058153293697,1.011630644652485,0.21667588563633525,7.617814053667799
64.0,86.0,True,0.5355943010873375,0.19578561172556244,0.9968250155361258,1.1783138088169722,5.2783782941921515
64.0,87.0,True,0.7639206346232712,0.26880450139577344,1.487030886839509,1.1163701317454438,13.020666049078544
64.0,88.0,True,0.9101055234069227,0.44360979700335645,1.5,-0.369353608704967,17.51981837574961
64.0,89.0,True,0.627854665851734,0.1998302313485013,1.0627426656977477,0.33894906347557635,8.52683961944312
64.0,90.0,True,0.585090582993194,0.2859686742661161,1.0713587161853846,-0.06949866116299744,6.867835462045985
64.0,91.0,True,0.5540062213762884,0.24228167155743152,0.9746345825152274,-0.08778415001365363,5.708488115139731
64.0,92.0,True,0.6319852324628054,0.2624851029274723,1.5,1.4425114423664673,7.384615562240288
64.0,93.0,True,0.5584141769626578,0.20465914929048554,0.9514890578733616,-0.3819282356042508,6.429933333742379
64.0,94.0,True,0.642374655299511,0.14451483444275048,0.8768304204058385,-0.46498977612267745,8.446935330323944
64.0,95.0,True,0.6371104635691143,0.25365581191092434,1.2425322370786964,0.43245792585223003,8.850080275859815
64.0,96.0,True,0.35421310634994274,0.1774317177111586,0.6983547994105671,0.002534091394656964,-0.3433260585468216
64.0,97.0,True,0.5938779503780305,0.2509420431234698,1.4757138719550726,1.4227535611415225,6.576482411656385
64.0,98.0,True,0.24388891749119343,0.10624419211197578,0.5399935565759048,0.15682395512204073,-4.0182411105077245
64.0,99.0,False,,,,,
64.0,100.0,False,,,,,
65.0,1.0,False,,,,,
65.0,2.0,False,,,,,
65.0,3.0,False,,,,,
65.0,4.0,True,0.5326537616935685,0.23622647639045355,1.1445728903345482,0.1291074189891567,5.017506406360973
65.0,5.0,True,0.9250979106567665,0.3130589168593671,1.331474867165112,-0.965684836258613,17.994167524760154
65.0,6.0,True,0.9335908693340923,0.30023379955515705,1.5,0.3343721001842888,17.749887018391206
65.0,7.0,True,0.6754673702816502,0.28736960624720964,1.0512565695601084,-0.7796840093881638,10.470589481589352
65.0,8.0,True,0.6852389602474455,0.2466587080582754,1.3026869127257692,0.7421334510441409,10.283576865431728
65.0,9.0,True,0.5000375779945007,0.2130855674301407,0.868935302253205,-0.17431612498730892,4.508255909118012
65.0,10.0,True,0.5060749089882706,0.17797969102348626,0.7849644574845871,-0.6000348419984536,4.6453718925810925
65.0,11.0,True,0.38579695552243803,0.17442077206894885,0.7821882300971413,0.04295344666696732,0.7721405449389056
65.0,12.0,True,0.34320812546833157,0.18692341781485466,0.8827687761419383,1.5778187114939801,-0.7956111821773632
65.0,13.0,True,0.3069059130560403,0.22421642378009643,0.7077550095211542,0.4177835165224521,-1.792935770076441
65.0,14.0,True,0.29993618666123206,0.13058216451839252,0.6344090271515521,0.758300728372442,-2.177451435302264
65.0,15.0,True,0.32711782602066025,0.2102041096938653,0.6802373246537872,-0.09472042386733923,-0.8546051414182458
65.0,16.0,True,0.3370991951885394,0.1556367698670502,0.6268724435663647,0.23627126940647053,-0.776013625184245
65.0,17.0,True,0.2798548027206147,0.14908861638779294,0.5548114349509405,0.349252203723265,-3.089842052561945
65.0,18.0,True,0.3452332059485893,0.22372924248402887,0.7337058867196037,0.06953445914442768,-0.4856793619617247
65.0,19.0,True,0.3038262893038571,0.19780207943146239,0.7490170313001602,0.76381912296997,-1.7539986305814068
65.0,20.0,True,0.27759472037742944,0.16937018019358202,0.6196903985162235,0.6049162999416939,-2.8958174789393287
65.0,21.0,True,0.3306388946182681,0.1945987353719043,0.77626425732387,0.8621714177187435,-1.5735621043931514
65.0,22.0,True,0.32601818958765594,0.15365746511517822,0.6784904776545326,0.4279655137181878,-1.3687457022590326
65.0,23.0,True,0.21402622751487857,0.18006606029219535,0.6073031015195892,0.8287892929406919,-5.288317225206855
65.0,24.0,True,0.2834768105049801,0.14425622481098807,0.5685283256644806,0.04407292767468069,-2.686843718371602
65.0,25.0,True,0.29607745056996276,0.15552086937386608,0.5811144734227044,-0.06672605724039524,-2.2455216295760447
65.0,26.0,True,0.24779418507237433,0.1728242700464254,0.6602264359460479,0.802258325267256,-3.8689478502864976
65.0,27.0,True,0.3801804248703175,0.18652394083471263,0.6868741537867277,0.20707371309508762,0.30227735998615496
65.0,28.0,True,0.4106839262138711,0.1609755305208696,0.7835513414559094,0.17189677888124152,1.6129995590922843
65.0,29.0,True,0.38380558338772297,0.19241009108584747,0.9878276425522854,0.4515794803748424,0.051852558671929574
65.0,30.0,True,0.27695595961359265,0.1273102594179226,0.462308276629374,-0.43858149412950503,-3.043979291678221
65.0,31.0,True,0.38524348506241485,0.11797037858183207,0.5865969067115617,-0.8477371895749877,0.6831631032717096
65.0,32.0,True,0.5234488423526753,0.24833237245471348,1.0577272779848623,0.8192003047021352,5.114070780108666
65.0,33.0,True,0.47113839608932356,0.23249750373688144,0.9756361053691794,0.37346168752662595,2.9786836299671458
65.0,34.0,True,0.39541901616801645,0.1940570538913436,0.782291959873319,-0.18566231650028361,0.7335224190741741
65.0,35.0,True,0.5158807012726229,0.3085676558975584,1.1302764979428526,0.5280940629003533,4.705253599014819
65.0,36.0,True,0.540368896481934,0.24996576605708307,1.0313229443173824,0.5104353584876814,5.844888769277294
65.0,37.0,True,0.49012083737238177,0.18802922451704535,0.8883759573570335,0.07340642865074114,4.208706038838838
65.0,38.0,True,0.2530483377926278,0.14871225612774586,0.561947589441921,0.4938852640180408,-3.6073123166545584
65.0,39.0,True,0.4967494560787363,0.2288451067674913,0.8470308026732861,-0.6796255780263152,3.9003123466441405
65.0,40.0,True,0.3983535588907505,0.17092780775595026,0.7285726481856081,0.2412794402377269,1.0881921180360876
65.0,41.0,True,0.3086989350834242,0.12772615421956718,0.5071788559925952,-0.0433473076053159,-1.7085670637112633
65.0,42.0,True,0.3442967766862407,0.1533729510717701,0.7123957555080643,0.5146649813649906,-0.7433696993867585
65.0,43.0,True,0.37564478151722563,0.1660632372843251,0.7109630101969504,0.01428730228236153,0.5572999544632213
65.0,44.0,True,0.42145774057860325,0.26566834009798757,1.0024437667131512,0.6003220766814246,1.5251117050104224
65.0,45.0,True,0.34187731222055806,0.14128175074323218,0.6020499010466861,-0.5432348705382529,-1.0575639792980405
65.0,46.0,True,0.456848131040788,0.22125382223757464,0.8642658100284324,0.03397782149521347,2.6655218300080765
65.0,47.0,True,0.3876195882727265,0.18593011719679556,0.8438854751097832,0.8815275410310885,0.8278162084288687
65.0,48.0,True,0.39465336760720343,0.2240997436089146,0.931210137165844,0.5242757864403399,0.47960721863444167
65.0,49.0,True,0.5046809166908544,0.22409908518028893,0.9677312083065563,-0.04268923336407101,4.912987286001388
65.0,50.0,True,0.629407783061494,0.21555233742541832,1.0860368067982302,0.49828693733842533,8.402206632178293
65.0,51.0,True,0.4426045117297717,0.24784300750230653,1.0653037885265368,1.1692826651202202,2.560244189393728
65.0,52.0,True,0.5338415555344284,0.24222360649497568,0.9913970845201556,0.11118771219656418,5.741877380103268
65.0,53.0,True,0.4437582904538903,0.2895156997836758,1.0390409569159853,0.25620918080476146,2.6725032032278815
65.0,54.0,True,0.39596567534601623,0.1362822680695473,0.6924781206926706,0.48206839628321446,0.7151911197473513
65.0,55.0,True,0.4908071898749341,0.13497287445265904,0.8340688615801275,0.9015093824477269,3.7360001317132046
65.0,56.0,True,0.3883812869168876,0.13251781584340733,0.6088263871843708,-0.44534941950937135,0.790671713068869
65.0,57.0,True,0.25271787714868904,0.15088106979621854,0.5867957330114876,-0.024429692846318168,-3.686704329093915
65.0,58.0,True,0.22771060833069146,0.12768899643189444,0.5354483403469033,0.4704182223228549,-4.5876441867606195
65.0,59.0,True,0.23756896847190967,0.17390970848585866,0.6566555577650027,0.5788194138079292,-4.489394629083981
65.0,60.0,True,0.3719084726364877,0.26614438359185244,0.9592044997491846,0.5985571109270731,0.05410324249546691
65.0,61.0,True,0.31471767133981277,0.1469376608185532,0.5840545072118899,0.2764694625390491,-1.7027727082119495
65.0,62.0,True,0.49398215187368094,0.22224941612696253,0.9404530629376944,0.28909042918929834,4.088609176129169
65.0,63.0,True,0.3168820621235644,0.19062875512819644,0.7575301991544215,0.48260220332777876,-1.5497808588811604
65.0,64.0,True,0.228689588635665,0.1310596159606799,0.5756321221358183,0.6733147345482868,-4.615647985656293
65.0,65.0,True,0.31013311221223655,0.1091562370774576,0.5090557247455073,-0.09177115086031502,-1.9108934819212213
65.0,66.0,True,0.27357939071869475,0.19303511632215356,0.7152132362519563,0.7393253914942483,-2.8251568157565505
65.0,67.0,True,0.4388457443473631,0.17595747918645832,0.8043717542081058,0.46879899664700375,2.2614824931688107
65.0,68.0,True,0.3747353343591974,0.19551927464737984,0.9166764300592086,0.5522884573655544,0.10851137894932017
65.0,69.0,True,0.39505392092556607,0.1608555996927347,0.6379175670829978,-0.9196792903525406,1.211029138244057
65.0,70.0,True,0.19400412741908218,0.10035087911147868,0.5082653048221898,0.37376078748969777,-5.637672116833521
65.0,71.0,True,0.23333438073550636,0.22048169795266748,0.7459633430705966,0.8914591541020794,-4.209648845653869
65.0,72.0,True,0.25740456775051496,0.16137479169650862,0.5918916817362825,0.2145733250450236,-3.655659731136922
65.0,73.0,True,0.27258894974061015,0.17436626197122548,0.536156549606242,0.13319696747674306,-3.1601671564715046
65.0,74.0,True,0.3363417603444436,0.18203481250702241,0.7430476623314545,0.6530066183374447,-1.0100910068368227
65.0,75.0,True,0.2197081325749268,0.12702935257460227,0.6440523191882649,0.9223405933978537,-4.846033794216993
65.0,76.0,True,0.3471427749249785,0.07373062415896715,0.5752927319824818,0.3889186218628258,-0.9416505597471911
65.0,77.0,True,0.3121836095696848,0.2008402206713517,0.8040525236974198,0.721635366953474,-1.492198440178513
65.0,78.0,True,0.3241187666412667,0.164137525372963,0.7834922508725467,0.33063330100029975,-1.5358045688002744
65.0,79.0,True,0.3430966702341125,0.13694571484847126,0.759931580883419,0.8120197301159727,-1.0437544779073753
65.0,80.0,True,0.5469018509522837,0.1813261039067833,0.9462471891698094,0.08379069058134092,5.725685770143026
65.0,81.0,True,0.39994911000685085,0.19698614540509296,0.9320411684877822,1.116508060313033,1.221726700334278
65.0,82.0,True,0.6477935398578383,0.23014290225580045,1.1258094992428136,0.07246014448387245,9.365556561934595
65.0,83.0,True,0.6493966034700477,0.32431751505504863,1.5,0.5693249753027767,8.499294873205022
65.0,84.0,True,0.7512048086473263,0.28385400885862094,1.2046483617927917,-0.32408161347843834,12.0096627758972
65.0,85.0,True,0.6642577811243998,0.22840252658589696,1.061447418259373,-0.16151867949049176,9.672908107976054
65.0,86.0,True,0.6728878676966513,0.24799835140450838,1.2939442956315177,0.25255519682172806,9.224637884427258
65.0,87.0,True,0.5965251124120446,0.269886684808922,1.2973559519045634,0.4427103892836269,7.144364266956563
65.0,88.0,True,0.7821188155997266,0.32081453937725535,1.5,0.09191559669767795,12.994280638263195
65.0,89.0,True,0.6421100822626853,0.15773616946540414,0.9265534386021448,-0.472267897758249,8.56416993686308
65.0,90.0,True,0.6795059130406559,0.1735063106239932,0.9425391776914448,-1.0200894093439383,9.648510020912015
65.0,91.0,True,0.7282229581937137,0.19120209257809528,1.0327545012138917,0.06940033896475058,11.070617759858818
65.0,92.0,True,0.7527871229572599,0.21840990823040965,1.1738238761515605,-0.6592751778098732,11.940031365944732
65.0,93.0,True,0.5754257707897888,0.14095208690561062,0.8798279008712979,0.15571358813862524,6.3810796466888915
65.0,94.0,True,0.6183376006040147,0.23640639483623863,1.121543196376228,0.15530956294547302,7.834582999908982
65.0,95.0,True,0.6383795785436273,0.2122308849761672,1.0090169857877018,-0.230020802794781,8.624513063564743
65.0,96.0,True,0.5437375801924444,0.1979191093401845,0.8655340574643444,-0.4698780137180014,5.6982742502030215
65.0,97.0,True,0.48659789152776783,0.15320719170897634,0.7485442271933451,0.0950203963044693,3.7132267469107822
65.0,98.0,True,0.14703728974458805,0.0772156738890165,0.3286059856263157,0.35569346130070634,-6.917637987378751
65.0,99.0,False,,,,,
65.0,100.0,False,,,,,
66.0,1.0,False,,,,,
66.0,2.0,False,,,,,
66.0,3.0,False,,,,,
66.0,4.0,True,0.2133172805481481,0.1477897722094698,0.5869798550253064,0.7287030881981078,-4.745990521512055
66.0,5.0,True,0.7906428142553927,0.321996950624005,1.284418127855086,-0.5702819126861599,13.78844937175816
66.0,6.0,True,0.7014665447364543,0.3148542868582841,1.4957592427428368,0.8093127868639355,10.930186797326666
66.0,7.0,True,0.670071544581286,0.25000400418310925,1.1200328690258317,0.1539492881403268,9.920311480365656
66.0,8.0,True,0.7541837514585209,0.2538402888574658,1.2754912501296012,0.2389160471290522,12.612145614165312
66.0,9.0,True,0.38272779381422284,0.18674700274616643,0.7784593409748156,0.21560111893953746,0.575873373056868
66.0,10.0,True,0.2555155928624859,0.12628841937795401,0.592771989358507,1.1957707231507788,-3.5793718704498056
66.0,11.0,True,0.40169725865141875,0.2110535349388738,0.8577064082601497,-0.05084999436775737,1.6178446886143043
66.0,12.0,True,0.3636103447696217,0.20312219290472802,0.8491210859221401,0.5553966684925987,-0.23402524388832907
66.0,13.0,True,0.2363235229743316,0.11326665134321705,0.4252934573205383,0.11140073126765677,-4.162208456321504
66.0,14.0,True,0.2511155660469395,0.09766652357568019,0.4153820581649532,-0.38038957185475214,-3.555315656724636
66.0,15.0,True,0.3933604807258986,0.09303253112488497,0.5573850658715841,0.03952560248797842,0.8023588539532915
66.0,16.0,True,0.3009206883377593,0.15451275583944035,0.6627562664006162,0.3844588170300625,-2.2400774138608934
66.0,17.0,True,0.4890058678281428,0.19254740157603012,0.894390802799354,0.2045505900391765,4.008412515647968
66.0,18.0,True,0.3625539090310433,0.1710202265746547,0.6741040200641218,0.3989329986920095,-0.04156645638138341
66.0,19.0,True,0.4163684754576494,0.19858772153188764,0.8625609612276623,0.3530177883662969,1.340172223368294
66.0,20.0,True,0.3408661048929463,0.1438273797735121,0.6101005635563066,-0.24229102749294418,-0.9754046850806359
66.0,21.0,True,0.23740310591281585,0.07671452722147036,0.3897508606933925,-0.2134735009761409,-4.088521547991548
66.0,22.0,True,0.19736984826310128,0.11198750841474346,0.6319488879971851,1.7355181593029094,-5.743048986909798
66.0,23.0,True,0.34031039653504536,0.19115851553184265,0.6960599358903266,0.310862504490941,-0.6413389059151269
66.0,24.0,True,0.4121746636882742,0.2849128513329145,1.4634800793169007,1.4004471677855568,0.75511808288436
66.0,25.0,True,0.387896340150403,0.18472917612094003,0.8636168956607831,0.7253639883491161,0.20820393167163503
66.0,26.0,True,0.276000906770728,0.1468131050059833,0.5349871078988487,-0.5061119762935862,-2.640741400668176
66.0,27.0,True,0.23359928282535244,0.1356072965835697,0.4676877247955787,0.4727011369623254,-4.265272969974509
66.0,28.0,True,0.28384304911798336,0.13551872093609496,0.4659464421947076,-0.5320446313130298,-2.9767206425514066
66.0,29.0,True,0.3019970348285572,0.1425964359522485,0.6628333996133173,0.7562762295275758,-2.123349347899108
66.0,30.0,True,0.29710782140820174,0.19176452140970446,0.7163649295317575,0.6120373766729272,-2.4137000951724437
66.0,31.0,True,0.3950657215434332,0.17662025298733428,0.7968616258526411,-0.5120741133434434,0.8188159156760644
66.0,32.0,True,0.49717983323605214,0.2514100053893852,1.0484873136053574,0.11804607062292848,4.0187206962556985
66.0,33.0,True,0.3802404012129061,0.14712254571324682,0.6488581752846506,-0.21692476515687154,0.60483017135944
66.0,34.0,True,0.5460901791299891,0.24190724230739544,1.0262116506312653,0.6184031464099506,5.278659449175488
66.0,35.0,True,0.4423410124354089,0.18566512150576017,0.8702781516774161,0.7348806266723619,2.3799014773900677
66.0,36.0,True,0.4880415021884063,0.17045448900685917,0.7654858667005757,-0.3163474276989088,4.021564104967172
66.0,37.0,True,0.38155714196436114,0.15352122937864196,0.7464472502877605,0.9149462526808673,0.6300287294030943
66.0,38.0,True,0.3068773071045669,0.15460843996696055,0.6840354094575277,1.0918996459449521,-1.9228723844316589
66.0,39.0,True,0.3553485633742746,0.20195895701184977,0.7666069004562357,0.36365448640036474,-0.06530804502326958
66.0,40.0,True,0.3090254166049118,0.10854997123592879,0.4828209406608248,-0.4035807793271034,-1.8353274169029103
66.0,41.0,True,0.3159879886107859,0.12338569163662083,0.5192500616887525,-0.4501851986979917,-1.5879578967558408
66.0,42.0,True,0.2750134355278985,0.15438289247279993,0.5246998737116103,-0.1628282412017705,-2.9337148873041583
66.0,43.0,True,0.35623388269373324,0.14867864263692526,0.7787777198315287,1.161846210110414,-0.3561344227783961
66.0,44.0,True,0.3822663805160026,0.1572985415531744,0.6876125644371363,-0.43616503733808604,0.34813660654666834
66.0,45.0,True,0.4648541473555198,0.16129737743722425,0.7701213047140952,-0.4710445596610012,2.769663599222868
66.0,46.0,True,0.43789100835777794,0.10856448407438044,0.6564072366391458,0.25691691425597857,2.098830441738309
66.0,47.0,True,0.35808806860580145,0.1323069440199213,0.620114818160684,0.24844453876440203,-0.19035394334049827
66.0,48.0,True,0.4571987508307509,0.18666616057172547,0.811055949258341,0.3522871354693405,2.9395161945577737
66.0,49.0,True,0.597529683459747,0.27121704419233433,1.034209558870086,-0.6075386050113831,7.736594668620977
66.0,50.0,True,0.8630021630276141,0.46728638241139153,1.5,-0.30304110124745787,16.69519773157191
66.0,51.0,True,0.7059698424418237,0.27052260034626063,1.174897951174016,-0.1505110693993377,10.743240910791014
66.0,52.0,True,0.6774709082742665,0.25775745584703935,1.1427314195543152,-0.43269913650273606,10.248063808810523
66.0,53.0,True,0.5335470148969701,0.22342572381876327,1.067993615984818,0.8718015538038737,5.531028413138977
66.0,54.0,True,0.5235706161645146,0.1819793630806117,0.7817672307246797,-0.8013837058804985,5.011471004389848
66.0,55.0,True,0.49546141720559633,0.23724830083282253,0.9491006569774167,-0.04622779934590814,4.547382710517292
66.0,56.0,True,0.30071668708302324,0.17120032804861673,0.7330688081551716,0.620446042392082,-2.2055827503562044
66.0,57.0,True,0.2516730870937928,0.11888787655905848,0.471349833953664,0.08496928014548537,-3.671881570326968
66.0,58.0,True,0.26194116870251455,0.1398838410376212,0.633961332710925,0.6765155114573161,-3.408608170832191
66.0,59.0,True,0.3672931782066962,0.1776186365414542,0.896711666294344,0.05089685091685519,-0.4420266389032392
66.0,60.0,True,0.1913141224041113,0.1154084671133763,0.4896252489905536,0.6037571898970957,-5.911595579407707
66.0,61.0,True,0.41289470854311233,0.18242085250944726,0.7998326679195223,0.5585266767962271,1.5675185063804409
66.0,62.0,True,0.27901733863282513,0.12781471002389078,0.5102982873494977,0.021839314827219243,-2.6351092583019238
66.0,63.0,True,0.37200068563411925,0.17829984808360663,0.9669013738015124,0.6486294262813393,-0.0828857981883567
66.0,64.0,True,0.3294561387202523,0.16222836045288064,0.6500041977701247,0.05315070883389256,-1.171924057607115
66.0,65.0,True,0.3428251525840224,0.15268953898519108,0.6502462457496476,0.09518620397520444,-0.5577064815737646
66.0,66.0,True,0.39176887440890884,0.11841630671348675,0.6321883569029987,0.710368773358722,0.6873002975771507
66.0,67.0,True,0.36863109797345905,0.1715205180640935,0.7220358268056559,0.02098722522823343,-0.13868215908442483
66.0,68.0,True,0.4214613321857478,0.22307159210349709,0.8855928083951243,0.5595472268468028,1.7060598928746438
66.0,69.0,True,0.3537394072042537,0.17307150353005266,0.6619319391312699,0.6049295226924392,-0.4019504319262335
66.0,70.0,True,0.3665866302384739,0.23026602974164403,0.7972268983282048,0.18279683209343692,-0.6045121374970608
66.0,71.0,True,0.3508520130401058,0.20737063395655336,0.7092905256423251,0.10736173928821878,-0.5489870811844447
66.0,72.0,True,0.24563254632239104,0.11740130718867647,0.5230379466647729,0.29819440067227365,-3.8670745701265714
66.0,73.0,True,0.344891246835943,0.15415185335326995,0.6133710701113037,-0.3896867372706472,-0.3331866625563274
66.0,74.0,True,0.30869619022084643,0.12112192846740066,0.6142895640860497,0.17809299133152456,-1.7764084914838008
66.0,75.0,True,0.2958191605393173,0.26077587503259364,0.9967124613476074,1.4495362616195564,-2.241118386561916
66.0,76.0,True,0.49369486752381797,0.18129534580440304,0.8101414224279717,0.03792182371779626,4.013287188618339
66.0,77.0,True,0.36511601186106035,0.24435707787004116,1.358151647430984,2.1142735267838293,-0.4413732076728552
66.0,78.0,True,0.3785721542844329,0.1280315112606961,0.5625375566651091,-0.5213171521333558,0.5843708580531634
66.0,79.0,True,0.3725559306466995,0.16861518825001512,0.7432163512113706,0.2668797766361753,0.11388561789847021
66.0,80.0,True,0.3753515808405108,0.1701699875388594,0.6031512494532857,-0.5988514912418625,0.3740909657135337
66.0,81.0,True,0.42889085711593933,0.16201959151139175,0.7233594792630279,0.1536366685549404,1.8601880158265558
66.0,82.0,True,0.45758884584883003,0.21123688674191116,0.8990706858993958,0.4138195667269902,3.189711743372744
66.0,83.0,True,0.5314842828337936,0.20096616559956582,0.9504219768900248,0.09698713906615546,5.339681555537725
66.0,84.0,True,0.5917038022861335,0.2732083553627149,1.368677919955844,0.7481448060160193,6.802753436826296
66.0,85.0,True,0.6816349984662367,0.19763458894579755,1.064902896358913,0.12043767859370856,9.825853089779093
66.0,86.0,True,0.612587378738254,0.19779867879843113,1.0806206410992456,0.1142283008762398,7.9064503446244325
66.0,87.0,True,0.6902647197834919,0.3265041457388294,1.5,0.6803653258627388,9.734000493430703
66.0,88.0,True,0.6005380950098506,0.2521839130755583,1.211370046954116,0.4633266943397908,7.785606607752467
66.0,89.0,True,0.7367565816189499,0.23772031135000293,1.5,0.5304683763583097,11.144715649286054
66.0,90.0,True,0.8078912966512796,0.19055290855597082,1.2894690918878515,0.7683578781346131,13.839908598881166
66.0,91.0,True,0.8371267626596213,0.19480303269407157,1.32417940990233,1.0645882180875523,14.876136758352619
66.0,92.0,True,0.8071991223385723,0.29215886239588507,1.2796587273148137,-0.1040723160486129,14.252926943994954
66.0,93.0,True,0.6886268445924556,0.20693267230037204,1.0585935906551391,-0.15590716781446345,9.951626612256854
66.0,94.0,True,0.8218222413396277,0.21898384860851722,1.2787557578013231,-0.32253340333687397,13.87519181968843
66.0,95.0,True,0.664371059892046,0.20732349388882157,1.2997137327554604,0.5831986656893718,8.94042097910661
66.0,96.0,True,0.4728350114665412,0.17292441344182696,0.7400517030889162,-0.6059254576992726,3.082794555282379
66.0,97.0,True,0.5008794885019741,0.1965191280773504,0.8602942171926153,-0.5512781853147205,4.499310944090737
66.0,98.0,True,0.008383383412329026,0.01747167858639723,0.059401673493395,1.9700817288086356,-11.327109394766696
66.0,99.0,False,,,,,
66.0,100.0,False,,,,,
67.0,1.0,False,,,,,
67.0,2.0,False,,,,,
67.0,3.0,False,,,,,
67.0,4.0,True,0.05020544281970524,0.08704971716937898,0.4460457769654954,3.0231979467874055,-10.221192196796848
67.0,5.0,True,0.5694799580064691,0.22606869955496042,1.0161083743468595,-0.06753184328781763,6.393666950076574
67.0,6.0,True,0.6066263866170932,0.2357841734742329,1.0725126840384966,-0.005278111290314483,7.993228566870488
67.0,7.0,True,0.5009756945399959,0.21238958549345666,0.9554143290764948,-0.08910630158488911,4.708788936502098
67.0,8.0,True,0.6309108966298999,0.25157207173582286,1.0127415562800064,-0.31040612838064946,8.751274139208563
67.0,9.0,True,0.521236905479473,0.1597246214917699,0.8403368894313559,-0.2782759072231856,5.083292460313146
67.0,10.0,True,0.38986944896029413,0.10782320229116768,0.5725384759554161,-0.4036328990527896,0.5092874874621641
67.0,11.0,True,0.4113918886941892,0.17526385037011818,0.7864843072526804,0.002740258305109619,1.6743405102832036
67.0,12.0,True,0.2920344216803173,0.1980761280195776,0.7675040661933625,0.6770405840356822,-2.062715562355838
67.0,13.0,True,0.25129395825676454,0.0807424549526468,0.4277742011936351,-0.03274245451005455,-3.715783948768112
67.0,14.0,True,0.27925222146069584,0.14869885052115703,0.8247454395643846,1.8070605378022202,-3.4040521541728714
67.0,15.0,True,0.43767772960808343,0.2570672903782077,1.0385231571270013,0.8060770981526576,2.1769179484672314
67.0,16.0,True,0.3365518034349498,0.14345572878034485,0.6013082433607201,-0.36429225526673664,-1.0648931627126856
67.0,17.0,True,0.3916640371390123,0.07149861133247748,0.5484138959968284,-0.13306168547765793,0.6210361297460723
67.0,18.0,True,0.3757058442920339,0.1776368202601254,0.7215989163225779,0.08050436107479024,0.6783713154613358
67.0,19.0,True,0.4185330885275153,0.23176632606537184,0.9978801453160628,0.7974536507258364,1.3912149120374393
67.0,20.0,True,0.37371873916014414,0.2939634444918947,1.0243310610177374,0.7497647782605905,0.3493767136969323
67.0,21.0,True,0.43141299631026103,0.15065257941138602,0.8136927010219915,0.4421182590959552,2.1055652378644805
67.0,22.0,True,0.39770470690186727,0.16925937426248652,0.8580982708208172,0.2219295624200337,0.6782987130240119
67.0,23.0,True,0.38751314198423087,0.13125255343233555,0.800783255926686,0.6902369869192357,0.35030214486713873
67.0,24.0,True,0.38482984377395363,0.17279965600060757,0.7680422759521842,-0.3928602849381456,0.6357601604293891
67.0,25.0,True,0.43093317392195163,0.13098413873122575,0.7360438418399021,0.64507360928021,2.0808956983104943
67.0,26.0,True,0.4234592963434547,0.19886798145939366,1.1593286255324609,1.553812932939937,1.2217360193582927
67.0,27.0,True,0.291311608015746,0.1803201064887117,1.0129240006534117,1.7385684743474639,-2.8126512785929982
67.0,28.0,True,0.32831526928999416,0.1714644745774225,0.5648669118682185,-0.6377226833737492,-0.8495404436245687
67.0,29.0,True,0.3688557531024733,0.10543069200984628,0.6103687188553889,0.5210206491594973,0.0836362187220567
67.0,30.0,True,0.24082015244448235,0.13647515514467026,0.488251997691949,0.07423536501971062,-3.9526497393440883
67.0,31.0,True,0.4740677430900019,0.25567781844111964,1.0702048110588989,0.5167744015382106,3.8072416693073565
67.0,32.0,True,0.3898274084304782,0.17121691567528566,0.6502820659041707,-0.5209717247500941,1.0750398690219498
67.0,33.0,True,0.5353500271845003,0.2492152888569296,1.5,2.4400227238925423,4.86231506012536
67.0,34.0,True,0.6082477451478192,0.302238587944756,1.0956257271366907,-0.21702100850696313,7.99295451184948
67.0,35.0,True,0.48324456512575364,0.2994049939800847,1.098249887731905,0.6350828633525794,3.733854149025153
67.0,36.0,True,0.39917563691579544,0.23045033732007913,0.8859215010477699,0.5802808460701889,1.3890547365297083
67.0,37.0,True,0.4689541336608319,0.1844152342435004,0.7959272153688276,0.15127280277917676,3.30760767145326
67.0,38.0,True,0.4843121889369309,0.253857180542948,0.9074686361715968,0.09596765145608982,3.7235603609570873
67.0,39.0,True,0.4110833824165056,0.19214542619751282,0.8435950271506572,0.34642384655372865,1.583073464934289
67.0,40.0,True,0.3240674531863615,0.10363751015736353,0.53201281462606,-0.4286776115594805,-1.563674841542678
67.0,41.0,True,0.3424015299850599,0.2029094285509828,0.7974490990344923,0.4939995835195254,-0.666598320072368
67.0,42.0,True,0.34207354029783216,0.17690340593002302,0.7781014089565501,0.7263478728363686,-0.37907403906642106
67.0,43.0,True,0.3098116941600198,0.1240502580871714,0.5903278406409167,0.23995929938341762,-1.8712990058513852
67.0,44.0,True,0.35081540385030835,0.15284474814391913,0.7099039067848137,0.3634239456688208,-0.2676259261260064
67.0,45.0,True,0.4105709937805403,0.2063940701065364,0.8417651996563512,0.056515095719492925,1.1025617815536692
67.0,46.0,True,0.47165086023062786,0.2027588547446275,0.9072797338900404,0.47120627681677774,3.4170363888211237
67.0,47.0,True,0.390611893737444,0.25127089583452417,0.7811171624536207,-0.11164697536754088,1.0340054818757796
67.0,48.0,True,0.7085794244364549,0.31246334586440677,1.261437394686641,0.24363190683771516,11.437795000178584
67.0,49.0,True,0.7560322235103246,0.3508135402471595,1.5,0.3645164857468506,12.613487919251979
67.0,50.0,True,0.8167970419638403,0.4438530032570092,1.4439827476667773,-0.3357315179292766,15.147646846556144
67.0,51.0,True,0.88670749735941,0.32229215362356756,1.5,0.09861773078457765,16.719515072647397
67.0,52.0,True,0.7704335378076937,0.3550076104420315,1.4626507372792144,-0.03376714324041313,13.390306844519149
67.0,53.0,True,0.6481405046333463,0.2749376388327169,1.1699452519485969,-0.30123829059733853,9.271059938175457
67.0,54.0,True,0.46179492493514146,0.15651479692665152,0.8266168982003665,0.5203769819794469,3.1764133192479855
67.0,55.0,True,0.32793233256390236,0.15617352604328635,0.592099078528952,0.11521846398959348,-1.1586406074282185
67.0,56.0,True,0.3474098408918908,0.14558849896525547,0.6772348656118798,-0.12615126769190219,-0.4817449757461931
67.0,57.0,True,0.30878825920584685,0.2331515224823504,0.8350628961245055,0.7786566813024538,-1.6761762406901743
67.0,58.0,True,0.24731505960418648,0.10670430825729038,0.5457237066806531,1.1637197433272672,-3.7592080373951595
67.0,59.0,True,0.36250304768754604,0.16824191119376067,0.6811395980281743,-0.02040503863314888,0.1666022896674113
67.0,60.0,True,0.34534296518765334,0.15551765709337956,0.8454373809338109,0.5353476696717218,-1.247005552743202
67.0,61.0,True,0.329096461944549,0.11486110441054605,0.5792464156133589,0.42216675842914697,-1.4313677243003373
67.0,62.0,True,0.3509519712728752,0.0893416138301811,0.5743999863447454,-0.12784852891081788,-0.7308767949818729
67.0,63.0,True,0.36870280980775877,0.19624540129372792,0.7983612341630565,0.2318005594279572,-0.5166451356903407
67.0,64.0,True,0.4266376906139557,0.14699666530560468,0.7193274228579042,-0.15743289194678273,1.5152132788832926
67.0,65.0,True,0.37915447463664814,0.159781398118972,0.7513561244201455,0.533169660187592,0.22165619359473038
67.0,66.0,True,0.30261561763431544,0.14172540592415267,0.6372600152559682,0.5814955424813576,-1.950719511865795
67.0,67.0,True,0.40309150055054205,0.18643809582989962,0.9983411130234212,0.43458916646884366,0.895345609668033
67.0,68.0,True,0.3055772595425102,0.16040727916201056,0.6924635224608979,0.6626585893057393,-1.7771851757929409
67.0,69.0,True,0.3014077707746418,0.14466351502021652,0.5926725928905301,0.08999197710135187,-1.9581664556844598
67.0,70.0,True,0.3622894366388258,0.12710391095231086,0.6237604530739153,-0.34347558038227816,-0.29958055752330603
67.0,71.0,True,0.39618581911636247,0.2032815315531026,0.8376777600022474,0.6100262511968686,0.7879700971516195
67.0,72.0,True,0.3255900147900644,0.2085047240118484,0.923449301280019,1.4746081058447,-1.4440428319655811
67.0,73.0,True,0.28438109144887785,0.14251542746281243,0.6083380150827611,0.47467967659085386,-2.8179411384746778
67.0,74.0,True,0.2948852029704326,0.11600359426106988,0.5777935353987202,0.10403817772449996,-2.6476270877089427
67.0,75.0,True,0.3210163610183003,0.16340655063340107,0.5882870223763788,0.3613539787873934,-1.8264201495340195
67.0,76.0,True,0.3762302492143078,0.09778569630430854,0.5312184332669395,-0.36271557085155637,0.2379874163541666
67.0,77.0,True,0.3893570121225211,0.1713513945164549,0.8864832964892415,0.18129297776537834,0.7202160635754193
67.0,78.0,True,0.429164560884751,0.11880060620325175,0.6994832204558765,0.36126917152088983,1.8615153106418922
67.0,79.0,True,0.4505177278542508,0.17735095015859656,0.6967845423694995,-0.17551033002741787,2.5168661382609256
67.0,80.0,True,0.420167124932616,0.09718159591014719,0.6059748702314014,-0.6838713873880872,1.6555110511693476
67.0,81.0,True,0.5117281156550848,0.17890696791101734,0.8707458952245093,0.021009649747129527,4.8764563341090055
67.0,82.0,True,0.5868009169400586,0.2114976628431465,0.9830848532827244,-0.11979905442338286,6.902713363582987
67.0,83.0,True,0.5318030827557063,0.23578275604273757,1.000143126428474,0.5423933952661202,5.228283787699594
67.0,84.0,True,0.6896063413858887,0.28045809108627384,1.2450638273635586,-0.03591557949484122,9.970996143628236
67.0,85.0,True,0.6277293479306426,0.10413217980559962,0.899687574282371,0.5882775346133257,8.127703598753124
67.0,86.0,True,0.6774824785533402,0.18224972802042824,0.9845215671225588,-0.9364109001140428,9.905956506383657
67.0,87.0,True,0.5832775518444019,0.15833035584191718,0.8994144963286328,0.24504704897296634,6.648243629536988
67.0,88.0,True,0.6258047907756851,0.1953881625794045,0.9868225504587124,-0.5400359941627559,7.944891277285941
67.0,89.0,True,0.6182692686964447,0.1723573094906177,1.1510965796311865,0.7492547202742008,7.60026805284745
67.0,90.0,True,0.616000004784518,0.18628611301342324,1.0531214416425296,-0.16174746532254416,8.05575654275812
67.0,91.0,True,0.913299091760746,0.2925157670880569,1.3660685744710028,-0.3963685795310896,17.48467079655092
67.0,92.0,True,0.8663580831188382,0.2690726901931894,1.5,0.12193024192678152,15.324804724965528
67.0,93.0,True,0.6884046451116995,0.2696074704802153,1.2160624846097934,-0.250300947268593,10.054840314484474
67.0,94.0,True,0.628320639572683,0.1873673782595864,1.2361312889322416,0.6121461698931574,7.815057336976727
67.0,95.0,True,0.6074885990111579,0.343384377727243,1.320640285409713,0.3277637197165203,7.5805532252276
67.0,96.0,True,0.6362519214041084,0.2525279148640734,1.107680397097929,-0.24863253706041621,8.068938936825532
67.0,97.0,True,0.3043370723436822,0.08306319284760681,0.4579263410504758,0.20955357872003347,-2.07608837686834
67.0,98.0,False,,,,,
67.0,99.0,False,,,,,
67.0,100.0,False,,,,,
68.0,1.0,False,,,,,
68.0,2.0,False,,,,,
68.0,3.0,False,,,,,
68.0,4.0,False,,,,,
68.0,5.0,True,0.3659794117346797,0.1089935696975054,0.5974996610085076,0.6017823080713854,0.05848937020437743
68.0,6.0,True,0.5838885491173373,0.2957175333896148,1.1630923051237692,0.4945254886819363,7.012200931578777
68.0,7.0,True,0.650026154772844,0.21509861669376878,1.0076527640905484,-0.20570984175341117,8.695914038928757
68.0,8.0,True,0.5861574796098911,0.3076345594075586,1.4466395684232374,1.2027167517815769,6.9101203008655245
68.0,9.0,True,0.3724199701619715,0.14052793817607076,0.6274952055751591,-0.2625619898712858,0.09798871564739856
68.0,10.0,True,0.33907843011142785,0.10896223239388879,0.5954072504370612,0.5419999812559262,-0.981766508863743
68.0,11.0,True,0.3557543379786351,0.1516083404638324,0.6496410043821585,-0.4703120693261322,-0.125253891563274
68.0,12.0,True,0.3765357803024822,0.1821214839808426,0.6786532965161889,0.12941363706621284,0.5986600921807035
68.0,13.0,True,0.34262267250465445,0.14997135413405213,0.6722358420657706,0.6151526186121218,-0.8333637743249016
68.0,14.0,True,0.32748183802282904,0.09596928481526981,0.5068467129541848,0.16333820358356105,-1.497898404011552
68.0,15.0,True,0.27279572358956666,0.15117391812272182,0.5712141590904293,0.11660934488486008,-2.7338109404948687
68.0,16.0,True,0.41414786189000513,0.17982747259004675,0.8270549393164929,0.6221674220232561,1.5286559898207221
68.0,17.0,True,0.3931005991645322,0.16623042875407015,0.7612284932262429,0.007026559425912199,0.8254313452732671
68.0,18.0,True,0.4587362805569623,0.2329733196343639,0.9238317128401832,0.457799159276112,2.913109256913458
68.0,19.0,True,0.44842464925469966,0.23307353311257378,1.11725676324027,1.2394339017533322,2.7608065269704456
68.0,20.0,True,0.4303268204820776,0.1933154639638136,0.7927837477084608,0.014103851045069955,2.126721067764977
68.0,21.0,True,0.5019092041345526,0.23007468902290712,0.9995297331092678,0.4157176472515268,4.309307994475265
68.0,22.0,True,0.508010488485402,0.22571871012047084,0.8004863105118355,-0.43312918252862237,4.663938451605325
68.0,23.0,True,0.42272099566509913,0.1796781439242793,0.7613510991673915,-0.41204167695777677,1.7846582283395742
68.0,24.0,True,0.36305363899587884,0.1590081365741053,0.819599338830998,1.3872332770907738,-0.01650586502122829
68.0,25.0,True,0.32456595107297925,0.1784993490551601,0.7078196250265658,0.6904840433279383,-1.3781612262588894
68.0,26.0,True,0.3236983154849789,0.18653641980806757,0.7175741017921435,0.1812770563212512,-1.5077738985777485
68.0,27.0,True,0.49515919148106236,0.2397909956255211,1.0497482514330998,0.49845532698606376,4.467671921978488
68.0,28.0,True,0.2589005536517327,0.15422109936699357,0.5955532003570051,0.45552987015892815,-3.444258418336455
68.0,29.0,True,0.40371955253946257,0.15713381652981648,0.7114246385109292,-0.11392588320916755,1.2822089955660778
68.0,30.0,True,0.2754788338558223,0.1541640047914607,0.7496397724955846,0.9259650387439655,-3.089264063504453
68.0,31.0,True,0.4511197006615334,0.17449379212985516,0.8216225893503265,-0.0012102612894668069,2.9175918376739123
68.0,32.0,True,0.44940265916914657,0.2155450448447886,0.973372014839311,1.0990123107352323,2.587735789823665
68.0,33.0,True,0.5803593847788513,0.19625369180674973,0.9767707923000502,0.4345609375023514,6.810975204353055
68.0,34.0,True,0.5932658191292837,0.22826404014290733,0.9353151273036548,-0.022866360447130408,6.84268024523715
68.0,35.0,True,0.46822515895363326,0.23617289562091534,1.1230432209914656,1.0437497763179848,3.227143506783884
68.0,36.0,True,0.3970506948317776,0.18629061735797417,0.6768325315913799,-0.4002094745025047,1.3232775682067603
68.0,37.0,True,0.46844925579619995,0.21761145539383045,1.2610264469409342,1.2831754274464486,3.014630437695141
68.0,38.0,True,0.37709327618441535,0.1563258952211083,0.6332700903320506,-0.5754242528928094,0.14211017543753507
68.0,39.0,True,0.37174769465194174,0.12207289518740322,0.565684359805567,-0.4419596910448662,0.2436285460342327
68.0,40.0,True,0.37128158846725423,0.14225418409958251,0.6455313007712611,-0.008884274367011525,0.03180209464127495
68.0,41.0,True,0.40524784037357453,0.1705761914613016,0.7185937808270639,0.2651922215063644,1.0635436512851117
68.0,42.0,True,0.44834566552246935,0.1522630259364428,0.8971030285627107,0.23507856856591935,2.255573692254873
68.0,43.0,True,0.29980246681454836,0.16529332149658868,0.6271119694398555,0.1075245164189316,-1.902504958884146
68.0,44.0,True,0.3076483145223611,0.20296356102807717,0.7991699677500074,0.6315169439952248,-2.0538298534804955
68.0,45.0,True,0.2987814549817398,0.20087022138337912,0.7363903704878267,0.41592606633492774,-2.4052477022736447
68.0,46.0,True,0.4817747738705259,0.23865545425592377,1.0948772092063417,0.6418335922172924,4.156976156006566
68.0,47.0,True,0.45476212571949726,0.238992048656007,0.8777742560726768,0.19709684072823236,2.8288307469682046
68.0,48.0,True,0.7218393611075506,0.29776735887476147,1.3917153169279233,0.15288736400112057,11.627590375270879
68.0,49.0,True,0.783821246710972,0.2805878922167398,1.5,0.6161931863122461,13.482325017540742
68.0,50.0,True,0.948808423628714,0.37102459117842645,1.5,-0.800232616793467,18.83286367610444
68.0,51.0,True,0.9025575193525684,0.3431526245467985,1.5,0.1013801963215094,17.7268644629327
68.0,52.0,True,0.7754610817772493,0.40594742385190274,1.5,0.04393105826863932,13.170996127212554
68.0,53.0,True,0.8485214534420055,0.3169736267256284,1.5,0.38620161901556904,15.720879806305959
68.0,54.0,True,0.7356928821966742,0.2345310570260716,1.2786053337778125,0.40492930152707574,11.816276109366934
68.0,55.0,True,0.449091656618798,0.2238344972502785,1.0711541859477556,0.3491423366545213,2.6297219505988774
68.0,56.0,True,0.34718085576674196,0.14330960412605742,0.6781563143101156,0.255831476538116,-1.011242374730371
68.0,57.0,True,0.33667250223787637,0.10575844495471058,0.5045668716055878,0.031092562644669468,-0.8597634006350372
68.0,58.0,True,0.29690782391538917,0.10162005561243179,0.4752384280864162,-0.11866292410078434,-2.1618326165158512
68.0,59.0,True,0.4064722417858825,0.19489987090364042,0.798369331318361,-0.13051478817194664,1.4080386293291367
68.0,60.0,True,0.4448846483605362,0.20182543802898625,1.016939884433417,1.1677858414336064,2.452889085726129
68.0,61.0,True,0.3235469296868637,0.1945166421156853,0.7469191355498368,0.17977115848402278,-0.9104540145072517
68.0,62.0,True,0.28815014314139387,0.14362432211840911,0.6228148274708745,0.4906031295202416,-2.430696883370545
68.0,63.0,True,0.38428173535683047,0.17614080710747673,0.7580990096963298,-0.036756419670812855,0.2150190330839517
68.0,64.0,True,0.41473320397400315,0.1517321800554445,0.6575945442153095,0.1759813622473202,1.4436369019732758
68.0,65.0,True,0.474018519192571,0.13704294680373444,0.7652488644746902,0.29393556579417174,3.4643228638506276
68.0,66.0,True,0.23278607570597268,0.1515082567358654,0.5300767875622016,0.3009223360194094,-4.242525524888021
68.0,67.0,True,0.2510746121655463,0.09316603239621828,0.4734580704152313,0.12905939397364244,-3.56233505197054
68.0,68.0,True,0.3313288491416424,0.1979058982911106,0.7127808142882676,0.3441796490686275,-1.5003805378954262
68.0,69.0,True,0.45697456927675734,0.2135376294703699,0.744727765103602,-0.5267865705370314,3.0427703563509696
68.0,70.0,True,0.24908251194340728,0.16880572790296774,0.690322963646685,0.9617149768755291,-3.7619099737301966
68.0,71.0,True,0.4761245243006388,0.22014295049267185,0.7911072012896273,-0.47077719551487635,4.00569983994039
68.0,72.0,True,0.3365967770785845,0.12900548442049264,0.5626444053643124,-0.029589161129308414,-0.7374148209482334
68.0,73.0,True,0.38964603642668816,0.13330206905261893,0.638267998134239,0.044924827265688125,0.5380838421372633
68.0,74.0,True,0.2762933567152132,0.22179722854709097,1.251268547799391,2.423481101993823,-3.465348612053921
68.0,75.0,True,0.32064438922659894,0.15590323718024415,0.5685109476107906,-0.08264553131200582,-1.4570913847159692
68.0,76.0,True,0.31566154573085026,0.15695515019545306,0.7988039698033822,0.6657228302860929,-1.9526190650936521
68.0,77.0,True,0.36985037092524936,0.12049323251611475,0.6474373282522905,0.15337383220359926,0.017549510355170744
68.0,78.0,True,0.6055434183458499,0.19178056906407728,1.185360033857912,0.7771530708871409,6.938925484610455
68.0,79.0,True,0.4373776131174727,0.2128954962982549,1.0238220377359009,0.8164642738099389,2.5351461194849523
68.0,80.0,True,0.37004524212509465,0.17062415691273744,0.7750734111773592,0.7371434501050194,-0.04444311022787084
68.0,81.0,True,0.6615609727022335,0.14569081607740522,0.9495749226485166,0.2492581227032403,9.411059527179782
68.0,82.0,True,0.43397160918188454,0.18752082260669237,0.7959197180644608,0.2665288915582353,2.3576834913017883
68.0,83.0,True,0.5457743145656222,0.18377695712095113,0.9411123735619444,0.6617796805468282,5.402683617592774
68.0,84.0,True,0.6570952435465722,0.15557601438364624,0.8907835872437218,-0.8390031303791571,9.446854857288752
68.0,85.0,True,0.6583371144604824,0.1654278870673144,0.993459346295768,0.44908667288169407,9.105415144034462
68.0,86.0,True,0.4797775806428593,0.2202657048646856,0.9302762878657908,0.11068362489804615,3.674512227476427
68.0,87.0,True,0.6882692419697224,0.14803245669988122,0.8939986362556267,-0.33436079024415855,9.87475966538064
68.0,88.0,True,0.6980061417154787,0.1523388263887783,1.0821175525714648,0.8404168772644299,10.15064207689472
68.0,89.0,True,0.5900904793950223,0.2044847643885569,0.9438371280305944,-0.31729284750453157,7.213085863570007
68.0,90.0,True,0.7482720250735014,0.16321664212426842,1.1194219178686096,-0.03446330070313941,11.605067261287516
68.0,91.0,True,0.9274364334991143,0.2633919624414659,1.4651030269453975,-0.015533846830690376,17.810382590233264
68.0,92.0,True,0.7915726995586847,0.2782596827211252,1.1116842356556365,-1.0507422783027032,12.941342469817394
68.0,93.0,True,0.5860048826895303,0.22325630390545054,0.9783025155113516,-0.0029568887930450593,7.157140071482716
68.0,94.0,True,0.5380513882609663,0.23870638199413505,1.1688783413318686,0.7562149198459389,5.649633899527099
68.0,95.0,True,0.6126071289182073,0.14368121571932443,0.9618475482028574,0.16390558033905897,7.314277182301445
68.0,96.0,True,0.5731575463514693,0.19272418985721926,0.8305653546759957,-0.5654522844365399,6.582243341769947
68.0,97.0,True,0.14405903226853248,0.12894846320828635,0.4091625173928126,0.6604718306811808,-6.82254498694715
68.0,98.0,False,,,,,
68.0,99.0,False,,,,,
68.0,100.0,False,,,,,
69.0,1.0,False,,,,,
69.0,2.0,False,,,,,
69.0,3.0,False,,,,,
69.0,4.0,False,,,,,
69.0,5.0,True,0.1297230806318499,0.07258709648811287,0.2442016304035135,-0.1181882209011016,-7.5003717873445135
69.0,6.0,True,0.602994869666209,0.17627623085949412,1.015760028542221,0.16020391632071224,7.240719858013855
69.0,7.0,True,0.5341053243638607,0.17363874642609756,0.7491728198290699,-1.2080735335689974,5.232313026497538
69.0,8.0,True,0.5637611981232533,0.14023227543166797,0.8715817448508815,0.25062347535122703,6.06957872926923
69.0,9.0,True,0.5314850028605905,0.19156394329572377,0.9616934964757377,0.45249305719368804,4.979511520745306
69.0,10.0,True,0.4374474121578966,0.28028988157652296,1.0195624577576432,0.7522355911284535,2.5131250311290785
69.0,11.0,True,0.30183911210053566,0.18337358111580626,0.7477587596088735,0.5067844404543564,-2.0687881735115834
69.0,12.0,True,0.41202598026305737,0.17599564086250305,0.9503734644013292,0.8997589205016121,0.9106222817630525
69.0,13.0,True,0.3664442247975884,0.1492284806416183,0.6713022418728715,-0.05487087908515409,0.060180178886901387
69.0,14.0,True,0.24382912805953422,0.13111909462121707,0.5035175862149495,0.28702588714886645,-3.9272766525784246
69.0,15.0,True,0.4415206565621503,0.18953584931924722,0.8121535957429794,-0.226646721912298,2.635362450731921
69.0,16.0,True,0.3014675350481528,0.17018941577158916,0.708434682465073,0.4780769127448711,-1.9611018327672904
69.0,17.0,True,0.38194944004548914,0.13482549700415014,0.6551440341347248,0.1606887622864514,0.3467946334734691
69.0,18.0,True,0.4355759170510246,0.21860500760863188,1.0341243440248358,1.2286543692883698,2.305914269352782
69.0,19.0,True,0.5851502308154906,0.25153238619243223,1.1994518434673098,0.8674187735128698,7.017836668216485
69.0,20.0,True,0.6003261102089588,0.3198649911416914,1.2066436312692002,0.279327116810149,7.096070561373368
69.0,21.0,True,0.6209117192441108,0.2745248230688532,1.1915698110005255,-0.14639594015077162,7.59768408058079
69.0,22.0,True,0.5839171196215811,0.2190469152741089,1.0775409426661366,0.9572015079246612,6.547137671207464
69.0,23.0,True,0.42697153600407894,0.20863724201969816,0.9140239738394678,0.14869226143879155,1.7288651668796715
69.0,24.0,True,0.46802755999299606,0.16529253965902882,0.7151578354344994,-0.6762897299591932,3.13509448285605
69.0,25.0,True,0.45803962620927813,0.17670620983484336,0.8045365550923114,0.008422648578866742,2.7559666384104125
69.0,26.0,True,0.3602448777264928,0.14166685856393346,0.6776680241471122,0.2758231280726822,-0.3519337977846186
69.0,27.0,True,0.3842840415632164,0.18888215954999546,0.7374162166092375,-0.16819689178869798,0.7306433548102221
69.0,28.0,True,0.5064932242720451,0.18534143567087066,0.790546545337467,-0.36922069065928875,4.401132180977397
69.0,29.0,True,0.36275942997796207,0.24134849985548926,0.912804422759117,1.065857081604119,-0.05373501513155404
69.0,30.0,True,0.4220052215225188,0.15899654396667076,0.7593423242571207,0.23477396275382256,1.44053159414106
69.0,31.0,True,0.4324384094847514,0.12783515383188934,0.66281097312548,-0.13270670200640303,2.0524779363412193
69.0,32.0,True,0.5457674207897264,0.2596360451826864,1.0813180256840034,0.00148303504814274,5.5096509679348165
69.0,33.0,True,0.44898528681700445,0.14275635513786036,0.7266591910323573,-0.3912740998449879,2.144717721307594
69.0,34.0,True,0.5173190047457833,0.11949705914774991,0.8678769714408314,0.5134789599983645,4.6032458293128515
69.0,35.0,True,0.41600292735240535,0.18455102381307703,0.8591665280314137,0.4296101213487578,1.6550911578978553
69.0,36.0,True,0.357361064731423,0.23101593344532637,0.8990400542374678,0.5418327939796017,0.16538194753106583
69.0,37.0,True,0.47160466938978096,0.16735348904429845,0.8432199394238593,-0.12905635091887446,3.420545526903971
69.0,38.0,True,0.4340469453116512,0.1589731754114025,0.6923833601381075,-0.07370519432366793,2.1073299950814235
69.0,39.0,True,0.39731494768099895,0.1759757820169181,0.7880115146372494,0.4171437134683269,1.167707292429684
69.0,40.0,True,0.44452674475863657,0.24729346899510235,0.9980078113518092,0.38526611287953333,2.19288642633986
69.0,41.0,True,0.34268366363940617,0.14991296087121408,0.5689500828998839,-0.508300667459956,-0.8963687539275402
69.0,42.0,True,0.3236724143215018,0.16837633732672896,0.7297713836803623,0.028783902953885752,-1.3857016945179783
69.0,43.0,True,0.35037463217233733,0.21741370298701643,0.7501823150446802,0.13706888251278665,-0.0590233588992405
69.0,44.0,True,0.4321729481712891,0.22393583462274985,0.8973882372646445,0.14471839362619834,2.473843615751547
69.0,45.0,True,0.4013489513509212,0.17763385193615736,0.9000532053532274,-0.014086035547796902,1.0556682984104784
69.0,46.0,True,0.4525691492508747,0.22329952408300954,0.9825531002974248,0.625045228424059,2.7091942817734553
69.0,47.0,True,0.4221601344175537,0.22934000297208262,0.8616905800823712,0.22874733403821337,2.190437252750495
69.0,48.0,True,0.5700687985071275,0.3025004430769293,1.1990534665908503,-0.06860619385993734,6.866641349754478
69.0,49.0,True,0.5358013453286969,0.29208157357959863,1.1510799146140762,0.3063783269955883,5.627596104403169
69.0,50.0,True,0.6146011826805923,0.36201855946759387,1.304048210938188,0.42904490126294903,8.543385362529863
69.0,51.0,True,0.9298130662516152,0.3710080347828183,1.489391066194488,-0.4474906617829799,18.448903768477653
69.0,52.0,True,0.8250267733621195,0.3079159190239804,1.3078784731651845,-0.7202273795049527,15.034525175260208
69.0,53.0,True,0.675729037059728,0.2995496690078188,1.1093914826195637,-0.07300111098863789,9.906131391891908
69.0,54.0,True,0.4400863734220654,0.1944613206647888,0.7358001677809246,-0.49201565320717355,2.753953002419677
69.0,55.0,True,0.39913463494590457,0.27483575178106084,1.007025091692368,0.2714971887101324,1.0265880595818495
69.0,56.0,True,0.47428968015916595,0.22927448184566446,0.8317169190061637,-0.6349824518698688,3.4825355173309402
69.0,57.0,True,0.2918549061309277,0.17936425963511923,0.6945401352108582,0.13720634433950887,-2.4585062635979225
69.0,58.0,True,0.30252280322684544,0.10778662518436849,0.5134299773959322,0.13672882379857046,-2.167049981745487
69.0,59.0,True,0.42148551784600546,0.18053759449141513,0.767948398274605,0.5251321241136084,1.3623038235019207
69.0,60.0,True,0.3130384673547251,0.14163314625539694,0.6046845395561019,0.14546228567634428,-1.6619025050439915
69.0,61.0,True,0.2988020008094285,0.1426224482989183,0.5952639715710935,0.3991561544924159,-2.0221690547182227
69.0,62.0,True,0.39419328337284,0.1661078723086597,0.7688028188341797,0.7483714244836559,0.6672465775260922
69.0,63.0,True,0.31835768053695207,0.17254598695711462,0.7212442844703452,0.5511102098556001,-1.3486101303267055
69.0,64.0,True,0.354949621856812,0.17789489440756356,0.7499387736761134,0.5233502113178577,-0.10819399664220462
69.0,65.0,True,0.25615033072491533,0.08964498021009329,0.4602829459161509,0.2718024531241556,-3.4876815983482956
69.0,66.0,True,0.3479774259127759,0.15961221510093693,0.6252321325785106,0.01943008192239033,-0.7814460010193998
69.0,67.0,True,0.36145131057731705,0.1468784344305161,0.6141097375893135,-0.24958591379666994,-0.4183708952086591
69.0,68.0,True,0.3285724551360236,0.1724213836681195,0.5931088663439297,-0.24754064265795075,-1.3278550467936652
69.0,69.0,True,0.39410247895839434,0.23927862029254915,1.0383400235053204,1.109462162230304,0.5739499172641646
69.0,70.0,True,0.36176478834011605,0.15511241878959514,0.6754552997205591,0.07701342751710133,0.013001936779522466
69.0,71.0,True,0.39192888235773105,0.17375742341163838,0.7520532576066453,0.24142930576805427,0.819476618392436
69.0,72.0,True,0.3134408987821386,0.162890255964431,0.7535833668577521,0.16534888311931753,-1.8211728490112167
69.0,73.0,True,0.43188806018631765,0.17301849579010273,1.0726218109319532,1.1939596465027722,1.5539154983375478
69.0,74.0,True,0.39415195114240864,0.17029126263526528,0.7036229890237015,-0.07760151108182156,0.9929769503857624
69.0,75.0,True,0.36086945378800284,0.16541996181837654,0.7395509281481037,0.20385503346914993,0.1236867911817006
69.0,76.0,True,0.37763754352322143,0.15167851761255458,0.7561795665327248,0.23186035541178804,-0.06254939715215777
69.0,77.0,True,0.34356345572728564,0.14514421952439902,0.7250955032695742,0.6977470874252788,-0.7031397171011318
69.0,78.0,True,0.3997542548092336,0.26922183784232395,0.9484206112110478,0.3776957213415326,1.4949155562416543
69.0,79.0,True,0.3351233331468167,0.08924506774043219,0.512213207028891,-0.033061909808126046,-0.9965428174614164
69.0,80.0,True,0.39380234774392825,0.18238257894675702,0.6669703427142623,-0.25102376193255077,1.1402599797545165
69.0,81.0,True,0.4784935251890028,0.16511495561642045,0.8531341253322308,0.5963585894190143,3.281529785845252
69.0,82.0,True,0.45454961593936344,0.23157778616636795,0.851870112593962,-0.03115020084262234,3.035284122363807
69.0,83.0,True,0.474868629968408,0.21291484656824372,0.9859164239630676,0.7795155813532813,3.5218422654736994
69.0,84.0,True,0.5198628916848581,0.16265268133535896,0.8979715243376564,0.4176250686121693,5.028303676899827
69.0,85.0,True,0.47681796494032064,0.11056517245111519,0.8618371211575685,1.138801220935285,3.134199180587067
69.0,86.0,True,0.4247772430709655,0.13089324538173094,0.6820360888941303,-0.1493015306747718,1.6334725644888528
69.0,87.0,True,0.573037936641951,0.2038688483750125,0.9885136741239628,-0.09043940760053314,6.372016647817967
69.0,88.0,True,0.46239825710265564,0.17225927170261912,0.808765163273833,0.3491080717310863,2.647727689202082
69.0,89.0,True,0.6150404735195746,0.1714640068316587,0.9747258064770772,-0.4553147310385745,7.863999905350577
69.0,90.0,True,0.7132424480698232,0.31784709963803676,1.4975983946690494,-0.22833316013434224,10.87585725496004
69.0,91.0,True,0.8065562825374503,0.1778621778912787,1.1204266271480554,-0.2549093795147553,13.85395598479768
69.0,92.0,True,0.9138859309488696,0.2729177045166384,1.4981967337986104,0.5523513391124344,17.06631291110992
69.0,93.0,True,0.6110133362990744,0.19117980282959196,0.8467815611052345,-0.799819410096438,7.510767222842941
69.0,94.0,True,0.5111585541163843,0.10788462246526531,0.7291263209356931,0.2338364581652899,4.129455699855344
69.0,95.0,True,0.5061605664893017,0.25808818007769957,1.1133950404161626,0.48348575750249806,4.106023632461067
69.0,96.0,True,0.4448837876785493,0.08277189035922292,0.666013088967484,-0.1713396052536293,2.276346419146698
69.0,97.0,False,,,,,
69.0,98.0,False,,,,,
69.0,99.0,False,,,,,
69.0,100.0,False,,,,,
70.0,1.0,False,,,,,
70.0,2.0,False,,,,,
70.0,3.0,False,,,,,
70.0,4.0,False,,,,,
70.0,5.0,False,,,,,
70.0,6.0,True,0.4532743549632015,0.3230958294981556,1.5,1.401313059007816,2.178596983737494
70.0,7.0,True,0.4906837559055216,0.14251296105406483,0.7528460987683802,-0.0935229875066927,4.031477299198652
70.0,8.0,True,0.5267944334403852,0.197836787402303,0.952884635017696,0.013841978963035033,5.492605482923696
70.0,9.0,True,0.4471682435489808,0.1962488029623857,1.1347897243003584,0.4679779061028927,2.0038076630099253
70.0,10.0,True,0.40699724574614143,0.2865607976779261,0.9704417208403407,0.5123837242819381,1.6705767949515231
70.0,11.0,True,0.3476838057367405,0.1465085859568208,0.7255362791456746,0.5061684770060516,-0.6306565196973705
70.0,12.0,True,0.2740327858257999,0.12610496828793413,0.5013481382935273,-0.24783899323609665,-2.88127467182178
70.0,13.0,True,0.2981796448928005,0.18041150603860617,0.7422750492778769,0.7265540709366501,-2.252214142618488
70.0,14.0,True,0.4015621156345021,0.15678562314154046,0.7468356472419638,0.8904649157339353,1.0504873106695105
70.0,15.0,True,0.3516725827127246,0.11352868383846665,0.5505584811596118,-0.23878611445082631,-0.4336261991342181
70.0,16.0,True,0.3191906637018725,0.1844602362070471,0.7278727542353103,0.7742153116398292,-1.98702496317521
70.0,17.0,True,0.4844375003572365,0.1031275440872611,0.7106473035217614,-0.19844283979832794,3.679686396694881
70.0,18.0,True,0.5353238889991004,0.245535263876641,1.0114393947648594,-0.06778341462878668,5.861275168335967
70.0,19.0,True,0.48382029405925575,0.17576054028557977,0.796351452098048,-0.2011949136062672,3.5375795811279946
70.0,20.0,True,0.6069782163203117,0.32513708182118156,1.3212485143128911,0.2977683084910397,7.710485360097347
70.0,21.0,True,0.5331976799581392,0.39426217065263425,1.5,1.4413169561484955,5.126567815046864
70.0,22.0,True,0.5278414443880883,0.2312716425858777,0.9726933966539872,-0.40328538990870455,4.993716632530859
70.0,23.0,True,0.5685095228093552,0.2610228086820103,1.1401904622091827,0.25264175408017,6.436002672003015
70.0,24.0,True,0.3487326695095773,0.17298716278049056,0.6874278254702663,0.3382141697695838,-0.4355375015256216
70.0,25.0,True,0.41612619353289404,0.28059686024433,1.1380570450512932,1.0890918323184118,1.6630462280140126
70.0,26.0,True,0.403351568715954,0.18943756769832246,0.9085137104710532,0.6195043964953703,0.8345182178250823
70.0,27.0,True,0.4732850949337572,0.1929111261272956,0.9101284582737325,0.4569883535740118,3.5626141640931186
70.0,28.0,True,0.41075319559347123,0.24522075547169345,1.401788464885899,1.9350148048284979,0.7021900022740937
70.0,29.0,True,0.45464760718284564,0.22772370490144314,0.7747042744422218,-0.3056667453251293,2.974629623810245
70.0,30.0,True,0.5076457634483031,0.18954784538121047,0.8202330568168978,-0.5067429548099458,4.301187186088993
70.0,31.0,True,0.5108802005742692,0.1360158560051468,0.8061277818066038,0.6351629897622256,4.496035812388243
70.0,32.0,True,0.5398900280996851,0.18683135634681017,0.9496111100456084,0.36312183917878654,5.477468788994865
70.0,33.0,True,0.44285704315447283,0.29805451618782847,1.038843121656852,0.6544102731960331,2.8232693363759993
70.0,34.0,True,0.5793419555323158,0.16134420816757122,1.0259144132624876,0.7649896827922313,6.045058802419338
70.0,35.0,True,0.5416433768784302,0.2353764281701694,1.0889791937519178,0.6373363582930941,5.441766441992992
70.0,36.0,True,0.3987829175352193,0.14551854478158,0.759772080481797,0.3175781196496377,0.6794292301150304
70.0,37.0,True,0.4053177837672896,0.21390152071573096,0.884323213105753,0.5769292802942966,1.4261256793188393
70.0,38.0,True,0.5635161459565106,0.19644745112937115,0.8954983781852496,-0.5196678389887041,6.611067740166031
70.0,39.0,True,0.4891369212654034,0.1992576729178888,0.8956407579755418,0.13419660428005384,3.6783788036060305
70.0,40.0,True,0.35056883978565834,0.16828259373179066,0.6622105717345399,-0.12201571395055343,-0.21994869208467868
70.0,41.0,True,0.3826173558182174,0.1241156438602678,0.5906309115950126,-0.22380408750764524,0.4495092442272396
70.0,42.0,True,0.3872425218177792,0.14060487706967037,0.6489337982261976,0.11462086218006601,0.8175133228027164
70.0,43.0,True,0.3873004886845029,0.16409395915261346,0.7479697136423333,0.23736249461610717,0.5842435020197145
70.0,44.0,True,0.38344516628105835,0.271398078587607,0.9418565029207216,0.44643293410986945,0.7570592758287296
70.0,45.0,True,0.3802745017019292,0.19248187813113235,0.7613840639503104,0.4787156604226633,0.7665217291678059
70.0,46.0,True,0.3836104361542105,0.18888224350606522,0.8485188155933279,0.4386950840335118,0.3645677461759236
70.0,47.0,True,0.34475665436083297,0.14395724290617923,0.6620697858921649,-0.21920636393328094,-1.0570782382662904
70.0,48.0,True,0.39792887528870535,0.18468151438166605,0.9526169347405984,1.6916712218324386,1.0586210997347978
70.0,49.0,True,0.48359721226526403,0.18709549515325624,1.0104000982458128,1.4160008945930749,3.6859380027251056
70.0,50.0,True,0.5445681227575786,0.2210081265298216,0.9136969641823932,0.02099500894393974,6.0033306122059935
70.0,51.0,True,0.5241409586393365,0.2808824203965196,1.0585587049749627,0.020461315343686146,5.30106865628002
70.0,52.0,True,0.6360959472253828,0.3135139954439275,1.3868530905757446,0.6875649775473937,8.821558404267453
70.0,53.0,True,0.46475945400175944,0.16225098811069505,0.8380461478678585,0.053296068066895956,3.4212184249353115
70.0,54.0,True,0.5061522013494446,0.20754568876598284,0.8410246935852481,-0.2764375061010478,4.818268850106352
70.0,55.0,True,0.4034425135475328,0.09893326961531713,0.5714608552285643,0.046029124858266206,0.9748742184944561
70.0,56.0,True,0.3259581773961183,0.12642534439531086,0.5974595187224683,0.35563736906613,-1.3385627128368092
70.0,57.0,True,0.3204687940531467,0.12247827379806908,0.5283280514498568,-0.28260520397343997,-1.3379362540299695
70.0,58.0,True,0.31684409419663223,0.13496167611168758,0.6627069915486286,0.6909302917362876,-1.386033167251117
70.0,59.0,True,0.3909982917383023,0.15445944943908352,0.7433130972734486,0.20260546547130823,1.0017322466590646
70.0,60.0,True,0.39070903596428525,0.1630990232930203,0.7545364478694164,0.2617276990429515,0.5489674597550084
70.0,61.0,True,0.4224945657530286,0.19900547151442516,0.794422234902225,0.18531409736448276,1.3837423029032712
70.0,62.0,True,0.35395213406031223,0.09216241755808907,0.5925073070451187,0.6265581177412038,-0.39326981005683553
70.0,63.0,True,0.5036517529849477,0.2501175876477101,1.0660938063092218,0.44637441670325856,4.163538371792511
70.0,64.0,True,0.43869698652043904,0.27007346816985073,1.2702448323404287,0.7947662177092988,1.5797878737352993
70.0,65.0,True,0.36069361131003164,0.1750356398944662,0.7367258063264184,0.24633204521980168,-0.39884096585171763
70.0,66.0,True,0.3762476201791348,0.13933316718052452,0.6347440438662564,0.2225005832093453,0.37334386037226025
70.0,67.0,True,0.36319703896782995,0.22064343373860892,1.1329805213663355,1.063676027318831,-0.9151332481497443
70.0,68.0,True,0.33778192370154764,0.19233903732241014,0.8437244809448465,0.3067655897400687,-1.2680381211247058
70.0,69.0,True,0.31844095295643043,0.1436711278192714,0.6088042351213405,0.19814987452443109,-1.6368651990762029
70.0,70.0,True,0.4080395090653028,0.22496185502056082,0.8628322954933092,0.03626595502126574,1.5071587035982783
70.0,71.0,True,0.4451161725030214,0.17725725605408735,0.7668580269144892,-0.3304261641420273,2.6067184404762673
70.0,72.0,True,0.4221327261960202,0.15376085168454032,0.673957073953666,-0.27500684007255893,1.7816967205153924
70.0,73.0,True,0.41317248702633336,0.19519120365627315,0.7694800188004373,-0.2552354695370348,1.744682318116527
70.0,74.0,True,0.3104749298503493,0.19474441688236838,0.8201515043757526,1.0042495413228945,-1.7579749502944455
70.0,75.0,True,0.40812522268520773,0.13262991287782977,0.6885704839776451,0.6240374970856922,1.2029542656442802
70.0,76.0,True,0.4160686239471826,0.1707077248858786,0.7009666176074149,-0.0341551697533484,1.7473320635469738
70.0,77.0,True,0.3290913347142244,0.21949413511086185,0.9944992130754258,0.40636859306896805,-1.4749581414748394
70.0,78.0,True,0.35625651028024835,0.16873008652264582,0.8009024784192488,0.35582020236960854,-0.8372324062379266
70.0,79.0,True,0.4086122072517263,0.2480148588375406,1.1679777962780775,0.8341013920505237,1.0959899014320447
70.0,80.0,True,0.42947102652216607,0.20301585662641658,0.8693046737744717,0.6636440552858537,1.8167674925139168
70.0,81.0,True,0.44255400739868106,0.2299423935150238,0.9764303230244497,0.15163654680628044,2.7233231789312327
70.0,82.0,True,0.45788676279117496,0.25040476258280736,0.9400112654556269,0.3604517315009479,3.3071217711883376
70.0,83.0,True,0.47985315403315376,0.2288285073012592,1.1230104749613357,0.027674948733208516,3.3570000097686363
70.0,84.0,True,0.460775786061617,0.16391124385123118,0.8862709301397099,0.4351845867293163,3.0715738063905182
70.0,85.0,True,0.38285409814863813,0.16472810685154085,0.741390457875287,0.02088484733519242,0.22878198626974589
70.0,86.0,True,0.6538449175597248,0.10839604788314101,0.9525967191960304,0.871483221634837,8.863856100092123
70.0,87.0,True,0.44869174644805915,0.24577441152208088,1.0835622575742596,0.34632901834630275,1.9795095828903717
70.0,88.0,True,0.4837217817499094,0.18532433096758918,0.9379546792702508,0.8743134038652668,3.852049321654213
70.0,89.0,True,0.7174239982192729,0.16391195189045007,0.9426131791873,-1.5815611025953114,11.338498858361149
70.0,90.0,True,0.813164655806526,0.2037982951166884,1.384391582852746,0.13482370383316195,13.776492766417814
70.0,91.0,True,0.6877647965246431,0.17632880555812952,1.2309329060911145,0.3914307720170199,9.76075742515332
70.0,92.0,True,0.6646934653773908,0.20808799843086864,1.0644384709674382,0.05355505415672748,9.316386157874051
70.0,93.0,True,0.7029562172919425,0.26791959848203983,1.1006974056261123,0.003231995751644223,10.374189061284758
70.0,94.0,True,0.6749133072095121,0.351395184779213,1.4587815375725226,0.12487930009434965,9.046116708596516
70.0,95.0,True,0.6039068034559198,0.15230195248727998,1.0138015086404004,0.40432554240222524,7.111205796930287
70.0,96.0,True,0.3474758482608833,0.15888271129624104,0.7556853681726877,0.7894571284531099,-0.6937524116770366
70.0,97.0,False,,,,,
70.0,98.0,False,,,,,
70.0,99.0,False,,,,,
70.0,100.0,False,,,,,
71.0,1.0,False,,,,,
71.0,2.0,False,,,,,
71.0,3.0,False,,,,,
71.0,4.0,False,,,,,
71.0,5.0,False,,,,,
71.0,6.0,True,0.20609180964937024,0.10435334513017618,0.4561661115214719,0.6302089140663997,-5.127445726339995
71.0,7.0,True,0.5857421164263994,0.2840712938873152,1.3323038328017092,0.9771139681914485,7.227241543121669
71.0,8.0,True,0.5563806196750164,0.21390983588431262,0.9247045350868168,-0.3164133387133613,6.1334216008558
71.0,9.0,True,0.5504736318855553,0.2254049021917836,1.1219532213083494,0.7488312162759037,5.834411606457327
71.0,10.0,True,0.45710161221945633,0.197372750388907,0.837264484443695,0.15654602030515696,2.627778954090715
71.0,11.0,True,0.4637312107883912,0.1565011970744114,0.7490288838886726,-0.12035445651009885,3.1532826722614997
71.0,12.0,True,0.3227872165479711,0.12478861305795033,0.5853292778068713,-0.021216494486995797,-1.592064997336581
71.0,13.0,True,0.3060092530531825,0.15835999466004946,0.5777368923631947,0.07530814768513916,-1.8173419228589651
71.0,14.0,True,0.26600699858701393,0.1668446751606841,0.6604818099142629,0.3230343286419206,-3.562736660826404
71.0,15.0,True,0.352167661227876,0.2796402408373357,1.0423778139068132,1.0841693212303565,-0.26330605435051396
71.0,16.0,True,0.4050453834114062,0.18875706876486364,0.8432308393435883,0.4807165533059824,1.1527444961625397
71.0,17.0,True,0.39212547560948413,0.10840977027413981,0.5814633135780836,0.018903509202005606,0.6542444340266529
71.0,18.0,True,0.44314274422913175,0.19982424772357785,0.9581512810424404,0.7992394915233583,2.570703649356525
71.0,19.0,True,0.4908509179566232,0.22987855523014686,1.0785112538958277,0.41581758174060446,4.044244126068092
71.0,20.0,True,0.7823349709954062,0.4165114816367041,1.5,0.5421532690988631,13.360282508609492
71.0,21.0,True,0.5417048457080028,0.3307818762107632,1.0974921835836655,0.3232956325388962,5.708566863400753
71.0,22.0,True,0.5649772712316344,0.2801331005198227,1.0720149244548531,0.5357237536584435,5.899414217926145
71.0,23.0,True,0.44866993585367193,0.2451905779642187,0.932986222509116,0.16988722060444567,2.3412757628230665
71.0,24.0,True,0.4174751336870461,0.11232763195833612,0.6353305428477091,0.26990617856269766,1.4725316548576157
71.0,25.0,True,0.4403560595344548,0.15232810556720042,0.7498781171266892,-0.13493133675785082,2.1991272298444327
71.0,26.0,True,0.5383867330287914,0.17218243253942295,1.0270806928116345,0.40476273413613895,4.86743739787528
71.0,27.0,True,0.470546679740486,0.17100519074444503,0.8689448373153584,0.2720019453234715,3.101590204234026
71.0,28.0,True,0.43749248746025843,0.26275458850644406,1.0018399240180234,0.3253181482882758,2.159504002768762
71.0,29.0,True,0.3903342009893692,0.2223577272102569,0.9723087361530156,1.1331254314042722,0.630802664737796
71.0,30.0,True,0.47414365707742884,0.19791602720593937,0.8695106599384553,0.5033559905018812,3.272900988233756
71.0,31.0,True,0.6288315119263354,0.20376760426927165,1.2537374403593844,1.14129967194074,7.920907357426621
71.0,32.0,True,0.6216458817503794,0.27739523302160807,1.1228899540619208,-0.3971223871680192,7.560884245075154
71.0,33.0,True,0.45393301171922634,0.23001103245725382,0.8514888541717344,0.12206538025668662,3.164831167189183
71.0,34.0,True,0.5451804846726438,0.25058121499477926,1.2100839544653623,0.9147793694687669,5.94207758492209
71.0,35.0,True,0.5220778233780569,0.1729542160930615,1.2153137784066863,1.5848474821575997,4.541989365238587
71.0,36.0,True,0.5997231431055721,0.14415652304991378,1.046385050508698,0.8271661444001305,6.95000170434558
71.0,37.0,True,0.48238469078074453,0.22305855195196878,0.9226178644893138,0.2758058560363448,3.6533377131724856
71.0,38.0,True,0.6139348282162469,0.21641349789734307,1.2493935970468035,1.3969801569880138,7.826583048769237
71.0,39.0,True,0.4800466607783398,0.14053943915593015,1.0636003583892408,2.5951384662559005,3.1409577766454015
71.0,40.0,True,0.6305449154652771,0.20334085657111325,1.0682045707758792,0.5654499479562508,8.257528458217612
71.0,41.0,True,0.43131896921729235,0.14303504270174622,0.6843560505981395,-0.5224683855340387,2.3011111634987236
71.0,42.0,True,0.35211985231180215,0.15887134161642807,0.7438343822760084,0.6238546507657098,-0.5284554395442383
71.0,43.0,True,0.39448269820708964,0.18454173292029194,0.7512930190343677,0.4154351088639814,0.8948504963309003
71.0,44.0,True,0.3397450607224641,0.15807003338174813,0.6568515244784426,-0.008412825826254338,-0.6489620884985655
71.0,45.0,True,0.3399346095821352,0.14633835499636383,0.920618116110474,2.028811387482638,-1.144801273065033
71.0,46.0,True,0.42273049292323733,0.19684494068428768,0.7766272267113918,-0.12140861245633457,1.766760471345565
71.0,47.0,True,0.3341690050519183,0.16349547802162037,0.6427297941938241,0.5018985614810948,-0.9706553343396165
71.0,48.0,True,0.2805625208674618,0.1500388610494995,0.6807166306747423,0.49282742201472174,-2.9548413126712267
71.0,49.0,True,0.4388552978796929,0.2371423358124254,0.9394835995911888,0.12845907033730333,2.5220143684946583
71.0,50.0,True,0.4220736406017053,0.18078425588505184,0.7098383524737392,-0.3582843302911513,2.0480156665041935
71.0,51.0,True,0.4808217220547632,0.1915621714415187,0.9370244477280764,0.4231252239756334,3.8612190352570686
71.0,52.0,True,0.39752363474634034,0.16104659872842345,0.6320576455275743,-0.4868878908961104,0.7336180643878492
71.0,53.0,True,0.34716291063217636,0.13097536881937177,0.68632976913714,0.7593798134635844,-0.6676441763136718
71.0,54.0,True,0.40307477000434233,0.16752842821397837,0.7795962036399818,0.8475474342033681,1.1242034617820202
71.0,55.0,True,0.37824179718346823,0.15805171584264655,0.7287747159345208,0.3953481482617217,-0.026514348843614408
71.0,56.0,True,0.2183310314190863,0.1550342036924044,0.5525405519175699,0.7362699766906206,-4.901740891351689
71.0,57.0,True,0.2818364558299851,0.1454766038133807,0.5592284763793568,-0.05570052145504652,-2.606806220389301
71.0,58.0,True,0.4084874100660055,0.13311043239950873,0.6518876129469546,-0.13759516931120327,1.225302506481866
71.0,59.0,True,0.3255849625970922,0.13076579940273167,0.6109952197163128,0.23324038878021794,-1.2401403337454546
71.0,60.0,True,0.3398964057876032,0.15275781621155693,0.8388810675491588,0.6943706542530662,-1.1485205787704076
71.0,61.0,True,0.40499679227907986,0.1561981015441042,0.6675341898126582,-0.420311555836255,1.4033259299785001
71.0,62.0,True,0.32139006516025426,0.14175378563413493,0.5880429821539693,0.3968119287194777,-1.3433806847776166
71.0,63.0,True,0.3769653784561281,0.16023833597786738,0.7842202726745532,0.6128152501936096,0.03453453225756087
71.0,64.0,True,0.4587556215841006,0.10927684231485896,0.6376228326903297,-0.3267141697631591,2.5243500096843703
71.0,65.0,True,0.2625960577910456,0.10698857427618806,0.4332766168501749,-0.17213385597739553,-3.2522858436568947
71.0,66.0,True,0.5278679919864491,0.2455419144360285,1.054005085038045,0.37517626069114435,5.299399021712026
71.0,67.0,True,0.3848562863210251,0.1882449078864631,0.7722097759067561,0.10031681020880664,1.0758764234785307
71.0,68.0,True,0.3039895589945002,0.1498012173706217,0.5472020069242176,-0.45967632275035497,-1.7750050799254968
71.0,69.0,True,0.38583396843219153,0.15104453808710216,0.625337225884978,-0.597382261146032,0.46984887760166993
71.0,70.0,True,0.36875552732264055,0.156782621873082,0.6720356072631656,-0.13111812372495582,0.26204662888106955
71.0,71.0,True,0.43189130362543987,0.14212153219058646,0.8001682418760995,0.042871638953907915,1.7764489679585136
71.0,72.0,True,0.6828798047207574,0.15122854838324526,1.3279004138343675,2.073548522938617,9.296997829110976
71.0,73.0,True,0.4403516704696402,0.15869937011498597,0.7290295874025668,-0.03782503865078825,2.3202542812551177
71.0,74.0,True,0.4259352707352865,0.16696737441128387,0.7005206664457747,-0.08748792214087316,1.5297979801282107
71.0,75.0,True,0.38213011618786635,0.18995574720573002,0.7822763815039152,0.6265539621831117,0.531052187844761
71.0,76.0,True,0.39902371828913413,0.13099843516095244,0.6362891582124752,0.16361662704902796,0.8654171126917987
71.0,77.0,True,0.4063822720908753,0.20810280667193345,0.7001678257143574,-0.3512727734807937,1.4050099039323092
71.0,78.0,True,0.3009259778147199,0.23457248894818478,0.8085081711618874,0.6832770629914616,-1.7830562014808904
71.0,79.0,True,0.2912952524494176,0.10722667083581515,0.4987474971693714,-0.3100220525993631,-2.344553779796092
71.0,80.0,True,0.2888154269197259,0.14592863760549593,0.7235513525532301,0.5308859132654732,-2.828059290828034
71.0,81.0,True,0.35294591156718563,0.12322781625977851,0.5864513951810103,-0.24206315753538837,-0.2963107530167926
71.0,82.0,True,0.37037887530029234,0.1617905753712958,0.6257024035187088,-0.15032847762390358,-0.07166663322276466
71.0,83.0,True,0.4564387840124742,0.15919817377090562,0.6724078908165986,-0.845144488972842,2.9356688391167927
71.0,84.0,True,0.41471842305602946,0.131375312216639,0.7664530229616583,0.402684784285075,1.1340785829852351
71.0,85.0,True,0.3278364194172725,0.09584295172799417,0.5099121250555373,0.0070083928297405874,-1.341964809694989
71.0,86.0,True,0.380527300005825,0.23044945123148894,0.8128723533065296,0.1860559316250344,0.6351232808718235
71.0,87.0,True,0.4483427154140818,0.24290807462225228,0.9053928433626198,-0.0009108850591312529,2.252688387543773
71.0,88.0,True,0.5797199985101233,0.2994960876625172,1.1551015352984664,0.34621179037948757,6.586752665455298
71.0,89.0,True,0.5823592600098979,0.25241121285938267,0.9990691246505086,-0.01954690279976004,6.691573181459167
71.0,90.0,True,0.7445058965781849,0.3205004864431108,1.5,0.8738263284355284,11.691165783674935
71.0,91.0,True,0.6058167530523205,0.17595330571902082,0.9385448063416718,-0.04840626918022722,7.472091468715238
71.0,92.0,True,0.7904988608145334,0.2833334444801249,1.4770924503607277,0.7550681976567591,13.323968618391364
71.0,93.0,True,0.5954499329158479,0.23003868564788865,1.1466938222032008,0.942517758746516,7.002729344456842
71.0,94.0,True,0.6241344587114609,0.28577572114360583,1.0866153535789975,-0.5628934761664974,8.1968295018136
71.0,95.0,True,0.4559030862929006,0.26897488925651997,1.1186826339184823,0.49360621441033353,2.588834249168972
71.0,96.0,True,0.041572919859560145,0.055929154018616783,0.1919296720468969,1.497671639068125,-10.262878530903231
71.0,97.0,False,,,,,
71.0,98.0,False,,,,,
71.0,99.0,False,,,,,
71.0,100.0,False,,,,,
72.0,1.0,False,,,,,
72.0,2.0,False,,,,,
72.0,3.0,False,,,,,
72.0,4.0,False,,,,,
72.0,5.0,False,,,,,
72.0,6.0,True,0.016611563069670984,0.017671496636491882,0.0607639193822987,1.2339274865060113,-11.06326051339847
72.0,7.0,True,0.3701383634578069,0.161775598440731,0.661226225491045,0.10084590903258915,0.12420484452587706
72.0,8.0,True,0.557778817492637,0.16770562957267268,0.9771978152043956,0.7439603185319035,5.8706916814790135
72.0,9.0,True,0.682203929704135,0.22619527537474438,0.9917949462567088,-0.7913195474106473,9.556847321492048
72.0,10.0,True,0.5890619859682625,0.13720601579788033,0.8164799042905979,-0.12119276013217248,6.80408708558541
72.0,11.0,True,0.5377134615980208,0.2961945448917018,1.1676354299818017,0.3322889777653097,4.907647015286304
72.0,12.0,True,0.3703722714737458,0.1721767177064113,0.6216540594153414,-0.2796155825720645,0.13306846573527215
72.0,13.0,True,0.3037577329570113,0.14828957970959492,0.6255052556105049,0.7461699191383175,-1.9583359936584595
72.0,14.0,True,0.3242456321231767,0.17442021335205302,0.6519820772656643,0.02067903071282163,-1.3639670332698963
72.0,15.0,True,0.31346246973916986,0.15289094113958113,0.5967509698560822,0.28166588249685726,-1.546872244348636
72.0,16.0,True,0.3807045994315246,0.2116007814362398,0.7399020560238333,-0.389614880410372,-0.10268384225317145
72.0,17.0,True,0.31509966697861796,0.22604622984209516,0.8541952707649991,0.7546481643653575,-1.588520262992499
72.0,18.0,True,0.429899374622201,0.23863664966484144,0.9674303424903448,0.5583281502205858,2.2357167852520616
72.0,19.0,True,0.36992964625385044,0.18356013552648354,0.7553075374276665,0.13521818295753613,0.2405045577377062
72.0,20.0,True,0.452096595032913,0.25692274349906075,1.0962310509559872,1.0575399332168072,2.9059288379910084
72.0,21.0,True,0.4754163320225759,0.17343262817772692,0.8174989336795154,0.2545745670921737,3.4401111310982504
72.0,22.0,True,0.4793025644688253,0.2766849328183961,1.0034828208090576,0.6561080754774544,3.4759531070990053
72.0,23.0,True,0.3502967711386567,0.11940431707902359,0.5411523772751454,-0.5273973245010626,-0.37998139367337147
72.0,24.0,True,0.3507404356302401,0.17253480956379608,0.5931859768423686,-0.15747864554176183,-0.2340245445254544
72.0,25.0,True,0.4722662210304914,0.1605982805595878,0.7684529466716576,-0.06487045256630398,3.368404533078872
72.0,26.0,True,0.42183616474415575,0.12402957179019966,0.7021498677492722,0.4563165976602912,1.4400841245841032
72.0,27.0,True,0.464020354510894,0.133442606410587,0.8122094130187503,0.7602208739095072,2.9839069078974028
72.0,28.0,True,0.5260160854433494,0.19807225221640265,0.9532002805318376,0.3499796030085305,5.02092574952923
72.0,29.0,True,0.46602232193024146,0.16306085938444304,0.7814033191327222,-0.3045952581018609,2.9210708692664547
72.0,30.0,True,0.43725456646326516,0.14382937754422884,0.7383748906398874,0.23493606134577322,2.126185456280529
72.0,31.0,True,0.5852006025348016,0.22134363530134196,1.0140991192428963,-0.16868219639898058,6.902410604581033
72.0,32.0,True,0.557450222412359,0.19064574036551982,0.8607872366857892,-0.673501612925614,6.460926912305996
72.0,33.0,True,0.5501182393811123,0.15230836270707895,0.7787471285828048,-1.0438758768369192,6.134271596883173
72.0,34.0,True,0.4543791041501708,0.17186102098144437,0.8425448647828792,0.7164939644820242,2.4900364735796714
72.0,35.0,True,0.5732006579466895,0.2426739971791267,1.304120763289308,0.590958716449792,6.3734012139808325
72.0,36.0,True,0.6316337650019497,0.2143922549390501,1.0438260947952585,-0.17339253140083324,8.376635069964705
72.0,37.0,True,0.5876767687626858,0.20712583802209475,1.321930200069456,0.9997700540025632,6.331408321237899
72.0,38.0,True,0.5847835742939326,0.15747105615596518,1.0178676183980309,0.5078245205698252,6.786485606705609
72.0,39.0,True,0.4190498626066022,0.22595605535077865,0.9259699000964384,0.5065002530432348,1.4608263922051512
72.0,40.0,True,0.3274639971489714,0.13009861383930774,0.619620891048295,0.38244400816181456,-1.274565782313933
72.0,41.0,True,0.4764936415684342,0.14383436818214296,0.799761396887352,0.7754027218970706,3.275957367680424
72.0,42.0,True,0.3920577630456451,0.15186421338863895,0.7866091775108557,0.3579699901918531,0.6589103369628961
72.0,43.0,True,0.3083428860741823,0.20784105900810687,0.8887615013924319,0.9474789054095928,-2.4970684392081104
72.0,44.0,True,0.3776256194344352,0.2121427999614161,0.8930012929595255,0.8396697710367418,0.491560787749812
72.0,45.0,True,0.39156720887959756,0.20021888550475575,0.7761666261966228,0.036000964273712195,0.564290868690609
72.0,46.0,True,0.3436286125064078,0.2011834021177416,0.8595752878739821,0.1120792389006747,-1.1986346719958063
72.0,47.0,True,0.34222018392888626,0.18333024646885931,0.9903297342585836,1.1763272521062043,-0.9399930165419229
72.0,48.0,True,0.37292377675460325,0.18694723062908383,0.7743236120207453,0.5436803493355189,0.4842412591599036
72.0,49.0,True,0.3339222813337894,0.17832157108386543,0.7221092298626631,0.29318742697489597,-1.5422612956699169
72.0,50.0,True,0.3959649432597962,0.2252892413567553,1.253940039640408,2.003290319541608,-0.039233097013380944
72.0,51.0,True,0.4742032585707092,0.25359717854870406,1.135224655448107,1.195869569143951,3.590412447390543
72.0,52.0,True,0.39605167043382894,0.18945509601018787,0.7928183724752988,0.19214009157982384,0.9056682971803789
72.0,53.0,True,0.20033112643703965,0.10034069959945545,0.3810600614823012,0.33450964455814347,-5.152205100167704
72.0,54.0,True,0.5194856092556042,0.20493537286215188,0.9456323198505736,-0.5327785248230885,5.082299624189512
72.0,55.0,True,0.3256982991102747,0.1550348589905532,0.5717830818238285,-0.46779092179658016,-0.9668790896904123
72.0,56.0,True,0.34151643751862143,0.15941906628333646,0.6988333732253057,0.456684431736816,-0.8205432341542653
72.0,57.0,True,0.3232631222414445,0.10029314586414223,0.5150032858461457,0.27668642771177016,-1.4670765303169895
72.0,58.0,True,0.35084397323954164,0.17790501992037472,0.722101521157645,0.48962622104368353,-0.40292424418151196
72.0,59.0,True,0.46995593945591047,0.26312394656558796,1.033207269653106,-0.17199726902873563,3.2719942818685914
72.0,60.0,True,0.34010420989357254,0.16333604187053402,0.6341623943650164,0.40932960971026777,-0.6747209372282449
72.0,61.0,True,0.44754176622916986,0.2371238004497812,1.031247008770286,0.5117062152052421,2.6326219337446033
72.0,62.0,True,0.4087062797466757,0.19257999782724441,0.7354514274352775,-0.39485721784309613,1.8062155948601202
72.0,63.0,True,0.3818276594610999,0.13903567209235446,0.5993629227750895,-0.6318568699438378,0.40656001743605197
72.0,64.0,True,0.3938322631461298,0.26340462377280355,1.5,2.6191173290122185,-0.012995475909017465
72.0,65.0,True,0.46879900520126655,0.1560624290927411,0.8993377303281985,0.3727255716208271,2.9167554221657817
72.0,66.0,True,0.39690189015304594,0.19853655687032765,0.8374581806237464,0.5441987278766488,0.9083021025841227
72.0,67.0,True,0.42251008286919833,0.23753839181887348,0.9511545708140074,0.5159344957980856,1.6377353991656303
72.0,68.0,True,0.38186179061037795,0.1710504404124967,1.043768971247716,2.200858350670672,0.20638178970644352
72.0,69.0,True,0.4090486664182233,0.18280342496028446,0.7627482091055381,-0.11881321314928532,1.4850358543269249
72.0,70.0,True,0.3682155079683809,0.18402264707806903,0.7423820417272878,0.42475257434737196,-0.23293759644310114
72.0,71.0,True,0.5008598672012632,0.2274070231736018,1.0224706709868088,0.4434356569746519,4.196001417028059
72.0,72.0,True,0.4231507993336705,0.16917830394515793,1.0625215032672135,1.2406408008721916,1.509433504836947
72.0,73.0,True,0.36711050830016595,0.1582594705026724,0.7508262912789968,0.4111502179256106,0.009302896340607325
72.0,74.0,True,0.39038162831289697,0.1464581709458657,0.6874677788518839,0.42700539201421306,0.3761534319772961
72.0,75.0,True,0.392203531433397,0.22602362586027877,1.0685312557205442,1.3182575844932944,0.324366023618884
72.0,76.0,True,0.33766066666287303,0.1643708939977265,0.656197236968741,-0.26469507561156363,-1.1301805903629034
72.0,77.0,True,0.22206561404737793,0.15740020798621715,0.6466773588075171,1.071285733528227,-4.584500519973899
72.0,78.0,True,0.3402406301313993,0.15347453979839823,0.5568662695071875,-0.43590749071479973,-0.8222157601628908
72.0,79.0,True,0.333683044661065,0.14374105440968757,0.7202576676345867,0.22396279456460016,-1.2171788099887462
72.0,80.0,True,0.29068559546266454,0.15378345933313334,0.6318858218014309,0.8588829757250428,-2.581564990316245
72.0,81.0,True,0.4469975830223532,0.1499569242597929,0.7425985916572372,-0.0754236069058893,2.7163716186594877
72.0,82.0,True,0.3781327562939799,0.12935104163434874,0.7406788053813518,0.44221827566282457,0.09142368124926645
72.0,83.0,True,0.30545411108877213,0.12836234098731178,0.551423275092293,0.183310158143119,-2.0557246993493288
72.0,84.0,True,0.3555011370608756,0.179464564508581,0.8280836257832875,1.0991426030922404,-0.3313951714545291
72.0,85.0,True,0.35239149508001805,0.1752825413529046,0.776696036769848,0.6362571974621791,-0.5013402371647392
72.0,86.0,True,0.40402009607724343,0.18046303785731985,0.7139264619083258,-0.18154271249715973,1.4232024301590467
72.0,87.0,True,0.44331365351575686,0.16069855664206492,0.7754284085749376,0.016935926103684083,2.3126745777836932
72.0,88.0,True,0.4266493975848686,0.20623622102486183,1.3810664356652285,3.0703727473868128,1.395249824926628
72.0,89.0,True,0.6846538974996083,0.22385686959700604,1.2645582428873146,0.8838242006802153,10.207245214341624
72.0,90.0,True,0.6465377257366048,0.27289850718816067,1.116372243685826,0.11878971377691902,9.314802476170826
72.0,91.0,True,0.6000608251453621,0.155176985326211,0.9350167011286792,-0.10118714242472743,7.168425320784749
72.0,92.0,True,0.4818315985440867,0.15964549884898235,0.7950752243238212,0.1949298347512462,3.6276864262368482
72.0,93.0,True,0.4258015109885626,0.16927035289898423,0.7922369958935059,0.1078245377213463,1.934851186364648
72.0,94.0,True,0.47523187006171974,0.23176893860475506,0.9160459552508048,0.0022209647590073424,3.3645327132405587
72.0,95.0,True,0.2777121434362149,0.1238632587026747,0.5416352214483099,0.33952995538860653,-2.67903204635532
72.0,96.0,False,,,,,
72.0,97.0,False,,,,,
72.0,98.0,False,,,,,
72.0,99.0,False,,,,,
72.0,100.0,False,,,,,
73.0,1.0,False,,,,,
73.0,2.0,False,,,,,
73.0,3.0,False,,,,,
73.0,4.0,False,,,,,
73.0,5.0,False,,,,,
73.0,6.0,False,,,,,
73.0,7.0,True,0.23858960184198785,0.1510516316001177,0.8629827753835169,1.9521250624815005,-4.401748389507378
73.0,8.0,True,0.40129496185786895,0.17559144075304345,0.6765871491251113,-0.03373796898805391,0.9242046031029856
73.0,9.0,True,0.6092706252790726,0.17403506442496486,0.9624281756764292,0.3269189463789708,7.514953269484009
73.0,10.0,True,0.6454289877739525,0.23247212185337177,1.111772495826397,0.07832881631402139,8.677635251096731
73.0,11.0,True,0.47816956038450925,0.1709784913430249,0.813263475131945,-0.02395483513697047,3.7813151959395546
73.0,12.0,True,0.379891967955504,0.11836420012352356,0.6759910348019377,0.09798179484612494,0.405924804578025
73.0,13.0,True,0.23061841635344457,0.1425889342120078,0.4761952059885887,-0.013620254347802245,-4.364666657599976
73.0,14.0,True,0.23285589468987108,0.10413294276887215,0.4771834096937097,0.425316985706375,-4.1917453761979635
73.0,15.0,True,0.3837488644907923,0.20109157804835628,0.7397852206244976,0.05294362556155263,0.711591309775301
73.0,16.0,True,0.4678938488203889,0.20980125305446654,0.9581638884187222,0.5536912663436662,3.104597356442291
73.0,17.0,True,0.33783192438687953,0.17458743884704853,0.631805473469434,-0.21023004310494073,-0.8301606013991235
73.0,18.0,True,0.3225095314619109,0.18355918531576523,0.5638977177180898,-0.33127060588330787,-1.3814724452589338
73.0,19.0,True,0.43377443149906125,0.13850278785473175,0.8654333758242807,0.324936352785992,1.7119537596285421
73.0,20.0,True,0.4457264933545448,0.14513987110882895,0.851710124226903,1.0188869671810843,2.6293255871134518
73.0,21.0,True,0.446241306302726,0.24275621938506423,0.983768012803901,0.7774135196092175,2.5284277394456742
73.0,22.0,True,0.3650099346452067,0.15885743944416814,0.7329757868326274,0.43399439944211454,-0.15284870199792638
73.0,23.0,True,0.3851873802546968,0.21119867255221106,0.96726361064591,1.3245793079064363,0.4826759986583119
73.0,24.0,True,0.44299981866970073,0.21615343699526318,0.9069442286876456,0.5226793295472336,2.3336269126988647
73.0,25.0,True,0.4027446959213177,0.22973086032148274,0.9933157529219824,0.8356022523745383,0.9815957180399046
73.0,26.0,True,0.39051494370538703,0.08782853032491501,0.5512050335411328,0.04227013033168582,0.737689987373978
73.0,27.0,True,0.5112740686713894,0.1369906156536502,0.7943978626339065,0.18439154029441604,4.185669840637165
73.0,28.0,True,0.36808749285963643,0.15673847736169982,1.058036069045844,2.3797534662106137,-0.3937190600370714
73.0,29.0,True,0.4810584829481956,0.10165931786319926,0.6584591483009944,-0.04004194316250773,3.397810450525207
73.0,30.0,True,0.5470600728866039,0.1657094844920029,0.8677710071645087,-0.21394220295178404,5.732410179613532
73.0,31.0,True,0.5738806992734341,0.21906516096704723,1.079864617389038,0.5919714145922129,6.438340428619033
73.0,32.0,True,0.4526863029962112,0.15557144004476745,0.7701115115434907,0.008091843339784547,3.0477942153458395
73.0,33.0,True,0.4776498354708535,0.15266322750759367,0.8407863788799812,0.16189633057525615,3.3562398187181124
73.0,34.0,True,0.43361679695538025,0.20044039675773956,0.9607203940663308,0.39141046814284763,1.9927050962415809
73.0,35.0,True,0.48114733075822064,0.3007214621137661,1.1525447032888465,0.7997826053638569,3.2919661275186143
73.0,36.0,True,0.3733004692399108,0.16286769799849984,0.6437425455421114,-0.1140304797581189,-0.14229164968444374
73.0,37.0,True,0.5738308054457372,0.28499555457589926,1.1930954502489473,0.7815502577961,6.514366199575717
73.0,38.0,True,0.47993568852672236,0.19729342675396488,0.8531239487504712,-0.19827785753711744,3.524403407684484
73.0,39.0,True,0.573725108339888,0.18994458259109748,1.0468395576919136,0.9095247778599304,6.65282885069492
73.0,40.0,True,0.5311392511597526,0.2604167458594428,1.1138555134709218,0.4335770647390211,4.817685505959411
73.0,41.0,True,0.3794938162840822,0.24564547165606823,0.8681617468361894,0.01206199077841124,0.06251978563189468
73.0,42.0,True,0.49745600993112976,0.20998834640272288,0.9010741315257016,0.2556932957646973,4.42838791212188
73.0,43.0,True,0.43422892630511195,0.11825971288707852,0.6108030049417068,-1.4345154897667758,2.2060169677455628
73.0,44.0,True,0.3134934705647561,0.18768790201541066,0.7854236971409391,0.5809326885368479,-1.8474961685950855
73.0,45.0,True,0.3787086616947155,0.16477489903751727,0.6937747108208084,0.30009288728413247,0.4580135927406384
73.0,46.0,True,0.2951099038509339,0.15597517511289397,0.636120914870952,0.38005331293423594,-2.171706238977091
73.0,47.0,True,0.429196222590784,0.1867086000203873,0.7694686838188561,-0.22241232513011072,1.7645201003057296
73.0,48.0,True,0.35669972773202263,0.17093714934952153,0.7099212087713862,0.4512739210462091,-0.3275569989350797
73.0,49.0,True,0.3343652145007683,0.2010901315620674,0.848015137499634,0.5555697116718153,-1.2257390169134448
73.0,50.0,True,0.3552195132644445,0.16069024460584103,0.6148816654250541,-0.056663663962299174,-0.19124573466066724
73.0,51.0,True,0.4001771053340331,0.18520877316382348,0.7429783810025327,0.3671130283381882,0.8295876396470758
73.0,52.0,True,0.3363480892875453,0.1465744960118134,0.6307731769088345,-0.11343483822581453,-0.9004677771418547
73.0,53.0,True,0.31677475364760277,0.12510584421361567,0.5476195484247559,-0.251744182843406,-1.695759894275283
73.0,54.0,True,0.277521881636982,0.1245843064245176,0.5497172513110585,0.7781148209384776,-3.0012827528456887
73.0,55.0,True,0.35214527130109646,0.1832123202033653,0.7756544047297473,0.22381309111141476,-0.3847776423731213
73.0,56.0,True,0.4186214174204044,0.2200617748851402,1.1301644622660612,0.8922708576961375,1.3885764138290064
73.0,57.0,True,0.3530351278928313,0.09536906010482378,0.5634604164202225,-0.3849346728922173,-0.6754473847418094
73.0,58.0,True,0.3298382672088018,0.20756562994138736,0.7261648853546656,0.5549104691696694,-1.2328409212033264
73.0,59.0,True,0.39312261594533304,0.1921645517239344,0.6956575769240845,-0.26167766986298263,1.059540194275212
73.0,60.0,True,0.31862879931358573,0.23604244434204144,0.9361788938897216,1.0102739028615602,-1.7007543557327771
73.0,61.0,True,0.4371695470941454,0.14910467487101223,0.8628573219455663,0.893472935364287,1.6601302557343103
73.0,62.0,True,0.3557405427615635,0.17316245018762888,0.7625317349829368,0.529564085335173,-0.18029309816741954
73.0,63.0,True,0.39493210051032407,0.20721862632042007,0.781967007867272,-0.3519682535824945,1.2761842600970312
73.0,64.0,True,0.5283030403862828,0.2120468213860846,0.8393230383255189,-0.2129651068798779,4.87189910804308
73.0,65.0,True,0.44894016771458245,0.15713788208139476,0.782164332048619,0.3655610985749617,2.70616084149143
73.0,66.0,True,0.49531886419197974,0.1656106672964845,1.0079340982663338,1.3989944801269758,3.664638778763606
73.0,67.0,True,0.5403668780969565,0.20236508936939887,0.99830094136213,0.7122717820013139,5.420880846660244
73.0,68.0,True,0.45023569417975706,0.18308117706900073,0.790050929851872,-0.5840287664928161,2.5255688277826644
73.0,69.0,True,0.5547860018022002,0.23412592809246585,0.8844479147081197,-0.3833138906445724,6.342543129359124
73.0,70.0,True,0.4459776506802156,0.1585956802449238,0.8053797323892492,-0.04206983960045395,2.533089025174521
73.0,71.0,True,0.37899648404328745,0.15399017590964204,0.6733763407998383,-0.17410472041192204,0.5633964257154752
73.0,72.0,True,0.5273198375899114,0.15536245538363785,0.880768606681844,-0.34268622097388834,4.95123245031201
73.0,73.0,True,0.4077781741184368,0.11865620071957003,0.6286354060286399,0.08018134326389276,1.0971001865076522
73.0,74.0,True,0.3378784981108315,0.11091352513335649,0.4842289403339233,-1.102990504858874,-0.9481960211990246
73.0,75.0,True,0.30626460399110955,0.15784510030897345,0.6351320292639252,0.3451084694419511,-2.192439100553448
73.0,76.0,True,0.37022725036021703,0.1665921565649915,0.7248180942336058,0.5253060003565526,-0.1776204590220965
73.0,77.0,True,0.3580175577607823,0.14316425079778114,0.6040933995882584,-0.049549334577628626,-0.4171794591556316
73.0,78.0,True,0.3074516400690845,0.13813927599911785,0.5417435275408566,-0.7757728076514824,-1.7317553055628192
73.0,79.0,True,0.3877411819501685,0.11112992501938061,0.5656972403585823,-0.17842319360191727,0.5417353126101857
73.0,80.0,True,0.23839606846831432,0.09365182894550886,0.4570610928187767,-0.05689498635055644,-3.959292127965476
73.0,81.0,True,0.25834219837486755,0.15074612183366742,0.6595233184399253,1.1526229101238141,-3.2799141314419797
73.0,82.0,True,0.2937967545167078,0.24778710481625132,0.9615325212297744,1.4183457713300929,-2.1903722621064303
73.0,83.0,True,0.3540847939726575,0.22216482386278394,0.8174187320992071,0.5921486628810335,-0.6179820656851711
73.0,84.0,True,0.31740226986604175,0.15997233268185504,0.6690870499013478,0.5317860398922002,-1.3716450296551095
73.0,85.0,True,0.3410550639972787,0.11780004794898345,0.594565293497951,-0.11319545553537005,-0.8939566499011296
73.0,86.0,True,0.49137067013401936,0.21545921490592937,0.9514085371335642,0.6395690662074646,4.006016045126777
73.0,87.0,True,0.5495702427818784,0.18844202796924867,0.965835420598116,-0.1174044081272644,5.734696732770543
73.0,88.0,True,0.5821950074322456,0.17730857310444767,0.887337202769427,-0.49110063609363264,6.716424075536544
73.0,89.0,True,0.5984987654056966,0.22472776371150616,1.0612982440023917,0.1324692307523604,6.899046063397422
73.0,90.0,True,0.591746333441304,0.23685172165331161,1.008689458116955,-0.05683252222734297,6.994747785210996
73.0,91.0,True,0.5474934331429019,0.2103722526161267,0.9727758794418332,0.0878863511582898,5.802642027946972
73.0,92.0,True,0.6293006879128299,0.21437258568123876,0.9950872337727308,-0.9248160427472162,8.581858930561198
73.0,93.0,True,0.5361484613880949,0.21455189102184075,1.1419467173359903,1.191154395249602,5.289729476576789
73.0,94.0,True,0.3775630627625447,0.17911573660759048,0.7169167508087418,0.2731158416169293,0.3677299982889781
73.0,95.0,True,0.07143986585649242,0.06880872135084538,0.3001760212394648,1.269797533649799,-9.511082515828685
73.0,96.0,False,,,,,
73.0,97.0,False,,,,,
73.0,98.0,False,,,,,
73.0,99.0,False,,,,,
73.0,100.0,False,,,,,
74.0,1.0,False,,,,,
74.0,2.0,False,,,,,
74.0,3.0,False,,,,,
74.0,4.0,False,,,,,
74.0,5.0,False,,,,,
74.0,6.0,False,,,,,
74.0,7.0,True,0.010554952802336896,0.02252113772985218,0.0766072596889329,2.0294621546366693,-11.271593661645882
74.0,8.0,True,0.4596251978553574,0.2572556111526702,1.0245660262838274,0.5827745295097801,3.380081525735723
74.0,9.0,True,0.4342482020934907,0.1780989095895965,0.7346171363185954,-0.5707097887390095,2.3462451943131573
74.0,10.0,True,0.6270512729818605,0.18945089485049682,0.9764060877400732,-0.3727737211442285,8.246948835971041
74.0,11.0,True,0.4253614774282924,0.19202123530521195,0.8238511048423369,0.007682566335757243,1.767359079651163
74.0,12.0,True,0.33688828611983035,0.18868436066488647,0.766461918723108,0.7592126738829044,-1.1518503639349729
74.0,13.0,True,0.3326812472505541,0.15393220885169018,0.9451572470429388,2.182017033121257,-1.743031558614319
74.0,14.0,True,0.43303026812234274,0.21204974186166098,0.7824586193447952,-0.15217264179110807,2.1353316983580735
74.0,15.0,True,0.43274440557026117,0.26781727076038364,0.9195096413372792,0.3092256918865398,2.2876096517882734
74.0,16.0,True,0.38056312839745754,0.22350429775268368,0.866181652897457,0.2061424234305953,0.8687283214285049
74.0,17.0,True,0.3068538025563086,0.17789711139407643,0.9316699841605972,1.1483032310089043,-2.452142108383584
74.0,18.0,True,0.45853643964743973,0.15546004677487063,0.73853597816747,-0.22929339251067268,2.547168138474275
74.0,19.0,True,0.33576186367911404,0.11917377321687231,0.5395030304979144,-0.11549657137937396,-0.9730213654703279
74.0,20.0,True,0.47388141541750683,0.1838911671074993,0.8568561990463903,0.13252106587987253,3.2818115007483106
74.0,21.0,True,0.41312414052424373,0.18815506425610865,0.7713181846683133,0.37185153738538446,1.5695991994222656
74.0,22.0,True,0.3777805765975044,0.1295760079710534,0.6960624588736035,0.44705754735857495,-0.10133705542712212
74.0,23.0,True,0.3317378445150571,0.09582575951215642,0.5609026053969749,0.4345032573107916,-1.1868433403793048
74.0,24.0,True,0.4229130277805141,0.1867600825482638,0.7645871021773175,-0.01557087583177959,1.3639797327614085
74.0,25.0,True,0.40143236920574643,0.17577529604642186,0.7528707640599303,0.19647949595424713,1.2372572033006786
74.0,26.0,True,0.2808745422851304,0.13323833563204224,0.5519838935085629,-0.25179075154438,-3.112469516095338
74.0,27.0,True,0.4750076943062173,0.17865696656346908,0.8552764595791297,-0.03078113421664527,2.9126741573419968
74.0,28.0,True,0.4151821336567688,0.1814757051727023,0.7349712342115183,-0.08468983312526765,1.0474569510722023
74.0,29.0,True,0.6069670091428043,0.22018806544587127,0.8800426036189266,-1.4391265306287586,8.095747311189955
74.0,30.0,True,0.5293925031442741,0.18878148171522988,0.9186809211679218,-0.09937834570918094,5.503981136391421
74.0,31.0,True,0.5070340399938237,0.28224506880081607,1.5,1.641970168540332,4.01104512959627
74.0,32.0,True,0.5005924954523515,0.23922482187942498,0.8177318228525383,-0.841419739097596,4.868041773253249
74.0,33.0,True,0.4670359409889814,0.29800016845155075,1.2679573706542058,0.30808371708832477,2.6985336374451574
74.0,34.0,True,0.4936798264584705,0.151890660313749,0.7575814810711228,-0.8713939143499079,4.3039531993751785
74.0,35.0,True,0.4369435378921216,0.16956507443465968,0.7074755055111809,0.01789603525634898,2.3652580811034345
74.0,36.0,True,0.46138744995605413,0.24243049916482676,1.061325575792868,-0.0072146526944533405,2.356289684323108
74.0,37.0,True,0.4292479371017552,0.1780356154464882,0.780080144532423,-0.22003493763263565,1.5181340805068964
74.0,38.0,True,0.49619159826898235,0.19861740706021652,0.9371375957430286,0.2196271610884907,4.4966562811874615
74.0,39.0,True,0.38684153822557127,0.17689784725986787,0.7087599134254007,-0.3043968665677079,0.8195376652873074
74.0,40.0,True,0.4972880058832607,0.15006616440435602,0.8199771071510555,-0.11429124603105102,4.11633762967412
74.0,41.0,True,0.3637061023522487,0.14252143825274907,0.640128851354292,-0.11716574419869981,0.04081500532407675
74.0,42.0,True,0.3265778157728136,0.18975903060221172,0.7193964564870394,0.21340224944579658,-1.2462862891408715
74.0,43.0,True,0.2851039001144318,0.11718602393669653,0.5514331908250636,0.16982289806577539,-2.463949207315025
74.0,44.0,True,0.40304409327287377,0.1831654881947043,0.7796717561246147,0.11337051583172356,1.5494119076698178
74.0,45.0,True,0.39937764570837614,0.15616753245125425,0.6842483032311238,-0.17831783029088558,1.3284886192480307
74.0,46.0,True,0.33885549851650665,0.23605113076838666,0.9097287272332948,0.8392885152209224,-0.6634238133455793
74.0,47.0,True,0.4315629356342828,0.1279466867228179,0.7682343751586,0.3371007518174359,1.8006216724598558
74.0,48.0,True,0.35818578577702215,0.16309326665089804,0.789162629690411,0.02773278087344428,-0.5800499682685548
74.0,49.0,True,0.46804595302075824,0.20390626426291492,0.8600825510002298,-0.3385604930382538,3.4262533611087282
74.0,50.0,True,0.30138465048318275,0.19783345842576464,0.6786203603291349,0.003919537152862331,-1.911563476641041
74.0,51.0,True,0.36682264781547635,0.18404279789530223,0.743038221766172,0.5068733016528756,0.12178375534952711
74.0,52.0,True,0.3022846259052392,0.19825970555380618,0.6094120635964574,0.3008475567873449,-1.6215991541162864
74.0,53.0,True,0.31692302704291264,0.1256870731578325,0.713638598534312,0.300376298380509,-1.8975142436764016
74.0,54.0,True,0.27116103794062374,0.12107445013828735,0.6989174214677838,1.0394551446609666,-3.413271770029458
74.0,55.0,True,0.28539771848122325,0.1918565926901421,0.7129585093288587,0.6518988965889222,-2.4103534642579705
74.0,56.0,True,0.34761737602774134,0.1582257257568992,0.7890505483145227,0.8240146807288428,-0.9352791365357981
74.0,57.0,True,0.380572431507278,0.18470732658909744,0.8032784394283083,0.547470012886892,0.530531065668999
74.0,58.0,True,0.329067216812099,0.15955501106339423,0.6948959000252202,0.5312294045971414,-0.940902361560702
74.0,59.0,True,0.32876085533637933,0.1141558843725873,0.5386948947580938,-0.11815068042978956,-0.9619152778410839
74.0,60.0,True,0.3344260495160279,0.13554287067550708,0.5995538489038976,0.10953960158904459,-0.8379853704020055
74.0,61.0,True,0.429910663787394,0.15698447248434882,0.6987306171540377,-0.32410957403155927,1.7636771888368188
74.0,62.0,True,0.33471260376283574,0.17387941055719172,0.7106813935897905,0.5369897298259086,-0.9075957247547178
74.0,63.0,True,0.41843622232041655,0.17066220255192754,0.8768540705692095,0.23598666791555706,1.2905033207003216
74.0,64.0,True,0.4533791407050642,0.15761073580339136,0.7625737032709339,-0.373952814461121,2.637024361693129
74.0,65.0,True,0.4883451348770014,0.12486229463228864,0.7546085253232266,-0.6082485124625914,3.710852881052166
74.0,66.0,True,0.42777647899666704,0.18216868722960708,0.98999094390896,0.4407958674060694,1.6267068069936463
74.0,67.0,True,0.4559252765622265,0.2318812574066351,1.254433513130465,1.1534831812583342,2.647013091889894
74.0,68.0,True,0.4419570609967107,0.1935409937796788,0.7956756255878367,0.1177961786476359,1.8292475614114598
74.0,69.0,True,0.3027054348652766,0.13511431114677894,0.5403190352619931,-0.14020758230456087,-2.077950232383933
74.0,70.0,True,0.5250184214729642,0.22575834712805778,1.0091028846256416,0.2300408569001695,4.549440672091724
74.0,71.0,True,0.49834857046564646,0.21584627145801863,0.9233194368043756,0.10380992728504952,4.364490093619144
74.0,72.0,True,0.43851413478455664,0.13320450864113387,0.6481490449951386,-1.1410547302510516,2.545640400324801
74.0,73.0,True,0.4026905435045426,0.20260844675983467,0.9657909648317792,0.34259781700850395,0.7438889304543332
74.0,74.0,True,0.4213790575039432,0.21741738909476027,0.8155134075130472,0.05729770269877756,1.1783506986526924
74.0,75.0,True,0.4246557958417295,0.12353386881043893,0.909627853317386,1.5575270863772932,1.6130717845108598
74.0,76.0,True,0.40468744763052017,0.17192867727315164,0.8097671147693083,0.03679210686727137,0.7977864226023759
74.0,77.0,True,0.274575043427765,0.0791476851286923,0.389358081925226,-0.3898304581778986,-2.8268870733054636
74.0,78.0,True,0.25314407532779504,0.15739316438418857,0.6160414560689431,0.7091193724054584,-3.4830507620150866
74.0,79.0,True,0.30228468646281126,0.13416848883275262,0.5621385388111798,0.02874981616893765,-1.7822197473427326
74.0,80.0,True,0.2644870779498067,0.14450821737130062,0.6322115520620905,1.0094021697365023,-3.6563579995447264
74.0,81.0,True,0.37341813312790206,0.21063319314897397,0.8066958431375734,-0.13491046806760942,0.2851953098632764
74.0,82.0,True,0.40208530596808467,0.21723879028399712,0.826276966090601,0.4036642131700766,1.0609620355711518
74.0,83.0,True,0.345747006677153,0.1929002758651342,0.7937319361741186,0.7479010760632039,-0.7845275040334914
74.0,84.0,True,0.29571515835429046,0.141456983010919,0.5894312322641235,0.523532982923771,-2.402944211898187
74.0,85.0,True,0.4460342205102211,0.15588381477041036,0.7509754475739419,0.1928343570949632,2.5272963669741433
74.0,86.0,True,0.3731846129234579,0.13059254524816696,0.6409071971302938,0.4038773183345794,-0.0921924212336952
74.0,87.0,True,0.41589259729178263,0.20127708061392394,0.9289285395165696,1.0498513661552356,1.5251259453575223
74.0,88.0,True,0.5445652495010755,0.25950995690899514,1.0397875391201097,-0.19135542921333404,5.648073920189213
74.0,89.0,True,0.5176809550676215,0.32377961292891594,1.1330418049907542,0.33995816384123717,4.4932277784855525
74.0,90.0,True,0.45973769080665916,0.1575586848228326,0.7136052091340682,0.06231840698221426,2.838081191125925
74.0,91.0,True,0.4501766855926901,0.21335884710982134,0.9874716783006792,0.35484008640088505,2.189509955130454
74.0,92.0,True,0.5491616208745103,0.17251737859986446,1.0983651607646712,0.999188712060303,5.1940684815989675
74.0,93.0,True,0.5149608059538329,0.2164070678215467,1.0350179464273046,0.5434509622224667,4.725939122736167
74.0,94.0,True,0.20181355562290748,0.13489998775208664,0.5719513598967438,0.39651778885824324,-5.549854590163288
74.0,95.0,False,,,,,
74.0,96.0,False,,,,,
74.0,97.0,False,,,,,
74.0,98.0,False,,,,,
74.0,99.0,False,,,,,
74.0,100.0,False,,,,,
75.0,1.0,False,,,,,
75.0,2.0,False,,,,,
75.0,3.0,False,,,,,
75.0,4.0,False,,,,,
75.0,5.0,False,,,,,
75.0,6.0,False,,,,,
75.0,7.0,False,,,,,
75.0,8.0,True,0.2096484041711208,0.14152352833684465,0.5455312904132067,0.43502745146992433,-5.367750055077275
75.0,9.0,True,0.3584251552922451,0.25423633058752254,0.9763960157348316,1.0816635063540236,-0.08678252409242461
75.0,10.0,True,0.3898148059453544,0.13494631487958106,0.628930984913883,-0.17830294406221203,0.630956917885394
75.0,11.0,True,0.5784136443735665,0.24531108051198744,1.076487828748928,0.3084128619876661,6.595736379169731
75.0,12.0,True,0.4332498580549755,0.17628408859647196,0.7667733477987803,-0.23509107540430452,1.7863153525952087
75.0,13.0,True,0.4072275049161901,0.213243032795255,0.7927156776792114,0.12998074805473478,1.3724580109642868
75.0,14.0,True,0.4874299036262583,0.23963989807537656,1.0091101957017912,-0.014932006875330821,3.363152687208042
75.0,15.0,True,0.3358163058017066,0.18489382709976698,0.6781431434718568,0.04748216500032597,-1.0036190514889716
75.0,16.0,True,0.5678457904002314,0.21489269095178865,1.0272639705729485,0.12829008412804588,6.272121670603667
75.0,17.0,True,0.36790121167954837,0.1451525891937196,0.6779627421970442,0.13420300721542722,-0.014304565727684099
75.0,18.0,True,0.40340546482278483,0.1460378362616328,0.9879375169816924,1.638460755825816,0.7567504871232544
75.0,19.0,True,0.3991870782524348,0.12542781843241915,0.5964774181624927,-0.6805458611643406,0.5807331877233208
75.0,20.0,True,0.3635965584003603,0.17866770903988413,0.7846649299168231,0.6978427835427411,0.01006526204790889
75.0,21.0,True,0.31257011150124203,0.16483004566388143,0.5489188123086516,-0.35739733737585905,-1.3665706544601048
75.0,22.0,True,0.37857780739044267,0.20932925154470233,0.6948927608228829,-0.012165857947533535,0.18736992714975506
75.0,23.0,True,0.5196020811353799,0.162707149065203,0.7457805554660573,-1.3888678518249151,5.149889718503089
75.0,24.0,True,0.4494082530948324,0.221247704209413,0.9733976242208406,0.4281314333254063,2.4980140980804593
75.0,25.0,True,0.430194614726953,0.2040769274505344,0.853130939687954,0.28422155700560764,2.3404329880042134
75.0,26.0,True,0.4274520186234163,0.18598355820686194,0.9353141602975183,0.041240499916930656,1.5410064650433513
75.0,27.0,True,0.5974284032914831,0.19165683185657656,0.8620240511425998,-0.8126430589927451,6.950043371626112
75.0,28.0,True,0.4962662014628326,0.18426781452758256,0.7476787376568014,-0.3536283157873634,3.731002829912052
75.0,29.0,True,0.43350352415053645,0.1889471851352439,0.8522033570605817,0.2735251142368832,1.8778244619510291
75.0,30.0,True,0.4926701906021139,0.1545283426698781,0.7653790698689189,-0.13107978489561287,3.8989452512830747
75.0,31.0,True,0.5355285407142394,0.2035053047461499,0.9398017841163,0.1266431128067052,5.4373472367420534
75.0,32.0,True,0.40128185898846824,0.23939725210893295,0.9785280063695616,0.9389267371934098,1.4118311202838212
75.0,33.0,True,0.47457162538148845,0.17016778107159838,0.9430743173332866,1.0888348956469724,3.2528706960984577
75.0,34.0,True,0.545673410468777,0.1610257552418896,0.8295338910635062,-0.11958085987730285,5.340596166707511
75.0,35.0,True,0.6057805400487707,0.2882672573630094,1.2365069897394665,0.9834616308906765,7.029858389076269
75.0,36.0,True,0.521708477130051,0.17579138307913186,0.8532844699178095,-0.23463526315565558,5.009154914628498
75.0,37.0,True,0.44267411021260566,0.12887637424633738,0.8096032941693344,0.7053915507083915,2.157037635263876
75.0,38.0,True,0.5352400655803029,0.13953429859206187,0.8162150127789121,-0.6872059141716867,5.31519922770105
75.0,39.0,True,0.5129286400494751,0.2174710853275539,0.9715473689575936,0.49135179332632817,4.660089392407064
75.0,40.0,True,0.4222472712982453,0.20945000877685074,1.0297696522405382,1.448208662290064,1.4734520194206608
75.0,41.0,True,0.42077651872320543,0.15918980772716396,0.6422895866412359,-1.0766406073330876,2.0778007573278137
75.0,42.0,True,0.48619084838121596,0.24269171948662524,0.940434340076912,0.22649972966984813,3.420563341324007
75.0,43.0,True,0.32527575099308736,0.1355992927132901,0.5686103932854782,-0.4578208467446701,-1.181079119862911
75.0,44.0,True,0.24076226523258787,0.13090627259851906,0.5225951191480804,0.7812936047310085,-3.9225791198774043
75.0,45.0,True,0.2803153842472581,0.16973674305165612,0.6392248876283171,0.6006613281870864,-2.604550413346333
75.0,46.0,True,0.3530182151058594,0.20077526739022708,0.8146035199301968,0.699910433681048,-0.3434345257159228
75.0,47.0,True,0.26589846668042677,0.08935116512511027,0.4884254978984967,0.19375606132127324,-3.377217325572496
75.0,48.0,True,0.23534300129316035,0.14661390592074525,0.5619045814342047,0.3438521637022528,-3.9602289610600687
75.0,49.0,True,0.32607169953987575,0.14872399004370412,0.6030256392459958,0.13569471021489016,-1.4188810933486258
75.0,50.0,True,0.3412747129937413,0.15144855978367203,0.706094892135505,0.29198315226933336,-1.0723725714881662
75.0,51.0,True,0.2712162612846646,0.13267779438498478,0.5715448242003702,0.615682357635921,-2.8339804481620305
75.0,52.0,True,0.3432571442236721,0.14725976130762586,0.6972559685748214,0.4724586388740959,-0.7059204625002296
75.0,53.0,True,0.2969592552966837,0.12420317750999148,0.5049794921702215,-0.30901623961519875,-2.4329272519405194
75.0,54.0,True,0.3375282881566813,0.22039953670348778,0.7550014608577786,0.5402896799612069,-0.8872830734727394
75.0,55.0,True,0.30889276047919517,0.14396122245956178,0.6529005256603655,0.6267892010669788,-1.8439225553923426
75.0,56.0,True,0.20655154934650208,0.09326677273459273,0.4149564115426083,-0.05848747224637356,-4.915172401781848
75.0,57.0,True,0.43640838116483716,0.1969596483133108,0.9093269077204484,0.20104814958283052,2.37027404054178
75.0,58.0,True,0.3648047324758162,0.16647298254714957,0.6626079981658267,0.10414996132481658,0.2879935991542922
75.0,59.0,True,0.29308749926276634,0.1261547706865372,0.5622582925943309,0.23923739555766435,-2.3035146944179465
75.0,60.0,True,0.4591181067976615,0.12921933179033057,0.6919855827446098,-0.1669301180163514,3.0497730228264506
75.0,61.0,True,0.38138489244503954,0.2318839136529925,0.833057153901323,0.3664773338633104,0.32368414924646455
75.0,62.0,True,0.5035612442715783,0.16769814209610243,0.7943540522383342,-0.2472707432816238,4.215724806390074
75.0,63.0,True,0.4653626655760582,0.17077115117933322,0.8867019342520668,0.423570008171422,3.363022151096837
75.0,64.0,True,0.33165093176211535,0.14381298537743203,0.5860499872246983,0.19515855010642216,-1.0235774788916725
75.0,65.0,True,0.5259672589610763,0.25379254350413183,1.0098891595552362,0.3490090407348416,5.216563054135972
75.0,66.0,True,0.49787894882268663,0.15902415906082729,0.8472840908846494,0.5385965785148528,4.3609704546595385
75.0,67.0,True,0.5414125422642398,0.20761530689567495,0.9697969566043284,0.2882699876927237,5.477590096405295
75.0,68.0,True,0.35499953060393075,0.17872662745485252,0.7412335886095347,0.3264846625658845,-0.32547757451453774
75.0,69.0,True,0.4290807599192279,0.13843356143051103,0.6989873440939406,-0.07215267017975628,1.8828853789185975
75.0,70.0,True,0.3493405654453966,0.15270007067268432,0.7881934264803563,0.8271653926330852,-0.7841706507513271
75.0,71.0,True,0.42117264756838185,0.30670358525413316,1.1292742783712653,0.942352540477117,1.834741677693707
75.0,72.0,True,0.3483130509042405,0.12529442233230847,0.5465422376000966,-0.7217394802943028,-0.7509193190438175
75.0,73.0,True,0.46266685400882424,0.2687567121000288,1.0730405356116568,0.6972596558007762,3.11132181519515
75.0,74.0,True,0.502862151917778,0.21150406523394386,0.8971370258310839,-0.27236646700570283,4.215652127310454
75.0,75.0,True,0.36760042927510195,0.2194740523602566,0.7001983053202098,0.037987491423551185,0.3299648509129827
75.0,76.0,True,0.2574907339302309,0.15623038726223298,0.6598591203203372,0.6977626371846495,-3.238301801221464
75.0,77.0,True,0.3111551791764683,0.13014103010222852,0.500821913066222,-0.46373945369362585,-1.7216584359584823
75.0,78.0,True,0.38437545490524416,0.1854859176040759,0.7600354477082786,-0.030276347318590906,0.6665780681986351
75.0,79.0,True,0.255932176804314,0.1306480987496332,0.5215393515505578,0.3843078513078138,-3.6051024913977425
75.0,80.0,True,0.2461729569775909,0.10749880581504524,0.4505254860140883,0.06512299915355872,-3.921928685258772
75.0,81.0,True,0.2666605292923056,0.15078956991895082,0.5711122550863696,0.28385069704132765,-3.064808176075596
75.0,82.0,True,0.41069576822039044,0.17390737737669162,0.7375507291887872,-0.14598345721155712,1.0978758079574318
75.0,83.0,True,0.34927493795571574,0.11732524841874256,0.5818298542198508,0.05040856968670308,-0.5607632300513012
75.0,84.0,True,0.5045334635396026,0.1908045310806581,0.8286348351526476,-0.2875076009681053,4.298234222132122
75.0,85.0,True,0.40067626598187017,0.1268128157194635,0.6449251489971355,0.23035529620876405,0.9758676877962316
75.0,86.0,True,0.5460231311893019,0.2506339512307906,1.2204945994453449,0.21854651289084764,5.674793028272135
75.0,87.0,True,0.43639316437811404,0.16684803613220112,0.7419867854299491,-0.37318204590133647,2.1218775878294696
75.0,88.0,True,0.4668785406639521,0.2197810015915579,0.8279965497101804,0.07204557487586409,2.8798326791747755
75.0,89.0,True,0.44591964837670317,0.13365084888038145,0.7321892937372969,0.6784234993244728,2.6218832735132995
75.0,90.0,True,0.4060686592041507,0.139101701236204,0.6258135953143205,-0.6065332995184712,1.3465064323528697
75.0,91.0,True,0.4858269153860557,0.23342642624746238,1.0421141538021306,0.3521468783239749,3.695973139418884
75.0,92.0,True,0.34365102694415073,0.23212674015836318,1.156968978657796,1.33647870370615,-1.5511492497876462
75.0,93.0,True,0.3631900878787942,0.19380087688027253,0.7931564171997,0.6809060283326804,-0.34735413066667586
75.0,94.0,False,,,,,
75.0,95.0,False,,,,,
75.0,96.0,False,,,,,
75.0,97.0,False,,,,,
75.0,98.0,False,,,,,
75.0,99.0,False,,,,,
75.0,100.0,False,,,,,
76.0,1.0,False,,,,,
76.0,2.0,False,,,,,
76.0,3.0,False,,,,,
76.0,4.0,False,,,,,
76.0,5.0,False,,,,,
76.0,6.0,False,,,,,
76.0,7.0,False,,,,,
76.0,8.0,True,0.007966279893331993,0.025487823503363694,0.1257534183161695,3.4733876846186775,-11.416417402496595
76.0,9.0,True,0.2925340513827323,0.10429432899660107,0.5124445728642064,-0.21970928327261705,-2.3515923467509676
76.0,10.0,True,0.4358192536460573,0.12539844845844067,0.6955817558353808,0.005665680950002112,2.2696210221709645
76.0,11.0,True,0.5122656616523283,0.1609715444697236,0.95344977335391,0.3982514071596535,4.157007860094894
76.0,12.0,True,0.5604677143721564,0.3100123400867323,1.29328925742755,0.599779123957936,6.389261103057497
76.0,13.0,True,0.3418270048781261,0.16396436441988177,0.5743522654883244,-0.4429409337366303,-0.7337056188874794
76.0,14.0,True,0.3532930826673985,0.16492707247639146,0.6243817296195521,0.18630584310400827,-0.5904596579046393
76.0,15.0,True,0.3152109538141167,0.1798884842449357,0.7317380540135819,0.3955737092902502,-1.8624851485382108
76.0,16.0,True,0.36796663819674685,0.11032862729823353,0.567027389269281,-0.49905560391405956,-0.025902956399602085
76.0,17.0,True,0.4205958616669387,0.13296741166640066,0.7272728930199466,0.5804228008094305,1.500139307760652
76.0,18.0,True,0.2954160110725919,0.13681924513795626,0.6626190834833681,0.9957599288361857,-2.100901850016407
76.0,19.0,True,0.35738281053411236,0.22835369841795367,0.8909860067675449,0.5370913034968163,-0.2870762819173464
76.0,20.0,True,0.2935529766347622,0.18396533318177025,0.6810743631217759,0.6256662807615991,-2.4554387156267867
76.0,21.0,True,0.3199487403882261,0.19399310722128327,0.6674001305088723,0.43997657957335057,-1.5196479583651241
76.0,22.0,True,0.27000829908531493,0.10477216846611584,0.4401097953379306,-0.193266291612733,-2.9915980482701356
76.0,23.0,True,0.26809904054185585,0.1391496035497885,0.5528940403099556,0.3044890512074374,-3.04473044906659
76.0,24.0,True,0.3192326027427684,0.09160014000115632,0.4941861290436199,-0.18382707090458333,-1.5990762513879608
76.0,25.0,True,0.41680058574201473,0.1769508676121422,0.8208754760756193,0.14501564690569138,1.4490084846101379
76.0,26.0,True,0.40283690664182825,0.12087940219146184,0.6121703759202479,-0.0831570958452667,0.991846784301557
76.0,27.0,True,0.4688834058378147,0.12264471390237736,0.7573037540933371,0.5101231652520019,3.1128829911325586
76.0,28.0,True,0.3587494982366581,0.18337893707265757,0.811765159460419,0.4451122054499478,-0.8975354860802518
76.0,29.0,True,0.4514722551098707,0.10109903401243953,0.7153814120115165,0.2881698319901841,2.3908133424467892
76.0,30.0,True,0.4671828223804411,0.1866604139272197,0.826491153174495,0.1580275287618408,2.975981732173481
76.0,31.0,True,0.5420043921142591,0.19742586283487634,0.951361356594402,0.4361945195580873,5.400983934085613
76.0,32.0,True,0.46564610664896283,0.2521411185606494,0.9228273956498744,-0.09760211804885197,3.5425964851091214
76.0,33.0,True,0.5081354225192457,0.19986375252414318,0.8594616042039696,-0.13001117927675013,4.55993046729298
76.0,34.0,True,0.396097882155138,0.1919846855763249,0.8144872460078245,0.7684550736927924,1.0666382873381166
76.0,35.0,True,0.48270872611812043,0.18799968359638955,0.8460692639320125,-0.11271636186281875,3.5754632276995153
76.0,36.0,True,0.549668514281315,0.17733552299421113,0.9219841625246136,-0.07773229423053767,5.552377584694297
76.0,37.0,True,0.5709236897201965,0.12999840326438097,0.928738510497808,0.6542230867478755,6.466675215253447
76.0,38.0,True,0.521050892714744,0.1449008962789153,0.738552461847117,-0.48563629978662043,4.611647702711501
76.0,39.0,True,0.43427633714753416,0.1757879842409,0.9662808233678484,0.7696233023993727,1.9792978662813085
76.0,40.0,True,0.5301349731621157,0.2125646698359163,1.1610469056957895,0.5943940122955815,4.959934331036706
76.0,41.0,True,0.47012360272397224,0.18155106484109423,1.0008914722894833,0.746609553792845,2.776997312574244
76.0,42.0,True,0.47542416529715736,0.17842189743777923,0.8523599416906348,0.6719016426779811,3.2193459342023623
76.0,43.0,True,0.42903039684041444,0.15508691050875015,0.6797081841943254,-0.5291650082410538,1.7842605386696957
76.0,44.0,True,0.4485094993784157,0.19300617216560237,0.7923534236915742,-0.2659065201366393,2.863614791305688
76.0,45.0,True,0.4039499110725868,0.30156070751072744,1.3944923660313056,0.8349506401805701,0.4120481707840221
76.0,46.0,True,0.3455437484155276,0.20781987924343204,0.7671477398831476,0.07688733414473034,-0.252529258300743
76.0,47.0,True,0.41019003590468,0.21022704649560692,0.8655718230864693,0.32525678479653997,1.7894359040651087
76.0,48.0,True,0.3248016644447308,0.11996200404763253,0.6442105095059015,0.20637736083322583,-1.6984798327904118
76.0,49.0,True,0.4096135101537047,0.20025410302896318,0.8327787795633247,0.1598953618690245,1.2034452913076314
76.0,50.0,True,0.2587300297486505,0.14199537123562106,0.7066668209752094,0.7119332178174639,-3.783981208722301
76.0,51.0,True,0.3832851025623338,0.2405019198119013,1.0383186662303243,0.783660542060002,0.35774947617328606
76.0,52.0,True,0.24456914067099653,0.07504307082778906,0.4207691467280952,0.16642749548002883,-3.871500164370448
76.0,53.0,True,0.30745498296756535,0.10692720834131789,0.490791032070631,-0.5599170449739155,-2.034203845776815
76.0,54.0,True,0.2742751302491604,0.1442784922008394,0.721767872539305,0.3188456106841376,-3.099516643934468
76.0,55.0,True,0.3601314533281209,0.22074652365611497,0.7042792232596078,-0.23950540812872295,-0.4311744876282527
76.0,56.0,True,0.3865534316839383,0.16261796216487404,0.718453730418699,0.10858556820832667,0.21854652655296763
76.0,57.0,True,0.3452808568399289,0.16201345793100783,0.76926371586423,0.5608472617977317,-1.0054514199889577
76.0,58.0,True,0.29799468284569613,0.16134397496965724,0.7274790592753834,0.9921860068131276,-2.205710343462589
76.0,59.0,True,0.48852524117555907,0.17221635671469623,0.8310790834245487,0.4410952939091976,3.697245534003189
76.0,60.0,True,0.5035375050812366,0.23205213320243387,1.5,2.5887456422401747,3.906159221215532
76.0,61.0,True,0.4189069567816948,0.216845318569399,0.9997436100646744,1.1513348017792064,1.6336567019622206
76.0,62.0,True,0.48200291591391625,0.160966505339204,0.7478100333434814,-0.5174523053243864,3.917439239654242
76.0,63.0,True,0.45278646753951335,0.16975075504703657,0.7605290294558898,-0.10945296653957375,2.411445072232509
76.0,64.0,True,0.40501813293439076,0.11327030305922595,0.6647394617442717,0.17186374206629687,1.1684044434506757
76.0,65.0,True,0.4895712783543511,0.21321978898497382,0.9248968158203892,-0.27187663035563864,4.1812568112924335
76.0,66.0,True,0.5421539123116491,0.1506641935399959,0.8906452187494296,0.5894707686612649,5.41656962989986
76.0,67.0,True,0.5211344103533712,0.24322402717978173,1.0966529565035386,0.38144065195245325,4.988221583755501
76.0,68.0,True,0.46048951405302785,0.13054354831128123,0.686848954892824,-0.15829736484080376,2.9985352124721385
76.0,69.0,True,0.4744359796541405,0.25283334692628173,1.1423576372236204,1.1553558716838226,3.6798679352078745
76.0,70.0,True,0.3493951228101554,0.10229971157936511,0.5051297197408475,-0.49783388012141855,-0.6762095402319376
76.0,71.0,True,0.3821834592248173,0.15113483346083773,0.787342178410344,1.2387781561977,0.34250775332676453
76.0,72.0,True,0.4604613282752498,0.2751433366835318,1.5,1.7504005693986315,2.5364778084219983
76.0,73.0,True,0.2869726499329252,0.09901557862600219,0.4360216529223071,-0.48058718920841254,-2.672493753513277
76.0,74.0,True,0.2739983124783161,0.12725079986308344,0.7649200401137591,1.8265975563425856,-3.224570533399299
76.0,75.0,True,0.4479487263644088,0.2426001501664841,0.8722619502644902,0.2485985858844785,2.3664456229761544
76.0,76.0,True,0.3733164583855138,0.1930269730766265,0.7759448850547795,0.29691862289201326,0.03085026674285242
76.0,77.0,True,0.329307756886568,0.14261130770377217,0.515140278467741,-0.7046394403268328,-1.0388217850787207
76.0,78.0,True,0.3201656769582919,0.12982319246808902,0.566084841693754,0.17647403846280657,-1.4931732317798858
76.0,79.0,True,0.28603904489273346,0.13379252190051277,0.5908190207196407,0.4599211414398537,-2.2842101839302877
76.0,80.0,True,0.392225349132616,0.17781142821974846,0.7983246793228745,0.231360131631193,1.0524255838087604
76.0,81.0,True,0.5099729179549264,0.23359852586099292,1.0573221981282586,0.7863356017672707,4.725102845260977
76.0,82.0,True,0.35552332302624157,0.101819529552908,0.4938584106443041,-0.801649065200639,-0.3317919981736107
76.0,83.0,True,0.4659912454485479,0.2134892143050164,0.8291329247198352,-0.31868687735706297,3.3401981370088025
76.0,84.0,True,0.40249700501373276,0.19092923949295065,0.8179003287703812,0.3724221905001891,1.1244183239125418
76.0,85.0,True,0.49140747718551586,0.28009749855995897,1.1877743563367509,1.1559704108880204,4.229934155106302
76.0,86.0,True,0.354055534175525,0.19056860964538214,0.7014732831791421,0.13132792574198393,-0.2554938652798913
76.0,87.0,True,0.46830554667137686,0.19216634469541474,0.8537045425235804,0.4303917173412742,2.908202803379642
76.0,88.0,True,0.465761233537002,0.2554688456588608,0.975851411532409,0.12525996038173826,3.5426734041740784
76.0,89.0,True,0.517394127296583,0.2338835275613972,1.0564163549794074,0.6711564987069204,4.387304229957177
76.0,90.0,True,0.42020002244679544,0.20783618849420663,0.9035085887467093,0.3528091234378026,2.087161545134535
76.0,91.0,True,0.41762387675476376,0.21297300216705098,0.9369120420149368,0.844922753564525,1.6391879102440676
76.0,92.0,True,0.588556152927357,0.16595222402325685,0.9134152351513458,0.10472247186560084,6.774704535449712
76.0,93.0,True,0.16613902798228253,0.10755559107375745,0.420187453736217,0.689164504421801,-6.327792856305913
76.0,94.0,False,,,,,
76.0,95.0,False,,,,,
76.0,96.0,False,,,,,
76.0,97.0,False,,,,,
76.0,98.0,False,,,,,
76.0,99.0,False,,,,,
76.0,100.0,False,,,,,
77.0,1.0,False,,,,,
77.0,2.0,False,,,,,
77.0,3.0,False,,,,,
77.0,4.0,False,,,,,
77.0,5.0,False,,,,,
77.0,6.0,False,,,,,
77.0,7.0,False,,,,,
77.0,8.0,False,,,,,
77.0,9.0,True,0.06081450787638012,0.07487224967197029,0.2149652357361796,0.8349509472803153,-9.630025874887195
77.0,10.0,True,0.5487130276336278,0.19081604602889235,0.8751669684826726,-0.21934596197970538,6.134690300805137
77.0,11.0,True,0.4694742394287143,0.28194089579658466,1.1346859350109624,0.7755659563428565,3.0244871577032866
77.0,12.0,True,0.5625979535989597,0.22366143318323708,0.97529632298306,0.15296020083071368,6.475670472046657
77.0,13.0,True,0.5005543350223052,0.30041637870868476,1.3510970341399215,0.7301117558672859,3.5404674730646177
77.0,14.0,True,0.45668980490866945,0.20131836132859585,0.8047535833795492,-0.0030180700017042677,2.7314014511909415
77.0,15.0,True,0.2453595030351768,0.11737134542448809,0.4518954565152752,-0.07392835599108462,-4.0538350740559155
77.0,16.0,True,0.35766927094104106,0.17284524608450544,0.7298014700439506,0.3345025802333187,-0.071973823677505
77.0,17.0,True,0.27918289892053605,0.12156499680582977,0.5054460268474776,-0.31743859898281573,-3.0780328624892026
77.0,18.0,True,0.3154930230434434,0.12859218022636595,0.5669099250215736,0.22876003065529954,-1.6735868767543973
77.0,19.0,True,0.2590947317245915,0.15249146485920242,0.5639762806207238,0.4112495653518355,-3.5584973835239007
77.0,20.0,True,0.4306946909635812,0.2131418007779071,0.8424220930112248,0.4676433441200544,2.068917301583546
77.0,21.0,True,0.41764308067166156,0.15875535520642764,0.7448883607913517,0.19248413189053154,1.5981225054483956
77.0,22.0,True,0.4473760528718035,0.15018936241381942,0.7775178692166423,0.37582655259319175,2.428972145858859
77.0,23.0,True,0.3405210175806004,0.20639473011851528,0.926083242961606,0.7292933821105135,-1.001843042453639
77.0,24.0,True,0.2535092458317287,0.15787287461991206,0.5591714724934496,0.12167603166226165,-3.3837532280307956
77.0,25.0,True,0.38549902102116523,0.19696001569845528,0.8776140005892005,0.8089707191689202,0.7894959311283161
77.0,26.0,True,0.49800379628948366,0.18170028393502827,0.7688860153589254,-0.7714771174016256,4.326372375026613
77.0,27.0,True,0.519860809782918,0.13678116834536827,0.7631657150547817,-0.20806803037911883,5.040202730928912
77.0,28.0,True,0.39453329561111944,0.19410986808482325,0.7513762870813933,0.1131684541023048,0.9156964813195962
77.0,29.0,True,0.41108390312235565,0.14288374080835403,0.677278423136691,0.1858574419827999,1.5420521085167482
77.0,30.0,True,0.41934131993736745,0.182893121932166,0.7789668903090332,0.16308767427967596,1.365467652303559
77.0,31.0,True,0.3851264574629491,0.22858492402952799,0.8088785413530885,0.2801173367234359,0.3885315312921081
77.0,32.0,True,0.5486178482967857,0.16183586674607955,0.8403427792023458,0.0895290495677266,5.972997231867136
77.0,33.0,True,0.5063611639892389,0.24588369608117192,0.9361180389495246,-0.06719605355126436,4.525611778001512
77.0,34.0,True,0.5602706644189548,0.2933141683037022,1.3009785490724906,0.9444434352447589,6.050394770960037
77.0,35.0,True,0.5364294189785304,0.26945466100037313,1.1551032040322444,0.7455899994096251,5.32487359012335
77.0,36.0,True,0.410685315485287,0.18734931701951127,0.8064261226743041,0.38644809320102275,1.4699109409707878
77.0,37.0,True,0.389008970351136,0.11340365302179567,0.5688152407323185,-0.7227447953416575,0.7161092286460491
77.0,38.0,True,0.44486754230989695,0.2343107956378499,1.068353908373654,1.1481881111306689,1.8466845651657424
77.0,39.0,True,0.49216561429928946,0.16626086427201067,0.73077068663285,-0.34703580331322553,4.111825998499376
77.0,40.0,True,0.5392473191588845,0.22147816032153672,0.9604194524732662,-0.04137060811756994,5.002827022827753
77.0,41.0,True,0.41284424270691467,0.18344852808217788,0.7628987038063558,0.09193580034444676,1.3901744474217366
77.0,42.0,True,0.39910828284725175,0.1806133260050742,0.8182463139722541,0.4260975620881679,0.47298807346293675
77.0,43.0,True,0.5153660284148047,0.2155397638643717,1.023548362158767,0.595521961984842,5.01869308210585
77.0,44.0,True,0.33663540807650183,0.13813239497604488,0.5648447947532363,-0.4384460168274233,-1.1030988507392183
77.0,45.0,True,0.3349271301553222,0.159644992408493,0.6601471156074841,0.45112602952873093,-1.3253455813802417
77.0,46.0,True,0.4189360164636209,0.19878217654947536,0.8635695890449685,0.1420286290984113,1.646255507887997
77.0,47.0,True,0.3842537419179371,0.14865945114271797,0.6048452881966516,-0.4883242222638831,0.6937015671965714
77.0,48.0,True,0.40837336710212313,0.19006131486578465,0.8282249139900503,0.38552196934508304,1.4359602710351163
77.0,49.0,True,0.36765817894256664,0.19975175986365473,0.6544432043914568,-0.19001208494182983,0.4163796562079694
77.0,50.0,True,0.34364932154126665,0.14105551825072887,0.5696486914830873,-0.20886559199244692,-0.5680594413216555
77.0,51.0,True,0.3282420505307074,0.10818211617779169,0.5942043540920893,0.5605967619226425,-1.2937986061128055
77.0,52.0,True,0.28275896027926634,0.1793814096000961,0.5926199909019058,0.07546852974754205,-2.4643674919769007
77.0,53.0,True,0.32631071628624325,0.0922682787148132,0.5056110766932195,-0.024966211862302013,-1.509249496868366
77.0,54.0,True,0.3602766064954673,0.13359137868436904,0.6520985906628333,-0.08939252803923065,-0.5182771429679615
77.0,55.0,True,0.3310996579500023,0.14782778880247,0.8119128580184438,0.9890692144801063,-1.4567871307866556
77.0,56.0,True,0.3534314687525196,0.18903056591071965,0.6710749544804413,-0.0806999918566932,-0.23453037808164112
77.0,57.0,True,0.39486158817377376,0.1951747847692136,0.7182314037971184,-0.30887994884097003,0.920632758547528
77.0,58.0,True,0.34613576337169444,0.10417931372243994,0.4799581092120083,-1.0113176877462835,-0.899674563741556
77.0,59.0,True,0.3695691961024612,0.1590244512094339,0.7094129272500211,0.06303822888393866,0.2614415716279863
77.0,60.0,True,0.4167874793076751,0.12898919131242215,0.6586541408573291,-0.06903440890550834,1.1885916281809032
77.0,61.0,True,0.36850725274654167,0.17877824830373057,0.7285377339422952,0.17747129858052504,-0.15792653576115062
77.0,62.0,True,0.38776847342705495,0.11837790604807338,0.5402641189118239,-1.5472352911901186,0.7162135997172928
77.0,63.0,True,0.5116890810257905,0.1422991347005925,0.7816113294115781,0.45601473486628835,4.649403307046538
77.0,64.0,True,0.41297600425815856,0.1093237992846788,0.6596942773804098,-0.14310240340914762,1.3011050522006178
77.0,65.0,True,0.44539041699966575,0.3145982045614079,1.228922586760114,0.7286534891248884,2.1419631776741594
77.0,66.0,True,0.38278700605997534,0.16772657208592315,0.7932288112664747,0.4922518995132733,0.06585034383758737
77.0,67.0,True,0.4047350679671679,0.19074593531225986,0.6458199948766647,-0.30157201026138564,1.03175213382171
77.0,68.0,True,0.4594140944722571,0.22962004386063964,0.96474835738148,0.56453347782833,2.7207468009528943
77.0,69.0,True,0.4509291634527831,0.1361925975059898,0.8165892404000576,0.8781762893747755,2.500846579027214
77.0,70.0,True,0.46218221656941477,0.19930493748527653,1.0693878302289517,0.6030729153426495,2.4557923780637907
77.0,71.0,True,0.5696287834030764,0.26412128608883295,1.0669276091588018,0.09159237988043878,6.252536909643717
77.0,72.0,True,0.38467320761891627,0.18507244731733175,0.8585818192852662,1.135331583413282,0.8092137276401639
77.0,73.0,True,0.37290442213330843,0.19463728455292803,0.826498312354548,0.19165479730501395,-0.1617124666212175
77.0,74.0,True,0.3411216862848513,0.13422928819065277,0.5310643370400961,-0.5328944171051411,-0.7008031479648313
77.0,75.0,True,0.28407834324909836,0.1653512209552956,0.6918590987682784,0.6597316036714974,-2.719178547467164
77.0,76.0,True,0.3160068192486473,0.17359625989641944,0.8446464179729535,1.8422239076116835,-1.4993450756282944
77.0,77.0,True,0.2875538696428452,0.08400109026912403,0.4799277681173043,0.032223010014811336,-2.4549249085187252
77.0,78.0,True,0.3169731660611234,0.1307775489536841,0.6452733123320452,0.6688104796271622,-1.8791744976512943
77.0,79.0,True,0.4694171907152707,0.17745650318819953,0.8156534243829688,0.22886118112710713,3.3512656613367717
77.0,80.0,True,0.4154336169259148,0.15235254790864508,0.7572787542143878,0.14011083828463158,1.3176671094291854
77.0,81.0,True,0.43648023014349036,0.180155079381592,0.7436311038586945,-0.4402589162280157,2.5800705957193335
77.0,82.0,True,0.44690560788808925,0.23658140063413846,0.9702627389973424,0.234648507254541,3.0500414644041625
77.0,83.0,True,0.6334880603673815,0.35619535101777117,1.2903447120246807,0.2972346047227266,8.937044050657914
77.0,84.0,True,0.4466031700598677,0.16391146140401847,0.7707414797823275,-0.23033451280840989,2.5676025627562877
77.0,85.0,True,0.5424428219307562,0.24089378018084415,0.9888501554605068,-0.30856504655200845,6.117997137468401
77.0,86.0,True,0.4795817669959689,0.1783688325674662,0.7882965518635272,0.09865500627843257,3.811490867953311
77.0,87.0,True,0.5346920439842803,0.23416400136361432,1.0555279233481605,-0.45922741428652164,4.857759319830791
77.0,88.0,True,0.6005814206354386,0.19956676916448915,0.9468868731661766,0.2522196897824799,7.268104262206669
77.0,89.0,True,0.3892703531232316,0.24190800377954672,0.7753884294390107,-0.20325637414626108,1.2386087294812222
77.0,90.0,True,0.4291730065778284,0.18781654843597306,0.7961712348801889,0.5050350001424979,1.9021283500905328
77.0,91.0,True,0.414629273284562,0.19913133021971632,0.7272121066652928,-0.2438793098750657,1.5722842643617814
77.0,92.0,True,0.24578493095791143,0.1556974352209856,0.5921688828451512,0.3411263028715035,-3.8398276682215937
77.0,93.0,False,,,,,
77.0,94.0,False,,,,,
77.0,95.0,False,,,,,
77.0,96.0,False,,,,,
77.0,97.0,False,,,,,
77.0,98.0,False,,,,,
77.0,99.0,False,,,,,
77.0,100.0,False,,,,,
78.0,1.0,False,,,,,
78.0,2.0,False,,,,,
78.0,3.0,False,,,,,
78.0,4.0,False,,,,,
78.0,5.0,False,,,,,
78.0,6.0,False,,,,,
78.0,7.0,False,,,,,
78.0,8.0,False,,,,,
78.0,9.0,False,,,,,
78.0,10.0,True,0.21524087592780694,0.07791556366887394,0.3848888497939514,0.23328746770498995,-5.010595802161675
78.0,11.0,True,0.3929250028728477,0.14396417064554007,0.6459184234608665,-0.4430657063567909,0.7176773838057151
78.0,12.0,True,0.475528157098996,0.1611218690861702,0.8005085424929419,0.18456504603432047,3.1419096336773684
78.0,13.0,True,0.49183732125036955,0.24212115651319369,0.8612270659749731,-0.3060734908513037,3.46884149477641
78.0,14.0,True,0.4270921453666411,0.12434092759327126,0.6879061291660074,0.23848577352192185,1.7623142297219638
78.0,15.0,True,0.42702985159044465,0.19597944525517125,0.7777226655224463,-0.4873722118054314,2.40102815691432
78.0,16.0,True,0.49244727898795543,0.14025644600218556,0.7110912654724945,-0.600173937486967,3.984690833068825
78.0,17.0,True,0.42714279482440254,0.16939443400778706,0.7565660764337244,0.2673281997552725,2.126334745428928
78.0,18.0,True,0.39111951393509903,0.20292792876695834,0.8240206981456105,0.12448921708494068,0.7462043162858769
78.0,19.0,True,0.2967997585919147,0.15234371793993765,0.534659597524432,-0.253377287942232,-2.5074616993049688
78.0,20.0,True,0.40223202632917593,0.14460336299535945,0.6951688686364399,-0.1600165216372728,1.1961770083838135
78.0,21.0,True,0.2971082649864738,0.13320209242129288,0.5573632904906385,0.3388518441998372,-2.5013773669827706
78.0,22.0,True,0.33915543363924777,0.18005706326792617,0.8144807735450709,0.8038327075675876,-1.2394251642744085
78.0,23.0,True,0.21364235902824755,0.12638382888747227,0.5110922035469758,1.0129190938351746,-4.814993104925816
78.0,24.0,True,0.362671975063731,0.15451504454520829,0.6385257032805801,0.005773769738812396,-0.1133560708485289
78.0,25.0,True,0.39441769539344357,0.16905564335622614,0.6778173417003301,-0.7207996103749438,1.003491901244014
78.0,26.0,True,0.41467050803506317,0.21145549577658276,0.9718685239800436,0.6812412122125517,1.3737171667981434
78.0,27.0,True,0.3993643501039277,0.17098430112292184,0.7093400144767127,-0.05024388102751347,1.0941965043557538
78.0,28.0,True,0.5408999284023205,0.20326152571112732,0.9301082415281352,0.27722187492423267,5.7027142958887955
78.0,29.0,True,0.5126988814804734,0.17036836840135944,0.7867280307072578,-0.8457937948315172,5.028573085320168
78.0,30.0,True,0.5108871189913267,0.14494313203989048,0.7652769356662493,0.06151727427105944,4.6986594207677514
78.0,31.0,True,0.42222036413090686,0.14498850353370232,0.8818695273261318,0.42573317698483387,1.3658800078466151
78.0,32.0,True,0.3542520682647873,0.21606639535828723,0.7310909229486966,-0.2542866668524688,0.05410285455871937
78.0,33.0,True,0.5794657286816601,0.1984000254020584,1.0618252724128967,-0.05466893229583602,6.537156712321014
78.0,34.0,True,0.3905017276707826,0.16934079761661427,0.6828729181177788,0.008025812514551027,0.5416064057815128
78.0,35.0,True,0.39803505139380113,0.1411166894396132,0.6464263979471169,-0.6179331134032238,1.3158138614623507
78.0,36.0,True,0.28747805607607413,0.15885035885043136,1.0071399069069091,2.670490534557033,-2.950262567835564
78.0,37.0,True,0.4727218583880174,0.12250814752672315,0.7670128494302099,0.50312268630646,3.4460757897982806
78.0,38.0,True,0.5482596611281509,0.21246824273181575,0.935733881744298,-0.3087151296523898,5.317194050670305
78.0,39.0,True,0.4109491751682027,0.16445065374217976,0.6268891387143561,-0.587484251459155,1.090880609438539
78.0,40.0,True,0.5715728198919846,0.31864480230485404,1.2434620515547847,0.7195502021394987,6.4024117380704135
78.0,41.0,True,0.5505677789718377,0.258104019900201,1.2109157679119795,0.9981774043765239,5.578441219963352
78.0,42.0,True,0.4268536588361097,0.14482392344794626,0.6324682487929905,-0.7317096311823599,2.064268961874122
78.0,43.0,True,0.4736293803921696,0.27782009730097307,1.1474056569452904,0.8899410493449458,3.5566062750839467
78.0,44.0,True,0.5011804431574365,0.1954555765268088,0.8540903864757904,-0.1580392169381676,4.39145076129681
78.0,45.0,True,0.37725713102482805,0.12662695307655478,0.5753330476450687,-0.09519173833694104,0.25664998562891245
78.0,46.0,True,0.3707629568115852,0.15818020239627467,0.7985166884068196,1.040944003001874,0.05144269001538991
78.0,47.0,True,0.3698464237209949,0.23485043599645444,0.9450164360206504,0.595853927088484,-0.012197839897563359
78.0,48.0,True,0.4864457452391025,0.17546187596636809,0.9381887383365948,0.6307597210295548,3.666162728672072
78.0,49.0,True,0.5181141606434642,0.24665624430148775,1.1920236733155474,1.139097723495894,4.685901840783562
78.0,50.0,True,0.2930201727877931,0.20512068531299998,0.8326961693054912,1.0217024161074004,-2.5857007646396504
78.0,51.0,True,0.497880221245949,0.1471021524820253,0.7935700962572158,-0.11496586569999168,4.238149021579144
78.0,52.0,True,0.34829547513849257,0.15286598282653574,0.6450410563369369,-0.13013522328131732,-0.5179321188556921
78.0,53.0,True,0.3214521557948222,0.18063521845380817,0.7248258605525252,0.3440728388700636,-1.1551099913663394
78.0,54.0,True,0.3372757850952739,0.10110652620307549,0.57611422157399,0.2637393788410236,-0.8756689449774196
78.0,55.0,True,0.39864247761219607,0.19704710972340095,0.7674186616833346,0.13820289127558946,1.0627533118339987
78.0,56.0,True,0.3036395244920523,0.17062656196240147,0.6842613389113558,0.5856984212200342,-2.1468091398744296
78.0,57.0,True,0.36654765380251453,0.2262829336983989,0.9340271232630402,0.9577566181755394,-0.22916249760239693
78.0,58.0,True,0.37609591179232316,0.18133358327010085,0.6785219140393022,-0.5443661880215899,0.06244653801602287
78.0,59.0,True,0.4347654390512534,0.17401541471991194,0.6959909326203385,-0.2779590966139914,2.3625883818737785
78.0,60.0,True,0.5604283572209315,0.2677930299655067,1.005918365799804,-0.03333672209430105,5.997351083308745
78.0,61.0,True,0.42469979052962614,0.17916755197714837,0.7159030357897284,-0.08841762819787923,1.8143755089973963
78.0,62.0,True,0.5100504399407028,0.24686343721130033,0.9756691040128784,0.04656398637290922,4.41996787228154
78.0,63.0,True,0.5359845034592228,0.234749240252298,1.0600930178821335,0.6528668646102819,5.207158554865901
78.0,64.0,True,0.48773026142715314,0.16272183110374733,0.8882695626937538,0.2871481398990345,4.146649704018627
78.0,65.0,True,0.4990485050965856,0.15006428920537238,0.8094855754612819,-0.02673484373041538,4.049450813353231
78.0,66.0,True,0.3431942866604831,0.18033529767948345,0.7400626665349839,0.3589379977672868,-0.7940292619216871
78.0,67.0,True,0.3323787153107584,0.17119199282294598,0.6917869744980598,0.18804864445751523,-1.0897749398235723
78.0,68.0,True,0.44744849579963064,0.23460986956312865,0.9551230877849154,0.3172326062665527,2.6097780356510545
78.0,69.0,True,0.2858152020971502,0.15403967248204886,0.5390858717714787,-0.10129669960730933,-2.4729838751424333
78.0,70.0,True,0.4958643553469206,0.20036157697412008,0.9335637392052736,-0.5357424545987952,3.874752479251544
78.0,71.0,True,0.3559743727407336,0.12159086054658018,0.5795857441550208,0.03233737602130452,-0.3274471260590814
78.0,72.0,True,0.4594284701061127,0.20647570045179892,0.8682791522308734,0.09229279176643079,3.4449144982335214
78.0,73.0,True,0.4314890582199751,0.19468949221468884,0.7817362537605106,0.01842846739499501,1.8626485717415198
78.0,74.0,True,0.24308125074702266,0.12302384179868546,0.4755871859781077,-0.015777226695650837,-4.08945590399103
78.0,75.0,True,0.4230904453325271,0.17654311068595036,0.7535256075135476,-0.5100738741759401,2.051048295118913
78.0,76.0,True,0.3191220126738684,0.19058724369258842,0.6371327353988885,-0.1708609281055271,-1.2034994126547345
78.0,77.0,True,0.3546946345569894,0.21710199468415464,0.9387988676952366,1.1116806321110784,-0.14206983164514425
78.0,78.0,True,0.40451151085667114,0.14253463293740212,0.6894883989797606,0.433212281974587,1.357517576653957
78.0,79.0,True,0.355923054310327,0.15261729235887272,0.5677109708884708,-0.4470215497974933,-0.35161769397753256
78.0,80.0,True,0.407868704097308,0.20844433667389717,0.8903537222619439,0.6006479824345096,1.2023046159014092
78.0,81.0,True,0.5521891499973816,0.19512989660417646,0.908638294365801,-0.30199945622249086,6.028758411506833
78.0,82.0,True,0.684892982042218,0.16950258510181515,0.9611934916513302,-0.733791611349166,9.792179047209787
78.0,83.0,True,0.6714306523785567,0.23823109954005742,0.9879250367465384,-0.6965037102129444,9.816766224158757
78.0,84.0,True,0.7325623708705709,0.3096485597355894,1.271251747809734,-0.35791924959719196,11.715318084074896
78.0,85.0,True,0.5892765461312895,0.15123075669040878,0.8965601324853953,0.21509281864787344,6.966183941690502
78.0,86.0,True,0.4180830049656019,0.19516092896674406,0.8022161834143278,-0.2783848778054048,2.01266293963683
78.0,87.0,True,0.39802014193729235,0.11353495957453237,0.5734552041541561,-0.36696778234325267,1.0344515392106237
78.0,88.0,True,0.5279373056694923,0.17088557361138434,0.890507091033204,0.5467205785386202,4.999211961069739
78.0,89.0,True,0.36820270142453054,0.23831137686061776,0.8694544465364207,0.6692835036663098,-0.03445622504772042
78.0,90.0,True,0.31070587679422923,0.19828840277767046,0.69540107574659,0.24449834478320323,-1.8487609976507402
78.0,91.0,True,0.3673475482814124,0.1504307276914014,0.6923852332906076,0.5111774358841694,0.020280952204921904
78.0,92.0,True,0.0879724594876514,0.08651129948398392,0.3014835504779459,1.0480188360993494,-8.744139394820182
78.0,93.0,False,,,,,
78.0,94.0,False,,,,,
78.0,95.0,False,,,,,
78.0,96.0,False,,,,,
78.0,97.0,False,,,,,
78.0,98.0,False,,,,,
78.0,99.0,False,,,,,
78.0,100.0,False,,,,,
79.0,1.0,False,,,,,
79.0,2.0,False,,,,,
79.0,3.0,False,,,,,
79.0,4.0,False,,,,,
79.0,5.0,False,,,,,
79.0,6.0,False,,,,,
79.0,7.0,False,,,,,
79.0,8.0,False,,,,,
79.0,9.0,False,,,,,
79.0,10.0,True,0.03647034736498208,0.041466944805358744,0.1294990657015558,0.9268602663333886,-10.408131310050026
79.0,11.0,True,0.3017527332792178,0.18233718538203506,0.748130473274988,0.6016824795483825,-2.1411058451177953
79.0,12.0,True,0.4081655870207632,0.20403184546846223,0.7627224891815281,-0.03122771007270668,0.7874915791851418
79.0,13.0,True,0.5021600983426557,0.1871687402254588,0.8178628290938355,-0.14320331004477335,4.502691474006026
79.0,14.0,True,0.5204034071184949,0.20486402907915655,0.8813609579879284,-0.24189541758488417,4.591605223954106
79.0,15.0,True,0.3981411337761244,0.1508998554769211,0.618026046783196,-0.9246988842063175,1.222735299223665
79.0,16.0,True,0.3259339278149558,0.15324581082285305,0.6909834728599074,0.36110306847970314,-1.5927233969224692
79.0,17.0,True,0.42662194241725815,0.20175307976683526,0.8124164842770607,-0.4419269418242384,2.304442310419631
79.0,18.0,True,0.43056819264387325,0.1677853032084324,0.7911710340414534,0.28220180341928497,1.8237879494337461
79.0,19.0,True,0.28180521723505564,0.19219675421532476,0.710701434545845,0.6392095144879582,-2.696612156751841
79.0,20.0,True,0.4097505150225113,0.16716716816777022,0.6864714872619376,-0.5571938205365145,1.4307909839146633
79.0,21.0,True,0.23534714927642839,0.11642468867019837,0.4316041240690035,-0.11154793268366539,-4.037043299826208
79.0,22.0,True,0.2951782317618535,0.16632944655392357,0.6376847108270594,0.5663529088305573,-1.9025142891345077
79.0,23.0,True,0.32244391550559454,0.25529893808196513,0.7793265911608637,0.7826515530118607,-1.3760897353023143
79.0,24.0,True,0.3361500538260089,0.13424183793819244,0.6734788703717586,0.5097842380428217,-1.1579012161633808
79.0,25.0,True,0.3139169495679132,0.1809682727393988,0.8996581258170466,1.2292043510165123,-2.2722469886786816
79.0,26.0,True,0.46332073635162063,0.23292466620941127,0.8195850034179774,-0.4669541972015364,3.449374247973503
79.0,27.0,True,0.4921784035585215,0.2567458891350756,0.9866421646539186,0.07516465826553713,4.407170128372495
79.0,28.0,True,0.4331221007357267,0.12685859666708738,0.6629237537525391,-0.46887631767829796,2.1307074904316625
79.0,29.0,True,0.48767617591097706,0.23202915286789905,1.287685617342905,0.6439389570931096,3.6555141660110166
79.0,30.0,True,0.5232702231861853,0.2678789998353251,0.9684887513887748,0.026009351022095048,4.992630571152316
79.0,31.0,True,0.49263960140336976,0.1979514171851935,1.0062699022311783,0.9273543724854147,3.649285012995762
79.0,32.0,True,0.34163508590705477,0.1492195239846054,0.7024775106143678,0.7429232042836301,-0.8115954099089026
79.0,33.0,True,0.49280641355874105,0.2773069450786619,1.2394125729136751,0.31471363351472376,3.9865630485088306
79.0,34.0,True,0.4636821957407697,0.19229504534507,0.8372044790297375,-0.16910228286169696,2.867767907272886
79.0,35.0,True,0.41919350974665776,0.16410595801593414,0.8243705887916323,0.7018379481118946,1.3831219548163305
79.0,36.0,True,0.41169152794923974,0.1327023020843174,0.6648384324265858,-0.00201337776343435,1.2914623392537123
79.0,37.0,True,0.5065299578366279,0.2602038393049059,0.8596250030437996,-0.027298442552849436,4.786961277596292
79.0,38.0,True,0.3297275456269388,0.09880357284142367,0.5031736423611157,-0.04238808478743014,-1.3964341126969158
79.0,39.0,True,0.52729890360959,0.1339531533181149,0.7845855326669755,-0.005123141272972425,5.157782016312808
79.0,40.0,True,0.5910951353651527,0.24538051331638774,1.1293632961393172,0.23372680049109307,7.6167986729477315
79.0,41.0,True,0.5836856734068032,0.2149480958434403,1.0012663625198748,0.1810606934040676,7.203764726535222
79.0,42.0,True,0.4181099525283767,0.16577092710473657,0.752754197808172,0.423185407844807,1.4715857917025632
79.0,43.0,True,0.39622335790773805,0.15232104880838446,0.6765966677044302,-0.20220698679213867,0.6495960756186946
79.0,44.0,True,0.4204149977099511,0.2247476871188211,1.0418493124770971,1.0940951276880264,1.886044314275067
79.0,45.0,True,0.44064794426793613,0.2043269060776691,0.8105943705190315,0.4482397917820976,2.3383567710523567
79.0,46.0,True,0.4113877262880228,0.09775947840096268,0.7239828225329965,1.388416018440704,1.2637016350864352
79.0,47.0,True,0.4795230943649368,0.2299747241507095,0.9702677315343146,0.5131559762204491,3.1898623669775104
79.0,48.0,True,0.4567793824237802,0.22513421303823905,0.850871837135674,-0.12057150298903098,3.095084239374036
79.0,49.0,True,0.34443801275950753,0.16731196841514986,0.6052142488087886,-0.4829234217489049,-0.529017151286223
79.0,50.0,True,0.3562102356255324,0.1534799922243562,0.8028617344103586,0.4119712547592558,-0.6155104774038457
79.0,51.0,True,0.3703644109556972,0.17752516973188248,0.6704204841881282,0.37807173963995355,0.1883768455174889
79.0,52.0,True,0.33329363763011516,0.1620691258849124,0.6808341218228203,0.47542601543087215,-0.9792909498478918
79.0,53.0,True,0.28045995182885036,0.11017888689940765,0.5326029578937334,0.15615491084877542,-2.5919095603658757
79.0,54.0,True,0.3364358733901232,0.18907052437325236,0.8061730641263093,0.7677184286609249,-1.289236412566779
79.0,55.0,True,0.317883752396043,0.22271651719565394,0.8154745814013877,0.863746690396117,-1.3250241658350708
79.0,56.0,True,0.2907827679395789,0.12940908455001582,0.5626510667755664,0.02540886066897187,-2.5691752587255996
79.0,57.0,True,0.3513150291066634,0.18712829876115164,0.6450934544973796,-0.2348393989830671,-0.2773542365350052
79.0,58.0,True,0.30060052393188164,0.13806806850681977,0.5459803667310612,0.14174184698830958,-2.334019282542203
79.0,59.0,True,0.327267193322768,0.16212676883243204,0.6567685272335155,0.42206903482966834,-1.468064999190561
79.0,60.0,True,0.43266331303903194,0.14932449264585118,0.6526106232154448,-0.6037640941192365,1.8515686841347063
79.0,61.0,True,0.4417731870432239,0.12204738739174933,0.7747396368227984,1.0098610391711267,1.9966677995345203
79.0,62.0,True,0.35450349149363686,0.11635455177911933,0.629320548232363,0.43925735514236325,-0.445326871414994
79.0,63.0,True,0.4004438356349983,0.2613788290790146,1.0122530885159935,0.82366038486918,0.5065900781233295
79.0,64.0,True,0.48156621094123053,0.20839664443682948,1.030365256844888,0.9754463610916777,3.1814643378227467
79.0,65.0,True,0.31518478706568803,0.15060158507971097,0.6198186454601223,0.26603661587297267,-1.979800472461864
79.0,66.0,True,0.25880183722131667,0.18267563005972004,0.5881256705258611,0.17401840851479639,-3.0794363978532058
79.0,67.0,True,0.23115299376357232,0.1692427603514266,0.6786585330696283,1.010373722907823,-4.1751295406737725
79.0,68.0,True,0.23522315878496283,0.13053954314715266,0.473749925322479,-0.2392524356040907,-4.14698603778374
79.0,69.0,True,0.3829886720122119,0.20575538292749004,1.0858877337548056,0.9822808942618798,0.18835769687589968
79.0,70.0,True,0.4016209567170378,0.19011229461686313,0.9100797041279538,0.8051735281371251,1.0243420602154365
79.0,71.0,True,0.3159369530359073,0.13480893355863205,0.6856923376682837,1.1389673129603872,-1.6904479066170355
79.0,72.0,True,0.38882356588144573,0.1833425797446917,0.804659513523133,0.3612230084109974,1.1292316002677345
79.0,73.0,True,0.33214817858944423,0.12608613372758035,0.7506131217519376,1.2066185196062285,-1.4419689704469165
79.0,74.0,True,0.4891989348189371,0.21168393157512655,0.806685838140289,-0.17895256116763184,4.211086050098512
79.0,75.0,True,0.32983030042254424,0.24967835278526485,0.934185799350449,0.9301077480676389,-0.6172177101308213
79.0,76.0,True,0.21571942593061222,0.14823698649658032,0.5826654439102921,0.3797001200005582,-4.879749260637987
79.0,77.0,True,0.4149664468613146,0.2314496747601976,1.0287769290350075,1.225467872269064,1.2963449299856036
79.0,78.0,True,0.3398465638551171,0.20522516744056965,0.8989273824649139,0.640088861038852,-1.4924655463491099
79.0,79.0,True,0.36408506375864236,0.2129048146651195,0.9352749546171444,1.1031701190630152,0.06046920939236493
79.0,80.0,True,0.3437431365083797,0.13615405673856792,0.6375357265902398,-0.028065050569612213,-0.5147944887742121
79.0,81.0,True,0.45191326812196064,0.2399831158014569,0.9039700135689988,0.15724231614758463,2.8536780448693335
79.0,82.0,True,0.699684496862613,0.36386750814452,1.5,0.6779769685594189,10.351261506508239
79.0,83.0,True,0.5998843498398594,0.26120879048903717,1.0997702350236096,-0.05443911339154431,7.653287029296828
79.0,84.0,True,0.6022283367888435,0.23746175923095206,1.1145740960502326,0.24788158257421916,7.726920680617842
79.0,85.0,True,0.4427106937394112,0.13360162252426655,0.7234880504464734,-0.2841341845669105,2.3017648416453147
79.0,86.0,True,0.4071934915511455,0.2509767495477152,1.0398444142551295,0.6936339992773407,1.7934869407106184
79.0,87.0,True,0.5587084270949936,0.18434420585468547,1.3517811991081197,2.766956425557298,5.313060763711628
79.0,88.0,True,0.4074519824565551,0.22364869852303046,0.8876802862995735,0.27787681890865373,1.1786877448822528
79.0,89.0,True,0.45789011457505047,0.18891783351038818,0.8457182635241667,-0.09738381901879378,2.871142409203094
79.0,90.0,True,0.3908767624739801,0.11199741480513056,0.5290425381968792,-0.8345413247065422,0.46429107492292593
79.0,91.0,True,0.2650147921332289,0.13146496936576857,0.4565567775739905,-0.5170985225320001,-2.9656287798197316
79.0,92.0,False,,,,,
79.0,93.0,False,,,,,
79.0,94.0,False,,,,,
79.0,95.0,False,,,,,
79.0,96.0,False,,,,,
79.0,97.0,False,,,,,
79.0,98.0,False,,,,,
79.0,99.0,False,,,,,
79.0,100.0,False,,,,,
80.0,1.0,False,,,,,
80.0,2.0,False,,,,,
80.0,3.0,False,,,,,
80.0,4.0,False,,,,,
80.0,5.0,False,,,,,
80.0,6.0,False,,,,,
80.0,7.0,False,,,,,
80.0,8.0,False,,,,,
80.0,9.0,False,,,,,
80.0,10.0,False,,,,,
80.0,11.0,True,0.09268094161756205,0.09199878042898761,0.3440786524684689,1.3139945641115398,-8.651678699016392
80.0,12.0,True,0.36002159386624,0.20275065172909468,0.8002708291774282,0.3805094614426847,-0.03179676007938159
80.0,13.0,True,0.38924922249728594,0.16220397443978185,0.6455585440878834,-0.22748820403692893,0.5639232720662244
80.0,14.0,True,0.45826916724901007,0.1658480442905077,0.7460037213287558,0.08278040032980089,2.5675400221319125
80.0,15.0,True,0.5608527724761547,0.18722625134887858,0.8463971915965304,-0.4811633067808239,5.885909847556136
80.0,16.0,True,0.3486042463294497,0.15607713092743686,0.6776539033481523,0.3614590292558943,-0.38094337824993013
80.0,17.0,True,0.4260008079502914,0.18655396962022747,0.8035770561565214,0.36137662772757156,1.8972527515969104
80.0,18.0,True,0.35982108992053913,0.1629112844358977,0.6204780412590153,-0.34151232823465494,0.05205585750358932
80.0,19.0,True,0.31300765159853544,0.15952379750970186,0.630288996665964,-0.015765074219883733,-1.8785967251736535
80.0,20.0,True,0.3754017972085914,0.22190590504211502,0.9458898568548988,0.9442970319082317,0.2736880401393874
80.0,21.0,True,0.25632551632047806,0.15158924872845525,0.5853998063327736,0.2025987740693463,-3.2473330974728745
80.0,22.0,True,0.3750744897958667,0.2145334106292013,0.6799772146841828,-0.18145359581957593,0.4757193244524598
80.0,23.0,True,0.23171390956255808,0.14452048390533448,0.5949550450155948,0.772228120574533,-4.214018764789708
80.0,24.0,True,0.3525722729692353,0.26940915702084944,1.3189594247943044,1.6944768916283426,-1.1101151794062554
80.0,25.0,True,0.34899277131118744,0.13882602386094162,0.6529000899377295,-0.16975448760624842,-0.7986764040048695
80.0,26.0,True,0.2742120616161866,0.12228391620398311,0.5113268205122391,0.08553124509250866,-2.857432634681665
80.0,27.0,True,0.47277187510945806,0.2045906993352773,0.8871105970252552,0.019542472613965373,3.1575869483115016
80.0,28.0,True,0.35051619085209196,0.18615174030986917,0.6680790939661313,0.06343174938216056,-0.5987613067943327
80.0,29.0,True,0.2951074243423232,0.11461542219501678,0.4940709106152106,-0.44412947278305526,-2.3707695237451616
80.0,30.0,True,0.37228851572581556,0.13505799269021362,0.6525507722424909,0.025948326771483027,0.1931392969519661
80.0,31.0,True,0.43280400937441765,0.13733823378936544,0.7432312701137024,0.12884125887757242,2.1025460381735694
80.0,32.0,True,0.5582626480869851,0.13084218334318096,0.8224191244162425,0.12925483620185063,5.725597479083725
80.0,33.0,True,0.5832152071691743,0.21780594514718168,0.9791881521033456,0.5023008261486198,6.487610787600304
80.0,34.0,True,0.43088434782585266,0.1922245879237733,0.9524889519232492,1.2208656200500057,2.144192946853693
80.0,35.0,True,0.4687194554741783,0.1946767814908579,0.8921458100427131,0.17587227124422272,2.9886122743116994
80.0,36.0,True,0.37944223863112964,0.24103101596463186,0.8697736678567151,0.4628137082502876,0.7139223023614869
80.0,37.0,True,0.40147682227596615,0.18049190365572737,0.7074525838005372,0.04138733083360559,0.988346405206247
80.0,38.0,True,0.4403051452656542,0.20590671065972188,0.8690183227712485,0.06278734194483321,2.4165185422012754
80.0,39.0,True,0.49821972364777384,0.15188115753687123,0.931171180785469,0.844096000449882,4.286894268605329
80.0,40.0,True,0.4549867195013676,0.14039796683972516,0.7336368950174976,0.24531170330315508,2.8921300961752707
80.0,41.0,True,0.46016651650621543,0.18633265079301226,0.8273920732210203,0.21233357186613452,2.83790874567939
80.0,42.0,True,0.47436228211445836,0.2186028989684623,0.905463862322561,0.059199588776721594,3.1145451385969545
80.0,43.0,True,0.5668622418576956,0.20535717077627041,0.9350624116321996,-0.19128859780926735,6.3835059350589
80.0,44.0,True,0.38907647862235384,0.17058053834728046,0.7707067923943344,0.5348168572573608,0.4594576819692472
80.0,45.0,True,0.4773367094754527,0.23716829002729428,0.9337838740268832,0.33136249010101704,3.449037981797723
80.0,46.0,True,0.44045317283554875,0.14700413988240357,0.6887293883367984,-0.26127420419324227,2.399970270370774
80.0,47.0,True,0.492094092938659,0.1298265420023979,0.712378694989664,-0.3404624086072954,3.9482462593080534
80.0,48.0,True,0.3946096941154528,0.1587344338712265,0.6525582619511682,-0.0536117568273181,0.9545797484790753
80.0,49.0,True,0.4024239820904729,0.1717310753115816,0.6786479423830394,-0.17090391420657752,1.3565704734356385
80.0,50.0,True,0.35627539162457406,0.19926126707020397,0.7578895411398021,-0.06979716398153665,-0.36008853079513037
80.0,51.0,True,0.46649769975147704,0.17588523555837185,0.7907236352416186,-0.397443601460253,3.253066250512608
80.0,52.0,True,0.3855363727454267,0.1559015686733582,0.7173425716321408,0.5420989676870247,0.4875677226687166
80.0,53.0,True,0.38060461801021955,0.17941880312576197,0.7297603658123518,-0.18912240654090987,0.7923533273796535
80.0,54.0,True,0.25841998615008427,0.1650036219290012,0.6624729542579102,0.8339816778514786,-3.605453914916373
80.0,55.0,True,0.4806829030918585,0.2198208850711314,0.8241005943713005,-0.4267881170264351,3.6171906454497944
80.0,56.0,True,0.32913271513639697,0.17404283734335135,0.685712667871567,0.5413772487991685,-1.5427896288279352
80.0,57.0,True,0.3862946075409799,0.1310587444816929,0.6096718538473256,-0.8964004023774536,0.9412796670114327
80.0,58.0,True,0.4045115818108241,0.1852332128159534,0.7519762765478193,-0.18180613425387127,1.135713956702452
80.0,59.0,True,0.32914033387281494,0.2158809219458643,0.8405351887694501,0.796532085003579,-0.8849847163663653
80.0,60.0,True,0.33550097207450014,0.20812432423584987,0.7780132951681208,0.6791948381230126,-0.9887749816921587
80.0,61.0,True,0.38386776825688673,0.18517289753347652,0.6966594528890799,-0.14132682059105947,0.7842037541578988
80.0,62.0,True,0.4091215284999072,0.15621968772318684,0.7331909143534884,0.08057695453337566,0.9980667738273842
80.0,63.0,True,0.34002392402984444,0.10844488533568594,0.6823538633076595,1.6308980284828891,-0.8736324402431606
80.0,64.0,True,0.30495907780889575,0.127721659927237,0.5230810673085069,-0.023965547463748946,-2.2078555159566493
80.0,65.0,True,0.3983958187521054,0.21378098054613093,0.8252847517103196,0.2045825940898222,1.1876171940981044
80.0,66.0,True,0.3448885881337145,0.19484557528946808,0.8281150909704782,0.618490973049037,-0.7639853031675368
80.0,67.0,True,0.41925976767504874,0.14775822942726827,0.6491008458250459,-0.14968768989664735,1.3959346877269208
80.0,68.0,True,0.27810447948548056,0.1905210385003122,0.8261022016054279,0.8137549873165756,-3.124767208486188
80.0,69.0,True,0.29608963791163156,0.15014063736128178,0.5624883050094933,0.06456471478368893,-2.443941972469802
80.0,70.0,True,0.2745869243316147,0.15202491995686981,0.568099211515105,-0.22091857108368004,-2.8516578799454075
80.0,71.0,True,0.33839643799462366,0.18546571697692726,0.9788007753223598,1.6163587178390906,-1.0470804091715138
80.0,72.0,True,0.4176761500964628,0.2027482201464225,0.9229267779575958,0.7887741251670048,1.5022379714786145
80.0,73.0,True,0.31194777011170993,0.08098806789801791,0.4269190237123154,-0.4417831645757891,-1.8526588897965421
80.0,74.0,True,0.265829825989877,0.13050410100717366,0.7303942833765265,0.9969412677987157,-3.411381116381647
80.0,75.0,True,0.34593928413590896,0.14712225533636497,0.6068733234635985,-0.2879173310764703,-0.45443054762642127
80.0,76.0,True,0.2723293443217535,0.17386965886503425,0.6062459682451095,0.5426787539219045,-3.0365209221914498
80.0,77.0,True,0.40680728094992435,0.15827413006839758,0.8770765919671113,0.5951041739845113,1.0213209408710653
80.0,78.0,True,0.3601596602782544,0.22716721034070975,0.8135104099286329,0.21843006986661065,-0.586329107327349
80.0,79.0,True,0.36171951183911216,0.1734432501593099,0.6445704372661846,-0.1449299001354953,0.09902078495938196
80.0,80.0,True,0.2999282224928024,0.1771744670835849,0.718917798654325,0.5354132131640401,-1.6992939972934809
80.0,81.0,True,0.7001243325385742,0.2957935006150313,1.1666323985332545,0.20590181052895304,10.958553763274356
80.0,82.0,True,0.610242101890711,0.18775933379539994,1.000813094528254,0.0319089231715005,7.5978384722513574
80.0,83.0,True,0.5787863764402555,0.30054721539409784,1.5,0.8664392117888345,6.322357164395812
80.0,84.0,True,0.6117761067744243,0.23884048391961046,1.055173470512175,-0.532328273328554,8.061459499533308
80.0,85.0,True,0.4692690139440158,0.16876383783882812,0.7840367881876347,0.3065803533642474,3.27299062232155
80.0,86.0,True,0.4164287056099495,0.24420623089518534,1.076296331595414,1.2562061630409722,1.3997991510620222
80.0,87.0,True,0.2877229537990181,0.19387499355243673,0.6642662459622627,0.5131975324641767,-2.7152199729157815
80.0,88.0,True,0.428446612859919,0.24826166254739573,0.9973893895491228,0.7133921907386298,2.2457715452131377
80.0,89.0,True,0.3744721718729236,0.17092420092595487,0.7216706340984156,0.34296023487345906,0.2738268382507932
80.0,90.0,True,0.280526992248554,0.15570849617162608,0.6818803945832649,0.43800831049507355,-2.818887974178889
80.0,91.0,False,,,,,
80.0,92.0,False,,,,,
80.0,93.0,False,,,,,
80.0,94.0,False,,,,,
80.0,95.0,False,,,,,
80.0,96.0,False,,,,,
80.0,97.0,False,,,,,
80.0,98.0,False,,,,,
80.0,99.0,False,,,,,
80.0,100.0,False,,,,,
81.0,1.0,False,,,,,
81.0,2.0,False,,,,,
81.0,3.0,False,,,,,
81.0,4.0,False,,,,,
81.0,5.0,False,,,,,
81.0,6.0,False,,,,,
81.0,7.0,False,,,,,
81.0,8.0,False,,,,,
81.0,9.0,False,,,,,
81.0,10.0,False,,,,,
81.0,11.0,False,,,,,
81.0,12.0,True,0.1912506493786746,0.10023160984809282,0.3347270894614947,-0.5801363773992061,-5.326214652217335
81.0,13.0,True,0.4213922350828256,0.19682588092959802,0.7002048435289753,-0.15276052734877762,1.7941473827883199
81.0,14.0,True,0.39696184165395404,0.1882741360498395,0.7495969700237014,-0.17140803274361796,1.2975363003952936
81.0,15.0,True,0.37782586301368515,0.17273036488561955,0.729102158175398,-0.007553121011382796,0.3961821555471877
81.0,16.0,True,0.36488475195795983,0.13778143493316247,0.5962154028100645,-0.11550225593775221,-0.3993042978634547
81.0,17.0,True,0.4139424809907369,0.20817728943118763,0.9273025725862624,0.28685926927149474,0.9349435491810525
81.0,18.0,True,0.27264963722546887,0.16582218201604443,0.6054083034272582,1.023575502832871,-3.424661998295278
81.0,19.0,True,0.28652069498876526,0.14162445181142777,0.5458584986773092,0.39755163796130655,-2.6631035968171264
81.0,20.0,True,0.28264075640140035,0.16044703563695709,0.6029927735544245,0.37684616699030454,-2.450392982662274
81.0,21.0,True,0.37507311859240094,0.18261900806043477,0.7482982460497287,-0.0572232175658522,0.2506127613368278
81.0,22.0,True,0.38287143430237774,0.17141839528631445,0.676091198324034,-0.3102173244696796,0.3239316281594218
81.0,23.0,True,0.40280865903006235,0.13252257303207732,0.759926311711801,1.109470048830272,1.1233620050847422
81.0,24.0,True,0.4229953129325178,0.2013725236949745,0.761916774326512,-0.160628407856936,1.5759687639060975
81.0,25.0,True,0.341861354615011,0.17893308162631724,0.6651571931556398,0.022298712022304275,-0.8249116365747822
81.0,26.0,True,0.4821615733005785,0.22321641975073497,0.965155163777821,0.02596429551359818,4.095452099247212
81.0,27.0,True,0.3341990090603542,0.12957923642629543,0.5699258017931552,0.17350922132958607,-0.9347508705628096
81.0,28.0,True,0.4568570271703328,0.16599993933105817,0.7186087973511347,-0.8174833965278381,2.6742942472494398
81.0,29.0,True,0.3804750815509155,0.17446740493367976,0.7475196441742105,0.32486274401527926,0.7022200194028639
81.0,30.0,True,0.3906864289005794,0.10136404862213276,0.5785151554656169,-0.07824005534159775,0.6650353042578774
81.0,31.0,True,0.3958864464730131,0.21172368159783933,0.7396052011708618,-0.11715289127750687,1.0448505810928677
81.0,32.0,True,0.4142377837431027,0.15960581338984803,0.9944461805784306,1.398438080136457,1.1462855118334494
81.0,33.0,True,0.5057054092695329,0.18539405541367582,1.1026068355581973,1.0655332756451112,4.041923064236619
81.0,34.0,True,0.4101248365584165,0.16140723194851764,0.861505491147028,0.9955919029261835,1.3514215829945095
81.0,35.0,True,0.5146214372971295,0.17775042650838713,0.8735038552879363,0.12013501814924994,4.251259329644534
81.0,36.0,True,0.44066557584750354,0.14246091983611522,0.7581567210278976,0.011057341928397238,2.4570939268101397
81.0,37.0,True,0.4095653929931092,0.1583939258434265,0.7105666845877922,-0.2947903310208993,1.2797175421032083
81.0,38.0,True,0.4930233496216573,0.21837052998379855,1.273133910271885,1.6047217068239354,3.1546825861961114
81.0,39.0,True,0.5235082488175639,0.13744415666630005,0.8218051911359474,0.21378864550308863,4.804159468080112
81.0,40.0,True,0.41120970969739573,0.1329009558458512,0.7810893308529578,1.3078500163689293,1.4928414407880584
81.0,41.0,True,0.3968229792914042,0.2111671034695358,0.7257647965946051,-0.11350735776681685,1.3436281477812722
81.0,42.0,True,0.5466392717569106,0.20681201058269044,1.0978446976236604,1.3440649180840403,5.784853883372674
81.0,43.0,True,0.5394230614997917,0.19550370564940597,0.943290075316112,0.7660134248281305,5.350754891348109
81.0,44.0,True,0.4612749527299127,0.18203437973804196,0.8629977733434063,0.5392017482294321,2.961201247909353
81.0,45.0,True,0.42823401218376245,0.2074567624774475,0.7807188257713499,0.0947482313599588,1.9950008793017249
81.0,46.0,True,0.5832066770223582,0.2409800416570692,1.133740123718879,0.5343267717838173,7.069647957559981
81.0,47.0,True,0.4360804422728903,0.15994095618766854,0.7360361712927971,0.0033386493133374853,2.261270487877221
81.0,48.0,True,0.3781462486055638,0.25382399098542696,1.012779612710805,0.926877519175793,0.5666396116082367
81.0,49.0,True,0.35843672239473906,0.16597180145378268,0.7059555254592917,0.1433555074002956,-0.5634070908507106
81.0,50.0,True,0.3351164644258066,0.1487699966313011,0.6232232242433858,0.18506058501401265,-1.2186543626301345
81.0,51.0,True,0.385817117290538,0.11185944014586172,0.6479608776009397,0.6452267739425356,0.6176335053807258
81.0,52.0,True,0.4405010316126641,0.23454550698689505,0.91510859364457,0.3410606193793411,2.502447559709239
81.0,53.0,True,0.3850759607914094,0.2195230165915116,0.8408683541838259,0.4843895052787734,0.3313117287222784
81.0,54.0,True,0.4185447289358279,0.208161877410111,0.7228658296404445,-0.5899098062621086,1.55927029536492
81.0,55.0,True,0.4082659675244117,0.20437138279516615,0.9131875581452656,0.968195347825793,1.2740556423782725
81.0,56.0,True,0.36052928218072994,0.16174796794917215,0.7310819391398156,0.3196394603728838,-0.17176360300066887
81.0,57.0,True,0.24295398795788245,0.11411513627432358,0.4782644959857011,0.018167898294524445,-4.1161519031163385
81.0,58.0,True,0.4152862589504552,0.16993778979397176,0.8756222590098164,0.5397071571669909,1.255827784807075
81.0,59.0,True,0.3812808462566711,0.21813994537052991,0.7924701955921188,0.4818783662780582,0.5710600807933859
81.0,60.0,True,0.24529113801789862,0.13303947331064447,0.4802594438259553,-0.22013467820073834,-4.016175829463881
81.0,61.0,True,0.4046052406042262,0.21936572951897804,0.7251044979658742,-0.22152613123463177,1.3686721162961966
81.0,62.0,True,0.33053499783031864,0.17065758136612896,0.7530590737572219,0.4968012146161093,-1.2947239190416506
81.0,63.0,True,0.3433277527268115,0.2066369121913642,0.8574236188215536,0.9770892500081947,-0.7735494219637264
81.0,64.0,True,0.3515574879596175,0.1944158031584604,0.6902247476364153,0.2625899617043408,-0.6782768845768623
81.0,65.0,True,0.25343482433284215,0.1809070879537262,0.919096956253084,1.7138704507130125,-3.846210569502105
81.0,66.0,True,0.3871828793071987,0.15807437938167734,0.7380999664395137,0.3688884530111965,0.6950420050339555
81.0,67.0,True,0.328782617101281,0.1372693975129672,0.5495350390702141,-0.28408616359895544,-1.3535890143821139
81.0,68.0,True,0.34174243229143714,0.14500470682751765,0.6926912842218913,0.21332587727316982,-0.7176681091135794
81.0,69.0,True,0.2570327306478368,0.13763313511167277,0.5186251610818973,-0.052526320656255426,-3.2868577256576987
81.0,70.0,True,0.29101787009154567,0.16670634308466403,0.7450461721489854,0.5022011567890762,-2.603114455783392
81.0,71.0,True,0.3637184721385646,0.19735849996191412,0.7263697058958353,0.19476388645512718,0.27038727281851993
81.0,72.0,True,0.3481432485762421,0.11499683934552825,0.5859521272546522,-0.3674304641737641,-0.5441798391996182
81.0,73.0,True,0.4128584383915305,0.15321960146123753,0.7374709697583282,0.42435376797640817,1.2366538062482038
81.0,74.0,True,0.30383097993901015,0.11662874219212617,0.5543097705528387,0.30376259652013277,-1.8334369166657944
81.0,75.0,True,0.33813943379879613,0.2087798703590951,0.6968698878830535,0.04017640912268089,-0.8268603548523992
81.0,76.0,True,0.36091910262687765,0.17962816046472413,0.6782212238155696,-0.1129034322691831,0.13128409977239797
81.0,77.0,True,0.3113165915723455,0.16889211573412322,0.5835240383468916,0.15211402977693225,-1.7600705636577598
81.0,78.0,True,0.39043860144538045,0.1868929048405457,0.7824034714372577,0.3454377061812232,0.5644884872119011
81.0,79.0,True,0.2731783982296211,0.28109792417353197,0.889398232368633,0.9956660442551809,-3.1699041744581646
81.0,80.0,True,0.5998881111090725,0.19002619811613503,0.9086453600440884,-0.08936352694842942,7.421861276446071
81.0,81.0,True,0.44556627710914026,0.23669719224199082,1.1166384684064372,0.5356048425475708,2.2062342037150438
81.0,82.0,True,0.489666113766351,0.15426403895864765,0.7208764173247175,-0.7288985473752725,4.132094256797889
81.0,83.0,True,0.454365722979242,0.2341403284657338,0.8675293627054373,-0.017357023490909507,3.136827835525146
81.0,84.0,True,0.5305119763396972,0.1623354785034184,0.8412242619191681,-0.3201587394162009,5.272574762218404
81.0,85.0,True,0.36746509705258634,0.14809438515100404,0.6630175503766277,-0.011081421443561876,-0.1609464162578617
81.0,86.0,True,0.39093831846802124,0.1739226982649409,1.0340551918143843,1.2317370841842172,0.33860036314309183
81.0,87.0,True,0.35811755063712186,0.17536407104176038,0.7663794952760996,0.31931443111157953,-0.03468419901155822
81.0,88.0,True,0.5087043786195097,0.23145033154181593,0.8650578331874628,0.20227687504433337,4.529791533497369
81.0,89.0,True,0.4494312947960739,0.1862888605692409,0.8512006595114945,0.1919087087191785,2.704291448326922
81.0,90.0,True,0.015474917953313789,0.028398453625629684,0.0980072002569182,1.8896301995971228,-11.106903588609848
81.0,91.0,False,,,,,
81.0,92.0,False,,,,,
81.0,93.0,False,,,,,
81.0,94.0,False,,,,,
81.0,95.0,False,,,,,
81.0,96.0,False,,,,,
81.0,97.0,False,,,,,
81.0,98.0,False,,,,,
81.0,99.0,False,,,,,
81.0,100.0,False,,,,,
82.0,1.0,False,,,,,
82.0,2.0,False,,,,,
82.0,3.0,False,,,,,
82.0,4.0,False,,,,,
82.0,5.0,False,,,,,
82.0,6.0,False,,,,,
82.0,7.0,False,,,,,
82.0,8.0,False,,,,,
82.0,9.0,False,,,,,
82.0,10.0,False,,,,,
82.0,11.0,False,,,,,
82.0,12.0,False,,,,,
82.0,13.0,True,0.21870739778884052,0.1429804993860875,0.5786319841368026,0.883007040695219,-4.525098203880263
82.0,14.0,True,0.4137910018166214,0.18084251546691463,0.8899688426105494,0.8668689048922599,1.354260381609123
82.0,15.0,True,0.30996775761205086,0.17455236668865048,1.0515715315341547,2.170533335917201,-2.1888601880581584
82.0,16.0,True,0.42163863118046624,0.21566112505584611,0.9398926828861882,0.5874519579796896,1.2036760614993578
82.0,17.0,True,0.3301156925451771,0.13522884090007048,0.5927735836682988,-0.2698242697973631,-0.9768020991211823
82.0,18.0,True,0.33930908722975645,0.18492973875218083,0.7433134211824087,0.24003149056805115,-1.1349444606914076
82.0,19.0,True,0.36834740249678954,0.1283704062210571,0.5988029222424404,-0.05171164969540596,-0.04123398308804509
82.0,20.0,True,0.35506306919510827,0.1269924172390034,0.6400026375751975,0.02882146880324925,-0.2103715929752455
82.0,21.0,True,0.4021049266640703,0.21540911830364112,0.7987163489890198,0.13896679769922268,1.4765482226743736
82.0,22.0,True,0.3653941990377824,0.196036356298265,0.857956933609767,0.39309527395879895,0.20062201456588452
82.0,23.0,True,0.4414026171270217,0.2535801481907895,1.055044038056564,0.7054266003817256,2.817558830584755
82.0,24.0,True,0.4475702458845911,0.18243442046358307,0.818787769277009,0.6122273820166744,2.7113386299292754
82.0,25.0,True,0.44533567898116205,0.15416193025593533,0.7475715284665329,0.258839175956911,2.552798766003431
82.0,26.0,True,0.4541333872365554,0.24757210811766392,1.0466449315823754,0.8975143701502447,2.6932247174394965
82.0,27.0,True,0.32557105785856344,0.2026418286607098,0.8729301727414437,0.56103038859339,-1.6032925227316288
82.0,28.0,True,0.42493297176315314,0.17235052411199,0.8154838007195635,0.7120580235768819,2.1300745676882165
82.0,29.0,True,0.4414484352559478,0.2098280339984587,0.8751278303266103,0.2513749181924145,2.582799676350838
82.0,30.0,True,0.32095858708672487,0.14694700872668662,0.6280277481462296,0.31944401795411875,-1.3221671410476856
82.0,31.0,True,0.33771799142728076,0.2185568727824672,0.7602827105586937,0.2987885395779729,-0.5973120222722319
82.0,32.0,True,0.4274141595967337,0.2068613754835112,0.9041247314160497,0.8186336463164966,2.1392136789325242
82.0,33.0,True,0.5427127427573,0.21010478705715763,0.9105721939559396,0.0035767767621316983,5.949394734411168
82.0,34.0,True,0.41015975599558513,0.16793560277403924,0.778742399827427,0.2811308351263425,1.5510877773940046
82.0,35.0,True,0.496969670208278,0.10316745320682755,0.6487867653084158,-0.38774012833442095,4.153682680201014
82.0,36.0,True,0.4416870675126444,0.19777270324291676,0.9971025845585824,0.9827219526984565,2.167096878172728
82.0,37.0,True,0.5385613173453715,0.20688665144431478,0.9170821383883344,0.19560247361933242,5.499809349683824
82.0,38.0,True,0.4330202788396612,0.18158332028986315,0.9349866257888186,0.3757394720577051,1.5060257361545122
82.0,39.0,True,0.4082030045118367,0.1650839536800973,1.0183863529350845,1.3582894233181289,0.8363397060739605
82.0,40.0,True,0.45162145666906384,0.17911529128208434,0.8275002520379662,0.023110274952414658,2.8312064642525234
82.0,41.0,True,0.47314370778893733,0.14404103025611523,0.7500973624961259,0.4508496036205281,3.1617028268546
82.0,42.0,True,0.46829707663685566,0.19939130668670155,0.751344988632588,-0.5837783754388483,3.2884770993544477
82.0,43.0,True,0.37656169952141927,0.14629750333338248,0.6600370840574862,-0.07603849990251685,0.5709821099126727
82.0,44.0,True,0.49592167828109907,0.2026074625794978,0.962972523162235,0.9716855782249817,3.4356406346816692
82.0,45.0,True,0.2728818466815205,0.15870528729884206,0.5739568392836634,0.033277359600919376,-2.950155503577147
82.0,46.0,True,0.4546629305266788,0.1652335336232447,0.7810527778099656,0.13662923774665095,2.6365633679771454
82.0,47.0,True,0.4245763124305718,0.19011975585215443,0.8607645045166806,0.2722404121032916,1.5093811791382485
82.0,48.0,True,0.4956145629437556,0.19710626225652791,0.8495910844738038,-0.4187035179715406,4.236527593031617
82.0,49.0,True,0.5092090184804905,0.20384039579866986,0.8877949283847217,-0.3399570128679679,4.621881388559444
82.0,50.0,True,0.4417546057822433,0.22532281021336345,1.1818018581660463,1.2815004082250214,1.6877302146739226
82.0,51.0,True,0.4152833100253504,0.24025945084767789,0.8246979218273053,0.40724632554978485,1.7999833731505652
82.0,52.0,True,0.4547974798511439,0.09792313146936882,0.6118846491652816,-0.7177242877299954,2.8227050545742776
82.0,53.0,True,0.36294844047277575,0.19978781652848676,0.9169667855988548,1.1754289211110458,-0.3215173633603131
82.0,54.0,True,0.3443334346668538,0.11160682954410366,0.5741829847406189,-0.12009047499402131,-0.939081290764657
82.0,55.0,True,0.33532175778880946,0.20310835568075888,0.802402236276013,0.2618007088189939,-0.6678315582316977
82.0,56.0,True,0.2793083211442746,0.10976567067248338,0.7132630589190433,1.641827617899513,-3.0450452433539437
82.0,57.0,True,0.3176276852203361,0.18855245143136565,0.9124783925334344,0.9000767408350923,-1.8422956764774034
82.0,58.0,True,0.30819937655536744,0.1553902921631042,0.7316886339225522,1.1198190855159897,-1.9906878096882479
82.0,59.0,True,0.23224168602076403,0.12578085363698513,0.4960745973073914,0.0929696331557594,-4.309458117572491
82.0,60.0,True,0.5617878255464487,0.2572964281233202,1.2962770515103323,1.4187774182421962,6.164875782492104
82.0,61.0,True,0.4491346252638998,0.17860904482091214,0.8482963727023947,-0.45740849498470204,2.4169769627944966
82.0,62.0,True,0.34371549121645356,0.15405176439737822,0.584741353055331,0.07116324974945691,-0.5321094965479642
82.0,63.0,True,0.3154719174143446,0.2095868620186488,0.9060545106320052,1.473036271408273,-1.386629929654907
82.0,64.0,True,0.3448746094814608,0.1737535649628479,0.7387697483008018,0.6179267322543756,-0.5746239897166686
82.0,65.0,True,0.4259586791839283,0.11898230053254147,0.7014193367395796,-0.3932403843244903,1.6108555875392279
82.0,66.0,True,0.37942357399162235,0.1520512912049773,0.6373786698998498,-0.6291791314344645,0.16223269230023554
82.0,67.0,True,0.33283048262245657,0.1857866247293849,0.7915843398495076,0.7056664814604909,-1.2045485371875528
82.0,68.0,True,0.2926645851318865,0.1059817251101402,0.468584537185722,-0.1630765546565358,-2.3423927915167737
82.0,69.0,True,0.3465066826520064,0.13616231384647792,0.6197240090675444,0.07305849148036743,-0.7993848179959835
82.0,70.0,True,0.27679512259741174,0.19744885201634335,0.6585228539411098,0.36071405888078667,-2.733987106417092
82.0,71.0,True,0.45562830687789835,0.13206436713252145,0.6379539015604001,-1.60340973003496,2.5971650297291062
82.0,72.0,True,0.2823701795607089,0.12455591808514573,0.5002163963109251,-0.2721772203689739,-2.8341540421373788
82.0,73.0,True,0.3345377404983759,0.19688649551032666,0.7543562568273682,0.5707629359266073,-0.7614300053643771
82.0,74.0,True,0.3038298786149664,0.13606381737450002,0.5944367874701761,-0.18002539295760706,-1.863615427266963
82.0,75.0,True,0.23469713125456884,0.10522951302832552,0.5581232081764889,1.0025365510067121,-4.580633289268672
82.0,76.0,True,0.30596303044220285,0.12512216042760121,0.6648406057011382,0.6072009030213869,-2.3237279035103056
82.0,77.0,True,0.26276167920646587,0.16262211916985972,0.5927315144717554,0.5610503302279207,-3.3668378293242767
82.0,78.0,True,0.2880513680102974,0.1459881253926501,0.5722520498528545,-0.03721080300541829,-2.2482722157299895
82.0,79.0,True,0.3962048340207245,0.23327482142627395,0.9325540071182592,0.33753817896242,0.7373398664381556
82.0,80.0,True,0.40603777020037773,0.13997461734927838,0.6511892478788242,0.0931419853154044,1.3229479741738004
82.0,81.0,True,0.4504894918083293,0.2260673421091069,0.9091759193942216,0.21925792067908215,2.833215995493134
82.0,82.0,True,0.3571825037995432,0.22210560694056014,0.7511289081554509,0.13236393375241381,-0.13332007957625122
82.0,83.0,True,0.43163574553975,0.21929000824810582,0.7164481837253049,-0.6539939370530269,2.107517728693275
82.0,84.0,True,0.37200447013522975,0.16516523191176183,0.6542500219549842,-0.2028752379008054,0.167903162951175
82.0,85.0,True,0.5174767138599848,0.19715872351236458,0.8643469307128351,-0.11761543564250022,5.20266634581664
82.0,86.0,True,0.4070554637282009,0.161362364865415,0.711251736237312,0.09379169092168253,1.109187007733
82.0,87.0,True,0.30903455974486654,0.11891100013542517,0.5640160347738813,0.024634494208761033,-2.0674021531474187
82.0,88.0,True,0.3009911764703222,0.14210708827783364,0.651732208924083,0.678806731950724,-1.8983092188468436
82.0,89.0,True,0.10367162768578794,0.04866211446827613,0.1812982982774836,-0.22172105920708454,-8.252981172151395
82.0,90.0,False,,,,,
82.0,91.0,False,,,,,
82.0,92.0,False,,,,,
82.0,93.0,False,,,,,
82.0,94.0,False,,,,,
82.0,95.0,False,,,,,
82.0,96.0,False,,,,,
82.0,97.0,False,,,,,
82.0,98.0,False,,,,,
82.0,99.0,False,,,,,
82.0,100.0,False,,,,,
83.0,1.0,False,,,,,
83.0,2.0,False,,,,,
83.0,3.0,False,,,,,
83.0,4.0,False,,,,,
83.0,5.0,False,,,,,
83.0,6.0,False,,,,,
83.0,7.0,False,,,,,
83.0,8.0,False,,,,,
83.0,9.0,False,,,,,
83.0,10.0,False,,,,,
83.0,11.0,False,,,,,
83.0,12.0,False,,,,,
83.0,13.0,False,,,,,
83.0,14.0,True,0.30038756428895064,0.19932222478819828,0.8755290135593107,1.6585889111537806,-2.1385345221312884
83.0,15.0,True,0.40147908645827457,0.20148841460286365,0.812585158817652,0.06249103233596984,1.5102990600243236
83.0,16.0,True,0.3449284618447257,0.12876727980384797,0.6417347172118066,-0.5388147205309051,-0.8166126926815445
83.0,17.0,True,0.33318919678741615,0.12820387114521323,0.5955855245427701,0.3128449744323429,-1.0176968376816928
83.0,18.0,True,0.4203133180336397,0.23752387742005984,0.8936551831125022,0.3727175746046015,1.8616966530852643
83.0,19.0,True,0.4107027057648127,0.22081342590481878,0.9449678459161986,0.992337241226814,1.1727252785860778
83.0,20.0,True,0.3931972807095445,0.13718747650715368,0.7146399854667317,-0.4240664902318252,1.0796900943346444
83.0,21.0,True,0.3740341339769914,0.2309265374885334,0.8407400537029056,0.24450285424694027,0.10236734538293427
83.0,22.0,True,0.4091929225038824,0.24249855153786093,0.8590058243648268,0.047650011473006744,1.6129989437795427
83.0,23.0,True,0.5395707288409417,0.19825083655140396,0.968899471600271,-0.03543891999468769,5.810923538936387
83.0,24.0,True,0.4197142047758124,0.19381041536463534,0.921837325752743,0.4583617829047084,1.0770723230189443
83.0,25.0,True,0.3094460972754434,0.15392610758356468,0.5668380627711821,-0.1759372693723813,-1.9283881776921665
83.0,26.0,True,0.3085819970118657,0.117125573053431,0.5755019474301462,-0.06699663002687334,-1.7161522125589237
83.0,27.0,True,0.36793456839232497,0.18389042001848252,0.8932020916518071,0.4526272871109189,-0.3568415370001995
83.0,28.0,True,0.44943215883523546,0.1319047686684113,0.7057891707940084,0.07832423355322034,2.5893508561446965
83.0,29.0,True,0.396635445659209,0.20485269241299114,0.8981119471296547,0.9207275265706559,1.1617360645554653
83.0,30.0,True,0.3020916683564876,0.16741051950882122,0.6479182728885604,0.5258584014158162,-2.334268953794001
83.0,31.0,True,0.3901670196697928,0.1783442829162228,0.8274260141732548,0.8390095570775508,0.8877413147030302
83.0,32.0,True,0.4030759759256125,0.17739512840130642,0.6950723970739474,-0.0282866774069905,0.9492860430795032
83.0,33.0,True,0.4031392636859721,0.18980297882522387,0.7548949496878279,-0.29965788553102723,1.6312985792329053
83.0,34.0,True,0.35853592102103077,0.19037438626157943,0.9168987509092432,0.8771593910286266,-0.7449059609652413
83.0,35.0,True,0.2492534672755373,0.09404946503468722,0.4678848694293707,0.4857181568940919,-3.905108078000329
83.0,36.0,True,0.44116836413179983,0.20193842586481922,1.1757398068334552,1.3803497793331878,2.174726905396558
83.0,37.0,True,0.4187743504686152,0.2053653751749169,0.8635081004490773,-0.07458806604104032,1.6210278183028972
83.0,38.0,True,0.30804352666363133,0.18437271463356417,0.7462253183632355,0.41020463414709296,-1.6521982435335312
83.0,39.0,True,0.41398889028780106,0.15724341197264532,0.7446540141809066,0.22916486532603678,1.394137521654328
83.0,40.0,True,0.4768772389624975,0.19290153249484732,1.08917705330939,0.813231472893912,3.130784899392385
83.0,41.0,True,0.521309066821336,0.2633164278148949,0.9579393912165042,-0.20100194763991097,5.498093020379683
83.0,42.0,True,0.31664777015034734,0.15017326846397835,0.6781122164641105,0.1978982713957437,-1.8982335230786025
83.0,43.0,True,0.39257228470519595,0.20139579746343897,0.7604017715926623,0.15546888202571071,1.2711188424492477
83.0,44.0,True,0.5313547829800331,0.23557489935739542,1.1442661633138311,0.31984982976095855,4.672174539967996
83.0,45.0,True,0.33102189994048076,0.15200778935394255,0.6586099229836756,0.37825470507849845,-0.9679613239346381
83.0,46.0,True,0.5771540943319016,0.2528168553348927,1.3253504116430794,0.8517209770010007,6.256382522900742
83.0,47.0,True,0.4824115052091967,0.2277855021937785,0.8115033348070417,-0.507450934609568,3.660570700772066
83.0,48.0,True,0.41064951393501886,0.32192670498027304,1.2300176098192934,1.1246105966583688,1.886393249691363
83.0,49.0,True,0.35800416871265295,0.18863538831174598,0.7924595403913602,0.5526472090413953,-0.21395835246499811
83.0,50.0,True,0.5136094806813254,0.28851138711938623,1.0789465147910848,0.28942398727787005,4.187724304890097
83.0,51.0,True,0.4403784514982384,0.2481213669065361,1.0533766896305148,0.8145388637531421,2.6770218492217186
83.0,52.0,True,0.33593682346299075,0.13313797507880795,0.5415821097318071,-0.34979527193007726,-0.8964690121178527
83.0,53.0,True,0.3546059823984819,0.11294813151161437,0.5235669964738044,-0.1877990057144097,-0.35166937025672484
83.0,54.0,True,0.3372420004204066,0.22116470558861145,0.795375445253344,0.14837935841465721,-0.9212754671345859
83.0,55.0,True,0.3842296477076476,0.17903225736561948,0.6429086717397325,0.07142679697271628,0.5233890478048945
83.0,56.0,True,0.4530683838305093,0.22683408307008118,1.049054032132433,0.8045604033362935,2.6373392849311363
83.0,57.0,True,0.35437166970588424,0.13457436682428195,0.8117173399308671,1.2950329280804942,-0.7279614056403512
83.0,58.0,True,0.29392713474723975,0.17781452132698566,0.6917465657430077,0.48994397602720113,-2.2287835241681844
83.0,59.0,True,0.36267892999028034,0.23030036327761716,0.9317200581893884,0.6909595478234474,-0.2423450406179638
83.0,60.0,True,0.34823985969976085,0.14725547123710134,0.6333185516738105,0.12585782626052192,-0.45256355567464285
83.0,61.0,True,0.2750165790388517,0.2034181996202228,0.8294105822214565,1.3911220916078153,-2.856995201577035
83.0,62.0,True,0.2362639188463895,0.12263021604134178,0.5722419909830407,0.8218620749552086,-4.129928505741348
83.0,63.0,True,0.3004316850116184,0.1596412342674952,0.5446968117065889,-0.5561131405312758,-1.7679918098456067
83.0,64.0,True,0.3252237879764367,0.1482851850358771,0.6343239498272574,0.03964363611328608,-1.5524896202894292
83.0,65.0,True,0.35683320887923387,0.1633172410967051,0.6038439051132384,-0.12442247103851234,-0.22460465303346838
83.0,66.0,True,0.41862256576641216,0.18562883518286563,0.7379010599066681,0.13198013436802697,1.4802077242257883
83.0,67.0,True,0.34386974556669914,0.13151908444573898,0.5830670484395237,-0.05013297143436948,-0.7801881735487011
83.0,68.0,True,0.3796971138707329,0.14038146300749896,0.5875965390828397,-0.7093137742663269,0.09953221523608277
83.0,69.0,True,0.2674436165397976,0.11095363000518427,0.4245683380164934,-0.2891023358329679,-3.272836655093558
83.0,70.0,True,0.2629869578851237,0.11940107207982531,0.5333061856082059,0.15565569791925046,-3.4936216563078157
83.0,71.0,True,0.34817914497204844,0.09389897750882621,0.578499188188808,0.18556756455662612,-0.7027635262792148
83.0,72.0,True,0.24926650374925255,0.09139739611769715,0.4705554470158437,0.8631527527797365,-3.677659723946702
83.0,73.0,True,0.2713701974546195,0.12939719288139853,0.540062846718976,-0.017740471877613923,-2.9185694032488625
83.0,74.0,True,0.2943656588189461,0.13207984423015032,0.5149717926180658,-0.401192119322298,-2.4118776452821313
83.0,75.0,True,0.31678154356368565,0.16069356307460697,0.5519289028467644,-0.6205767359957358,-1.1623929771692605
83.0,76.0,True,0.26162966570149376,0.13173977997913433,0.7658763278615172,1.1393341428267099,-3.5857488602748466
83.0,77.0,True,0.3054134670027326,0.18275257416663934,0.6744623092603721,0.42331909741842083,-1.7525509871976865
83.0,78.0,True,0.23196080439024477,0.1504819872920219,0.669179383455791,0.25859150277361165,-4.4680390178866505
83.0,79.0,True,0.39335738978533963,0.27479372603567354,0.9107468086741736,0.7414305197995265,0.9360998412261341
83.0,80.0,True,0.22177251534220216,0.10299751755688612,0.4098899608275047,-0.4013633549029663,-4.601521605076435
83.0,81.0,True,0.3773793009653618,0.15610276491152447,0.7006691628976023,-0.05709604812313712,0.12994852148039193
83.0,82.0,True,0.38482511232071676,0.2089475170826478,0.9495934585057684,0.5149765009876285,0.3927988778904235
83.0,83.0,True,0.4245164906447576,0.25101747213141173,0.904465707988772,0.2112377525913293,1.382548710795775
83.0,84.0,True,0.38607223396799983,0.17385103811667074,0.7430934089656662,0.5939103197825644,0.3220587474104486
83.0,85.0,True,0.49026777435122537,0.21285851898039784,0.8710235940636081,0.3298860957716204,3.4565862763468695
83.0,86.0,True,0.41074142991008383,0.24470249886404796,0.8135794494174692,0.25803368297448565,1.5922961373465863
83.0,87.0,True,0.33890009654901304,0.10091074706147736,0.6848003241015954,1.2560394889431143,-1.1363795763143372
83.0,88.0,True,0.14672456207270287,0.10099230966978963,0.3296812589346276,0.21270591671189312,-6.984803036312861
83.0,89.0,False,,,,,
83.0,90.0,False,,,,,
83.0,91.0,False,,,,,
83.0,92.0,False,,,,,
83.0,93.0,False,,,,,
83.0,94.0,False,,,,,
83.0,95.0,False,,,,,
83.0,96.0,False,,,,,
83.0,97.0,False,,,,,
83.0,98.0,False,,,,,
83.0,99.0,False,,,,,
83.0,100.0,False,,,,,
84.0,1.0,False,,,,,
84.0,2.0,False,,,,,
84.0,3.0,False,,,,,
84.0,4.0,False,,,,,
84.0,5.0,False,,,,,
84.0,6.0,False,,,,,
84.0,7.0,False,,,,,
84.0,8.0,False,,,,,
84.0,9.0,False,,,,,
84.0,10.0,False,,,,,
84.0,11.0,False,,,,,
84.0,12.0,False,,,,,
84.0,13.0,False,,,,,
84.0,14.0,True,0.026299330541821975,0.04228164119996108,0.1323345549571478,1.4523198441882144,-10.837483928759708
84.0,15.0,True,0.2967909692198072,0.17152893187662796,0.7263439195868685,0.7263716453579577,-2.3535622641536555
84.0,16.0,True,0.2994556622041571,0.23521238582096818,0.9393283668109882,1.0494053220054482,-2.070815405583167
84.0,17.0,True,0.6267960378080316,0.23256266862172228,1.0932073432796876,-0.12553711949229873,8.236803616226807
84.0,18.0,True,0.35343954949336776,0.19555839617747856,0.7636627833259302,0.03304568780562939,-0.3796471246783549
84.0,19.0,True,0.2634713248890121,0.12479503847855017,0.4966127511045512,0.5209655016339089,-3.44070748471107
84.0,20.0,True,0.5695855186567023,0.23272574296599194,1.0153726113218562,0.24743496050764413,6.355980825443538
84.0,21.0,True,0.4573277090941134,0.2202398206380094,0.8792970150845713,-0.054039014714917656,2.9487084767610576
84.0,22.0,True,0.4427671078877012,0.14448506299765726,0.8080802644497944,0.31797384534993506,2.2895181936628846
84.0,23.0,True,0.4170489811266923,0.1926813363000682,0.7556135014317874,-0.20736660000392,1.7750996922961997
84.0,24.0,True,0.5165936571338773,0.2299328311433274,1.054158708671867,0.21431300527781863,5.251668533447148
84.0,25.0,True,0.336283132514407,0.1640915635048783,0.7502334771934845,0.296072028949643,-1.2766494842000622
84.0,26.0,True,0.44229031543586267,0.25696356222140404,0.9926366913732716,0.2549538244025143,2.627559214308649
84.0,27.0,True,0.3407801940818281,0.17441404022759277,0.7646360520193625,0.6701015436512022,-0.9919797759078745
84.0,28.0,True,0.3785472472519041,0.19606507710096605,0.8457141862934446,0.7482827445541291,0.11752326081325865
84.0,29.0,True,0.3451748265128313,0.13886546802961963,0.5881589801666353,-0.303217219358721,-0.9431490003187962
84.0,30.0,True,0.23076847716521798,0.14374317136309148,0.4549895204960264,-0.10941662648164219,-4.204306478943152
84.0,31.0,True,0.39276393719073577,0.11626730253131318,0.6329316659412083,0.4992468413585594,0.5740467749996895
84.0,32.0,True,0.369771221036717,0.17402974744186647,0.7180567914109186,0.20847061618589527,0.40649901916194103
84.0,33.0,True,0.3994634317992104,0.2414573397512014,0.9369429432355127,0.5743022854473319,1.2640787574034715
84.0,34.0,True,0.3616501280674917,0.18469842324572508,0.8911204646856746,0.7302689296946373,-0.4884785097323644
84.0,35.0,True,0.35401188200159606,0.14336547797139781,0.6607105978411941,0.447203171785037,-0.5567053852941044
84.0,36.0,True,0.4609835965286667,0.19035046074417028,0.8147540983666117,-0.3690708696926348,3.1835879052836775
84.0,37.0,True,0.4526262998651557,0.15343668286804932,0.8108355327346192,0.030010099060751506,2.764098640753099
84.0,38.0,True,0.34592404304862584,0.18722565535125568,0.7620738542054015,0.16199673457785577,-0.2417804731264051
84.0,39.0,True,0.45634373220090524,0.23706323663309098,1.0951811904027624,0.7943922387408241,2.683780740304227
84.0,40.0,True,0.29328162027391724,0.24678048913488151,1.246525146708516,1.3719700011827327,-2.823758398862937
84.0,41.0,True,0.4801438245002109,0.2675421365497507,1.0020083235355954,0.09309203568248083,3.6110761635455857
84.0,42.0,True,0.2817152712287399,0.14911326881160117,0.5575403947537955,0.26818783878048846,-2.729169537600622
84.0,43.0,True,0.3379491820645935,0.1561329637903029,0.5892202587534249,-0.2459112125155777,-0.7505016998218713
84.0,44.0,True,0.41089361968408705,0.18402496284019854,0.7823327824632188,-0.2221772575673103,1.3036809798791509
84.0,45.0,True,0.5877852743853328,0.24536105524593838,1.1289176621410322,0.008636078534713284,7.04515039610368
84.0,46.0,True,0.378553157501868,0.15103583932897716,0.7797395327362882,0.9507388201969439,0.36630982360002223
84.0,47.0,True,0.4487974855700997,0.2088859276140042,1.047089640699113,1.3619548457821609,2.662591852840077
84.0,48.0,True,0.5886858944082648,0.1733236799327558,1.1051533114621173,0.9450825989914783,6.568058920579514
84.0,49.0,True,0.6424984280330256,0.22190341817869125,1.165627002246065,0.7487838804947181,8.578651384400251
84.0,50.0,True,0.5272806151901661,0.20312949874237163,1.0141215256297058,1.2277686042916451,5.238815274375251
84.0,51.0,True,0.4422685696835697,0.20355627967075948,0.7744303233062385,-0.06105307395822182,2.6107364376484297
84.0,52.0,True,0.28511941433196486,0.17716555534156553,0.5067328516847384,-0.40145087173224697,-2.4906692509014925
84.0,53.0,True,0.36707460024837824,0.13552140720481853,0.577555070273205,-0.5095558969166003,0.3208178372653174
84.0,54.0,True,0.3007533881861589,0.14137343194903493,0.6258063316817205,0.3415805149597827,-2.0786742971986705
84.0,55.0,True,0.37717294674946644,0.1988186995797056,0.7424832425750861,0.23358411234900014,-0.0982301010334453
84.0,56.0,True,0.34069413411628746,0.18094763165130362,0.6890719633282033,0.4636324856285078,-0.7504891492279561
84.0,57.0,True,0.29751232557692364,0.11808840165676833,0.5912372772037556,0.6859439928672049,-2.0966435875707283
84.0,58.0,True,0.37862168479231667,0.14564387770933285,0.7547326586125086,0.7531435873042495,0.5534990571464066
84.0,59.0,True,0.2655796989174303,0.11344878120816373,0.5611735008531051,0.6112683207361765,-3.2305167609544245
84.0,60.0,True,0.33467665478231623,0.1288609968479241,0.6399273146478298,0.185581097935652,-1.2884220664260129
84.0,61.0,True,0.2732587704750409,0.1656101286527087,0.6149998698709995,0.40808556658145845,-2.745479600732274
84.0,62.0,True,0.3333525543065295,0.1958334001031081,0.8462196437667101,1.2846229076728823,-1.0516808805196431
84.0,63.0,True,0.24767195161163694,0.15486702228158433,0.6520491308184014,0.2381712515970927,-3.983125574981396
84.0,64.0,True,0.35879558821579216,0.19834944799713303,0.7578483675632889,0.3850244228976773,-0.24860746014445637
84.0,65.0,True,0.2220519489318857,0.11052461383029293,0.4962398294334458,0.22680376111244493,-4.782504670822841
84.0,66.0,True,0.31720293834108676,0.13773291589628392,0.5690486518978964,0.0785628693081019,-1.3878907308285524
84.0,67.0,True,0.4205770568483701,0.18770643080592533,0.8278442003244271,0.5467356866595555,1.9868212477491933
84.0,68.0,True,0.35371682396163723,0.08640529601265232,0.5016468752930011,-0.2818899461359693,-0.4043524513839414
84.0,69.0,True,0.3039441287080387,0.13043564569135424,0.5585662785899737,0.07392866885345895,-2.2555474033493095
84.0,70.0,True,0.2413136212251738,0.17474442054371667,0.8484886932452549,1.5524994911801788,-4.547314246464977
84.0,71.0,True,0.1919072326793163,0.1098016683480545,0.5959267185032989,1.5432241312306862,-5.686479497994764
84.0,72.0,True,0.2202470893348054,0.14290063973144407,0.5145768539081459,0.6020178726537111,-4.777535641110515
84.0,73.0,True,0.29348590954401105,0.16222072383002134,0.5967366238710808,0.24188754288669673,-2.023823867600419
84.0,74.0,True,0.3034201415005613,0.16107922852538556,0.6961815474655638,0.9956111343291169,-2.093696835338646
84.0,75.0,True,0.35720193957641466,0.1266539937319536,0.5950096665211417,0.1233032558766406,-0.15251393116737744
84.0,76.0,True,0.3245123384606076,0.12265213284744987,0.5270274444745697,-0.32696872892633655,-1.2267246296689036
84.0,77.0,True,0.35322690740471446,0.1627480809586058,0.7783395919301159,0.9552157620827861,-0.43938954487249754
84.0,78.0,True,0.3903266706592005,0.08249210847961838,0.566094510076612,0.3730741563522881,0.654952261394464
84.0,79.0,True,0.3432058180149756,0.07984055594467891,0.4668014883069912,-0.5687683626606801,-0.6986712032519753
84.0,80.0,True,0.4209738055582035,0.21209121199253936,0.8105994076208628,0.3960645909969475,1.863827924650496
84.0,81.0,True,0.4571752194641963,0.2567995789778085,0.8792750006117628,-0.12328340366660505,2.789286466893948
84.0,82.0,True,0.3590339963336477,0.24511290929230367,1.328181919834111,2.1179993940161133,-1.0734199959250161
84.0,83.0,True,0.3870738796298049,0.19806786817418706,0.7208884648853489,-0.1235447364423758,0.8499543425256046
84.0,84.0,True,0.47946717964763075,0.18094336647490447,0.9832227712246806,1.319837082720841,3.3789464927424193
84.0,85.0,True,0.42233714497074076,0.16226044983938753,0.7142956140971507,0.09029005070729684,1.8932429476983583
84.0,86.0,True,0.4520964728179719,0.17635778089780768,0.7936249932049231,-0.21167921194609896,2.7005089307706016
84.0,87.0,True,0.29375399661477863,0.09562948774591615,0.4512274608273329,-0.4851859404929158,-2.508421216715773
84.0,88.0,False,,,,,
84.0,89.0,False,,,,,
84.0,90.0,False,,,,,
84.0,91.0,False,,,,,
84.0,92.0,False,,,,,
84.0,93.0,False,,,,,
84.0,94.0,False,,,,,
84.0,95.0,False,,,,,
84.0,96.0,False,,,,,
84.0,97.0,False,,,,,
84.0,98.0,False,,,,,
84.0,99.0,False,,,,,
84.0,100.0,False,,,,,
85.0,1.0,False,,,,,
85.0,2.0,False,,,,,
85.0,3.0,False,,,,,
85.0,4.0,False,,,,,
85.0,5.0,False,,,,,
85.0,6.0,False,,,,,
85.0,7.0,False,,,,,
85.0,8.0,False,,,,,
85.0,9.0,False,,,,,
85.0,10.0,False,,,,,
85.0,11.0,False,,,,,
85.0,12.0,False,,,,,
85.0,13.0,False,,,,,
85.0,14.0,False,,,,,
85.0,15.0,True,0.024954876610020677,0.034869804191222216,0.0988760695273022,0.9998764929053067,-10.78816767842007
85.0,16.0,True,0.3093519034155091,0.20156404341469017,0.7941366060858126,0.9001966915891854,-1.757937831300149
85.0,17.0,True,0.36055464584285263,0.1704005396308074,0.6672206371473015,0.3685193914522972,-0.2656519620866921
85.0,18.0,True,0.3234729877740687,0.21887702736620893,0.803269414948638,0.7398856966297275,-1.2800820668436188
85.0,19.0,True,0.28431557361666704,0.18728283977697038,0.6945209377473456,0.3642870512556952,-3.1065676766572383
85.0,20.0,True,0.3842661299719343,0.1516433946175555,0.6612134400474827,-0.2037826105980626,0.4271401562398129
85.0,21.0,True,0.37569982385109585,0.18847084926060953,0.8110860993391471,0.6814709322076712,-0.15963465731928844
85.0,22.0,True,0.39151147074563997,0.21105298957393284,0.8537727351779695,0.07627405021665919,0.7727148402374036
85.0,23.0,True,0.4306506900595,0.1609851199248377,0.7083108757825983,0.03684924333042486,1.5926146800800374
85.0,24.0,True,0.33541910662607405,0.11981527973691491,0.546540764284139,-0.4635846319269265,-1.142501114459781
85.0,25.0,True,0.39373708597663704,0.196028202355027,0.7648170706956883,0.1445986445291426,0.5634611835226666
85.0,26.0,True,0.36985023245276133,0.14917078003709244,0.7107789445604686,0.2821686407074492,0.29641388289594467
85.0,27.0,True,0.3666636627644812,0.2043239369331147,0.7683380156013129,0.5166243434168403,0.19996613619423326
85.0,28.0,True,0.37639857797929865,0.15599606006933742,0.6910109807542922,0.20117355222052788,-0.08514724908732033
85.0,29.0,True,0.3829396065166958,0.2166660722079228,0.7755467094153079,0.4003049590746621,0.5231099433747072
85.0,30.0,True,0.36086715461170354,0.1390515983685113,0.6749394363150447,0.13175167698216944,-0.030769337413797213
85.0,31.0,True,0.2869905215327145,0.13855868034985733,0.6810834090693085,0.8284765408748401,-2.5895951554820815
85.0,32.0,True,0.43328527946525697,0.25984642811712566,0.8984466585464131,-0.13386277556770793,1.7256275292815162
85.0,33.0,True,0.36752979961650706,0.185768536149925,0.941195767577391,0.9712632994586986,-0.17129686300491076
85.0,34.0,True,0.41285046653782964,0.16708965930257919,0.6622464284453883,-0.6811871579828741,1.350316870116104
85.0,35.0,True,0.46928321203553486,0.23448243374887245,1.0175686739332992,0.8163585687240544,2.6383408133704394
85.0,36.0,True,0.5070100005881217,0.3187412031599416,1.3781797465932917,1.505717657468927,4.571094474161105
85.0,37.0,True,0.3866279386164095,0.1254183243717378,0.6529431612134128,-0.4324270241099441,0.49333206033321575
85.0,38.0,True,0.33291665418842187,0.13691724581274944,0.6293511706639532,-0.1699772341403329,-1.020870531533856
85.0,39.0,True,0.379291613195413,0.1559567200455818,0.6973063048792567,0.05791074520631835,0.12473653333714776
85.0,40.0,True,0.41444211373189194,0.19368617995648185,0.8113153390935451,-0.1351917404107387,1.6646545074332761
85.0,41.0,True,0.3878331710803424,0.1790318219037465,0.7683719723794238,0.3539433059949843,0.5283050482918076
85.0,42.0,True,0.400387997749233,0.1678424125916786,0.6739729255333557,-0.1255126127651985,1.2700442842412922
85.0,43.0,True,0.373348222758389,0.1703728180487687,0.7121680390103003,-0.39323337397920255,0.08489169059314723
85.0,44.0,True,0.4552644135010556,0.20213055142502528,0.8307677253217478,-0.06648447092508909,3.151811706487238
85.0,45.0,True,0.45870260184178807,0.11018219982138724,0.7201694662875253,0.04006092370600882,2.915934890662375
85.0,46.0,True,0.4120137336183091,0.24304880897002443,0.8665245945633306,0.22040775517729486,1.7431763939669258
85.0,47.0,True,0.4667035667803933,0.2087931022687634,0.8986730314374222,0.1968495503244158,3.2379895972993884
85.0,48.0,True,0.5419629770770413,0.26899751966651925,1.073899893177019,0.10607543601596582,5.79053510225791
85.0,49.0,True,0.5168220492630641,0.172208113619417,0.8945437774025059,0.18705217647246336,4.4601200028516494
85.0,50.0,True,0.34808964658976865,0.13577788264912008,0.5641434329515467,-0.5559485642461903,-0.5423616983367061
85.0,51.0,True,0.4498651130005041,0.18661890526488212,0.8735562962400548,0.35765185294957663,2.923019462480571
85.0,52.0,True,0.4181021055228202,0.20381843502047184,1.0706888818647993,1.3781596635869877,1.3413862962124325
85.0,53.0,True,0.4382404748930443,0.20728297912669852,0.767393348518372,-0.15269444836548157,2.3053287295884757
85.0,54.0,True,0.3517274957916655,0.202579361715229,0.723281570020696,0.02610829673592782,-0.5060140227766448
85.0,55.0,True,0.3860430359365845,0.20603713453631278,0.7513934553031385,0.023292608388982925,0.35078469507650395
85.0,56.0,True,0.3232795077349542,0.17674083604449428,0.63090521801412,-0.02367644483072909,-1.257261341996002
85.0,57.0,True,0.2848542311990813,0.14347145823923554,0.6345560250744551,0.40853402101099573,-2.9591112676331104
85.0,58.0,True,0.27581350649636216,0.10860693267672894,0.5084824880142779,0.5157179425896607,-2.816128291091596
85.0,59.0,True,0.30032388339247335,0.10419392840103865,0.4558026855444199,-1.0574524988325833,-1.99013720568759
85.0,60.0,True,0.33594468461527105,0.28369280631064586,1.056998801623535,0.8577292835752663,-1.4703172141002205
85.0,61.0,True,0.30302059369144924,0.19691832035071885,0.7923129628332386,1.2283657565577957,-2.050197900006376
85.0,62.0,True,0.2141854460521377,0.1353079591664912,0.4418546386169367,0.1506255444017615,-4.867893759036929
85.0,63.0,True,0.3667423118758468,0.17339181146325192,0.7577136384605233,0.41284147958062606,-0.13486013283517
85.0,64.0,True,0.2800056751749346,0.07133933626270045,0.4580428908164389,0.22148081814161538,-2.8952610011961433
85.0,65.0,True,0.21613556829245303,0.11194041811377273,0.4125446255933471,0.07484971846985626,-4.617888216040217
85.0,66.0,True,0.3430186967833137,0.1626083160519081,0.6518251666053696,0.27980777270070395,-0.6042526334786551
85.0,67.0,True,0.37538537469113853,0.14699726282855174,0.7130494593972039,0.5267509454500958,-0.08729155213479356
85.0,68.0,True,0.25315933734067214,0.1480040429535512,0.5598722022609051,0.017478302694141273,-3.4082764144192286
85.0,69.0,True,0.41738182475112257,0.2578308127754581,0.9143357444693184,0.4393992936560151,1.7905039596760635
85.0,70.0,True,0.30186819179128266,0.20961458761106624,0.6435332644121896,-0.08086318908643167,-1.9872962682310953
85.0,71.0,True,0.27257966748886514,0.1197757661928254,0.5274129839342523,-0.06521653319918452,-3.306434577902225
85.0,72.0,True,0.3532561598035497,0.15698211993949346,0.6287001349499048,0.3889523024452059,-0.38682190722371435
85.0,73.0,True,0.25672941677771216,0.1740149359671697,0.8305018084135344,0.9777131910943558,-3.6334535265540406
85.0,74.0,True,0.3470623253672693,0.177651109110702,0.7099199676522548,0.27483819158466083,-0.6136744964279071
85.0,75.0,True,0.3555976782572803,0.2010540696119633,0.8519935495690087,0.2483742639063257,-0.6547153608274661
85.0,76.0,True,0.28778844272230086,0.1431074693306392,0.6721010696624522,1.096177316156723,-2.445888280516927
85.0,77.0,True,0.3221922496919881,0.09366399853905148,0.6309460898937537,0.8063481320744507,-1.5471717675978307
85.0,78.0,True,0.27225079274850456,0.11822514206828774,0.4540115791785797,-0.4632717429804568,-2.724948779366099
85.0,79.0,True,0.3572307038525381,0.1985678940848162,0.7414723640327681,0.32840647840580506,-0.33452524147892754
85.0,80.0,True,0.3550760487193296,0.14407342927186165,0.6777925599611435,0.6158414755431345,-0.5442268823762235
85.0,81.0,True,0.3439169055095259,0.17011812729704928,0.6003049477887753,-0.1298693382442099,-0.45564456482903665
85.0,82.0,True,0.35255494434600565,0.19123702231192974,0.8102448533290887,0.8973781775103201,-0.5040314473235468
85.0,83.0,True,0.4579228500710283,0.17545749004714759,0.829070509390707,-0.15032087018288876,2.7737976322925295
85.0,84.0,True,0.3076719474433285,0.20443709085274744,0.8056375610700459,0.8449371716279171,-1.7839524563652176
85.0,85.0,True,0.507892083547695,0.326317203955298,1.1129398637161454,0.37510597635318604,4.390856783296642
85.0,86.0,True,0.26446511455260924,0.09779358949680865,0.4714413251145784,0.4150823073305053,-3.427320173441195
85.0,87.0,False,,,,,
85.0,88.0,False,,,,,
85.0,89.0,False,,,,,
85.0,90.0,False,,,,,
85.0,91.0,False,,,,,
85.0,92.0,False,,,,,
85.0,93.0,False,,,,,
85.0,94.0,False,,,,,
85.0,95.0,False,,,,,
85.0,96.0,False,,,,,
85.0,97.0,False,,,,,
85.0,98.0,False,,,,,
85.0,99.0,False,,,,,
85.0,100.0,False,,,,,
86.0,1.0,False,,,,,
86.0,2.0,False,,,,,
86.0,3.0,False,,,,,
86.0,4.0,False,,,,,
86.0,5.0,False,,,,,
86.0,6.0,False,,,,,
86.0,7.0,False,,,,,
86.0,8.0,False,,,,,
86.0,9.0,False,,,,,
86.0,10.0,False,,,,,
86.0,11.0,False,,,,,
86.0,12.0,False,,,,,
86.0,13.0,False,,,,,
86.0,14.0,False,,,,,
86.0,15.0,False,,,,,
86.0,16.0,True,0.03540608145889007,0.036006601957796536,0.1032461841637721,0.5124470222595053,-10.46537288098868
86.0,17.0,True,0.3044580229983627,0.16512746638719258,0.6195547676483933,0.04389136317796155,-1.9170766879369416
86.0,18.0,True,0.2969737707400633,0.18557016187176106,0.8478283799662868,0.40152197803199935,-2.500832741550213
86.0,19.0,True,0.5469703141328152,0.10099495305278286,0.7412762313239797,-0.09257917276641282,5.674360180797376
86.0,20.0,True,0.40377183302157366,0.09746031368989855,0.6603091157777078,0.37397872201274635,1.1194890891882563
86.0,21.0,True,0.25346074590864254,0.12049988012781475,0.4673850843545769,-0.3070460128244229,-3.7146339294427513
86.0,22.0,True,0.47963219541788266,0.29471340272425617,1.0963435647559,0.25460514816036695,3.48729870670991
86.0,23.0,True,0.5945043130353297,0.20115191259914475,0.9706898766536756,-0.09961697076392717,7.301588412346923
86.0,24.0,True,0.32340419005593574,0.17077174065600814,0.7319399551531932,0.7453904661978502,-1.3369494890892795
86.0,25.0,True,0.37018737128148826,0.11726194038612485,0.5794575163046413,-0.8891754252323966,0.3201507274482325
86.0,26.0,True,0.29425536147337544,0.13167366122596139,0.4904034387243139,-0.4639121379418639,-2.1979981398812862
86.0,27.0,True,0.42372258701267124,0.2370279075900062,0.9322100955754302,0.6656171399242987,1.8085192264937582
86.0,28.0,True,0.41685395813856563,0.17540958792922368,0.9974542175390504,0.818880084388827,1.1089424524399456
86.0,29.0,True,0.3448828680311246,0.15906408440155884,0.6674213388939776,0.27304627851479324,-0.38303294766782164
86.0,30.0,True,0.3591894092904606,0.10346069453020913,0.5690491666534921,0.16912637668105068,-0.334878084990835
86.0,31.0,True,0.298991848123935,0.12632811397527152,0.4725063710405249,-0.38992091317429656,-2.0121833650148497
86.0,32.0,True,0.28507833918946357,0.12383978196117296,0.5242811368022546,-0.21875628816950396,-2.5592032368236195
86.0,33.0,True,0.31155717192197213,0.15376782893432775,0.6020897789574463,-0.17299205989167446,-1.781768139330124
86.0,34.0,True,0.30161751616690996,0.186264687656138,0.638060396991725,-0.14377585032336251,-2.3290103823649675
86.0,35.0,True,0.3935318597093,0.16550895045421277,0.8139240940646356,0.5079812129785269,0.933945428609379
86.0,36.0,True,0.2933914046544189,0.14128140554431703,0.5971118996831093,0.4037921307520356,-2.2693147496250385
86.0,37.0,True,0.45132900463304376,0.18566970932019858,0.7493774513910441,-0.6286805656585868,2.47273756430393
86.0,38.0,True,0.30851262112221484,0.10836637916192002,0.4957710421241892,-0.019122348239638768,-1.7135264946242645
86.0,39.0,True,0.2216179310241545,0.12722908093551935,0.4714031971662242,0.21016090325260336,-4.502002484788684
86.0,40.0,True,0.3400293943638211,0.18695125653951225,0.6907006765216283,0.2206920583643425,-0.7572848472773316
86.0,41.0,True,0.40438290909994534,0.1390280451135701,0.65584118467718,-0.23298676431912665,1.3124111066978137
86.0,42.0,True,0.3358509679201381,0.2469790433973165,0.8602966136781328,0.7699929151572734,-1.0733040862351628
86.0,43.0,True,0.3107076799462731,0.20630780266198148,0.8766582559565139,0.3851205285279106,-1.9698412617570449
86.0,44.0,True,0.38680571484507914,0.24137484837894893,0.7848761451770876,0.07485127611333771,0.8329081565108609
86.0,45.0,True,0.465056080632378,0.1881509261211129,0.7229687310334038,-0.5243802441705163,3.5215178785642447
86.0,46.0,True,0.36376923919120985,0.1703705240679954,0.6152714488142926,-0.36979963078763334,0.19704915673706325
86.0,47.0,True,0.44395015927980436,0.144576909598093,0.7560063356563634,0.6044800107491995,2.2598844784043783
86.0,48.0,True,0.4440528813936857,0.22595030783463455,0.7750246580095747,-0.14142497570407453,2.493471779814775
86.0,49.0,True,0.6212267402715337,0.2522386967740987,1.2479104251527415,-0.13826300577418832,7.662012587821322
86.0,50.0,True,0.5140877747228448,0.1975546797201661,0.9366099824630026,0.31848301973934307,4.7932777444722525
86.0,51.0,True,0.46104552661152653,0.1827488205975649,0.7201123096711798,-0.47598550990323774,3.249209563485266
86.0,52.0,True,0.47633581507926603,0.16274519717867642,0.9033578226475536,1.0032346880354188,3.2211313338894714
86.0,53.0,True,0.3993164204604812,0.19863218385527567,0.7547840911816588,-0.04809284474275019,1.0817619664598073
86.0,54.0,True,0.43536926293118944,0.18770949186791525,0.7727381362435749,-0.014915261488945264,2.1702940430577096
86.0,55.0,True,0.39788980711291,0.16591308324587564,0.6765836731491562,0.10729644388806284,0.6333385602972973
86.0,56.0,True,0.4867846025078328,0.19464619300377511,1.0084434390460522,0.37082091938843886,3.4400036042176483
86.0,57.0,True,0.5447669402647687,0.2779818381898674,1.2968790211450565,0.7939171476333587,4.972266368765523
86.0,58.0,True,0.3256577052401499,0.18208390412115813,0.8891510292181802,0.9163330463241133,-1.343471823112854
86.0,59.0,True,0.37913271184552966,0.17155587636166153,0.6194587420513054,-0.4846213150456667,0.6272479564354676
86.0,60.0,True,0.33016466294737457,0.13518177966048553,0.5931771617733189,-0.02118413244904793,-0.9765397087239006
86.0,61.0,True,0.2767144135552638,0.15468981192944803,0.6478282703392764,0.6697616068788586,-3.2162159188802937
86.0,62.0,True,0.2696338421328845,0.1285364298472889,0.4762444501962957,-0.351506797636302,-3.0901043423544774
86.0,63.0,True,0.2623825185924855,0.1262813485406859,0.4692452760317304,-0.1667903028765446,-3.181531108115024
86.0,64.0,True,0.365519083517047,0.17870503675448904,0.7630274675031641,0.5225933051454835,-0.02824952903070828
86.0,65.0,True,0.297664517242094,0.1695702383128547,0.6507952287604228,0.505035625618911,-2.1945622070879844
86.0,66.0,True,0.2624490923772206,0.1172375393214006,0.4830772433959919,0.1662572115184609,-3.2672666694453327
86.0,67.0,True,0.42201263581404813,0.14410264589430136,1.0123560414140296,1.909583293303901,1.2344041438585436
86.0,68.0,True,0.2952178699205802,0.17895279854376356,0.6204024046820238,0.3145426255004158,-2.7141171986054546
86.0,69.0,True,0.3176882602221557,0.11236060092526443,0.54421632791029,-0.3229682762506373,-1.7709830612576043
86.0,70.0,True,0.43699115718043546,0.18089941548299296,0.7670463075824683,-0.5401226745653577,2.4099828880985
86.0,71.0,True,0.38322933663136827,0.2193552758224359,0.8799899932966889,0.7016629456988253,0.8446090780335418
86.0,72.0,True,0.24182353521001956,0.1486802383234525,0.8061010174993949,1.55864572195232,-4.318853336809284
86.0,73.0,True,0.3688918894470129,0.1988535960433514,0.6961920160382487,0.33499104654116935,-0.14380365935616513
86.0,74.0,True,0.28775885399091033,0.17183585384681058,0.5925137204446911,-0.013022412121018822,-2.3319941324450335
86.0,75.0,True,0.27144659760068457,0.18753029347599176,0.8676592879652982,1.0300410185805622,-3.5196525266365626
86.0,76.0,True,0.35930500091895257,0.17040006902242372,0.6873617504529828,0.32751722350539575,-0.10190735094588393
86.0,77.0,True,0.5457421938151741,0.2506100267712142,0.8589841239521623,-0.9491896518586416,6.255719852557633
86.0,78.0,True,0.3234927354647729,0.21932675710325442,0.7473405366107325,0.1705798461175986,-1.313764883434497
86.0,79.0,True,0.37855047447357915,0.15847941182706327,0.6529149474674749,-0.14313037704651146,0.5864583240658491
86.0,80.0,True,0.3901560973110595,0.13350923939391654,0.6728338166356567,-0.5190002535023179,0.8277333568946117
86.0,81.0,True,0.5302620411511919,0.21216508007033552,0.9481962555287388,0.08105616551233599,5.313953572856564
86.0,82.0,True,0.365947983491364,0.15497354220264264,0.6978674909633672,0.365494523242805,-0.33041157500939955
86.0,83.0,True,0.5848243349632614,0.12637354761084027,0.9476911777514326,0.9946766248448902,6.86056324122771
86.0,84.0,True,0.5288436178137393,0.23212056960427294,1.0008638400632883,0.1490160045155283,5.456606626357467
86.0,85.0,True,0.3899308979745601,0.17882534538477357,0.7633177126534264,0.4377644852155294,0.6006723928707949
86.0,86.0,True,0.009338629430089977,0.020614328600854947,0.070237812865101,2.0496886221432646,-11.299058369878251
86.0,87.0,False,,,,,
86.0,88.0,False,,,,,
86.0,89.0,False,,,,,
86.0,90.0,False,,,,,
86.0,91.0,False,,,,,
86.0,92.0,False,,,,,
86.0,93.0,False,,,,,
86.0,94.0,False,,,,,
86.0,95.0,False,,,,,
86.0,96.0,False,,,,,
86.0,97.0,False,,,,,
86.0,98.0,False,,,,,
86.0,99.0,False,,,,,
86.0,100.0,False,,,,,
87.0,1.0,False,,,,,
87.0,2.0,False,,,,,
87.0,3.0,False,,,,,
87.0,4.0,False,,,,,
87.0,5.0,False,,,,,
87.0,6.0,False,,,,,
87.0,7.0,False,,,,,
87.0,8.0,False,,,,,
87.0,9.0,False,,,,,
87.0,10.0,False,,,,,
87.0,11.0,False,,,,,
87.0,12.0,False,,,,,
87.0,13.0,False,,,,,
87.0,14.0,False,,,,,
87.0,15.0,False,,,,,
87.0,16.0,False,,,,,
87.0,17.0,True,0.028749227544652207,0.03791717938032789,0.1156941474283794,1.0757649747962563,-10.713689647996162
87.0,18.0,True,0.203836488894252,0.13546903512427402,0.4570803824754713,0.0693443748364265,-4.905026398589855
87.0,19.0,True,0.4007783796858972,0.10030405635759922,0.6200393611696191,-0.38338242271171724,1.1930888367961325
87.0,20.0,True,0.3628171598569755,0.17170800220907567,0.660334804767976,0.07333326404235474,0.09052761516726265
87.0,21.0,True,0.5016583687032248,0.24614177448937258,1.148981786312058,0.4510735187338171,4.214195490959727
87.0,22.0,True,0.37819990519430774,0.24733614358580727,1.0195884465100544,1.106791260605112,0.42304212837277105
87.0,23.0,True,0.4649847627260366,0.1894791559600136,0.8317982115381403,-0.01611375928234577,3.0480509535241076
87.0,24.0,True,0.4808968355167617,0.22305958967106929,0.8501049250332778,-0.18244231565490915,3.601695569973068
87.0,25.0,True,0.41869134381387235,0.1518416754091417,0.6551623868315484,-0.4965424355273194,1.2238482391421608
87.0,26.0,True,0.2752065533572654,0.09855795068284952,0.5026657954673085,0.4946518420498531,-2.997412964203328
87.0,27.0,True,0.42374482914966,0.18814526121501352,0.7930726007871347,0.12068907765031968,1.761537856626517
87.0,28.0,True,0.3625879998537347,0.1792391046658138,0.7661463440240188,0.48470417122496395,0.1849224474867304
87.0,29.0,True,0.3523014252401184,0.2114234046010949,0.7932672671243154,0.3526593537974202,-0.09926835538002399
87.0,30.0,True,0.3237951915125805,0.12692784825503275,0.552796539501924,-0.16580623568318464,-1.1266852282480055
87.0,31.0,True,0.48244527695041645,0.24607630163726904,0.9949338687274912,0.3064645192213982,3.900667714314618
87.0,32.0,True,0.357853668575048,0.12258745066289344,0.6162199232045568,0.0042475007550547145,-0.31294043287000284
87.0,33.0,True,0.28962170001737847,0.12280944890588871,0.5574055780632738,0.594346336261209,-2.3420675210208652
87.0,34.0,True,0.43838106334042504,0.155957516762361,0.7490151697086564,0.038117700004775684,2.2947703112694127
87.0,35.0,True,0.3858529995532908,0.0492271841116173,0.4736741095645331,-0.932890561018127,0.5993544222005096
87.0,36.0,True,0.3875304358763233,0.21473032858085528,0.938814101843308,0.7347181270306384,0.5530638468919498
87.0,37.0,True,0.33501775364163106,0.19498033758555477,0.6402299396091666,0.02201448033830267,-1.296262351573196
87.0,38.0,True,0.4375768713242585,0.1586806814411752,0.732239578654919,-0.01697808545556116,2.0833633852545423
87.0,39.0,True,0.29182019709533485,0.1534378209062643,0.5612122888236463,0.42629796733289715,-2.5684613827916762
87.0,40.0,True,0.29336720840730635,0.15028590487813365,0.5558021948260096,-0.4093059174769169,-2.1945872825033965
87.0,41.0,True,0.47335072403177525,0.22553625588491377,0.8725367634556227,0.011524729173686027,3.1849949115437317
87.0,42.0,True,0.29847066785556003,0.20253528547509078,0.9119628417614136,0.7747069382972721,-2.432484372926065
87.0,43.0,True,0.2761204134807542,0.11567512499498701,0.4846421210275787,-0.3548443276044896,-2.6321509788345496
87.0,44.0,True,0.24733513335546117,0.1718508966914533,0.5333576463345371,-0.09588818261935847,-3.5641503004263955
87.0,45.0,True,0.3897282020772327,0.1668078078391099,0.8062249100840095,0.6614199197535262,0.863183854627546
87.0,46.0,True,0.475544373080013,0.1697219281072466,0.7507644929481755,-0.37358128091861204,3.31813212058141
87.0,47.0,True,0.41987689307770537,0.23503953971124522,0.822072221958034,0.08307282989052374,2.1750316674842582
87.0,48.0,True,0.4283967472297208,0.2307583960893961,0.837701037437621,-0.026600917335140417,2.100964430314297
87.0,49.0,True,0.5744023694048047,0.21363739403483809,0.9972667831136048,0.21005588994788746,6.846256221649435
87.0,50.0,True,0.5705866627513654,0.2136665539078004,1.0614233229314944,0.3676164439715708,6.338938268527436
87.0,51.0,True,0.5134580642480163,0.24215521781561666,1.1364830191043134,0.5161741856150691,3.8056050328882143
87.0,52.0,True,0.46902577949266955,0.24330022877893867,1.1234216259844405,1.0832189520173852,3.291874745448392
87.0,53.0,True,0.528500580855082,0.16652210572551335,0.8466507221832174,0.21575894530695572,5.296090598904375
87.0,54.0,True,0.33728563465785716,0.10223930072617592,0.532765246599827,0.16245910808675126,-0.9104792444412632
87.0,55.0,True,0.4013262912473396,0.19417688590967744,0.7478855837520915,0.014438605434274564,1.3289319656475338
87.0,56.0,True,0.38865780847921927,0.16622511558421071,0.7968473284338125,0.7538366603825318,0.8310566736502722
87.0,57.0,True,0.29819722575943297,0.13541105333181294,0.5279898105893858,0.10136840082373313,-2.3771632629630126
87.0,58.0,True,0.3010181067148537,0.11823106482957242,0.6791681809867894,0.6304424280650025,-2.4448047393482835
87.0,59.0,True,0.30721399818743966,0.15721819435707965,0.6621784662987511,-0.0038342898840083247,-1.97469124025457
87.0,60.0,True,0.28025044565490426,0.15620069868341813,0.7862088484042687,0.9846311794536019,-3.3216951855478447
87.0,61.0,True,0.3636874554494219,0.2035080587933268,0.8111146404516566,0.5459105001176247,0.10739874212000763
87.0,62.0,True,0.20733277441018372,0.107204717106223,0.4314918191367998,0.23875307188963568,-4.909266048459273
87.0,63.0,True,0.26531070465470924,0.1526121656109837,0.5963395349855761,-0.10902801965426896,-2.8591718487083253
87.0,64.0,True,0.3996839198859209,0.24139655973424595,0.907793094287368,0.38014456811282493,0.8986744016319635
87.0,65.0,True,0.25745946649296675,0.1350624637801301,0.5814845697892738,0.657730116299923,-3.314058687593948
87.0,66.0,True,0.3765214742689939,0.14140812813600492,0.645294590465657,0.014165365121626593,0.20250927299472427
87.0,67.0,True,0.4139534671987584,0.17172588831289573,0.8329937076008959,0.45468582360851373,1.5883117612181947
87.0,68.0,True,0.37836334764603985,0.13661780740932164,0.7383290645677437,0.8160820864788153,0.30037699471427287
87.0,69.0,True,0.48543574555685065,0.15943618783839164,0.91420403564793,0.8645973272681627,3.6568632142443964
87.0,70.0,True,0.445874686278911,0.18176056135494303,0.8084096347365968,0.31499573103421463,2.329439471417591
87.0,71.0,True,0.32176381427276907,0.11163976284811342,0.5488988839691344,0.06333397707367537,-1.5318771972044736
87.0,72.0,True,0.25066548499773905,0.1135462392665363,0.5038881388998872,0.6684413554230522,-3.4990399293897654
87.0,73.0,True,0.4932499319101711,0.3154745370090218,1.4027662778873409,1.4919192400175423,3.8322192413664453
87.0,74.0,True,0.38211062865405454,0.16206466685715132,0.6816548325243132,-0.3933942540837401,0.9228222069724102
87.0,75.0,True,0.28618351186835556,0.14472330201853045,0.6356699722302279,-0.008127580001517185,-2.843808832027597
87.0,76.0,True,0.44583418007956893,0.2383697503080697,1.0164717489723232,0.4885652870870405,2.7813254275808643
87.0,77.0,True,0.37727653615485807,0.13613313953142459,0.6494559821983704,0.3751204234708682,0.29746474876811846
87.0,78.0,True,0.3183915623248254,0.16296863255529115,0.6416585033885319,0.3252543525913882,-1.5986302626524878
87.0,79.0,True,0.31077988246690547,0.15745947513555816,0.678536135332586,0.3599062412653741,-1.6029139751936363
87.0,80.0,True,0.44179313684421284,0.20535963545218294,0.9656785420601136,0.8779436413023234,2.373858672662354
87.0,81.0,True,0.4788765640510837,0.17378321212427575,0.8238379930094067,0.15717912055947145,3.4722523804100804
87.0,82.0,True,0.4466394131757812,0.1654989733278276,0.8317375142714851,0.6608646937874465,2.2514497681307253
87.0,83.0,True,0.5586318683757682,0.22858021580473437,1.0037186366857356,-0.09741522307309211,5.807110222698371
87.0,84.0,True,0.2917133055623538,0.16150386854341875,0.6198051170281833,-0.04587204626303883,-2.1983957193574772
87.0,85.0,True,0.00809701015241383,0.01787354656439227,0.0608993309039125,2.049688622143265,-11.341042817777778
87.0,86.0,False,,,,,
87.0,87.0,False,,,,,
87.0,88.0,False,,,,,
87.0,89.0,False,,,,,
87.0,90.0,False,,,,,
87.0,91.0,False,,,,,
87.0,92.0,False,,,,,
87.0,93.0,False,,,,,
87.0,94.0,False,,,,,
87.0,95.0,False,,,,,
87.0,96.0,False,,,,,
87.0,97.0,False,,,,,
87.0,98.0,False,,,,,
87.0,99.0,False,,,,,
87.0,100.0,False,,,,,
88.0,1.0,False,,,,,
88.0,2.0,False,,,,,
88.0,3.0,False,,,,,
88.0,4.0,False,,,,,
88.0,5.0,False,,,,,
88.0,6.0,False,,,,,
88.0,7.0,False,,,,,
88.0,8.0,False,,,,,
88.0,9.0,False,,,,,
88.0,10.0,False,,,,,
88.0,11.0,False,,,,,
88.0,12.0,False,,,,,
88.0,13.0,False,,,,,
88.0,14.0,False,,,,,
88.0,15.0,False,,,,,
88.0,16.0,False,,,,,
88.0,17.0,False,,,,,
88.0,18.0,True,0.01467028058098382,0.032383551229554226,0.1103382921272783,2.049688622143263,-11.127318912349898
88.0,19.0,True,0.26514303964835506,0.132073577296853,0.481476208887819,-0.5480424850679052,-2.9813652669575914
88.0,20.0,True,0.43392339475445935,0.21238670276375207,0.9561318312121684,0.6041880341580128,2.1242389983776944
88.0,21.0,True,0.3723846164942036,0.15402488008881995,0.7206589298071701,-0.17114037703459267,0.007436986449394097
88.0,22.0,True,0.3912929004109435,0.2770049434555927,1.0118814448738764,0.6740396029840574,1.033110134871932
88.0,23.0,True,0.4532763392542104,0.24957662028336675,1.0115175817058195,0.49167470171383587,2.7548194440439264
88.0,24.0,True,0.2677284647185948,0.155223568065903,0.6862223192303991,1.135000534665938,-3.0748890204350046
88.0,25.0,True,0.3216014341058953,0.19767913186697306,0.8633398694357922,1.3206080156865727,-1.2666432780866943
88.0,26.0,True,0.4024795992765757,0.20952701111114555,0.8543659632443412,0.2141954291284363,1.1304492842511626
88.0,27.0,True,0.3859847710908531,0.1967177677301117,0.8111178962442971,0.479921046527618,0.5853135168558662
88.0,28.0,True,0.37423506916472443,0.23667860842042765,1.2581371097793344,1.4115815478611158,-0.29622429863581135
88.0,29.0,True,0.37789918167788633,0.09727186311270623,0.5564519387567689,-0.10390470802896569,0.27107060558283924
88.0,30.0,True,0.3747268990042568,0.1935242876629722,0.7212522195365751,-0.22496008123528555,0.32169966232082053
88.0,31.0,True,0.5445961192745322,0.20819505956681375,0.9834650425918778,0.4929276700846831,5.58548998355634
88.0,32.0,True,0.32730733586890354,0.2037499133843022,0.778308250868308,0.6632133711069211,-1.2996058276327371
88.0,33.0,True,0.40362350775046607,0.20838813081057908,0.8553194014207084,0.749276396049386,1.3984694703001348
88.0,34.0,True,0.2675214009427569,0.15004411846494603,0.633149449449816,0.7980816541950683,-3.7416214592038193
88.0,35.0,True,0.38679375382029885,0.22337334478514884,1.0345699419967225,0.945037906208917,0.479116938907629
88.0,36.0,True,0.5025718494926319,0.21432574513102606,0.8828442406897309,0.25531316905143203,4.4070385505917296
88.0,37.0,True,0.4292527347736103,0.22340150269894757,0.9498434633962116,0.5686427519280769,2.286378774941156
88.0,38.0,True,0.34065641784770945,0.1962521478265074,0.6610445477681675,-0.29424948569560366,-0.39060794411812
88.0,39.0,True,0.39879608230080166,0.16203840574488598,0.8159191287279584,0.5595470341956144,0.9565619869573143
88.0,40.0,True,0.25779034021558755,0.12953725428965637,0.7018239230455509,0.9855586262843423,-3.7456781600148004
88.0,41.0,True,0.3175260968316617,0.154172752128612,0.6382360890822647,-0.6062887777406549,-2.0056232636578093
88.0,42.0,True,0.32392193351401044,0.14816264518036665,0.6784884262827422,0.7288434736536238,-1.1726610029141766
88.0,43.0,True,0.28302481442874555,0.13396055897807896,0.7048790685810876,1.309025212899336,-3.13736389131065
88.0,44.0,True,0.3454418863913729,0.17897915986905671,0.7219800848437115,-0.06611738638268162,-0.5658595053157155
88.0,45.0,True,0.42925310096785396,0.2241019897243751,0.8907176982382008,-0.026873430763866345,1.5663407112916612
88.0,46.0,True,0.4364365020169076,0.17298953757956176,0.717030921639361,-0.21183536962089256,2.329466984660339
88.0,47.0,True,0.4610100739470289,0.15624540211717067,0.7591856668959722,0.11220216002496851,2.937025474061567
88.0,48.0,True,0.5121229915153446,0.21515978484245746,0.9218506295982256,-0.11083149794933311,4.613236984968039
88.0,49.0,True,0.49895669839638157,0.16759115024984317,0.9307811058606548,0.6635322836859772,3.8402025538244713
88.0,50.0,True,0.5850665670088251,0.24095290713064593,0.9953492614376532,-0.24784018065747412,7.281959904805782
88.0,51.0,True,0.4864604577765327,0.23070707932827633,1.0253714034273145,0.6908139598308455,3.6724549551941044
88.0,52.0,True,0.38412839998662834,0.139064793418913,0.635529640021163,-0.5166021636539923,0.38438114245458077
88.0,53.0,True,0.38911719689323904,0.15613063408706868,0.721992496044666,0.5904320355632944,0.48369385479693705
88.0,54.0,True,0.32871786162857436,0.17977292626098357,0.6462210395700769,0.16851782444427976,-0.8918355520407717
88.0,55.0,True,0.42712012625483264,0.21962814664041647,0.7836536500190231,-0.4023091958075584,1.64595219041506
88.0,56.0,True,0.25488036301203865,0.13977379018404193,0.7326816202538123,0.8784366171040184,-3.936049106538318
88.0,57.0,True,0.3669442064248135,0.13891455834175315,0.619176663918989,0.13860657912524185,-0.25224457480635165
88.0,58.0,True,0.35945650159711295,0.1549128955975964,0.7065684295938117,0.5382299153268275,-0.22627037275734274
88.0,59.0,True,0.45815475136673384,0.13353481707683548,0.7816710658391628,0.5511062295301684,3.038396172342963
88.0,60.0,True,0.35154726564783256,0.13786234606877926,0.6702029858988676,0.641032689611146,-0.5773936020220739
88.0,61.0,True,0.2705135418058465,0.11964187592096448,0.669611056358438,0.6304555219288606,-3.098368455235573
88.0,62.0,True,0.204131008312637,0.15146256766098104,0.4629196257393665,0.33580504894222435,-4.9690820413331105
88.0,63.0,True,0.4338304119585707,0.21477371846825669,0.8781257465851521,0.5625779002113768,2.0508636395688473
88.0,64.0,True,0.4318577363246412,0.1703414146522489,0.7911496174498229,0.14113611971670137,2.049176831540739
88.0,65.0,True,0.35933379255467784,0.20184053355424403,0.788809402878718,0.5105412572273863,0.03711155450999487
88.0,66.0,True,0.46998895733376767,0.171655337569887,0.865157194729825,0.46919035771806306,3.1052806790407304
88.0,67.0,True,0.3843404865587259,0.16338445701173265,0.609707776196744,-0.2947025354095776,0.5857707875640783
88.0,68.0,True,0.5058343797146367,0.2603586464532226,0.8889319164452876,-0.5010360884628337,4.702786916388312
88.0,69.0,True,0.4058306667509835,0.2222068877047507,0.9476342388718428,0.8847491920248101,1.2227763206411886
88.0,70.0,True,0.34335095876842686,0.13930463754900768,0.5912700384290054,-0.8520158746597363,-0.7239855047817906
88.0,71.0,True,0.496234517186522,0.2465560015825312,0.9039037874171584,-0.3313765599917363,4.036686214060852
88.0,72.0,True,0.26283981419550945,0.1412308657140447,0.5657344392398928,-0.07264257225673744,-3.2785591984214504
88.0,73.0,True,0.2540875632195679,0.13534357431358354,0.6525129827096842,0.6516792063642748,-3.6388905619106415
88.0,74.0,True,0.3562193388235351,0.12277665567473439,0.5495040916111678,-0.62123787040013,-0.4057527090470098
88.0,75.0,True,0.4841123594868763,0.25048050712919756,0.9624321479132631,0.04089501614440316,3.3922512412269255
88.0,76.0,True,0.4241072390604742,0.16349409333021095,0.6967576175127553,-0.03603373541269529,1.9310028750963404
88.0,77.0,True,0.4082174358757179,0.20077280177861534,0.697522443036608,-0.3180456119092597,1.7139507938336556
88.0,78.0,True,0.510050759036667,0.20606700772142061,1.1046470081221644,0.5171019840487828,4.480963156643775
88.0,79.0,True,0.3815892130931669,0.1842566094451006,0.7712084675779219,0.21978326841456403,0.5135206443988451
88.0,80.0,True,0.3535366015487402,0.20131719538551546,0.7594720882610652,0.6067026182326948,-0.6014670686412825
88.0,81.0,True,0.417903583538991,0.19928614454077384,0.8228138176584443,0.46655853331857877,1.787750845972259
88.0,82.0,True,0.34557453737684923,0.1067077207249565,0.5734422643335035,0.21628584082247213,-0.5744174304031316
88.0,83.0,True,0.27000100605250926,0.11544184525541752,0.4919908599869929,-0.16535791157925608,-3.164980624898325
88.0,84.0,False,,,,,
88.0,85.0,False,,,,,
88.0,86.0,False,,,,,
88.0,87.0,False,,,,,
88.0,88.0,False,,,,,
88.0,89.0,False,,,,,
88.0,90.0,False,,,,,
88.0,91.0,False,,,,,
88.0,92.0,False,,,,,
88.0,93.0,False,,,,,
88.0,94.0,False,,,,,
88.0,95.0,False,,,,,
88.0,96.0,False,,,,,
88.0,97.0,False,,,,,
88.0,98.0,False,,,,,
88.0,99.0,False,,,,,
88.0,100.0,False,,,,,
89.0,1.0,False,,,,,
89.0,2.0,False,,,,,
89.0,3.0,False,,,,,
89.0,4.0,False,,,,,
89.0,5.0,False,,,,,
89.0,6.0,False,,,,,
89.0,7.0,False,,,,,
89.0,8.0,False,,,,,
89.0,9.0,False,,,,,
89.0,10.0,False,,,,,
89.0,11.0,False,,,,,
89.0,12.0,False,,,,,
89.0,13.0,False,,,,,
89.0,14.0,False,,,,,
89.0,15.0,False,,,,,
89.0,16.0,False,,,,,
89.0,17.0,False,,,,,
89.0,18.0,False,,,,,
89.0,19.0,True,0.032025886697726984,0.045302232627663655,0.1453162777621092,1.2052424264216832,-10.540641883599807
89.0,20.0,True,0.19691349393180127,0.10702493669886565,0.4256446617005301,0.12182352081744073,-5.457304451324802
89.0,21.0,True,0.4562953399600394,0.21739956730504958,0.785814360393284,-0.1608780573825555,3.0960209386149184
89.0,22.0,True,0.4689798740150047,0.24636984914687635,1.0847963418212263,0.8931748144261386,3.4724382909567106
89.0,23.0,True,0.4058750166889172,0.09968082957166415,0.5569767756461401,-0.3113650917657182,0.9424654751164877
89.0,24.0,True,0.35955385475940765,0.16541144818210013,0.6544025331344677,0.07283361603599246,-0.38376144966899367
89.0,25.0,True,0.5041973485098694,0.20803344411202151,0.9956830075878064,0.14932864473998692,3.999782322096554
89.0,26.0,True,0.34053750460480525,0.15713245554612582,0.6626081451900528,0.42330259129082604,-0.7796483420512232
89.0,27.0,True,0.3121989091420113,0.1349506742375571,0.5754665189534112,0.3638767548231183,-2.0581532085983447
89.0,28.0,True,0.2665884539725022,0.1581158571556843,0.5841249758892649,0.23072048867314215,-3.0289627346613415
89.0,29.0,True,0.5046779559490377,0.13638994280736236,0.9192974697683236,0.5418751446668049,3.9666111457613367
89.0,30.0,True,0.30396592304162073,0.12467761495048116,0.6626191661347112,0.9329003272883277,-2.3567117386855045
89.0,31.0,True,0.38905214439258345,0.18569345633211828,0.7645567700939356,0.14561395843268024,0.9352336289317782
89.0,32.0,True,0.24912081321819357,0.15535351424951796,0.616626463716322,1.11322876738633,-3.889632733216706
89.0,33.0,True,0.4624090847758206,0.16537612014484288,0.705087705525638,-0.06039539710397363,3.2205716274008704
89.0,34.0,True,0.4242044196473762,0.2349137803109147,0.958988859222098,1.0498915223461105,1.9133278920476355
89.0,35.0,True,0.40706843455370356,0.1494573408417686,0.658384664709042,-0.3326348723525875,1.4515469730118398
89.0,36.0,True,0.39329870429870034,0.12571539469409226,0.6447259292975241,-0.2528105924560459,0.8844790173045154
89.0,37.0,True,0.3330065037782387,0.1800273585125018,0.7060897152357812,0.3826208791220589,-0.9986415902294029
89.0,38.0,True,0.35219920454659287,0.1385309548752518,0.6438323325646685,0.18576445491461527,-0.6855005925406782
89.0,39.0,True,0.2340447067621719,0.11599163929152637,0.5679446102968674,0.6279088240105707,-4.4361950437462125
89.0,40.0,True,0.2897089831225608,0.1798995973310724,0.6630239375748069,0.6638411173478832,-2.3332200664529164
89.0,41.0,True,0.3250192500569721,0.12559616432928478,0.4978069955057917,-0.5855379911892212,-1.3747343224949895
89.0,42.0,True,0.3398326831211305,0.17181866879367017,0.678932654557068,0.15889573510113966,-0.6608256229090925
89.0,43.0,True,0.3716117613343075,0.15871357344875917,0.6960004650482132,-0.029436037555968984,0.01477911285900238
89.0,44.0,True,0.3095381123148842,0.12752120666411262,0.5423258504630011,0.1676245531157609,-1.834005061825943
89.0,45.0,True,0.3408992143986142,0.20112220591685204,0.8257157095828299,0.7462976332655197,-0.48940689061200826
89.0,46.0,True,0.4177300997351532,0.14936597243295596,0.6450457247583307,-0.5035821757219243,1.9258664461079058
89.0,47.0,True,0.45502576711797277,0.2501190906659303,1.2210231698325154,0.6067861165144899,2.276054693582524
89.0,48.0,True,0.508460824642352,0.24995994133490188,0.931951205408538,-0.21847308067281276,4.2374294730696525
89.0,49.0,True,0.4560293618932178,0.13222958920227532,0.7844359470187546,0.7537281092409727,2.8115284789031647
89.0,50.0,True,0.4077151003080198,0.18314580250089932,0.8317365987172923,1.1244264649245923,1.209987283064824
89.0,51.0,True,0.29695545731453227,0.13423048773159413,0.613514959534986,0.6093969795153987,-2.1318263623266964
89.0,52.0,True,0.2533635121687709,0.10679971807004711,0.401210480376276,-0.44435238052410386,-3.7355422204987256
89.0,53.0,True,0.39415680505537226,0.13510434619009656,0.9193671069576924,1.4948956727082459,0.4584772293003429
89.0,54.0,True,0.41090319035478035,0.32721941071313704,1.230722946204412,1.1797200367731522,1.332137048871671
89.0,55.0,True,0.5123683618985162,0.235205059300969,0.9486603771831256,0.5995730259721548,4.4355035380014955
89.0,56.0,True,0.4777904228015215,0.2101874781572638,0.939242507754,0.3768026832964792,3.428874178119831
89.0,57.0,True,0.2955967995889344,0.15062277703655066,0.5276350670667327,-0.20083245302929661,-2.1921749566538966
89.0,58.0,True,0.3918948628524704,0.15866153925646556,0.6698742119406527,-0.2514190685375822,1.0566671055471373
89.0,59.0,True,0.2879422693782725,0.11194584685543371,0.471309238378086,-0.3778276865341717,-2.503846179166984
89.0,60.0,True,0.38178885814851254,0.10712709249608364,0.6191326851265734,0.2435143168829756,0.34972051299042173
89.0,61.0,True,0.3136283339705077,0.1467906501272529,0.7246111101938915,0.5765531913703688,-1.8689124552642413
89.0,62.0,True,0.30164904006622983,0.161417891971406,0.6523938176413255,0.449915125755549,-2.0319819514117805
89.0,63.0,True,0.4842850594939307,0.25955461549116216,1.2332301805095938,1.3919811633043244,3.8992032157516316
89.0,64.0,True,0.4884911662097565,0.24237421721598532,1.0187378257934814,0.16763800482873906,4.000692866903346
89.0,65.0,True,0.5896262528726535,0.30005321186615713,1.289266471284861,0.10880689560573181,7.032437412669063
89.0,66.0,True,0.4489463932822275,0.17338959057618303,0.7379852831904481,0.06541823896710895,2.597688845207563
89.0,67.0,True,0.37870731821540327,0.18078059651598313,0.7449860303279988,0.3949928845118973,0.10462248299776561
89.0,68.0,True,0.6082305587416764,0.26035265272436237,1.1609158754056688,0.3456859677734111,7.5302137535954445
89.0,69.0,True,0.42632211826618516,0.2859141459622215,1.1238520937094263,1.2394899592438788,1.66032266840605
89.0,70.0,True,0.3704389157110576,0.18183350394709105,0.826366178629069,1.1722128934222218,0.26095485411001756
89.0,71.0,True,0.43743144380216786,0.20028330998579483,0.8764302981952266,0.07193850223431925,2.24771448696847
89.0,72.0,True,0.3983964480719152,0.1534147744611926,0.7908014251883217,0.07941617720830321,0.6833457631299064
89.0,73.0,True,0.39009017501159793,0.15493663008190606,0.7258448850030652,0.6011318583504803,0.47372833284903126
89.0,74.0,True,0.40975730136425587,0.22040240750701073,0.8831975288742059,0.26993022389888666,1.0848562347802608
89.0,75.0,True,0.33755710822765184,0.19596012485696349,0.6602367068009489,-0.05970564207336669,-1.03744267011439
89.0,76.0,True,0.34818260326954004,0.17105232432687695,0.7292591329976309,0.5544893738892768,-0.5386925034386613
89.0,77.0,True,0.4174183211620058,0.18032177978461514,0.7404971558650487,0.050308023017668624,1.9180591069524646
89.0,78.0,True,0.39510057386300546,0.14871193789924905,0.6303178571264789,-0.6672111383304794,1.043998443603364
89.0,79.0,True,0.3763318903852273,0.20513842881174085,0.7781217349290742,0.16841562638181654,0.06846281709056587
89.0,80.0,True,0.35645378404400396,0.2578465177613482,0.8980098587116827,0.7351416059042196,-0.23517201143376648
89.0,81.0,True,0.3647487098358253,0.14393367273563681,0.6057907402263647,-0.5568852183425321,-0.024203424290683957
89.0,82.0,True,0.12281091717779742,0.07684411587654477,0.3273157716767032,0.7709134085311259,-7.679706521714532
89.0,83.0,False,,,,,
89.0,84.0,False,,,,,
89.0,85.0,False,,,,,
89.0,86.0,False,,,,,
89.0,87.0,False,,,,,
89.0,88.0,False,,,,,
89.0,89.0,False,,,,,
89.0,90.0,False,,,,,
89.0,91.0,False,,,,,
89.0,92.0,False,,,,,
89.0,93.0,False,,,,,
89.0,94.0,False,,,,,
89.0,95.0,False,,,,,
89.0,96.0,False,,,,,
89.0,97.0,False,,,,,
89.0,98.0,False,,,,,
89.0,99.0,False,,,,,
89.0,100.0,False,,,,,
90.0,1.0,False,,,,,
90.0,2.0,False,,,,,
90.0,3.0,False,,,,,
90.0,4.0,False,,,,,
90.0,5.0,False,,,,,
90.0,6.0,False,,,,,
90.0,7.0,False,,,,,
90.0,8.0,False,,,,,
90.0,9.0,False,,,,,
90.0,10.0,False,,,,,
90.0,11.0,False,,,,,
90.0,12.0,False,,,,,
90.0,13.0,False,,,,,
90.0,14.0,False,,,,,
90.0,15.0,False,,,,,
90.0,16.0,False,,,,,
90.0,17.0,False,,,,,
90.0,18.0,False,,,,,
90.0,19.0,False,,,,,
90.0,20.0,False,,,,,
90.0,21.0,True,0.25202133766579393,0.1413503729897064,0.4906376827197393,-0.29601728132431204,-3.362581481436406
90.0,22.0,True,0.34984225716882894,0.17182501231296446,0.7075333083471258,0.662722347483619,-0.4863520736367046
90.0,23.0,True,0.4677505513741255,0.14916016269688018,0.7820178392040885,0.4378047801341394,3.384943020395789
90.0,24.0,True,0.4021616795706861,0.14939739318786113,0.7711983461292644,0.1195445089926045,0.9070779393057453
90.0,25.0,True,0.3589205383352807,0.12115574262972303,0.6050458483570256,-0.2517945597894783,-0.22722658082995026
90.0,26.0,True,0.3847477484839252,0.16941942277754188,0.7869370976042781,0.43720134351978457,0.4881948905511578
90.0,27.0,True,0.47948960855110995,0.1827564535969519,0.8053429504641035,0.5222486050973474,3.7438170443908114
90.0,28.0,True,0.4036747489755896,0.20522125942727149,0.8768443159280389,0.13547879205281824,1.4648198585675376
90.0,29.0,True,0.4008651425514234,0.1460942877601964,0.8717559784803526,0.7956633528697773,0.7285929760567262
90.0,30.0,True,0.32047636667523943,0.10959959394574127,0.5572710405007905,0.12718706986753403,-1.4059557431512928
90.0,31.0,True,0.4165707290246807,0.25496118704154735,1.0036690437337188,0.9329581445441902,1.7700970169844799
90.0,32.0,True,0.38544930655876597,0.13481139740504078,0.763130602893755,0.6411195674773337,0.7618640384590425
90.0,33.0,True,0.294456554262752,0.19773873761595182,0.7978610997518433,0.9579649654332048,-2.2798858298156173
90.0,34.0,True,0.3731285319426928,0.1638598945643849,0.671308281896846,-0.5192035343483284,0.5526089119657129
90.0,35.0,True,0.3930224780029092,0.1477298418081879,0.6668636820764771,0.28583511317489946,0.6744479166681259
90.0,36.0,True,0.5185851785356873,0.1814751229395322,0.8719373487071383,-0.044636347608839964,4.879990745803799
90.0,37.0,True,0.5340575403063635,0.2533531243566694,0.9991034043827264,0.0757842183840728,4.878599492619089
90.0,38.0,True,0.41871275982814143,0.16401593306128862,0.6862907917662927,-0.28917404955436404,1.774490919549115
90.0,39.0,True,0.36928547536175776,0.1671206175073336,0.6297535198227031,-0.18437951207188338,0.1537600453835211
90.0,40.0,True,0.31748233533684866,0.12962602856360103,0.5909239309868783,-0.15271742902846366,-1.6597349468883258
90.0,41.0,True,0.2813514102840521,0.151942970034222,0.5406557347070123,-0.08746604705307143,-2.4071550525621475
90.0,42.0,True,0.27499663679732117,0.10536477783220655,0.4555520494194536,-0.21614380453279275,-3.012653953399549
90.0,43.0,True,0.3072345494843525,0.12970877267308817,0.6769758957756429,0.8730022275643998,-1.948110300693831
90.0,44.0,True,0.2939011291240171,0.13951674041531523,0.557724184612076,-0.10491717459519125,-2.1134113999294044
90.0,45.0,True,0.3118365935115705,0.17165597810751845,0.595353475847036,-0.24313209475257314,-1.4748693214498234
90.0,46.0,True,0.33938456528561955,0.14592724778677696,0.7172001359409156,0.20085140224210077,-1.09633004807494
90.0,47.0,True,0.42131630052571767,0.17403117809473623,0.84021015677882,1.0565970774751452,1.4936553288973256
90.0,48.0,True,0.46090308225622545,0.1651344841606719,0.7682850543887675,-0.0014104024006842653,2.916545284167487
90.0,49.0,True,0.42926972252078605,0.16839466527801045,0.6897814318288091,-0.48744534937776896,2.194314454822835
90.0,50.0,True,0.4445360712015445,0.1906476914296371,0.8943315313441084,0.570025395648871,2.4236039471727864
90.0,51.0,True,0.39397357983508496,0.18299338091720266,0.7888577453150647,0.25626591965198,1.0339425211867677
90.0,52.0,True,0.4198765167255006,0.2021825136193949,0.8314501760036697,0.24125914921874658,1.5634859755830697
90.0,53.0,True,0.45559072478760354,0.16573797405620688,0.8810273888484514,0.13980574877030905,2.501117032509315
90.0,54.0,True,0.5284447029136841,0.15340360036292755,0.8922052037234348,0.591118307807841,5.064273573713288
90.0,55.0,True,0.41551804774659196,0.2599858741734164,1.047393663098021,0.6716818739334192,1.7975624582498146
90.0,56.0,True,0.43565251923720566,0.1457388342636528,0.7136040171849093,0.5256983001268111,2.212290814573275
90.0,57.0,True,0.32771680169036177,0.17675126521330212,0.6818658036657862,0.18046488139549716,-0.9203127098023154
90.0,58.0,True,0.3871313897081797,0.19607218622227024,0.7188229068281315,0.06113498876813466,0.6789761163740164
90.0,59.0,True,0.39388803973323605,0.1772727800135822,0.8004162135564603,0.6852335073140986,0.6804376155971786
90.0,60.0,True,0.4372756496428169,0.20406328500495793,0.870866349982033,0.7050525014229053,1.9594782867011924
90.0,61.0,True,0.3722281155802268,0.14595342096224992,0.6951134673234918,0.05146593044841712,0.12188928900943666
90.0,62.0,True,0.3534605245144697,0.14888773891296492,0.6263151150946124,0.01796451196127296,-0.2808007644604134
90.0,63.0,True,0.39072297562853825,0.15140024524875428,0.7846854958509727,0.5937913555156275,0.5881838786020904
90.0,64.0,True,0.5226390712085468,0.22548609224140534,1.0676963270947668,0.37329606855729625,4.881552560656405
90.0,65.0,True,0.6895159409141025,0.2714236091819444,1.3478395967609664,0.31575074342233783,9.48109024058243
90.0,66.0,True,0.46546179112077085,0.23087276020465677,0.8833584156200869,0.10531432297210565,3.1861327280761342
90.0,67.0,True,0.6917843295169097,0.2592605372713343,1.0281167738683994,-0.9713571133221001,10.356492179093937
90.0,68.0,True,0.6059011208501615,0.1955990656602883,0.8573275267539117,-1.2207719090276214,7.805216359145589
90.0,69.0,True,0.42961722462625046,0.2656442567766376,0.9709951165958708,0.4039718101079511,2.263516138635126
90.0,70.0,True,0.36951716572976034,0.10809616073027685,0.5216345052214458,-0.4912245700477173,0.07907952400411995
90.0,71.0,True,0.3620589388936476,0.1481621609459234,0.6694185139086677,0.1234960533063786,-0.029197649923828405
90.0,72.0,True,0.4002410907182224,0.26586122075953816,0.979327999724494,0.7093738568173129,0.8641325481937487
90.0,73.0,True,0.38604344309637395,0.23824592433540204,0.9285355568021534,0.5735948661751598,0.9385118606987398
90.0,74.0,True,0.5755899765908972,0.2265035776902769,0.985607934901612,-0.09714966067603252,5.950198138579281
90.0,75.0,True,0.4064248815191423,0.20328680459757706,0.938314839123345,0.7619966723225616,0.5901763748611122
90.0,76.0,True,0.49638813709683516,0.22142797627626826,1.0910275395225475,0.892233216432273,3.9640582432360594
90.0,77.0,True,0.2956658349808938,0.10858150160343971,0.5005849572291862,0.11971109660587026,-2.343817980984179
90.0,78.0,True,0.3787045593202572,0.15263554941858626,0.7027048517260968,0.3142760732034517,0.2922812656313608
90.0,79.0,True,0.3608132422533135,0.1404155095903114,0.6356633326709465,0.2635075407623113,-0.10073187237388334
90.0,80.0,True,0.34423386931903016,0.18347885033329692,0.7046605998579838,0.5272425780436879,-0.8238372586418988
90.0,81.0,True,0.10567207074479772,0.0916687001817227,0.3108457377637443,0.6510477436182946,-8.471725052031514
90.0,82.0,False,,,,,
90.0,83.0,False,,,,,
90.0,84.0,False,,,,,
90.0,85.0,False,,,,,
90.0,86.0,False,,,,,
90.0,87.0,False,,,,,
90.0,88.0,False,,,,,
90.0,89.0,False,,,,,
90.0,90.0,False,,,,,
90.0,91.0,False,,,,,
90.0,92.0,False,,,,,
90.0,93.0,False,,,,,
90.0,94.0,False,,,,,
90.0,95.0,False,,,,,
90.0,96.0,False,,,,,
90.0,97.0,False,,,,,
90.0,98.0,False,,,,,
90.0,99.0,False,,,,,
90.0,100.0,False,,,,,
91.0,1.0,False,,,,,
91.0,2.0,False,,,,,
91.0,3.0,False,,,,,
91.0,4.0,False,,,,,
91.0,5.0,False,,,,,
91.0,6.0,False,,,,,
91.0,7.0,False,,,,,
91.0,8.0,False,,,,,
91.0,9.0,False,,,,,
91.0,10.0,False,,,,,
91.0,11.0,False,,,,,
91.0,12.0,False,,,,,
91.0,13.0,False,,,,,
91.0,14.0,False,,,,,
91.0,15.0,False,,,,,
91.0,16.0,False,,,,,
91.0,17.0,False,,,,,
91.0,18.0,False,,,,,
91.0,19.0,False,,,,,
91.0,20.0,False,,,,,
91.0,21.0,False,,,,,
91.0,22.0,True,0.14047506330487886,0.08914337469202183,0.3764874059247763,0.8929361125282763,-7.297790752531085
91.0,23.0,True,0.5141089716868079,0.11024412946486746,0.8096825654330474,0.6776309457264312,4.482203795671199
91.0,24.0,True,0.36801407308023465,0.15180321177842446,0.6266742793953486,-0.32732592530829835,0.3622363028714228
91.0,25.0,True,0.5045447041710784,0.21071006186688285,0.975878001739514,0.5992824316691988,4.6749451041676675
91.0,26.0,True,0.3880681472108146,0.1965562704511255,0.8550611295170237,0.9056524121963606,0.8014610392542953
91.0,27.0,True,0.3014038334229999,0.14583187403042108,0.7647916060020183,0.6477483709063392,-2.4845525034896583
91.0,28.0,True,0.47716461173352165,0.2778378718254519,1.1379388870876266,0.5175444649755927,3.9264088280693645
91.0,29.0,True,0.4251706408949443,0.12720648122880882,0.6241736853808759,-0.32808135289853896,1.8908535058019413
91.0,30.0,True,0.33245824581307615,0.1643414353945361,0.590986847449363,-0.39769966906207327,-0.7177318205842951
91.0,31.0,True,0.25535714732374426,0.12103428463968735,0.4826520434553291,-0.23166170851758644,-3.657118100273774
91.0,32.0,True,0.45809929592045134,0.1751223902473619,0.7830202298321949,-0.264328347263704,3.176001004089444
91.0,33.0,True,0.4701969827847435,0.21148121677832074,0.9056199839232736,0.2585408573678542,3.29659310582547
91.0,34.0,True,0.4689379799475051,0.18226618919007037,0.8685866289208299,0.12080789125182081,3.575401230225764
91.0,35.0,True,0.5220384635549443,0.2833383203337954,1.1567336868443845,0.4197430105483082,5.4365335288279235
91.0,36.0,True,0.6678710541289776,0.323810506355087,1.5,0.3219521849522654,9.132223899619083
91.0,37.0,True,0.5591763371137464,0.1464274598388714,0.7874045027525519,-0.9755061605383611,6.0950144198664225
91.0,38.0,True,0.3666594953932636,0.10936680711783024,0.5452919656661147,-0.6843274929256358,0.23979518267582195
91.0,39.0,True,0.3595743711850185,0.14547014757312887,0.7088452534153535,0.6713925850430638,-0.24039139730954467
91.0,40.0,True,0.43922165641775357,0.17402810357888115,0.8129724027578896,0.544363828313819,2.3778452465528432
91.0,41.0,True,0.49745981054584415,0.27430200834483587,1.200057667578906,0.8456660397165073,4.122293908996089
91.0,42.0,True,0.32028684168712684,0.17608381738373602,0.808131737213133,0.5349685481594847,-1.5684617526568554
91.0,43.0,True,0.36126482146996713,0.17680595243418312,0.7179636396583701,0.36971320714190853,-0.21213689426609067
91.0,44.0,True,0.28341835343783,0.16292049310962925,0.6554262344887805,0.8863013678576447,-2.6370875045651525
91.0,45.0,True,0.27718815205513603,0.1889678815130103,0.5728651385006621,0.20556254965995152,-2.6556898836245764
91.0,46.0,True,0.38094522220060373,0.1695101328720742,0.7840404471575444,0.07959441619926187,0.15469902626257892
91.0,47.0,True,0.45991392783524426,0.2339332346546407,0.9750936856479026,0.33909951483243134,3.253541579804518
91.0,48.0,True,0.36315167704619405,0.14228931561488012,0.7415876827301936,0.37176799539583194,-0.3632940543625208
91.0,49.0,True,0.4501937989430397,0.24681947053311737,1.128182855761727,1.0506257273068478,1.9815194878053242
91.0,50.0,True,0.3434731731785437,0.2064313606732376,0.7326000419648873,0.3212087640426821,-0.4543277845240123
91.0,51.0,True,0.4074236285267606,0.22678521426755907,0.7675784044112822,-0.15844879903014608,1.048567900810899
91.0,52.0,True,0.5142500185072373,0.2706076079146863,1.0209985731918865,0.2312464148710429,4.3693018214177135
91.0,53.0,True,0.3147109976174173,0.16393487446264712,0.6166126756219752,0.09939792757334301,-1.5947630743592751
91.0,54.0,True,0.43310728747023064,0.12590505095230478,0.6865568169369053,-0.2994118892890669,1.7185014839108212
91.0,55.0,True,0.454762770232331,0.19210172510598447,0.8805688564331098,0.1704819539419153,3.0352835650092214
91.0,56.0,True,0.2993858758481075,0.11959115277715192,0.5768473960830155,-0.09316375157733751,-2.1251467168002494
91.0,57.0,True,0.2676308393760739,0.1401259771881944,0.5600782627276617,0.07246843162539024,-3.0727926972202133
91.0,58.0,True,0.25900418880623866,0.10748857844737761,0.4859554067169451,-0.22831170176596266,-3.396672172232339
91.0,59.0,True,0.35737892429224005,0.12598153235011195,0.5899576770505224,-0.14485878984018963,-0.32961206801822324
91.0,60.0,True,0.3688197070623794,0.11961324458089413,0.5663479825779161,-0.6032490940211834,0.10420158556823612
91.0,61.0,True,0.35380254082635576,0.1558584575354719,0.6215284766263285,-0.16297023323833434,-0.2605138157177745
91.0,62.0,True,0.435441138514552,0.24523078051028074,0.8287117129159901,0.12270484606405348,2.2518359539002577
91.0,63.0,True,0.4657045820297827,0.15118071791062154,0.7984514408691427,0.30919819492366984,3.2296952772740695
91.0,64.0,True,0.5118807917936792,0.2190612834379619,0.9996904883891592,0.6594394505176759,4.738298393646025
91.0,65.0,True,0.592120925732323,0.2731938463117473,1.2954872139908908,0.4939172244077301,6.934434427835824
91.0,66.0,True,0.6411291360854376,0.2322359079393023,1.163583692619934,0.4039730574541555,8.380918108444353
91.0,67.0,True,0.6706218674389506,0.32155004091517614,1.306878596096584,-0.027692710806028396,9.742506316552019
91.0,68.0,True,0.5972412450627909,0.22424388093141617,0.9614568787932803,-0.532693009132689,7.4320737426340555
91.0,69.0,True,0.5508350759797481,0.2008459791632522,0.8667783754083331,-0.5883949874342999,6.188152406455928
91.0,70.0,True,0.40700605226953046,0.1622114604348004,0.684977493500746,0.1348568907964692,1.454155284462259
91.0,71.0,True,0.4684158176913432,0.1830217124312385,0.8919214609405147,0.06268018475345634,2.879178773610022
91.0,72.0,True,0.3780660209348353,0.2057372637648654,0.8816098929707029,0.7523671170069213,0.5477164602329792
91.0,73.0,True,0.36511842495037233,0.1638966488879148,0.7479052732372606,0.014947255022763103,-0.006459474346895742
91.0,74.0,True,0.3709021673855083,0.17280070539122364,0.6905293468229123,0.17706964205604556,0.39338755928252445
91.0,75.0,True,0.4670105399021685,0.14485766429564523,0.903690497838838,0.7114662638986684,2.833187482817656
91.0,76.0,True,0.4646902562737796,0.1896916656013517,0.9443272438606366,0.5993145837888517,3.026042530867385
91.0,77.0,True,0.326312547950473,0.14788692799652406,0.6092472777141335,-0.0888138074490411,-1.21506332807752
91.0,78.0,True,0.32543214607293297,0.15912360775754483,0.6237904718948966,0.18196408486494284,-1.4732307439140166
91.0,79.0,True,0.2386143025419794,0.20522974575325903,0.6617542856524842,0.6685844638281392,-3.7007569046843036
91.0,80.0,False,,,,,
91.0,81.0,False,,,,,
91.0,82.0,False,,,,,
91.0,83.0,False,,,,,
91.0,84.0,False,,,,,
91.0,85.0,False,,,,,
91.0,86.0,False,,,,,
91.0,87.0,False,,,,,
91.0,88.0,False,,,,,
91.0,89.0,False,,,,,
91.0,90.0,False,,,,,
91.0,91.0,False,,,,,
91.0,92.0,False,,,,,
91.0,93.0,False,,,,,
91.0,94.0,False,,,,,
91.0,95.0,False,,,,,
91.0,96.0,False,,,,,
91.0,97.0,False,,,,,
91.0,98.0,False,,,,,
91.0,99.0,False,,,,,
91.0,100.0,False,,,,,
92.0,1.0,False,,,,,
92.0,2.0,False,,,,,
92.0,3.0,False,,,,,
92.0,4.0,False,,,,,
92.0,5.0,False,,,,,
92.0,6.0,False,,,,,
92.0,7.0,False,,,,,
92.0,8.0,False,,,,,
92.0,9.0,False,,,,,
92.0,10.0,False,,,,,
92.0,11.0,False,,,,,
92.0,12.0,False,,,,,
92.0,13.0,False,,,,,
92.0,14.0,False,,,,,
92.0,15.0,False,,,,,
92.0,16.0,False,,,,,
92.0,17.0,False,,,,,
92.0,18.0,False,,,,,
92.0,19.0,False,,,,,
92.0,20.0,False,,,,,
92.0,21.0,False,,,,,
92.0,22.0,False,,,,,
92.0,23.0,True,0.031252352719841024,0.038391496963559514,0.114163357142378,0.9045965394500504,-10.574800111655948
92.0,24.0,True,0.24872409572420415,0.14612068298029562,0.6399401882082852,0.5603456869759371,-3.7832092642563238
92.0,25.0,True,0.4690331264059819,0.13249529351711622,0.7795801930053585,0.23485124377043876,3.1251023392377095
92.0,26.0,True,0.4248569733763627,0.2186679770559101,0.7324641543997221,-0.09295705363950786,2.219725129611178
92.0,27.0,True,0.4109702346426144,0.20140568363301986,0.7656901439930651,-0.10463926771621757,1.1731777247084683
92.0,28.0,True,0.42338737610026955,0.12816257144415436,0.7003278643640984,0.17222167531318208,1.806671006550666
92.0,29.0,True,0.6539550081320435,0.21370337157507463,1.1135764110250153,0.2310725084740497,9.375093080926263
92.0,30.0,True,0.47053351861204445,0.22528513512491954,0.7813439561090679,-0.38017060253260376,3.074252764732619
92.0,31.0,True,0.5161711017425725,0.22539145697063706,0.925038505266538,0.08167533115057804,4.938081311722032
92.0,32.0,True,0.3097267767832849,0.08542478449436398,0.4548884588343321,-0.2114759795735829,-1.9503756851435041
92.0,33.0,True,0.3432058989796159,0.24444393717268834,1.0709560311135349,0.7299844670906819,-1.4734477291293246
92.0,34.0,True,0.4997862542261676,0.21924638302694596,0.9653586405420228,0.12617789485895048,4.473982787294278
92.0,35.0,True,0.5988435275731332,0.2890819841035693,0.9975436528490752,-0.36679802498762226,7.357935427973435
92.0,36.0,True,0.7404879798152213,0.3045216218707063,1.343112330474847,0.098942057582802,12.28556998395121
92.0,37.0,True,0.5868638550716547,0.27633980592072005,1.030133709539088,-0.41985183790543185,7.173183309494064
92.0,38.0,True,0.4378429133748149,0.19919451716483938,0.8020695006736065,-0.13350186932423072,2.3646730185134803
92.0,39.0,True,0.6384603107397308,0.3465161207981604,1.273749958193115,-0.27169116804013127,9.261860241785898
92.0,40.0,True,0.4258224104241261,0.14798001180291,0.6497816369857632,-0.6518977376044623,1.9099251727383701
92.0,41.0,True,0.3581164989099139,0.2408393818190397,0.9650007198907292,0.44100410419820496,-0.32804367136586693
92.0,42.0,True,0.3880674931847895,0.15161844491727577,0.7142276034225127,-0.16680281275294698,0.6863885055876987
92.0,43.0,True,0.3283326448197131,0.18585595539496827,0.8122360798710909,0.6987780199962692,-1.3070114111278468
92.0,44.0,True,0.3597513024057709,0.2301928059942224,0.9206427667659558,1.149868223140214,-0.5580599141886138
92.0,45.0,True,0.33622811363451505,0.18424829050047284,0.7275544934902004,0.3929840344909954,-1.3887765728865609
92.0,46.0,True,0.32491214784835565,0.13368089036725386,0.5925794978327246,0.313237062261141,-1.0985151921566922
92.0,47.0,True,0.39611731929985666,0.1401064781070092,0.6659880698305088,-0.3932539822107218,0.7041985390820822
92.0,48.0,True,0.4140285667317346,0.1254689954968349,0.6712059443410223,0.35518049375771765,1.3731674509868905
92.0,49.0,True,0.5163878367044161,0.12117084276091306,0.7410023705243665,-0.29890443605467576,4.667834012578713
92.0,50.0,True,0.4640995175952658,0.19597201487153554,0.8877739684054499,0.3051228750451695,2.8455704713232777
92.0,51.0,True,0.49526230365560553,0.26921232973748505,1.1520883083532685,0.8822789320904783,3.644759495185413
92.0,52.0,True,0.5096513293554811,0.24206462518877006,0.9318684696796824,-0.08560183765096123,4.6244097695408755
92.0,53.0,True,0.5635445179998039,0.13982783857628733,0.7727827796905647,-0.964289712191012,6.452410533901365
92.0,54.0,True,0.3496439069573978,0.19676528001527005,0.7267499006459431,0.1571906659038548,-0.15810449847048333
92.0,55.0,True,0.5123618202599647,0.16527564884915807,0.9693024359213775,1.2382213487489668,4.700138710034403
92.0,56.0,True,0.4673558288157307,0.16319932318777294,0.8708740271448654,-0.13299463253674876,3.194732975365034
92.0,57.0,True,0.3870358157632863,0.16699235521832628,0.674029995556868,-0.08572851355909684,0.5459311145462697
92.0,58.0,True,0.45624083392899567,0.21037240394878104,0.9612148438498098,0.9539976711555074,2.920567641626589
92.0,59.0,True,0.45316669693841194,0.20812336718587343,0.7320875221660638,-0.6009046603124005,2.4762062819216393
92.0,60.0,True,0.34218572383143336,0.1505030063609036,0.5647184576961873,-0.20518680769081585,-1.2692093882398165
92.0,61.0,True,0.4693317616060175,0.2069078617916153,0.9212658702659626,0.5956495757444935,3.131867251491921
92.0,62.0,True,0.37352515231557826,0.16483896015496954,0.7598348828532565,0.4181372750544251,0.3752588192206096
92.0,63.0,True,0.457781422521223,0.16601525529770725,0.7638496529147948,-0.15007199351974762,3.1171952857650305
92.0,64.0,True,0.48189375261559747,0.22144348838773414,0.8927345930094429,0.373364599439587,3.9471641674957443
92.0,65.0,True,0.5388587181741801,0.19284187681597412,0.925203416363814,0.32185952053392014,5.571643033910774
92.0,66.0,True,0.3814300721453739,0.14473125306239318,0.7513394320132929,0.4923570564048616,0.47454828929680754
92.0,67.0,True,0.7503237230815953,0.26360891912920154,1.323509190265169,0.5086647977031379,12.313446532320976
92.0,68.0,True,0.635814051421151,0.27625900241119206,1.0728103327217715,-0.26232868789174546,8.772043577941803
92.0,69.0,True,0.40657476591457936,0.15689682241524128,0.6344255793828935,-0.37920723116336835,1.5516264060012297
92.0,70.0,True,0.4206663920394684,0.24221626948541977,1.3005974493450931,1.541823143219465,1.208489796979267
92.0,71.0,True,0.3425563756221102,0.17098945469577187,0.7336637661714718,0.502564544217609,-0.49021792299485795
92.0,72.0,True,0.46996158179693337,0.23835641753352596,0.96145395579262,0.16191355150595083,3.0980181568372864
92.0,73.0,True,0.5234997833358728,0.17135547449936603,0.8306154532609078,-0.8456783335964257,5.106237971765385
92.0,74.0,True,0.3827869392894251,0.16205393142403038,0.6687543077121411,-0.02754319775226469,0.4288234873750781
92.0,75.0,True,0.7212429336200423,0.31120219292934787,1.374864071304854,0.1561554385571195,11.149651747727058
92.0,76.0,True,0.6006053688310852,0.24979331239386587,0.983996453014698,-0.21230500026197627,6.961053245208878
92.0,77.0,True,0.40023651795769294,0.12080896938174417,0.6466130939612762,0.05369158216065029,0.9503169689412565
92.0,78.0,True,0.22106073778949925,0.11376804263897802,0.4660504347337518,0.3011618126113951,-4.752826491607942
92.0,79.0,False,,,,,
92.0,80.0,False,,,,,
92.0,81.0,False,,,,,
92.0,82.0,False,,,,,
92.0,83.0,False,,,,,
92.0,84.0,False,,,,,
92.0,85.0,False,,,,,
92.0,86.0,False,,,,,
92.0,87.0,False,,,,,
92.0,88.0,False,,,,,
92.0,89.0,False,,,,,
92.0,90.0,False,,,,,
92.0,91.0,False,,,,,
92.0,92.0,False,,,,,
92.0,93.0,False,,,,,
92.0,94.0,False,,,,,
92.0,95.0,False,,,,,
92.0,96.0,False,,,,,
92.0,97.0,False,,,,,
92.0,98.0,False,,,,,
92.0,99.0,False,,,,,
92.0,100.0,False,,,,,
93.0,1.0,False,,,,,
93.0,2.0,False,,,,,
93.0,3.0,False,,,,,
93.0,4.0,False,,,,,
93.0,5.0,False,,,,,
93.0,6.0,False,,,,,
93.0,7.0,False,,,,,
93.0,8.0,False,,,,,
93.0,9.0,False,,,,,
93.0,10.0,False,,,,,
93.0,11.0,False,,,,,
93.0,12.0,False,,,,,
93.0,13.0,False,,,,,
93.0,14.0,False,,,,,
93.0,15.0,False,,,,,
93.0,16.0,False,,,,,
93.0,17.0,False,,,,,
93.0,18.0,False,,,,,
93.0,19.0,False,,,,,
93.0,20.0,False,,,,,
93.0,21.0,False,,,,,
93.0,22.0,False,,,,,
93.0,23.0,False,,,,,
93.0,24.0,False,,,,,
93.0,25.0,True,0.04221917426766437,0.0722893603299163,0.3109133462918458,2.1026506944066896,-10.382333250122896
93.0,26.0,True,0.3680076718862609,0.17860368266622945,0.6907019544158247,-0.4523745231269501,0.19509059521999758
93.0,27.0,True,0.469973163953466,0.19916186777494457,0.8780130479702951,-0.057604714044104575,2.727675449359592
93.0,28.0,True,0.6309407583264703,0.11987846157151102,0.8220977712053128,-0.44175738632485534,8.183560891313688
93.0,29.0,True,0.618494200530434,0.1926095732630224,1.1243148715209172,0.5202683335941213,8.010293542005163
93.0,30.0,True,0.6430667828691952,0.36034579159768865,1.3863482588948657,0.4678731944473093,8.031089985336727
93.0,31.0,True,0.5124227191090015,0.20198204934155228,1.035665677380125,0.5368671052971007,4.0211161566090015
93.0,32.0,True,0.3699681801350115,0.1737159170022776,0.7193860090028251,0.09917094272117906,0.4589712269370166
93.0,33.0,True,0.5082755878969839,0.1925642291518863,0.8969636013374315,-0.22266871590625256,4.62556501324256
93.0,34.0,True,0.5623330472211602,0.211022856996272,0.9927519159449424,-0.1740489036820512,6.5395551883904215
93.0,35.0,True,0.4463667469770932,0.24940676735750694,0.8536712059897352,-0.11879939645963541,2.9452912901725075
93.0,36.0,True,0.6660509221753925,0.21943281900589015,1.0461155320173894,0.16505014189969158,9.647410361044562
93.0,37.0,True,0.7084901235604671,0.312423949465986,1.2625822013516306,-0.3511918782783871,11.477902426583075
93.0,38.0,True,0.7172602039929545,0.2923080062983775,1.3065451166830673,0.3670895439928709,11.519560407644626
93.0,39.0,True,0.6402694823456866,0.297520627820794,1.1202134957312857,-0.5958207641428285,9.331470282089024
93.0,40.0,True,0.4812864393203331,0.28349378971459577,1.1266899504786814,0.39397951124698516,4.1037027776382375
93.0,41.0,True,0.41677970659714786,0.19624105184755447,0.6496669320305873,-0.6286289704339147,2.0943739117979905
93.0,42.0,True,0.3050583092481524,0.21248107872744587,0.8380718393650981,0.6517353751143461,-1.5460397133881458
93.0,43.0,True,0.44477614834962503,0.2307881913234209,1.0206861822952151,0.6630885110502521,2.4623256633124337
93.0,44.0,True,0.4610891894630372,0.22003867421607884,0.9441630525266324,0.30109025153999014,2.920956530223758
93.0,45.0,True,0.3307423574919395,0.12057574493065558,0.5621339099861585,-0.017773869374577474,-0.9537697156266287
93.0,46.0,True,0.3518895144943545,0.22751690322618778,0.7720635366382427,0.4967604020129403,-0.3773269725237986
93.0,47.0,True,0.3575289519720112,0.07361062720005546,0.4895084419329829,-0.11729557570024947,-0.3821412787318331
93.0,48.0,True,0.4703800789120509,0.2631674323590138,0.90916993335278,-0.022676540381107176,2.709823674681595
93.0,49.0,True,0.3847210620156036,0.1301833511617203,0.6466423299952206,0.3735220460232363,0.5684941154278188
93.0,50.0,True,0.6263376084810245,0.16798599930639288,1.0196957346443385,0.7829153005006028,7.853718800105278
93.0,51.0,True,0.46658757002423534,0.1937478751584647,0.9071320399130448,0.13152234526053536,2.8308081266704765
93.0,52.0,True,0.5490685587052678,0.19590649218157064,1.136536030518349,0.3807497699742934,5.561094594264543
93.0,53.0,True,0.537553383833693,0.19065783722122182,0.9684482205084052,0.36552302776148005,5.7175618191491875
93.0,54.0,True,0.5522611872089986,0.39013303970402197,1.42920922035956,0.8208269348301649,6.088809483753988
93.0,55.0,True,0.45088716743438323,0.22967018052143665,0.9265536993271624,0.05398073791348077,3.058076322535708
93.0,56.0,True,0.4450090837385913,0.21992143166783143,0.9503491985757818,0.922238328806869,2.026818069928254
93.0,57.0,True,0.36064731364200764,0.14102910307566469,0.6449950309881219,-0.25741680605431655,-0.44084635766453356
93.0,58.0,True,0.41776019179338064,0.13794252305775856,0.6816877926129971,-0.12203580060392034,1.797319858940628
93.0,59.0,True,0.4690899324286506,0.1471740837477483,0.6883545444184679,-0.6917491554649575,3.3329344494194997
93.0,60.0,True,0.4941883406695775,0.22842542999178667,1.4539605657299186,1.9937846539384054,3.182351759304443
93.0,61.0,True,0.46849172423422375,0.14710600048566047,0.7407131868047081,0.11263285137559814,3.2348109415137256
93.0,62.0,True,0.3823819620918729,0.20855888304532524,0.7291757374256559,-0.09880918296395533,0.2027425726700531
93.0,63.0,True,0.5172099934993151,0.16689939746479643,0.7764885430313753,-0.5177655535848006,4.9334270865314975
93.0,64.0,True,0.3806300398742085,0.20426977564221965,0.7281931362329525,0.028021557601203347,0.44070549457001035
93.0,65.0,True,0.48525478824394563,0.2052515736431166,0.8970195440857398,0.13516328365425506,3.8870856053541014
93.0,66.0,True,0.5309525791000282,0.21649595948316225,1.080108428876878,0.7307626130741186,5.179334450365292
93.0,67.0,True,0.5029394175924752,0.18822913256175342,0.7686174627143323,-0.13643107801692586,4.321807929884829
93.0,68.0,True,0.33175460712465377,0.14340000250394422,0.5088429972915516,-0.4589589425839679,-0.9539801711839674
93.0,69.0,True,0.4597401623270393,0.16351539311315483,0.773805931978211,-0.4519345404024161,3.339749483467541
93.0,70.0,True,0.47033940102058197,0.17230871904576756,0.8877386741300743,0.5665674209230516,3.003140871533539
93.0,71.0,True,0.3644478266728007,0.19601464172055522,0.6821320289098288,-0.051465033351202095,-0.15389355124323206
93.0,72.0,True,0.3725581726235276,0.16514412094444972,0.7782167942933665,0.4357121335264137,0.4687729780049418
93.0,73.0,True,0.5119326271887168,0.16647444669466285,1.0192973108084096,0.7483866055271412,4.076873377568358
93.0,74.0,True,0.6412513390590057,0.2705981455745258,1.2806455110920376,0.8753452981310955,8.904200431834019
93.0,75.0,True,0.47208490054632807,0.14161655868241252,0.7500964083650771,0.0888679152216922,2.845043439563839
93.0,76.0,True,0.33488379269259994,0.17376576422261278,0.8735276650277047,0.5602784137502318,-1.354381476187703
93.0,77.0,True,0.041284816948937667,0.03586169789148972,0.0990103875745352,0.25957233566753696,-10.31131257213537
93.0,78.0,False,,,,,
93.0,79.0,False,,,,,
93.0,80.0,False,,,,,
93.0,81.0,False,,,,,
93.0,82.0,False,,,,,
93.0,83.0,False,,,,,
93.0,84.0,False,,,,,
93.0,85.0,False,,,,,
93.0,86.0,False,,,,,
93.0,87.0,False,,,,,
93.0,88.0,False,,,,,
93.0,89.0,False,,,,,
93.0,90.0,False,,,,,
93.0,91.0,False,,,,,
93.0,92.0,False,,,,,
93.0,93.0,False,,,,,
93.0,94.0,False,,,,,
93.0,95.0,False,,,,,
93.0,96.0,False,,,,,
93.0,97.0,False,,,,,
93.0,98.0,False,,,,,
93.0,99.0,False,,,,,
93.0,100.0,False,,,,,
94.0,1.0,False,,,,,
94.0,2.0,False,,,,,
94.0,3.0,False,,,,,
94.0,4.0,False,,,,,
94.0,5.0,False,,,,,
94.0,6.0,False,,,,,
94.0,7.0,False,,,,,
94.0,8.0,False,,,,,
94.0,9.0,False,,,,,
94.0,10.0,False,,,,,
94.0,11.0,False,,,,,
94.0,12.0,False,,,,,
94.0,13.0,False,,,,,
94.0,14.0,False,,,,,
94.0,15.0,False,,,,,
94.0,16.0,False,,,,,
94.0,17.0,False,,,,,
94.0,18.0,False,,,,,
94.0,19.0,False,,,,,
94.0,20.0,False,,,,,
94.0,21.0,False,,,,,
94.0,22.0,False,,,,,
94.0,23.0,False,,,,,
94.0,24.0,False,,,,,
94.0,25.0,False,,,,,
94.0,26.0,False,,,,,
94.0,27.0,True,0.12453889293208895,0.06227027092935265,0.2647428699144312,0.260671595960983,-7.696631485811791
94.0,28.0,True,0.3547564612091204,0.19664113764094315,0.8366795652157011,0.14265466132338425,-0.6683225384840198
94.0,29.0,True,0.5220538989396586,0.19778176200745265,0.87409672246319,-0.4097942503466569,4.714061214868539
94.0,30.0,True,0.7720589750026458,0.3027436292491332,1.4619734908975817,0.046367450058933994,12.556159838820781
94.0,31.0,True,0.6205521004735522,0.20076197518940425,1.0414701260804446,0.15398262554308095,7.908903816749861
94.0,32.0,True,0.33260777590686835,0.16858035927226375,0.6977202445476577,0.3671552207751593,-1.27691138260466
94.0,33.0,True,0.4727356265590029,0.26857310409785967,0.9059342558650711,-0.02516684584649341,3.3219377370166496
94.0,34.0,True,0.5138982422697949,0.2582601003214678,0.933099077851516,0.014230762161343675,4.861929428070201
94.0,35.0,True,0.5206409214741382,0.19812209915019496,0.80666498899591,-0.3559089579428555,5.156134962275778
94.0,36.0,True,0.5627909743788805,0.27298679689371663,1.2078569145808105,0.32445571662651623,6.006529426348377
94.0,37.0,True,0.6542988684857836,0.27961132229859065,1.2630977735037483,0.3435820142877347,9.0657288113759
94.0,38.0,True,0.6959402197560673,0.31494421727251287,1.48887695643175,0.9312624834720944,10.492335982491237
94.0,39.0,True,0.6448398739958365,0.3607987199616992,1.3452679992272492,-0.2195563875241721,9.175496331032933
94.0,40.0,True,0.48743729100365946,0.31689481967433525,1.1792773006163924,0.6983159115320967,4.171232872069973
94.0,41.0,True,0.49137576810396383,0.21077678462972854,0.9969552984969092,0.7124955240607695,3.936960606804342
94.0,42.0,True,0.4675521696873953,0.21277186435524126,0.9852842784196364,0.5489379016628543,2.829768655520084
94.0,43.0,True,0.489741548567548,0.1854127193942521,0.8082663184809407,-0.6470443429800574,4.356565619783877
94.0,44.0,True,0.29705600925782816,0.1786963591561628,0.6771577732269976,0.18311990824067748,-2.4340818909201056
94.0,45.0,True,0.4034126908493565,0.11185142978450137,0.6474577416437297,0.1343136376117334,1.1894638295487057
94.0,46.0,True,0.2985544360613295,0.16260533015968914,0.7328044978184748,1.3604116889944122,-2.216128683429197
94.0,47.0,True,0.5295686111715787,0.2023323384141628,1.2819364505756827,1.3734555465107132,4.708274421179779
94.0,48.0,True,0.49157493342158154,0.18184848116460317,0.8330983374087056,0.06909717604911095,3.686137318520978
94.0,49.0,True,0.4594295767544088,0.15165155141679848,0.6908523192913418,-0.7928431522977863,2.877110620133133
94.0,50.0,True,0.5253419054733355,0.15754453687317643,0.7985966791040058,-0.2812006001722717,4.760021387687407
94.0,51.0,True,0.4791380735110735,0.20366302905551342,0.8645382644586513,-0.02313299780054583,3.7327142362196533
94.0,52.0,True,0.5073346389428213,0.1969354818711259,0.9960639075930244,0.3780673565372529,4.5534080927624245
94.0,53.0,True,0.6843788590454343,0.1409740220888573,0.9087140784532608,-0.21300688624046393,10.056784626856944
94.0,54.0,True,0.5401691349726656,0.14125466376949453,0.8197827870045747,0.06516458171153015,5.404823914185767
94.0,55.0,True,0.6401895573341703,0.16975383607097627,0.8774701543212391,-0.8081867274883245,8.914751496692832
94.0,56.0,True,0.40179468092611414,0.1581322463978792,0.7687252914244405,0.20515858041446655,1.1342171532893097
94.0,57.0,True,0.423250765377106,0.12940858459621632,0.8160322135761866,1.1360864354095135,1.8189073399035762
94.0,58.0,True,0.2886402172795566,0.1432156915016532,0.6040251035734491,0.575094568571592,-2.5262918207385523
94.0,59.0,True,0.4320080447133951,0.2894644315997912,1.5,2.2912788539228317,1.1922395821149459
94.0,60.0,True,0.4143765671316689,0.20307703254747098,0.7533780363187182,-0.2756471740922846,1.06581974568335
94.0,61.0,True,0.4069365518928838,0.11549397293714728,0.5897808327240832,-0.4033937441734797,0.9977471470530735
94.0,62.0,True,0.4525566594482667,0.16214153213133542,0.7711481181250066,0.36540401228319713,2.739788772282439
94.0,63.0,True,0.3875619389227299,0.14252498872771532,0.5947351448962843,-0.2739501902258411,0.2435038256518499
94.0,64.0,True,0.3505945501227225,0.12527217007112426,0.5624999631947767,-0.21411700785016663,-0.39010796974993206
94.0,65.0,True,0.41471041683423915,0.2014662080365764,0.8081221807431264,0.2416781568311926,1.5931409768441407
94.0,66.0,True,0.320661104768964,0.14702502435149636,0.590485289608563,0.21887481614382137,-1.263412849285891
94.0,67.0,True,0.3879614782325287,0.14996769688605152,0.6760670829403822,0.09997148658562544,0.7146266203694298
94.0,68.0,True,0.4091412800208556,0.13411938622919073,0.6566031820964605,-0.43517424661814824,1.289170161218556
94.0,69.0,True,0.5239871435260094,0.15084876662991273,0.8570125587224036,0.012839807535463597,4.827083719642185
94.0,70.0,True,0.3766664737455476,0.1965547280718594,0.6811639782298597,-0.08347249477133388,0.4661518406908129
94.0,71.0,True,0.48876211959546795,0.21928454873208353,0.8996733649223891,-0.5938619815424663,3.6086591949374975
94.0,72.0,True,0.3701285003549857,0.20852939079858054,0.8937839189266338,0.6240624721530904,-0.2534571825096748
94.0,73.0,True,0.4031268243680111,0.21716524484352617,0.7583919739773495,-0.00584874069819242,1.543256625976878
94.0,74.0,True,0.45827553448390507,0.23300174459904452,0.8871000467256988,0.36642559855625934,3.1912842392859098
94.0,75.0,True,0.09196983672910347,0.07134413434342118,0.2654674564025735,0.6992629897225184,-8.689223862148397
94.0,76.0,False,,,,,
94.0,77.0,False,,,,,
94.0,78.0,False,,,,,
94.0,79.0,False,,,,,
94.0,80.0,False,,,,,
94.0,81.0,False,,,,,
94.0,82.0,False,,,,,
94.0,83.0,False,,,,,
94.0,84.0,False,,,,,
94.0,85.0,False,,,,,
94.0,86.0,False,,,,,
94.0,87.0,False,,,,,
94.0,88.0,False,,,,,
94.0,89.0,False,,,,,
94.0,90.0,False,,,,,
94.0,91.0,False,,,,,
94.0,92.0,False,,,,,
94.0,93.0,False,,,,,
94.0,94.0,False,,,,,
94.0,95.0,False,,,,,
94.0,96.0,False,,,,,
94.0,97.0,False,,,,,
94.0,98.0,False,,,,,
94.0,99.0,False,,,,,
94.0,100.0,False,,,,,
95.0,1.0,False,,,,,
95.0,2.0,False,,,,,
95.0,3.0,False,,,,,
95.0,4.0,False,,,,,
95.0,5.0,False,,,,,
95.0,6.0,False,,,,,
95.0,7.0,False,,,,,
95.0,8.0,False,,,,,
95.0,9.0,False,,,,,
95.0,10.0,False,,,,,
95.0,11.0,False,,,,,
95.0,12.0,False,,,,,
95.0,13.0,False,,,,,
95.0,14.0,False,,,,,
95.0,15.0,False,,,,,
95.0,16.0,False,,,,,
95.0,17.0,False,,,,,
95.0,18.0,False,,,,,
95.0,19.0,False,,,,,
95.0,20.0,False,,,,,
95.0,21.0,False,,,,,
95.0,22.0,False,,,,,
95.0,23.0,False,,,,,
95.0,24.0,False,,,,,
95.0,25.0,False,,,,,
95.0,26.0,False,,,,,
95.0,27.0,False,,,,,
95.0,28.0,True,0.015364588073612486,0.01729944725910105,0.0541183898329229,0.7361886586478066,-11.09778769747655
95.0,29.0,True,0.24605355878231258,0.20174914392861584,0.7476529288199207,1.261128709934023,-3.530159077000042
95.0,30.0,True,0.5059412179231295,0.23077699571521887,1.0556103944931514,0.5671559269822088,4.756388622217934
95.0,31.0,True,0.5189572206367041,0.18212919388301063,1.0355069869374522,0.7305008644626325,4.617001672112068
95.0,32.0,True,0.6257610389157882,0.21545363203553738,0.8639166703155614,-1.2422056713801524,8.15728494330422
95.0,33.0,True,0.5980531777639272,0.2870895558453165,1.0984593645531728,-0.17804416403550666,7.327014782912564
95.0,34.0,True,0.46688842369055145,0.20758479564242097,0.919240342011663,-0.15458765734163238,3.10340562378402
95.0,35.0,True,0.5930756134452086,0.2811679713982369,1.07844213896575,-0.5814043282287001,7.595587695985526
95.0,36.0,True,0.5825534934158885,0.29377659625816005,1.129453817905187,-0.102080933380967,7.340862010921691
95.0,37.0,True,0.5691203858976634,0.26311787386302565,1.2883487331403238,0.45465011367104646,6.384463906936877
95.0,38.0,True,0.7181319226212219,0.2990590453050778,1.307352210543512,-0.4844082510653508,10.912399101864695
95.0,39.0,True,0.5329579249209019,0.1796088394851307,0.9495451665793844,0.6839770954780257,5.061987403640294
95.0,40.0,True,0.488718215826616,0.21075840795443335,1.0260842271550323,0.9869413862537119,3.90501920161341
95.0,41.0,True,0.45574567790016257,0.21716224829220923,0.8932396161599633,-0.10603562288421467,2.388127536455839
95.0,42.0,True,0.40905293385951985,0.17085167820126124,0.7680323007959272,0.1495345574489682,1.5013014609848276
95.0,43.0,True,0.38600000053433203,0.16367358847949248,0.7424919180831664,-0.267973061600907,0.22787362833298436
95.0,44.0,True,0.43143169480812693,0.18733771871457083,0.8082836774584097,0.5382022854503777,2.0810424142225443
95.0,45.0,True,0.37897625435152066,0.1431795535919549,0.6063519114691666,-0.2492530804822523,0.3997747771709327
95.0,46.0,True,0.35175534998481933,0.21462455277252418,0.745891163963824,0.08358835636483679,-0.5057271462874706
95.0,47.0,True,0.3549935030584413,0.13723337257595186,0.6502651178275668,0.5942065791526552,-0.49162777474274716
95.0,48.0,True,0.4079723054724752,0.17728283276895632,0.7658090267896391,0.2454969376160751,0.9264537531719776
95.0,49.0,True,0.3046672267183379,0.2501954192531534,0.91702601298926,1.0459460885665646,-1.9139185051310659
95.0,50.0,True,0.4210649914921991,0.2275301966531889,0.9561565663411712,0.7508300863508667,1.6189877564113608
95.0,51.0,True,0.36492266648168026,0.12376596443718342,0.5845913050775191,-0.40162452932463,-0.08743460380807941
95.0,52.0,True,0.35289420431937407,0.18506833587894447,0.7993619617797273,0.5953567340659521,-0.403575760344055
95.0,53.0,True,0.47709768105814876,0.19404010785661602,0.9067057000344152,0.3610933262288587,3.7552804193319123
95.0,54.0,True,0.4266371000629094,0.23666854695283762,0.8741910132512731,0.6995796716846496,2.0650860781116247
95.0,55.0,True,0.36526759594972646,0.18846292179423274,0.6669309263577818,-0.27037528782916737,-0.009929025794043318
95.0,56.0,True,0.4167740414599909,0.1752958118376394,0.6815042715815993,-0.6428644748049731,1.5762760957816886
95.0,57.0,True,0.45295901324353577,0.1330855148457232,0.7523751418704515,0.09166625945623183,2.3742220898489172
95.0,58.0,True,0.3127446115327032,0.1910124660866512,0.7561583280934786,0.6863794089947516,-1.8984646967608798
95.0,59.0,True,0.28474927670715044,0.21509578170464183,0.7683592237415064,0.7399981347389066,-2.3634411629100103
95.0,60.0,True,0.3373585956933617,0.16178691547789617,0.7685442314344494,0.8219277853611173,-1.0303154785171922
95.0,61.0,True,0.3351971104607734,0.132480244082676,0.6779955134403389,0.9774644033860227,-0.9886496742384012
95.0,62.0,True,0.3063756687189267,0.1726062318134203,0.6967730362940121,0.6319231107531126,-1.9809693904577599
95.0,63.0,True,0.3640225918294205,0.17007744498396246,0.775897755609817,0.3001765126938149,-0.2546857927141613
95.0,64.0,True,0.3800195495923071,0.21476309299602303,0.9240385620642708,0.5455384748919075,-0.3042398597270349
95.0,65.0,True,0.3416982295952751,0.23257135789330233,0.8316365082039462,0.5310514465932791,-0.7644927476818544
95.0,66.0,True,0.3951522307533042,0.16707844665980712,0.8228056783490251,0.9040123880081439,0.725715027726626
95.0,67.0,True,0.4666857493512328,0.1393610228570854,0.7400797186922216,-0.2126816970132417,3.32169019998424
95.0,68.0,True,0.5140377439618785,0.18041046449485026,0.875690132294946,0.0978875388985245,4.819209612660553
95.0,69.0,True,0.3372371804799831,0.19909710415055473,0.7569814194535108,0.49367485358566,-0.5516714897926825
95.0,70.0,True,0.5348307999939483,0.11304768450691285,0.7251076784033645,-0.37945804337673095,5.297239058975982
95.0,71.0,True,0.5529732299535686,0.20133869208494176,0.9712642996349335,-0.3153344600820512,5.983751569883258
95.0,72.0,True,0.5718287804204509,0.1217479882877646,0.8892120031509625,0.1985657409279469,6.03986228645304
95.0,73.0,True,0.23031586946706234,0.11232484857088,0.3987759004376445,-0.04315815610424455,-4.35465930710484
95.0,74.0,False,,,,,
95.0,75.0,False,,,,,
95.0,76.0,False,,,,,
95.0,77.0,False,,,,,
95.0,78.0,False,,,,,
95.0,79.0,False,,,,,
95.0,80.0,False,,,,,
95.0,81.0,False,,,,,
95.0,82.0,False,,,,,
95.0,83.0,False,,,,,
95.0,84.0,False,,,,,
95.0,85.0,False,,,,,
95.0,86.0,False,,,,,
95.0,87.0,False,,,,,
95.0,88.0,False,,,,,
95.0,89.0,False,,,,,
95.0,90.0,False,,,,,
95.0,91.0,False,,,,,
95.0,92.0,False,,,,,
95.0,93.0,False,,,,,
95.0,94.0,False,,,,,
95.0,95.0,False,,,,,
95.0,96.0,False,,,,,
95.0,97.0,False,,,,,
95.0,98.0,False,,,,,
95.0,99.0,False,,,,,
95.0,100.0,False,,,,,
96.0,1.0,False,,,,,
96.0,2.0,False,,,,,
96.0,3.0,False,,,,,
96.0,4.0,False,,,,,
96.0,5.0,False,,,,,
96.0,6.0,False,,,,,
96.0,7.0,False,,,,,
96.0,8.0,False,,,,,
96.0,9.0,False,,,,,
96.0,10.0,False,,,,,
96.0,11.0,False,,,,,
96.0,12.0,False,,,,,
96.0,13.0,False,,,,,
96.0,14.0,False,,,,,
96.0,15.0,False,,,,,
96.0,16.0,False,,,,,
96.0,17.0,False,,,,,
96.0,18.0,False,,,,,
96.0,19.0,False,,,,,
96.0,20.0,False,,,,,
96.0,21.0,False,,,,,
96.0,22.0,False,,,,,
96.0,23.0,False,,,,,
96.0,24.0,False,,,,,
96.0,25.0,False,,,,,
96.0,26.0,False,,,,,
96.0,27.0,False,,,,,
96.0,28.0,False,,,,,
96.0,29.0,False,,,,,
96.0,30.0,True,0.03588536991186086,0.047336612013304885,0.2115884593475606,1.6173539176169178,-10.53882004744766
96.0,31.0,True,0.2389652407460769,0.15399352556728144,0.6402587508531512,1.1346853773083667,-4.238012527108559
96.0,32.0,True,0.6043954625327059,0.23254824382728836,0.9415136838113096,-0.9431347003920962,7.636803066278093
96.0,33.0,True,0.6685009156938181,0.18822226202668044,1.0302575533798382,0.010190507662709443,9.630423038834104
96.0,34.0,True,0.393526239211894,0.17390127376962258,0.9682627316225868,0.5796890870541838,0.2750093040263323
96.0,35.0,True,0.51652772549872,0.24545737738320764,1.037025787927669,0.12693395860734755,4.650703370805691
96.0,36.0,True,0.6658038349495007,0.2687490482957148,1.1905499656455685,0.13231853735161495,9.230519260605183
96.0,37.0,True,0.4819488886580486,0.20653827343852982,0.954242866570554,0.8429752488815169,3.6629114118941257
96.0,38.0,True,0.5412513243940708,0.22334288352323817,0.9736383350562412,-0.17142606269111044,5.930271191328845
96.0,39.0,True,0.48562796014818976,0.22969278891482633,1.0115289191117247,0.6925847464872101,3.828822143933793
96.0,40.0,True,0.5369366652314128,0.286367763429324,1.018819606229894,0.09584818603627891,5.310325096850794
96.0,41.0,True,0.5072610405687038,0.24873410669866444,0.9685824616463236,0.23449531090725884,4.776367784909081
96.0,42.0,True,0.42427269627551073,0.27913301737856244,1.0406906022317852,0.6574096283211605,2.293450318114435
96.0,43.0,True,0.39516558955271436,0.23541072772883787,0.8410410599894064,0.24438938670590038,0.9129006739557175
96.0,44.0,True,0.37103441722966596,0.1492652809745728,0.6591424176881233,0.2792194524702536,0.12651540695859978
96.0,45.0,True,0.38090203098981723,0.175409776977579,0.6909217710297716,0.09946289692121808,0.6657853465424879
96.0,46.0,True,0.2908836162935032,0.139798237068525,0.626976113622904,0.6176748858059555,-2.413647562947398
96.0,47.0,True,0.3718454651835898,0.17581954297494734,0.6780875221668607,-0.27408440853126015,0.05882490254239599
96.0,48.0,True,0.6090851713128236,0.26902055190850815,1.2299206440076034,0.8571575607517996,7.777464912826472
96.0,49.0,True,0.31762926256767365,0.146768623492117,0.5461244708136709,-0.5001206679165668,-1.6886644283780523
96.0,50.0,True,0.4688293606404105,0.15736225697820896,0.7371249272581911,-0.636339502298461,3.12866592032569
96.0,51.0,True,0.46725607506081657,0.1946704978804735,0.8707873613842522,-0.17068195049330545,3.333484254559812
96.0,52.0,True,0.44686085415781035,0.20796888604743818,0.945351132434938,0.021908047698323076,2.4503935654915106
96.0,53.0,True,0.3951569064908571,0.14287199438584583,0.7919145071052476,1.070473468825442,0.7471330892295474
96.0,54.0,True,0.3927095937208678,0.20052394829739373,0.8392592666639006,0.654780218610389,0.9642294467834568
96.0,55.0,True,0.4796800721284434,0.19685117408312383,0.9185973826198732,0.08254140748813503,3.1252007658932213
96.0,56.0,True,0.2914288587596434,0.13019307620570691,0.5713050109185575,0.1908408817978838,-2.371180359636352
96.0,57.0,True,0.4179801018653835,0.16826106594956539,0.7779511365772552,-0.03711085412512757,2.018731170124748
96.0,58.0,True,0.4533719509133959,0.19116302003735772,0.7981641926319016,-0.35662654219294615,2.9659536431123974
96.0,59.0,True,0.23717985925344573,0.09602543103440216,0.435972231066165,0.2432371011829726,-4.163778012661199
96.0,60.0,True,0.4455852526766022,0.16233636850999925,0.8249530167999538,0.2963619691566871,2.5712034066231895
96.0,61.0,True,0.3942561773237838,0.18066940062183542,0.7290554591537997,0.14417907077246767,0.5530203244460704
96.0,62.0,True,0.3066674308189711,0.145922186240564,0.6061564846422336,0.08911400256102636,-1.6201020742085595
96.0,63.0,True,0.4356080414511077,0.18548457369923507,0.7852790301293306,0.058479287715238935,2.3783010867581855
96.0,64.0,True,0.3601966309055785,0.11440114811027309,0.6741722894526909,0.5699741783372027,-0.24058329378194887
96.0,65.0,True,0.28658545796761575,0.1388575010522717,0.6060464665981993,0.5239395573260451,-2.4572205620400482
96.0,66.0,True,0.34768431081934875,0.15655012441956137,0.6621637553205656,0.391670420852696,-0.8196621358118217
96.0,67.0,True,0.29106605609717606,0.11758627600498646,0.5713549988049825,0.7239223428698722,-2.572815847205228
96.0,68.0,True,0.47056470615305396,0.1836260825913913,0.7729240805520247,-0.5633619709815111,3.1433142654416972
96.0,69.0,True,0.41236199112715943,0.13552459618546872,0.6186541167252401,-0.6397531447672724,1.07858412026829
96.0,70.0,True,0.3000433681894003,0.2093040389543311,0.770074898831039,0.8870400873068829,-2.232901728294225
96.0,71.0,True,0.11076973361627249,0.07208583579327821,0.2371756608143998,0.07254162078735395,-8.233791122133946
96.0,72.0,False,,,,,
96.0,73.0,False,,,,,
96.0,74.0,False,,,,,
96.0,75.0,False,,,,,
96.0,76.0,False,,,,,
96.0,77.0,False,,,,,
96.0,78.0,False,,,,,
96.0,79.0,False,,,,,
96.0,80.0,False,,,,,
96.0,81.0,False,,,,,
96.0,82.0,False,,,,,
96.0,83.0,False,,,,,
96.0,84.0,False,,,,,
96.0,85.0,False,,,,,
96.0,86.0,False,,,,,
96.0,87.0,False,,,,,
96.0,88.0,False,,,,,
96.0,89.0,False,,,,,
96.0,90.0,False,,,,,
96.0,91.0,False,,,,,
96.0,92.0,False,,,,,
96.0,93.0,False,,,,,
96.0,94.0,False,,,,,
96.0,95.0,False,,,,,
96.0,96.0,False,,,,,
96.0,97.0,False,,,,,
96.0,98.0,False,,,,,
96.0,99.0,False,,,,,
96.0,100.0,False,,,,,
97.0,1.0,False,,,,,
97.0,2.0,False,,,,,
97.0,3.0,False,,,,,
97.0,4.0,False,,,,,
97.0,5.0,False,,,,,
97.0,6.0,False,,,,,
97.0,7.0,False,,,,,
97.0,8.0,False,,,,,
97.0,9.0,False,,,,,
97.0,10.0,False,,,,,
97.0,11.0,False,,,,,
97.0,12.0,False,,,,,
97.0,13.0,False,,,,,
97.0,14.0,False,,,,,
97.0,15.0,False,,,,,
97.0,16.0,False,,,,,
97.0,17.0,False,,,,,
97.0,18.0,False,,,,,
97.0,19.0,False,,,,,
97.0,20.0,False,,,,,
97.0,21.0,False,,,,,
97.0,22.0,False,,,,,
97.0,23.0,False,,,,,
97.0,24.0,False,,,,,
97.0,25.0,False,,,,,
97.0,26.0,False,,,,,
97.0,27.0,False,,,,,
97.0,28.0,False,,,,,
97.0,29.0,False,,,,,
97.0,30.0,False,,,,,
97.0,31.0,False,,,,,
97.0,32.0,False,,,,,
97.0,33.0,True,0.1064654473565057,0.042605295721970166,0.1848647749941623,-0.3758761684009342,-8.199309272203744
97.0,34.0,True,0.3065433443264777,0.14545925086905948,0.5633845228300657,-0.3565498282298285,-2.0011057299744786
97.0,35.0,True,0.5198595899460936,0.18280844902329652,0.8160500299621855,-0.1547857735065316,4.903795102997449
97.0,36.0,True,0.4861886506108534,0.2779757939285725,1.0547450813458477,0.32280435871294566,3.4780920582412906
97.0,37.0,True,0.5343418342045347,0.1748454287338933,0.8450219076817839,0.29548573887366525,5.321777594644214
97.0,38.0,True,0.45461376491864025,0.1714511129825793,0.7816388759947908,0.11763989690123615,2.379277655400515
97.0,39.0,True,0.416626601626975,0.1875263712695892,0.8012495318978802,0.42512770368543873,1.3033540163401818
97.0,40.0,True,0.48519502066199177,0.1689506915287221,0.7919131703247738,-0.23562618558193835,3.5105089427668297
97.0,41.0,True,0.4083173483236416,0.17844333931869127,0.8162258084035197,0.30243518285569093,1.5713315344166165
97.0,42.0,True,0.3808660269472689,0.1346537971094769,0.668192469471513,0.27042812862474397,0.4500393380830073
97.0,43.0,True,0.44761309420220524,0.13567197323489477,0.6640390775393966,-1.1908910230653522,2.6007635380269454
97.0,44.0,True,0.5622422777973577,0.21291149427392317,1.005588114643172,0.1057332926677963,5.981179435287249
97.0,45.0,True,0.37195393481355987,0.15989710946767738,0.6523368181298258,-0.6700663525573534,0.5240920446691237
97.0,46.0,True,0.4489004698234271,0.1652443486597877,0.6633435388004343,-0.7680984080109038,2.7300374099577027
97.0,47.0,True,0.6241960672894682,0.24619921788434615,1.1795108691404703,0.1184514367458709,7.706012267166568
97.0,48.0,True,0.38132216366844585,0.2092376582634534,1.2335368609402,1.8586310812331925,-0.19321629621040767
97.0,49.0,True,0.24222431183656912,0.14194840664930697,0.5754619717034246,0.8321719019416246,-3.7385343327207936
97.0,50.0,True,0.4457020532604848,0.22661170041068054,0.880861354642974,0.2480583723844902,2.874315423271912
97.0,51.0,True,0.3750021324657962,0.13355320373122448,0.6155228754203768,0.2571213713071319,0.40036894410632773
97.0,52.0,True,0.3401574106283002,0.17095818200236065,0.7857188412044036,0.9246089732334386,-1.0851178499479541
97.0,53.0,True,0.48170928586637735,0.1692886439836917,0.7779620446712083,0.1965934770369587,3.4658147646339854
97.0,54.0,True,0.48166301907531905,0.15322992501091834,0.8150757411346955,0.17650298851216534,3.7316942852927157
97.0,55.0,True,0.3641571824055963,0.13086372733512572,0.6279090648040205,0.14025531936086313,-0.24819666977490534
97.0,56.0,True,0.32559685983777825,0.14241965312927846,0.5683709715752714,0.30573992438773406,-1.3456349912496752
97.0,57.0,True,0.4653943584012708,0.1833231200463423,0.9699675206614105,0.23297077168092709,2.6195433263990555
97.0,58.0,True,0.36260740962709054,0.14229470624670648,0.7163819778537605,0.762834769714829,-0.44345769245652183
97.0,59.0,True,0.32013500000999295,0.18667814296015078,0.6887593900247734,0.6728219975329223,-1.77701012878195
97.0,60.0,True,0.37189016451485984,0.1362260036798155,0.6562694006066739,0.46572848345938,-0.27936321564959804
97.0,61.0,True,0.2943534284611336,0.09319188057820077,0.5101091943869952,0.30186397472293675,-2.396658827250331
97.0,62.0,True,0.3973352792783375,0.1892061504331692,0.7539264541355629,-0.009115222934254562,1.042217835094375
97.0,63.0,True,0.37184258325188835,0.20176566477090402,0.752638232133076,0.25632084881706413,0.03825764361208762
97.0,64.0,True,0.5552076644129095,0.17162197373925347,0.9013622734431216,-0.6379800765416179,6.2904868955724575
97.0,65.0,True,0.28871381133740526,0.13415621641199285,0.5294656498835578,-0.30090210339203277,-2.3105621133846643
97.0,66.0,True,0.2875569609100693,0.13852411172887702,0.5268560470779858,-0.27626136805161755,-2.3038016510467045
97.0,67.0,True,0.3182850451985896,0.19894750973665387,0.7107933109800412,0.26462597482976635,-1.463541281776014
97.0,68.0,True,0.19395249859706953,0.13710196971549785,0.4417533125386404,0.274889244325717,-5.2633133002438
97.0,69.0,True,0.09261940089869478,0.07260306400743294,0.2777590050332022,0.8268912837200004,-8.646094428529384
97.0,70.0,False,,,,,
97.0,71.0,False,,,,,
97.0,72.0,False,,,,,
97.0,73.0,False,,,,,
97.0,74.0,False,,,,,
97.0,75.0,False,,,,,
97.0,76.0,False,,,,,
97.0,77.0,False,,,,,
97.0,78.0,False,,,,,
97.0,79.0,False,,,,,
97.0,80.0,False,,,,,
97.0,81.0,False,,,,,
97.0,82.0,False,,,,,
97.0,83.0,False,,,,,
97.0,84.0,False,,,,,
97.0,85.0,False,,,,,
97.0,86.0,False,,,,,
97.0,87.0,False,,,,,
97.0,88.0,False,,,,,
97.0,89.0,False,,,,,
97.0,90.0,False,,,,,
97.0,91.0,False,,,,,
97.0,92.0,False,,,,,
97.0,93.0,False,,,,,
97.0,94.0,False,,,,,
97.0,95.0,False,,,,,
97.0,96.0,False,,,,,
97.0,97.0,False,,,,,
97.0,98.0,False,,,,,
97.0,99.0,False,,,,,
97.0,100.0,False,,,,,
98.0,1.0,False,,,,,
98.0,2.0,False,,,,,
98.0,3.0,False,,,,,
98.0,4.0,False,,,,,
98.0,5.0,False,,,,,
98.0,6.0,False,,,,,
98.0,7.0,False,,,,,
98.0,8.0,False,,,,,
98.0,9.0,False,,,,,
98.0,10.0,False,,,,,
98.0,11.0,False,,,,,
98.0,12.0,False,,,,,
98.0,13.0,False,,,,,
98.0,14.0,False,,,,,
98.0,15.0,False,,,,,
98.0,16.0,False,,,,,
98.0,17.0,False,,,,,
98.0,18.0,False,,,,,
98.0,19.0,False,,,,,
98.0,20.0,False,,,,,
98.0,21.0,False,,,,,
98.0,22.0,False,,,,,
98.0,23.0,False,,,,,
98.0,24.0,False,,,,,
98.0,25.0,False,,,,,
98.0,26.0,False,,,,,
98.0,27.0,False,,,,,
98.0,28.0,False,,,,,
98.0,29.0,False,,,,,
98.0,30.0,False,,,,,
98.0,31.0,False,,,,,
98.0,32.0,False,,,,,
98.0,33.0,False,,,,,
98.0,34.0,False,,,,,
98.0,35.0,False,,,,,
98.0,36.0,True,0.1627482985667517,0.09769823893275091,0.3973973495102817,0.7416341623452815,-6.351110481302396
98.0,37.0,True,0.3382232620646328,0.11328402064481548,0.5408185491745814,0.17942652995109437,-0.914788890157522
98.0,38.0,True,0.438526952194793,0.11288889373211307,0.6615100760713727,0.09306232001064571,2.080125527906189
98.0,39.0,True,0.5145263167350018,0.15342183623561778,0.8515730426904732,0.5028967543062264,4.510272850327531
98.0,40.0,True,0.42791325268274677,0.1306203012895795,0.7491709539952747,1.142447693435497,1.8016013833232356
98.0,41.0,True,0.5048888696743622,0.294256618616505,1.1608666902949898,0.6027113626778287,4.295844875043694
98.0,42.0,True,0.35026315796767904,0.2377924159851396,0.8056920279739772,0.18869668678268398,-0.24561564479896247
98.0,43.0,True,0.4410957533235462,0.18872956321824078,0.7126489520201632,-0.4977133991109218,2.138131091143449
98.0,44.0,True,0.39704826762309364,0.20371023416937586,0.9826551136632872,1.2324887709650711,1.066102306844599
98.0,45.0,True,0.33394276192064903,0.11238328818715741,0.5601907437663363,0.398051864731225,-1.0615980804984582
98.0,46.0,True,0.40919488482539695,0.13274027306123073,0.7089295863108465,0.4916506058278442,1.4211274747886946
98.0,47.0,True,0.5277473785716741,0.2613562928736889,0.9866437298112152,-0.25573946190321767,5.237039494300894
98.0,48.0,True,0.3371122951199058,0.1728659387197977,0.6528904777192938,0.22448230159249385,-1.11935666110965
98.0,49.0,True,0.3682323896085547,0.1456832137298176,0.6653585732295259,-0.04727048115544802,0.006395134335500568
98.0,50.0,True,0.3647919978040141,0.11624810877104347,0.5565960299945932,-0.4335178605489268,-0.026712554662022353
98.0,51.0,True,0.37524859417673845,0.19450743104235307,0.8023073321326012,0.36500116170333374,0.299853893042718
98.0,52.0,True,0.43833473069199946,0.15372568690177119,0.7095502791803117,-0.5828340591103046,2.0017048398936272
98.0,53.0,True,0.44700436239792873,0.18851640576653586,0.8102816468124739,0.3225084085620874,2.170361285413269
98.0,54.0,True,0.5130497388822967,0.1977252483832149,0.9898272171340587,0.533866165226039,4.744528970395522
98.0,55.0,True,0.4983500687352163,0.27545068046600185,0.934730575560031,-0.05440927296617751,4.381230831483273
98.0,56.0,True,0.3385666202569857,0.13133856836156677,0.5893205964513888,0.21232517603536488,-0.9254311024033923
98.0,57.0,True,0.3593549056262566,0.2560244791010868,1.0886462667890842,1.447861501130789,-0.17584482259545625
98.0,58.0,True,0.2907543140769159,0.07173691499527829,0.4328089080945106,0.18992048970021055,-2.5756252279782785
98.0,59.0,True,0.369145509991294,0.15548982727907248,0.7154965895579934,0.2730449302453883,-0.28241260644882515
98.0,60.0,True,0.2972331804996472,0.1338808963496762,0.5014379615636642,-0.3154422444448832,-2.1027507888785175
98.0,61.0,True,0.3928190971550968,0.20939276187043335,0.8626765528386313,0.3163687965410142,0.815429583761157
98.0,62.0,True,0.32672988885446674,0.18618925482003484,0.68585594038549,0.08427755860414989,-1.1424837338629341
98.0,63.0,True,0.3409604721701503,0.1775609795770413,0.7544846652761052,0.683616448433013,-0.5970564030322492
98.0,64.0,True,0.3537796977233592,0.1741212289405277,0.7679372241898126,0.8645488587531394,-0.71540068683983
98.0,65.0,True,0.1501041320655899,0.07273197919413855,0.2976610093920417,0.08734657489695692,-6.757994899262221
98.0,66.0,True,0.06785270625571743,0.06360443251242708,0.2186640271842246,1.074280791290303,-9.543902359053265
98.0,67.0,True,0.009900239619019884,0.021854041244648955,0.0744618022254769,2.049688622143265,-11.284122565572906
98.0,68.0,False,,,,,
98.0,69.0,False,,,,,
98.0,70.0,False,,,,,
98.0,71.0,False,,,,,
98.0,72.0,False,,,,,
98.0,73.0,False,,,,,
98.0,74.0,False,,,,,
98.0,75.0,False,,,,,
98.0,76.0,False,,,,,
98.0,77.0,False,,,,,
98.0,78.0,False,,,,,
98.0,79.0,False,,,,,
98.0,80.0,False,,,,,
98.0,81.0,False,,,,,
98.0,82.0,False,,,,,
98.0,83.0,False,,,,,
98.0,84.0,False,,,,,
98.0,85.0,False,,,,,
98.0,86.0,False,,,,,
98.0,87.0,False,,,,,
98.0,88.0,False,,,,,
98.0,89.0,False,,,,,
98.0,90.0,False,,,,,
98.0,91.0,False,,,,,
98.0,92.0,False,,,,,
98.0,93.0,False,,,,,
98.0,94.0,False,,,,,
98.0,95.0,False,,,,,
98.0,96.0,False,,,,,
98.0,97.0,False,,,,,
98.0,98.0,False,,,,,
98.0,99.0,False,,,,,
98.0,100.0,False,,,,,
99.0,1.0,False,,,,,
99.0,2.0,False,,,,,
99.0,3.0,False,,,,,
99.0,4.0,False,,,,,
99.0,5.0,False,,,,,
99.0,6.0,False,,,,,
99.0,7.0,False,,,,,
99.0,8.0,False,,,,,
99.0,9.0,False,,,,,
99.0,10.0,False,,,,,
99.0,11.0,False,,,,,
99.0,12.0,False,,,,,
99.0,13.0,False,,,,,
99.0,14.0,False,,,,,
99.0,15.0,False,,,,,
99.0,16.0,False,,,,,
99.0,17.0,False,,,,,
99.0,18.0,False,,,,,
99.0,19.0,False,,,,,
99.0,20.0,False,,,,,
99.0,21.0,False,,,,,
99.0,22.0,False,,,,,
99.0,23.0,False,,,,,
99.0,24.0,False,,,,,
99.0,25.0,False,,,,,
99.0,26.0,False,,,,,
99.0,27.0,False,,,,,
99.0,28.0,False,,,,,
99.0,29.0,False,,,,,
99.0,30.0,False,,,,,
99.0,31.0,False,,,,,
99.0,32.0,False,,,,,
99.0,33.0,False,,,,,
99.0,34.0,False,,,,,
99.0,35.0,False,,,,,
99.0,36.0,False,,,,,
99.0,37.0,False,,,,,
99.0,38.0,False,,,,,
99.0,39.0,True,0.0716584845755735,0.07923766731975092,0.2287538540812616,0.6471343432642505,-9.30487122750033
99.0,40.0,True,0.1333459217953883,0.0611780684152003,0.2514858231849156,0.2403132356309377,-7.381993162355499
99.0,41.0,True,0.3399081934037292,0.22222392995294796,1.1056141268876911,1.3317566303573414,-1.4039450444044745
99.0,42.0,True,0.3422794623047176,0.10171413296136161,0.5333960733248219,-0.12486662341689733,-0.9745922946099197
99.0,43.0,True,0.4736574845904752,0.18119089920498696,0.88599169456438,-0.030666215244591035,3.6777170044971768
99.0,44.0,True,0.34850362139176766,0.165792061481893,0.7979393882705982,0.6410313539868548,-0.3012238953892214
99.0,45.0,True,0.4334141716549351,0.17873959484269797,0.7061919594303399,-0.38619728933176056,2.160682703048839
99.0,46.0,True,0.42144340329154695,0.1883324720443197,0.8287711251886416,-0.07016613563822553,1.7937391752560332
99.0,47.0,True,0.32596081238422464,0.12447095555202584,0.5830490037144852,0.14623295410677764,-1.423059949838013
99.0,48.0,True,0.39440020333616027,0.21225641378986285,1.1366462076635595,0.8383043431209715,0.2678657633727217
99.0,49.0,True,0.42483970202843413,0.15651809166892625,0.7488096900189986,0.8179872974279272,1.8159597986692244
99.0,50.0,True,0.4935217589682705,0.1707364767885936,0.879412601091257,0.3919793063710388,4.242407622066519
99.0,51.0,True,0.4573400077239527,0.2109855263907544,0.8871707262090581,0.10780001111809624,3.2243082550587636
99.0,52.0,True,0.2288138227334743,0.17624753022744283,0.6525850276856192,0.7250654055873784,-4.412635980541124
99.0,53.0,True,0.25370044982792334,0.15609524190254126,0.5005939236769951,-0.06907609984640893,-3.703036495550207
99.0,54.0,True,0.38429282814820914,0.14191367651740852,0.6982032782145987,0.019890681387361324,0.6219936521530066
99.0,55.0,True,0.14301370293570206,0.10200135002369912,0.3766918685554518,0.6607452292233643,-7.10135774856223
99.0,56.0,True,0.38715897255060294,0.15659217996745411,0.6341765681885831,-0.39604460656566254,1.0095709986128236
99.0,57.0,True,0.2656565283603997,0.11551140751340158,0.4682951437344954,-0.44660050343573543,-3.3224122074576217
99.0,58.0,True,0.4835176030570805,0.1629811163706927,0.837676645791239,0.4379608656642969,3.825509633363006
99.0,59.0,True,0.3616918237974215,0.17242890108265962,0.6446917915108492,0.1887766179897911,-0.07097133781442994
99.0,60.0,True,0.1799486011558992,0.11540552976072946,0.5998635365770721,1.2756220704330623,-6.228513361793872
99.0,61.0,True,0.21168499486212852,0.12441471567161852,0.5262460926740665,0.5241241362538811,-5.423376746158773
99.0,62.0,True,0.15876504067997962,0.1095821833886431,0.3941009432042898,0.28446578378132176,-6.365381831264657
99.0,63.0,True,0.01896226428653699,0.02608321869194124,0.0898830309473308,1.5562013527645169,-10.985972030835088
99.0,64.0,False,,,,,
99.0,65.0,False,,,,,
99.0,66.0,False,,,,,
99.0,67.0,False,,,,,
99.0,68.0,False,,,,,
99.0,69.0,False,,,,,
99.0,70.0,False,,,,,
99.0,71.0,False,,,,,
99.0,72.0,False,,,,,
99.0,73.0,False,,,,,
99.0,74.0,False,,,,,
99.0,75.0,False,,,,,
99.0,76.0,False,,,,,
99.0,77.0,False,,,,,
99.0,78.0,False,,,,,
99.0,79.0,False,,,,,
99.0,80.0,False,,,,,
99.0,81.0,False,,,,,
99.0,82.0,False,,,,,
99.0,83.0,False,,,,,
99.0,84.0,False,,,,,
99.0,85.0,False,,,,,
99.0,86.0,False,,,,,
99.0,87.0,False,,,,,
99.0,88.0,False,,,,,
99.0,89.0,False,,,,,
99.0,90.0,False,,,,,
99.0,91.0,False,,,,,
99.0,92.0,False,,,,,
99.0,93.0,False,,,,,
99.0,94.0,False,,,,,
99.0,95.0,False,,,,,
99.0,96.0,False,,,,,
99.0,97.0,False,,,,,
99.0,98.0,False,,,,,
99.0,99.0,False,,,,,
99.0,100.0,False,,,,,
100.0,1.0,False,,,,,
100.0,2.0,False,,,,,
100.0,3.0,False,,,,,
100.0,4.0,False,,,,,
100.0,5.0,False,,,,,
100.0,6.0,False,,,,,
100.0,7.0,False,,,,,
100.0,8.0,False,,,,,
100.0,9.0,False,,,,,
100.0,10.0,False,,,,,
100.0,11.0,False,,,,,
100.0,12.0,False,,,,,
100.0,13.0,False,,,,,
100.0,14.0,False,,,,,
100.0,15.0,False,,,,,
100.0,16.0,False,,,,,
100.0,17.0,False,,,,,
100.0,18.0,False,,,,,
100.0,19.0,False,,,,,
100.0,20.0,False,,,,,
100.0,21.0,False,,,,,
100.0,22.0,False,,,,,
100.0,23.0,False,,,,,
100.0,24.0,False,,,,,
100.0,25.0,False,,,,,
100.0,26.0,False,,,,,
100.0,27.0,False,,,,,
100.0,28.0,False,,,,,
100.0,29.0,False,,,,,
100.0,30.0,False,,,,,
100.0,31.0,False,,,,,
100.0,32.0,False,,,,,
100.0,33.0,False,,,,,
100.0,34.0,False,,,,,
100.0,35.0,False,,,,,
100.0,36.0,False,,,,,
100.0,37.0,False,,,,,
100.0,38.0,False,,,,,
100.0,39.0,False,,,,,
100.0,40.0,False,,,,,
100.0,41.0,False,,,,,
100.0,42.0,False,,,,,
100.0,43.0,True,0.013821889280268508,0.020267164323478866,0.073448368709435,1.8234764467411735,-11.166959191167908
100.0,44.0,True,0.08085669928316587,0.06582218565005506,0.2194885109739841,0.5661208942398013,-8.946590290439596
100.0,45.0,True,0.04983791143335607,0.04097608046540073,0.1309046912993759,0.2041668754631486,-9.99110873532823
100.0,46.0,True,0.12417616338524688,0.0859148408912794,0.315783863965637,0.5311086131753545,-7.579647823848536
100.0,47.0,True,0.23811475970913049,0.05715429740784237,0.3715832520047822,0.1267777881092228,-4.109903258788425
100.0,48.0,True,0.24163341680305273,0.12596513372463405,0.4260941742628801,-0.2730074493354237,-4.039551892837353
100.0,49.0,True,0.19957669705990203,0.10482756900708039,0.3973327853426842,0.11030674585081264,-5.360681399698808
100.0,50.0,True,0.23297076807140238,0.1086443611647954,0.4607460724760861,0.11174403087266718,-4.177174461559276
100.0,51.0,True,0.2553581931702996,0.22783976191477634,0.846841189439851,0.9892272856919718,-3.4794146898348934
100.0,52.0,True,0.20118284039002873,0.12657820399117348,0.5035508256766597,0.8022984703365545,-5.329543671604271
100.0,53.0,True,0.23734042900968028,0.07771282620562696,0.3851421432900242,0.2823694580007874,-3.9874637485017717
100.0,54.0,True,0.14896208006200065,0.151827809464879,0.5950074643341666,1.7959049591254432,-6.778536199555851
100.0,55.0,True,0.1703061500307798,0.12389533582851817,0.5139697091874187,1.2001169373265022,-6.226419349450572
100.0,56.0,True,0.09170835283086588,0.060335205492773505,0.2429467462806468,1.0585514802388154,-8.61487147731814
100.0,57.0,True,0.042816052351170496,0.042001731290204666,0.1796969860464764,0.869329480409228,-10.33062852842227
100.0,58.0,True,0.03678893252670637,0.03581209232510015,0.1015987551993354,0.3939022618413037,-10.449686306202427
100.0,59.0,False,,,,,
100.0,60.0,False,,,,,
100.0,61.0,False,,,,,
100.0,62.0,False,,,,,
100.0,63.0,False,,,,,
100.0,64.0,False,,,,,
100.0,65.0,False,,,,,
100.0,66.0,False,,,,,
100.0,67.0,False,,,,,
100.0,68.0,False,,,,,
100.0,69.0,False,,,,,
100.0,70.0,False,,,,,
100.0,71.0,False,,,,,
100.0,72.0,False,,,,,
100.0,73.0,False,,,,,
100.0,74.0,False,,,,,
100.0,75.0,False,,,,,
100.0,76.0,False,,,,,
100.0,77.0,False,,,,,
100.0,78.0,False,,,,,
100.0,79.0,False,,,,,
100.0,80.0,False,,,,,
100.0,81.0,False,,,,,
100.0,82.0,False,,,,,
100.0,83.0,False,,,,,
100.0,84.0,False,,,,,
100.0,85.0,False,,,,,
100.0,86.0,False,,,,,
100.0,87.0,False,,,,,
100.0,88.0,False,,,,,
100.0,89.0,False,,,,,
100.0,90.0,False,,,,,
100.0,91.0,False,,,,,
100.0,92.0,False,,,,,
100.0,93.0,False,,,,,
100.0,94.0,False,,,,,
100.0,95.0,False,,,,,
100.0,96.0,False,,,,,
100.0,97.0,False,,,,,
100.0,98.0,False,,,,,
100.0,99.0,False,,,,,
100.0,100.0,False,,,,,
