kx,ky,valid,mean_intensity,std_intensity,max_intensity,skew_intensity,ts_pca1
1.0,1.0,False,,,,,
1.0,2.0,False,,,,,
1.0,3.0,False,,,,,
1.0,4.0,False,,,,,
1.0,5.0,False,,,,,
1.0,6.0,False,,,,,
1.0,7.0,False,,,,,
1.0,8.0,False,,,,,
1.0,9.0,False,,,,,
1.0,10.0,False,,,,,
1.0,11.0,False,,,,,
1.0,12.0,False,,,,,
1.0,13.0,False,,,,,
1.0,14.0,False,,,,,
1.0,15.0,False,,,,,
1.0,16.0,False,,,,,
1.0,17.0,False,,,,,
1.0,18.0,False,,,,,
1.0,19.0,False,,,,,
1.0,20.0,False,,,,,
1.0,21.0,False,,,,,
1.0,22.0,False,,,,,
1.0,23.0,False,,,,,
1.0,24.0,False,,,,,
1.0,25.0,False,,,,,
1.0,26.0,False,,,,,
1.0,27.0,False,,,,,
1.0,28.0,False,,,,,
1.0,29.0,False,,,,,
1.0,30.0,False,,,,,
1.0,31.0,False,,,,,
1.0,32.0,False,,,,,
1.0,33.0,False,,,,,
1.0,34.0,False,,,,,
1.0,35.0,False,,,,,
1.0,36.0,False,,,,,
1.0,37.0,False,,,,,
1.0,38.0,False,,,,,
1.0,39.0,False,,,,,
1.0,40.0,False,,,,,
1.0,41.0,False,,,,,
1.0,42.0,False,,,,,
1.0,43.0,False,,,,,
1.0,44.0,False,,,,,
1.0,45.0,False,,,,,
1.0,46.0,False,,,,,
1.0,47.0,False,,,,,
1.0,48.0,False,,,,,
1.0,49.0,False,,,,,
1.0,50.0,False,,,,,
1.0,51.0,False,,,,,
1.0,52.0,False,,,,,
1.0,53.0,False,,,,,
1.0,54.0,False,,,,,
1.0,55.0,False,,,,,
1.0,56.0,False,,,,,
1.0,57.0,False,,,,,
1.0,58.0,False,,,,,
1.0,59.0,False,,,,,
1.0,60.0,False,,,,,
1.0,61.0,False,,,,,
1.0,62.0,False,,,,,
1.0,63.0,False,,,,,
1.0,64.0,False,,,,,
1.0,65.0,False,,,,,
1.0,66.0,False,,,,,
1.0,67.0,False,,,,,
1.0,68.0,False,,,,,
1.0,69.0,False,,,,,
1.0,70.0,False,,,,,
1.0,71.0,False,,,,,
1.0,72.0,False,,,,,
1.0,73.0,False,,,,,
1.0,74.0,False,,,,,
1.0,75.0,False,,,,,
1.0,76.0,False,,,,,
1.0,77.0,False,,,,,
1.0,78.0,False,,,,,
1.0,79.0,False,,,,,
1.0,80.0,False,,,,,
1.0,81.0,False,,,,,
1.0,82.0,False,,,,,
1.0,83.0,False,,,,,
1.0,84.0,False,,,,,
1.0,85.0,False,,,,,
1.0,86.0,False,,,,,
1.0,87.0,False,,,,,
1.0,88.0,False,,,,,
1.0,89.0,False,,,,,
1.0,90.0,False,,,,,
1.0,91.0,False,,,,,
1.0,92.0,False,,,,,
1.0,93.0,False,,,,,
1.0,94.0,False,,,,,
1.0,95.0,False,,,,,
1.0,96.0,False,,,,,
1.0,97.0,False,,,,,
1.0,98.0,False,,,,,
1.0,99.0,False,,,,,
1.0,100.0,False,,,,,
2.0,1.0,False,,,,,
2.0,2.0,False,,,,,
2.0,3.0,False,,,,,
2.0,4.0,False,,,,,
2.0,5.0,False,,,,,
2.0,6.0,False,,,,,
2.0,7.0,False,,,,,
2.0,8.0,False,,,,,
2.0,9.0,False,,,,,
2.0,10.0,False,,,,,
2.0,11.0,False,,,,,
2.0,12.0,False,,,,,
2.0,13.0,False,,,,,
2.0,14.0,False,,,,,
2.0,15.0,False,,,,,
2.0,16.0,False,,,,,
2.0,17.0,False,,,,,
2.0,18.0,False,,,,,
2.0,19.0,False,,,,,
2.0,20.0,False,,,,,
2.0,21.0,False,,,,,
2.0,22.0,False,,,,,
2.0,23.0,False,,,,,
2.0,24.0,False,,,,,
2.0,25.0,False,,,,,
2.0,26.0,False,,,,,
2.0,27.0,False,,,,,
2.0,28.0,False,,,,,
2.0,29.0,False,,,,,
2.0,30.0,False,,,,,
2.0,31.0,False,,,,,
2.0,32.0,False,,,,,
2.0,33.0,False,,,,,
2.0,34.0,False,,,,,
2.0,35.0,False,,,,,
2.0,36.0,False,,,,,
2.0,37.0,False,,,,,
2.0,38.0,False,,,,,
2.0,39.0,False,,,,,
2.0,40.0,False,,,,,
2.0,41.0,False,,,,,
2.0,42.0,False,,,,,
2.0,43.0,True,0.033970153547930225,0.03294012844005617,0.1106319055506696,0.9220995206527148,-10.483099118444867
2.0,44.0,True,0.039180648582057685,0.037707053620653665,0.1094025962164964,0.3133720480669412,-10.353707240144958
2.0,45.0,True,0.09985028561458019,0.10224969837490948,0.4324850727354444,0.9910304152726719,-8.594107991761328
2.0,46.0,True,0.13751317128529264,0.08023398941827717,0.2867102789613579,0.03857421190025185,-7.2528277342899194
2.0,47.0,True,0.1927342346684701,0.14616948707963523,0.5134594714343179,0.42998130745711777,-5.169947782258858
2.0,48.0,True,0.21594647204349035,0.1477040702318486,0.562330197558982,0.7874800299134358,-4.488548818664493
2.0,49.0,True,0.1895220616566226,0.08066606033254371,0.3215017016515414,-0.3045773020854804,-5.622878922289692
2.0,50.0,True,0.21870224397965674,0.13223846436314424,0.5982754334591988,1.5416660755746163,-4.541142242865425
2.0,51.0,True,0.20318013547272665,0.10181350519229541,0.3742687268244075,-0.29114282386503765,-5.196271281147554
2.0,52.0,True,0.19343450933216755,0.09248080221035812,0.4044797689084801,0.35523893676724294,-5.394108407365808
2.0,53.0,True,0.18395722541198226,0.14271784690508169,0.5160044624818039,0.9025948577711228,-5.370591773284188
2.0,54.0,True,0.21482050187535245,0.09472372344301436,0.419242783804001,-0.0994368125107488,-4.891542462072289
2.0,55.0,True,0.11725794940391886,0.08113443702098472,0.3164551798261676,0.7815997041681091,-7.852099269638884
2.0,56.0,True,0.14840622675425091,0.12628071255620157,0.6654494519548507,1.8911416393520832,-7.115172418339881
2.0,57.0,True,0.1365352202826639,0.11370323437105197,0.408471143607386,0.6400490240528125,-7.364799172435323
2.0,58.0,True,0.0972264846334173,0.06144367079257692,0.2195883047928135,0.3302396443613484,-8.475747462381669
2.0,59.0,False,,,,,
2.0,60.0,False,,,,,
2.0,61.0,False,,,,,
2.0,62.0,False,,,,,
2.0,63.0,False,,,,,
2.0,64.0,False,,,,,
2.0,65.0,False,,,,,
2.0,66.0,False,,,,,
2.0,67.0,False,,,,,
2.0,68.0,False,,,,,
2.0,69.0,False,,,,,
2.0,70.0,False,,,,,
2.0,71.0,False,,,,,
2.0,72.0,False,,,,,
2.0,73.0,False,,,,,
2.0,74.0,False,,,,,
2.0,75.0,False,,,,,
2.0,76.0,False,,,,,
2.0,77.0,False,,,,,
2.0,78.0,False,,,,,
2.0,79.0,False,,,,,
2.0,80.0,False,,,,,
2.0,81.0,False,,,,,
2.0,82.0,False,,,,,
2.0,83.0,False,,,,,
2.0,84.0,False,,,,,
2.0,85.0,False,,,,,
2.0,86.0,False,,,,,
2.0,87.0,False,,,,,
2.0,88.0,False,,,,,
2.0,89.0,False,,,,,
2.0,90.0,False,,,,,
2.0,91.0,False,,,,,
2.0,92.0,False,,,,,
2.0,93.0,False,,,,,
2.0,94.0,False,,,,,
2.0,95.0,False,,,,,
2.0,96.0,False,,,,,
2.0,97.0,False,,,,,
2.0,98.0,False,,,,,
2.0,99.0,False,,,,,
2.0,100.0,False,,,,,
3.0,1.0,False,,,,,
3.0,2.0,False,,,,,
3.0,3.0,False,,,,,
3.0,4.0,False,,,,,
3.0,5.0,False,,,,,
3.0,6.0,False,,,,,
3.0,7.0,False,,,,,
3.0,8.0,False,,,,,
3.0,9.0,False,,,,,
3.0,10.0,False,,,,,
3.0,11.0,False,,,,,
3.0,12.0,False,,,,,
3.0,13.0,False,,,,,
3.0,14.0,False,,,,,
3.0,15.0,False,,,,,
3.0,16.0,False,,,,,
3.0,17.0,False,,,,,
3.0,18.0,False,,,,,
3.0,19.0,False,,,,,
3.0,20.0,False,,,,,
3.0,21.0,False,,,,,
3.0,22.0,False,,,,,
3.0,23.0,False,,,,,
3.0,24.0,False,,,,,
3.0,25.0,False,,,,,
3.0,26.0,False,,,,,
3.0,27.0,False,,,,,
3.0,28.0,False,,,,,
3.0,29.0,False,,,,,
3.0,30.0,False,,,,,
3.0,31.0,False,,,,,
3.0,32.0,False,,,,,
3.0,33.0,False,,,,,
3.0,34.0,False,,,,,
3.0,35.0,False,,,,,
3.0,36.0,False,,,,,
3.0,37.0,False,,,,,
3.0,38.0,True,0.008206646362225154,0.01811556032803093,0.0617239280940692,2.0496886221432646,-11.34387360357749
3.0,39.0,True,0.06241078301497274,0.04611159473068767,0.1916380002020532,0.42846710055290044,-9.624454440293702
3.0,40.0,True,0.20606084517095924,0.11516729155518624,0.3634236133590836,-0.4473489846843773,-4.749986325474546
3.0,41.0,True,0.18930833207424833,0.08997388198323719,0.3674525620040488,0.48503691398670273,-5.9117787984770525
3.0,42.0,True,0.3930085789550165,0.24984329288026558,0.8443983562482166,0.35619823688880536,0.8365978646670723
3.0,43.0,True,0.3224626029251903,0.13236825148394385,0.624711597334221,0.09547973116279695,-1.0173557497382426
3.0,44.0,True,0.2889871527247985,0.1607505100514971,0.6311632803894218,0.6548674436215566,-2.33021279311675
3.0,45.0,True,0.3010621960945976,0.19368526162932115,0.82475099634577,0.9735842714969991,-1.7708857666950042
3.0,46.0,True,0.261775448871522,0.13105611017667532,0.5507204277169894,0.217831978637372,-3.251892230776101
3.0,47.0,True,0.39528022669485285,0.1459493378203128,0.6622231981819802,-0.008684553912351721,1.3319282541957407
3.0,48.0,True,0.2899055752563566,0.182793831821168,0.9253261753216364,1.4316044558574623,-2.4729809247154115
3.0,49.0,True,0.2500150774098614,0.15907543191086024,0.5952718236280954,0.3777634492610264,-3.777730986403583
3.0,50.0,True,0.2814646812516304,0.11335217415364651,0.5654871142824447,0.7603386095151952,-2.8872527715114336
3.0,51.0,True,0.31125037724746535,0.1592836666777087,0.6647687367913537,0.4851539204689787,-1.7979954321266953
3.0,52.0,True,0.2563411045255627,0.12063045752440356,0.5031132542288399,0.21395456437788277,-3.277894295703263
3.0,53.0,True,0.31777993779008684,0.14126315497117012,0.6432701484346706,0.4877670191974164,-1.0664164368525944
3.0,54.0,True,0.29143244387977624,0.15500906161973638,0.6279923386553766,0.09815364960222911,-2.2565685760348058
3.0,55.0,True,0.32491200758869226,0.18466484869564048,0.720919788418234,0.419353915049213,-1.4173807031348336
3.0,56.0,True,0.28314850825701227,0.11092789270377117,0.4884907314105621,-0.2893863626729835,-2.8900889565066867
3.0,57.0,True,0.2914667413488126,0.07230899536463158,0.4292492010953973,-0.25768146525999763,-2.468540582497361
3.0,58.0,True,0.3289851821449747,0.1206031585505218,0.6412494949681573,0.5993173094179906,-1.1494922535097332
3.0,59.0,True,0.371506087435513,0.16970892406823004,0.6535911673078917,-0.5876171365833631,0.10738545480513507
3.0,60.0,True,0.2857232207945525,0.09899483792546016,0.5015786249690749,0.4168697076336061,-2.3354361194398505
3.0,61.0,True,0.24909242939767678,0.12125820057905165,0.5342032925885507,0.9874408909853899,-3.4185928571978783
3.0,62.0,True,0.17497235132487413,0.1098962369029056,0.35158460694164,0.058626217338015076,-5.922268460300911
3.0,63.0,True,0.09848536100605404,0.050848501746552914,0.1831030620432396,-0.341942901224646,-8.448333376945925
3.0,64.0,False,,,,,
3.0,65.0,False,,,,,
3.0,66.0,False,,,,,
3.0,67.0,False,,,,,
3.0,68.0,False,,,,,
3.0,69.0,False,,,,,
3.0,70.0,False,,,,,
3.0,71.0,False,,,,,
3.0,72.0,False,,,,,
3.0,73.0,False,,,,,
3.0,74.0,False,,,,,
3.0,75.0,False,,,,,
3.0,76.0,False,,,,,
3.0,77.0,False,,,,,
3.0,78.0,False,,,,,
3.0,79.0,False,,,,,
3.0,80.0,False,,,,,
3.0,81.0,False,,,,,
3.0,82.0,False,,,,,
3.0,83.0,False,,,,,
3.0,84.0,False,,,,,
3.0,85.0,False,,,,,
3.0,86.0,False,,,,,
3.0,87.0,False,,,,,
3.0,88.0,False,,,,,
3.0,89.0,False,,,,,
3.0,90.0,False,,,,,
3.0,91.0,False,,,,,
3.0,92.0,False,,,,,
3.0,93.0,False,,,,,
3.0,94.0,False,,,,,
3.0,95.0,False,,,,,
3.0,96.0,False,,,,,
3.0,97.0,False,,,,,
3.0,98.0,False,,,,,
3.0,99.0,False,,,,,
3.0,100.0,False,,,,,
4.0,1.0,False,,,,,
4.0,2.0,False,,,,,
4.0,3.0,False,,,,,
4.0,4.0,False,,,,,
4.0,5.0,False,,,,,
4.0,6.0,False,,,,,
4.0,7.0,False,,,,,
4.0,8.0,False,,,,,
4.0,9.0,False,,,,,
4.0,10.0,False,,,,,
4.0,11.0,False,,,,,
4.0,12.0,False,,,,,
4.0,13.0,False,,,,,
4.0,14.0,False,,,,,
4.0,15.0,False,,,,,
4.0,16.0,False,,,,,
4.0,17.0,False,,,,,
4.0,18.0,False,,,,,
4.0,19.0,False,,,,,
4.0,20.0,False,,,,,
4.0,21.0,False,,,,,
4.0,22.0,False,,,,,
4.0,23.0,False,,,,,
4.0,24.0,False,,,,,
4.0,25.0,False,,,,,
4.0,26.0,False,,,,,
4.0,27.0,False,,,,,
4.0,28.0,False,,,,,
4.0,29.0,False,,,,,
4.0,30.0,False,,,,,
4.0,31.0,False,,,,,
4.0,32.0,False,,,,,
4.0,33.0,False,,,,,
4.0,34.0,False,,,,,
4.0,35.0,False,,,,,
4.0,36.0,True,0.15217451241834576,0.14730388323333463,0.5376426494234604,1.1948862668359101,-6.766172814335068
4.0,37.0,True,0.23448635912967639,0.16241442337764198,0.6553145948158909,0.5460816867243049,-4.065850962907546
4.0,38.0,True,0.23827348640892496,0.10102459038187066,0.4485270338872799,-0.1989607215964404,-3.7588152626921376
4.0,39.0,True,0.3829957446944239,0.13914445640297818,0.6597772562913943,0.1641579959771119,0.9063465575034733
4.0,40.0,True,0.36395355383362016,0.11521326115137795,0.5883279015210238,-0.37174283520369683,-0.024166419667530747
4.0,41.0,True,0.37767990371650256,0.17766224949605855,0.8207444919668743,0.6523693778377571,0.8022000488717536
4.0,42.0,True,0.4070027531867099,0.1768724775194731,0.6670628942341583,-0.17285568294731016,1.4298720556003384
4.0,43.0,True,0.3461258940682391,0.09019363781176987,0.538646652529759,0.3690867452570005,-0.7283631179517901
4.0,44.0,True,0.3159489913956344,0.12596308993401117,0.8023752423747288,1.426107447846118,-1.9215193816573743
4.0,45.0,True,0.4292951921108338,0.2397632904635094,0.858475476910951,0.05966433219633279,1.8404506520952106
4.0,46.0,True,0.31375729187439944,0.15657031229121648,0.8007355056762161,0.501690060846449,-1.7260904985717702
4.0,47.0,True,0.3682756463014359,0.15098984230064227,0.7224014009035734,-0.08923893861902621,0.11777939120206843
4.0,48.0,True,0.28414247858447167,0.12681734055153698,0.5544857109529572,0.33984937942607557,-2.4180752265096674
4.0,49.0,True,0.30166835747631876,0.10614072545693996,0.5249471226221241,0.2887953998680241,-1.841975321894196
4.0,50.0,True,0.3174911972725519,0.14171361370489752,0.5465671931103588,-0.1780990495362385,-1.2593213419213571
4.0,51.0,True,0.21652559253678313,0.08766658973444795,0.4107679615346135,0.08906589551399252,-4.792903275168272
4.0,52.0,True,0.32462499585429544,0.19402926704490756,0.744025306806484,0.19652494066839857,-1.1950521138419143
4.0,53.0,True,0.3646766921278606,0.18897200824612173,0.7011546156862333,-0.021154596639688775,-0.3833967539331991
4.0,54.0,True,0.26402590231061235,0.16361488255583226,0.905756858433278,1.834088946838837,-3.469313909101773
4.0,55.0,True,0.37245403987748577,0.25309373146286335,1.4158970861191729,1.8331997049840547,-0.5440187787829056
4.0,56.0,True,0.3332469032908557,0.16680675534280873,0.8207102780511667,0.7477048462988888,-1.112616480077854
4.0,57.0,True,0.332536908434714,0.1378831062106055,0.6040405208147739,0.24405174562362908,-0.8969884036237719
4.0,58.0,True,0.29660092297115653,0.12127257391034388,0.5183205882739002,-0.13920673776855538,-1.972259454818588
4.0,59.0,True,0.3418359672920893,0.10810741827754945,0.5476513694297652,-0.9302486449176749,-0.8980684280455595
4.0,60.0,True,0.38787862247755484,0.15175766311905364,0.686087855320666,-0.07418878514314994,1.0421765446684468
4.0,61.0,True,0.4862282277657537,0.18373098390132508,0.9170555493553608,0.7099477595362761,3.9687650580971283
4.0,62.0,True,0.5393015800169461,0.18274944046082295,0.955408487214846,0.7071281748160303,5.825663480881267
4.0,63.0,True,0.43677894845666515,0.13206761302461692,0.6359332870324107,-0.19046988785459518,2.3886751805422812
4.0,64.0,True,0.5668933972574886,0.21952710040423565,1.1534109663266092,1.0443895946025894,6.170190620157073
4.0,65.0,True,0.2301918744763991,0.10629571886025689,0.4309989619121779,-0.09655434114728223,-3.9834753047238167
4.0,66.0,True,0.1836144229497482,0.07575450794031055,0.3939642171356899,1.0188787425086006,-5.644019732835321
4.0,67.0,False,,,,,
4.0,68.0,False,,,,,
4.0,69.0,False,,,,,
4.0,70.0,False,,,,,
4.0,71.0,False,,,,,
4.0,72.0,False,,,,,
4.0,73.0,False,,,,,
4.0,74.0,False,,,,,
4.0,75.0,False,,,,,
4.0,76.0,False,,,,,
4.0,77.0,False,,,,,
4.0,78.0,False,,,,,
4.0,79.0,False,,,,,
4.0,80.0,False,,,,,
4.0,81.0,False,,,,,
4.0,82.0,False,,,,,
4.0,83.0,False,,,,,
4.0,84.0,False,,,,,
4.0,85.0,False,,,,,
4.0,86.0,False,,,,,
4.0,87.0,False,,,,,
4.0,88.0,False,,,,,
4.0,89.0,False,,,,,
4.0,90.0,False,,,,,
4.0,91.0,False,,,,,
4.0,92.0,False,,,,,
4.0,93.0,False,,,,,
4.0,94.0,False,,,,,
4.0,95.0,False,,,,,
4.0,96.0,False,,,,,
4.0,97.0,False,,,,,
4.0,98.0,False,,,,,
4.0,99.0,False,,,,,
4.0,100.0,False,,,,,
5.0,1.0,False,,,,,
5.0,2.0,False,,,,,
5.0,3.0,False,,,,,
5.0,4.0,False,,,,,
5.0,5.0,False,,,,,
5.0,6.0,False,,,,,
5.0,7.0,False,,,,,
5.0,8.0,False,,,,,
5.0,9.0,False,,,,,
5.0,10.0,False,,,,,
5.0,11.0,False,,,,,
5.0,12.0,False,,,,,
5.0,13.0,False,,,,,
5.0,14.0,False,,,,,
5.0,15.0,False,,,,,
5.0,16.0,False,,,,,
5.0,17.0,False,,,,,
5.0,18.0,False,,,,,
5.0,19.0,False,,,,,
5.0,20.0,False,,,,,
5.0,21.0,False,,,,,
5.0,22.0,False,,,,,
5.0,23.0,False,,,,,
5.0,24.0,False,,,,,
5.0,25.0,False,,,,,
5.0,26.0,False,,,,,
5.0,27.0,False,,,,,
5.0,28.0,False,,,,,
5.0,29.0,False,,,,,
5.0,30.0,False,,,,,
5.0,31.0,False,,,,,
5.0,32.0,False,,,,,
5.0,33.0,True,0.14992799919528565,0.07621790598303535,0.3393082321059081,0.7324618022367778,-6.746792578221928
5.0,34.0,True,0.16215604125072475,0.10822361008375429,0.3867870021716401,0.4162590124409228,-6.33985973028675
5.0,35.0,True,0.33891010107766595,0.1766498984730452,0.6483015770783815,0.07502148962387323,-0.9970678415956782
5.0,36.0,True,0.18547085291804435,0.09338379295895165,0.4064905519732608,0.9483813482559063,-5.78248030692317
5.0,37.0,True,0.3332703144408194,0.20876304961639833,0.72667485186961,0.3887696060909774,-0.6886425282161059
5.0,38.0,True,0.36738120431573046,0.15352933594093426,0.7564751448155852,0.47045443500275336,0.5035444047564261
5.0,39.0,True,0.36855808599703854,0.21392488471057078,0.6848442142852199,-0.10201679871481102,0.3179981243175662
5.0,40.0,True,0.37128538559981883,0.19231986282277624,0.7057142940233438,0.017557845634508587,0.30247602455628125
5.0,41.0,True,0.27087011105521147,0.12900849951335278,0.5135480162091267,-0.10158503647713847,-3.150759937543647
5.0,42.0,True,0.3976020541542574,0.1823166931025551,0.8429969986480068,0.20835644868382996,0.6300167496428681
5.0,43.0,True,0.25403367780413466,0.09618111049609787,0.4443052650159575,0.40964759882329593,-3.6605871902387053
5.0,44.0,True,0.36635854307024757,0.2103176306192375,0.8635776550215006,0.5787649105018706,0.09850071368395316
5.0,45.0,True,0.318189668287815,0.1251371814432398,0.5808823961476952,-0.1880400795987387,-1.22252597277179
5.0,46.0,True,0.30087294450495455,0.18292628702572147,0.6592806490138552,0.3355864210814073,-2.014341054959321
5.0,47.0,True,0.40003468521842844,0.17697700290359253,0.7193091459147978,-0.03277473612857289,1.066815212013677
5.0,48.0,True,0.3267201471399934,0.18174335486684298,0.6229772495111815,-0.19462482893630564,-0.6487792047958232
5.0,49.0,True,0.3907660300922425,0.22314913044871115,0.9937545764147584,0.594296746084639,0.4420530984128196
5.0,50.0,True,0.3276882366833928,0.13757340318989505,0.5672995354320708,-0.28349786119225007,-0.9121222034131848
5.0,51.0,True,0.30416489956234793,0.17326351196274245,0.900900407393812,1.3350728177289688,-1.8804909936481888
5.0,52.0,True,0.30057012916975023,0.15045762010506836,0.5880807392490781,0.0605031774204014,-1.6572464166961005
5.0,53.0,True,0.32902871168276976,0.17729326121116107,0.6437770446243181,-0.05868599049901724,-0.71226646229903
5.0,54.0,True,0.26404341377963564,0.14228830477656562,0.6423488495692106,0.8113529851061925,-2.987421635525419
5.0,55.0,True,0.5105995449997156,0.2470204080029859,1.1197781082998934,0.9383272027928717,4.814305644007434
5.0,56.0,True,0.343533296495972,0.19235923374952535,0.6959128234920585,0.39171422781983023,-0.3363408913759126
5.0,57.0,True,0.3179693329945505,0.18782981457366094,0.7090913800177422,0.5467255838989695,-1.4815131373718078
5.0,58.0,True,0.42644079210830466,0.21311393703438453,0.8707850123406732,0.27108103487723567,2.0673001373125772
5.0,59.0,True,0.4058765081777008,0.11034255459212373,0.5741845793978767,-0.8797659577097438,1.4430707151395343
5.0,60.0,True,0.3025618856654458,0.20187222864138757,0.7338008828821799,0.5932391768424441,-2.053711453807112
5.0,61.0,True,0.4397276615415868,0.13120128292721253,0.6729227087948659,-0.8763815747184677,2.625611688904675
5.0,62.0,True,0.4671940109752823,0.2005963774565378,0.8541971491432535,-0.050517979026216436,3.253168064248025
5.0,63.0,True,0.4892126185915439,0.25967627746114613,1.1913167286103403,1.2273586204439204,4.062944589124686
5.0,64.0,True,0.4515753981698949,0.16110083243558637,0.9178754821591678,0.14711001763799664,2.6079811841454705
5.0,65.0,True,0.5580379975119845,0.25976690273665476,1.1165328965216337,0.5331518804972468,6.5489289611853545
5.0,66.0,True,0.6252717773432681,0.19902719026726193,0.9738836327172056,-0.30735225290427015,8.372104212287837
5.0,67.0,True,0.38053800791867065,0.17400012274313925,0.7923214622510343,0.6056093158989819,0.5331947801052892
5.0,68.0,True,0.3800618155643479,0.144293194905126,0.6438761429290331,-0.07130416157957827,0.651116625302619
5.0,69.0,True,0.04218875180624151,0.051014357009782595,0.1716708161807077,1.200600814124851,-10.301514541763835
5.0,70.0,False,,,,,
5.0,71.0,False,,,,,
5.0,72.0,False,,,,,
5.0,73.0,False,,,,,
5.0,74.0,False,,,,,
5.0,75.0,False,,,,,
5.0,76.0,False,,,,,
5.0,77.0,False,,,,,
5.0,78.0,False,,,,,
5.0,79.0,False,,,,,
5.0,80.0,False,,,,,
5.0,81.0,False,,,,,
5.0,82.0,False,,,,,
5.0,83.0,False,,,,,
5.0,84.0,False,,,,,
5.0,85.0,False,,,,,
5.0,86.0,False,,,,,
5.0,87.0,False,,,,,
5.0,88.0,False,,,,,
5.0,89.0,False,,,,,
5.0,90.0,False,,,,,
5.0,91.0,False,,,,,
5.0,92.0,False,,,,,
5.0,93.0,False,,,,,
5.0,94.0,False,,,,,
5.0,95.0,False,,,,,
5.0,96.0,False,,,,,
5.0,97.0,False,,,,,
5.0,98.0,False,,,,,
5.0,99.0,False,,,,,
5.0,100.0,False,,,,,
6.0,1.0,False,,,,,
6.0,2.0,False,,,,,
6.0,3.0,False,,,,,
6.0,4.0,False,,,,,
6.0,5.0,False,,,,,
6.0,6.0,False,,,,,
6.0,7.0,False,,,,,
6.0,8.0,False,,,,,
6.0,9.0,False,,,,,
6.0,10.0,False,,,,,
6.0,11.0,False,,,,,
6.0,12.0,False,,,,,
6.0,13.0,False,,,,,
6.0,14.0,False,,,,,
6.0,15.0,False,,,,,
6.0,16.0,False,,,,,
6.0,17.0,False,,,,,
6.0,18.0,False,,,,,
6.0,19.0,False,,,,,
6.0,20.0,False,,,,,
6.0,21.0,False,,,,,
6.0,22.0,False,,,,,
6.0,23.0,False,,,,,
6.0,24.0,False,,,,,
6.0,25.0,False,,,,,
6.0,26.0,False,,,,,
6.0,27.0,False,,,,,
6.0,28.0,False,,,,,
6.0,29.0,False,,,,,
6.0,30.0,True,0.03386337917513158,0.07310295344631432,0.2909533454894858,2.203656952408955,-10.916441668390549
6.0,31.0,True,0.23542184068887656,0.08975803602437758,0.3996048836170298,-0.1395938693585747,-4.270234097133704
6.0,32.0,True,0.2874802554746196,0.11546160856082881,0.559545597934903,0.22822861478079473,-2.852404109535463
6.0,33.0,True,0.26941664236069646,0.0891921478041331,0.4375296948291171,-0.274528806501144,-3.151801430454884
6.0,34.0,True,0.39714638366148625,0.20935401238273146,0.9464000884912372,0.9981606863537038,1.4228382791442291
6.0,35.0,True,0.46621003451052606,0.23163927745875965,0.8553370145638641,-0.041052662716896116,3.5686980414610217
6.0,36.0,True,0.3519389938438252,0.11710285402375066,0.5514966355024626,0.02712969033342309,-0.35186502996835334
6.0,37.0,True,0.3655376707403344,0.22258191197564373,0.8410984377362091,0.3838563979132507,0.1658726373818642
6.0,38.0,True,0.3715474192436338,0.14461757390410784,0.7583825260199435,1.2214146729305873,0.32985422129176944
6.0,39.0,True,0.37463820710544865,0.1631823511576631,0.6937965671480966,0.5473669085871745,0.4124316044762885
6.0,40.0,True,0.47911407420252994,0.19751347827446278,0.9515806676040276,0.5249858971591992,3.7662459762175784
6.0,41.0,True,0.4064938728388381,0.2002149017476126,0.7423435125514352,0.2192296409206162,0.902442085259352
6.0,42.0,True,0.3206514449603552,0.1274369547087191,0.582963337607493,0.08142585361351681,-1.3339384872706943
6.0,43.0,True,0.5507700709872514,0.20218006166907498,0.9463400654787776,-0.48685556684975717,6.539205073798141
6.0,44.0,True,0.38109951673378334,0.18646023465518413,0.7969252674808707,0.37624542891118345,0.243147028323513
6.0,45.0,True,0.44411950953156853,0.18650590774926287,0.8575146945778619,0.4858801955012832,3.049397368247357
6.0,46.0,True,0.3890060513897909,0.1676205367165087,0.8642653085815961,0.24051138626690993,0.5320573680274555
6.0,47.0,True,0.4969926951861523,0.15086435582174954,0.7545507988677046,0.09504880087077283,4.142665948176014
6.0,48.0,True,0.28673410410877537,0.17054440677462562,0.5267529737576812,-0.3583153478383671,-2.054907106757265
6.0,49.0,True,0.39658925102739107,0.23351094199190522,1.0453007435086354,1.2814762790964869,0.3929821308886522
6.0,50.0,True,0.2989236158846377,0.16946177439283308,0.7972275028259819,1.0003997586413902,-2.376732660574712
6.0,51.0,True,0.31388629018325315,0.19048108631945493,0.8358713431795202,1.1858439375730898,-1.3257430138226693
6.0,52.0,True,0.39703423266707566,0.09909238337117389,0.5773110241154267,-0.5666169481125091,1.0355744702461214
6.0,53.0,True,0.38460915128928624,0.24150014054831132,0.870210858298221,0.2441919311067723,1.1503722343496403
6.0,54.0,True,0.3015654955403582,0.12722522450854856,0.5226739709463671,0.12204882388400237,-1.8453936146545855
6.0,55.0,True,0.35379548648811865,0.1518472341925436,0.620499081992694,-0.5514812322603,0.07173320951458949
6.0,56.0,True,0.3675773865298235,0.1322925875450948,0.5963399101204628,-0.2845834107011342,0.06630081955552783
6.0,57.0,True,0.44041275849892925,0.1943642436631534,0.7121733279143003,-0.2860455922443295,2.405236900597531
6.0,58.0,True,0.4722686577899236,0.25483066910227803,0.9409643897646588,0.16097860901350525,3.7919563696102507
6.0,59.0,True,0.488771743562689,0.22154925889244925,0.785970236970925,-0.824322436248487,3.7602490522744576
6.0,60.0,True,0.4358538825371146,0.15681749777511314,0.7212188073950109,-0.0849452155459864,2.4095763566650357
6.0,61.0,True,0.4673881234541535,0.18230869095535795,0.7919013424049148,-0.04107080240295231,3.151058081837394
6.0,62.0,True,0.4695328112485791,0.3187991882082003,1.3936396948628398,1.6097262142350979,3.658297147485951
6.0,63.0,True,0.5026223909203761,0.22584321211062372,0.9704403287747436,0.38719457020018333,4.781015912542464
6.0,64.0,True,0.44623917023543963,0.28745058817702007,1.1679820726675556,0.8717743630530134,2.959959643728329
6.0,65.0,True,0.45958438641838734,0.12765531359618545,0.7329065258709274,0.12831327076645344,2.813226926720447
6.0,66.0,True,0.3884751662517511,0.21604158452682845,1.0184544417116383,0.6862520095524565,0.0502462106136859
6.0,67.0,True,0.5104491658916267,0.15130791911712974,0.841199551266181,0.4931129662335198,4.090027458182757
6.0,68.0,True,0.523292132474189,0.2121609181382959,1.0084247711171388,0.57624894790178,4.981011220153609
6.0,69.0,True,0.4429106417025531,0.18542443614554888,0.8709924250976775,0.3149959244641321,2.5094456067458557
6.0,70.0,True,0.3543791448760025,0.121813291733944,0.5280579585736372,-0.6827698061965284,-0.5445189720449582
6.0,71.0,True,0.14201791541468525,0.13232711665320707,0.4513032638544805,0.8008389758850254,-6.947610118477579
6.0,72.0,False,,,,,
6.0,73.0,False,,,,,
6.0,74.0,False,,,,,
6.0,75.0,False,,,,,
6.0,76.0,False,,,,,
6.0,77.0,False,,,,,
6.0,78.0,False,,,,,
6.0,79.0,False,,,,,
6.0,80.0,False,,,,,
6.0,81.0,False,,,,,
6.0,82.0,False,,,,,
6.0,83.0,False,,,,,
6.0,84.0,False,,,,,
6.0,85.0,False,,,,,
6.0,86.0,False,,,,,
6.0,87.0,False,,,,,
6.0,88.0,False,,,,,
6.0,89.0,False,,,,,
6.0,90.0,False,,,,,
6.0,91.0,False,,,,,
6.0,92.0,False,,,,,
6.0,93.0,False,,,,,
6.0,94.0,False,,,,,
6.0,95.0,False,,,,,
6.0,96.0,False,,,,,
6.0,97.0,False,,,,,
6.0,98.0,False,,,,,
6.0,99.0,False,,,,,
6.0,100.0,False,,,,,
7.0,1.0,False,,,,,
7.0,2.0,False,,,,,
7.0,3.0,False,,,,,
7.0,4.0,False,,,,,
7.0,5.0,False,,,,,
7.0,6.0,False,,,,,
7.0,7.0,False,,,,,
7.0,8.0,False,,,,,
7.0,9.0,False,,,,,
7.0,10.0,False,,,,,
7.0,11.0,False,,,,,
7.0,12.0,False,,,,,
7.0,13.0,False,,,,,
7.0,14.0,False,,,,,
7.0,15.0,False,,,,,
7.0,16.0,False,,,,,
7.0,17.0,False,,,,,
7.0,18.0,False,,,,,
7.0,19.0,False,,,,,
7.0,20.0,False,,,,,
7.0,21.0,False,,,,,
7.0,22.0,False,,,,,
7.0,23.0,False,,,,,
7.0,24.0,False,,,,,
7.0,25.0,False,,,,,
7.0,26.0,False,,,,,
7.0,27.0,False,,,,,
7.0,28.0,True,0.01737476172590409,0.021597832552746315,0.0623944929669953,1.0163156655981067,-11.093220777105875
7.0,29.0,True,0.27337315849247884,0.13200216927564964,0.512671931138219,-0.22959534077818222,-2.8538098305852664
7.0,30.0,True,0.43105760624939327,0.2174838710987615,0.8595033035960741,0.5467407888662277,1.7250949549271555
7.0,31.0,True,0.4009912957457658,0.1771270045216759,0.6760213734633556,-0.3346941632541782,0.7295411726470066
7.0,32.0,True,0.3464900789424876,0.10630073580925674,0.5380330017964104,-0.10081228843957081,-0.5682562074609142
7.0,33.0,True,0.3840109300430285,0.12618576715482743,0.7189954862823342,0.799979574205965,0.4290718178345706
7.0,34.0,True,0.3686448022780192,0.12626514306746972,0.6384780487927785,-0.07199678699357066,0.150694128631103
7.0,35.0,True,0.47668510404863407,0.20592200137754557,0.826138073503791,-0.0878448105578985,3.3956427789802324
7.0,36.0,True,0.38871342853217516,0.12879916462059574,0.6252494261630889,0.21526235319671208,0.8972447020930173
7.0,37.0,True,0.34694699498913534,0.13960573801407458,0.5162139053342298,-0.7212939242405034,-0.24104778915450661
7.0,38.0,True,0.4052408414488849,0.22396632323658794,1.0541955358870925,0.8783841588998743,1.395524032770955
7.0,39.0,True,0.4369137950479378,0.14875243450724074,0.7774026752642441,0.6288756937278128,2.3152627866649613
7.0,40.0,True,0.4778888211668665,0.24889487269547925,0.8635697304777554,-0.33881279953023363,4.356371262735045
7.0,41.0,True,0.3839237885597582,0.0946302599055788,0.5756685709662408,-0.017195303661040027,0.6500069922531585
7.0,42.0,True,0.36233116497714746,0.1375498982162756,0.5973475328625909,-0.3444158732127577,0.3265412989893962
7.0,43.0,True,0.4505060342234734,0.18576196646895496,1.126754322769104,1.1170910860666705,1.9188662896615778
7.0,44.0,True,0.3475575886677254,0.08680216854021584,0.5385218888329447,-0.4154418078921331,-0.46614080106501105
7.0,45.0,True,0.3400122019595548,0.13833235133615485,0.7036233591058292,1.0562973033797256,-0.7114770750222326
7.0,46.0,True,0.4372156122487397,0.18057148097022147,0.8310335933720332,0.5993956476959228,2.0967817571433054
7.0,47.0,True,0.36837862753084377,0.1540265162213956,0.7266215320943281,0.2667807074665229,-0.3514151857249814
7.0,48.0,True,0.3720586289822876,0.15969922518844734,0.6821621247626475,0.2707099477715006,0.17402337084941052
7.0,49.0,True,0.36885060941053865,0.1185197823890277,0.5657932392564767,-1.024636694678852,0.4088945064627329
7.0,50.0,True,0.3842710148161532,0.23580429928548313,0.8538235889220666,0.6173555317225988,0.19122803915034534
7.0,51.0,True,0.3829588993609663,0.10592122561600689,0.5926595044606783,0.09890488282967631,0.713654005936656
7.0,52.0,True,0.4434245856511856,0.13683005193793596,0.741560314340319,-0.3113475488179736,3.006095778754897
7.0,53.0,True,0.36080437803653337,0.2374407706901381,0.8157742223838322,0.5176656765673592,0.34436735280343805
7.0,54.0,True,0.36664154611599287,0.1419104673696533,0.633651590738825,-0.19213476963546433,0.5845485119457594
7.0,55.0,True,0.38550928486101876,0.12177108294385391,0.6183685408541489,-0.5127694661557752,0.898997624710872
7.0,56.0,True,0.3832314958944239,0.22548710408839626,0.7683829618729164,0.31124753922514087,0.70175655861096
7.0,57.0,True,0.45128072139054565,0.26275822986681185,1.269449644015358,0.9764281928627396,2.5218112567450484
7.0,58.0,True,0.46376398806206254,0.16564219677565764,0.8069577592709815,-0.19122089798151937,3.5483459206962777
7.0,59.0,True,0.6210372713895619,0.27787392586703247,1.2842392503651872,0.6569965357495995,8.476443407281279
7.0,60.0,True,0.5242308435837382,0.2173737447111971,0.8780281164496612,0.17263909425465493,5.432859766852633
7.0,61.0,True,0.6691245958771885,0.25215811531240734,1.186431333709299,0.4401972676646317,10.184013443436056
7.0,62.0,True,0.5029179650576705,0.2423626404019652,1.0856579393466212,0.5765642733096921,4.514981867570835
7.0,63.0,True,0.5294627277986121,0.2406067960589507,0.9838692867203692,-0.2959427724386049,5.867249693455279
7.0,64.0,True,0.46671915526027946,0.1422996274639822,0.8240331827831502,0.6871736828596665,3.0247009107849565
7.0,65.0,True,0.49289755686097264,0.10713077546565951,0.6934402690796869,-0.19095710597407084,4.176665303554588
7.0,66.0,True,0.3469106506295261,0.15151398351622,0.7003237079305656,0.1395738289561645,-0.31219723082812434
7.0,67.0,True,0.42960988501196945,0.1474121756518556,0.6583143511018962,-0.5089202791006879,1.88071495441458
7.0,68.0,True,0.4871695424574228,0.1333788849628484,0.7373637152640445,0.35266011722824614,3.8932211750077017
7.0,69.0,True,0.41958400671288004,0.21669061596871692,0.8507214644983184,-0.0933928817998169,1.7219142291768512
7.0,70.0,True,0.46722585367189284,0.15285587136348078,0.7630045631422301,-0.5271335047590328,3.4228861919344267
7.0,71.0,True,0.33416881257311787,0.13813220367696075,0.7284422336473683,0.886473994370074,-1.1349956038464089
7.0,72.0,True,0.2766499806590007,0.13777971095357214,0.5624358066528679,0.1337691360452658,-2.3927415256553766
7.0,73.0,True,0.1797532339602455,0.11070350196883054,0.4178805620360248,0.13663369691214272,-5.632426498145617
7.0,74.0,False,,,,,
7.0,75.0,False,,,,,
7.0,76.0,False,,,,,
7.0,77.0,False,,,,,
7.0,78.0,False,,,,,
7.0,79.0,False,,,,,
7.0,80.0,False,,,,,
7.0,81.0,False,,,,,
7.0,82.0,False,,,,,
7.0,83.0,False,,,,,
7.0,84.0,False,,,,,
7.0,85.0,False,,,,,
7.0,86.0,False,,,,,
7.0,87.0,False,,,,,
7.0,88.0,False,,,,,
7.0,89.0,False,,,,,
7.0,90.0,False,,,,,
7.0,91.0,False,,,,,
7.0,92.0,False,,,,,
7.0,93.0,False,,,,,
7.0,94.0,False,,,,,
7.0,95.0,False,,,,,
7.0,96.0,False,,,,,
7.0,97.0,False,,,,,
7.0,98.0,False,,,,,
7.0,99.0,False,,,,,
7.0,100.0,False,,,,,
8.0,1.0,False,,,,,
8.0,2.0,False,,,,,
8.0,3.0,False,,,,,
8.0,4.0,False,,,,,
8.0,5.0,False,,,,,
8.0,6.0,False,,,,,
8.0,7.0,False,,,,,
8.0,8.0,False,,,,,
8.0,9.0,False,,,,,
8.0,10.0,False,,,,,
8.0,11.0,False,,,,,
8.0,12.0,False,,,,,
8.0,13.0,False,,,,,
8.0,14.0,False,,,,,
8.0,15.0,False,,,,,
8.0,16.0,False,,,,,
8.0,17.0,False,,,,,
8.0,18.0,False,,,,,
8.0,19.0,False,,,,,
8.0,20.0,False,,,,,
8.0,21.0,False,,,,,
8.0,22.0,False,,,,,
8.0,23.0,False,,,,,
8.0,24.0,False,,,,,
8.0,25.0,False,,,,,
8.0,26.0,False,,,,,
8.0,27.0,True,0.24374278309853362,0.15463963689137147,0.5145230932196315,0.022339245058244535,-3.413376276308541
8.0,28.0,True,0.5873421068446515,0.18321467139917466,0.9092946534462586,-0.5696413373534192,7.6059921317489145
8.0,29.0,True,0.46092285873657585,0.2003366129646974,0.7542065856123698,-0.6643591730321955,3.6153472856274087
8.0,30.0,True,0.4496546819467853,0.1690977735264739,0.8355263906613388,0.7571786304014749,2.8462395063651638
8.0,31.0,True,0.40572149303991895,0.14921071968783825,0.6005042593413296,-1.016045119562356,1.2539005701703858
8.0,32.0,True,0.38053606015962793,0.14715087470489524,0.5856040016288007,-0.6731256724427331,0.795588267399973
8.0,33.0,True,0.5594149113116522,0.21709742493500214,1.0079464530040565,0.00043068169524183717,6.975344789527955
8.0,34.0,True,0.32497455475142345,0.15086701514300765,0.5836827767548844,-0.0717327152451366,-1.2951628926747454
8.0,35.0,True,0.420626462797241,0.18981868220620235,0.8186225094912599,0.3721310360401378,1.9537710469620262
8.0,36.0,True,0.4078396181168034,0.16352437991867858,0.7388729681916758,-0.00017049884406788245,1.785777969463748
8.0,37.0,True,0.3676317633983812,0.18626116676416057,0.8286029283914421,0.15310452668129831,0.18876118983752993
8.0,38.0,True,0.3855456335041668,0.16778092770750117,0.6920092993482332,0.3007006237641741,0.9487042921585425
8.0,39.0,True,0.34113365780742083,0.1233740244362627,0.5815643768957274,-0.2087027648275937,-1.0140472038792057
8.0,40.0,True,0.3838171108987084,0.18542140520433414,0.7386511503130035,0.28354487262069095,0.717762236002671
8.0,41.0,True,0.46738912841448765,0.23791077520015838,0.9120134331518682,0.09028477122329616,3.409229104952498
8.0,42.0,True,0.3537203989765821,0.12945775703959764,0.5851197630025422,-0.3514887414369678,-0.04798990879564977
8.0,43.0,True,0.45763786673294715,0.11459946476903944,0.6683372160346811,-0.3859748773518389,3.1180749030276664
8.0,44.0,True,0.33292524139121005,0.1334661207621262,0.6563500495697983,0.9204548308220954,-0.8601912083043648
8.0,45.0,True,0.386416077588922,0.15418791487150674,0.6272268732247055,-0.16054487401377246,0.83124949035242
8.0,46.0,True,0.33907130081285286,0.1757892136188073,0.6229385979869314,-0.181615520080542,-0.8002418579272925
8.0,47.0,True,0.5099650003045615,0.22015721657615595,0.8346267956371379,-0.4623279970455066,4.695737966480807
8.0,48.0,True,0.4312597290990584,0.22892159099620368,1.05801106493859,0.6132210671587566,2.140901214820023
8.0,49.0,True,0.48688589367911284,0.21117423361940005,0.8956328493523926,0.36687836244277144,4.307950279160369
8.0,50.0,True,0.4553423858613094,0.1775327184693452,1.125236271551757,1.5955336169729828,2.1710053351782737
8.0,51.0,True,0.28424029895410685,0.12446629153980894,0.5893986898475171,0.21604278789691964,-2.9001099843916105
8.0,52.0,True,0.3854485646300318,0.17648426831197211,0.7745470579485584,-0.17091152625518136,0.4612033792153355
8.0,53.0,True,0.29615642867124103,0.13707317942210734,0.5160026173263024,-0.26911858085462065,-2.1076981898176776
8.0,54.0,True,0.3384087968915683,0.15995577048277568,0.7718002005803404,0.6578152379860365,-0.692168880567777
8.0,55.0,True,0.24996334074431814,0.12597992021156876,0.5574172565285523,0.6862835204215625,-3.9009984190332543
8.0,56.0,True,0.360618677654063,0.20101000528960056,0.8589549909688501,0.9918705894705084,-0.5535857617103533
8.0,57.0,True,0.39302749222371974,0.14051435741794896,0.6030369123599697,-0.3731518303189958,0.9107924943099613
8.0,58.0,True,0.5257130825499209,0.21643310068252467,0.8830873170087348,-0.7676122243124749,5.791388351191434
8.0,59.0,True,0.4522292969529451,0.18243412307464232,0.8631387932637247,-0.32902510067044305,2.5332858676339853
8.0,60.0,True,0.4973926442462818,0.1873100400923729,0.9227826937702416,0.5280780571219202,4.465423052708438
8.0,61.0,True,0.6088983336087772,0.22695007716491516,1.0255521450546077,-0.2100767329669912,7.964260964005928
8.0,62.0,True,0.5916036193122932,0.139054976633184,0.8554960241494165,-0.495102325658631,7.346807543384246
8.0,63.0,True,0.3080245655941501,0.10554819893859642,0.539630044151017,0.2163373477621829,-1.7233306239080326
8.0,64.0,True,0.28395121067805207,0.13356948559961004,0.561243431775782,0.08637104973894412,-2.7999125060006094
8.0,65.0,True,0.3643014124275266,0.10302364179118882,0.5785503984375078,0.08808557718618773,0.11640332114827827
8.0,66.0,True,0.3456960219284463,0.16007627389604967,0.6486711403898879,0.164111797762722,-0.4548060689587827
8.0,67.0,True,0.34757546467886685,0.11575429853287335,0.5615237599687612,-0.35969725340720027,-0.6321390796545612
8.0,68.0,True,0.32738032559418256,0.11851904958780654,0.5432867644720126,0.05882908957228693,-1.0884372427326312
8.0,69.0,True,0.41570391461986533,0.20985315658747244,0.825338361808443,0.37805490995366614,1.8644240491466608
8.0,70.0,True,0.3617924926518608,0.1483588851889582,0.7464447045946251,0.3325354989769352,-0.13309295113428377
8.0,71.0,True,0.3325858182091256,0.12581454832866432,0.6391076269652964,0.739135258367974,-0.6776016694022764
8.0,72.0,True,0.30152037698162903,0.18254690708592763,0.7303694842392832,0.5766745789570319,-1.5462066854196541
8.0,73.0,True,0.30840503430893973,0.10189392525376638,0.6057649545871399,0.42555773006970027,-2.099572261513626
8.0,74.0,True,0.287233579094445,0.13613038954947265,0.643714107184179,0.40366746107436446,-2.698995739381637
8.0,75.0,True,0.14583860693968642,0.1417828975155108,0.3901067391756898,0.46898824459803246,-7.092827319661937
8.0,76.0,False,,,,,
8.0,77.0,False,,,,,
8.0,78.0,False,,,,,
8.0,79.0,False,,,,,
8.0,80.0,False,,,,,
8.0,81.0,False,,,,,
8.0,82.0,False,,,,,
8.0,83.0,False,,,,,
8.0,84.0,False,,,,,
8.0,85.0,False,,,,,
8.0,86.0,False,,,,,
8.0,87.0,False,,,,,
8.0,88.0,False,,,,,
8.0,89.0,False,,,,,
8.0,90.0,False,,,,,
8.0,91.0,False,,,,,
8.0,92.0,False,,,,,
8.0,93.0,False,,,,,
8.0,94.0,False,,,,,
8.0,95.0,False,,,,,
8.0,96.0,False,,,,,
8.0,97.0,False,,,,,
8.0,98.0,False,,,,,
8.0,99.0,False,,,,,
8.0,100.0,False,,,,,
9.0,1.0,False,,,,,
9.0,2.0,False,,,,,
9.0,3.0,False,,,,,
9.0,4.0,False,,,,,
9.0,5.0,False,,,,,
9.0,6.0,False,,,,,
9.0,7.0,False,,,,,
9.0,8.0,False,,,,,
9.0,9.0,False,,,,,
9.0,10.0,False,,,,,
9.0,11.0,False,,,,,
9.0,12.0,False,,,,,
9.0,13.0,False,,,,,
9.0,14.0,False,,,,,
9.0,15.0,False,,,,,
9.0,16.0,False,,,,,
9.0,17.0,False,,,,,
9.0,18.0,False,,,,,
9.0,19.0,False,,,,,
9.0,20.0,False,,,,,
9.0,21.0,False,,,,,
9.0,22.0,False,,,,,
9.0,23.0,False,,,,,
9.0,24.0,False,,,,,
9.0,25.0,True,0.1309560566365798,0.09413230605973968,0.3543909328738367,0.6337255702184971,-7.661886261602654
9.0,26.0,True,0.3910891966563984,0.15850946159035498,0.6913157772719404,-0.1973823168229522,1.0531356919185264
9.0,27.0,True,0.5261447770466674,0.24127015113674602,0.9840971047663304,0.40390827010573005,4.973954228702884
9.0,28.0,True,0.5153671305859986,0.20144796761465159,1.0095764310268982,0.32173208304882106,4.310936238518618
9.0,29.0,True,0.40343728945365026,0.16504790013193388,0.782997902825643,0.4477454815939403,1.415694240409675
9.0,30.0,True,0.4631495747595447,0.30355037395504453,0.9579316662894188,0.16031492074724188,3.7458983343559966
9.0,31.0,True,0.36667679864569225,0.21008840344417803,0.8385899143435345,0.03226131938960022,0.20238784193797565
9.0,32.0,True,0.29214411364122833,0.10222274595166138,0.446916485710558,-0.13487177089352156,-2.268349749206619
9.0,33.0,True,0.3094759701228953,0.17628710604876577,0.6114849721787108,0.17532592611771916,-1.4594134673179509
9.0,34.0,True,0.3998840450081999,0.18654939667415169,0.8161309064464817,0.22620631846488726,0.893695125032743
9.0,35.0,True,0.4872197646040152,0.1981853795264067,0.8457829230721904,-0.21749485752787812,3.864215396038219
9.0,36.0,True,0.48752633551611396,0.20894903177706822,0.9991435486166136,0.5689942478441385,4.083296524747697
9.0,37.0,True,0.5023064655008496,0.22206831434858912,1.067305747177092,0.6986855955510056,4.897060831697237
9.0,38.0,True,0.36853108045882377,0.1471081603250068,0.629172511669691,0.024129575346946004,0.04129500843275049
9.0,39.0,True,0.37688945355047204,0.15763206484988998,0.7058682418332383,0.1148225064043968,0.37739918827512264
9.0,40.0,True,0.5044866567219924,0.20827686627141995,1.1036580471824844,0.9825024747290833,4.1290506058199545
9.0,41.0,True,0.42854118029471655,0.15445521303980803,0.7859286796400154,0.7185778356335892,2.2550766373994975
9.0,42.0,True,0.3459860620439113,0.10218392150796592,0.5725501182240322,-0.03277869277813308,-0.6784128514667108
9.0,43.0,True,0.3670696576750062,0.18240452508438665,0.8149498012280681,0.843587171648624,-0.028872720720327295
9.0,44.0,True,0.4785904288281704,0.17503340356960864,0.7559373243473073,-0.3198900917083718,4.049428808238717
9.0,45.0,True,0.5316439107585741,0.2811055989479092,1.2732270956267175,0.7586637984689899,5.42990289911765
9.0,46.0,True,0.3252873674963491,0.11534958784019905,0.5899977367404368,0.16526321653421183,-1.3104716275075596
9.0,47.0,True,0.37054080766456776,0.15847743738616113,0.6107072368911957,-0.1531192404377053,0.27632204370347474
9.0,48.0,True,0.41220675936874,0.12852811527537047,0.6762794335773872,-0.26939592621490277,1.2919722559996154
9.0,49.0,True,0.35482508492817844,0.11544869161763592,0.5382310683464966,-0.2977375592212527,-0.2842125931686087
9.0,50.0,True,0.5051794615999451,0.1832001686184568,0.8510988560606945,0.15738475425462894,4.82909252864324
9.0,51.0,True,0.3920170351216674,0.18421200526874143,0.8895567139079424,0.32336978580535614,0.7663926260935251
9.0,52.0,True,0.2237431078287503,0.07913911702467982,0.4969451913309179,0.4083789483812387,-4.587112507034815
9.0,53.0,True,0.2842227777860325,0.10185383729245852,0.5384890824623058,0.7776400446533509,-2.630695642063692
9.0,54.0,True,0.41008534576258887,0.16512718345212302,0.6392999072622038,-0.579030691048301,1.2939184616001937
9.0,55.0,True,0.35299648764211683,0.12620450725073318,0.6798528137931673,-0.06518839450547712,-0.37724992994618023
9.0,56.0,True,0.3067835358843155,0.16462634362637463,0.583986725619025,0.027539664708347254,-1.3336903020926658
9.0,57.0,True,0.31619549035231814,0.11683774785664613,0.5216058554411561,0.19570041146199713,-1.2975046967033945
9.0,58.0,True,0.5433978490832837,0.2556271027569601,1.1135485322555254,0.043573038379210005,5.5469303787813775
9.0,59.0,True,0.5372184680134426,0.22692091512908794,1.069092485468728,0.4720659867303283,5.747461806809451
9.0,60.0,True,0.6586518756334926,0.24882035615130813,1.1969817752598493,-0.0755589887002317,9.952936968332843
9.0,61.0,True,0.5658519485408657,0.3576844799668232,1.3116899071199424,0.364155874130236,6.924087105005128
9.0,62.0,True,0.3285190458185426,0.14924097957443166,0.630044513123314,0.006971381854730449,-0.8387082245831461
9.0,63.0,True,0.4544142503231197,0.18004159047803212,0.7327006373804579,-0.4357589588933447,3.5764103103655533
9.0,64.0,True,0.44223717861523515,0.18180703204857457,0.8577034278605479,0.28454355076714094,2.3472158354015087
9.0,65.0,True,0.2634720739598457,0.15257004006000252,0.5295895121772471,0.3201013706103963,-3.747046744641125
9.0,66.0,True,0.31729810125173963,0.1735044822226883,0.6024995225656656,-0.11338198549879878,-1.2746048547139095
9.0,67.0,True,0.3006968415861739,0.13353507564284456,0.5433764161815642,0.2240834695369734,-2.0863641174252363
9.0,68.0,True,0.36003506109069555,0.11807083104429951,0.5979485138303273,-0.03870171251713304,-0.2667511859745553
9.0,69.0,True,0.31941293782062147,0.12816139457600098,0.7211733387871112,1.1703525568695599,-1.8664302522596539
9.0,70.0,True,0.36032899694559944,0.1810555443267922,0.6476049408459271,-0.07764512023351298,0.19165435512995682
9.0,71.0,True,0.3192005693426576,0.1892007248641558,0.5919898735522849,-0.1662178402760292,-0.8144800103437058
9.0,72.0,True,0.3995837105138169,0.1965589141877787,0.6282768843358834,-0.7692221878888548,1.7279700652280838
9.0,73.0,True,0.3325386998518785,0.18342017190044824,0.8730000410836366,0.2791594461364156,-1.1963911398782
9.0,74.0,True,0.40435267163777733,0.1970668607577056,0.8816005524835673,0.5668241851198371,1.0620660459244535
9.0,75.0,True,0.36317172110243445,0.1351976141448477,0.6634679923548662,0.024263412766399668,-0.08200650856478674
9.0,76.0,True,0.34104968197969565,0.16867909932636124,0.7686875120278374,0.42477256665926494,-0.33684802293581007
9.0,77.0,True,0.046317589317763835,0.044215552608719,0.1502657150669905,0.7470016946242908,-10.212998399682329
9.0,78.0,False,,,,,
9.0,79.0,False,,,,,
9.0,80.0,False,,,,,
9.0,81.0,False,,,,,
9.0,82.0,False,,,,,
9.0,83.0,False,,,,,
9.0,84.0,False,,,,,
9.0,85.0,False,,,,,
9.0,86.0,False,,,,,
9.0,87.0,False,,,,,
9.0,88.0,False,,,,,
9.0,89.0,False,,,,,
9.0,90.0,False,,,,,
9.0,91.0,False,,,,,
9.0,92.0,False,,,,,
9.0,93.0,False,,,,,
9.0,94.0,False,,,,,
9.0,95.0,False,,,,,
9.0,96.0,False,,,,,
9.0,97.0,False,,,,,
9.0,98.0,False,,,,,
9.0,99.0,False,,,,,
9.0,100.0,False,,,,,
10.0,1.0,False,,,,,
10.0,2.0,False,,,,,
10.0,3.0,False,,,,,
10.0,4.0,False,,,,,
10.0,5.0,False,,,,,
10.0,6.0,False,,,,,
10.0,7.0,False,,,,,
10.0,8.0,False,,,,,
10.0,9.0,False,,,,,
10.0,10.0,False,,,,,
10.0,11.0,False,,,,,
10.0,12.0,False,,,,,
10.0,13.0,False,,,,,
10.0,14.0,False,,,,,
10.0,15.0,False,,,,,
10.0,16.0,False,,,,,
10.0,17.0,False,,,,,
10.0,18.0,False,,,,,
10.0,19.0,False,,,,,
10.0,20.0,False,,,,,
10.0,21.0,False,,,,,
10.0,22.0,False,,,,,
10.0,23.0,True,0.02446912598579725,0.03511955597861747,0.175345978168503,2.5868204448702268,-10.974284122057457
10.0,24.0,True,0.21216869966261037,0.13718473639121434,0.4965833730523361,0.42258123458763047,-4.723914515207337
10.0,25.0,True,0.3518200539525834,0.1562250183831735,0.6425276059044293,0.5291242068024022,-0.4080633321293543
10.0,26.0,True,0.3998595032099039,0.11883074301453343,0.693747274178333,0.2925680016040623,1.3913331567585783
10.0,27.0,True,0.3684639133190536,0.18157095639186852,1.0001127070399325,1.4416865040453548,-0.6599578605044634
10.0,28.0,True,0.4983605050641561,0.2530335431825864,0.921966471113058,0.2803350292744868,4.132218336935737
10.0,29.0,True,0.44304172754775145,0.18924615395536237,0.7460590257052896,-0.1838843797083109,3.0909578762099317
10.0,30.0,True,0.4573979005027605,0.17371683018645595,0.7898564766524178,0.121444754943262,3.236944880299464
10.0,31.0,True,0.4339557769639834,0.14568480756793487,0.7799682422221567,-0.17019788111648868,1.6729450537693902
10.0,32.0,True,0.49068739892611846,0.29850307295426487,0.9974027524319844,0.002835068213811588,4.9080991897690325
10.0,33.0,True,0.5980371679290875,0.286517631480509,1.163789674337217,-0.20758882874638054,8.205701842175815
10.0,34.0,True,0.4539749964618394,0.3253800599540114,1.3162727763253994,1.3993801314919125,3.1219462908919793
10.0,35.0,True,0.49771954767679155,0.25287597418600155,0.9685488596969009,0.24274508498426453,3.7521537776825067
10.0,36.0,True,0.30350710169105843,0.1870240027876064,0.6187731438360461,0.04740824132772573,-1.8470171907245883
10.0,37.0,True,0.3229684621815516,0.12233045183137724,0.575470022203832,0.4005944352888104,-1.4303496394197548
10.0,38.0,True,0.4610903728067371,0.2458749418792332,1.1235021030251997,0.9286233291918581,2.737026175814065
10.0,39.0,True,0.43860539017803984,0.22159183929384407,0.9881314679900676,0.10537665318879143,1.7388146805490259
10.0,40.0,True,0.3024939656070706,0.12791250788669953,0.6415007223111304,0.46129114980076585,-1.895854976281333
10.0,41.0,True,0.4361073473511984,0.1973983863333938,0.8325590418687155,0.07064129601489426,2.220726921984958
10.0,42.0,True,0.3725066961853556,0.19180638667370203,0.8352012634999094,0.26658251800028326,0.3216387807976156
10.0,43.0,True,0.40447820684525077,0.31970199629154583,1.1597609367003094,0.9708257927444292,1.2127034291323437
10.0,44.0,True,0.40022808435184204,0.17502128522408886,0.6745190028521719,-0.26085729764318216,1.255778368918254
10.0,45.0,True,0.4026296615126744,0.1228812965636137,0.6418292972113667,0.15226754802069856,1.1498969350473738
10.0,46.0,True,0.3327943031020857,0.14024576427671176,0.6966265756782569,0.21862694020663698,-1.3989401286618506
10.0,47.0,True,0.24711811953619847,0.11897190187846686,0.5497674054672534,0.2992399067486424,-3.663044787369726
10.0,48.0,True,0.3249216270665912,0.14046286816409428,0.5327770740678531,-0.5470986048249579,-1.5914570027732111
10.0,49.0,True,0.32367330158361857,0.1793336471125967,0.7111669431384023,-0.09270108801529296,-1.3982523117671688
10.0,50.0,True,0.36919315393693847,0.12179761838699328,0.7124478974932132,0.09482525496566693,-0.11146531497688465
10.0,51.0,True,0.2528954636048407,0.12106636267031054,0.4758894045352377,0.10253663140001618,-3.517775247364587
10.0,52.0,True,0.2082517768807298,0.13594032923603747,0.515774057323479,0.733730242625245,-4.764162622563565
10.0,53.0,True,0.3103553435717823,0.16913709849318787,0.5657336991009679,-0.3808169427552506,-1.619690759421363
10.0,54.0,True,0.3612216721032779,0.15031233060218466,0.5827374782673819,-0.11969159846410485,0.14138655516274778
10.0,55.0,True,0.30970130636456705,0.1491708282929625,0.6830076985289403,0.6554390478382419,-1.5905945874817875
10.0,56.0,True,0.3100046438591781,0.18549789352446064,0.6721939643079573,0.07555475056626815,-1.3394383637691034
10.0,57.0,True,0.2653304659188763,0.094972131424842,0.4749044312696147,-0.1375005474766953,-3.144251581882049
10.0,58.0,True,0.2640214886546961,0.1604939029300356,0.5791878956434179,0.1552564771461369,-3.6847478496013806
10.0,59.0,True,0.3256025179265475,0.10353086570024254,0.5790880397920752,0.31488864369468117,-1.3427917651797956
10.0,60.0,True,0.4434244490911694,0.21561956807612678,0.7550688385977987,-0.6579519601275816,3.077323442744759
10.0,61.0,True,0.507700806166988,0.20227815865136164,0.923545555020482,0.3121145187812992,4.806889587710501
10.0,62.0,True,0.39199343796005537,0.25437931883177767,0.8862377023182167,0.47961681418476937,1.0230699263396161
10.0,63.0,True,0.3857652695252516,0.20302961378036133,0.8105344614537995,-0.04098784229541211,1.3267297376351241
10.0,64.0,True,0.33217016490902695,0.14375577703444137,0.6433217628059682,0.27599873289790805,-0.7287712190103082
10.0,65.0,True,0.25095054394328226,0.15855631492392397,0.516447768818839,-0.05317871343635019,-3.0595295328885994
10.0,66.0,True,0.22201843695278736,0.12394490651457767,0.5168480221971234,0.6466835433800439,-4.753708394921037
10.0,67.0,True,0.2541631884515362,0.13516107031938043,0.5325892656580324,0.2800648828177056,-3.5874551568801025
10.0,68.0,True,0.20426469022668406,0.10234613645190807,0.4234647285951397,0.49968516535390656,-4.9178882846111645
10.0,69.0,True,0.30365837605902485,0.1596084953591639,0.7182196005245953,1.0587861133698928,-1.7209209223327961
10.0,70.0,True,0.30695168460861416,0.11654860890421288,0.5282856846016302,0.3379308067725171,-2.0024524314074315
10.0,71.0,True,0.31169780314345624,0.20634786513178183,1.0011592869766095,1.1184086149826429,-1.795783283341984
10.0,72.0,True,0.25411277575323704,0.12636627827339345,0.5082177765690135,0.03558237323632272,-3.5742486844607493
10.0,73.0,True,0.3448964162645153,0.17234037646538905,0.6632517454083495,0.33361160373797677,-0.5697212121238855
10.0,74.0,True,0.4165628637951753,0.12602757384127586,0.6740988555865882,-0.18829696390134185,1.8784970440424202
10.0,75.0,True,0.3400736757260711,0.14206351202468712,0.6071793427990677,-0.09643746343797029,-0.8616387964062642
10.0,76.0,True,0.37338881641713284,0.22198898777963424,1.1009947144420236,1.2194666716935911,-0.5977900774968081
10.0,77.0,True,0.3167293896747943,0.19075091411753406,0.7477585614938534,0.7339753013455831,-1.7311468991549215
10.0,78.0,True,0.1696728544560553,0.12084536950840048,0.5071440985217421,1.0826409849171077,-6.129026186878558
10.0,79.0,False,,,,,
10.0,80.0,False,,,,,
10.0,81.0,False,,,,,
10.0,82.0,False,,,,,
10.0,83.0,False,,,,,
10.0,84.0,False,,,,,
10.0,85.0,False,,,,,
10.0,86.0,False,,,,,
10.0,87.0,False,,,,,
10.0,88.0,False,,,,,
10.0,89.0,False,,,,,
10.0,90.0,False,,,,,
10.0,91.0,False,,,,,
10.0,92.0,False,,,,,
10.0,93.0,False,,,,,
10.0,94.0,False,,,,,
10.0,95.0,False,,,,,
10.0,96.0,False,,,,,
10.0,97.0,False,,,,,
10.0,98.0,False,,,,,
10.0,99.0,False,,,,,
10.0,100.0,False,,,,,
11.0,1.0,False,,,,,
11.0,2.0,False,,,,,
11.0,3.0,False,,,,,
11.0,4.0,False,,,,,
11.0,5.0,False,,,,,
11.0,6.0,False,,,,,
11.0,7.0,False,,,,,
11.0,8.0,False,,,,,
11.0,9.0,False,,,,,
11.0,10.0,False,,,,,
11.0,11.0,False,,,,,
11.0,12.0,False,,,,,
11.0,13.0,False,,,,,
11.0,14.0,False,,,,,
11.0,15.0,False,,,,,
11.0,16.0,False,,,,,
11.0,17.0,False,,,,,
11.0,18.0,False,,,,,
11.0,19.0,False,,,,,
11.0,20.0,False,,,,,
11.0,21.0,False,,,,,
11.0,22.0,True,0.06705417237730922,0.04547868216117323,0.1823881640594811,0.6111895659490454,-9.534845397385249
11.0,23.0,True,0.3582212351842127,0.18614052490824695,0.7224023874740179,0.05480514313571762,-0.3109331085858467
11.0,24.0,True,0.5399747200533357,0.19635088357786776,0.8794825853931484,-0.506945922335058,6.156424417258353
11.0,25.0,True,0.4548902064858572,0.16777585049248522,1.0177395091456396,1.0030196133819866,2.4699093444619677
11.0,26.0,True,0.6065034026247914,0.14142172478453274,0.8488711443392564,-0.40071727568601967,7.937520219458987
11.0,27.0,True,0.5031068275251106,0.24491470632361811,1.2996508290827498,0.595696327506083,3.616985140422557
11.0,28.0,True,0.3465611350827819,0.18423783507568595,0.6983620909803229,0.1849321576002217,-0.10813159881809627
11.0,29.0,True,0.4581915451188002,0.19915468190656074,0.9088579556290348,0.29398709136988915,3.465682897395818
11.0,30.0,True,0.4156796588907645,0.1607258644338381,0.7954893491935405,0.5336509446736108,1.5431748146572515
11.0,31.0,True,0.45710543806619797,0.26135123088458834,1.0401725665957735,0.025876506341090177,3.4510605490977704
11.0,32.0,True,0.575942150293057,0.23050120219711837,0.934059521834715,-0.11225090638471912,7.224420443225227
11.0,33.0,True,0.4876311973316597,0.21469776750622233,0.9529531612788223,0.5872159050231844,4.23487320215989
11.0,34.0,True,0.5408959446465821,0.31085058196681714,1.221835787871436,0.2055675482737699,6.6442065551428735
11.0,35.0,True,0.529125117934218,0.21803196124088864,0.8971068155023845,-0.32710274748271634,5.627517728127275
11.0,36.0,True,0.38400683773346006,0.20910392951882453,0.8791279668076952,0.29439273927530124,1.0812704418052068
11.0,37.0,True,0.36467565217716735,0.21315079782411084,1.226880043659771,2.0527121499088374,-0.6721695039964699
11.0,38.0,True,0.3551602613955792,0.11389137362534328,0.626548591453361,0.587134428849097,-0.1840607040757228
11.0,39.0,True,0.272085875921685,0.13227403555563108,0.5149395435929274,-0.20436709299215053,-2.5282596739911725
11.0,40.0,True,0.3480193273053813,0.17204427474532852,0.9113609741098592,1.003046219798054,-1.038965045055746
11.0,41.0,True,0.27092282123469347,0.09758094127805429,0.4965349551460814,0.46016604860361404,-2.7177094418540095
11.0,42.0,True,0.36483518200853,0.19130388194073672,0.8135094329076296,0.6356725386103506,0.5708913808454519
11.0,43.0,True,0.29353532281717987,0.10008001596966795,0.5068332257207936,0.14091974794585949,-2.20022854101358
11.0,44.0,True,0.3706550409807013,0.11916371016361849,0.5789414799746658,-0.17074947687893144,0.14261681581763752
11.0,45.0,True,0.3245897166091765,0.13903323455089608,0.6075582471372082,0.11870571087670224,-1.274183161246123
11.0,46.0,True,0.34803870726982267,0.16164920113008394,0.7030639597032886,0.2714566439520462,-0.596214413791313
11.0,47.0,True,0.21113018736615957,0.10181614570457624,0.4906859303160427,0.6276960747692903,-5.114414069138718
11.0,48.0,True,0.32968403506553556,0.1467768070395667,0.5733036483593907,-0.2562271508247784,-1.4407850403625366
11.0,49.0,True,0.26774075445585005,0.10664459706450527,0.5611353018670232,0.30098102444919217,-3.540413866935583
11.0,50.0,True,0.18894319473238994,0.07994088626008398,0.3106574292749302,-0.44056490662930453,-5.681349030830981
11.0,51.0,True,0.2554972276432454,0.149421381753997,0.6225479119160734,1.1651294030115746,-3.400743047947053
11.0,52.0,True,0.24295108017717362,0.10856401946360739,0.4143358036270034,-0.5458208314636813,-4.000910378354922
11.0,53.0,True,0.18532257729017673,0.15083197120359487,0.5126442659466948,0.5399635583786292,-5.412112764416026
11.0,54.0,True,0.2535557737897828,0.06107858340863263,0.3896412054457707,0.2184399558371477,-3.5323102985170474
11.0,55.0,True,0.21708698826027856,0.09641902709111665,0.4394551992061479,0.013880090773891119,-4.346589880660736
11.0,56.0,True,0.148308510568303,0.08397555522602908,0.297082664321887,-0.1851829031916151,-6.669946056830388
11.0,57.0,True,0.26501316294280086,0.13162927379933,0.511980440410369,0.4897093263038258,-3.309200843125865
11.0,58.0,True,0.3032468643142692,0.11093230666726352,0.6656425932671689,0.406237432742808,-1.9274104575558475
11.0,59.0,True,0.37222573284872784,0.1553233581506179,0.6934595455948098,0.03794108244564003,0.3276328292366375
11.0,60.0,True,0.22258512464543825,0.1129424194809801,0.5077964370907184,0.7948882534499708,-4.4173098846069445
11.0,61.0,True,0.3486638448074702,0.0812031282965079,0.484365222343157,-0.37094063607863936,-0.2495207269930231
11.0,62.0,True,0.34911902755162966,0.21668818206061366,0.7088414133886649,0.1830565256968256,-0.08444990940100687
11.0,63.0,True,0.3321431260927862,0.14569502840247592,0.6745186694568471,0.39441174364725495,-1.0137928258378737
11.0,64.0,True,0.18746118886861327,0.08841196051576214,0.4048585167496691,0.632019963707032,-5.546747799748245
11.0,65.0,True,0.3132570624012219,0.16118870713484565,0.5691037377490519,-0.3044822577935691,-1.3212772369472905
11.0,66.0,True,0.45304262138718043,0.1873473980131073,0.6989903451975282,-0.36658848783869946,2.9957462114107196
11.0,67.0,True,0.2554470209675646,0.08563508568404807,0.4134469858811367,-0.12925507509954373,-3.4134344546037836
11.0,68.0,True,0.3010764969202666,0.17677417918650545,0.5510731078167906,-0.06274441620611451,-1.791737462019459
11.0,69.0,True,0.31154280770730913,0.20410269883133889,0.6742658607431454,0.43399680137886204,-1.8215237005063931
11.0,70.0,True,0.2621044739952309,0.13835188974589172,0.4609255339210331,-0.12471247055857393,-3.224306171170065
11.0,71.0,True,0.2478520797696059,0.14127421572230603,0.7204303439956316,1.2600872997116501,-3.7646427309725485
11.0,72.0,True,0.3309769051434895,0.13050742226696332,0.8071405579613105,1.4412896097884078,-1.3027561899073632
11.0,73.0,True,0.2654971466385706,0.1490294246856827,0.7517601540148314,1.0040979611980592,-3.781063023144167
11.0,74.0,True,0.3670936904756292,0.13461128549150453,0.6964334480524981,0.5011634280760037,-0.3809865903160323
11.0,75.0,True,0.2566396248679058,0.12927401399455693,0.5447107952468476,0.653888555907765,-3.3319211657641112
11.0,76.0,True,0.33600165479574123,0.16213026498847077,0.5823605065123469,0.044753599935259215,-0.8331703963819216
11.0,77.0,True,0.34851939298476137,0.1966286048077282,0.8199975083486528,0.51544799936614,0.02053944831542013
11.0,78.0,True,0.43038167458214177,0.18705780472788938,0.8496405867864125,0.1097053458492739,2.5111860203692378
11.0,79.0,True,0.30210855174133533,0.12890872885503368,0.5173355583059237,-0.22412125740504205,-2.311866741871892
11.0,80.0,True,0.0657952596584281,0.06722589996864646,0.2238488948474012,0.7975395365190739,-9.612183414285518
11.0,81.0,False,,,,,
11.0,82.0,False,,,,,
11.0,83.0,False,,,,,
11.0,84.0,False,,,,,
11.0,85.0,False,,,,,
11.0,86.0,False,,,,,
11.0,87.0,False,,,,,
11.0,88.0,False,,,,,
11.0,89.0,False,,,,,
11.0,90.0,False,,,,,
11.0,91.0,False,,,,,
11.0,92.0,False,,,,,
11.0,93.0,False,,,,,
11.0,94.0,False,,,,,
11.0,95.0,False,,,,,
11.0,96.0,False,,,,,
11.0,97.0,False,,,,,
11.0,98.0,False,,,,,
11.0,99.0,False,,,,,
11.0,100.0,False,,,,,
12.0,1.0,False,,,,,
12.0,2.0,False,,,,,
12.0,3.0,False,,,,,
12.0,4.0,False,,,,,
12.0,5.0,False,,,,,
12.0,6.0,False,,,,,
12.0,7.0,False,,,,,
12.0,8.0,False,,,,,
12.0,9.0,False,,,,,
12.0,10.0,False,,,,,
12.0,11.0,False,,,,,
12.0,12.0,False,,,,,
12.0,13.0,False,,,,,
12.0,14.0,False,,,,,
12.0,15.0,False,,,,,
12.0,16.0,False,,,,,
12.0,17.0,False,,,,,
12.0,18.0,False,,,,,
12.0,19.0,False,,,,,
12.0,20.0,False,,,,,
12.0,21.0,True,0.12977135198544706,0.10211258228902466,0.4343141049555222,0.9119975188105952,-7.512811467185439
12.0,22.0,True,0.24156619702072277,0.11754609710537542,0.453040793984696,0.27418270483644114,-3.622256485324356
12.0,23.0,True,0.3164856893332497,0.1100184623071163,0.6662065667230527,0.7333085260098037,-1.926241751100266
12.0,24.0,True,0.44289146959940234,0.18662475390217528,0.7741731041192246,-0.143966144247277,3.064748902269659
12.0,25.0,True,0.585823689076218,0.22670904895556193,1.089282135621369,0.2758345772815799,6.891669118987036
12.0,26.0,True,0.5660997818197993,0.132492192826165,0.7967495960496996,0.12796854406776403,6.555067386120239
12.0,27.0,True,0.4672134148181097,0.13669466039923633,0.7149890293964619,-0.23405988368584024,3.513852366529656
12.0,28.0,True,0.6070031003142313,0.33025217483638236,1.1772027997056032,-0.21939200659739638,7.802651500609932
12.0,29.0,True,0.501246153949634,0.27054234929320187,1.0859223547177004,0.38410256411599164,4.541173911273298
12.0,30.0,True,0.48894362960919546,0.2577873688498089,1.2117742196407293,1.2915584616825773,4.060631274160635
12.0,31.0,True,0.7040105279629799,0.2527818107365509,1.0180199015088802,-1.3113816260747264,11.542958650560019
12.0,32.0,True,0.555677898842235,0.24996297797998482,1.099041536727752,0.17880933675343239,6.52974650970003
12.0,33.0,True,0.5911500832489459,0.15714611773269196,0.9045279132483344,-0.17340173114076965,7.528028074114458
12.0,34.0,True,0.6110460777131216,0.2778555394916678,1.1524183538369752,-0.07829488558817309,8.79270592765612
12.0,35.0,True,0.39135271403830485,0.1894189182907142,0.7991455984052439,0.4596945402264956,1.2744291263320637
12.0,36.0,True,0.27622721081321244,0.13747786616095203,0.4968716341385313,0.12633950302334598,-2.778782256675143
12.0,37.0,True,0.31296455159796177,0.17260485205990353,1.0082158488640427,1.776784808449382,-1.7167454633202783
12.0,38.0,True,0.1991569952582237,0.16831845649116264,0.6173581642787677,1.011764315281978,-5.099459397843274
12.0,39.0,True,0.3017847613431684,0.11182355638091603,0.4729808332938519,-0.7889875477931875,-1.8484671651216171
12.0,40.0,True,0.25800251077780173,0.1440206097103004,0.5354690152370155,0.6055690125842025,-3.316941837483792
12.0,41.0,True,0.2768558356584076,0.1765101015895751,0.7051143140582169,0.23996712867172007,-3.0827122233841524
12.0,42.0,True,0.45956159624492937,0.1825256564589873,0.7301616976116398,-0.2431734507413578,2.733511398446212
12.0,43.0,True,0.3904174341026236,0.14255980084523873,0.6916489113830844,0.2956728607932578,0.7957378500392625
12.0,44.0,True,0.4987803598369069,0.20347617621042421,0.8861623442099097,0.21865254317487257,4.13102483657332
12.0,45.0,True,0.35627793247677636,0.16218464101101676,0.725245600525064,0.328073638529186,0.1700739882127329
12.0,46.0,True,0.33904186484725823,0.1931791802182652,0.8236393619851289,0.6740677248997686,-0.7045978635326795
12.0,47.0,True,0.18040801329724873,0.11267934513584182,0.406855576364629,0.0521879511637663,-5.933199363610913
12.0,48.0,True,0.1401210252182138,0.14771853867697624,0.742021503705569,2.024272413841552,-7.573691197044629
12.0,49.0,True,0.3498769283321785,0.14055275528306663,0.5647495738721382,0.004561545546717228,-0.35189567378123404
12.0,50.0,True,0.2846075139620412,0.15172547514746912,0.7064002527259259,1.0062996318997341,-2.9783689589277453
12.0,51.0,True,0.24666267288341204,0.1043799992378096,0.431030883614611,-0.3884810332126737,-3.6186186136954843
12.0,52.0,True,0.21820307479990547,0.12220910390533335,0.4704003735067524,0.4801008091887859,-4.467508762336812
12.0,53.0,True,0.20615898012833497,0.12140267795684424,0.4777238948666762,0.2326036041019645,-4.954173300391658
12.0,54.0,True,0.22296577672088005,0.1633377853509945,0.6076470426211651,0.7777776618758798,-4.369920376809721
12.0,55.0,True,0.2989781524787542,0.2448830581199144,0.7781895205370734,0.6478356118064764,-1.6664952209130353
12.0,56.0,True,0.10437199768986216,0.06673031287326113,0.2628435214111593,0.5070456561349661,-8.115913725394405
12.0,57.0,True,0.2517451602493957,0.1547146910069477,0.5952729040488652,0.5359548418333263,-3.5238309503821132
12.0,58.0,True,0.27468165426410485,0.14224734467112796,0.5322246609335654,0.22711865367755665,-2.8749242024918886
12.0,59.0,True,0.22282018820561,0.132615801954087,0.537889894083441,0.879432583667948,-4.728188371864565
12.0,60.0,True,0.18850760778642822,0.14171154613695036,0.4948275197173118,0.6660405486109403,-5.854665220669567
12.0,61.0,True,0.25118709952660695,0.1233499649968733,0.4315436770725078,-0.5219176871698936,-3.3207434263271125
12.0,62.0,True,0.34970584265950166,0.16717539450181063,0.6932290002240107,0.14345161325276284,-0.8379715532936589
12.0,63.0,True,0.3412957184335942,0.16794667553999945,0.6935962157285238,-0.04665240948418768,-0.7090965804535653
12.0,64.0,True,0.149013157720877,0.08134842465910246,0.3285420656554401,0.4573947382805242,-6.821209990563426
12.0,65.0,True,0.2545774701361242,0.08873274001319724,0.4378099545256306,0.4648331592810741,-3.3928324790460254
12.0,66.0,True,0.19449330078708302,0.10765271118650509,0.3853755904456696,-0.007718109817313274,-5.10971042887286
12.0,67.0,True,0.25082524599106226,0.13362626794669438,0.506021587417699,-0.016525714577136922,-3.669626961129632
12.0,68.0,True,0.22461307139547657,0.13880941795741492,0.5133289786338284,0.2293441887797507,-4.848264842096342
12.0,69.0,True,0.23782980058070657,0.12121806808274188,0.4812398024006455,0.06783797214864379,-4.04396311817687
12.0,70.0,True,0.20210627749299928,0.1090202911917884,0.4473135018869213,0.2810286367028307,-5.101766282499979
12.0,71.0,True,0.16638843641554238,0.14857749694694944,0.5495038472947663,0.6624867815363659,-6.303062747641846
12.0,72.0,True,0.29735350767503743,0.21797714203318752,0.7373023127233636,0.54548762819134,-2.2243842252235826
12.0,73.0,True,0.18877072282102864,0.12637192093940916,0.5001353167191177,0.6957577131505128,-5.729895010589696
12.0,74.0,True,0.28793679341727,0.141497510296205,0.5343579141763096,0.07575577275226408,-2.0147605593959423
12.0,75.0,True,0.1829711559766438,0.10987540615629762,0.4281348144336103,0.23253982706725784,-5.573648497798996
12.0,76.0,True,0.2732184780751253,0.16175684442002766,0.7371487098996912,1.096168163578835,-2.885023552157444
12.0,77.0,True,0.33318076170555655,0.15695463780893545,0.736597127248544,0.7910246738485199,-0.8527333196355176
12.0,78.0,True,0.26440204141822066,0.13765678945285495,0.466413663135762,-0.22555065132086416,-2.9752295988367594
12.0,79.0,True,0.37903384465588214,0.16065136386509152,0.7496997207050937,0.4706314059625466,0.2511390107649901
12.0,80.0,True,0.28467655394979613,0.16366382493802784,0.6688673305856044,0.6815481371933049,-2.2927244775030498
12.0,81.0,True,0.10019955712913425,0.09589324179943469,0.3134265337489859,0.6842093117885313,-8.436679582052541
12.0,82.0,False,,,,,
12.0,83.0,False,,,,,
12.0,84.0,False,,,,,
12.0,85.0,False,,,,,
12.0,86.0,False,,,,,
12.0,87.0,False,,,,,
12.0,88.0,False,,,,,
12.0,89.0,False,,,,,
12.0,90.0,False,,,,,
12.0,91.0,False,,,,,
12.0,92.0,False,,,,,
12.0,93.0,False,,,,,
12.0,94.0,False,,,,,
12.0,95.0,False,,,,,
12.0,96.0,False,,,,,
12.0,97.0,False,,,,,
12.0,98.0,False,,,,,
12.0,99.0,False,,,,,
12.0,100.0,False,,,,,
13.0,1.0,False,,,,,
13.0,2.0,False,,,,,
13.0,3.0,False,,,,,
13.0,4.0,False,,,,,
13.0,5.0,False,,,,,
13.0,6.0,False,,,,,
13.0,7.0,False,,,,,
13.0,8.0,False,,,,,
13.0,9.0,False,,,,,
13.0,10.0,False,,,,,
13.0,11.0,False,,,,,
13.0,12.0,False,,,,,
13.0,13.0,False,,,,,
13.0,14.0,False,,,,,
13.0,15.0,False,,,,,
13.0,16.0,False,,,,,
13.0,17.0,False,,,,,
13.0,18.0,False,,,,,
13.0,19.0,False,,,,,
13.0,20.0,True,0.20040160042275829,0.10394577842520487,0.4309512121699995,0.42397174440072216,-5.109563136832292
13.0,21.0,True,0.25259814250025814,0.11290385484954993,0.435440719374717,-0.3869675032488687,-3.3517513614555217
13.0,22.0,True,0.4162410736093559,0.16259481017329747,0.7833001666112548,-0.012600225858376269,1.2028666701855648
13.0,23.0,True,0.5130346463936445,0.12142095452739285,0.7319697419093704,0.09780495477161776,4.90678630397976
13.0,24.0,True,0.47667827787836964,0.1363365469877346,0.7887440067780239,0.19245029739813888,3.4938352687206238
13.0,25.0,True,0.49239473629724034,0.19144156815800034,0.8237896723257893,-0.34868687993785585,3.9643865350605143
13.0,26.0,True,0.5317849325573676,0.2712054459934065,0.9582341202576936,-0.33386967279432767,5.986406751182428
13.0,27.0,True,0.470550116899749,0.19738343917339932,0.8321864882908833,-0.09451873083779176,3.9761714176128837
13.0,28.0,True,0.46603498279974886,0.13851453337292136,0.7334915443238669,-0.03804217709954455,3.5001413300005924
13.0,29.0,True,0.4834942296634975,0.21446896490895292,1.0398908506827589,0.9505327562652409,3.988951371871548
13.0,30.0,True,0.6172105545037746,0.2745989187893413,1.0310987513580427,-0.29465567743939386,8.84511972110291
13.0,31.0,True,0.5932694061600123,0.3269939017098696,1.1776730494361287,-0.12140258625665928,7.93725546817035
13.0,32.0,True,0.6170287328384568,0.2584654434263573,1.057777916046692,0.11985118532640548,8.52872275780373
13.0,33.0,True,0.6213181960585352,0.25026607744537643,1.0648109922979845,-0.12541078898502087,8.8652757511583
13.0,34.0,True,0.41184197749046775,0.19182469846796704,0.7290625690799533,-0.3137789901590547,1.9031379599513072
13.0,35.0,True,0.4122341233251376,0.19656446653406062,0.7329641340659367,-0.10412803777353442,1.8766167762215717
13.0,36.0,True,0.34336034319979913,0.12981809059382632,0.6053760173778295,-0.061359631067428776,-0.6756054916774764
13.0,37.0,True,0.2658673257889285,0.1381212556601185,0.5703148005620281,0.6421188655355438,-3.395826238328657
13.0,38.0,True,0.27670484415632707,0.21823737698930942,0.7539987657992113,0.5229872101764848,-2.9066337018288637
13.0,39.0,True,0.25977905478296426,0.11204657353247854,0.5037188054481687,0.04965691692460429,-3.3981791565752606
13.0,40.0,True,0.255879563369421,0.14724555675425335,0.6410397800669745,1.122570104669662,-3.4409820397912014
13.0,41.0,True,0.3111466047893019,0.19279604104363995,0.9071004493601592,0.6286406178555786,-1.8104704810635028
13.0,42.0,True,0.37083366249223654,0.16628358138306606,0.7637394417826279,0.8199307398122682,0.166652668752493
13.0,43.0,True,0.2637987315399804,0.15496867061298567,0.727370426923045,0.6038776695400481,-3.6321871372362136
13.0,44.0,True,0.3434075888997242,0.13550241978131516,0.6494855554190758,-0.22114734065645056,-0.8425814883242013
13.0,45.0,True,0.36461623136940574,0.10845205438459367,0.584180635789421,0.621305844548672,-0.02741097600916704
13.0,46.0,True,0.2654649494157228,0.14685464156763614,0.5937276308877654,0.7264112722643449,-3.3807358986272362
13.0,47.0,True,0.26801477169709415,0.13041696582525283,0.6171613045272183,0.7383043907830554,-3.4633767487907803
13.0,48.0,True,0.3113804367167273,0.12446911150520201,0.6096220501370865,0.016675130276011547,-1.8399335645397334
13.0,49.0,True,0.2806449676555609,0.13791715803046092,0.5621297643968961,0.43589858753426586,-2.8458136714623494
13.0,50.0,True,0.21665163878625104,0.07849761709379467,0.340673594430841,-0.5358861954368134,-4.571303366609926
13.0,51.0,True,0.25092058351766067,0.08928352107090465,0.4116095619847609,-0.31544602800047555,-3.5697822307005076
13.0,52.0,True,0.3138932720599909,0.11118123424297384,0.5222512783166645,-0.5526030249074351,-1.23442677479302
13.0,53.0,True,0.2167022290484601,0.11544194629553502,0.5076880325274895,0.03231441263618146,-4.972137601751638
13.0,54.0,True,0.3009519334354415,0.13433480466765105,0.6035201422664004,0.08991215712647778,-1.634556012609265
13.0,55.0,True,0.21319386814808552,0.14416029052761997,0.6044869591275612,0.9555862512732123,-4.831139456635029
13.0,56.0,True,0.11289011419062066,0.0788075841664897,0.3874300452689194,1.0355053146933628,-8.064113136745616
13.0,57.0,True,0.11356386202003278,0.07125815911542328,0.2888132577239256,0.6940776738824326,-7.864078311212603
13.0,58.0,True,0.202827851208335,0.11319116908162925,0.4081343094369276,0.02210937808803892,-5.235235193355349
13.0,59.0,True,0.16126967905008943,0.09502006517609715,0.3583048706041355,0.028433265698331562,-6.449531309901625
13.0,60.0,True,0.2569893539728123,0.10456513042829116,0.4072084696627433,-0.47352686992453924,-3.3965840715347917
13.0,61.0,True,0.30694262338088535,0.11520479601180125,0.5087866849858674,-0.4954759038109741,-1.6673576577279268
13.0,62.0,True,0.2077394279464368,0.1060658258576798,0.4620060756600064,0.4001783796489105,-4.884640986935284
13.0,63.0,True,0.16621598830470607,0.08528104334785738,0.3310131465084631,0.28125337889380136,-6.201743297701986
13.0,64.0,True,0.19167323956958435,0.10534877944887928,0.4059963019150839,0.08507062303308194,-5.34658685155082
13.0,65.0,True,0.24038343598977563,0.15238146936930136,0.5591889429317293,0.06488664990884571,-3.7507771284301823
13.0,66.0,True,0.11705342974895787,0.09326331466205366,0.3206168588297265,0.8481061581948293,-7.73470774194634
13.0,67.0,True,0.195280864172391,0.0788855493135365,0.3852819184138075,-0.015461761737932926,-5.1610711822112405
13.0,68.0,True,0.11518412220586033,0.056502484316553865,0.2783689333184406,1.0351251931061916,-7.872545953367978
13.0,69.0,True,0.2662266949236269,0.158170742382502,0.4991359689134569,-0.1888577597090945,-2.619089899033498
13.0,70.0,True,0.31955050393335277,0.21669460922756062,0.9029208131653078,1.1068665219833445,-1.2866250239942238
13.0,71.0,True,0.2064963826298977,0.10468920194499305,0.4330248215391401,-0.1220663657167275,-4.981315765944231
13.0,72.0,True,0.18119726950648737,0.11553865403719049,0.4533564186851509,0.6506954979189119,-5.582376070411562
13.0,73.0,True,0.3096869145342975,0.09947596019326793,0.4857856764372089,-0.41892898563813713,-1.740146863993525
13.0,74.0,True,0.2862001869982117,0.1634206321008538,0.682645122710726,0.5305873147411097,-2.2116771565272346
13.0,75.0,True,0.3154405702962502,0.11645788936839017,0.4757622387739559,-0.2714599131820121,-1.4040042210609462
13.0,76.0,True,0.4220201913761715,0.19551303784207258,0.7635762349523176,0.19853562932872146,1.8290256220672039
13.0,77.0,True,0.27161626255442695,0.13802910272520233,0.5692738782284307,0.26936565887523206,-2.6291898131438813
13.0,78.0,True,0.3605245660974731,0.11111359034611762,0.5901733516708553,-0.7342107265885903,0.0041422317424014065
13.0,79.0,True,0.4013254449288451,0.20891079627455222,0.9988233861437548,1.2742539552424017,1.153332757299438
13.0,80.0,True,0.24144417810388696,0.16077306622136114,0.6049931765665373,0.10314009924517872,-4.393673159343459
13.0,81.0,True,0.3467715472602327,0.13837137977233177,0.6231725825977719,0.18867947777859423,-0.4551465362113212
13.0,82.0,True,0.13331847272268768,0.06237464282289045,0.285684647942479,-0.33019288649360506,-7.47300469497852
13.0,83.0,False,,,,,
13.0,84.0,False,,,,,
13.0,85.0,False,,,,,
13.0,86.0,False,,,,,
13.0,87.0,False,,,,,
13.0,88.0,False,,,,,
13.0,89.0,False,,,,,
13.0,90.0,False,,,,,
13.0,91.0,False,,,,,
13.0,92.0,False,,,,,
13.0,93.0,False,,,,,
13.0,94.0,False,,,,,
13.0,95.0,False,,,,,
13.0,96.0,False,,,,,
13.0,97.0,False,,,,,
13.0,98.0,False,,,,,
13.0,99.0,False,,,,,
13.0,100.0,False,,,,,
14.0,1.0,False,,,,,
14.0,2.0,False,,,,,
14.0,3.0,False,,,,,
14.0,4.0,False,,,,,
14.0,5.0,False,,,,,
14.0,6.0,False,,,,,
14.0,7.0,False,,,,,
14.0,8.0,False,,,,,
14.0,9.0,False,,,,,
14.0,10.0,False,,,,,
14.0,11.0,False,,,,,
14.0,12.0,False,,,,,
14.0,13.0,False,,,,,
14.0,14.0,False,,,,,
14.0,15.0,False,,,,,
14.0,16.0,False,,,,,
14.0,17.0,False,,,,,
14.0,18.0,True,0.03975474564085389,0.03995593612248806,0.1226570776623757,0.5117787476001353,-10.395280618421982
14.0,19.0,True,0.287479757302634,0.15191736167610773,0.7814188924106292,1.005957692655322,-2.73470892745127
14.0,20.0,True,0.25707362889113,0.11931973919042331,0.5453015308027803,0.47155268672859335,-3.2711982744954966
14.0,21.0,True,0.39173710169255627,0.104826707496924,0.5772683739063538,-0.2656614058898188,0.9121488554364788
14.0,22.0,True,0.33292768324069244,0.13930227936835696,0.6211226282791383,0.18531557664426757,-0.5394681224209881
14.0,23.0,True,0.49988695938935246,0.16939395763936907,0.8091044797683993,0.15020478357514425,4.287204100096585
14.0,24.0,True,0.4936043136035922,0.20429979122296912,0.823924269025793,-0.0853872632225876,4.3108672794850555
14.0,25.0,True,0.46736728425039104,0.19564937347970004,0.9504530894887544,0.7232433925187521,3.5328207752078615
14.0,26.0,True,0.43533142135762426,0.250783925080322,1.023052942996932,0.5382068163165019,2.2509417876346762
14.0,27.0,True,0.3190277313429721,0.23484029268023107,0.8793949288404207,0.7062105888900402,-1.213909130218481
14.0,28.0,True,0.5576891946191002,0.19975086545108658,1.020117606316194,0.1368874747152496,6.478517193284619
14.0,29.0,True,0.5057054432325957,0.2260862795385057,0.9101999443993816,0.22084489923374878,4.994667444267937
14.0,30.0,True,0.5287615668866159,0.26019309067616747,1.236340476329575,1.0860030106874712,5.642170300947214
14.0,31.0,True,0.6098526054651018,0.262125709587399,1.080402190378254,-0.0010620713469976506,8.512043339540805
14.0,32.0,True,0.5033824251053348,0.25616764683676224,0.9808274691255834,-0.10581243595050753,4.8356659103636375
14.0,33.0,True,0.4137593381145095,0.1762714531204772,0.7031188596647252,-1.0004511606329287,2.107995167192021
14.0,34.0,True,0.39284545624418343,0.19651002555413213,0.829799021925866,0.4894766175799589,1.016514489883282
14.0,35.0,True,0.3584950280559621,0.14415892771918826,0.8828051991888645,1.1768414487570265,-0.38295248169937823
14.0,36.0,True,0.282441652615579,0.13284853768554092,0.5847253169763,0.3760653457735741,-2.316828893551542
14.0,37.0,True,0.2237217529631692,0.10043617439532795,0.4716068279688294,0.11815938997724747,-4.378642102603065
14.0,38.0,True,0.2759403904884626,0.16293907092672583,0.6931908943085752,0.5108826257050125,-2.6222501439745214
14.0,39.0,True,0.2865378456793509,0.17535418874283498,0.6909170592465419,0.6687494704491996,-2.203810219181183
14.0,40.0,True,0.3180568644741177,0.1395697006472728,0.5702738835777447,-0.19766614259189522,-1.029557329985162
14.0,41.0,True,0.19763589308154825,0.1376272602774557,0.4228704165175169,-0.03062389989236244,-4.98610345559741
14.0,42.0,True,0.26359800944429485,0.10909306855120178,0.464141574356055,0.05836818147113135,-3.2183321675781715
14.0,43.0,True,0.38628324051016844,0.2063489769985569,0.7687543493438369,0.07589392278615738,1.0306477717417857
14.0,44.0,True,0.2269286592981286,0.18558723962857115,0.6558024885193254,0.7135187660755088,-4.655231436361257
14.0,45.0,True,0.28512225187313234,0.10235044923919821,0.5143996502424422,0.5298604360081981,-2.4764158309840054
14.0,46.0,True,0.2969493046235677,0.0881993928486889,0.5744176172103131,0.8052210349145542,-2.2884485049700705
14.0,47.0,True,0.21893565367910633,0.13142443361486303,0.5470427891664572,0.6311955177860341,-4.616444819025841
14.0,48.0,True,0.22717402243088963,0.0951128254097166,0.4329931970187116,0.40633267800716405,-4.215676687790952
14.0,49.0,True,0.26443783445193125,0.14830213858790928,0.4960221077943315,-0.15728307799955424,-2.9388596503824314
14.0,50.0,True,0.19627641571850546,0.10137926430166745,0.4261367299639762,0.538455124945598,-5.317424644014426
14.0,51.0,True,0.28994474243264157,0.18566644868541193,0.6568848557672294,0.3627732559240271,-2.2777108959984007
14.0,52.0,True,0.15168880109839147,0.12007032166283971,0.4456793769841077,0.847995885314836,-6.546449870698379
14.0,53.0,True,0.21386196288458492,0.09393170746303224,0.3918106808695251,0.1298071356973323,-4.688917436257621
14.0,54.0,True,0.17986077489296012,0.162735026285362,0.6075317427256877,1.4336803983908573,-5.861222519565775
14.0,55.0,True,0.22490950595014766,0.12766996849231105,0.6338323336480505,0.6791276875617952,-4.720697638832469
14.0,56.0,True,0.2480484417202432,0.11677189407276843,0.5537910796927231,0.03518171293899439,-3.6646521271662764
14.0,57.0,True,0.1990900394486122,0.13076355971355003,0.4876555532081132,0.7549838596138594,-5.031964485715716
14.0,58.0,True,0.12128455015256534,0.08010208172257467,0.3209429844963292,0.6296903021571817,-7.713390042580274
14.0,59.0,True,0.16404024834097225,0.10006871160661054,0.4930958984214898,1.0440456806301688,-6.6352158494353155
14.0,60.0,True,0.21861811394918512,0.11368026674779876,0.4828262993999359,0.6017513405050753,-4.636363729835364
14.0,61.0,True,0.13458019366602422,0.12293449228757997,0.4159970828184886,0.602185253235358,-7.0320695389856525
14.0,62.0,True,0.20600881128543583,0.08589132166492437,0.3303888067097691,-0.49234403366010515,-4.9910618643081515
14.0,63.0,True,0.2747274431405692,0.12221532829371141,0.4648825353360965,-0.17477019773110167,-2.7114845824857494
14.0,64.0,True,0.23353746586921964,0.1314902906113198,0.5434659304300509,0.5245008121921291,-4.015207497211004
14.0,65.0,True,0.1824120727402106,0.12504556858491087,0.4011940926146972,0.22370989938323596,-5.708348563771027
14.0,66.0,True,0.16232651609940585,0.09946529549854295,0.3691779233601505,0.5199784575210707,-6.296639237266775
14.0,67.0,True,0.16162502192881154,0.1342775685575663,0.5934273870616651,0.9774764521129744,-6.993172789908128
14.0,68.0,True,0.17445626245289875,0.08648460854230756,0.3625583273676283,0.20712125222017028,-5.94408006319665
14.0,69.0,True,0.212882875152689,0.11180841341456099,0.4161900163167013,0.11151771463576467,-4.948718258107148
14.0,70.0,True,0.22960335050213496,0.13624222281372167,0.59902876006971,1.119324521133043,-4.466213644463463
14.0,71.0,True,0.2600790252187249,0.17670178621219906,0.6790769846009278,0.6470807832449227,-3.1237669193035087
14.0,72.0,True,0.1897773126065847,0.1139874423905452,0.4625233218183022,0.6708709058504441,-5.616100275109493
14.0,73.0,True,0.19070258283945818,0.11974137740086639,0.4017755224798673,-0.02704671869435513,-5.443170768265162
14.0,74.0,True,0.22369833241692874,0.09566219546388575,0.4892098853869092,0.9836086279009264,-4.474578725603138
14.0,75.0,True,0.3216606129650645,0.1289043063059976,0.5100432001700203,-0.5486364633809305,-1.0673977845468519
14.0,76.0,True,0.3976771179300068,0.21778447667185766,0.8583740511433517,0.017129515958048597,1.0202519688348848
14.0,77.0,True,0.35625943507370683,0.16763013672486113,0.5985862953662525,0.010623790289768599,-0.06524602838451223
14.0,78.0,True,0.342547331249427,0.1421141541877486,0.72352743937204,1.0711339827353772,-0.6792557212727901
14.0,79.0,True,0.4080225162893977,0.1567707041989653,0.7945398363169853,0.4967288325401728,1.45588051124158
14.0,80.0,True,0.3403181288856452,0.12050352664329858,0.5571471293012243,-0.19020296138876985,-0.4915288034683294
14.0,81.0,True,0.44614760459538716,0.0820528315652036,0.5955186140213921,-0.2790420648012026,2.784979931282184
14.0,82.0,True,0.3353908290390223,0.10785981706536645,0.5533810335725852,-0.03684558486910227,-1.066884855690049
14.0,83.0,True,0.19171715372310774,0.1876570232852092,0.7246855375837029,1.706072610673177,-5.45731723042556
14.0,84.0,False,,,,,
14.0,85.0,False,,,,,
14.0,86.0,False,,,,,
14.0,87.0,False,,,,,
14.0,88.0,False,,,,,
14.0,89.0,False,,,,,
14.0,90.0,False,,,,,
14.0,91.0,False,,,,,
14.0,92.0,False,,,,,
14.0,93.0,False,,,,,
14.0,94.0,False,,,,,
14.0,95.0,False,,,,,
14.0,96.0,False,,,,,
14.0,97.0,False,,,,,
14.0,98.0,False,,,,,
14.0,99.0,False,,,,,
14.0,100.0,False,,,,,
15.0,1.0,False,,,,,
15.0,2.0,False,,,,,
15.0,3.0,False,,,,,
15.0,4.0,False,,,,,
15.0,5.0,False,,,,,
15.0,6.0,False,,,,,
15.0,7.0,False,,,,,
15.0,8.0,False,,,,,
15.0,9.0,False,,,,,
15.0,10.0,False,,,,,
15.0,11.0,False,,,,,
15.0,12.0,False,,,,,
15.0,13.0,False,,,,,
15.0,14.0,False,,,,,
15.0,15.0,False,,,,,
15.0,16.0,False,,,,,
15.0,17.0,True,0.05023912825185273,0.031409595514291094,0.0927077955468185,-0.5635946458704219,-9.972462463327433
15.0,18.0,True,0.3422778391767295,0.13179091582993832,0.5999696361162212,-0.26374013864978957,-1.0485623315022887
15.0,19.0,True,0.32692097661924313,0.16438265415815137,0.6823546938637498,0.2990818143388226,-1.2431488240626756
15.0,20.0,True,0.289772421482716,0.08064901963544416,0.441450986836765,0.3048716355792624,-2.5690268828035148
15.0,21.0,True,0.33763047095745463,0.16148604603569813,0.7563286030168949,1.3623846125570003,-1.0492827624670396
15.0,22.0,True,0.3431602652463094,0.14514298878619578,0.6444704976839958,-0.1368215840697983,-0.3132708100294722
15.0,23.0,True,0.4192045481741248,0.2475413849716745,0.945774980510836,0.5141905525436631,2.079915287466441
15.0,24.0,True,0.35961820806544637,0.14399628628187053,0.6172810426484192,0.3794376738382426,0.016060382695087555
15.0,25.0,True,0.4416005206919458,0.14415348380688162,0.8346397676486764,0.6950805030949369,2.0965087144252528
15.0,26.0,True,0.32173955236796425,0.15034835947379088,0.5938821978611213,0.1682333301788059,-1.0417197015564639
15.0,27.0,True,0.42567827139145964,0.14179675563226013,0.7138753185377172,0.3389391597204708,1.819198174238688
15.0,28.0,True,0.35608634446968285,0.30652237855203446,1.2060051477381282,1.445805569795145,-0.3566236121054096
15.0,29.0,True,0.3786031520861636,0.16108650333649077,0.7195187796985444,0.31809710119654894,0.7832892585049622
15.0,30.0,True,0.4513757177320429,0.18591607469323895,0.9069188215197832,0.7141983581134781,3.1844775905304403
15.0,31.0,True,0.4734859590982115,0.3251903448354544,1.1581648296965208,0.6074073151613381,4.275558109817302
15.0,32.0,True,0.547267158413093,0.2042300727020768,0.9426201280045784,-0.17913090697568237,6.427579370839791
15.0,33.0,True,0.3840123039458234,0.21496565836190104,0.8526177940031685,0.5587971344411725,0.7382244186739213
15.0,34.0,True,0.23004311720586396,0.07363167401545315,0.3861599427692723,0.003615286664047861,-4.342263737005065
15.0,35.0,True,0.27666310087112206,0.12842343015755397,0.6372990225512506,1.0918874845536681,-2.9172930986878653
15.0,36.0,True,0.31235674229240573,0.20222103207042177,0.911323274688086,0.939479909810197,-1.5853043763668535
15.0,37.0,True,0.20179050157391643,0.10401323723187897,0.4536366226245483,0.856171789631327,-5.185551903414206
15.0,38.0,True,0.25809637190682044,0.0998114386842909,0.4425697680016163,0.1623596699142344,-3.329851198497585
15.0,39.0,True,0.2664306612753735,0.15865458626176165,0.5454690716286434,-0.12624871432098672,-3.0239685364545146
15.0,40.0,True,0.24752685387274645,0.12860785824720689,0.5144102697977484,0.22161635047892175,-3.669733365901907
15.0,41.0,True,0.29415072143107357,0.1775486333386693,0.8288289139197343,0.9419900363297847,-2.200696603440949
15.0,42.0,True,0.31545645903448716,0.16365105400059626,0.7551319995982146,0.8261374185721927,-1.2154666161526568
15.0,43.0,True,0.3983260715914751,0.17472524730622813,0.7982452131130922,-0.05582126197898274,0.9346404694023114
15.0,44.0,True,0.2760987129600945,0.13438708472053149,0.5134878356686075,0.1392332289919923,-2.727445098700777
15.0,45.0,True,0.24073685615107976,0.11511531512617351,0.4763263438541155,0.65782504680103,-3.8091675566177416
15.0,46.0,True,0.26539603045773397,0.12258867774221263,0.4717407420627797,-0.018749477845097385,-2.9318410370723367
15.0,47.0,True,0.27085481645624254,0.12407100686788071,0.5637305500050783,0.36646680399496084,-2.9752402469123913
15.0,48.0,True,0.18426121877846807,0.17789363056622667,0.6630213698554782,1.475462506602211,-5.670362674526808
15.0,49.0,True,0.24629432277270538,0.1513898672764367,0.68932572579015,1.6333581798503267,-3.5883820455556874
15.0,50.0,True,0.31567314052674406,0.17326767473963609,0.8874556741124621,1.3321354655785769,-2.3892018097899688
15.0,51.0,True,0.2693533900605607,0.1786217808226877,0.635623630402007,0.34955251080071703,-2.8604310002634743
15.0,52.0,True,0.21513607759336412,0.04005093229469676,0.3146306299212693,0.6653440960809118,-4.788548233270572
15.0,53.0,True,0.14973353515723442,0.062128934990794124,0.2734326821431919,-0.1938688079931795,-6.856229078561095
15.0,54.0,True,0.13521193637768986,0.08027591503399767,0.3300804981633196,0.308370549714191,-7.467287300911324
15.0,55.0,True,0.15895204810009145,0.04857526799678919,0.2524013012905044,-0.6340667798964722,-6.557042851626472
15.0,56.0,True,0.17208758408223299,0.09354240356479182,0.3159432203631901,-0.4558010630167921,-6.173126688707414
15.0,57.0,True,0.175886631489644,0.1572324378801919,0.550648750754299,0.8470658551946384,-5.792524420909449
15.0,58.0,True,0.13180262699289633,0.12199436280010886,0.5547164405803103,1.4909742970986672,-7.842056453707332
15.0,59.0,True,0.261349109419504,0.056045091106859186,0.3948299554470887,0.18847621009358548,-3.2757566997281153
15.0,60.0,True,0.18102405299380595,0.12499336051916704,0.5246130002312197,1.4173421929061407,-5.873824083827809
15.0,61.0,True,0.1793984306612414,0.10502013864159118,0.3855071789151938,0.6616138348445455,-5.860997110591598
15.0,62.0,True,0.21134098703575102,0.12039690462273984,0.6098236830148909,0.7960192588135699,-5.220576229442617
15.0,63.0,True,0.1043307321733225,0.07334407228518289,0.2676851556726217,0.8701374110872584,-8.335537113768952
15.0,64.0,True,0.15210196563304368,0.064438782796005,0.2718136974350926,-0.1847610003690149,-6.807148931387862
15.0,65.0,True,0.2020739947147091,0.09939926340925703,0.4498297141161511,0.017639990936452975,-5.093843839651563
15.0,66.0,True,0.13012347316410586,0.08889748541639697,0.326167778403462,0.4034611897749808,-7.600935814737498
15.0,67.0,True,0.20699372346719266,0.09542549799555348,0.357669894743651,-0.27096798055259835,-4.924360224105592
15.0,68.0,True,0.2611345585921421,0.1635043122183034,0.6147273875348035,0.41413326479740054,-3.2946906603419923
15.0,69.0,True,0.12457012310822564,0.0795336853085795,0.3348862834256627,0.38352139991646084,-7.5905433071494945
15.0,70.0,True,0.13857035203856152,0.08002229857357666,0.2879231129323459,0.1630828928807722,-7.326992560624367
15.0,71.0,True,0.16304587487412384,0.09965197696028193,0.3936169035852728,0.09824744315713818,-6.7480908710793175
15.0,72.0,True,0.24103686852570527,0.1798782059740882,0.6697698986154261,0.5279730674389844,-3.6236351279473435
15.0,73.0,True,0.2505816294609676,0.13194769830706407,0.5442648741228785,0.5854072588757622,-3.6190648454669807
15.0,74.0,True,0.25232945357799474,0.09438421172206604,0.4396891227773076,0.11749262308443584,-3.513049966415004
15.0,75.0,True,0.3610853949629864,0.2592721395838209,0.8889784505861985,0.682083398731087,0.12810046527722135
15.0,76.0,True,0.39346721760492387,0.1247655013536635,0.6325007021368685,-0.19855311550917534,1.0061053365438752
15.0,77.0,True,0.3066304375715796,0.14838751381312942,0.6867032293061103,0.9552766513242621,-1.6972342907378755
15.0,78.0,True,0.36582255953609755,0.13625572292239235,0.6849868949062496,0.4682638479575651,0.15270325548865377
15.0,79.0,True,0.3843256709154508,0.15748995134882146,0.7329669979729713,-0.1079685424646545,0.8131319163095023
15.0,80.0,True,0.3469669535244941,0.17490429224544518,0.6620510708631391,-0.1826054924395837,-0.06505343068035464
15.0,81.0,True,0.4630252987946267,0.18872723395035526,0.9869327886176432,1.010459519639939,3.3392893824117036
15.0,82.0,True,0.39992200902051533,0.18733079731585345,0.8405002518861419,0.228604515151498,1.6111034553933923
15.0,83.0,True,0.3192620052017604,0.10627060500400053,0.6585192531474756,0.6919513174670774,-1.7721693606082163
15.0,84.0,True,0.26720091694560444,0.14206652669279904,0.5311910217045939,0.3005366101947179,-2.9256418495538457
15.0,85.0,False,,,,,
15.0,86.0,False,,,,,
15.0,87.0,False,,,,,
15.0,88.0,False,,,,,
15.0,89.0,False,,,,,
15.0,90.0,False,,,,,
15.0,91.0,False,,,,,
15.0,92.0,False,,,,,
15.0,93.0,False,,,,,
15.0,94.0,False,,,,,
15.0,95.0,False,,,,,
15.0,96.0,False,,,,,
15.0,97.0,False,,,,,
15.0,98.0,False,,,,,
15.0,99.0,False,,,,,
15.0,100.0,False,,,,,
16.0,1.0,False,,,,,
16.0,2.0,False,,,,,
16.0,3.0,False,,,,,
16.0,4.0,False,,,,,
16.0,5.0,False,,,,,
16.0,6.0,False,,,,,
16.0,7.0,False,,,,,
16.0,8.0,False,,,,,
16.0,9.0,False,,,,,
16.0,10.0,False,,,,,
16.0,11.0,False,,,,,
16.0,12.0,False,,,,,
16.0,13.0,False,,,,,
16.0,14.0,False,,,,,
16.0,15.0,False,,,,,
16.0,16.0,True,0.06845007767760776,0.05187286975323284,0.210391543415375,1.0140852729866943,-9.535435618858436
16.0,17.0,True,0.26945660170065266,0.14941927309868572,0.656855476748891,0.5603316369513549,-2.886584198107415
16.0,18.0,True,0.3246996368998879,0.1678190665461626,0.8447676178911666,0.8235241066698186,-1.6152384122069114
16.0,19.0,True,0.3458189257057532,0.163747408057669,0.6751630287030748,0.11329273521195245,-0.06999910254202968
16.0,20.0,True,0.405160502391145,0.17834417652069556,0.7981753793526516,0.29787780617390347,1.8164519983023222
16.0,21.0,True,0.3943869478838514,0.15630819671139637,0.6449133062526622,-0.41438238507982394,1.156079162466148
16.0,22.0,True,0.3743106785549663,0.14502388481653905,0.765082665670402,0.9009380415336851,0.35987851012615757
16.0,23.0,True,0.5116153972693764,0.14280840531980174,0.758466533503396,-0.8291072477187515,5.094935879576176
16.0,24.0,True,0.3914852147924289,0.24990017066175574,0.909008742419124,0.1890764582117223,0.9203247000671649
16.0,25.0,True,0.33134908306057514,0.11194569760239469,0.5565647508436723,0.0051300682841776205,-0.835215114602303
16.0,26.0,True,0.2244444871967765,0.13298142243890806,0.4652138043350519,0.34377095872237123,-4.244384076398818
16.0,27.0,True,0.24355689934915667,0.08787006838574761,0.4480392018735326,-0.05137838894311167,-3.950580587853139
16.0,28.0,True,0.2766725916686207,0.13581098786796014,0.5971177638599253,0.505548875033113,-2.7634420895572624
16.0,29.0,True,0.27950158278971865,0.1324893617546058,0.6153299975604718,0.6605464042617214,-2.669645905392235
16.0,30.0,True,0.3946974389527668,0.23693357511537685,0.721371180584346,-0.34068834274947957,1.5304462927596174
16.0,31.0,True,0.419677757950087,0.12429325062377027,0.6832868080734914,0.3389236994191746,1.8919698625871635
16.0,32.0,True,0.3430932726734648,0.16503529742396003,0.6025195523499973,-0.08940150228432958,-0.300338749310446
16.0,33.0,True,0.30467383180602603,0.17939272237666934,0.8144892905836831,0.4014365198199317,-1.8434924693154013
16.0,34.0,True,0.2367628498500222,0.23052045320670167,1.0132212086341803,1.6581995671577356,-4.764688793856576
16.0,35.0,True,0.2680343828115971,0.23775307624091005,1.13195296781987,1.542345333546344,-3.4931019391673797
16.0,36.0,True,0.27138089208361804,0.08876414964220979,0.4538845385699842,0.17025911811159106,-2.719788140950873
16.0,37.0,True,0.2508965211639765,0.22557235652619306,0.7913363665835593,1.029877021314817,-3.7515690218945434
16.0,38.0,True,0.16042050706598848,0.08927667265811183,0.279591062564241,-0.44103038664263855,-6.6390958600142245
16.0,39.0,True,0.1843816234739251,0.11617092376576083,0.4372395678713143,0.12620058812862195,-5.80793998694925
16.0,40.0,True,0.21379161749976433,0.10079318425525612,0.4743257280638525,0.18099010613399785,-4.8331645799871845
16.0,41.0,True,0.3229355081509042,0.30939776206916686,1.5,2.1365369291143983,-1.7372150366627803
16.0,42.0,True,0.27096565372545117,0.13120568949522515,0.5499853915377667,-0.22527029653898384,-3.0393582485325736
16.0,43.0,True,0.33079108301807786,0.1909535639279991,0.7482762068397018,0.37637070343681606,-0.9162445497668823
16.0,44.0,True,0.278533743154153,0.15987376244083387,0.6137917282038237,0.4902119178255208,-2.412284655800417
16.0,45.0,True,0.17320915639622636,0.13732261612525543,0.4277985804494217,0.45655585206942634,-5.820961978940832
16.0,46.0,True,0.2187421932618386,0.11068460838330693,0.4231209693654255,0.17092162693392043,-4.674963668961804
16.0,47.0,True,0.22454305483618023,0.09820161167504016,0.4122386023658357,-0.1518169586383656,-4.237096453178187
16.0,48.0,True,0.21447532990762297,0.13994444431717287,0.5926635357918554,0.7832845339866714,-5.059495369709386
16.0,49.0,True,0.26121095489877366,0.14095581874650603,0.5517023965312845,0.5652361222969359,-3.0894207564943117
16.0,50.0,True,0.28865768921575324,0.13179096748617702,0.5022985695844779,-0.655202217054983,-2.5274822031991775
16.0,51.0,True,0.2860457528714924,0.12221323368759979,0.4988089240339304,-0.30307195931938263,-2.3155903134531943
16.0,52.0,True,0.18250636412062662,0.07100044023983441,0.2961430810654293,-0.4195422508582267,-5.526269632654418
16.0,53.0,True,0.26206800890259263,0.09167926853170724,0.5085245244026181,0.3772773796982956,-3.375919459366339
16.0,54.0,True,0.1427648647907931,0.10243898455540222,0.4128904644601468,1.0400030398340958,-7.030851737192385
16.0,55.0,True,0.09438046570507264,0.09111870638101002,0.3499019082997131,1.0418624542910222,-8.593907865603297
16.0,56.0,True,0.15277668011761217,0.09261409728120999,0.3435624234487546,0.24126495649280147,-6.745687007710923
16.0,57.0,True,0.15180609405488346,0.13259869220860787,0.5566635103304184,1.8390729379442041,-6.574483560414934
16.0,58.0,True,0.1582484602519742,0.07353427507902408,0.2956995262962014,-0.28756334472627404,-6.372220180468475
16.0,59.0,True,0.14773031007409754,0.07302905521199705,0.3569181893757405,1.1758909874821908,-6.9729833173687865
16.0,60.0,True,0.13558322348541368,0.08258854032549627,0.2935105696553244,0.14912386173276676,-7.259775436891389
16.0,61.0,True,0.22541656669134652,0.13039617144816307,0.6197748974551955,0.8372870508584317,-4.9707800748957665
16.0,62.0,True,0.11571431631269768,0.08836083959894765,0.4502781163542161,1.7719397177756724,-8.29015862697384
16.0,63.0,True,0.11838207160775004,0.09242938572468797,0.3303457620500872,0.8403118763206233,-7.822333951324808
16.0,64.0,True,0.16309964767322865,0.11443794583370044,0.5028473854678236,0.7399963846862935,-6.726333791743407
16.0,65.0,True,0.21822865010531942,0.10016756515897463,0.4379067570965577,-0.05731352006353725,-4.975596764086812
16.0,66.0,True,0.1889335700931356,0.09617702125248496,0.4479135217600439,-0.03569112658191266,-5.69097834067411
16.0,67.0,True,0.1846485442012349,0.07160058130918025,0.3345486624130588,-0.08442680073969515,-5.764376831991481
16.0,68.0,True,0.20168327565595126,0.11620466533935708,0.4194315745513275,0.19950963323598753,-5.495335043812149
16.0,69.0,True,0.15728053692905586,0.09542790184660313,0.448808691464853,0.8992468048806763,-6.7402909606427395
16.0,70.0,True,0.1522410929926699,0.07003299069781585,0.2766658902163065,-0.22675201918833648,-6.769757317867035
16.0,71.0,True,0.19653462682957168,0.10307375007658533,0.4471617872709559,0.6316350176397919,-5.5285242588252785
16.0,72.0,True,0.1327518862617328,0.07564507154662291,0.3155542810248569,0.35370708027149383,-7.529290336953177
16.0,73.0,True,0.21229110903181625,0.13168510480993736,0.6607842327387226,1.0420274651690256,-5.013645532716815
16.0,74.0,True,0.2638862749934646,0.15892651937003277,0.5523743528049276,0.19280525335275622,-2.9349438855010215
16.0,75.0,True,0.30973685682205687,0.16453596220534195,0.6898097751423905,0.4988123776756634,-1.2864771043576548
16.0,76.0,True,0.30469350774662013,0.14238936085593176,0.6033778051590309,0.3737375221231992,-1.79314224288351
16.0,77.0,True,0.31468664742559416,0.18978632495282247,0.6220095419150834,-0.08340442863499356,-1.253494043154539
16.0,78.0,True,0.40283051643017054,0.20599445758541446,0.7212525997083253,-0.2664921405074211,1.924902438061324
16.0,79.0,True,0.46933296635502897,0.15916053431645777,0.7320266232515722,-0.5393642001413159,3.6713919759568054
16.0,80.0,True,0.4277927344343679,0.14655231461356058,0.7108398257267701,0.10956834591787719,1.8029339140030207
16.0,81.0,True,0.35876957748178573,0.16404708463244394,0.8807162449579848,0.8939917098600423,-0.26315517674393196
16.0,82.0,True,0.3516512801705615,0.1639786492156328,0.6147089304052247,-0.3101324590684669,-0.8143396669821796
16.0,83.0,True,0.2748651422366466,0.12769127706537575,0.5943859662672394,0.6430685942913117,-2.6908563483565464
16.0,84.0,True,0.36412474299266734,0.17825567011615187,0.740726714874387,0.4730583071052473,0.24907132499478768
16.0,85.0,True,0.2712248015259246,0.13509547033709093,0.5089506160185565,-0.1824604834096988,-2.6895765046182882
16.0,86.0,False,,,,,
16.0,87.0,False,,,,,
16.0,88.0,False,,,,,
16.0,89.0,False,,,,,
16.0,90.0,False,,,,,
16.0,91.0,False,,,,,
16.0,92.0,False,,,,,
16.0,93.0,False,,,,,
16.0,94.0,False,,,,,
16.0,95.0,False,,,,,
16.0,96.0,False,,,,,
16.0,97.0,False,,,,,
16.0,98.0,False,,,,,
16.0,99.0,False,,,,,
16.0,100.0,False,,,,,
17.0,1.0,False,,,,,
17.0,2.0,False,,,,,
17.0,3.0,False,,,,,
17.0,4.0,False,,,,,
17.0,5.0,False,,,,,
17.0,6.0,False,,,,,
17.0,7.0,False,,,,,
17.0,8.0,False,,,,,
17.0,9.0,False,,,,,
17.0,10.0,False,,,,,
17.0,11.0,False,,,,,
17.0,12.0,False,,,,,
17.0,13.0,False,,,,,
17.0,14.0,False,,,,,
17.0,15.0,True,0.08757527467201154,0.06746338087138627,0.2596810833046786,0.9064180929587182,-8.811903262084734
17.0,16.0,True,0.32852623810882364,0.1467608086885993,0.7704231834707816,1.359230953601443,-1.1896879845116284
17.0,17.0,True,0.3056380670220021,0.1088160475806005,0.53584964041049,0.28906700833398186,-1.9075001737187982
17.0,18.0,True,0.40973739666843084,0.2163002336105885,0.8115279995357173,0.236123854294899,1.1011026657450453
17.0,19.0,True,0.29579778105523674,0.13053351622887457,0.5994172021777601,0.4897361244517657,-2.044560299867254
17.0,20.0,True,0.3000035784556066,0.14325635250570382,0.6218517665594765,0.13907109270089765,-2.2915517758611452
17.0,21.0,True,0.35405064861159147,0.14833061966341618,0.6042716204331707,-0.06374418006843197,-0.13631479800150784
17.0,22.0,True,0.32840990796881914,0.16890554910406566,0.7441736246154564,0.8487290854960591,-0.8678534048553814
17.0,23.0,True,0.28949118843881494,0.13187274392445802,0.7188193984339424,1.245162568121009,-2.881423517780566
17.0,24.0,True,0.3943388047503113,0.19841199251659444,0.8373834007568222,0.24584195712843324,1.0753338806049355
17.0,25.0,True,0.29269956928531227,0.13146543172786573,0.7258305231765793,1.2522866080336512,-2.467079368157625
17.0,26.0,True,0.2512977937642477,0.11355928013179,0.4672884619783122,-0.1578515789512087,-3.3920387849644347
17.0,27.0,True,0.3182523095399213,0.16453571867302597,0.7697549911829619,1.1604990184700508,-1.7916639029835189
17.0,28.0,True,0.3133471545177644,0.1331462215854891,0.614061589434061,0.5094996113091678,-2.000432667173171
17.0,29.0,True,0.2682866105593723,0.20400990401414712,0.8663703839526692,0.802507380839323,-3.0989944728882453
17.0,30.0,True,0.2899218149619167,0.2953079472062426,1.08731771570638,1.2200666854835487,-2.262549966057386
17.0,31.0,True,0.3275317353439902,0.15589737656901498,0.5774147825796898,-0.09978027400209373,-1.061009937785995
17.0,32.0,True,0.33456709870903945,0.15778709848269867,0.9036730292533024,1.0224033211088575,-1.3916682048492786
17.0,33.0,True,0.2989684039164271,0.14435409003534458,0.6624240705757485,0.8444310923364046,-1.8371989159372388
17.0,34.0,True,0.3401240319226065,0.15217274506271464,0.7935126912001276,1.4390334337257202,-0.7951755427763783
17.0,35.0,True,0.19983274961657735,0.09894624814162499,0.3614323460258851,-0.5218702632765635,-4.8816260067369655
17.0,36.0,True,0.29907217784697115,0.11732439317081933,0.5106827001192196,-0.26154743691802845,-2.1534493111799398
17.0,37.0,True,0.21401033958214255,0.07159175135782714,0.3663698179974216,-0.35600372834600547,-4.707127097314634
17.0,38.0,True,0.1853794236631028,0.10176938907673817,0.3671397006514494,-0.12571568001628253,-5.579845834010311
17.0,39.0,True,0.27296858263212165,0.10782869724243875,0.486688626683732,-0.28693932799387917,-2.5381694804558608
17.0,40.0,True,0.30608664889037235,0.1101850408109348,0.5944066428327694,0.5003784822030335,-1.860472943863334
17.0,41.0,True,0.3094819196845115,0.11045676902542613,0.6145670803690881,1.3028394097283587,-1.5374057191733628
17.0,42.0,True,0.2509105119688152,0.12453221463004352,0.4766815705641867,-0.035626410940291356,-3.2260823717383422
17.0,43.0,True,0.26675856575204454,0.06937965118091566,0.4068309502322868,0.18450141129152678,-3.219600344109076
17.0,44.0,True,0.22475290852605462,0.1266916711273968,0.4508492561414258,0.12813435424579547,-4.4541348368492795
17.0,45.0,True,0.2800574903841229,0.15243771469919695,0.519113106562549,-0.3983695089149199,-2.706268881047292
17.0,46.0,True,0.29355845893589505,0.10331878086800762,0.481669827143964,-0.5374495345237263,-2.290297576762618
17.0,47.0,True,0.23784165631089346,0.0973354175018698,0.517960725030173,0.2295005160642044,-4.333886736553844
17.0,48.0,True,0.3462978611108384,0.13033286706130914,0.6100857721386177,-0.004610343541434839,-0.44689006412907006
17.0,49.0,True,0.2892077736847988,0.1822309107360035,0.6640996414437493,0.5077747324945562,-2.2766265320900656
17.0,50.0,True,0.27314157064590255,0.1332694186413552,0.5932378117518828,0.5553763713948413,-2.891228882301104
17.0,51.0,True,0.1710969823309185,0.12446857814133379,0.3453498272805295,-0.026294290276310705,-5.825351516681862
17.0,52.0,True,0.24191813453535665,0.12749932336752923,0.4564090277278514,0.0409789347195443,-4.080249736908422
17.0,53.0,True,0.13758709933190677,0.11253298222130734,0.3982715786861923,0.7122995070020126,-7.016289753909806
17.0,54.0,True,0.2594539149686611,0.1596619822144847,0.7069409050175397,1.4324668219171863,-3.25431936419848
17.0,55.0,True,0.20414179112823988,0.14161382492291513,0.4459551237107226,0.13705704937723254,-4.650388684162135
17.0,56.0,True,0.12928408979286565,0.06844110533966961,0.3552478783448887,0.6454025465060289,-7.690500038706824
17.0,57.0,True,0.20060410378449178,0.12060858274115865,0.536402147941802,0.612486327208818,-5.535866832836464
17.0,58.0,True,0.23358309548357456,0.08175843199419765,0.431279937639887,-0.2999380732645138,-4.011911434227293
17.0,59.0,True,0.14331370475695898,0.10035996783826594,0.3447748512535811,0.3941965644716258,-6.991725106898237
17.0,60.0,True,0.13399638639595088,0.10581713589938872,0.3673998654301993,0.4873475208644052,-7.355608547940493
17.0,61.0,True,0.16172492586418594,0.08876038802974674,0.3074231228823708,-0.1396714366202064,-6.207203520717051
17.0,62.0,True,0.12106875393333294,0.07988704927131197,0.3147024289701355,0.7259033696939863,-7.891898920698991
17.0,63.0,True,0.1633358916507083,0.08323458720520954,0.4078265197896356,0.47082247609542915,-6.428328806213044
17.0,64.0,True,0.16334224829838992,0.1345087663290827,0.3975498218496976,0.31379216652651765,-6.250899478107416
17.0,65.0,True,0.12851626638973582,0.07837771941013866,0.2782571650108178,0.1800835133945136,-7.4675180593657435
17.0,66.0,True,0.20578978566095898,0.10105346195493833,0.3574206185687807,-0.30510496648819824,-4.814631527792076
17.0,67.0,True,0.14293464369756817,0.09269924698856058,0.3397405974245343,0.3979550308163548,-7.34115916291766
17.0,68.0,True,0.1672663044062127,0.1111301493652355,0.4488984286779541,1.0730133714695824,-6.0610458791166275
17.0,69.0,True,0.10852278784670773,0.08400495920377983,0.267125009409469,0.38820578711926096,-8.12050525816618
17.0,70.0,True,0.22635497191884224,0.11208101842334678,0.40792275763196,-0.23401304623294455,-4.319376263112594
17.0,71.0,True,0.11015281326740414,0.0665668288222908,0.2440330814540199,0.04473437681731617,-8.050474234439138
17.0,72.0,True,0.10874422313274143,0.14172553024963855,0.5353519203056338,1.980666829306502,-8.126639152691405
17.0,73.0,True,0.15987018200534947,0.08096518904002145,0.3011356670311596,-0.1338507781123813,-6.465396724271197
17.0,74.0,True,0.28760570102817623,0.16792501677336044,0.6434066375860806,0.5236598256563683,-2.3941801783416117
17.0,75.0,True,0.2639387118930517,0.14032951275346445,0.7323180283173072,1.4126496737818242,-3.423198586426282
17.0,76.0,True,0.4457778545677925,0.22576338109827374,0.9100149833662542,0.2131905725792831,3.1191581308218357
17.0,77.0,True,0.33282596730132596,0.2251714708564194,0.7987428585204059,0.5975032440932662,-0.956752689488366
17.0,78.0,True,0.3570658424547107,0.19623848191230545,0.9040487207071698,0.5127995838160709,-0.06932736114364353
17.0,79.0,True,0.6032854617757764,0.22314533221573293,1.0871773263804738,0.25502445904682414,8.04407660418295
17.0,80.0,True,0.3519426375665266,0.1190704149126423,0.5731104239846377,0.06045528197667682,-0.3351398269744533
17.0,81.0,True,0.5344220600820583,0.22604446541520706,0.961118741843999,-0.4340882696696364,5.759582644988958
17.0,82.0,True,0.2620006762637165,0.12230504763418817,0.5128527987784879,-0.001533962802895974,-3.28272277656052
17.0,83.0,True,0.2733147940417922,0.19481000840335447,0.7962074057562044,1.2230674050990566,-2.4954071303353063
17.0,84.0,True,0.21022432406185879,0.1133457053073926,0.4807195812476043,0.8329495685418018,-5.145311169417575
17.0,85.0,True,0.40709435589411475,0.13777250452045614,0.7474062634170958,-0.3296922137471214,1.320522397008718
17.0,86.0,True,0.30937256639066624,0.11116959145539265,0.5446155427978685,0.11360780910909182,-2.0610822642163944
17.0,87.0,True,0.01544492888902714,0.02246428883615924,0.0776161994072852,1.5117483303931698,-11.111320353331367
17.0,88.0,False,,,,,
17.0,89.0,False,,,,,
17.0,90.0,False,,,,,
17.0,91.0,False,,,,,
17.0,92.0,False,,,,,
17.0,93.0,False,,,,,
17.0,94.0,False,,,,,
17.0,95.0,False,,,,,
17.0,96.0,False,,,,,
17.0,97.0,False,,,,,
17.0,98.0,False,,,,,
17.0,99.0,False,,,,,
17.0,100.0,False,,,,,
18.0,1.0,False,,,,,
18.0,2.0,False,,,,,
18.0,3.0,False,,,,,
18.0,4.0,False,,,,,
18.0,5.0,False,,,,,
18.0,6.0,False,,,,,
18.0,7.0,False,,,,,
18.0,8.0,False,,,,,
18.0,9.0,False,,,,,
18.0,10.0,False,,,,,
18.0,11.0,False,,,,,
18.0,12.0,False,,,,,
18.0,13.0,False,,,,,
18.0,14.0,True,0.030893531549581025,0.0549497679678319,0.1866457708884117,1.812610927607488,-10.530007612033375
18.0,15.0,True,0.27714718549230116,0.15478243299891628,0.6532166528941102,0.5704180453780638,-3.2953228408024096
18.0,16.0,True,0.36473847399463827,0.13101801138002095,0.604883794846255,0.052102592523820025,-0.11269456429559882
18.0,17.0,True,0.29835848941839654,0.15052207169587867,0.5932011867368937,0.048185068912553315,-2.0295981359477375
18.0,18.0,True,0.3324435127462682,0.18207902934302803,0.623690096719322,0.000856220073513311,-1.077930713754624
18.0,19.0,True,0.25082272936069944,0.12298282404617174,0.5784957247857831,0.9697959686848195,-3.505504408548008
18.0,20.0,True,0.3966946839715606,0.1265907439875098,0.6460929031462137,-0.013505339548196806,0.9366387077581044
18.0,21.0,True,0.23386626195179927,0.11028876454604652,0.5212924695047078,0.9463213755667692,-4.003599191539579
18.0,22.0,True,0.2093593400690507,0.12122371319369903,0.6231417550792566,0.9532058259681989,-5.263948025116741
18.0,23.0,True,0.2875435601677625,0.18048766937783486,0.7323887734819744,0.7124202948800056,-2.171015862966822
18.0,24.0,True,0.3104178432634336,0.10294878970497091,0.496864352753805,-0.012442700560083588,-1.7329351971027935
18.0,25.0,True,0.34610650361658046,0.14250272098119812,0.8391507612326791,1.3501267433234172,-0.8758730572823872
18.0,26.0,True,0.29772755018544045,0.1264196388549389,0.5632650367385428,0.00096700077141775,-1.821945551193047
18.0,27.0,True,0.37893853285293716,0.12264742899927271,0.6306991325538137,0.7059257973763291,0.6401257835694488
18.0,28.0,True,0.3354303467642219,0.12979467808905168,0.5467776119544708,-0.08838290383303424,-1.0720127510771136
18.0,29.0,True,0.18749319416649204,0.09053137229769574,0.37103781648909,0.053355628466681286,-5.442080756713794
18.0,30.0,True,0.3578562648842584,0.14305741831714366,0.6340147815569779,-0.19049549160688237,-0.07488601319446996
18.0,31.0,True,0.33796312051295674,0.17022934150962762,0.5992728444291278,-0.2740080410950146,-0.27284566268719557
18.0,32.0,True,0.2162882770822067,0.12340635975678713,0.583556255845079,1.571392587281705,-4.764618110414283
18.0,33.0,True,0.19071229378738566,0.09065207987959345,0.3794216191774229,0.1500702459652142,-5.580530152668484
18.0,34.0,True,0.16084615432463467,0.07374946956350051,0.3508251537336121,0.5785133685978027,-6.302018715748056
18.0,35.0,True,0.2979318395199596,0.14658784555895274,0.5657628851188683,0.24142262102408274,-1.916100214734139
18.0,36.0,True,0.26555221498200315,0.11713312864282638,0.492573674050389,-0.044488601110590706,-3.2555458057638114
18.0,37.0,True,0.18746792747450425,0.10606007150474202,0.4208811774613162,0.25447542427554404,-5.506200417317502
18.0,38.0,True,0.25644305531521566,0.12489557741525016,0.4841286731533526,0.4718177362058987,-3.907031851976283
18.0,39.0,True,0.14431635426538583,0.07554405480569039,0.3211587249359717,0.5232494856091724,-6.938786793959598
18.0,40.0,True,0.24898524198050878,0.09218272106538924,0.4743395833712989,0.7020026426269271,-3.8070561958595985
18.0,41.0,True,0.21308094215974677,0.13758166916020653,0.5635134359609927,0.8199903895339542,-4.461556031760813
18.0,42.0,True,0.2514686836955221,0.11978229004534087,0.5802756947408905,0.8154035659018113,-3.3266088701393426
18.0,43.0,True,0.2791448156265569,0.10490080881138687,0.4692051276199066,-0.22818060609884816,-2.584065828567287
18.0,44.0,True,0.2628776213161931,0.13062273659694199,0.5292824528352976,0.5042057251530495,-3.375559781125994
18.0,45.0,True,0.2856080958807031,0.13087340533330058,0.5542561381390656,-0.019686456238818286,-2.8360325266743533
18.0,46.0,True,0.22857051764041983,0.07203110699093451,0.3500854130673744,-0.8702387557974883,-4.134678707018518
18.0,47.0,True,0.1918959001447903,0.13858417153774394,0.4301235688135953,0.4116699968256482,-5.38315563772422
18.0,48.0,True,0.31845787741889714,0.12990783364846337,0.5321493279430812,-0.45710897567951003,-1.6199109029143566
18.0,49.0,True,0.20765907375308512,0.08918396154244448,0.4016433663841534,0.0724544250412362,-4.7922360720416295
18.0,50.0,True,0.2459577875710419,0.13319346435461962,0.5052754108806246,0.379828055725187,-3.668186783518089
18.0,51.0,True,0.3022088610359855,0.11901589021808523,0.5181287453689619,0.15758569430702446,-1.9939756790080132
18.0,52.0,True,0.1578908213939909,0.13607190758964197,0.7264149513194452,2.413228106458434,-6.820677666847735
18.0,53.0,True,0.18926103935041527,0.13576793991543593,0.4456015280807082,0.2936654031074209,-5.711750937800109
18.0,54.0,True,0.19272896721276145,0.11186734488912238,0.4290420158286634,0.32138443767211894,-5.60535552865792
18.0,55.0,True,0.19233408107103708,0.11717353832279999,0.4225314631752002,-0.07959490555126295,-5.312053021598117
18.0,56.0,True,0.15455541618362517,0.11606575902804181,0.4470468790262502,1.0887752538615543,-6.550116182902768
18.0,57.0,True,0.12540826839036254,0.09880884528040289,0.3864765863916536,1.109097322695883,-7.662868069217423
18.0,58.0,True,0.22634542261065413,0.1498822498372875,0.5431721246403993,0.4270638158266822,-4.193631116749303
18.0,59.0,True,0.20586761175096685,0.11218544267005365,0.4354183308769399,0.15068598141323938,-5.126358941434723
18.0,60.0,True,0.1493583246838118,0.0896348676576134,0.3879517613244621,0.36864364287711227,-7.017468601933477
18.0,61.0,True,0.2522562514909455,0.13067064208676274,0.5033097651802225,-0.2934041735417501,-3.959354535498533
18.0,62.0,True,0.22176725398313918,0.11101513371633659,0.4400605456224949,-0.16950572148368534,-4.721553251118313
18.0,63.0,True,0.14991932585698572,0.08822257343199312,0.2609559779687542,-0.45764006936612484,-6.573607665854555
18.0,64.0,True,0.14790391495730887,0.1161992498220379,0.4508740604104965,0.7873176626261852,-6.908139385879999
18.0,65.0,True,0.20402201763913339,0.1279347181993312,0.4122361351982474,0.032481593960337056,-4.981281086628739
18.0,66.0,True,0.2340803637104564,0.1435968035655237,0.4319512637768932,-0.40955064057758594,-3.907636003312433
18.0,67.0,True,0.21089263357002308,0.1372774628094729,0.4826801550036123,0.18745166128433494,-5.115835393045187
18.0,68.0,True,0.1715889248564675,0.08919215668823167,0.3936176993488711,0.3294826197450777,-6.1923205558313485
18.0,69.0,True,0.21590652429802748,0.12971803446588756,0.4801027996584386,-0.06867953579964672,-4.443015167990729
18.0,70.0,True,0.1637739227911081,0.11031575834619638,0.4461648516945529,0.915358645734168,-6.341870480164098
18.0,71.0,True,0.13006738802369455,0.12518091845887483,0.5413502644356231,1.1807470362428574,-7.8391023130712165
18.0,72.0,True,0.24798666061575322,0.1301456695079248,0.526860923011473,0.25586313759661244,-3.6701939308545413
18.0,73.0,True,0.22033053238478445,0.12522886633808514,0.5616645241451605,1.062988185850498,-4.509454157519047
18.0,74.0,True,0.18635520692809898,0.1255404228993686,0.4011843109251162,0.050885528940497374,-5.393459827975275
18.0,75.0,True,0.2011894454752774,0.14277382258802168,0.6576043336736246,1.0328186067479321,-5.675037961331386
18.0,76.0,True,0.3289601370848386,0.14755109419737616,0.6601873975521885,0.366205730402999,-0.9641652914948714
18.0,77.0,True,0.2673640803311179,0.18037190252030375,0.7376196429587385,0.7982607061008966,-3.23707703786203
18.0,78.0,True,0.3675171995525386,0.2401204108674508,0.980725487757997,1.2349205998725923,0.24513334811191786
18.0,79.0,True,0.3564473261641755,0.2447185521131989,0.989877936549472,1.2728886455819874,0.041940704747925016
18.0,80.0,True,0.3608749736065231,0.1828996923157505,0.7699553751367869,0.885030010392552,-0.057120062562378233
18.0,81.0,True,0.37831185081623114,0.26198825013827226,1.0566918919627897,0.7865863224573735,1.1222124017357449
18.0,82.0,True,0.2999599230345686,0.1631283300542565,0.6489383765530178,0.42659066161791714,-1.9067692376608731
18.0,83.0,True,0.4050868208588502,0.17926562677173485,0.725678077767227,-0.09329399800283701,1.5979558825222504
18.0,84.0,True,0.471117485502778,0.20013389248838753,0.8292586595205355,-0.17350371471082135,3.6415925731544476
18.0,85.0,True,0.3514959229324058,0.11085177946158109,0.5243717650909003,-0.5112687504618421,-0.43785940724747685
18.0,86.0,True,0.2724657062956637,0.18236682272340624,0.6480550834689035,0.3140532934113473,-3.071953191593111
18.0,87.0,True,0.26294118539441663,0.12308787087467377,0.4711171487118087,-0.1770692220753999,-3.2565337393374296
18.0,88.0,False,,,,,
18.0,89.0,False,,,,,
18.0,90.0,False,,,,,
18.0,91.0,False,,,,,
18.0,92.0,False,,,,,
18.0,93.0,False,,,,,
18.0,94.0,False,,,,,
18.0,95.0,False,,,,,
18.0,96.0,False,,,,,
18.0,97.0,False,,,,,
18.0,98.0,False,,,,,
18.0,99.0,False,,,,,
18.0,100.0,False,,,,,
19.0,1.0,False,,,,,
19.0,2.0,False,,,,,
19.0,3.0,False,,,,,
19.0,4.0,False,,,,,
19.0,5.0,False,,,,,
19.0,6.0,False,,,,,
19.0,7.0,False,,,,,
19.0,8.0,False,,,,,
19.0,9.0,False,,,,,
19.0,10.0,False,,,,,
19.0,11.0,False,,,,,
19.0,12.0,False,,,,,
19.0,13.0,False,,,,,
19.0,14.0,True,0.27248452969243164,0.17852150724932203,0.6523837187995724,0.2984962273773557,-3.004986678156631
19.0,15.0,True,0.3441414853556251,0.0986964263301542,0.6095735543216929,-0.20812995914763618,-0.9354148223308225
19.0,16.0,True,0.30044726988584164,0.1221070606170422,0.6012493680667649,0.5815166760011306,-1.866848520511028
19.0,17.0,True,0.45932928639335857,0.2447130569156376,0.8812583524510907,-0.027249366848101877,3.386942338516462
19.0,18.0,True,0.35406318592933034,0.15604901507423205,0.6563921742883473,0.38979607221492707,-0.20034752016580612
19.0,19.0,True,0.2769886350983461,0.17348880721009005,0.717955152035083,0.7596396097890775,-3.0090022395986753
19.0,20.0,True,0.34620703917574364,0.24308840494086106,1.133009985652461,1.108179887884308,-1.427972002107009
19.0,21.0,True,0.30072399708547914,0.13895081784314928,0.6804485299620694,1.3061495590474275,-1.8938601913424973
19.0,22.0,True,0.29710577218248113,0.189281579525929,0.5994346411484186,-0.08536208686519892,-2.5035523629175476
19.0,23.0,True,0.4251817454357133,0.1597837543770095,0.7333514906783539,-0.060002711005833854,2.104349886804738
19.0,24.0,True,0.38792356190693933,0.13412983742607293,0.7299504562779668,0.5491623398813179,0.8867591167091986
19.0,25.0,True,0.29398279754240775,0.12077471093836639,0.5280631903896348,0.24961174886019707,-1.8677269254822473
19.0,26.0,True,0.24156849013574747,0.10856491695374583,0.5106522277469967,0.6285024030335669,-3.9225034658807454
19.0,27.0,True,0.2927272754433059,0.09018704425362455,0.512155377982322,0.6392403603199491,-2.2656986630750295
19.0,28.0,True,0.273647608708423,0.1418155184466048,0.5315707339327621,0.2861382974736247,-2.727634187381514
19.0,29.0,True,0.2945074407670155,0.15982784424032898,0.7079630114569465,0.8566652426648892,-2.0600917498916975
19.0,30.0,True,0.31822060281350645,0.14745160960118425,0.5994841453062622,-0.05485274820791258,-1.2013306047228247
19.0,31.0,True,0.27351109272178076,0.1937504035423218,0.6625807509603994,0.3327450773050414,-2.635565499405576
19.0,32.0,True,0.2548566343540147,0.081378158517459,0.4410168302296406,0.10198578590908011,-3.5035075157067883
19.0,33.0,True,0.26321452358504055,0.11170515162087065,0.4376804171565856,-0.45380478940877333,-3.553139862528427
19.0,34.0,True,0.2010918989883519,0.13028861317091134,0.4795856602329508,0.5750419884122373,-5.224417262059477
19.0,35.0,True,0.21370917709920398,0.13089798655931537,0.694843108933451,1.241291632379978,-5.096155159572626
19.0,36.0,True,0.28198840074947795,0.14295430853008367,0.4921676195008698,-0.372093858801694,-2.9133918959639047
19.0,37.0,True,0.19304040102390033,0.10234318502684021,0.4632692948432634,0.37025916563720285,-5.566164593307983
19.0,38.0,True,0.17730800232287516,0.06153447828848067,0.2869778518476915,-0.4358292131209802,-6.065196115696839
19.0,39.0,True,0.3347909292705904,0.19761732715816865,1.0824778580384882,1.5072584285169535,-1.365689894572662
19.0,40.0,True,0.2914512655380043,0.15691753408447953,0.5585002274738413,-0.2184839668688255,-2.2789007967360453
19.0,41.0,True,0.206454547081137,0.13908028751440357,0.5592523991108596,1.4699464886699842,-5.051094931747986
19.0,42.0,True,0.3166891174745801,0.1334389699139799,0.6433474515789679,0.9651402715652836,-1.4686042134501167
19.0,43.0,True,0.278287117316669,0.1543410100362009,0.5266441412601752,-0.29460422072513104,-2.3756914008582
19.0,44.0,True,0.285218637713611,0.19459229096730543,0.6127109549045019,0.24794130535401712,-2.543556708969499
19.0,45.0,True,0.20387625831028536,0.14919390570647498,0.6266460021091136,1.4814168947608748,-5.229003644371605
19.0,46.0,True,0.1979292824836442,0.06222100685076751,0.3279342472081109,0.6217490841007833,-5.49269555331501
19.0,47.0,True,0.2566631547187499,0.13648072054460042,0.5934673809964751,0.7759587190918463,-3.397347239305975
19.0,48.0,True,0.2951900193805806,0.1119323287508516,0.5740107904258697,0.3041813925121918,-2.2827976318243306
19.0,49.0,True,0.23819980646011946,0.15191669382885561,0.5501309355136461,0.10917197720333334,-3.8037122105181096
19.0,50.0,True,0.1783898828016422,0.07310118957063275,0.4066688003790881,0.6829055073613688,-6.095459931479856
19.0,51.0,True,0.17682206836249484,0.1367551335920445,0.4786521189033141,0.32813750274186326,-6.448043000421966
19.0,52.0,True,0.16948487290723216,0.0886507014515645,0.31872646568036,-0.09757667276036468,-6.221191528348878
19.0,53.0,True,0.21257855070953657,0.16790270602777901,0.6109783523129078,0.6783994569278045,-4.619468218390369
19.0,54.0,True,0.20897950138978016,0.17377689274972016,0.6341040166252837,1.185977539813064,-4.667298218662823
19.0,55.0,True,0.26004473870183575,0.1653570508987055,0.5941676288844148,0.20452476671340805,-3.020644766072474
19.0,56.0,True,0.22370208594336682,0.12015262579496044,0.4154859457742956,-0.08147273699978207,-4.246241743799001
19.0,57.0,True,0.20869606107882233,0.11697027794136776,0.5859714039861279,0.8359880731982481,-5.458975025708072
19.0,58.0,True,0.1907625235792736,0.12055689338597395,0.4697321492511058,1.1375813208472052,-5.594920415516383
19.0,59.0,True,0.12743132178863287,0.11278273842417764,0.4079021589056398,1.0087270077400219,-7.456561278321895
19.0,60.0,True,0.21885672417992005,0.10909632073320644,0.4667767380280989,0.02987179489317024,-4.742326143170085
19.0,61.0,True,0.14328232904529814,0.09260924925317547,0.2801948572526178,-0.2947980269034816,-6.968200038317305
19.0,62.0,True,0.1702335773867377,0.12148636289624706,0.4305066950320608,0.4142614502587475,-6.342161175510707
19.0,63.0,True,0.16361752187953588,0.08042960712719519,0.3200404957784882,0.005851480201602319,-6.244450626962474
19.0,64.0,True,0.17664017911410673,0.09056038839380567,0.3461596543561941,0.05038699073765161,-5.91761188010251
19.0,65.0,True,0.19358880726364,0.07329682840053968,0.3251064387957746,-0.1365219533795432,-5.364919979288618
19.0,66.0,True,0.19831359578482463,0.09260344832071803,0.3758413670634223,0.17026048954328157,-5.226461556685277
19.0,67.0,True,0.2066525244159397,0.1281972818957755,0.4336055454247287,-0.01731339855263253,-5.3046862206289385
19.0,68.0,True,0.16244121617876264,0.08042692017347118,0.354195527764886,0.673961936612287,-6.462708375793995
19.0,69.0,True,0.1670031488348291,0.08325727912663979,0.3779155344822708,0.34017290090859936,-6.437259643314564
19.0,70.0,True,0.19901395332279428,0.10042090260155352,0.352883761529754,-0.31586652563811385,-5.125645577464064
19.0,71.0,True,0.19624929545571854,0.12089560139965203,0.4760600021099072,0.5557502851237094,-5.485376408278062
19.0,72.0,True,0.20202505877001434,0.12593525050701343,0.4192069738176086,0.13672158500527046,-4.95600047233611
19.0,73.0,True,0.15142455618336878,0.07891622653310686,0.3292036177628685,0.6519450388667811,-6.903816132039386
19.0,74.0,True,0.15047504516167795,0.07430431549603642,0.4284171674475213,1.3379411850143024,-7.085404477719709
19.0,75.0,True,0.20439296394477777,0.0763774978147355,0.3641059912291935,0.24145294081040636,-5.082555432186564
19.0,76.0,True,0.2447298852379661,0.164468768692902,0.5969156064300178,0.23916769734286775,-3.5895054202549685
19.0,77.0,True,0.1822159317200391,0.11332233659033744,0.4361223732474042,0.6345460175211046,-5.736940790726982
19.0,78.0,True,0.29080328985316145,0.1688403515082888,0.652473510759267,0.4921223101625689,-2.157273508014983
19.0,79.0,True,0.2665375233982368,0.10327272650340233,0.5176025008941948,0.1803515960375525,-3.3178297322376347
19.0,80.0,True,0.34391287406390514,0.16467044934714914,0.6796582094237235,0.23388200892092342,-0.560310943790839
19.0,81.0,True,0.40741013879173466,0.1873057662135593,0.9150272558487405,1.2971590581597503,1.304381820180301
19.0,82.0,True,0.30188333541121876,0.16683545596000396,0.6092008992431631,0.11190321623167819,-1.8784710948449244
19.0,83.0,True,0.32151964586171405,0.20355770189364183,0.7847633461736816,0.8483005837210426,-1.9508715618841863
19.0,84.0,True,0.4396682806962416,0.1457160314057446,0.7419766853247955,0.1669755824502276,2.4758837968305256
19.0,85.0,True,0.5000562560191502,0.11475162708657582,0.6908080295902745,-0.158163804410968,4.588304168034898
19.0,86.0,True,0.29943643042335866,0.1673482637688031,0.5627116711735309,0.20735232488065194,-1.5079697005892787
19.0,87.0,True,0.22904688531348638,0.08138327757454827,0.4068963432625712,0.3345915584759223,-4.50894357954309
19.0,88.0,True,0.18362213378339048,0.11935213055931151,0.58935641092927,1.247643084867437,-5.939226186473357
19.0,89.0,False,,,,,
19.0,90.0,False,,,,,
19.0,91.0,False,,,,,
19.0,92.0,False,,,,,
19.0,93.0,False,,,,,
19.0,94.0,False,,,,,
19.0,95.0,False,,,,,
19.0,96.0,False,,,,,
19.0,97.0,False,,,,,
19.0,98.0,False,,,,,
19.0,99.0,False,,,,,
19.0,100.0,False,,,,,
20.0,1.0,False,,,,,
20.0,2.0,False,,,,,
20.0,3.0,False,,,,,
20.0,4.0,False,,,,,
20.0,5.0,False,,,,,
20.0,6.0,False,,,,,
20.0,7.0,False,,,,,
20.0,8.0,False,,,,,
20.0,9.0,False,,,,,
20.0,10.0,False,,,,,
20.0,11.0,False,,,,,
20.0,12.0,False,,,,,
20.0,13.0,True,0.21172559865532956,0.138970540426988,0.4472281709970046,-0.146652880965907,-4.547801400872175
20.0,14.0,True,0.34263267257673224,0.18840283450919282,1.0991915165136428,1.7909068832842334,-1.3288717030919819
20.0,15.0,True,0.3680258099116868,0.11047462958845064,0.6226048099227779,0.12168338913119535,-0.14073304378424056
20.0,16.0,True,0.3996817455758602,0.1915841971438082,0.8186280399481902,0.3649673158131773,1.299645013503825
20.0,17.0,True,0.30857011087280023,0.16952607562760694,0.6586144627778319,0.35950508444453033,-1.3292706257771594
20.0,18.0,True,0.3932518387485952,0.1932871450569184,0.7268411681514214,-0.14185383264623994,1.1512187062106483
20.0,19.0,True,0.33417686988357803,0.14937409754242775,0.7155594111685522,0.5015468659309995,-1.0433782679368226
20.0,20.0,True,0.35893914436648,0.12788989812541782,0.6783132353502984,0.910502154113148,-0.054143696149778216
20.0,21.0,True,0.2851064906130864,0.1381194999697355,0.5618884423066532,0.15768049666208853,-2.388270384413596
20.0,22.0,True,0.34400998295653934,0.16686346050775647,0.6220060062856688,-0.4616075656805375,-0.6503072369375167
20.0,23.0,True,0.33107091968753893,0.1622392528854713,0.7453763591359664,0.8974193835354157,-1.0413724616360922
20.0,24.0,True,0.2915425157838611,0.13344220037848536,0.514611923705182,-0.12181695129851863,-2.05369293827129
20.0,25.0,True,0.3889509097308583,0.12188365836195073,0.582157781539114,-0.6943806975891484,0.7283529672294697
20.0,26.0,True,0.37331300367087455,0.18491273142946515,0.6732383901546277,0.17544310641942548,0.4683692248278718
20.0,27.0,True,0.3666096481891335,0.17031720736375372,0.6724270654666639,-0.34193316578647864,0.07032242081145466
20.0,28.0,True,0.3224092628949202,0.21585232872974905,0.8536876402409372,1.381511409825758,-1.1144939026440626
20.0,29.0,True,0.26060736397566536,0.09117950208165865,0.4177534250565674,-0.47161704514413494,-3.42689269266763
20.0,30.0,True,0.2815024996808091,0.16966041690524622,0.675004937413908,0.7159130720824443,-2.637725807396766
20.0,31.0,True,0.3022946502026077,0.13171029138843646,0.5899944463218796,0.802412207155441,-1.5624483317593216
20.0,32.0,True,0.27641453420127243,0.11155075678444384,0.510395548236875,0.39042681698642523,-2.7710563416713208
20.0,33.0,True,0.24524007078354793,0.1438445151324838,0.5153050498493378,0.19838357170517187,-3.984078730971281
20.0,34.0,True,0.2434353861171272,0.17022060445213902,0.7148200097274329,1.2418675128274994,-3.5781082312896566
20.0,35.0,True,0.2552501194057198,0.13000019196530563,0.5422413922570437,0.2997103008582752,-3.6517336779036564
20.0,36.0,True,0.3841656282709954,0.15239978094810472,0.7281469536580445,0.5432464805730151,0.7368506060239861
20.0,37.0,True,0.1931635057830139,0.10110271152036895,0.5366948574185123,0.8991018386491776,-5.493132261391931
20.0,38.0,True,0.302962683000772,0.1442995168800814,0.553366961005663,-0.013046640702510477,-2.12401171103416
20.0,39.0,True,0.2923516705410311,0.17028113583682922,0.6914697254549055,0.7054256585404252,-2.253286431276171
20.0,40.0,True,0.3244190551200683,0.15838347197217198,0.5949787270108432,-0.0266416433524794,-0.8735477424502925
20.0,41.0,True,0.25266822429062324,0.11606222730345538,0.5079147640733913,0.2850063232676603,-3.601217821243958
20.0,42.0,True,0.24285734031223513,0.11509358829006433,0.4711349133614684,0.43400493798708506,-3.8712968583788028
20.0,43.0,True,0.2277236085824029,0.09390204315251624,0.3989176499356637,0.11566737442369471,-4.208416796363866
20.0,44.0,True,0.23253705013851092,0.0764185929305254,0.3906422068413899,0.1521464635427458,-4.47652156247229
20.0,45.0,True,0.18571431098090818,0.09512128425700198,0.424602296735864,0.6670460074382815,-5.83745325138992
20.0,46.0,True,0.1886265469322531,0.10155515292765467,0.4332684311760251,0.5640159284606291,-5.823157722733487
20.0,47.0,True,0.17002110338714074,0.07951002063750895,0.3343827000568576,0.34536465830459306,-6.042754802783628
20.0,48.0,True,0.11712242524108842,0.09210800012103432,0.3681281018092519,1.4357519321139207,-7.873327727839835
20.0,49.0,True,0.1870558726435842,0.07203839007100374,0.3626820931158272,0.6513201694472655,-5.830620651978485
20.0,50.0,True,0.23829179976233114,0.16772699201375696,0.7382591641047335,0.5083706457934624,-4.036041761810631
20.0,51.0,True,0.2581981793324741,0.17902532637513355,0.6032174163209342,0.439122731761832,-3.1255944945378302
20.0,52.0,True,0.1701534271519349,0.09457478136718164,0.3376983136401977,0.0018484863652978639,-6.1376797574490904
20.0,53.0,True,0.1755586475037684,0.10150527191072785,0.4695857931612592,1.0670368726864736,-6.195252335503608
20.0,54.0,True,0.17700750516697902,0.13044794795177383,0.4578074297653724,0.4254519542208266,-5.740581615289135
20.0,55.0,True,0.19997682760844399,0.11731827103750622,0.4880809238489318,0.22698498605807052,-5.407144807265568
20.0,56.0,True,0.17735889366412158,0.11094286804272556,0.6801280026992998,2.99531434776461,-6.22067051744995
20.0,57.0,True,0.191476826299888,0.09133709269458892,0.3998907449627484,0.00726556912654659,-5.79477662523941
20.0,58.0,True,0.19046720081174812,0.12605470368901472,0.5880380072008183,0.9728012568407206,-6.051328535106003
20.0,59.0,True,0.1865044479764684,0.11124036913858143,0.554246475689189,1.242697123867417,-6.072065680463184
20.0,60.0,True,0.17344270450945923,0.08826831704030946,0.3362647254469923,0.09501855631786896,-6.212268944746717
20.0,61.0,True,0.1972249131714393,0.10776231688216538,0.407720099804599,0.4655452011795479,-5.515727369827316
20.0,62.0,True,0.18038711466119062,0.08161892207909559,0.3604402823007591,0.24225482173041613,-5.919803420092506
20.0,63.0,True,0.11861419653588294,0.0826818086907747,0.2830025144637171,0.28335604763692085,-7.946491125919115
20.0,64.0,True,0.19737181392964437,0.10713524033566288,0.4272374028978873,0.1341198304374356,-5.402576246763133
20.0,65.0,True,0.1836599044878481,0.09555620550871512,0.3295423496525893,-0.12132008963421057,-5.701848125673014
20.0,66.0,True,0.15821921375929918,0.07959704017978712,0.2976922982304055,-0.22919132270778056,-6.357994417489441
20.0,67.0,True,0.23034228395505707,0.09626682206783423,0.3913602272242737,-0.3718100657861534,-4.5959156921706175
20.0,68.0,True,0.19962783405472723,0.1171553012087206,0.386826757914022,0.19971185614885636,-5.36755128509695
20.0,69.0,True,0.13133864263277437,0.10089931768308999,0.4465180604159436,1.1684180653200735,-7.822708062736825
20.0,70.0,True,0.17791569406525104,0.15991732802975173,0.8113070440755146,1.9842653607389154,-6.057822309113926
20.0,71.0,True,0.23046951158321402,0.10309201424221745,0.3976818527526892,-0.3882848890286217,-4.206498336869538
20.0,72.0,True,0.185313770131498,0.16828551500508862,0.5668414125846392,0.9328385849313011,-5.903237571080397
20.0,73.0,True,0.18737488903228858,0.11211528684273012,0.3821360715902303,-0.020361278051413884,-5.684569953178668
20.0,74.0,True,0.12161519987318159,0.08400052985201432,0.314271875039647,0.4598352011564197,-7.562831948453247
20.0,75.0,True,0.16665117196563806,0.09992175770774016,0.3296778454644434,-0.18139358352440013,-6.201896976146946
20.0,76.0,True,0.11936115100591774,0.07166714323126787,0.2875951338034597,0.5715234752547687,-7.759388816620674
20.0,77.0,True,0.2606009706693924,0.10995393318277191,0.4643294978730847,0.3160409233442697,-3.239567997238698
20.0,78.0,True,0.17514457230551314,0.10773100602313905,0.4297413645921971,0.40895203582673567,-5.855431829983991
20.0,79.0,True,0.26743481378928685,0.23092035572681094,0.8547507557453724,1.063658709184142,-2.7423540844576424
20.0,80.0,True,0.25143514827404984,0.1351817902843173,0.5483585419931243,0.1640271200406154,-3.6446136592729483
20.0,81.0,True,0.3234721883856178,0.21211541015249175,0.7227388459855989,0.2060570689400493,-1.1280643989413122
20.0,82.0,True,0.29871528010052845,0.14676776962635849,0.5897684958875125,0.2967446144925083,-1.78979631101971
20.0,83.0,True,0.24299651427193766,0.13301524343421958,0.4935443050592999,0.1972897514287042,-4.067779646449322
20.0,84.0,True,0.33237676645496306,0.17723962556262754,1.0662070294484292,1.947176492854526,-1.4800058730592485
20.0,85.0,True,0.39173298720363037,0.12825718813329087,0.6588373650252966,-0.3422924283487199,0.8659791856145604
20.0,86.0,True,0.20863058558948536,0.10448836206390318,0.43134253735491,0.23859595288582142,-4.794263118147453
20.0,87.0,True,0.25793373353290305,0.16366317158895702,0.6839739192166919,0.9699157390688022,-3.084024746001095
20.0,88.0,True,0.5239770281196738,0.19715259170737584,0.8764743334444962,0.184085630202188,5.323696296835676
20.0,89.0,True,0.179987143037878,0.11163708824462196,0.3639954851913194,-0.0709268535272942,-5.675499338854599
20.0,90.0,False,,,,,
20.0,91.0,False,,,,,
20.0,92.0,False,,,,,
20.0,93.0,False,,,,,
20.0,94.0,False,,,,,
20.0,95.0,False,,,,,
20.0,96.0,False,,,,,
20.0,97.0,False,,,,,
20.0,98.0,False,,,,,
20.0,99.0,False,,,,,
20.0,100.0,False,,,,,
21.0,1.0,False,,,,,
21.0,2.0,False,,,,,
21.0,3.0,False,,,,,
21.0,4.0,True,0.013395839736298508,0.026884066410507064,0.0895151229147886,1.8395502046312253,-11.217579210678954
21.0,5.0,False,,,,,
21.0,6.0,False,,,,,
21.0,7.0,False,,,,,
21.0,8.0,False,,,,,
21.0,9.0,False,,,,,
21.0,10.0,False,,,,,
21.0,11.0,False,,,,,
21.0,12.0,True,0.1275762771009648,0.1000860142551302,0.3479044215436679,0.35285964468272313,-7.306889427219851
21.0,13.0,True,0.2881586106682425,0.11615854799126916,0.6783980485949764,0.9365809616010199,-2.894215296778107
21.0,14.0,True,0.2816525855099013,0.1539140957444826,0.5595486172786375,0.017306984217258986,-2.158429405620104
21.0,15.0,True,0.3074218466910146,0.07654745384655566,0.4416282234994416,0.020019486363780307,-1.725911931146749
21.0,16.0,True,0.3635267637109119,0.17999178740753846,0.6491890994959699,0.0916828333998112,0.3111269834014886
21.0,17.0,True,0.38999051681905533,0.22192229099030147,0.7382808521169597,-0.16738084904235745,0.8364220810772917
21.0,18.0,True,0.3815572210888689,0.13591185640476072,0.6482160836633837,-0.20078885074269373,0.6284205977266268
21.0,19.0,True,0.29525348045966177,0.10808294788451916,0.5034072443970108,0.19353342050096803,-2.3727529642445204
21.0,20.0,True,0.35177732541003265,0.1950504868561553,0.7721838598794692,0.2264642022868061,0.18242051696275086
21.0,21.0,True,0.30439351707446277,0.08505501733972062,0.5063994312253511,0.39904577933258145,-2.0027582391389314
21.0,22.0,True,0.2625487899320309,0.15734254260480068,0.7866894149991498,1.0224610192743138,-3.532904750242285
21.0,23.0,True,0.3315848518450446,0.11408535002286267,0.6069074291098661,0.6135365169189696,-0.7609884890081912
21.0,24.0,True,0.40708121555260185,0.18521754046028677,1.0147502231064909,0.8989897216662693,1.3506392896288761
21.0,25.0,True,0.2733029572367727,0.14175626401067593,0.6114051894881918,0.29497915320135837,-2.437891495427964
21.0,26.0,True,0.23391415306975163,0.1359204096486965,0.49426383918915,0.13557850958483994,-4.086401902235049
21.0,27.0,True,0.3162782137098927,0.23862094769485173,1.195954923453295,1.6698747109736405,-1.7911723369122567
21.0,28.0,True,0.38446922505224584,0.14828767859667014,0.5866198852730549,-0.5183590356754096,0.3599473033990558
21.0,29.0,True,0.323904672518649,0.15445344406078876,0.5824668690035059,-0.0495342976497439,-1.2613938493802446
21.0,30.0,True,0.3440245788197156,0.1965385685973834,0.8182639660538465,0.46364213253469466,-0.37472342847269396
21.0,31.0,True,0.18589875687387797,0.11525795431449881,0.3887211059841191,0.21419518030317186,-5.4239347197050805
21.0,32.0,True,0.2823059556904377,0.11954067677071994,0.6166425184961196,0.25901815186300675,-2.6719834876648227
21.0,33.0,True,0.20989883938540085,0.10791828877475379,0.51330103638164,0.954639914371938,-4.776889786402864
21.0,34.0,True,0.23391754215591526,0.1571513850419636,0.5158148762255725,0.20999560352832658,-4.261196680066826
21.0,35.0,True,0.26901991770935135,0.11840571151935596,0.4867983885564411,-0.14923820374273325,-2.881894502320306
21.0,36.0,True,0.2478917751219921,0.09548996373905082,0.447060466796964,0.1408421652320918,-3.5956434626783667
21.0,37.0,True,0.22898551455786306,0.12903446010449882,0.4108008068936574,-0.3409764164364522,-4.3238355684469365
21.0,38.0,True,0.2675389284932865,0.1561633200660759,0.6270605431123089,0.812016199913823,-3.364335263647419
21.0,39.0,True,0.3207204483772479,0.14720808915656497,0.5932236932471818,0.21823245520987175,-1.1033589794991703
21.0,40.0,True,0.2672828558270297,0.14647608444113647,0.5604286296288217,-0.07301618456049515,-3.257543196983834
21.0,41.0,True,0.291644347053151,0.12948343554353237,0.5757350347455735,0.23932120709864158,-2.4771774674670417
21.0,42.0,True,0.1873497836106078,0.16564390930433368,0.7757170165158541,1.302627160457664,-5.715792121424543
21.0,43.0,True,0.22126256725766674,0.10125749787053996,0.4772711362164256,0.7531387915162051,-4.469008091376069
21.0,44.0,True,0.1898228446519988,0.10078875795233352,0.4221625889590548,-0.11494403385295447,-5.819919686374569
21.0,45.0,True,0.238090909907148,0.14511634916057262,0.4980284310787662,0.17191655307005338,-3.956573086033422
21.0,46.0,True,0.16515187922600433,0.12571601772357302,0.4871602871530431,0.7765346856394769,-6.402275171510998
21.0,47.0,True,0.11525648448244911,0.1371369347939568,0.4418152123240887,1.082538537291226,-7.72498754532951
21.0,48.0,True,0.18876281892508323,0.11062407786057438,0.4171265185705106,0.15996344837257673,-5.64318132882978
21.0,49.0,True,0.13882875324868882,0.10217425743397304,0.3956354901011083,0.7094408647915714,-7.083849296884009
21.0,50.0,True,0.18790968099491556,0.1603715910987829,0.6264785972305029,1.080009742260754,-5.265223596012469
21.0,51.0,True,0.13452275464073188,0.09118189092672253,0.3291155731652581,0.2791863642603801,-7.448150085210294
21.0,52.0,True,0.23869493761653945,0.11950457565585346,0.5300235686466944,0.3085506863755314,-3.716937368700215
21.0,53.0,True,0.2462845433555748,0.10229921446161266,0.4568806975835227,-0.610100623718212,-3.9877902816569244
21.0,54.0,True,0.17975862807838666,0.13750275934027653,0.4885027191639874,0.598287707351922,-5.6269753937695866
21.0,55.0,True,0.16466034970288468,0.10926368849939555,0.4943725635530332,0.49247711743690503,-6.559561982487768
21.0,56.0,True,0.23404206708503825,0.12255214527816327,0.4509063757926416,0.06735306538550785,-3.8443310254227696
21.0,57.0,True,0.2633929111208098,0.1484341818765887,0.5696710861082669,0.11863527439676781,-3.397324115907018
21.0,58.0,True,0.08544956820219306,0.05883985150098651,0.2178794956675356,0.8311785704593199,-8.899460952622709
21.0,59.0,True,0.3229338389379029,0.15119627932657237,0.6785071828238172,0.5110197955702666,-1.1751129183120546
21.0,60.0,True,0.18847953911517096,0.09485147063520943,0.3602577261559712,0.44579793640296,-5.858412164046943
21.0,61.0,True,0.18134115115657512,0.1385735818379338,0.7231139595686713,2.0618668689809985,-6.280216820191863
21.0,62.0,True,0.1848097001476831,0.09120878021128685,0.4632489924111064,0.7619502081617312,-6.076418075562912
21.0,63.0,True,0.17333442971500673,0.1114293124327696,0.416791347114501,0.31942126932849957,-6.230386943568772
21.0,64.0,True,0.12638757482465754,0.12627977466565876,0.4131058212969802,0.8381713801897716,-7.445966260465528
21.0,65.0,True,0.18229450612876655,0.14146730870563554,0.4441873539797378,0.38393233523452325,-5.5752166620010355
21.0,66.0,True,0.2113227655653907,0.15952624863425255,0.5720925641198565,0.6397816434221376,-4.792382318469562
21.0,67.0,True,0.22916690979944776,0.16206392199807063,0.5624217479420011,0.28239807359271785,-3.9117240225107333
21.0,68.0,True,0.22183505824585278,0.09323832156958933,0.5663934604621091,1.0779595359436844,-4.736027925240456
21.0,69.0,True,0.24001661838319405,0.15203803440370853,0.5011977573853001,-0.008209146632128076,-3.9668461765723815
21.0,70.0,True,0.28352648662051244,0.1652011170714901,0.7195327623969696,0.9669349333428419,-2.784501720582221
21.0,71.0,True,0.19697379554693392,0.09463427269970813,0.4125771356717659,0.5696622578028749,-5.44024084798533
21.0,72.0,True,0.1562019405151967,0.11586522667642256,0.4204743166806443,0.18827504459709773,-6.706912437559981
21.0,73.0,True,0.13396779198417114,0.10786867204709492,0.5092280439335255,1.480979443606956,-7.689639591277742
21.0,74.0,True,0.20754798678480926,0.12368572741439977,0.4252883604888389,0.2699040696573263,-4.881298531042946
21.0,75.0,True,0.12419974059735134,0.07133036557224111,0.2751059142867191,0.4478071171489507,-7.542627486586324
21.0,76.0,True,0.2075032462534815,0.1236314067526236,0.4934821571730744,0.20693410771069995,-5.044671056671994
21.0,77.0,True,0.207479394289876,0.13268917854923012,0.5438833855536833,0.9378659676268498,-5.101166055247229
21.0,78.0,True,0.19510213953317182,0.1383942408017813,0.5992531533874332,1.4402608949769409,-5.341250399961917
21.0,79.0,True,0.18376373457596076,0.09770942355557864,0.3767237949099498,0.037983776810909906,-5.735849288744492
21.0,80.0,True,0.1562421173576009,0.08640159874800574,0.3742433299279086,0.9688201176394322,-6.630725620149442
21.0,81.0,True,0.19876882470387092,0.09886937646182133,0.3984796400010045,0.14341560415167814,-5.281648352954993
21.0,82.0,True,0.1307485894528164,0.08148762572472809,0.2686743801834506,0.17905968122985919,-7.224786292998931
21.0,83.0,True,0.32144113109231615,0.1867651363913656,0.7711346368446245,0.6851008973191222,-1.4550271733399742
21.0,84.0,True,0.3293274566688791,0.1327057829450265,0.7542199324263322,0.8184505228036766,-1.5560783822221913
21.0,85.0,True,0.5328263069194767,0.20945741553015032,1.1010353493225271,1.2287798575973528,5.761407203132315
21.0,86.0,True,0.46771297174954624,0.17757396280706111,0.9122797820380126,0.45417305537204583,3.4947792140331915
21.0,87.0,True,0.4285407581664871,0.15452599996039545,0.6734468721732313,-0.4344927963385979,2.408853920373091
21.0,88.0,True,0.34278135061074516,0.16840372466450965,0.7369469804341408,-0.06524371232216689,-1.1914797734026918
21.0,89.0,True,0.41347521678423865,0.18847838657161417,0.7335377311542236,0.10436455949201236,1.6107055334510707
21.0,90.0,True,0.0719140831159361,0.06237496798791643,0.2207997873123305,0.9810376570012254,-9.260550838577037
21.0,91.0,False,,,,,
21.0,92.0,False,,,,,
21.0,93.0,False,,,,,
21.0,94.0,False,,,,,
21.0,95.0,False,,,,,
21.0,96.0,False,,,,,
21.0,97.0,False,,,,,
21.0,98.0,False,,,,,
21.0,99.0,False,,,,,
21.0,100.0,False,,,,,
22.0,1.0,False,,,,,
22.0,2.0,False,,,,,
22.0,3.0,False,,,,,
22.0,4.0,False,,,,,
22.0,5.0,False,,,,,
22.0,6.0,False,,,,,
22.0,7.0,False,,,,,
22.0,8.0,False,,,,,
22.0,9.0,False,,,,,
22.0,10.0,False,,,,,
22.0,11.0,True,0.10247797924433562,0.06644260036533058,0.2296158701895299,0.35851352800338265,-8.204941517413603
22.0,12.0,True,0.2757484714165784,0.13161008639483368,0.52387855425266,0.39424254910996376,-2.8396039113812646
22.0,13.0,True,0.2906750671922525,0.13573725935537406,0.6274992753780644,0.9638307793829481,-2.0297541705780153
22.0,14.0,True,0.36922240024550407,0.1805014835433237,0.6843631604047398,-0.11407444293550299,0.3283176815887193
22.0,15.0,True,0.3575865698266862,0.11482941598298299,0.5566381836558458,0.1766525231325135,-0.16894772128514168
22.0,16.0,True,0.21254926722767903,0.12016000321436032,0.4483628650178359,0.14505860179091004,-5.110415564333725
22.0,17.0,True,0.4013712332998256,0.30092132588186515,1.1785415173244336,1.2416154259912544,1.841448533587097
22.0,18.0,True,0.4374703073830828,0.24509136916839772,1.055394264102054,0.9293224206223218,2.4730319296911976
22.0,19.0,True,0.39928218525176806,0.17194086808927825,0.8402967059392971,0.4786423535774608,0.7146836260077725
22.0,20.0,True,0.4344798163501065,0.14218605324683659,0.9020753341032868,1.1821993738953638,2.0830713909000544
22.0,21.0,True,0.2735928986653876,0.11891200826332379,0.5526257341069127,0.47643783840417236,-3.2810224189187784
22.0,22.0,True,0.49330623081460034,0.16506086964222447,0.7931618807498835,-0.024095017540470554,3.992960787118979
22.0,23.0,True,0.2449908113301314,0.10763047264818057,0.5501774704149944,0.9177300203170273,-3.596381508492878
22.0,24.0,True,0.38798096599441395,0.18260671521390046,0.6944557587997606,0.21967132175651716,0.8805398478961718
22.0,25.0,True,0.2581771439446727,0.11883939815936766,0.4757371027318872,0.15829282316497284,-3.305380491610164
22.0,26.0,True,0.2205068947232805,0.08133238584048824,0.3782654875827197,-0.3033557647754986,-4.604825414820316
22.0,27.0,True,0.24349805892133547,0.11680105221594424,0.4729505297391322,-0.1431488523631297,-3.9331816495766367
22.0,28.0,True,0.3272779510818478,0.11165548377428097,0.5679846278122842,0.37541016397052546,-1.3426273011551504
22.0,29.0,True,0.2972451006946538,0.13321726263937134,0.4938844683653476,-0.3848624377926318,-2.0630503746884448
22.0,30.0,True,0.3357341323332298,0.15330293466433165,0.6551441001187188,0.483410940150844,-0.5780910821226318
22.0,31.0,True,0.4245392798216096,0.1794263082476514,0.7806682651276603,0.3544971712243602,1.9170493617266375
22.0,32.0,True,0.29347086482182666,0.11208243615978167,0.5127371572185706,-0.19487086165715725,-1.9826295863287384
22.0,33.0,True,0.3156535305105469,0.2024651300201777,0.6618619722682407,0.16014704702464458,-1.4254479118245498
22.0,34.0,True,0.32399414700714724,0.13529122807427765,0.5049436739359612,-0.3948056899687803,-0.9654888288004373
22.0,35.0,True,0.3030786031103401,0.18234070057487606,0.7525304130430295,0.7567439155096943,-1.963113772239853
22.0,36.0,True,0.31646195986204245,0.21116707218372868,0.6825423098452982,0.1464839106178901,-1.7690081810483904
22.0,37.0,True,0.26921556346693193,0.11378086296089723,0.4579804465975188,-0.3446334352082752,-3.1803242119224464
22.0,38.0,True,0.1618326929891941,0.1055329090962088,0.367125199151977,0.12476295404858276,-6.524306935207458
22.0,39.0,True,0.35980947085570875,0.211150151450074,0.8334820185236216,0.4943822803103218,-0.5598291519338257
22.0,40.0,True,0.22614739862284566,0.18593034392404023,0.7086035371221152,1.144580366280852,-4.774601052360039
22.0,41.0,True,0.31917375899814526,0.1241563602954049,0.6169466867397913,0.2734301277593882,-1.36210903824565
22.0,42.0,True,0.2377969032457863,0.11794741242933608,0.4852736766734362,0.43989827053068253,-4.155673975539806
22.0,43.0,True,0.3464653492819829,0.13636895816016933,0.6750609452768513,0.0617638606413594,-0.8132153114215515
22.0,44.0,True,0.15596552502391156,0.13028261805744437,0.4513738333999427,0.8018789940129953,-6.520612393403913
22.0,45.0,True,0.21182066804024016,0.106153759539563,0.4043481438527431,-0.1431576497032908,-4.860703870690326
22.0,46.0,True,0.22339683975529517,0.15198746001120925,0.6463250309200794,1.206961910745435,-4.551646833345559
22.0,47.0,True,0.21287918260071895,0.09515267427620365,0.4182490482101581,0.39550369229571475,-4.661851304576248
22.0,48.0,True,0.17329483269407467,0.1076275394831901,0.3949730349808893,0.2021465973425453,-6.0325183328017635
22.0,49.0,True,0.12731649401757494,0.10774233832703362,0.3874997269000857,0.7823420595550258,-7.8000254987557724
22.0,50.0,True,0.1958690657017043,0.12813516879123457,0.4220435482837606,0.4080638750258935,-5.7708940836006475
22.0,51.0,True,0.1838996971325587,0.16148248009298516,0.8483249390011737,1.9990662372645687,-6.2709281193325195
22.0,52.0,True,0.07003878777217937,0.05742000904561637,0.1811823937011276,0.5054260652143147,-9.425735075692883
22.0,53.0,True,0.15191541497579908,0.08965310588307943,0.3351252863926237,0.22301991312476538,-6.520284370220603
22.0,54.0,True,0.21781697274446024,0.13429156524938524,0.4749634561069231,0.2115950773533121,-4.557599659281309
22.0,55.0,True,0.20175366218878815,0.1538124555224041,0.6263200768882545,1.096999939730399,-5.253732767163257
22.0,56.0,True,0.19678000053729158,0.1174574949621612,0.403612200337933,0.20217956396353706,-5.34711842180462
22.0,57.0,True,0.1883777941540998,0.13443528901412255,0.4379792421127162,0.26026878462450537,-5.790190326446454
22.0,58.0,True,0.16003054664103378,0.0837961570211192,0.3159625706282848,0.13613318752332962,-6.495051104334052
22.0,59.0,True,0.23861235999403194,0.09952916633088482,0.4563010229633874,-0.08024243076329458,-4.1094869489977235
22.0,60.0,True,0.24712257191853637,0.11458507213097595,0.5019423936183856,0.4688447616206593,-3.7168916488975317
22.0,61.0,True,0.2043529525786613,0.07356729347500196,0.3708947767732434,0.10861857291745647,-4.9142741974001165
22.0,62.0,True,0.2756006042702971,0.15521563888779316,0.5917462703492867,0.21034350247370234,-2.6874552855519163
22.0,63.0,True,0.30885476688453506,0.17606102333686302,0.6235167706369943,-0.019192788704614175,-1.3403727126800429
22.0,64.0,True,0.21671926994580315,0.10867823039944434,0.4790142774661468,-0.06161587133607853,-5.042877071014637
22.0,65.0,True,0.2388443896396434,0.11806258478828191,0.4166224353208144,-0.1277180392393124,-3.987608650569722
22.0,66.0,True,0.16217877399391584,0.11813824190498719,0.3960129833892282,0.2975761042831633,-6.093866742503131
22.0,67.0,True,0.21724460488831876,0.08901126349088946,0.3795095821905391,0.2550525317005119,-4.777859714893389
22.0,68.0,True,0.12386904791760796,0.09659237555380036,0.3249915464353468,0.3529335521381481,-7.518144091730314
22.0,69.0,True,0.2993714927325158,0.12570852708981936,0.6799032655020183,1.0036411412425508,-2.3447913293750466
22.0,70.0,True,0.17837304678952237,0.1233862452367594,0.4548836144775519,0.3943082729940268,-5.780073087118763
22.0,71.0,True,0.23446762009652994,0.12696639832604187,0.4475640349870995,-0.4931555379474842,-3.862203615518551
22.0,72.0,True,0.12084487391921851,0.11101943407828324,0.3424077138637513,0.7690397350269715,-7.595695366308742
22.0,73.0,True,0.22079243017542727,0.14044401037913823,0.5596344257910103,0.5194404495233709,-4.886050606646045
22.0,74.0,True,0.16063225089048483,0.10447769509590096,0.3762247930882246,0.3127397417723551,-6.676516167505296
22.0,75.0,True,0.13765986274274658,0.10786588307016601,0.4027380363176666,0.8794676083981275,-7.457403994501898
22.0,76.0,True,0.2356855809137382,0.10105231360658827,0.4524708007066112,-0.22361477868319538,-4.041210656246631
22.0,77.0,True,0.1459285591016309,0.10906586955709852,0.4281003561828694,0.8213053762823446,-6.855843619037083
22.0,78.0,True,0.2224166431474325,0.13471919214445285,0.4333731680138986,-0.19892478449388165,-4.771049211063102
22.0,79.0,True,0.09472333303813284,0.05946491710587767,0.2034736956316053,-0.10008714918325463,-8.712310730435524
22.0,80.0,True,0.19751659925545326,0.08786721371227138,0.3589835326636838,-0.01673279276189965,-5.259178912706738
22.0,81.0,True,0.28157101519597116,0.12807773970822223,0.5763243037711123,0.16505933921703647,-2.7494522074479315
22.0,82.0,True,0.21542870879428788,0.08366276598430887,0.4052390753698831,0.5140475976270672,-4.799445241034673
22.0,83.0,True,0.2627305653608388,0.15185550210785,0.5072970876035194,-0.45494718875134293,-3.2206151713986015
22.0,84.0,True,0.3549475206177438,0.18136479663401667,0.7896831271418555,0.718824782908936,-0.5127325256997398
22.0,85.0,True,0.38030747746338384,0.08584896169523897,0.6142065707841051,0.6303209350851874,0.2944350786381885
22.0,86.0,True,0.5867127310538267,0.2671992757297447,1.0743120402759812,-0.12869988674733146,7.140418087899138
22.0,87.0,True,0.45396861691236107,0.1899024095294386,1.0442513559768072,0.9285306896325818,2.2411011678063906
22.0,88.0,True,0.30877915104138454,0.09907788488009665,0.496677670665944,0.0173360623322685,-2.0458357389332966
22.0,89.0,True,0.4189027294834385,0.14552450814502577,0.7064272468066918,-0.390504309887856,2.0620686440812914
22.0,90.0,True,0.31824956757155476,0.14300066428201813,0.8782553614491208,1.594447643293151,-1.603318724129565
22.0,91.0,True,0.0209263162471231,0.021995443495807322,0.0753647722334712,1.0874377169013254,-10.946814466072341
22.0,92.0,False,,,,,
22.0,93.0,False,,,,,
22.0,94.0,False,,,,,
22.0,95.0,False,,,,,
22.0,96.0,False,,,,,
22.0,97.0,False,,,,,
22.0,98.0,False,,,,,
22.0,99.0,False,,,,,
22.0,100.0,False,,,,,
23.0,1.0,False,,,,,
23.0,2.0,False,,,,,
23.0,3.0,False,,,,,
23.0,4.0,False,,,,,
23.0,5.0,False,,,,,
23.0,6.0,False,,,,,
23.0,7.0,False,,,,,
23.0,8.0,False,,,,,
23.0,9.0,False,,,,,
23.0,10.0,True,0.012234921490968474,0.026177580967041626,0.0896467378634898,2.0512405836332332,-11.212530879639043
23.0,11.0,True,0.231277309459137,0.14034132093297033,0.4930374833944665,0.06252189248168158,-3.935865846144019
23.0,12.0,True,0.3325872951003615,0.13756834253668848,0.6247534171481675,0.17052253461681677,-1.108781841679499
23.0,13.0,True,0.3644327892124215,0.11342391552359646,0.621524176853869,0.09341361790262549,-0.019386957973371914
23.0,14.0,True,0.44932745002779284,0.24242324404875462,0.9254988143153016,0.11052855981978066,2.974207129013566
23.0,15.0,True,0.45967214932659844,0.15963330677517631,0.7890230870984428,0.21728780506895493,3.0678166078320572
23.0,16.0,True,0.35814916352764387,0.19658173631569947,0.7593082165870172,0.02924602729536117,0.3676346486407853
23.0,17.0,True,0.4810953670524408,0.2508389402869509,0.9005952581165928,-0.19286698684732814,3.935671692747261
23.0,18.0,True,0.4525649291623085,0.14001910098687195,0.7155308459845098,-0.16957911013976712,2.669444630152115
23.0,19.0,True,0.43729749716134536,0.17994681091822534,0.9027002498760264,0.45105946396067137,2.5266439904802027
23.0,20.0,True,0.5217636894051207,0.08973254436266621,0.741229078514287,-0.024887940674390815,5.284119080630673
23.0,21.0,True,0.34683272219704336,0.1773822517495392,0.6823164532727377,0.16561349429653788,-0.8275778761060965
23.0,22.0,True,0.3556384417173355,0.11621062210139795,0.5453080974882527,-0.21177308719140522,0.06566830422403443
23.0,23.0,True,0.29130382626434664,0.1325051938887444,0.602806012459109,0.3791941446039258,-2.2592095426277994
23.0,24.0,True,0.2744189894985299,0.14035452961857972,0.5394912936125208,0.36435778032428445,-2.6791324221006514
23.0,25.0,True,0.24318778541833666,0.17684809040906185,0.6067795978310446,0.5285009876461331,-4.021134170923509
23.0,26.0,True,0.21363775193629536,0.10869099706276736,0.4375657972787912,0.13164514431965457,-4.510617997571933
23.0,27.0,True,0.2948339111096299,0.13319810164157217,0.6005122380738523,0.07858141754260786,-1.7961369928543256
23.0,28.0,True,0.28237709780033143,0.1667393946939294,0.6462668175659944,0.49304569364471806,-2.2447914703239986
23.0,29.0,True,0.3792571934829219,0.20324679169532558,0.8447029132997769,0.5464991018328061,0.6417597238345407
23.0,30.0,True,0.3052256862358946,0.12459365649266477,0.4950499873132762,-0.46909727561910936,-1.9858944157721843
23.0,31.0,True,0.4360568139393691,0.22753001907768045,0.8110296880864084,0.10985314432766724,2.4028064053021345
23.0,32.0,True,0.3011838812388687,0.18624173384434614,0.6593465644891016,-0.07429304522312151,-1.5918618938418359
23.0,33.0,True,0.2917028977508407,0.13154786425663462,0.6132258253368883,0.9231432084319133,-2.521083610686648
23.0,34.0,True,0.1993581227326192,0.1305666814283369,0.6043534784267092,0.8497984551840275,-5.757605386400768
23.0,35.0,True,0.34867717204738613,0.16689318450719426,0.7469809538686908,0.3029868628804585,-0.739700113259707
23.0,36.0,True,0.4153834397604945,0.20877043904063608,0.7611037764626202,-0.0764511763133771,1.831991971032502
23.0,37.0,True,0.29509832581216444,0.17078466875841947,0.6947226158181165,0.8103159884839543,-1.7685485547066646
23.0,38.0,True,0.23867069803133453,0.1428980698468185,0.5773299193212401,0.5318824791211034,-4.2836915443687955
23.0,39.0,True,0.3248118164179999,0.13680946729459206,0.5965868888976062,0.26740823299594907,-1.0680168498070104
23.0,40.0,True,0.30574945974692774,0.16704976054109705,0.6774792996171373,0.38570228317908317,-2.0334321696010336
23.0,41.0,True,0.3277861029187231,0.16490142919088935,0.7018141043511215,0.29756630548470736,-1.2117689328135446
23.0,42.0,True,0.22072012730415252,0.11465041814589516,0.4349509575786383,0.16058811430718523,-4.34226532278731
23.0,43.0,True,0.16631473167184077,0.14027398389387727,0.5172641543461947,1.0090637827928262,-6.355956365526013
23.0,44.0,True,0.1725415767161331,0.08912374562037567,0.3195940135848441,-0.02960151645083332,-6.07627893326615
23.0,45.0,True,0.26395444724991346,0.12677810827471656,0.4880172120231407,-0.22220531813656721,-2.909204348317737
23.0,46.0,True,0.14228400460538737,0.0800621915606297,0.2840636342805956,0.23028765704271548,-6.989961907428833
23.0,47.0,True,0.169453170269699,0.12355705393454451,0.4520851823398575,0.6065381636387922,-6.221273866059987
23.0,48.0,True,0.18518829826035768,0.07700053363869015,0.3930510716831792,1.0228809358806652,-5.706066308694371
23.0,49.0,True,0.179115458958902,0.10318374995627012,0.375780304184428,0.06153021907008867,-6.094379297994833
23.0,50.0,True,0.1041622041833946,0.06297014510906368,0.2355562613985428,0.5555488170778604,-8.341323713502836
23.0,51.0,True,0.1815249344003693,0.13588208567574847,0.5345920784488121,0.9506541588378727,-5.637332375725886
23.0,52.0,True,0.1974463893253793,0.09906494788370668,0.3994302938288025,0.2281169386220349,-5.1716775819190195
23.0,53.0,True,0.1490392293235238,0.07535565715862116,0.2761697741016017,-0.17588000904491746,-6.9431652036435265
23.0,54.0,True,0.16780155314380396,0.13592209225069102,0.4791770640554184,0.4583285148866039,-5.931281740506418
23.0,55.0,True,0.26300148173020427,0.156196397948598,0.5897312157159973,0.3115319981625248,-3.4188442986206597
23.0,56.0,True,0.2596264644642912,0.19140106919449207,0.8112530124940835,0.6881232346699272,-3.656548670994952
23.0,57.0,True,0.18559659644628923,0.08330883001639156,0.4498027563468153,1.0142381642375522,-6.057163323089905
23.0,58.0,True,0.15369659221660942,0.09813039930675162,0.4042477202080439,0.8065122445228459,-6.749266674228861
23.0,59.0,True,0.20441906572756374,0.12160953755601617,0.463372356395578,0.5018554186014003,-5.299663737558533
23.0,60.0,True,0.201433693304273,0.10945693148957755,0.4733836330751178,0.4157194625983689,-5.159524873672308
23.0,61.0,True,0.23632126745053986,0.14631999136208565,0.6081241669225806,0.747541459049557,-4.361391605458794
23.0,62.0,True,0.17700861259293288,0.10842539857767429,0.4774587711170523,1.1858777379220027,-5.785017730741312
23.0,63.0,True,0.31390172767719043,0.17321924318852128,0.737067970569544,0.7790560502663738,-1.5601042104955325
23.0,64.0,True,0.2718166851565993,0.09002954813866676,0.4256359152090902,-0.27762893339670375,-2.8729607182109387
23.0,65.0,True,0.23144745530945238,0.14939623094503765,0.5813987426567727,0.13968830872855786,-4.415645599470696
23.0,66.0,True,0.1572428703953667,0.16257577322511724,0.5729808110061771,1.3861376343764327,-6.500523614311077
23.0,67.0,True,0.24072069496894138,0.10069300022396306,0.5369446958075121,0.068044450464726,-4.024494969140435
23.0,68.0,True,0.19678213092759425,0.18266674511888187,0.698463156833425,0.5387400706367254,-5.268663722150126
23.0,69.0,True,0.24326701950306506,0.1143029677647069,0.4152220765046854,-0.2800266583724128,-3.606372469693417
23.0,70.0,True,0.14726666646989578,0.1261472709592562,0.4891533947215457,0.8598403399138072,-7.17099354134795
23.0,71.0,True,0.17442843032088276,0.07389846906782004,0.3352938257891278,0.04898054287200919,-6.002990340484502
23.0,72.0,True,0.16871665111376985,0.09319268525550693,0.4337044923217449,0.48447456749573564,-6.347224833824258
23.0,73.0,True,0.1952141893010857,0.14959480270447206,0.5439656563729066,0.7181029664662119,-5.347156441304791
23.0,74.0,True,0.13591951390873705,0.07780206233153451,0.274038437448412,-0.09127949453993224,-7.06588826230239
23.0,75.0,True,0.10479100160783575,0.090474067704124,0.4010628192766286,1.343245943894772,-8.338095345341825
23.0,76.0,True,0.12257306793907753,0.06299619850354592,0.2940441843381753,0.8267543640291076,-7.535541994753031
23.0,77.0,True,0.15525890114476742,0.14640574562444456,0.5152070848885947,0.9657715123796241,-6.340661128416752
23.0,78.0,True,0.2004831992684192,0.1386426578646677,0.5662218046502031,1.208826707733254,-5.252266590415279
23.0,79.0,True,0.22156791161104447,0.09376292541748435,0.4631960638711932,0.30604839106172493,-4.745659144386548
23.0,80.0,True,0.10240753329143441,0.09517067559520526,0.3065568137137582,0.4657207823563509,-8.122234088353748
23.0,81.0,True,0.16599787618868936,0.06778158600579763,0.2954298618807094,-0.17606991702746994,-6.278943842628476
23.0,82.0,True,0.2327221300245508,0.1261098339738205,0.4881996520655131,0.5077318817487539,-4.043435565605632
23.0,83.0,True,0.23310710295372974,0.1277481617619723,0.5137453675080619,0.15374692120977734,-4.143513250989306
23.0,84.0,True,0.35413617092833133,0.3097015620351708,1.098020421257456,1.2073536312408846,-0.8679714913285659
23.0,85.0,True,0.4642689424486703,0.1710416582801914,0.9186903024311588,1.1280059618231175,3.1506323323450927
23.0,86.0,True,0.5080591761476545,0.15378658847433013,0.819887013606089,0.2714632290631388,4.733005039102899
23.0,87.0,True,0.46897583051285413,0.18298503068082309,0.9695699689960784,-0.031150906844606578,3.0375296917511054
23.0,88.0,True,0.49411394889275717,0.19011191034676728,0.8246441786387456,-0.014665647982031235,4.114098037701744
23.0,89.0,True,0.42797110233068797,0.12331495667937237,0.6899626269656011,-0.02645458090691033,2.3279611814038144
23.0,90.0,True,0.48220452443536516,0.21632245115791018,0.989852393740383,0.5472788974914979,3.885752966348186
23.0,91.0,True,0.3078578266143191,0.16460621536846745,0.6377345232515297,0.5715971442667985,-2.250827974664432
23.0,92.0,False,,,,,
23.0,93.0,False,,,,,
23.0,94.0,False,,,,,
23.0,95.0,False,,,,,
23.0,96.0,False,,,,,
23.0,97.0,False,,,,,
23.0,98.0,False,,,,,
23.0,99.0,False,,,,,
23.0,100.0,False,,,,,
24.0,1.0,False,,,,,
24.0,2.0,False,,,,,
24.0,3.0,False,,,,,
24.0,4.0,False,,,,,
24.0,5.0,False,,,,,
24.0,6.0,False,,,,,
24.0,7.0,False,,,,,
24.0,8.0,False,,,,,
24.0,9.0,False,,,,,
24.0,10.0,True,0.24426313939581382,0.1677955537791723,0.5243997732866978,0.08900068919032951,-3.6474476747631357
24.0,11.0,True,0.23179271116447026,0.16669176029564606,0.6694491951914178,0.9017171367582617,-4.23982925828501
24.0,12.0,True,0.2944123314783345,0.11265047011295547,0.613148270297838,0.6866288603130832,-2.478477269276908
24.0,13.0,True,0.392004559827534,0.19858013302676555,0.6958394255334639,0.017165717644844883,0.492195199473642
24.0,14.0,True,0.299275758918549,0.1535463794021698,0.5273321510973127,-0.3852617183359303,-1.823453753523491
24.0,15.0,True,0.32888588311165057,0.13736333780760746,0.5941501157896352,0.24396301367645895,-1.1214866289166912
24.0,16.0,True,0.3199313416844863,0.10615522226204781,0.6045158025734507,1.0797768306450857,-1.4485384133804644
24.0,17.0,True,0.34862236747516995,0.18400106417566692,0.6303461614076694,-0.12388622347114592,-0.6210661434900533
24.0,18.0,True,0.4110708669222336,0.15940290072529437,0.7875177338054291,0.43008070696382894,1.4120789603825874
24.0,19.0,True,0.4698856050219709,0.21728277459225073,0.9642100433420212,0.21620127273016906,3.4538446301292103
24.0,20.0,True,0.39545718112980255,0.22666202847189448,1.2359631265595703,1.3343619881138287,0.4698336541898934
24.0,21.0,True,0.3838401406504407,0.1437604288345013,0.7303810824833399,0.7231155886167756,0.5006640987121432
24.0,22.0,True,0.24895625957704393,0.15607528561768977,0.5556018229366751,0.49362400324942923,-3.9144399368173
24.0,23.0,True,0.3318582303945279,0.13077696262756,0.8459847837233005,1.3217896850441344,-1.002369935337551
24.0,24.0,True,0.2985220499107614,0.124067670251514,0.6776924168514489,0.7593186882674363,-2.400858223723332
24.0,25.0,True,0.3114493096865381,0.17202501261691527,0.608394796610202,0.5051994850554736,-1.1889288714259973
24.0,26.0,True,0.3132002485689965,0.15595245028309293,0.6035984390307589,0.27145859180722215,-1.3443842754367528
24.0,27.0,True,0.31677023187090586,0.1917047224712623,0.8661428462254771,0.7575549186479914,-2.2983648421544647
24.0,28.0,True,0.3335954739857286,0.17892003165524256,0.6129274049836029,0.15694785164392902,-0.735024579242894
24.0,29.0,True,0.37724277257664884,0.19434774633753424,0.724320693621127,0.04396803018375878,0.5537258849891604
24.0,30.0,True,0.34628402085911403,0.12236883582284407,0.569396243364968,-0.5066743996523969,-0.5982560091912488
24.0,31.0,True,0.29806988561403175,0.17695973153277017,0.8133542550921224,0.5690766027462024,-2.5302972814700198
24.0,32.0,True,0.2975471740108631,0.13819588472190666,0.5728304736477153,0.30190697531776717,-2.1419222317990876
24.0,33.0,True,0.3986123515207171,0.2592795626702028,0.9939222259978842,0.784011583222906,0.790799992840578
24.0,34.0,True,0.3327768789248481,0.19269622504357206,0.8640381539661192,1.1069859751127196,-1.0231895945126914
24.0,35.0,True,0.35603748966983506,0.16565081064977188,0.6672215030537738,-0.2525887225044063,-0.17205531187564543
24.0,36.0,True,0.4493055230829223,0.15246840791738853,0.6741319787047299,-0.3109620267233013,3.0355035780987025
24.0,37.0,True,0.24695828851145207,0.11323639571763978,0.482443078938071,0.17470988924570854,-3.9942360316851198
24.0,38.0,True,0.2963917790494169,0.1735464722373081,0.5989717948956107,0.2799616933780669,-2.2817392561659213
24.0,39.0,True,0.3135895708350109,0.11554495324121129,0.6591741234441069,0.6649245224035656,-1.741373770295002
24.0,40.0,True,0.23639607868918847,0.1688630220531754,0.5464323427569431,0.3170532502458228,-3.8068086852150245
24.0,41.0,True,0.25279603092600267,0.07176592903880695,0.3766440215247186,-0.6583156247360367,-3.5173516938810585
24.0,42.0,True,0.3616159452600141,0.1713402764971299,0.6588306357609358,0.08130481190949217,0.3183958245135423
24.0,43.0,True,0.2600791214903106,0.13878148881611696,0.7433675263256898,1.384898167142415,-3.4505309586893533
24.0,44.0,True,0.19089196185519305,0.09996457791965059,0.368648744562893,-0.27624822098807156,-5.652432369151504
24.0,45.0,True,0.20889782704643553,0.12836948297926434,0.4839053602786398,0.9910517135855962,-4.836417302362926
24.0,46.0,True,0.218982438735299,0.1739767282982402,0.6521012924146811,1.1409446372156196,-4.2748318317089105
24.0,47.0,True,0.15920156472315114,0.056714550468249046,0.2498655191497589,0.1575314551034129,-6.454833544100672
24.0,48.0,True,0.12335554133318567,0.0872453043665955,0.3450737626889876,0.9258324196064535,-7.696898790872596
24.0,49.0,True,0.16799495555592722,0.11852405087160803,0.4333702726916505,0.3675048934326772,-5.968799229939438
24.0,50.0,True,0.18355721361026184,0.1616434782972776,0.7687365609753771,1.3683063807452363,-6.049880680587521
24.0,51.0,True,0.1368408075172091,0.11177029669836976,0.4209152774195251,1.0567336880267317,-7.331475043136636
24.0,52.0,True,0.13006285421628333,0.11126888832006171,0.4367650726247575,0.6883035384566725,-7.441590478247736
24.0,53.0,True,0.17718218024003937,0.1425974289590943,0.535247969256514,0.9673846850732812,-5.942135851285053
24.0,54.0,True,0.11624227827814476,0.08560424825994445,0.3053014941881609,0.04927068001037533,-7.839547466346962
24.0,55.0,True,0.20821706224562336,0.05470244210269971,0.3120301058478082,-0.5019504564735159,-4.8089985316223425
24.0,56.0,True,0.20267552818208745,0.15771225815086132,0.8260831081065193,2.1064084027108585,-5.371105160505497
24.0,57.0,True,0.25444744870469277,0.1346508236011777,0.5823171436673988,0.36296006120837626,-3.6375444910604116
24.0,58.0,True,0.2513637312802173,0.1374641930096428,0.5678061094542612,0.7911265753562523,-3.4422505267746875
24.0,59.0,True,0.2498530884043826,0.1254935567082193,0.5458412164008244,0.3886117101778483,-3.482719051911114
24.0,60.0,True,0.2067504622279369,0.0986514803939174,0.4310743653326487,0.5943405557663727,-5.008030451549607
24.0,61.0,True,0.20694089364626692,0.12035771481622193,0.469098700750044,0.644982262601658,-4.964727507623634
24.0,62.0,True,0.13654021398240807,0.08184572401959164,0.2937920121458511,-0.12692858367383997,-7.2863581130914215
24.0,63.0,True,0.2612953578528445,0.19000160754622286,0.8689347854282095,1.2133735057325064,-3.799551358446633
24.0,64.0,True,0.16506725602472308,0.09826665990168863,0.3440732894510022,0.14750904747129495,-6.038741339246369
24.0,65.0,True,0.17963593386726537,0.09730066939770664,0.443849860114182,0.548458381269645,-5.967199373349819
24.0,66.0,True,0.20812240393557283,0.10342904596403464,0.3893697300779905,-0.040373297518720645,-4.961052154082987
24.0,67.0,True,0.15978990763803974,0.1013225885909375,0.408562345944273,1.0434445818854863,-6.425742709172381
24.0,68.0,True,0.17516536388981596,0.12747121240501133,0.4803137257089352,0.6725367293315615,-6.045563673255142
24.0,69.0,True,0.243806357739833,0.10563232790569316,0.4814578586338961,0.4657674297125842,-3.567192937711008
24.0,70.0,True,0.23260973224350018,0.11295991353854418,0.4537441733766656,0.09743037998915312,-4.218062724991676
24.0,71.0,True,0.20780650345014953,0.0668499202243395,0.3470555608827378,0.3712693643507445,-5.008870122131262
24.0,72.0,True,0.1080359376787807,0.10908138737911675,0.3356965348318127,0.5953762681806967,-7.901657619022637
24.0,73.0,True,0.10782758286839719,0.07160587772705139,0.2677039541186788,0.3952156798494518,-8.00112661705738
24.0,74.0,True,0.09096843686251078,0.08401617691745973,0.2953233853420109,0.9193126686887734,-8.809417175049491
24.0,75.0,True,0.11630240693654127,0.08656405184405447,0.3318212667204969,0.7216114497321623,-7.99556796478761
24.0,76.0,True,0.17732097944727557,0.10533082756869319,0.3999671137244023,0.6307044548217001,-5.91689563903891
24.0,77.0,True,0.1915940234281346,0.09057898723556837,0.3644029783154964,-0.006712893078429031,-5.624886553729988
24.0,78.0,True,0.1873577919140941,0.1052183530127139,0.3959339080764145,0.412047936350463,-5.593853044474985
24.0,79.0,True,0.17495296703440844,0.06930582038922618,0.2980952226910592,-0.11641744954331472,-5.861355329807733
24.0,80.0,True,0.22496814817577887,0.13343621521444946,0.6830281833827796,1.2254934467116165,-4.723623792244797
24.0,81.0,True,0.18325803411668715,0.15827946910139576,0.5636637563584673,0.830076314064781,-5.772367171516611
24.0,82.0,True,0.3022293579381862,0.13908463222937048,0.7381422532930502,0.7418189565829979,-2.4230721752683153
24.0,83.0,True,0.36471851192412236,0.16666020512809077,0.7859031805575307,0.3781475718325307,-0.060592528783753964
24.0,84.0,True,0.2333087043104653,0.16281720543173786,0.6288134322957243,0.7269569673461053,-4.113471776822943
24.0,85.0,True,0.4017007315044007,0.11232828035612762,0.5842332637658226,-0.6362167528210476,1.389992454079095
24.0,86.0,True,0.47793439689508366,0.16167005801449377,0.8624389865447528,-0.22834574026177717,3.110588494788589
24.0,87.0,True,0.4709473378758,0.21426684522859885,1.0861785276316795,1.3245337067980636,3.2106911930075004
24.0,88.0,True,0.42899460395076644,0.1619902917495554,0.9395295884174149,0.23223260995677464,1.663608899065536
24.0,89.0,True,0.45653635860951475,0.14482192305557048,0.807169794283011,-0.018899776066379364,3.262999809575895
24.0,90.0,True,0.4057742146174312,0.17781384360076247,0.6964827186018601,-0.1840259055305102,1.2445765705999061
24.0,91.0,True,0.4547286677386635,0.18109033973791655,0.8420168936643598,0.386870632876504,3.1852922433796724
24.0,92.0,True,0.18341907626968798,0.10612685625556685,0.3584915864873422,-0.09101561033803605,-5.619367852958717
24.0,93.0,False,,,,,
24.0,94.0,False,,,,,
24.0,95.0,False,,,,,
24.0,96.0,False,,,,,
24.0,97.0,False,,,,,
24.0,98.0,False,,,,,
24.0,99.0,False,,,,,
24.0,100.0,False,,,,,
25.0,1.0,False,,,,,
25.0,2.0,False,,,,,
25.0,3.0,False,,,,,
25.0,4.0,False,,,,,
25.0,5.0,False,,,,,
25.0,6.0,False,,,,,
25.0,7.0,False,,,,,
25.0,8.0,False,,,,,
25.0,9.0,True,0.08510519139541757,0.059024348978244406,0.2574399296806379,0.4536788562597436,-8.909013616184588
25.0,10.0,True,0.3053660949431168,0.12530043244833933,0.5398484023505685,-0.299357405563593,-1.7446765908079627
25.0,11.0,True,0.29085123210900066,0.08175733933004425,0.4629703415555808,0.22984207599650738,-2.259105138259362
25.0,12.0,True,0.24683596936558277,0.11754230439164234,0.4670909758269476,-0.02937084311600321,-3.5003848019799215
25.0,13.0,True,0.40319457562717836,0.19736411930478914,0.7712574983056686,0.1630418839585606,1.2246597310578824
25.0,14.0,True,0.3233983408930014,0.11741609770025474,0.5158174157783694,-0.20796286121660582,-1.1947812104802182
25.0,15.0,True,0.3601476780699677,0.11079310200278397,0.6320849536006506,0.36856676447686026,-0.03348947893986735
25.0,16.0,True,0.39590938112057905,0.1948035711697725,0.8244424605999736,0.36031776291060075,1.3874410136033863
25.0,17.0,True,0.43630940348379293,0.16466943065798156,0.7074443536031492,-0.5693394358417814,2.6557404620786134
25.0,18.0,True,0.42999422200969906,0.2052921306862486,0.6946373667871188,-0.40170682356051957,2.6608301740453433
25.0,19.0,True,0.3346171599354706,0.20549029212104716,0.8908557751777131,1.0510313658731827,-0.954154044299997
25.0,20.0,True,0.3258819874496623,0.2648252951989701,0.989086690624875,1.0258707450265645,-1.0007426378456636
25.0,21.0,True,0.37080607516144515,0.20763435702478075,0.8429146939319202,0.6977576968600149,0.42581735751204686
25.0,22.0,True,0.39682045681235056,0.19757498423361392,0.903829973468352,0.7529703046368914,1.3467101378349118
25.0,23.0,True,0.38834983563945147,0.19511501918881027,0.7437970390395829,-0.2574238099954844,1.4453441364840451
25.0,24.0,True,0.3071283288901374,0.1987804152150608,0.902586376286141,1.7686350488805285,-1.7755883177864111
25.0,25.0,True,0.35571956999249765,0.16975078494440107,0.6739112942189066,0.06357565202707786,-0.30467893829515974
25.0,26.0,True,0.32363267232570325,0.1367479126093394,0.6189718502795114,0.19321957831968117,-1.5883745901569135
25.0,27.0,True,0.2686803116951852,0.14158266034714143,0.4508823248896346,-0.636284183611946,-2.597472180513847
25.0,28.0,True,0.3193014118525211,0.11031510480517036,0.5202857310202267,0.078524432939467,-1.6299961981056503
25.0,29.0,True,0.33798694316983047,0.1999407134083579,0.8179162049653236,0.6486218386893693,-0.5211326575516615
25.0,30.0,True,0.31562063966974674,0.16532870673895145,0.6300456550963824,0.45244873661226964,-1.9397219486644934
25.0,31.0,True,0.3064651835786259,0.10462923648587041,0.4999957258753968,-0.7270504884642716,-1.5260444435030025
25.0,32.0,True,0.29788154447443493,0.17022193277904085,0.7075231858448935,0.6922842366429215,-2.115534749383445
25.0,33.0,True,0.40778189279657545,0.19196746321580294,0.8326064248537407,0.8427891511688886,1.536040856986437
25.0,34.0,True,0.32329224242141696,0.17412166849268618,0.7091272530751939,0.4174792441430029,-1.099774971332848
25.0,35.0,True,0.26320814651049074,0.10536076676978988,0.4711394353694084,-0.15412546824581116,-3.201108955043569
25.0,36.0,True,0.20774597766058253,0.10132388408542468,0.3893342913204901,-0.5595339381318859,-5.20161822318473
25.0,37.0,True,0.1656432720235677,0.08105354292456908,0.3517535731764663,0.1666667275675471,-6.30144623796378
25.0,38.0,True,0.3229729585517304,0.20985768270048694,1.061085887884377,1.441882209874523,-2.2649245068657367
25.0,39.0,True,0.24909405698529505,0.13384306809804453,0.6527845212454864,1.0755668504189844,-4.011341482990012
25.0,40.0,True,0.222059122779305,0.13059582115782825,0.5710770328658763,1.1166675476363628,-4.316019723731036
25.0,41.0,True,0.2401279975701433,0.17883778862316835,0.6817256698218855,1.0782941303206017,-3.9966754611415722
25.0,42.0,True,0.24637734147063955,0.10128011015769987,0.4754694974296812,0.4574248559586602,-3.8956690687136994
25.0,43.0,True,0.2281500566640006,0.11838948624424003,0.4791878909757086,0.5548452039283741,-4.234374187747996
25.0,44.0,True,0.16784359324609413,0.1149753216282397,0.481517539800758,1.270040896264105,-5.985804827359991
25.0,45.0,True,0.16502731167861961,0.12860398868667,0.4471423026746585,0.4484353409228494,-6.572180252618204
25.0,46.0,True,0.12309580477278849,0.07443621696010463,0.2823853509340673,0.24804910378733344,-7.587773189020986
25.0,47.0,True,0.18102077970766253,0.09279920837285072,0.3877650666945482,0.21405788738361506,-5.764640441684943
25.0,48.0,True,0.16444114659096934,0.09755846826899119,0.4098953718832595,0.8612965792692469,-6.335633295128903
25.0,49.0,True,0.14287035334702866,0.1001073320682411,0.3749687582334535,0.6732099765431585,-7.134758053581366
25.0,50.0,True,0.15939134848644304,0.11894956731361081,0.5140898856678224,0.7890520885270585,-6.853355072500377
25.0,51.0,True,0.07397129265407548,0.05074862961020463,0.159495333730135,0.02555065959023374,-9.150713313001583
25.0,52.0,True,0.17883122443212082,0.0857689015942202,0.3673921757212312,0.5424176740553095,-5.796430921875603
25.0,53.0,True,0.15234058203385498,0.08055723062605344,0.3200270115615742,0.1888665781967924,-6.735170283675454
25.0,54.0,True,0.1580411879425151,0.11065330590981871,0.358009137911269,0.25811854241780374,-6.837880328734493
25.0,55.0,True,0.205857439412086,0.13242493472242953,0.618196540798762,0.6493919488464499,-5.2267645463019345
25.0,56.0,True,0.14977606883285566,0.10453070039263655,0.3673569027693376,0.36451580411331036,-6.80206364410151
25.0,57.0,True,0.2109204581671038,0.11476030763798199,0.4327528525010488,-0.09706234207694556,-4.618985312131565
25.0,58.0,True,0.2608749826973285,0.16016754570077466,0.6155109445163071,0.6036188601134418,-2.8887043075821914
25.0,59.0,True,0.15440056570413593,0.07685778249018219,0.3398963737207622,0.3429926675975647,-6.569422244015082
25.0,60.0,True,0.14862105367013495,0.10662974069788535,0.3864596941038286,0.5370352988113275,-6.904909673416307
25.0,61.0,True,0.20842750703105964,0.07538070475667115,0.383853783242394,0.6137673804095048,-5.152457898756848
25.0,62.0,True,0.1810362912198866,0.09689925096614628,0.358731973109283,-0.16348791201265778,-5.7717206628764135
25.0,63.0,True,0.1494222964945597,0.11609692643001368,0.6066535811817881,2.276090304075593,-7.187801828306017
25.0,64.0,True,0.13451754634934926,0.11421289234795477,0.3715614680059155,0.5535651710359397,-6.995964249569517
25.0,65.0,True,0.22683245727608764,0.10939344774380962,0.4069024547441965,-0.19769904263659335,-4.203890281211028
25.0,66.0,True,0.1550837338173411,0.09189535175499984,0.303430062741727,-0.12685467265011013,-6.791782957143195
25.0,67.0,True,0.263852967395096,0.1487045508626401,0.786737373615642,1.1361715242625525,-3.559517376623843
25.0,68.0,True,0.19800981860727818,0.10643462789379389,0.4910512458283313,1.1826896953561248,-5.237610598506188
25.0,69.0,True,0.23174124795705614,0.08461536162920333,0.5061852839558604,0.7309425012701363,-4.545957808881541
25.0,70.0,True,0.1294891745732605,0.0682657410001901,0.2713197682063347,0.03465800281004094,-7.583039671317182
25.0,71.0,True,0.26913324731189187,0.207024095649766,0.9454253496942512,1.645715304749826,-3.8257640774798714
25.0,72.0,True,0.13558507914041545,0.0884278370597753,0.339385014565483,0.26469996390375045,-7.343560695718232
25.0,73.0,True,0.13130425642155905,0.09667496462003015,0.3410351936326534,0.5245421949640586,-7.596573661349809
25.0,74.0,True,0.15493146030345628,0.12200423358285273,0.4559531169744091,0.6497806336938947,-6.408708874266993
25.0,75.0,True,0.23772527785290679,0.1349093451406414,0.4560946522874987,-0.2100360515601497,-4.245681084108808
25.0,76.0,True,0.2494094607353256,0.14955044558048794,0.6240245922933724,0.9666903005594539,-3.72549070648651
25.0,77.0,True,0.13258654726998576,0.07470309169473652,0.2728110266648414,-0.029983038969501975,-7.259518589203847
25.0,78.0,True,0.1903239449096525,0.1028495079530777,0.4239505902995871,0.1375010976335002,-5.348918589461044
25.0,79.0,True,0.1370583726370572,0.09276042649919308,0.3304732534412259,0.12787226132912094,-7.22451970820373
25.0,80.0,True,0.309371146144523,0.19326057194169702,0.7355955478896319,0.2746309789920008,-1.5240660250035756
25.0,81.0,True,0.2611081886120345,0.15264613655904113,0.7195935600998139,0.9060427681646862,-3.381028123793145
25.0,82.0,True,0.45038266852289915,0.19858925893634433,1.102651755137159,0.820691303677478,1.897614721031749
25.0,83.0,True,0.39278730495809105,0.14870190503935674,0.7363511408377935,0.09541591922306096,0.9781480461420626
25.0,84.0,True,0.19406927535109345,0.10257494778610825,0.4236886406647894,0.5618636858426486,-5.256942986732561
25.0,85.0,True,0.3526893925420353,0.13544123618940096,0.648106470045374,0.39927074122197825,-0.37781769793755393
25.0,86.0,True,0.4484917058256389,0.17782213089358645,0.7139740692967183,-0.5077680607894873,2.539815218046291
25.0,87.0,True,0.6109738902764652,0.31427403843108537,1.2565272774909084,0.28285566094302544,7.8009300807552675
25.0,88.0,True,0.503692269109088,0.27811517030013805,1.5,1.719154099979482,3.2989197713987597
25.0,89.0,True,0.571737529214735,0.24320729641390795,0.9816502335871732,0.18001513688349532,6.981282103851986
25.0,90.0,True,0.543296963066575,0.20573585469009345,1.02790619679628,-0.0699120118048199,5.641005240883188
25.0,91.0,True,0.5496075516200501,0.23294974363540305,1.1495889195675986,0.6970248026044075,6.258419135215068
25.0,92.0,True,0.4765956998455665,0.17178328742504528,0.7538909553176208,-0.005345750360913167,3.536498571870988
25.0,93.0,True,0.03193714289652324,0.025782160142203057,0.0895145711585273,0.4390552681749691,-10.572782375363486
25.0,94.0,False,,,,,
25.0,95.0,False,,,,,
25.0,96.0,False,,,,,
25.0,97.0,False,,,,,
25.0,98.0,False,,,,,
25.0,99.0,False,,,,,
25.0,100.0,False,,,,,
26.0,1.0,False,,,,,
26.0,2.0,False,,,,,
26.0,3.0,False,,,,,
26.0,4.0,False,,,,,
26.0,5.0,False,,,,,
26.0,6.0,False,,,,,
26.0,7.0,False,,,,,
26.0,8.0,False,,,,,
26.0,9.0,True,0.21627155461906403,0.1301557511886308,0.4753442437487989,0.48850117215587774,-4.639221892358918
26.0,10.0,True,0.3207873442323709,0.16461550245016474,0.7182287409133453,1.1698164216253255,-0.983512050860592
26.0,11.0,True,0.24665442642002436,0.13309434891231514,0.5192543018259911,0.21778819403036348,-3.4443004263187285
26.0,12.0,True,0.47414050605634356,0.18848355201255154,0.8221158587636891,-0.04339067410841747,2.945755883257104
26.0,13.0,True,0.2871141764815438,0.08389073927965757,0.4581405489625865,0.1237720862191175,-2.438598930566177
26.0,14.0,True,0.3336609362670336,0.12551091964477865,0.6843935258823166,1.025504041843158,-0.9194252715282486
26.0,15.0,True,0.30698994116440614,0.11941011550914966,0.5173813126279739,-0.3135064672850868,-1.7004890201245746
26.0,16.0,True,0.2596967436509398,0.1283926824237192,0.4098147052082604,-0.6641795802752614,-3.07512238344059
26.0,17.0,True,0.34853849206538906,0.23375834654249192,0.8671404920978008,0.5455414883387565,-0.12774050994590647
26.0,18.0,True,0.31150346141884216,0.17707497148765425,0.7711416313866559,0.931413900524869,-1.656243609931503
26.0,19.0,True,0.32045175002693893,0.1700421568351909,0.7527126078420103,0.6905198117083065,-1.365083569345616
26.0,20.0,True,0.289190443261224,0.1664136053954048,0.5664721782100612,-0.09956806619999009,-1.9052488643328032
26.0,21.0,True,0.35368386030698323,0.14021863146711872,0.75543358693903,0.9522977124230545,-0.631875556047724
26.0,22.0,True,0.36133612156906536,0.1578123382008937,0.7231613490496429,0.15708059483560802,-0.6894966489580672
26.0,23.0,True,0.34163062701875707,0.14168932411245536,0.6082134508771937,0.23515278086555227,-1.1929349206053563
26.0,24.0,True,0.3636452381279979,0.17441034773056832,0.7364320540114653,0.6271858177760539,-0.14560154735561304
26.0,25.0,True,0.3381844950511218,0.17133015166151,0.737213862796854,0.3330462886600165,-0.9118051805564915
26.0,26.0,True,0.4045030433348703,0.16775694917191922,0.7185672698250931,0.17133475734737064,1.4170148261273088
26.0,27.0,True,0.35407700594689573,0.16741386481889636,0.7164877299774354,0.6845488903180427,0.035795222271964286
26.0,28.0,True,0.36565971155614485,0.3082223248715494,1.1935250659880836,1.669331049433973,0.06867067359317054
26.0,29.0,True,0.37522029969389176,0.1826355982314977,0.6287814912631148,-0.1033541710876316,0.5855333251873189
26.0,30.0,True,0.4095610004716872,0.23295061096795425,0.9870033400545618,0.6775849303722854,1.8434164480000832
26.0,31.0,True,0.4526830670903645,0.11551393068996642,0.7222047248443022,0.05998888093335634,3.009642615395307
26.0,32.0,True,0.3209210751889453,0.214723181771436,0.8469148067972218,0.6304607400163783,-1.070963379069123
26.0,33.0,True,0.2790537267556133,0.1636263169909027,0.6489768307638973,0.644492151589191,-2.5336933111981454
26.0,34.0,True,0.2917073284302779,0.12665159582382404,0.5673854358712936,-0.10507874887925331,-2.037149489557457
26.0,35.0,True,0.31644065297253754,0.17869010988177417,0.6739110528033453,0.04693739705332809,-1.1591329858687178
26.0,36.0,True,0.3305900349838224,0.10122246558208435,0.5313286920608704,0.2001437604960173,-1.072546174561884
26.0,37.0,True,0.27267308269406443,0.13473927889537266,0.5195053334353021,0.04594412434917688,-2.9610467653216648
26.0,38.0,True,0.25136961599572777,0.14751524409340397,0.5014643357681997,0.2267639664338132,-3.895184654691184
26.0,39.0,True,0.20138580947389473,0.12631143560601063,0.4435751442460166,0.4669618387404979,-5.2368491903884005
26.0,40.0,True,0.2806430209012711,0.10967506158487027,0.5402900116920991,0.010758205461743437,-2.8679653309953927
26.0,41.0,True,0.20790460113395945,0.08766815481910298,0.3635912845573298,0.18592677387112866,-5.041040075067346
26.0,42.0,True,0.21297998854384526,0.12203061642729143,0.6272090929974765,1.0234662624924287,-5.090168635748149
26.0,43.0,True,0.2255858041132651,0.107823944141858,0.6506279752637261,1.741629240906761,-4.72730067725795
26.0,44.0,True,0.1432906448771878,0.0671200298325717,0.3246470020871551,0.6613527476501002,-6.878527350884482
26.0,45.0,True,0.2088839410743729,0.12232942804435268,0.5427434873339044,0.6705699611085562,-5.059764675511674
26.0,46.0,True,0.10496816675822601,0.09172818841232204,0.40096181468454,0.9575567859086368,-8.540893511693815
26.0,47.0,True,0.2645461753512188,0.18105407436531334,0.6630331850304182,0.6122743010951073,-3.3764790115099705
26.0,48.0,True,0.14238034868291805,0.10652901825060046,0.4773929470876107,0.565131882769688,-7.142616466992364
26.0,49.0,True,0.1395362265888429,0.11771310441571328,0.4587950232015266,1.1488249997704536,-7.110047290313371
26.0,50.0,True,0.10654159717682278,0.05146493991344174,0.2135608599434638,-0.245477001760484,-8.231782971935223
26.0,51.0,True,0.1881423427873453,0.08822976606843301,0.3643763334646488,0.16080345321090314,-5.884162123307538
26.0,52.0,True,0.1561020021030084,0.0993004201924408,0.4929991684472402,0.8733389624683158,-6.590879035493522
26.0,53.0,True,0.16778671756228128,0.09365573113007757,0.3488664150762922,-0.07468216527745118,-6.041565892566888
26.0,54.0,True,0.14894184653708867,0.07942064911616763,0.3223607940386665,0.5382626033925407,-6.881516915150388
26.0,55.0,True,0.2055997016896927,0.14469593557986285,0.5648871908180669,0.7132689827196066,-5.040158475628697
26.0,56.0,True,0.1435539285403907,0.0714674533582809,0.2632004009542815,-0.10517992472458598,-7.048026528052927
26.0,57.0,True,0.22974211612092554,0.12219622168989923,0.4204477135941846,-0.3877940009154893,-4.120185318795172
26.0,58.0,True,0.22461779619443167,0.13649231786572893,0.5593379670058288,0.5977880284603926,-4.387915278043097
26.0,59.0,True,0.2252343066755823,0.09153362128217259,0.4006163950455328,-0.09310893627314547,-4.697259538176682
26.0,60.0,True,0.15255569236050467,0.09924615357697171,0.3469203187512018,0.15355606704756788,-6.530498120695818
26.0,61.0,True,0.13688180468011757,0.11332013936330963,0.380985258730776,0.8897881670573585,-6.9141759562682035
26.0,62.0,True,0.13485899747413435,0.09382703070781005,0.3309415744081969,0.12850512840231296,-7.449975172281693
26.0,63.0,True,0.22994394566083856,0.15406334021493764,0.4966728942476834,0.2373054699224747,-4.104646717304152
26.0,64.0,True,0.2802473243321311,0.10043437631883519,0.4632700818529315,-0.11139685219663349,-2.5827368159110105
26.0,65.0,True,0.25500974411283794,0.15294631583556478,0.6214680268054703,0.9775879014841582,-3.1756701729751198
26.0,66.0,True,0.2297486483535343,0.14934819894762125,0.589697228730592,0.7035892081117172,-4.473297177074039
26.0,67.0,True,0.21982794205948344,0.13424193311396926,0.4964991814362707,0.25391885363072886,-4.540035320213925
26.0,68.0,True,0.2286968191258526,0.1309084959872734,0.5190341460556155,0.6011115956581227,-4.153307235252218
26.0,69.0,True,0.21311007833679937,0.09515586581121034,0.3945197330115551,-0.08344455404554095,-4.9518305701889425
26.0,70.0,True,0.17272303391558239,0.10810055901702571,0.3467586255656223,-0.07939473061855767,-6.1524479395114
26.0,71.0,True,0.11853894940039054,0.06844966739021136,0.2570271249908407,-0.037464985169337085,-7.913832109204626
26.0,72.0,True,0.19154685424571274,0.099242639100429,0.3876190475626895,-0.19840889205114168,-5.247401491325226
26.0,73.0,True,0.15453080762725838,0.10802330922632492,0.3428639916708305,0.13272626997121748,-6.439460975475543
26.0,74.0,True,0.19307683358115335,0.09243741161252424,0.4225271125797168,0.6634566978506997,-5.461946852943115
26.0,75.0,True,0.1965376226553922,0.1532765855695673,0.5187835414098215,0.6053125030350592,-5.191701892048566
26.0,76.0,True,0.1830464372860079,0.09117685122249537,0.3666707504798062,0.04634415068105328,-5.702102211958959
26.0,77.0,True,0.18998931051839216,0.12261776165765817,0.4836865481388439,0.4189593225234063,-5.65539982362056
26.0,78.0,True,0.2657973876013249,0.14171760137223893,0.6377021844707454,-0.08850971059384001,-2.945229126571421
26.0,79.0,True,0.20646371347120196,0.13877292189223164,0.517730415692285,0.9369858179799285,-4.801777827073587
26.0,80.0,True,0.22882947356526454,0.1101408039338452,0.4473065190552404,0.2669393600055896,-3.999433836186017
26.0,81.0,True,0.3281021716871083,0.2005746986648122,1.081000109598624,1.662485470814632,-1.4961102519430844
26.0,82.0,True,0.3963357234130545,0.1836466118305808,0.7336776614939009,0.12317954159896763,0.9488836369713589
26.0,83.0,True,0.26713432008512594,0.09444230261250695,0.4300861104192582,-0.6749501282473608,-2.8026947391503962
26.0,84.0,True,0.48343465673070163,0.1814885660042833,0.844872692119289,0.00997155676622441,3.7768546140442827
26.0,85.0,True,0.3401656684474028,0.1170386151487838,0.5788581430849047,-0.06229169118640621,-0.46359674929587213
26.0,86.0,True,0.28858581137315686,0.1536908155366846,0.8029425802932965,1.065649876414464,-2.7687935373662658
26.0,87.0,True,0.45205344571139144,0.14769040806170838,0.8829146300210904,0.5654505420859859,2.4826198500262535
26.0,88.0,True,0.573244901726198,0.24173289875700588,0.9604273807756938,-0.24639290327514168,7.228183978191516
26.0,89.0,True,0.4923975248009547,0.1464659905940084,0.7512232075669466,-0.47673913564940096,4.2594238948101175
26.0,90.0,True,0.5997203723638185,0.1998469362344261,0.9370560259452654,-0.45711476225371933,7.99529984823567
26.0,91.0,True,0.6135766926658515,0.22833619193301963,1.0518683406948108,0.1879296053912578,8.461747428971417
26.0,92.0,True,0.36309558486796223,0.20197878800595315,0.8698614298250268,1.0160485633597667,0.08691764892596116
26.0,93.0,True,0.2883251062781556,0.1662434912606069,0.6591083898578363,0.3332098194626293,-2.1411252928235065
26.0,94.0,False,,,,,
26.0,95.0,False,,,,,
26.0,96.0,False,,,,,
26.0,97.0,False,,,,,
26.0,98.0,False,,,,,
26.0,99.0,False,,,,,
26.0,100.0,False,,,,,
27.0,1.0,False,,,,,
27.0,2.0,False,,,,,
27.0,3.0,False,,,,,
27.0,4.0,False,,,,,
27.0,5.0,False,,,,,
27.0,6.0,False,,,,,
27.0,7.0,False,,,,,
27.0,8.0,True,0.09457660588687448,0.07344307730998212,0.2272382186689371,0.21222312073528257,-8.545542086907078
27.0,9.0,True,0.2785097195328097,0.17424104187736655,0.7310126872268172,0.8336191665483169,-2.672307142575658
27.0,10.0,True,0.32146145695264294,0.14370075910014019,0.6334475037916842,-0.13252919677321653,-1.1121323113118273
27.0,11.0,True,0.2568038902200556,0.12509317602525644,0.5636765604986884,0.5630991024796558,-3.0881629559204997
27.0,12.0,True,0.21731926552912134,0.17844303767985498,0.6440683740646738,0.9122927839351587,-4.5935255063977625
27.0,13.0,True,0.3658249949755702,0.14653145557947694,0.6219062329879114,-0.5332885718606726,-0.03492398878106944
27.0,14.0,True,0.3080159281628841,0.1836045275364219,0.6770664488371052,0.2979176518044456,-1.7079993533380589
27.0,15.0,True,0.21962814258401517,0.13791157698980558,0.523628143188974,0.69054262913979,-4.977049387557934
27.0,16.0,True,0.2677288099887701,0.14827866030503017,0.6825556221887967,0.3941196136252903,-3.25433365118385
27.0,17.0,True,0.26153248116734973,0.13960313739181082,0.49349480139757,-0.04639889758007684,-3.0786681627670545
27.0,18.0,True,0.28462500940034263,0.12719292912957345,0.5240176950897195,0.06868996244431798,-2.216241107649798
27.0,19.0,True,0.3361779426277437,0.1709691346035569,0.6414479496450964,0.4433415901467404,-0.6286227054639245
27.0,20.0,True,0.2647267530773697,0.12104303399826084,0.59797720592681,0.9019532530020964,-3.3077967964605555
27.0,21.0,True,0.19212551573683448,0.08385894196320812,0.3571022344640948,-0.13803103284447932,-5.608140736555886
27.0,22.0,True,0.46148419683697145,0.2539719224334193,0.878342240580141,-0.1823241182657278,3.102214244469005
27.0,23.0,True,0.27773563441355104,0.0873406012677658,0.4625980309846082,0.5308858968113198,-2.70902031416147
27.0,24.0,True,0.33382236720705305,0.12691357686651686,0.614601452062171,0.22837734037097193,-1.023662625702324
27.0,25.0,True,0.4208595067321267,0.2584770754444816,1.0413608540484438,1.0835944746491635,1.8478539720437286
27.0,26.0,True,0.4020062895469528,0.1483226687096486,0.756901114684881,0.3728791970445544,1.2191995027378177
27.0,27.0,True,0.3910096238718273,0.1989565221688977,0.7848646627411718,0.1895017226251007,1.3284076355054117
27.0,28.0,True,0.41858514811227704,0.19275486042812676,0.8421547772484189,0.33293222438459935,1.2053581753421827
27.0,29.0,True,0.3212807629790709,0.17554558172443332,0.737219408074446,0.7537429169250952,-1.0173030498961455
27.0,30.0,True,0.4154224863339579,0.1596638360235224,0.6784521318198636,-0.029571739594010927,1.5724231955895978
27.0,31.0,True,0.3653652405407544,0.12745524119083299,0.5458859644179758,-0.5486043326180582,-0.15850165263031185
27.0,32.0,True,0.33469241798550664,0.14846061940917107,0.6915798805160553,0.9164988571923057,-1.3009938805414696
27.0,33.0,True,0.21785802552903605,0.10260179954619765,0.6495719830904269,2.0279029098375387,-5.063721306030705
27.0,34.0,True,0.35101161351805,0.10987829896530234,0.5645230886993551,0.08403766432379205,-0.008527431407118556
27.0,35.0,True,0.31695816360755885,0.13709606980617298,0.5801526195091363,-0.4798357867289436,-1.5516010223437138
27.0,36.0,True,0.23828471443634028,0.13301530010859103,0.5148701558429342,0.6226349884259026,-3.674577467790411
27.0,37.0,True,0.26484118880128116,0.16598974618054602,0.6358192241322782,0.36896860130634407,-3.2504883215774605
27.0,38.0,True,0.36563419106769696,0.10979297264311373,0.654866162000948,0.17388567787273818,0.07853906681317646
27.0,39.0,True,0.1979192957150345,0.10409713361949822,0.3793766302092605,0.22032122071549468,-5.365637687106888
27.0,40.0,True,0.307229526736429,0.1355232910904015,0.5464385753936742,-0.22149878175185658,-1.5795870789346935
27.0,41.0,True,0.19268813656313674,0.09991763168859749,0.3406415400261683,-0.09057689891276105,-5.2274187193665025
27.0,42.0,True,0.15574859600753896,0.09445857868554564,0.4075992981536616,0.7944328901677812,-6.589049932882195
27.0,43.0,True,0.10252181268879784,0.1397582333913957,0.4849303865339364,1.63156936766497,-8.093289785289896
27.0,44.0,True,0.1370456946827151,0.1321130262881973,0.4879679475726166,0.8438590175293661,-7.274647667105515
27.0,45.0,True,0.18234669804097245,0.09901225999239971,0.5316229543979701,1.1449054811072488,-6.017974157587147
27.0,46.0,True,0.19378723797119787,0.10667633341995245,0.423813618682237,0.19209734874496107,-5.593004657871272
27.0,47.0,True,0.28201803806251136,0.19422423294692207,0.99445348130652,1.5195617802222492,-2.8965425602067967
27.0,48.0,True,0.164380422013783,0.11141297692931407,0.4605836918623648,0.45570794815506854,-6.461552340536877
27.0,49.0,True,0.1696959651761629,0.09014027373525227,0.3330634894966974,0.03846759753896405,-6.147454750948378
27.0,50.0,True,0.1539626982917637,0.07729046537547071,0.3135410646559891,0.19255385936807096,-6.6530640930740494
27.0,51.0,True,0.11723975093821443,0.09516092940078977,0.3558445789191589,0.6288526384946446,-7.983812320288798
27.0,52.0,True,0.1296883270545754,0.07669123929633023,0.3459417785339785,0.5237929019220848,-7.639975992401184
27.0,53.0,True,0.1493545228068131,0.10449940146576296,0.3194577258710497,0.00437187106131182,-6.528793468517836
27.0,54.0,True,0.1314028413726549,0.07828840891632688,0.3099798480768624,0.42510012326578184,-7.51327030600381
27.0,55.0,True,0.17032600277194965,0.15109030278443608,0.4703555808823309,0.6714066288640151,-6.195718804321743
27.0,56.0,True,0.13503255570351363,0.09246333559393778,0.3259406635435228,0.6298636742936371,-7.191895482292618
27.0,57.0,True,0.17052961830966387,0.08149853239886613,0.3517716539815571,0.2149229033224877,-6.289535646903613
27.0,58.0,True,0.14434144630145598,0.06854366540386615,0.2580480919831325,-0.15739088727641182,-6.910818860270514
27.0,59.0,True,0.15153306783090362,0.07102411904035882,0.2888418121706543,-0.08196426493327447,-6.7372280006537
27.0,60.0,True,0.1091292710925853,0.11529939741651328,0.4850837730559257,1.6736148161935487,-8.197933429984966
27.0,61.0,True,0.16804757479668278,0.07764034695409275,0.2884599768881637,-0.8076097413271484,-6.348575124577414
27.0,62.0,True,0.2274149557831956,0.12913021257712087,0.5210422017135886,0.2706557459512177,-4.482407209850653
27.0,63.0,True,0.15518207086208016,0.11288964488312847,0.540043586715403,0.992091253289075,-6.980827812164609
27.0,64.0,True,0.23947201588102524,0.11872586883603829,0.5162922642761387,0.14462199189384353,-3.8993277651236897
27.0,65.0,True,0.18563068682434306,0.06320707695201191,0.2956959890496623,-0.25694903658091717,-5.531370007542338
27.0,66.0,True,0.19941870441996493,0.2313764912398823,1.2267164647811366,2.8096830386229588,-5.947266535086218
27.0,67.0,True,0.196456246594035,0.08557006132518348,0.3605272133464298,0.17228049716733865,-5.197987429006009
27.0,68.0,True,0.17298464159699842,0.09967835007949208,0.4093960874519562,-0.14266859921086839,-6.187346350407162
27.0,69.0,True,0.12593071963437139,0.07702172222522903,0.2746296140025068,0.3709866050366662,-7.533464268989905
27.0,70.0,True,0.15455438136565788,0.08826452073035079,0.3231806154032106,0.3475295147002549,-6.550037913427601
27.0,71.0,True,0.17045764056210844,0.11101674375195404,0.3770387633884687,0.33839312197392674,-6.2544570652579266
27.0,72.0,True,0.19570043867310175,0.10397665944711079,0.4515749463976595,0.6917508335869389,-5.275310276141025
27.0,73.0,True,0.18321415684500766,0.11156513729572178,0.3803245083222071,0.04102283200354628,-5.455534283347494
27.0,74.0,True,0.17310901397460696,0.11598644180498577,0.4477223878024063,0.7099919426973426,-6.045945192653332
27.0,75.0,True,0.21057531124584108,0.0932268562065552,0.3586079852283493,-0.4946149767983617,-5.091903386553257
27.0,76.0,True,0.15568783218327348,0.08986632837657577,0.3720048432426214,0.4731062804891733,-6.656341315035777
27.0,77.0,True,0.19186585206048257,0.09345269564444493,0.3307424519399501,-0.20771174575984774,-5.34481553143057
27.0,78.0,True,0.23223290169605057,0.06503850488816722,0.3600151607216946,-0.007462163820024193,-4.372760309381092
27.0,79.0,True,0.2654131638816097,0.11164235116624427,0.4803985269901819,0.1858824938330114,-3.1004174811079075
27.0,80.0,True,0.2738147552486151,0.1896486322894808,0.8027911989960664,1.365996850362982,-2.7808476398269955
27.0,81.0,True,0.32920614931305,0.21809190616908378,0.9656692480883736,1.509044229208407,-1.8156394344753402
27.0,82.0,True,0.346057665273173,0.11272036253671908,0.4972510085782671,-0.7663590095806231,-0.24195149519642356
27.0,83.0,True,0.4917185887267708,0.2016426123440733,0.9742735070587558,0.5955251748841626,4.286545953383351
27.0,84.0,True,0.2949061974060539,0.13719434144044423,0.6361600693063063,0.003463288249077063,-2.5254533657401996
27.0,85.0,True,0.34626551631297275,0.1911746734298548,0.6755304091762925,-0.17194989396103225,-0.6568223500160142
27.0,86.0,True,0.44565687025845907,0.16803884980489342,0.8040664194331296,0.4839762098542866,2.549999580648665
27.0,87.0,True,0.44005629776381794,0.1470002665540445,0.6851447042279555,0.04777333012262887,2.4029243905985442
27.0,88.0,True,0.4820746720067271,0.2703974264229699,1.048500686067581,0.5054932296060105,4.559522811052266
27.0,89.0,True,0.6743852984573053,0.22689620080879253,1.1743395322488763,-0.1338237431493252,9.597244663932795
27.0,90.0,True,0.520582084437521,0.21093114008069677,0.8635750048814114,-0.10228784976015401,5.1753475336488055
27.0,91.0,True,0.41686138975150033,0.17449998156665622,0.692841172653503,-0.06333594335055646,1.4763591027308158
27.0,92.0,True,0.4835272030749018,0.1542370664005895,0.8854389594590951,-0.2228791592237434,4.010407370694947
27.0,93.0,True,0.4100730837509188,0.1752176861314815,0.7487088182433926,0.04863832541023951,1.3379417177862634
27.0,94.0,True,0.05005921279582268,0.049287502425717084,0.1865775313886453,0.7857067254399324,-10.05741938564246
27.0,95.0,False,,,,,
27.0,96.0,False,,,,,
27.0,97.0,False,,,,,
27.0,98.0,False,,,,,
27.0,99.0,False,,,,,
27.0,100.0,False,,,,,
28.0,1.0,False,,,,,
28.0,2.0,False,,,,,
28.0,3.0,False,,,,,
28.0,4.0,False,,,,,
28.0,5.0,False,,,,,
28.0,6.0,False,,,,,
28.0,7.0,False,,,,,
28.0,8.0,True,0.24225646847049923,0.1507509249262647,0.577509931431518,0.5268862198678955,-3.8260689806994153
28.0,9.0,True,0.3624825385733093,0.1839708897368564,0.6932362967074094,-0.008736185093087183,0.3291329697996443
28.0,10.0,True,0.289802178824276,0.10590982235013527,0.6238871405832188,0.7701606524964828,-2.7481583615229974
28.0,11.0,True,0.3814387156912574,0.1514194502281289,0.6338706757434738,-0.5101623778482874,1.0181462106679473
28.0,12.0,True,0.3276294084857729,0.1513657657996233,0.662479277461046,0.36740483061088314,-1.1976744837527642
28.0,13.0,True,0.36524743577434643,0.21974052681695297,1.019888789452971,0.7614328821194728,-0.07343154754022216
28.0,14.0,True,0.3275196591283582,0.10802165146518991,0.566263312039801,-0.015375680914391085,-0.8138882673234281
28.0,15.0,True,0.2632898006344043,0.16486505492237233,0.5311604155665698,-0.005687442858431963,-3.6672775291931075
28.0,16.0,True,0.26985999061805865,0.14160747633575144,0.4782456968623342,-0.20511240596912353,-2.6418275444045256
28.0,17.0,True,0.17310436827307363,0.09618032778648727,0.3666321561299898,0.5532967138279881,-6.332225453668449
28.0,18.0,True,0.3118274342982381,0.184243125448604,0.6837875070557363,0.3019872460720785,-1.3631502515595795
28.0,19.0,True,0.20316061152245155,0.10679117108131668,0.4227011299707303,0.18508476801480647,-4.945862957040321
28.0,20.0,True,0.36978677173997104,0.16904959986821907,0.7654750302876141,0.3690657306372797,0.5069077356193633
28.0,21.0,True,0.2196149150584919,0.0971517195909387,0.432690263571408,-0.0883644230385879,-4.4465649505253815
28.0,22.0,True,0.31982970175756154,0.1623233801707193,0.6749301576289274,0.09167498538936948,-1.3079672957233592
28.0,23.0,True,0.37661762442543834,0.13275039194479316,0.6971299021830706,0.3495992571477447,0.2619142681780634
28.0,24.0,True,0.323854152961018,0.15110044699040842,0.7562849661279692,0.334199332622092,-1.247188516681011
28.0,25.0,True,0.43620276089621013,0.2626330783610779,1.2583508653699491,0.4152824948299886,2.3584941589652644
28.0,26.0,True,0.37137960921993846,0.15643697087793165,0.6794389191789366,0.38523221665027435,0.06868418878402403
28.0,27.0,True,0.26657260283465106,0.14257361882200845,0.5422490194907205,0.15798108912937223,-2.9094081189326917
28.0,28.0,True,0.32734140521858396,0.15582317169531704,0.6624595535028793,0.28503554796680436,-0.8481821053859349
28.0,29.0,True,0.2731959597249453,0.15896982704892773,0.6538050153696643,0.7063422075180392,-3.007833258003336
28.0,30.0,True,0.4187615770083277,0.1726452730634474,0.8135302757872883,0.25600375155137817,1.3813252411948103
28.0,31.0,True,0.40993784364720787,0.1717722120207239,0.6807943880878687,-0.4737800229024297,1.3556183848719519
28.0,32.0,True,0.21988768391413827,0.15065372132274354,0.5602290252259168,0.8612514555118869,-4.712375856229922
28.0,33.0,True,0.29304028116075387,0.14131174696921106,0.56399523554879,0.09150651468996342,-2.4274607339115817
28.0,34.0,True,0.295808611985845,0.16391303583394584,0.7208661324271612,0.9560359049372511,-2.012402364928701
28.0,35.0,True,0.351016669066501,0.21037572147240122,0.9385414189376204,1.2141259688990655,0.08696794702254254
28.0,36.0,True,0.30646001378993737,0.1447305242348598,0.6329953434610868,0.46034988299937285,-1.9718177112740074
28.0,37.0,True,0.30499038424669633,0.1663246955994442,0.6699486246948255,0.2989916079412769,-1.7286491520115548
28.0,38.0,True,0.2807331758062791,0.13946154948373213,0.6018398300346053,-0.023733353769051207,-2.9606835205549458
28.0,39.0,True,0.3076380729943632,0.12488840405190592,0.565617579640586,0.18210539182078858,-2.194142550272048
28.0,40.0,True,0.28343237789159254,0.1787711450662324,0.6601386081915306,0.5962962421034494,-2.259176503889437
28.0,41.0,True,0.2822369975313199,0.13742257660403348,0.595867143784506,0.2676835416616577,-2.4803043085239835
28.0,42.0,True,0.23226546107045645,0.11559401997105379,0.5032363561155465,0.5678644153998927,-4.020192419468703
28.0,43.0,True,0.25413095678491415,0.1385716354272597,0.5173509518335329,-0.031939928133962334,-3.3120139596729263
28.0,44.0,True,0.2017365727648654,0.09846935431356192,0.4159472974402241,0.8316484821278317,-5.3092106589680945
28.0,45.0,True,0.16078702186604474,0.08863048983369642,0.3077361251444448,-0.31449357137306977,-6.36079986132098
28.0,46.0,True,0.15883364236282121,0.10186974040830961,0.3444837837926133,0.006240797650526914,-6.4287853716519425
28.0,47.0,True,0.16588806617524976,0.08125482775955585,0.3537665531291237,0.43413924933162695,-6.277983982703808
28.0,48.0,True,0.14889740141522753,0.09531796979720572,0.3481661574203107,0.3235476446197077,-7.061293329401568
28.0,49.0,True,0.13390670634038046,0.09845984524455006,0.3495894625785546,0.7022778531817743,-7.310826506183065
28.0,50.0,True,0.16827063159427552,0.07921718937723013,0.3043828727203979,-0.09278589710579209,-6.209092355689148
28.0,51.0,True,0.10593071795106784,0.06183144076161672,0.2625033269302418,0.6378658693047367,-8.315175358921163
28.0,52.0,True,0.12829771707538712,0.08279818846297493,0.2885908799374482,0.22569397752627404,-7.505953585994978
28.0,53.0,True,0.12767522723050173,0.09009897025523422,0.3642714017538001,0.9175549228392437,-7.372902920651657
28.0,54.0,True,0.1257427506279263,0.07190439815544297,0.2966781502341182,0.35327484938453907,-7.612109157287883
28.0,55.0,True,0.14688204587228995,0.13416093131842372,0.4999204097144267,1.1292595674582593,-6.890338882264428
28.0,56.0,True,0.1057169058558649,0.06426405398207187,0.2323109808623071,0.091495394706692,-8.093451327884951
28.0,57.0,True,0.22525052494867728,0.1184075183785023,0.470966170054848,0.18289249116762143,-4.130642433195355
28.0,58.0,True,0.1728350507655365,0.11983730705869879,0.4999052021788737,1.3184348571016602,-5.871282323099234
28.0,59.0,True,0.2646039340291698,0.12426122391245518,0.5849650888115641,0.5567751802049811,-3.417442469033293
28.0,60.0,True,0.20474217321353919,0.09403744623110487,0.3583118460783966,-0.5243662575608711,-5.229670063216424
28.0,61.0,True,0.14654777222855983,0.10407998862179611,0.4088272106829474,0.8919960721279042,-6.780243071119722
28.0,62.0,True,0.17403313622572056,0.07943084749253485,0.3128047854835648,-0.04256695159438669,-6.235111041423546
28.0,63.0,True,0.20297812896197928,0.1190050098716415,0.4497846027317864,0.26967103084804694,-4.820691957267689
28.0,64.0,True,0.238213157062814,0.062365692778939545,0.3712051570856968,0.20790299850691993,-4.170374413087866
28.0,65.0,True,0.16423412562949216,0.11753075252728867,0.4272573556942294,0.3807837859676144,-6.424331269015573
28.0,66.0,True,0.2081210618208322,0.1514925827407797,0.4981236642898152,0.5653947090528624,-5.1342032302348795
28.0,67.0,True,0.1484889910721029,0.09004006663764494,0.3796456097831343,0.9453947466613762,-6.902792187745109
28.0,68.0,True,0.17566293012610829,0.09462904751164007,0.3600670855753881,0.20765719012935682,-5.965310629598067
28.0,69.0,True,0.17276025449467733,0.09909445761635856,0.3631762912665288,-0.2087083056073006,-6.184050415624563
28.0,70.0,True,0.15449223869690845,0.07181485366295108,0.2587400542876902,-0.5376258233671224,-6.404928842932373
28.0,71.0,True,0.1610412714173046,0.10511464025091677,0.4820728431598317,0.7013153660509538,-6.63300911162903
28.0,72.0,True,0.12551263265997342,0.09926426678155521,0.3569580649676575,0.6906185635024177,-7.4315937672654275
28.0,73.0,True,0.1415564180593208,0.08577513137437734,0.3160994896112064,0.6214166143359264,-7.182916489712496
28.0,74.0,True,0.18958176057311454,0.08045288778711115,0.3243899907137625,-0.30706443531069083,-5.400759012847739
28.0,75.0,True,0.2219412498186557,0.07116440039169111,0.423096415199123,0.4750287589435355,-4.6168645529299726
28.0,76.0,True,0.24832798709472279,0.15447772795884118,0.6408133368047608,0.5935050920820316,-4.103883447957231
28.0,77.0,True,0.18635110172178806,0.13979305353829918,0.4484685875365172,0.5530259730349504,-5.415727604320717
28.0,78.0,True,0.1594982855178933,0.10246505049022063,0.393790167864915,0.44196455916790683,-6.438835925205123
28.0,79.0,True,0.30205080435899767,0.22574110429815936,0.7654382984070907,0.3871141801293217,-1.8065788263285207
28.0,80.0,True,0.22702206705034148,0.08579966128896659,0.3740946567010338,-0.47435258350772935,-4.3702962654497925
28.0,81.0,True,0.28592297787150445,0.15357839422406527,0.6445114872631617,0.5679250370876048,-2.241554697044181
28.0,82.0,True,0.3942122213341005,0.13952922701549755,0.6267493188519719,-0.6100648776432361,1.073587565420025
28.0,83.0,True,0.3860640642655382,0.14120471777089766,0.6659474876874554,-0.43806127782284177,0.3654310550804958
28.0,84.0,True,0.3572674750062771,0.11287622955457169,0.7539013999354764,1.0929888532936656,-0.30664441135567744
28.0,85.0,True,0.3163315087564105,0.15814848002401838,0.9465262860634288,1.8676811289690924,-2.120054900042515
28.0,86.0,True,0.5033226511506209,0.21273588099725566,0.8299436648310131,-0.1804103559235416,4.63725787776511
28.0,87.0,True,0.49047087656875094,0.15807148104551072,0.9798371707363834,0.4263525538242708,3.744030605840357
28.0,88.0,True,0.609177261495444,0.22315380762582399,0.9792301346322652,0.02098315461244136,8.071871557809173
28.0,89.0,True,0.47039075927195684,0.22827330667363213,1.0063134545648973,0.35279375320804174,3.8308110277834633
28.0,90.0,True,0.46920710742418753,0.21838145376460905,0.9515985094348508,0.5495764293391412,3.9832057500539326
28.0,91.0,True,0.4270117242390046,0.2643476969578302,1.1456033624676754,0.2931116891712021,1.206198535565288
28.0,92.0,True,0.5218519647597607,0.20315809313205388,0.942029480171312,0.02524452169229708,4.986225380200209
28.0,93.0,True,0.5553197581035395,0.17409771174934596,0.8608335330224952,-0.005416314213188706,6.016003595736657
28.0,94.0,True,0.28360459497619844,0.176583263272261,0.7757297470336291,0.716968001502815,-3.108703513916218
28.0,95.0,False,,,,,
28.0,96.0,False,,,,,
28.0,97.0,False,,,,,
28.0,98.0,False,,,,,
28.0,99.0,False,,,,,
28.0,100.0,False,,,,,
29.0,1.0,False,,,,,
29.0,2.0,False,,,,,
29.0,3.0,False,,,,,
29.0,4.0,False,,,,,
29.0,5.0,False,,,,,
29.0,6.0,False,,,,,
29.0,7.0,True,0.13493825811888951,0.07149903029817693,0.2701842845202039,0.21043724392725496,-7.396500289659297
29.0,8.0,True,0.20294852638590818,0.2345890455023097,1.2652676922616837,3.014172409640364,-6.156217859310462
29.0,9.0,True,0.3533717189684868,0.13699356171925728,0.6269079168237874,-0.033055794733481,-0.3193420712541668
29.0,10.0,True,0.3902309253401527,0.18567240759684192,0.7953385909479799,0.2398659780571319,1.354846106506216
29.0,11.0,True,0.42096555986659473,0.2291237562894392,0.8981384194190177,0.35139911898381043,2.300911873929433
29.0,12.0,True,0.32522544210840926,0.16192411206497512,0.6911854906155195,-0.10680798893155696,-1.8060101671519557
29.0,13.0,True,0.28069154387422013,0.17349330341839128,0.7711307721457352,0.4921626514575176,-3.232797582730463
29.0,14.0,True,0.2508255331795772,0.11980012305789252,0.5354942113907472,0.2544632892161071,-3.7701751293671095
29.0,15.0,True,0.27815729529925154,0.16985270191344143,0.6385195921395683,0.4552140628327314,-3.237569433768211
29.0,16.0,True,0.225898590868143,0.15646605010667944,0.7681617169551036,1.242018280555763,-4.489636581299544
29.0,17.0,True,0.3753254379518761,0.14227955768475206,0.6016701815411495,-0.5073559033991899,0.44385488345806356
29.0,18.0,True,0.22801522275713954,0.1167576612761659,0.4274380634496231,-0.07195508086151171,-4.1174926282891064
29.0,19.0,True,0.24688266098864292,0.1419333272954683,0.5337341790757321,0.2742404777571024,-3.695834950615125
29.0,20.0,True,0.2633193456795447,0.16400384811084953,0.6039585504840904,0.4003838364667048,-3.091988829555967
29.0,21.0,True,0.18360696624465317,0.08255823804405688,0.3343172211816979,0.36807939824420044,-5.678362454213555
29.0,22.0,True,0.26181830371967035,0.16051271573980874,0.587363612511098,0.5196715483425012,-3.1709486549749464
29.0,23.0,True,0.3283204372722397,0.13897708865207645,0.6185664742663256,0.15747425666165168,-1.3521336024270283
29.0,24.0,True,0.20239088525418159,0.09230353565678724,0.426253972168051,0.07872949550870562,-5.210449524948136
29.0,25.0,True,0.32508830204624967,0.14139292005453943,0.5945208669605103,0.2951627136425607,-0.9289571004901938
29.0,26.0,True,0.34156101011595025,0.1147671780860434,0.5973182013828353,0.4113100995564604,-0.586505907714303
29.0,27.0,True,0.3521141747887664,0.14884369047572713,0.6286501162003783,0.361582039376587,-0.47826920523922994
29.0,28.0,True,0.2618499738176445,0.17213211350018556,0.7716304938405848,0.8902502438853557,-3.2035409329230418
29.0,29.0,True,0.4576629084998955,0.23605131548238267,0.9540526621117326,0.1691073764163026,3.061175833361532
29.0,30.0,True,0.33631581012284045,0.12354518250229568,0.6968050166165662,0.3910581564454865,-1.1285607506124646
29.0,31.0,True,0.3055448750831239,0.15130376152434663,0.6347065253348686,0.5757838565541356,-1.9260382390690838
29.0,32.0,True,0.3895331701448591,0.13821742147695354,0.665323956044105,0.2888673900137644,0.7410521253199635
29.0,33.0,True,0.3170278175549964,0.13747957957955959,0.7194735901242886,0.5642153445436058,-1.449533665585467
29.0,34.0,True,0.29471550999920776,0.0894303798765289,0.4487325284984076,-0.015625573441826378,-2.419515765199708
29.0,35.0,True,0.28054289908640917,0.09756962375047294,0.5047439521158357,0.4427860187411135,-2.812605022401622
29.0,36.0,True,0.3541096929626161,0.16013139591019868,0.6697288433593613,0.09987096154210119,-0.2742419503101546
29.0,37.0,True,0.303924959197384,0.08345842696200795,0.5186564875950364,0.3065867978491173,-2.2164672366712876
29.0,38.0,True,0.24253603851183236,0.1667126240404142,0.5559860904443891,0.30901846965780533,-3.4137750907622557
29.0,39.0,True,0.22674779492007097,0.08479776082789207,0.3764349743309027,-0.12110236153519828,-4.401556239882866
29.0,40.0,True,0.26306665755742803,0.18344956597100195,0.6388785689064066,0.5429042086104112,-2.965610924673695
29.0,41.0,True,0.2125654912938531,0.09287725604674181,0.3712779909750239,-0.30152736918599005,-4.5572401725551375
29.0,42.0,True,0.21971622078142367,0.0942781723192876,0.3969781535003923,-0.1482073781365357,-4.522752718363114
29.0,43.0,True,0.15455130507500386,0.07786644532702176,0.2587397643262528,-0.6774917747846052,-6.5285834154521885
29.0,44.0,True,0.15463452343580059,0.06042659048690998,0.2981674245290626,0.01869606709468375,-6.629620595638968
29.0,45.0,True,0.1810723436279763,0.10507820506100911,0.5855720773826604,1.4008588921725975,-6.120142894187764
29.0,46.0,True,0.15100490149277535,0.101018836568732,0.4204088905007176,1.0002695871734015,-7.153430289946024
29.0,47.0,True,0.10992563207722483,0.07064649264284273,0.2233489204867029,-0.18426409641958807,-7.920175199937494
29.0,48.0,True,0.2087695218469751,0.14276430758170355,0.5269129488835095,0.3601604857881692,-5.026983176160605
29.0,49.0,True,0.1845163030690511,0.13138103656931452,0.4721019670160367,0.8072408975298331,-5.758596620383366
29.0,50.0,True,0.23558368985367514,0.11571989314973262,0.4764393307827254,0.23394211934867082,-4.025452169180332
29.0,51.0,True,0.14878756145954575,0.08216998062334192,0.3005475267346145,0.25841235989890166,-6.790338513705753
29.0,52.0,True,0.11777811915158073,0.09808658159325978,0.3744691559587456,1.0532155694264258,-7.9475120393899
29.0,53.0,True,0.18894014141255652,0.10096839652554031,0.3528016262484816,-0.08331273844461733,-5.451382413281039
29.0,54.0,True,0.1365057892935144,0.1128789656777403,0.4187944634051236,1.0271763723097072,-7.160108723010097
29.0,55.0,True,0.15607888712195123,0.11047844471550752,0.4232013311846065,0.7022345439496137,-6.612442538461516
29.0,56.0,True,0.17260756357831306,0.12563649574011695,0.409570313786875,0.17951564121471184,-5.879347509232127
29.0,57.0,True,0.1964811508848403,0.1293169641624501,0.4912094076909734,0.5681002174925093,-5.50198532639336
29.0,58.0,True,0.14189736722676397,0.0974023904970123,0.3294572079717622,0.3195159923771554,-7.357817825528693
29.0,59.0,True,0.21611779580686669,0.14266750765234423,0.7678946328710242,1.7409461263930035,-4.97456044725308
29.0,60.0,True,0.20898805809946133,0.12683285503241976,0.5036634282418326,0.4651510946210791,-4.691232626796895
29.0,61.0,True,0.2276051145257095,0.15693077999194915,0.603267114925589,0.6742472583460111,-4.377658153482064
29.0,62.0,True,0.2029034666472886,0.12136619338328905,0.4067849019571021,0.20606923906264943,-4.842254928350666
29.0,63.0,True,0.17016262746913413,0.0795648735730181,0.3375929667579726,0.20316255568366684,-6.050043089020723
29.0,64.0,True,0.18631774739174442,0.13722044947892628,0.4401472515356063,0.264441266414461,-5.600863855852631
29.0,65.0,True,0.1029842133575519,0.07299883582522872,0.2477382769440741,0.28198598546474435,-8.214551263343372
29.0,66.0,True,0.13982949902386446,0.08253353003423969,0.2796002372968231,-0.03182150031234228,-7.082127827785272
29.0,67.0,True,0.16974981803214817,0.20969981305859975,1.0808308852365618,2.601918280426522,-6.4476435127786775
29.0,68.0,True,0.1590712247998704,0.10468321263423598,0.3684985533435571,0.4755272629784306,-6.2742465161532435
29.0,69.0,True,0.18342979555392555,0.09016830471349041,0.4136518068049757,0.4349385295063842,-5.916887972320769
29.0,70.0,True,0.13753469816692376,0.06924514368868967,0.2790454823923194,0.22618550404565588,-7.359488184493557
29.0,71.0,True,0.18947666187882312,0.128939766221592,0.4524937693469814,0.657674119926745,-5.660881146215202
29.0,72.0,True,0.17051860411091385,0.12616328773315674,0.5237309807035541,1.045880314545485,-6.600259961685654
29.0,73.0,True,0.15873209941764907,0.0785803246235806,0.3335942489724569,-0.006669932613726714,-6.444916799250604
29.0,74.0,True,0.19784571831752423,0.14603177188656047,0.4637663183487987,0.07393442327698986,-4.909328535477634
29.0,75.0,True,0.19878300475599187,0.09845631982156004,0.4374623447915365,0.2966346675972576,-5.301454070446536
29.0,76.0,True,0.2181948919953437,0.09946301394363886,0.3507292558056955,-0.6736155938094787,-4.67273463497495
29.0,77.0,True,0.12412898220756935,0.06440954859848964,0.2514180297232528,-0.27331537961655067,-7.5326688318821375
29.0,78.0,True,0.31086415617008234,0.18918163985412778,0.7149446871368895,0.1524909888705373,-1.4778558858651374
29.0,79.0,True,0.299147877943878,0.11885603242434802,0.5672542837281508,-0.03870352603654205,-1.7852645038119577
29.0,80.0,True,0.2697101993581655,0.12968206861030632,0.5034569865776058,-0.25329809216862875,-3.1617017593419217
29.0,81.0,True,0.25739202613693446,0.14200730876451922,0.5867355236600639,0.27596082543989636,-3.2789886091747578
29.0,82.0,True,0.3745639358520729,0.14911583595638123,0.7848817055434752,0.32885949646170576,-0.10436329800187581
29.0,83.0,True,0.48702070388978363,0.2554224070319531,1.016898489861987,0.1212771461681679,4.564657790813387
29.0,84.0,True,0.45335821344210564,0.1349530195818082,0.7463574861427019,0.07349223980053828,2.997890299687491
29.0,85.0,True,0.5215069062673959,0.1477484173785449,0.8261489772777293,0.3386300519675424,5.150225115392586
29.0,86.0,True,0.4151938435019646,0.2619537205704859,0.859553896756075,-0.005472354993803299,1.2988881883936112
29.0,87.0,True,0.40694474419888055,0.18079587771209812,0.8108503646756413,0.12636788805584462,1.0246428546987738
29.0,88.0,True,0.4864366048101388,0.22354566952116142,0.8457436210666566,0.03014637538119629,4.2144408795027894
29.0,89.0,True,0.3805495011794648,0.19697408098099792,0.7771246164012047,0.4661429618165784,0.4186609183265992
29.0,90.0,True,0.533031657598883,0.15771328093651132,0.9070375631434072,0.27078300956575524,5.507440754645461
29.0,91.0,True,0.5309044926392066,0.21151424045659645,1.0336079854835671,0.7626417650398959,4.956881080583189
29.0,92.0,True,0.45663996424520625,0.23163751200490176,0.9245278799790932,0.6284820908732661,2.9063088452036756
29.0,93.0,True,0.504757403957075,0.19774037592967966,0.9575654726069328,0.22650366854094067,4.828582122331743
29.0,94.0,True,0.4294820489215049,0.14950854212416,0.7194442337790699,0.11833536344077696,2.1538851815018685
29.0,95.0,True,0.039583938067650516,0.04633621425317735,0.1634420056756274,1.2261678899124702,-10.329947930800971
29.0,96.0,False,,,,,
29.0,97.0,False,,,,,
29.0,98.0,False,,,,,
29.0,99.0,False,,,,,
29.0,100.0,False,,,,,
30.0,1.0,False,,,,,
30.0,2.0,False,,,,,
30.0,3.0,False,,,,,
30.0,4.0,False,,,,,
30.0,5.0,False,,,,,
30.0,6.0,False,,,,,
30.0,7.0,True,0.35488262448212454,0.18978009431080603,0.8664615495774287,1.0567122193351413,-0.07894749118355
30.0,8.0,True,0.37635214877941775,0.09206773299815728,0.5499391080063059,0.0046410223023472886,0.6211937625689214
30.0,9.0,True,0.4988087555829173,0.25848950941689536,1.082333302715332,0.5297265489795712,5.003648072771101
30.0,10.0,True,0.38183957843807576,0.21070759814501938,0.7362183830937236,-0.022842763772254922,0.5239694005412534
30.0,11.0,True,0.3529911394742916,0.22130974190271285,0.8145878516568513,0.42761189415881534,0.16350124164490054
30.0,12.0,True,0.30213590755526376,0.07879697916341938,0.4763115032757744,0.48002607854005813,-1.8317548237983796
30.0,13.0,True,0.36277447145472863,0.2124132750018329,0.8287872353521055,0.3603904685563685,-0.1452687601433843
30.0,14.0,True,0.34888211146711795,0.1992444111408286,0.701719383393697,0.10096505699046915,0.19325176766131102
30.0,15.0,True,0.36541559551225933,0.13894351369165722,0.6407033382575609,-0.22401348446844352,-0.44177315144973317
30.0,16.0,True,0.25858858092741255,0.1413683765888338,0.5115322986601194,0.08327983698481582,-3.2527571498945047
30.0,17.0,True,0.2792156728637599,0.15335675873695775,0.6271442766081031,0.7608948677546417,-2.6282444014378323
30.0,18.0,True,0.23144379819702135,0.1563790599613333,0.6815779302899634,0.8908546126799384,-4.206932125618176
30.0,19.0,True,0.2169674037857452,0.11624683973774926,0.433802398349592,-0.03931542710258652,-4.979708193299332
30.0,20.0,True,0.3245847641597388,0.18301439881648257,0.7368564439577314,0.6017363754086857,-0.8547073386339236
30.0,21.0,True,0.30183695767788693,0.08284848502095832,0.4436851762666065,-0.30033791158400225,-1.8358314796163495
30.0,22.0,True,0.27428214142724594,0.10497334658673127,0.4963722255929725,0.07815948777816462,-2.9296463756038813
30.0,23.0,True,0.21968776031875173,0.09638492750972814,0.3928705071230484,0.34763531101301776,-4.848086440268834
30.0,24.0,True,0.21111912003495037,0.07982167070960687,0.4575908166894709,0.8672918432033211,-5.140465252473282
30.0,25.0,True,0.34212730410818737,0.16646121167074923,0.6544613493426316,0.08663517709799351,-0.8709845293303394
30.0,26.0,True,0.3777821894738794,0.1342202870657455,0.6525405294474852,-0.2591387651405293,0.25102864257678964
30.0,27.0,True,0.38182544387445644,0.22691532332407838,0.8840429396059426,0.6652116135492419,0.6992403713593388
30.0,28.0,True,0.38955650220989013,0.10532930551477705,0.6291548125695836,-0.980080350069054,0.7183078063935295
30.0,29.0,True,0.4398240464934977,0.17528913990204747,0.759540541240916,0.28065295359552866,2.578433104695648
30.0,30.0,True,0.4293010633685025,0.23984384840486256,0.8686837267527932,0.10116758495565957,2.2908475744972496
30.0,31.0,True,0.31757902285593753,0.11204668318486498,0.4574006096639497,-0.8925401301387998,-1.3666963956523885
30.0,32.0,True,0.2890598241050545,0.1403620211853001,0.51662631307491,-0.4585202324799818,-2.085845947356825
30.0,33.0,True,0.2168026363759661,0.16139238704328085,0.5861959130298575,0.5353373783485245,-4.298421400552702
30.0,34.0,True,0.3761133236892604,0.14593596025561087,0.6229980449631042,-0.3220504070907169,0.9117758751630418
30.0,35.0,True,0.419652700742306,0.17879551647727787,0.8831846174915193,0.793421286964674,1.9530828410934493
30.0,36.0,True,0.24444369612514585,0.11436357789774586,0.4484723704444146,-0.13360323736076615,-3.6952381157899103
30.0,37.0,True,0.43235557996408447,0.18585695537862637,0.8584601543560764,0.18280457689699775,2.489762957564295
30.0,38.0,True,0.34676051000377806,0.13890548511694242,0.6673588240707197,0.29061406833619174,-0.3597589259706516
30.0,39.0,True,0.1815500650559403,0.10259680661238837,0.4281250019685987,0.1376916689427826,-5.947495920689282
30.0,40.0,True,0.24066180379319446,0.18901656441341788,0.6590257718595173,0.6066414768601758,-4.230157045096749
30.0,41.0,True,0.28204749547625796,0.2033835659985453,0.6286642277149894,0.08850043362038745,-2.073112443627044
30.0,42.0,True,0.20854045182060643,0.12324901329891585,0.4496122035874945,-0.07429511849299027,-4.739360035418304
30.0,43.0,True,0.13828973769851538,0.09689385219653035,0.3602935184032321,0.7101185340761142,-7.111112822244912
30.0,44.0,True,0.16625602706856282,0.10422794966688538,0.3105800888453031,-0.19334268043219402,-6.328763055087236
30.0,45.0,True,0.2162624631995079,0.15668666917131352,0.5551950129243507,0.478825938679591,-4.596822826239275
30.0,46.0,True,0.1940540842172247,0.12357613695069028,0.4041753049797567,0.06253835575206887,-5.600927808608174
30.0,47.0,True,0.26421256217810446,0.11188883638495814,0.4506237199240524,-0.08137801648512646,-3.0304365890512277
30.0,48.0,True,0.20979578680638553,0.13129958146882953,0.6286569246131412,0.9441302483106262,-4.979241543199655
30.0,49.0,True,0.30519972933966744,0.13821254658427679,0.5408971898324407,-0.10726717353734545,-1.6104978894776059
30.0,50.0,True,0.19009090251963065,0.10876233059149987,0.4045947120318754,0.2646842662616581,-5.498101878354783
30.0,51.0,True,0.2489650129941803,0.14106688045555654,0.5201312632226293,-0.06152340938729482,-3.1950331910979104
30.0,52.0,True,0.2144037524352176,0.10973432611066572,0.3968753553991271,0.30849750253302705,-4.7607720195184555
30.0,53.0,True,0.24081860694612092,0.10452744954741079,0.5133995646608422,1.3348351115661403,-4.02990807358634
30.0,54.0,True,0.13877347202720297,0.06693475434337343,0.2558333855168592,-0.40214931144142607,-7.245656124388033
30.0,55.0,True,0.17427873210875836,0.10441078392342792,0.4180592780184327,0.4362574787009255,-6.0338769590108
30.0,56.0,True,0.15312293538656138,0.10432381572926178,0.3621649499626636,0.6202319964599922,-6.6485982938186625
30.0,57.0,True,0.12307418052840031,0.07239510255553055,0.2319334387752301,-0.17132446754711111,-7.849381477287312
30.0,58.0,True,0.21822661789724926,0.0954015705818564,0.3792013031006725,-0.2977458392366758,-4.480268028016532
30.0,59.0,True,0.22342417223010472,0.14195897137245628,0.5315736847011129,0.3252889969441343,-4.526130436742923
30.0,60.0,True,0.18564650038345012,0.11149783930112149,0.4275218009972008,0.6318030589307241,-5.954294588784474
30.0,61.0,True,0.15797703918106973,0.12019050917220464,0.4130813278843467,0.4028489670796762,-6.425837486309519
30.0,62.0,True,0.20722388644344936,0.1378947911605852,0.5643179552735059,1.1352380792309749,-4.911830651433256
30.0,63.0,True,0.22515488378996806,0.08054518410991732,0.363555577793887,-0.2255188064353093,-4.36198325479019
30.0,64.0,True,0.14783121764851778,0.08935344499127393,0.2813526184068193,-0.20914789177718207,-7.024616220590701
30.0,65.0,True,0.15982091798539963,0.08179158775379479,0.3050800597997484,0.04195887807622673,-6.608347830650147
30.0,66.0,True,0.15837289977064342,0.1125219472595227,0.4199153611841331,0.5608059192822402,-6.291822624177181
30.0,67.0,True,0.14392166594433076,0.1076171126815979,0.3997886703557409,0.756089193532672,-6.928929739012465
30.0,68.0,True,0.10775640110982793,0.08110966691365551,0.3388444418302286,1.1873549303529494,-8.097777989845126
30.0,69.0,True,0.07117820697632135,0.060981083406753886,0.2291693057020878,0.8136935453413536,-9.40890347845547
30.0,70.0,True,0.16944609772646277,0.08613754412677933,0.3893239417536122,0.5856018528424642,-6.195074508037744
30.0,71.0,True,0.2161788102666662,0.16051596179724428,0.5362232707795268,0.5875548540519313,-4.365860594969463
30.0,72.0,True,0.12810233870941928,0.126938515088739,0.4225485526407983,0.8885740167116284,-7.42689021418007
30.0,73.0,True,0.2342932912683232,0.1388224861387461,0.4819446564620332,0.15293043700555697,-4.317049571745142
30.0,74.0,True,0.211939885746536,0.13668933184472734,0.5119620379491814,0.6525694056680729,-4.939093117556831
30.0,75.0,True,0.13194730091701973,0.08228682251397094,0.3321484409126843,0.2970093836477625,-7.643750047041681
30.0,76.0,True,0.2281541817053703,0.1927034226407243,0.7641167226974461,1.5030895692780673,-4.212588048795555
30.0,77.0,True,0.17640386101192482,0.11199775900298449,0.4202045256346671,0.2339559349194039,-5.922102603101846
30.0,78.0,True,0.36970282148020267,0.17182870099124992,0.7341444450058654,-0.6188922352797624,0.48718740835525637
30.0,79.0,True,0.3606533901148828,0.07546163597122403,0.5633652005221189,0.36016178469642335,-0.23651367984955043
30.0,80.0,True,0.30125091627118084,0.1460568382825532,0.5818056072040417,0.32521435240352803,-2.0268576824030027
30.0,81.0,True,0.2853816957590575,0.19794389448492256,1.0459709840140885,1.8159633126277734,-3.132596485765838
30.0,82.0,True,0.39518168687861527,0.1360247518539775,0.7125644283610663,0.2709700165689925,1.1799245012388573
30.0,83.0,True,0.3433734620521726,0.10140291280748724,0.5359434397181808,-0.18995094210395494,-0.739753957206791
30.0,84.0,True,0.41112556573651127,0.20708569883808695,0.825816195520989,0.5382217087157105,1.5834562247689576
30.0,85.0,True,0.5320736142718004,0.25012605906365043,1.362004833419032,0.873922839007192,4.919223438626581
30.0,86.0,True,0.3649388675265135,0.1429780522513968,0.6183899967726043,-0.10787131887325574,0.3319011329920043
30.0,87.0,True,0.3445336040886589,0.22220867122058488,0.775682212461002,0.6274780981173891,-0.18728905976129023
30.0,88.0,True,0.4442112681409407,0.11679617485030014,0.648743341562459,-0.3852983382302396,2.885033211078125
30.0,89.0,True,0.4005886835073604,0.2031455742650071,0.8113518125596344,0.3525495314310041,1.1864067952461994
30.0,90.0,True,0.2706161799866069,0.14067532055844484,0.5715101160536891,0.6709152140091649,-3.263399978577208
30.0,91.0,True,0.3597009158177799,0.1599348667212966,0.9611832362736148,1.6651631295491522,-0.4566493253967893
30.0,92.0,True,0.4517645690906001,0.18034704054338865,0.9040943579910004,0.7365346400726788,2.643419612878034
30.0,93.0,True,0.3240210934271458,0.16702190371654305,0.733288490258738,0.9147562494547274,-1.6476555864736395
30.0,94.0,True,0.40175385915410905,0.17788647986102188,0.7674826139131212,0.3930655423909944,1.513828652492192
30.0,95.0,True,0.2253855347468999,0.143711787035237,0.5473681957771097,0.8341920333035414,-4.8347074072582386
30.0,96.0,False,,,,,
30.0,97.0,False,,,,,
30.0,98.0,False,,,,,
30.0,99.0,False,,,,,
30.0,100.0,False,,,,,
31.0,1.0,False,,,,,
31.0,2.0,False,,,,,
31.0,3.0,False,,,,,
31.0,4.0,False,,,,,
31.0,5.0,False,,,,,
31.0,6.0,True,0.12194009222612455,0.10700917084697553,0.3641390818864419,0.6775955447127504,-7.714738441202566
31.0,7.0,True,0.45878950195317764,0.208470639172505,0.8228258328893663,0.11391878178029853,3.1146505298656217
31.0,8.0,True,0.47063768500507286,0.21778916235813237,1.405055388845955,2.232462495843021,2.7141287056138483
31.0,9.0,True,0.37674510960649227,0.21420019402583348,0.8535190888854873,0.37510000157657,0.8739293184529084
31.0,10.0,True,0.3869753068266581,0.1219756068620526,0.571921893727071,-0.8745040250817688,0.7580125518155183
31.0,11.0,True,0.3786845294915312,0.12056788583041768,0.5386569893780938,-0.7558907044463763,0.7748501006307947
31.0,12.0,True,0.44625841834826346,0.17854642718916316,0.7915088671784556,-0.16640486244776675,2.6357086211241736
31.0,13.0,True,0.1924959099916105,0.0761530196752964,0.4240801190544251,0.5558102303859097,-5.545358415315369
31.0,14.0,True,0.3043636760475336,0.12107603037856292,0.5466415557285635,0.15725843867731878,-1.7368888396119644
31.0,15.0,True,0.3422050437565134,0.19705033378531264,0.7098717228865654,0.11335690018610182,-0.2640469682264496
31.0,16.0,True,0.45124388498983176,0.1358522402024756,0.6869969164818509,-0.5435021130373986,2.946207868076358
31.0,17.0,True,0.3262140572940844,0.1281060340333608,0.6321809497271638,0.4354435342954829,-1.1800428595089758
31.0,18.0,True,0.33264113269495005,0.12662397236564432,0.5322422847447773,-0.23773746937643706,-0.8396934731035366
31.0,19.0,True,0.2168984352436922,0.08374641266674678,0.3796711864593151,-0.36964745719631054,-4.591090280463563
31.0,20.0,True,0.32793245215715017,0.16126184449334605,0.677541365400333,0.36467949036843494,-0.8865911311911631
31.0,21.0,True,0.24115994011542372,0.15670985395862672,0.4971746001392782,0.11022504923528233,-3.4441994254521195
31.0,22.0,True,0.34932017170656765,0.153318646769929,0.7394601464553651,0.5632623321033053,-0.29088793884520087
31.0,23.0,True,0.40863827045783413,0.23705098042636266,1.013651460311387,1.196276092774548,1.3307433104477795
31.0,24.0,True,0.3463817507138323,0.1684322977082135,0.8091660448316476,1.0397332639503727,-0.46556571128744045
31.0,25.0,True,0.28206579924817105,0.18461301485966297,0.695053115859986,0.43450460298402777,-2.4034214206299787
31.0,26.0,True,0.44799240826031683,0.15459336434102122,0.6816703274457406,-1.022215662816428,3.0730594185214253
31.0,27.0,True,0.3502072229713871,0.1914343455822185,0.7141776668674688,0.14546517040169138,-0.20311709826894359
31.0,28.0,True,0.43228586160777854,0.14473412450049486,0.7622485953175663,0.22642249196255165,2.4869669048687166
31.0,29.0,True,0.4248318629845351,0.17954047202497975,0.8266695341493674,0.49220562097800896,2.468621786955601
31.0,30.0,True,0.3219663041534287,0.14989582002975727,0.5859475416300053,0.11447343232715465,-1.059669098180631
31.0,31.0,True,0.41567614909860057,0.1496049657465075,0.7718989716969016,1.0391778421874864,1.3719015551097313
31.0,32.0,True,0.44342053088178807,0.18705688893620134,0.8940321451599238,0.8864922668424865,2.568269023322523
31.0,33.0,True,0.3137785362754562,0.12587346017306117,0.6482674881491277,1.2755327018429305,-1.434079892068683
31.0,34.0,True,0.41354467747702994,0.1509466393543486,0.6665353666108553,-0.1110226011033562,1.3767550453623882
31.0,35.0,True,0.3403956313166021,0.14228711688489903,0.7627599035749988,0.3176681467221904,-0.9371720419006497
31.0,36.0,True,0.374628002208176,0.17449878976663266,0.7513019997563126,0.581416956077651,0.6259586424138479
31.0,37.0,True,0.40374520306202843,0.14777470467455892,0.7002300350964183,0.24731910086307637,1.271464288197917
31.0,38.0,True,0.31370973728294266,0.161461811726437,0.6634667412545119,0.640772535201254,-1.5414564755703677
31.0,39.0,True,0.1801906145106261,0.0906966557227863,0.3257050866697415,-0.10175750887824246,-5.7780480024179175
31.0,40.0,True,0.29527710461036916,0.16376499930999544,0.5829293790755591,-0.09382035079981785,-1.9569665351498633
31.0,41.0,True,0.2827369973323852,0.17260211768264277,0.6813213469550048,0.8420591290458022,-2.408237738533446
31.0,42.0,True,0.13177862319338118,0.09959464263342127,0.4192718325671016,0.5972618921150372,-7.496755251131688
31.0,43.0,True,0.1967547472721339,0.091625887447666,0.3665681931457085,-0.32340547840209305,-5.119619464809812
31.0,44.0,True,0.15633843289775612,0.09526536328450698,0.3070615776026258,-0.04095899927805284,-6.386390930923748
31.0,45.0,True,0.18203959767121028,0.12576225500087054,0.387318071716368,0.14026466235218935,-5.716333614223902
31.0,46.0,True,0.22703851061077598,0.08398764478950706,0.4489954945293588,0.4030810643454509,-4.488276828547334
31.0,47.0,True,0.3095119674860585,0.19978068470342472,0.7238112300184193,0.11874760557647339,-1.260400786823677
31.0,48.0,True,0.414132496071171,0.20114872436983725,0.8730613407895778,0.4726854842831485,2.0715368420850906
31.0,49.0,True,0.43227864839425095,0.17870754309054035,0.8276232642700563,0.10649159184517533,2.620675745249695
31.0,50.0,True,0.30005091316870475,0.1350987831417487,0.5581539003793261,0.125214428839773,-1.6382283321558961
31.0,51.0,True,0.29084799392392385,0.14745561915704392,0.4797736994749113,-0.2072675804144629,-2.0070557743578505
31.0,52.0,True,0.16887073342053277,0.10097129677072203,0.3964395665999042,0.47812583127408914,-6.04037465515944
31.0,53.0,True,0.23166601408513432,0.1382740753858721,0.5679590667082911,0.5179658953647539,-4.365224012707235
31.0,54.0,True,0.09122972633556418,0.09005954781888825,0.3216033495651504,1.0146877969880983,-8.962095928427056
31.0,55.0,True,0.17096231019493166,0.09501900798664654,0.3211520359968001,-0.042912028090072635,-5.899326432034084
31.0,56.0,True,0.17272639229688683,0.08208945301640626,0.3448241322505876,-0.05286234401987776,-6.2346086439135275
31.0,57.0,True,0.12888206907311542,0.0573249665129966,0.2527551135554584,0.39008943630007525,-7.472387635900073
31.0,58.0,True,0.1570537966791699,0.1062017152136123,0.4126968683491603,0.519474936163478,-6.5575035555919845
31.0,59.0,True,0.2544846782529841,0.11423037731760856,0.446951291139858,-0.7096830493043758,-3.511645560052822
31.0,60.0,True,0.19561525078300607,0.13237781515678293,0.4090634971108112,-0.06357490533426553,-5.52039697775161
31.0,61.0,True,0.12483023496532338,0.08648328288459725,0.2820071905137923,0.13214096037215883,-7.4537713244092165
31.0,62.0,True,0.16366005761813518,0.06791279496638511,0.3057600338314485,0.0010249201325093194,-6.480699409632886
31.0,63.0,True,0.1825988886879133,0.0759067129572395,0.3362266228640999,0.13695111057262835,-5.681787228516373
31.0,64.0,True,0.11773283928728422,0.11828838505301563,0.3432946287911015,0.627009538035493,-8.013630601313153
31.0,65.0,True,0.1624518023334997,0.10137616740549894,0.4117249803909078,0.7708790146239681,-6.250900287788246
31.0,66.0,True,0.20682503439348224,0.10770860335860911,0.486317556686372,0.3597112303075348,-5.010888507000238
31.0,67.0,True,0.18639236251346286,0.08672081822072154,0.4774722406388569,0.9755217723043963,-5.718910733293521
31.0,68.0,True,0.1603490961568244,0.10788324693085292,0.3589183684990159,0.3301491686886747,-6.22346375461246
31.0,69.0,True,0.13936728666838016,0.11470736169296929,0.5184344092637938,0.8295922495227877,-7.538557352817363
31.0,70.0,True,0.11452938705568402,0.10453885008139713,0.3086699337579146,0.7521921347857549,-8.075093833861127
31.0,71.0,True,0.17620662253353778,0.12007078624704814,0.5985417002681056,1.3071372943827992,-6.326334696249233
31.0,72.0,True,0.1282920444735163,0.08185579635120388,0.3170579070109426,0.45977541679512846,-7.446935151526164
31.0,73.0,True,0.21047036239601716,0.09699913315459818,0.401262483561623,0.02878149039797287,-4.7359984976459595
31.0,74.0,True,0.13895181275812823,0.08121213420150658,0.3087644590998058,0.31074119079522927,-7.338705247207981
31.0,75.0,True,0.18874756235473425,0.09699310673378171,0.3965045253569632,0.5602294375694195,-5.41175686715878
31.0,76.0,True,0.15153142038323184,0.12235674661581784,0.5553822982417153,1.2228300579625295,-6.826426164786501
31.0,77.0,True,0.28057496343438143,0.15241831155897317,0.6113420139494269,0.5599544111545766,-2.515595393758028
31.0,78.0,True,0.256186861428602,0.07494350965081686,0.3438903058261354,-1.3367962659471762,-3.230369715313074
31.0,79.0,True,0.25065417634615306,0.08214785891133174,0.4447835869709691,0.5724093312331604,-3.4486289031985633
31.0,80.0,True,0.32694908208171397,0.10999554368976248,0.6042415656119715,0.3130063454051336,-1.2240386954439098
31.0,81.0,True,0.2888396681743473,0.1021731030013826,0.4746674183447979,-0.2570121081852706,-2.459843506678064
31.0,82.0,True,0.3551798868289206,0.18846548905119861,0.7622508769370203,0.6917533225456172,-0.7653606829856336
31.0,83.0,True,0.2775503072336506,0.22167796163345663,0.915626085621372,1.4437512745400285,-3.6977810662870447
31.0,84.0,True,0.4194579339407338,0.1298618462914453,0.6740587133177997,-0.6044101750650798,1.8702015248079802
31.0,85.0,True,0.46211726960856736,0.20251038406463204,0.7615894363210461,-0.2337441995471429,3.725390799088844
31.0,86.0,True,0.3346523167376605,0.19625412003228118,0.7350433454410316,0.35219529477625083,-1.1585037137015308
31.0,87.0,True,0.25523401763613235,0.13645307279940505,0.6029877805156902,0.9473614023163585,-3.4230861988085266
31.0,88.0,True,0.3403542346522679,0.23088858310610527,0.9405677112637302,1.1067517964163331,-0.7640304982139549
31.0,89.0,True,0.3716138658550688,0.15510873106018805,0.6295254714927274,-0.5085930734086218,0.6674293835755197
31.0,90.0,True,0.32943939219287643,0.10945924765907984,0.5917601637944259,0.4235407916864416,-1.26802468162511
31.0,91.0,True,0.4360807848145205,0.1530030364882969,0.7691411063541649,0.278450044765723,2.1770490822002753
31.0,92.0,True,0.347902545321421,0.14621624521266197,0.6523697152680982,0.016311690850214944,-0.24260607843171908
31.0,93.0,True,0.39660821990120765,0.18762298184129322,0.7590392275876819,-0.052711244911039366,1.1809370005956765
31.0,94.0,True,0.36911744406568053,0.15999278364149427,0.7605177633380062,0.2453405853332275,-0.24791149735726362
31.0,95.0,True,0.3307667977387214,0.11015888726690655,0.5515272153873045,-0.11424850511857874,-1.0127063432522463
31.0,96.0,True,0.03219206782376293,0.037249389213294896,0.1185870964646546,0.7025105294509162,-10.653045245825052
31.0,97.0,False,,,,,
31.0,98.0,False,,,,,
31.0,99.0,False,,,,,
31.0,100.0,False,,,,,
32.0,1.0,False,,,,,
32.0,2.0,False,,,,,
32.0,3.0,False,,,,,
32.0,4.0,False,,,,,
32.0,5.0,False,,,,,
32.0,6.0,True,0.1941346470471404,0.10693449544211871,0.4155610279556317,0.17868366075564335,-5.620813189524552
32.0,7.0,True,0.32879289399413236,0.11685066426097465,0.5291365092290913,-0.23632930375443056,-0.7904272251362638
32.0,8.0,True,0.3163515991546802,0.16609777507429074,0.5719246035928357,-0.4746761183588586,-1.8815300537485562
32.0,9.0,True,0.40533290266014127,0.16292610005733463,0.7742401065214107,0.18502405016371948,1.8127939509903876
32.0,10.0,True,0.4340220763509737,0.18764284743974918,0.7576013059483099,-0.24358260610902713,2.0255392251456596
32.0,11.0,True,0.35883001791191554,0.17546391284451765,0.7724463569226196,0.48408794077264305,-0.29743872853581055
32.0,12.0,True,0.28454220095917904,0.17211887257158606,0.6460913017397691,0.5090500322436629,-2.935784439937426
32.0,13.0,True,0.4112656062606914,0.1957000946802641,0.7811737691021081,0.07568215869536773,1.9051855188488431
32.0,14.0,True,0.29271749371587036,0.1678493868479513,0.6952787859537009,0.520059650221231,-2.0847354215805507
32.0,15.0,True,0.3003938274790284,0.17031342799813395,0.6814764810277637,0.560890686168414,-1.9304890905711238
32.0,16.0,True,0.3179478699487858,0.15635622068078833,0.7143617739857598,0.8460201781048736,-1.6202209485663281
32.0,17.0,True,0.16898879097362565,0.10195837104442253,0.3302206627369116,-0.1118819347881536,-6.005379356754182
32.0,18.0,True,0.30880866634713017,0.1375270533957793,0.6046447284982249,-0.11738149242603566,-1.7893891688408465
32.0,19.0,True,0.4326476669218695,0.13189698630100266,0.6580883507780523,-0.1024938813648436,1.838250818310222
32.0,20.0,True,0.30226730988747313,0.17517925554473732,0.6925155986201195,0.4836175477013537,-1.9876117506017554
32.0,21.0,True,0.35127171293180054,0.16593042086074153,0.6979512668605757,0.2618049287677806,0.008205213075083241
32.0,22.0,True,0.38254068583868445,0.11561712579987697,0.6174642126432575,0.32195178967878674,0.7773454713222283
32.0,23.0,True,0.37210394826605975,0.15558313359960493,0.7219716503075463,0.29318597197701046,-0.060546274339907134
32.0,24.0,True,0.3554994069510047,0.1911994008585143,0.7882742397767412,0.721347800040272,-0.4471434264067974
32.0,25.0,True,0.2750865431303038,0.10110792481289264,0.4966395800048695,0.3564428488668926,-2.8185254411772407
32.0,26.0,True,0.29549731384133193,0.12802065691027267,0.5776623079742003,0.44280208989070075,-2.431274377794768
32.0,27.0,True,0.3384339214370221,0.12651620554047835,0.580856791852313,-0.20455206251623262,-0.7677537359692216
32.0,28.0,True,0.48358728425333664,0.17113740366783495,0.8150173015564629,0.24226175161884542,3.4693457187525274
32.0,29.0,True,0.36796242163996873,0.2202732985075151,0.8114430870860476,0.506078669412773,-0.15735118401532425
32.0,30.0,True,0.4801808481892622,0.14436829130281223,0.8429433089211372,0.6862047995356837,3.544757657830839
32.0,31.0,True,0.36913825914238696,0.20134090021147663,0.7331727583363592,0.3629790278030769,0.41284645541042664
32.0,32.0,True,0.32583188760374093,0.16395697184709185,0.7677773142570407,1.063809762762063,-0.9251573555265074
32.0,33.0,True,0.36951083865637235,0.13050564322617925,0.698448307933523,0.73146357957008,0.1237454508847852
32.0,34.0,True,0.31294110088290295,0.22970148348926042,0.753838801017177,0.4319029672017243,-1.5677189699967171
32.0,35.0,True,0.36905206833464776,0.13346026875952507,0.6440057900818298,0.4283914871870577,-0.2324609936488799
32.0,36.0,True,0.40938472969679407,0.10021509741953896,0.6033758806915488,-0.341966719113654,1.45011417119441
32.0,37.0,True,0.31938270066906405,0.13175398640674946,0.5897416732837709,0.21010317940773343,-1.3813449761529704
32.0,38.0,True,0.27098674654852034,0.14755964313259395,0.5796573805986763,0.166217332894122,-3.0696931907589793
32.0,39.0,True,0.3099721457036975,0.12862761782438262,0.4846659820106571,-0.6814133279522738,-1.4993871576367026
32.0,40.0,True,0.25848029521134186,0.11831069176110504,0.5462958889868391,0.2700009750659168,-3.6198257726203753
32.0,41.0,True,0.08952562953083157,0.05633162057226407,0.208110467963541,0.3420835692256025,-8.63220383076271
32.0,42.0,True,0.2396487779051305,0.12716592783400094,0.5496690061550817,0.07825123244874992,-3.881510545177921
32.0,43.0,True,0.18430297410175978,0.1417451210110742,0.4494301376402143,0.6239647512370985,-5.533695251708725
32.0,44.0,True,0.16427579115479723,0.10346083354521321,0.4081599506923136,0.4482148513778826,-6.799926530621134
32.0,45.0,True,0.24145960253859922,0.11352753538241302,0.415922407952789,-0.5830850635813843,-3.7999385938870383
32.0,46.0,True,0.23490165704080404,0.15538683279924612,0.7330650462329064,0.8528819142657977,-4.107054513388607
32.0,47.0,True,0.37995153830399364,0.21436934580060873,0.8412322283024561,-0.07118898366096091,0.5507038200085476
32.0,48.0,True,0.4241620618739561,0.20291357804113921,0.8148787917691694,-0.15617770342184287,2.618246057770815
32.0,49.0,True,0.6018784096128924,0.2802031106175555,1.0610056471153748,-0.12354710010891341,8.001632511576895
32.0,50.0,True,0.3712516303430407,0.14570079368024974,0.6674914924562899,-0.6098770363230749,0.6795153229051614
32.0,51.0,True,0.38661405411386485,0.24960027939187998,0.8042398124353336,0.21468550718210652,0.8309444628553906
32.0,52.0,True,0.25218556404803816,0.16880968003239816,0.6440663238556226,0.5755342002645567,-3.219682499173439
32.0,53.0,True,0.20772680622846643,0.1076363126667473,0.3847761011408032,-0.07552466932898162,-4.891939780102358
32.0,54.0,True,0.11658405699414989,0.0730929920303842,0.2284762263667981,-0.2223401047424668,-8.090898776359115
32.0,55.0,True,0.20586326674513458,0.12239965862909558,0.4035319061793921,0.013661043635746373,-5.027261799564536
32.0,56.0,True,0.15451061144046754,0.07189051357598678,0.2538753631658748,-0.5367304287326884,-6.523934011797698
32.0,57.0,True,0.14428738924360518,0.09456663250376925,0.3568872020652601,0.44051237147885614,-7.1196053408372135
32.0,58.0,True,0.14775252977647635,0.13346629652672592,0.4398273751612699,0.8108822942934261,-7.096516093725481
32.0,59.0,True,0.19192916509399013,0.09788129437851757,0.3475490759382674,-0.4278407568945864,-5.503333426873195
32.0,60.0,True,0.16383133197537209,0.08865947269575852,0.3799757787052426,0.43121032984563007,-6.511001556881919
32.0,61.0,True,0.08684143665230144,0.08632961391799768,0.30273596359226,0.741939302745183,-8.86507843048616
32.0,62.0,True,0.13590623137338118,0.12157266776281893,0.5012765815686783,1.8058726442205548,-7.350675655733168
32.0,63.0,True,0.16305116552347215,0.07860510792681508,0.3278729309076174,0.09679134075394642,-6.5499153974861555
32.0,64.0,True,0.12295686691092855,0.09396266408920907,0.3441786012222642,0.7615648174020142,-7.568241867267255
32.0,65.0,True,0.1185598321958503,0.06906519203072418,0.2398149496089062,-0.0009246379014658465,-7.836939335865629
32.0,66.0,True,0.1879668903336845,0.11190694218009428,0.4119966456579611,0.3477528492067981,-5.551120900668081
32.0,67.0,True,0.1543651675151554,0.09806374838073086,0.3578877630721325,0.2601690439090721,-6.557188377500261
32.0,68.0,True,0.08354161631259736,0.07913473343321083,0.2949488716115984,0.8588363992916687,-8.99884631369868
32.0,69.0,True,0.12253753622147111,0.08282666307365075,0.3921041812867975,1.2317209906611422,-8.066124470156533
32.0,70.0,True,0.2619768523402007,0.1336485393367579,0.4969722668042623,-0.1105198554853241,-3.500003562733488
32.0,71.0,True,0.22303789252315767,0.16418795783254106,0.7335676493537707,1.0016815624259277,-4.580169976782076
32.0,72.0,True,0.11923386399355836,0.06920052343338366,0.2584349878917525,0.5122435905083346,-7.691580516054964
32.0,73.0,True,0.21534541278558686,0.11357223935295258,0.4569340128729689,0.060418478844983435,-4.872895198337813
32.0,74.0,True,0.12973471111928905,0.1075554046982179,0.4090544056458527,1.180928236232756,-7.378542746734378
32.0,75.0,True,0.16798866734374984,0.09538895635392655,0.3674770452273907,0.31945370051647076,-6.554434932904046
32.0,76.0,True,0.14708610880168713,0.07739981948150511,0.3672188931054353,0.33963882690864877,-7.0183510060996115
32.0,77.0,True,0.25738850714783035,0.09477105064965821,0.5330297326336929,1.0458312529687008,-3.4077338748244386
32.0,78.0,True,0.31993991293671414,0.2127607540730089,1.191102013596283,2.2623219670038366,-1.696584108416852
32.0,79.0,True,0.23734892199743612,0.17529902590050547,0.6345784246500078,0.512882963646478,-4.6117850618629825
32.0,80.0,True,0.33444286653573013,0.15105197879139243,0.6769450964680538,0.33645302632637974,-0.6753801080586008
32.0,81.0,True,0.31778918844007054,0.1394287713658624,0.664370856776425,0.27360444458759203,-1.5677553240751865
32.0,82.0,True,0.30420334573201674,0.17527511590094835,0.714644590295962,1.0163674424155242,-1.758192819876605
32.0,83.0,True,0.32988264904885284,0.10409693216859678,0.5159776781215786,-0.728147380242485,-1.0480221435173245
32.0,84.0,True,0.4112809618038986,0.23846324860234852,1.0018267449413842,0.6104919247404113,0.8419257419164728
32.0,85.0,True,0.4137434067730835,0.26909819801856943,0.9919229722790992,0.5944460068842585,1.7247874630887687
32.0,86.0,True,0.31616884667575207,0.13384333501043394,0.6159585956106003,0.27175867423006017,-1.3021088033546948
32.0,87.0,True,0.3672477855520205,0.10533634648734065,0.5511855294433259,-0.320183815667924,0.023340115186034717
32.0,88.0,True,0.37066933285017223,0.19287580523219017,0.8145989707413223,0.7528382810490456,0.032604394457296425
32.0,89.0,True,0.2932459770931758,0.20169281649872237,0.7764472746720662,0.746408283334926,-2.419880670937784
32.0,90.0,True,0.29610355531959376,0.1553771020822554,0.6569974112698016,0.5834540077535183,-2.180873063953843
32.0,91.0,True,0.2417438312780093,0.12187573778658345,0.5459433465705211,0.14179219033901283,-4.147565304829437
32.0,92.0,True,0.32328923785816754,0.14146018466544052,0.5651074447208538,-0.03062654547878747,-1.2865740604261857
32.0,93.0,True,0.33858143811938535,0.14578391064281063,0.7353318827135016,0.922203899275248,-0.8868912594469973
32.0,94.0,True,0.48830656190029836,0.3030977679560475,1.1698813088177609,0.7631321650934432,3.9463987210897704
32.0,95.0,True,0.2713720333890678,0.0933881599688528,0.4115769278992434,-0.6185528134920084,-2.9761766326762658
32.0,96.0,True,0.19425756596142005,0.16399943718338525,0.6335343074939077,1.5138682010621118,-5.242945145205754
32.0,97.0,False,,,,,
32.0,98.0,False,,,,,
32.0,99.0,False,,,,,
32.0,100.0,False,,,,,
33.0,1.0,False,,,,,
33.0,2.0,False,,,,,
33.0,3.0,False,,,,,
33.0,4.0,False,,,,,
33.0,5.0,True,0.04701681492312961,0.033955790358040534,0.1094057971598978,0.14748221688164473,-10.143569577536779
33.0,6.0,True,0.3966065103303318,0.2107503233974246,1.0278392918000907,0.6258767003646688,0.24947973286631053
33.0,7.0,True,0.45848428626384646,0.18702083885674167,0.8722835902561328,-0.3941704868236049,3.5914079941480663
33.0,8.0,True,0.3339837851846608,0.1342558966599973,0.5660554160786037,-0.42608988506682177,-1.1855143721854031
33.0,9.0,True,0.32955061252562073,0.15897673554260752,0.5815422494432212,-0.02871668915316352,-1.1225924966030305
33.0,10.0,True,0.4472208174258132,0.1472293004230541,0.7303582559127346,0.08964185885691162,2.721840373249551
33.0,11.0,True,0.3291738933209838,0.12063621021340415,0.528276933519394,0.034454833238283286,-0.8977994442092812
33.0,12.0,True,0.28964125902301124,0.22775728135614878,1.159946186548573,1.5229745673519528,-2.737223917872951
33.0,13.0,True,0.30152188190305806,0.13746124665460238,0.5931649454430941,-0.19162188713270997,-1.8808600756490192
33.0,14.0,True,0.36159059038174235,0.20248250527454553,0.6810753643077464,-0.04968029997167261,0.3398314053382844
33.0,15.0,True,0.324251242757158,0.16039091163587962,0.5792976741418873,-0.39736712405158736,-0.9425317114212085
33.0,16.0,True,0.22272265957213358,0.0954605619201673,0.4173251524894033,-0.1212914513258616,-4.340563431285427
33.0,17.0,True,0.3970073005501128,0.17088842481186414,0.6823105379072446,-0.08574817502216169,1.1175508739971771
33.0,18.0,True,0.390404047015172,0.13000641314146585,0.6462340089404192,-0.14394840654315558,0.8594902744352863
33.0,19.0,True,0.32093399852196236,0.1326668506321657,0.5163023990465369,-0.4016992363269202,-1.4198138681422572
33.0,20.0,True,0.2591577545698254,0.1193233491561524,0.5275774033278432,0.2656720579769246,-3.2755507818115444
33.0,21.0,True,0.3680620544454987,0.1749338596788672,0.6676248576472666,-0.029352807448486926,0.017590637108284922
33.0,22.0,True,0.27563465807049775,0.16500882458292515,0.6518546281496553,0.7790640700701265,-3.0331570493239406
33.0,23.0,True,0.2506697240822379,0.16447160975261213,0.6157689188179288,0.5704927793169994,-3.311797760763407
33.0,24.0,True,0.29111559915738155,0.14172753987751588,0.6073632306558461,0.46783206016138007,-2.115215899428739
33.0,25.0,True,0.4021850195068332,0.2199940608634193,0.8857411356697057,1.018472583758178,1.2630501610420453
33.0,26.0,True,0.3120032022851231,0.12941586755240184,0.5129808353307558,-0.19624980822244925,-1.6864086774753568
33.0,27.0,True,0.36459818866351906,0.1370563432485746,0.589000520344487,-0.24236985853735832,-0.1772914288721456
33.0,28.0,True,0.4240127395024964,0.12950007914046968,0.7286043384931368,0.6249195843275218,1.8901172600168499
33.0,29.0,True,0.44044011724380194,0.2560660456790533,1.014915632002494,1.0523490858305016,2.37480616200847
33.0,30.0,True,0.4020067591145131,0.1888863664449188,0.8516861949258085,1.0595046644271706,1.2347210451575812
33.0,31.0,True,0.3746688474289608,0.15899896043841533,0.6749600406556304,0.2504899639743412,0.35286372088569185
33.0,32.0,True,0.3593822838905286,0.1416952003003037,0.577643399031249,-0.17945038304971708,0.028297010426144457
33.0,33.0,True,0.273327551651614,0.14472858244132428,0.6274864865108578,0.4076261697543035,-2.944605838043119
33.0,34.0,True,0.37276401771152995,0.0986999702842546,0.6107531579592473,-0.08028741977668272,-0.090941060131692
33.0,35.0,True,0.3121206835499491,0.09425720656489779,0.5029735405169276,0.24914159125753024,-1.790936831922326
33.0,36.0,True,0.33459382678943483,0.14257875620327207,0.6387692675453983,0.1791648584361328,-1.0506467889223647
33.0,37.0,True,0.2736609957119228,0.13579841182518507,0.5781039415553966,0.39521090175570317,-2.7009124585616835
33.0,38.0,True,0.31201618367619366,0.20436062156272256,0.6876921267896747,0.16172297740642702,-1.288233129836712
33.0,39.0,True,0.20468351940968363,0.10698977464150998,0.4063782049229636,0.03759038363858347,-4.941146831597568
33.0,40.0,True,0.20506175520312592,0.12163671888159493,0.3989015333462364,-0.13157867376643873,-4.73249282979753
33.0,41.0,True,0.0914638763543978,0.09153027593600728,0.2940637455093932,0.9847453516135122,-8.458787705937253
33.0,42.0,True,0.15844226010590365,0.06845804036924248,0.2576015614455734,-0.5621588688346244,-6.722603629294885
33.0,43.0,True,0.23741393276696027,0.16368700818285276,0.5379110239903578,0.3240338347270532,-3.872813315313543
33.0,44.0,True,0.19369021227209965,0.12081073120579326,0.4491248947271858,0.12212409586496153,-5.596805070937814
33.0,45.0,True,0.23461799974631292,0.1486692376193665,0.5520581703019258,0.3513517220396586,-3.7931423599048983
33.0,46.0,True,0.3690001686767453,0.2338059334373244,0.8882247304052067,0.4345864218573585,0.7745872297062872
33.0,47.0,True,0.4086914419597857,0.17140518635400676,0.6889574043016883,-0.23070702150888017,1.6587257284393586
33.0,48.0,True,0.5512926024440802,0.3023105135743047,1.1393008169635612,0.02771253610806169,7.011526968663259
33.0,49.0,True,0.6130858292370038,0.3029305803010276,1.2865322970815405,0.5959703775131777,8.555134836652028
33.0,50.0,True,0.4104784066925215,0.1824691560037511,0.7434574985870074,0.1465800992340565,2.0215984664104485
33.0,51.0,True,0.4862003938762456,0.23337054717028952,0.8501375657643137,-0.565329502585854,4.698253003711558
33.0,52.0,True,0.2805494845407612,0.10637981472688565,0.5355440117771066,0.3085281870683123,-2.574207186295699
33.0,53.0,True,0.24164802921381887,0.14937881027834096,0.5753272853977284,0.6925850941539949,-3.725884617824595
33.0,54.0,True,0.19326302515910407,0.1318117575753067,0.4901198336997432,0.619865240474423,-5.165165753890152
33.0,55.0,True,0.1337991325934302,0.09287442096999474,0.2871433325545863,0.16538197637230181,-7.251270484601833
33.0,56.0,True,0.19575908904344552,0.1464786517825897,0.4829807783843267,0.33705831427639393,-5.489604961769125
33.0,57.0,True,0.11168312019554279,0.0867324355941591,0.2811406452559467,0.33200511356744183,-8.242564194128654
33.0,58.0,True,0.1411002522460467,0.08401586078446795,0.3119723895137947,0.2846669906999843,-6.893634726804034
33.0,59.0,True,0.0987794322584735,0.13016679222496888,0.4214095968910655,1.2749083570870237,-8.492910282534696
33.0,60.0,True,0.1488235725112849,0.11356644760600516,0.3963087182792763,0.7867540161198164,-6.76912942566442
33.0,61.0,True,0.10168947389962678,0.11019828880373082,0.5493118051490357,2.0662721572303333,-8.697775616905915
33.0,62.0,True,0.10228492198611266,0.08092648222973474,0.2959225990198531,0.6061840390336016,-8.44856104562263
33.0,63.0,True,0.20927663951578482,0.157681527975527,0.6405070949282876,0.5680665678706791,-5.373529215641097
33.0,64.0,True,0.12159347967981422,0.11705596955173944,0.393186607899321,0.9231219269364501,-7.480649315186686
33.0,65.0,True,0.14889729137825936,0.06921060304576346,0.3438887078867545,0.24203526385178648,-7.053588588887911
33.0,66.0,True,0.07942103433810674,0.07560980879900893,0.2831928670592493,1.1543503502982682,-9.061944037944206
33.0,67.0,True,0.05601573508031996,0.048768457267140464,0.1753461487325773,0.7717971629578885,-9.87669190665054
33.0,68.0,True,0.1139942654215676,0.10637025533997406,0.4485979393576064,1.057814255739648,-8.061940527507298
33.0,69.0,True,0.08094391714163139,0.0746399972890195,0.3222049687594569,1.5296685603001499,-9.346372697172411
33.0,70.0,True,0.09145217460482313,0.057368038606897355,0.2240020584090785,0.3038493666953641,-8.78930712814107
33.0,71.0,True,0.11007742639379514,0.10369104529985615,0.3360337213118333,0.7617514038434795,-8.321766994206563
33.0,72.0,True,0.22818203577282226,0.1128931814358475,0.459421013131617,0.29083349326922614,-4.087259049072199
33.0,73.0,True,0.12421862706666321,0.08183286150881153,0.3454691182623476,1.1203479883623804,-7.567808907938629
33.0,74.0,True,0.17933682632935938,0.0955739213930028,0.5011139465293395,0.980753365803559,-6.1793670695394844
33.0,75.0,True,0.23074936476031993,0.21160662691711582,0.7402675804549183,0.8594146730201458,-4.030093198943753
33.0,76.0,True,0.2355275915854383,0.14353358911663017,0.6221907998734647,0.49108896609694247,-4.347360201089433
33.0,77.0,True,0.2503827173769446,0.13196931501014006,0.482833203497181,0.009551118861599553,-3.5791493061972206
33.0,78.0,True,0.2753270464573033,0.09781238080649642,0.4649190791692577,-0.011252584402042305,-2.7192090317051845
33.0,79.0,True,0.25125321631412667,0.169574484363372,0.6105630758430554,0.7409557604926035,-3.662537744771328
33.0,80.0,True,0.28534664092405015,0.13695845592874925,0.6144243935331732,0.537674387615283,-2.5462969466498793
33.0,81.0,True,0.30625744632051993,0.1259665969231214,0.5269442734264009,0.15088475104694044,-2.0081289094297636
33.0,82.0,True,0.3169475770303618,0.1823846695691681,0.6816158648108792,0.7135421417564496,-1.9906477107878118
33.0,83.0,True,0.35133512104593145,0.2648364816984359,1.0239566375657403,1.077940606329935,-0.2182561795741163
33.0,84.0,True,0.40398728663859224,0.19042383996205384,0.8117025577849711,0.36245930650801467,1.3392357949592315
33.0,85.0,True,0.38213883775702145,0.08784086364432456,0.5996212108977002,0.5659889546057316,0.6163389329427995
33.0,86.0,True,0.4330096997255628,0.1939335710935919,0.7949535719409978,-0.15979006402661297,1.8343453275821862
33.0,87.0,True,0.33130990079937456,0.13829043569820998,0.621613075197356,0.6327677383730728,-1.2793760547696884
33.0,88.0,True,0.3085806882481363,0.10842174515347805,0.5799658841750438,0.06401127804534593,-2.064491143381732
33.0,89.0,True,0.28402368997756006,0.20767311654205584,0.7133691294495578,0.4111178159543074,-2.5965507955953786
33.0,90.0,True,0.2442025968316061,0.138076570681917,0.534860779064914,0.12004439475850005,-3.4299191183547872
33.0,91.0,True,0.30677834829369716,0.12967926528550613,0.6597009431247137,0.927248230190472,-1.7711133833347577
33.0,92.0,True,0.3629115373093849,0.1908613888605707,0.8798750840861527,0.8833498986807302,0.13106289738443078
33.0,93.0,True,0.38706969076413034,0.1717266304402593,0.8704779866093275,1.0911430943211389,0.8442638807647759
33.0,94.0,True,0.33691923017426906,0.19369329157617646,0.7285047887366425,0.42940030466043805,-0.4518680473962031
33.0,95.0,True,0.3345574570577319,0.16106842950852568,0.76524616726205,1.0361081050901397,-0.428253737463694
33.0,96.0,True,0.4067418243588976,0.3301189772447293,1.153136462765384,0.8773475206896592,1.7420115122482382
33.0,97.0,True,0.007202052184515241,0.015682772122147047,0.0535326578817034,2.0457681488292785,-11.379058268375625
33.0,98.0,False,,,,,
33.0,99.0,False,,,,,
33.0,100.0,False,,,,,
34.0,1.0,False,,,,,
34.0,2.0,False,,,,,
34.0,3.0,False,,,,,
34.0,4.0,False,,,,,
34.0,5.0,True,0.15579056650365394,0.09629793743992969,0.3375615420831442,0.10222065868627354,-6.778792648559338
34.0,6.0,True,0.28298462148123826,0.16608403672079586,0.7212716960419958,1.0649393967456966,-2.270494526806329
34.0,7.0,True,0.2894402347936498,0.15344967318394645,0.8878846751161981,1.8703794052759253,-2.9174655249375863
34.0,8.0,True,0.37152207254435365,0.1251022547513203,0.6081590085752454,0.17859769346016122,0.29492631365789657
34.0,9.0,True,0.4600932081198245,0.16632887910146255,0.8417229249855251,0.13953954154924486,2.70853604005217
34.0,10.0,True,0.5032415109110578,0.20472510532599608,0.8445975383790025,-0.10216336601578656,4.753905040406585
34.0,11.0,True,0.2820516128243184,0.12457989249275735,0.5690568156717556,0.4374742235477346,-2.509859738350438
34.0,12.0,True,0.3058394169247949,0.14513795599799725,0.767051058899314,1.5969562925372789,-1.9036608391628618
34.0,13.0,True,0.23727457300613758,0.1186100416484654,0.5135252130264016,0.4653024414056734,-3.7833299420003597
34.0,14.0,True,0.2862893839845619,0.14527073022340642,0.5141817774442654,-0.6068986211634405,-2.527664252358435
34.0,15.0,True,0.27806339470514674,0.13400567855520604,0.4826127416907868,-0.22609728822061959,-2.4669645053384412
34.0,16.0,True,0.40729060491536,0.13724704514382866,0.7053587944233091,0.3711355275439695,1.3019123862541255
34.0,17.0,True,0.3153829536396174,0.13423481149320635,0.5879188335520875,-0.05024996842957929,-1.2689868277807852
34.0,18.0,True,0.2321940775020505,0.1397595583548597,0.5327345189115509,0.2535450075152662,-4.226568966930638
34.0,19.0,True,0.3876929014508825,0.12664074640180992,0.7040118268267399,0.7818222716067431,0.8576648688483803
34.0,20.0,True,0.34140211420327193,0.1304182432701257,0.6128464433966021,0.2647445834177227,-0.6600415279789881
34.0,21.0,True,0.33474712110590554,0.1772249252155139,0.6421086847182321,0.2003449662819593,-0.7364020342702766
34.0,22.0,True,0.35695577586539995,0.16456160278075216,0.7110861014547444,0.4727562637215285,-0.03716879836700527
34.0,23.0,True,0.30156445214578587,0.21116921651945736,0.9040492171823384,1.6072564092090307,-1.715721319918668
34.0,24.0,True,0.33651406584162763,0.13511637711137106,0.6902837385185279,0.7196737465582177,-1.0689779554961374
34.0,25.0,True,0.29076698351857444,0.1395518720921992,0.587654583363871,0.14045708518198116,-2.053796563783703
34.0,26.0,True,0.28391446343003385,0.13592236316536566,0.5492776051787038,0.32377823674218353,-2.4383523704916326
34.0,27.0,True,0.33409852242090765,0.13683634809698622,0.6545964422711847,0.6297415460298579,-1.2293243181014764
34.0,28.0,True,0.3350151086992586,0.15690792268231027,0.5171515122269544,-0.7158830828081001,-0.9065763072221643
34.0,29.0,True,0.2840601791887844,0.11855785294738518,0.5247630513672195,0.19685847953237492,-2.4442281912990937
34.0,30.0,True,0.33890216125377504,0.12508239970794133,0.5420695225671701,-0.5171630911890699,-0.7614336280321299
34.0,31.0,True,0.3217194092750423,0.19302164541708067,0.6886216611314747,0.3466721744622962,-1.0461405100479586
34.0,32.0,True,0.2741248959325949,0.19759327686788863,0.7764577762157592,1.1786697255192928,-3.192055521685477
34.0,33.0,True,0.45366037389947905,0.1938071335268542,1.1885304466894542,1.3757211604776696,2.427741886037467
34.0,34.0,True,0.3348905118176467,0.13832889571969154,0.6021259759180393,-0.1716748354557054,-0.6731313871545477
34.0,35.0,True,0.33667487834731047,0.11958488010037353,0.7932364639418115,1.592342425840193,-1.0129546901293338
34.0,36.0,True,0.299371845230618,0.1332493756574299,0.5126372392592677,-0.3088290904099353,-1.7153817021448787
34.0,37.0,True,0.3961955797805817,0.1271662493090108,0.8869056053082403,1.4769596682532835,0.7077546824333899
34.0,38.0,True,0.3475062482278395,0.1840963431933331,1.0134181046053288,1.1743784455192543,-0.7751076464411651
34.0,39.0,True,0.25219569023322164,0.08960234159005669,0.4080870710282476,-0.6620605585859713,-3.408050219114692
34.0,40.0,True,0.3217268768482578,0.16455983575830338,0.6361703984896147,-0.05072164847276886,-0.9994396851333348
34.0,41.0,True,0.18126552030010581,0.12231626807183749,0.4168121257324261,0.4194469505152796,-5.922714341613786
34.0,42.0,True,0.15096331354142484,0.1173561806561269,0.4350672757736555,0.942554807937096,-6.865772191663649
34.0,43.0,True,0.17680414481303539,0.11523491640644544,0.3996213865732301,0.35476365236739804,-5.923458615244948
34.0,44.0,True,0.2081252978105809,0.13198809326924918,0.4662644837158961,0.043830930138076735,-4.662352880659523
34.0,45.0,True,0.3078938891788849,0.17609608140437716,0.6731538976339049,0.21749983999272385,-1.4104118229212268
34.0,46.0,True,0.31635030530365926,0.17938366978632003,0.7979538890769055,1.1989159062785317,-1.4663000600092884
34.0,47.0,True,0.4680497961451942,0.14483693822605068,0.6927079941175053,-0.6033547781404203,3.6422013462484397
34.0,48.0,True,0.48516750094934435,0.23370463745415304,0.8478262483147192,-0.5515021573224296,4.622689769271226
34.0,49.0,True,0.42808988062445624,0.2491491688617451,0.884260344077983,0.04910165190316342,2.6500152089606317
34.0,50.0,True,0.3915757887235413,0.1855853904419732,0.7850253683224674,0.3537306537277073,0.7569602123823636
34.0,51.0,True,0.26431951258179764,0.1313460008366382,0.4755333717608209,-0.22076396416961003,-2.781118843766124
34.0,52.0,True,0.17237774329117994,0.12139184711836166,0.420701780302369,0.39685865183643243,-6.086957392726478
34.0,53.0,True,0.18477051074324177,0.11955367771413758,0.4301980758843868,0.3031664396389361,-5.714310492468585
34.0,54.0,True,0.1579826415496661,0.10507501331603325,0.3531949004712838,0.33343202580200754,-6.502839297428294
34.0,55.0,True,0.16586185082346133,0.06812863469724201,0.285917260601695,-0.2364204144367932,-6.146539523863141
34.0,56.0,True,0.13988629801584487,0.10062482597626911,0.5785324528925354,2.011562290490859,-7.429512423109221
34.0,57.0,True,0.14483686407254842,0.10760587470917847,0.3806854475198818,0.41489617556289443,-7.1992961112517255
34.0,58.0,True,0.18820155201076783,0.12183024951001296,0.4126872659603644,0.5384919988479244,-5.570193657487349
34.0,59.0,True,0.06767918072595935,0.05228444549413366,0.1849350871991174,0.6994059902264612,-9.328310191578947
34.0,60.0,True,0.1662433895350961,0.11273131915163974,0.3311079371518801,-0.2911379606879804,-5.977505121256896
34.0,61.0,True,0.158458874589252,0.09100487092645462,0.3530580797463267,0.2833394030754529,-6.5267858753934895
34.0,62.0,True,0.18436082792384928,0.0828547255295095,0.3476723064506793,0.22681476168120016,-5.591264078865805
34.0,63.0,True,0.12364194267694593,0.10922535725228598,0.3630664036070523,0.6651001966414654,-7.667247328909102
34.0,64.0,True,0.11947912788451356,0.045801767270374626,0.2021968887653433,-0.24760010086232345,-7.739575393208823
34.0,65.0,True,0.21048347516667196,0.13913137510777143,0.4784367753708193,0.2502884539174225,-4.6682924475698995
34.0,66.0,True,0.13298710548645787,0.07651675660086735,0.2782695210176317,0.29984747783736526,-7.411487139537264
34.0,67.0,True,0.1490230395830668,0.12691880784447915,0.4903575859950252,1.3241118851335694,-7.055443187051655
34.0,68.0,True,0.1510300449096197,0.11005670451250109,0.3676512027759961,0.2467002253907808,-6.84982145645637
34.0,69.0,True,0.13056544180863858,0.10155534385232305,0.3331371181692317,0.3374489145540085,-7.340442162451132
34.0,70.0,True,0.1344139858854234,0.15429694828139423,0.7778239133040784,2.1415903477013734,-7.8306461442384885
34.0,71.0,True,0.13993228061560686,0.08138445784163886,0.3021435099805749,0.1935205059909682,-7.149745642471589
34.0,72.0,True,0.16281374521557743,0.09032084706622531,0.3851760300392983,0.3508017355794526,-6.333650496848629
34.0,73.0,True,0.22941347745682744,0.13584364061210363,0.5505389155258549,0.5679782116956954,-4.435863245458102
34.0,74.0,True,0.12784868518624923,0.09098815248033046,0.4896300613523507,1.9815447127023051,-7.8838426988763555
34.0,75.0,True,0.16042787087969712,0.0868526369627114,0.3351835567984597,0.28672493988322195,-6.763674371098444
34.0,76.0,True,0.20373217741136637,0.15202273009049863,0.5942655099630393,0.8540361028189423,-5.062572246260707
34.0,77.0,True,0.2316661184619938,0.15258397407851607,0.791384938572103,1.2720023160467815,-4.348638966330934
34.0,78.0,True,0.19642819269359907,0.09718367156641712,0.3921795336716696,-0.04642641001533573,-5.2367831217056375
34.0,79.0,True,0.29584351201286324,0.13001781205521587,0.5418600113384506,0.21131551171335872,-1.9840553792420703
34.0,80.0,True,0.28260230368121536,0.13189355610101855,0.5496983939226863,0.46033849823843165,-2.506485666990998
34.0,81.0,True,0.317605141799509,0.21643246807087027,1.082654861657315,1.2676827778657593,-2.169103700090909
34.0,82.0,True,0.41461465284619864,0.18254689124340512,0.7002311921084312,-0.061825520489063916,2.032502921056296
34.0,83.0,True,0.35986738803428353,0.12934512808670848,0.7226642834310398,0.13513032109675008,-0.3539491594583568
34.0,84.0,True,0.27633420782439905,0.09941285678990769,0.3960097752241843,-1.0124667519281456,-2.71185072852438
34.0,85.0,True,0.23235581770214803,0.1292017914874199,0.5228450261723837,0.10283811116690617,-4.302191473098425
34.0,86.0,True,0.3071446646368243,0.14783724749726143,0.6324031639052163,0.20884486762461704,-1.8737346927203258
34.0,87.0,True,0.31437695193425663,0.17050190747023283,0.5954221541552044,-0.24824980680915906,-1.998321036560806
34.0,88.0,True,0.24285858870883723,0.14860600279827654,0.8476570836586053,1.6034545861339102,-4.122705703864915
34.0,89.0,True,0.2277054367496632,0.10544619631873617,0.3748528781941275,-0.5634147080219175,-4.068517922320433
34.0,90.0,True,0.20681525590378919,0.1221555860163112,0.4479825978820207,0.08486137135973242,-5.161495721510408
34.0,91.0,True,0.26278134894109323,0.10885598282726605,0.4441401840838466,-0.32312011023003273,-3.2794613157620707
34.0,92.0,True,0.32906275583958056,0.20933367517533996,0.7802703001687912,0.40592568681025487,-0.8496274062728808
34.0,93.0,True,0.3532172883625651,0.13127463423199617,0.6442354639678731,0.24393518701453565,-0.17339689596723462
34.0,94.0,True,0.44498632423394385,0.2083946952794423,0.9061094979502706,0.3986011888775498,2.9940988532189388
34.0,95.0,True,0.35027822621138077,0.12458319185866609,0.5925096290306968,-0.13662991132277777,-0.5678359529298257
34.0,96.0,True,0.3554776051310586,0.12676580985678768,0.5660526272900732,-0.0722788991969271,-0.4564047082966884
34.0,97.0,True,0.11478097619195757,0.06765557770596267,0.2624887918668013,-0.005014024989617403,-7.819080972436303
34.0,98.0,False,,,,,
34.0,99.0,False,,,,,
34.0,100.0,False,,,,,
35.0,1.0,False,,,,,
35.0,2.0,False,,,,,
35.0,3.0,False,,,,,
35.0,4.0,False,,,,,
35.0,5.0,True,0.33293681505415634,0.10620501935248967,0.6120329120735251,0.8638663311864164,-1.1860448834593234
35.0,6.0,True,0.3470117115759851,0.11565543707674043,0.5903108809052917,0.20431080032269489,-0.3170156729582413
35.0,7.0,True,0.3538625761483283,0.17192249259590348,0.7108043242930931,0.11163311851702368,-0.24614935036873514
35.0,8.0,True,0.37476743114774624,0.11352551066839792,0.6650453351527575,0.2250654229567021,0.1729690957485866
35.0,9.0,True,0.478144086590272,0.21713227380060635,0.9859441208161508,0.4143804288269351,3.3116430021683216
35.0,10.0,True,0.43666814811982785,0.12317891734542476,0.7248389794920674,0.19322106653715865,2.5264818201885406
35.0,11.0,True,0.3095595906589483,0.13213323020450946,0.5686201152555798,0.13709189576090122,-1.892907644596137
35.0,12.0,True,0.3584191285163013,0.14743545622256438,0.6814930423411092,0.35610180139277275,0.01154620278220507
35.0,13.0,True,0.3420816683478326,0.0970421991622693,0.6058092944707083,0.6445971985737491,-0.6674915443194376
35.0,14.0,True,0.3552375576102566,0.13527719931262275,0.706951896174021,0.5969194868351341,-0.009837488161808579
35.0,15.0,True,0.37101033793038674,0.15050051331566308,0.671930522937647,0.15668819710514423,0.0693595040615597
35.0,16.0,True,0.3635006231053447,0.15401104691423761,0.6474355557183268,0.16952967102147415,0.015203562004136481
35.0,17.0,True,0.5172069135403449,0.16706340374896123,0.8194189727555661,0.13395351744545247,5.041338386654142
35.0,18.0,True,0.48855603169010103,0.16926055258101874,0.8393919299087009,0.7240984202603298,3.943659750128814
35.0,19.0,True,0.568355820215885,0.3356148318690779,1.195597021085333,0.5940985960849658,6.70963398907375
35.0,20.0,True,0.3887949731486491,0.24227265020686933,0.7796147696109962,0.14433763133854066,1.2627620708127765
35.0,21.0,True,0.38110373823653504,0.13042237657172695,0.5906383900304725,-0.7007544147909536,0.6135429863457682
35.0,22.0,True,0.38976275761360035,0.21483510052294416,0.7379192194765524,-0.3594367221827879,1.0372267621399773
35.0,23.0,True,0.3041679722730571,0.16648559333080762,0.6389786382072233,0.06679835571823574,-1.4797416674517492
35.0,24.0,True,0.3044689191458272,0.19797329090622284,0.7566717760412314,0.47029100121350864,-2.092216201787708
35.0,25.0,True,0.35799558714057733,0.17736934856065045,0.6601945536096723,-0.17240577886396863,-0.031626619332705906
35.0,26.0,True,0.30178249376506255,0.1323537008697679,0.5585994613637496,0.07375503216278959,-2.127358360760918
35.0,27.0,True,0.257645355846945,0.1026838745408329,0.4621436951647101,0.439502670721407,-3.437391835266191
35.0,28.0,True,0.3382955888090531,0.09511836354322355,0.5227674674045812,0.060620425297247836,-0.7856304934202936
35.0,29.0,True,0.3792543228950534,0.19009756803425068,0.6827809503346783,-0.15307194860353573,0.6436945894449039
35.0,30.0,True,0.4493508325015438,0.17720419091951717,0.7897059227736298,-0.4372060778098491,2.9047935509195284
35.0,31.0,True,0.38770384487630644,0.1422002803271129,0.6711160054207883,-0.006114423550650675,0.2295549050007653
35.0,32.0,True,0.43734292721660384,0.21171168180191388,1.027487455100991,1.2041158720609857,2.6592362853335914
35.0,33.0,True,0.3206541227229692,0.12954596468798302,0.5473648264429593,-0.06843432729631856,-1.3686426326295271
35.0,34.0,True,0.3809819866254453,0.13745923567955018,0.5673246053549331,-0.5011235605432566,0.5949612824434193
35.0,35.0,True,0.37164845515372213,0.15733961604980948,0.6928603775430144,0.22255064923719467,0.5497150173025476
35.0,36.0,True,0.3280658077896112,0.1742031531649273,0.7106764649610158,0.5787857769995147,-0.7827908771731853
35.0,37.0,True,0.2762746301370496,0.14864414627995878,0.5389680280528075,0.46219498564195377,-2.4205926189665927
35.0,38.0,True,0.35339141559582343,0.12463364086863303,0.6393367512133409,0.3611846426195895,-0.7055903506766068
35.0,39.0,True,0.2389912054143009,0.1380585779937556,0.5122732595273417,0.6483593883659736,-4.047699776476722
35.0,40.0,True,0.2183796630269407,0.15483573893024116,0.5434286943402776,0.34141032720541503,-4.385551032641145
35.0,41.0,True,0.22543997158263848,0.13896415258534234,0.4739846664763975,0.11003730046980063,-4.1568316252604385
35.0,42.0,True,0.14459893813374028,0.08224260071301467,0.3227347168940163,0.6003907242367305,-7.0533966534502595
35.0,43.0,True,0.1838970521214987,0.14164167791412835,0.4141214085477047,0.3354733341903636,-5.583391573194814
35.0,44.0,True,0.2667555219170291,0.1386390359318256,0.5798585363849367,0.2090816260274463,-2.75600345301374
35.0,45.0,True,0.2549299146690137,0.14992996521511753,0.5291497469347771,0.40697383012878235,-3.1854266577490433
35.0,46.0,True,0.27341294814664274,0.13553925894016358,0.5032370021145797,0.1207572357897855,-2.7094514460815033
35.0,47.0,True,0.3772333534397791,0.21755461020482347,0.7239126747499398,-0.15886124064764748,1.0095429007928423
35.0,48.0,True,0.2899012331029885,0.19973672997829556,0.6664125565432352,0.4672033232738549,-2.0503530666586562
35.0,49.0,True,0.3077956421080232,0.13696709350304306,0.6192097675504932,0.1078901437822887,-1.5349851989879806
35.0,50.0,True,0.3169403184547444,0.14262698191898335,0.6863202174378591,0.29213405647094504,-1.3919814651668811
35.0,51.0,True,0.2047274871632878,0.1231313734929118,0.4535972364581678,0.23795070954142641,-5.052623380133089
35.0,52.0,True,0.22074535556803962,0.11934780698338539,0.3882951554873303,-0.5034123123505764,-4.279187575686879
35.0,53.0,True,0.17296746366788632,0.18118720998016188,0.6230035139428913,1.1981450651865486,-5.957869767449173
35.0,54.0,True,0.17551958446232044,0.11424671800591453,0.37692577495322,0.22434263419946915,-5.855527927325885
35.0,55.0,True,0.17781732318657298,0.07519822415273886,0.2779363630137064,-0.569237271573879,-5.977486125957501
35.0,56.0,True,0.050630135986625614,0.04205647364966985,0.1661786643166302,0.6282995581245501,-10.123124941895115
35.0,57.0,True,0.17221744760593674,0.1207509331409204,0.4977898222592919,1.1315211691024674,-5.971940396786295
35.0,58.0,True,0.17061513105639847,0.09674225816085229,0.3840371003669732,0.3849730491183535,-6.0294934603745896
35.0,59.0,True,0.16065744558720713,0.09054530338487839,0.2965648443877277,-0.17998866363834842,-6.357186948312069
35.0,60.0,True,0.12743671132675438,0.10525132272055564,0.4601314836601108,1.0102590649824108,-7.546013102096253
35.0,61.0,True,0.2393049278834279,0.11041125020572365,0.4117932550177803,-0.5552431647059813,-3.953510029508915
35.0,62.0,True,0.11888223044595217,0.07040363471799677,0.2769720236694874,0.20452590497826328,-7.797919306620524
35.0,63.0,True,0.20979318473683317,0.11554251448657704,0.4253592360936361,0.06265812862876723,-4.778681780097014
35.0,64.0,True,0.1089337691899804,0.12168940937778246,0.4575772573576408,1.6598513113708744,-7.9182063115107875
35.0,65.0,True,0.17130503512933873,0.08962032869292842,0.3587893545488663,0.03900912855660827,-6.1003708149235605
35.0,66.0,True,0.21849155906102302,0.08000976598349874,0.3634059856428606,0.10907565793459525,-4.682725916725565
35.0,67.0,True,0.13464540229064592,0.1139825711599759,0.4036079697839007,0.7197206632234996,-7.001864048179116
35.0,68.0,True,0.15248085740921427,0.11367573306453604,0.4186982934664739,0.7196860196685457,-6.61997216959628
35.0,69.0,True,0.1372203336887613,0.06907701681342432,0.2714767220567001,-0.27812961878156467,-7.184970892528623
35.0,70.0,True,0.13914203842194248,0.09064542705470943,0.445402369634823,1.0294765272598343,-7.231381721803808
35.0,71.0,True,0.12453937897766523,0.14642024763903375,0.5287614375992765,1.5695291850675646,-7.489401475251674
35.0,72.0,True,0.14897463918789225,0.11400560896885599,0.4690620736161021,0.9755689104835953,-6.872024742288414
35.0,73.0,True,0.15521140322885488,0.12072076448592407,0.3892819827904484,0.6803411313668868,-6.510178296710044
35.0,74.0,True,0.16739185397255615,0.12997255866946297,0.7018297853945709,2.347128457545621,-6.542555026735495
35.0,75.0,True,0.14170323537240637,0.07979917153781052,0.2977856290838976,0.26047171948504877,-7.185056136213443
35.0,76.0,True,0.3054247234936791,0.15374441180448362,0.6470829007385525,0.36871373776868493,-1.834236567619771
35.0,77.0,True,0.23369997511517654,0.11692617763836721,0.5409688830883553,1.0240528318744766,-3.9073931265641524
35.0,78.0,True,0.19284658258735293,0.12899304206949044,0.5400874400498606,1.0900607201509798,-5.42515227950114
35.0,79.0,True,0.32032859111557593,0.15551197510491466,0.6199353596414929,0.502194876494329,-1.3846634081343987
35.0,80.0,True,0.30077976698209935,0.12734623754309762,0.5332707497902752,-0.12219742787437726,-2.121757643099124
35.0,81.0,True,0.2174256293869217,0.12093387599004844,0.4449880886631443,-0.05026593636561097,-4.691922827013123
35.0,82.0,True,0.4352931204078637,0.19280780875077516,1.002363237812052,0.8840016990198507,2.190740775752416
35.0,83.0,True,0.2592835568840906,0.10048630970561238,0.57386624789695,0.5465186867259586,-3.544748750104129
35.0,84.0,True,0.3587211859557657,0.08869332187811631,0.557248624212788,-0.06493666922973171,-0.23636982038051302
35.0,85.0,True,0.4066985442854168,0.16304956851531968,0.7773079224970089,-0.029737674458057493,1.2172863652557697
35.0,86.0,True,0.2751368248583333,0.1313558658030548,0.5651701713196204,0.3283607455559128,-2.8891597837712
35.0,87.0,True,0.31227181887147054,0.19125936071259397,0.8188288148435914,1.107061992400064,-1.4558733598920002
35.0,88.0,True,0.26144978650065254,0.19186821004929674,0.9269608727741202,1.169041274337273,-3.5095267569467845
35.0,89.0,True,0.19186544116328566,0.10049533449726336,0.414341010502746,0.3633637511005921,-5.5414183210617995
35.0,90.0,True,0.21405051565017857,0.15331627465068368,0.5106671930387505,0.6970146673112317,-4.628546449444069
35.0,91.0,True,0.2919079224925315,0.1511482376697518,0.6070180108150887,0.06142562775102183,-1.9151744337302408
35.0,92.0,True,0.33244551468862316,0.16826674889434476,0.7354396538110135,0.8746123447257971,-0.6470802623058072
35.0,93.0,True,0.403707857331117,0.16003196684113685,0.7201092184115923,0.059769837697040744,1.2719162713483012
35.0,94.0,True,0.34325510194560843,0.11545646024536174,0.5789475379360284,0.08276490499523494,-0.6045766578977001
35.0,95.0,True,0.41868592283366807,0.21935451398627223,0.9127720398925186,0.5011754487938033,1.5341945036871374
35.0,96.0,True,0.4944292062608578,0.20500541446867876,1.0033721930368855,0.5678441288737347,4.38248325403061
35.0,97.0,True,0.3617047434721575,0.1373104697771283,0.7482979172169071,0.35953893621844357,-0.3211192806591934
35.0,98.0,False,,,,,
35.0,99.0,False,,,,,
35.0,100.0,False,,,,,
36.0,1.0,False,,,,,
36.0,2.0,False,,,,,
36.0,3.0,False,,,,,
36.0,4.0,True,0.07919033083398791,0.0700089142467512,0.2296597831377421,0.641890145948091,-8.956262102782615
36.0,5.0,True,0.43617140835267726,0.23145253781511166,0.9860218318298104,0.7470545282342229,2.320695614083602
36.0,6.0,True,0.5042268583439321,0.21453321897223782,0.9321168687206804,0.03348536056733243,5.012272020544012
36.0,7.0,True,0.5386804656423927,0.17918739580293414,0.8640263811636051,-0.10682827327515991,5.696226582891992
36.0,8.0,True,0.6407908608347692,0.3020251204662737,1.2300716771898814,0.14292356576641133,9.451055122023536
36.0,9.0,True,0.48091510237998536,0.1920434246267145,0.871238912483301,-0.35273894287033786,4.23016804262617
36.0,10.0,True,0.3267920072426876,0.2252121904573656,1.0689560957483095,1.2524851080002073,-2.0770489218029766
36.0,11.0,True,0.32888567595176144,0.15510818429021325,0.5643449647506875,-0.22448225664771415,-0.6844586379966737
36.0,12.0,True,0.3193074935947402,0.1507842714666603,0.6902102856913729,0.7860968170965495,-1.2582142416668431
36.0,13.0,True,0.4094531472311687,0.24513959578008582,0.839851695873514,0.23348533611705094,1.7264049269874515
36.0,14.0,True,0.29103593395777766,0.11388024827253379,0.5958481609581384,1.0372116505096296,-2.0289825289081933
36.0,15.0,True,0.36070389313301643,0.19662004819569687,0.7107127730688675,-0.17654375255941146,0.42398409212776755
36.0,16.0,True,0.42129564862568175,0.18417649448925832,0.7203554490998533,-0.1688958264935684,1.886278698436609
36.0,17.0,True,0.3983567908802931,0.2626210647358151,0.9728577109885916,0.37368248009709076,1.5703832559769502
36.0,18.0,True,0.5445721685405727,0.21787611221630007,0.9023276088295576,-0.5865637071613771,6.131247554289368
36.0,19.0,True,0.47763593399756643,0.21669057753578244,0.9149267122002578,0.2199517160332634,3.394772132828717
36.0,20.0,True,0.5135064272213915,0.28870197683499194,1.150997172524756,0.4764457907594985,5.405885315622739
36.0,21.0,True,0.47863569113453264,0.19160643550831302,0.8177241791594498,-0.33667921265988,3.9927092240062922
36.0,22.0,True,0.2805704793117734,0.18966605140309895,0.723287939689563,0.7739514507460072,-2.547358156914628
36.0,23.0,True,0.3920371065108708,0.16227172722404976,0.8008092838638232,1.071976348908746,0.7439657137918347
36.0,24.0,True,0.2921380017054494,0.21307709212464543,1.2563437368437207,2.847390623935461,-3.039153707084571
36.0,25.0,True,0.2781600121841071,0.12121347167350156,0.4953902933894994,-0.23435892385639515,-2.9932606378132074
36.0,26.0,True,0.3824397390998295,0.2235268139458503,0.8360930456761128,0.21342673335911588,0.609967645274493
36.0,27.0,True,0.29308229899583116,0.1916302382233969,0.8572721195638752,0.8591570132841316,-2.7495712652629
36.0,28.0,True,0.3438026993746152,0.13337524850426138,0.5902824639511975,-0.20227147584338073,-0.4963465298112836
36.0,29.0,True,0.4542346827543494,0.1805633896956141,0.7888277186284388,-0.13252661175377864,3.384817706676553
36.0,30.0,True,0.3587689331854021,0.09489331887730691,0.4819220887822074,-0.4908527669732997,-0.12341840333609949
36.0,31.0,True,0.3288748517109251,0.192361910287647,1.0298754072142715,1.644168915204483,-1.2885351780883931
36.0,32.0,True,0.3934666595808233,0.1814768671255454,0.759839363824089,0.06946706240095679,1.126243460550838
36.0,33.0,True,0.2201934890241826,0.11559381539545487,0.4146199456915149,0.28066497702098303,-4.413440225795944
36.0,34.0,True,0.30932565067248224,0.17825531284304136,0.68075551934145,0.488423464902788,-1.5722322359488157
36.0,35.0,True,0.3113346601516759,0.1394997489388895,0.6218237762438941,0.3692301079144279,-1.4531003086393859
36.0,36.0,True,0.2485597416283209,0.23673357667604158,0.8086661419711872,0.7387662102560362,-3.2825140427160635
36.0,37.0,True,0.33420722422234583,0.15950427436232814,0.5820736083956968,-0.24802824240028004,-0.7271539684839319
36.0,38.0,True,0.26105424074569306,0.16006416885214875,0.529921113216627,-0.09543442828454633,-2.9518708058192065
36.0,39.0,True,0.2886771938870649,0.1494942770164671,0.523792421690969,-0.11825814596463857,-2.6758276269088888
36.0,40.0,True,0.29789017369828574,0.17900616883828427,0.6614856448674915,0.15098449137108766,-2.0925600839088756
36.0,41.0,True,0.15591428439464064,0.09181381250033711,0.3843976632403383,0.5170551866058376,-6.620522342756546
36.0,42.0,True,0.14684316502960795,0.1403132428467754,0.4560489086349626,0.7062171937501811,-7.263962004076636
36.0,43.0,True,0.24199584607013627,0.14467606000891256,0.5431024792725961,0.13780123801314142,-4.006217779143642
36.0,44.0,True,0.24438720706809933,0.10653426663280195,0.4292094944446894,-0.24093466349037207,-3.7898461458285055
36.0,45.0,True,0.35196811543740464,0.18359545590560727,0.6580241304472982,0.13037130313089493,-0.23250061864974583
36.0,46.0,True,0.24440747921597086,0.13049720778155507,0.5489793912937719,0.513531285697901,-3.8297675629595833
36.0,47.0,True,0.14240577175768906,0.11255831126211403,0.3743047233270585,0.6039565233866893,-6.846208622442423
36.0,48.0,True,0.2614847925950465,0.12675456417560366,0.4982806863048276,0.05446084192032379,-2.9329343993576344
36.0,49.0,True,0.3099843827340367,0.1276559761910876,0.5240356774510281,-0.02524310601765654,-1.8015054718440269
36.0,50.0,True,0.17959825495417447,0.12264979947158494,0.3833928651309347,-0.03030480715215046,-5.776985744843397
36.0,51.0,True,0.19857531314739746,0.07576068186307498,0.3365706612991055,-0.5453941850127018,-5.061617773937539
36.0,52.0,True,0.20119564297548273,0.12399801682170812,0.4609105073984541,0.3264817580511223,-4.988545772402798
36.0,53.0,True,0.1518916293698444,0.0749822587306149,0.2911244178804229,-0.24220021981837137,-6.689675743922407
36.0,54.0,True,0.19110432537178443,0.14256335302063683,0.5116658617520556,0.595264100761313,-5.594604776759809
36.0,55.0,True,0.1480071536323258,0.10729946616727237,0.4194665069633781,0.6615375217237952,-6.710687901800719
36.0,56.0,True,0.12974005803660826,0.09356434889836782,0.3483143577885793,0.6604298198354414,-7.678299661413365
36.0,57.0,True,0.1794736878643415,0.14097676760185662,0.3851411138343761,-0.05150588305936536,-5.775058311860636
36.0,58.0,True,0.134564102955337,0.11694507690626772,0.4020947619280058,0.4506378638659116,-7.220470251462886
36.0,59.0,True,0.18636188964872413,0.08786950408374122,0.3162837969061991,-0.49677300264811997,-5.71572785912801
36.0,60.0,True,0.19487057442276756,0.08198338460245783,0.3162376469884943,-0.778931843785957,-5.140434026674382
36.0,61.0,True,0.13957613665904964,0.08891714111535891,0.3061364834636556,0.21542567686651334,-7.163315583177149
36.0,62.0,True,0.23344206540700327,0.11740698022468826,0.6101330189473481,1.6245588086344827,-4.718148629706364
36.0,63.0,True,0.12476036292571968,0.09789102060907512,0.3773087765381245,1.031452471957774,-7.462988109602939
36.0,64.0,True,0.17571006651771695,0.10734658044121771,0.3625693334649449,-0.16275484452368816,-5.988288804173377
36.0,65.0,True,0.17805757186608304,0.1592681277608444,0.6027172463823698,1.0551533139895832,-5.584044143027044
36.0,66.0,True,0.1154271944502379,0.07823320875341913,0.3058925500820068,0.8300736332815688,-7.921788110305058
36.0,67.0,True,0.12310293437299763,0.06605120515804278,0.2544581875652129,-0.11090047176302216,-7.685910387394068
36.0,68.0,True,0.09443687006387506,0.08207019379484629,0.2809145373419468,0.5899832987995,-8.353138568027012
36.0,69.0,True,0.20396259057622104,0.09870411510033435,0.3824940800201846,0.3227911899798546,-5.049738202627403
36.0,70.0,True,0.14002172669322188,0.0834933381844785,0.3597432688561557,0.6573715785516765,-7.0271237130029975
36.0,71.0,True,0.14726651985768657,0.127404571757083,0.4169844478820909,0.7230226017985116,-6.682610590943718
36.0,72.0,True,0.08771818189764498,0.08921416065403423,0.3263179790339086,1.2684762886258822,-8.66606241840154
36.0,73.0,True,0.1198994815317575,0.08470785897949744,0.3511154056724889,0.8559855920463827,-8.029052521273893
36.0,74.0,True,0.2620526644835184,0.16532814406754334,0.6452811608312299,0.6169164725297728,-2.839285713213622
36.0,75.0,True,0.2227666298263889,0.14928165984163708,0.5607356378878329,0.3919623785655969,-4.4601963626888494
36.0,76.0,True,0.29755811676421845,0.1733529298169432,0.7706869670247851,0.524078244645948,-2.3308059285308866
36.0,77.0,True,0.2372077817644942,0.10717008817158653,0.5025827925859887,-0.08564839066924858,-4.24713615460736
36.0,78.0,True,0.3359692801155773,0.14828770336186514,0.6078166813749187,-0.1898840868933919,-0.6235480188105248
36.0,79.0,True,0.2593880374880403,0.1676539156860102,0.6363432114735234,0.8035041037172349,-3.394153167274305
36.0,80.0,True,0.27574453401384813,0.1028967247016577,0.652919908871702,1.1938056455045463,-3.0360902525463422
36.0,81.0,True,0.4897481822863739,0.15634799219873624,0.8798247118130421,1.039669735686258,3.946475319333974
36.0,82.0,True,0.4119753127336739,0.14841659972330282,0.6992877722815676,-0.20553883777841356,1.1481573361585147
36.0,83.0,True,0.3273966858462556,0.17585115974385965,0.6241999532534447,-0.019195890104219845,-0.9320578090735376
36.0,84.0,True,0.32149430387745365,0.12800298678957142,0.6278732322942133,0.7067017041850852,-1.4398236264200648
36.0,85.0,True,0.39233269329314935,0.16317409355258808,0.7138055238046046,-0.0029379121331039996,1.17499662575963
36.0,86.0,True,0.28760278744637396,0.2193292252760026,0.735230744945299,0.5540440562878812,-2.423170192220151
36.0,87.0,True,0.15522949900019772,0.0892976938860981,0.3233166361657095,0.1022421142227628,-6.5836227085346435
36.0,88.0,True,0.1618928737894388,0.05698121263838524,0.276575063802496,0.35820960889399267,-6.513255783984114
36.0,89.0,True,0.2270870456968059,0.127143489974913,0.5075469401298138,0.2022309705752052,-4.2385149508336255
36.0,90.0,True,0.21480691677198016,0.0768323104658925,0.4031967771026224,0.7213782269411104,-4.80581509235306
36.0,91.0,True,0.2423411827521087,0.1678873176685714,0.645804691456429,0.8740334333402907,-3.6719578510337576
36.0,92.0,True,0.37409110853845323,0.12269084265688543,0.6231681171788297,-0.19782761760345197,0.6239800172574651
36.0,93.0,True,0.3834714299718186,0.16296627408037545,0.7355340728396255,-0.6340618780608221,0.9424355612554277
36.0,94.0,True,0.3601009851457753,0.1624688308462254,0.7793357025285502,1.1161663392642724,0.2040759263786192
36.0,95.0,True,0.4606127598082268,0.20143981877674944,0.7943595922763348,-0.45366401165313563,3.4472272112685394
36.0,96.0,True,0.41172175716749354,0.10766696182535966,0.6293231088743905,0.10229098316608258,1.6760867381463807
36.0,97.0,True,0.32172595846324675,0.20341856065536054,0.7439759536472157,0.6615154801426103,-1.4574110571358618
36.0,98.0,True,0.01632342913441757,0.021302258669786585,0.0583816163917677,0.841672310270343,-11.053544762691116
36.0,99.0,False,,,,,
36.0,100.0,False,,,,,
37.0,1.0,False,,,,,
37.0,2.0,False,,,,,
37.0,3.0,False,,,,,
37.0,4.0,True,0.19454127234722743,0.10267258949947745,0.4394786584224789,0.3354091805440421,-5.268159133521274
37.0,5.0,True,0.3166334577363402,0.11780790357728838,0.5070846387052395,-0.6402049362976792,-1.142771960170033
37.0,6.0,True,0.3669034415133425,0.22148180702097803,0.8642956999930895,0.6605145799214656,0.3927441569709251
37.0,7.0,True,0.42522034488986,0.18395839006744724,0.8884636243542939,0.14689702155550757,1.1971995507014173
37.0,8.0,True,0.4910961802577502,0.1839565346341119,0.9722844125448268,0.15359912886551913,3.7653990819471024
37.0,9.0,True,0.4359923322991653,0.14061399414338543,0.7334478669928092,0.298065561627831,1.9881076489333611
37.0,10.0,True,0.31847228156046364,0.21826679986925157,0.7942162133030829,0.5276884850588306,-1.446153206972223
37.0,11.0,True,0.39253093671104233,0.18361009847483628,0.730022616298832,0.285358085916698,0.9663048359293913
37.0,12.0,True,0.275686172321197,0.10850563121389872,0.4388499768848268,-0.1855759836974787,-2.8150364233884226
37.0,13.0,True,0.3216600104625267,0.1486944812752241,0.5536253738848347,-0.3718613611128251,-1.0060899477334997
37.0,14.0,True,0.3031504873403562,0.14511927219982684,0.5391695278549409,-0.20956929020287707,-1.5204873514500545
37.0,15.0,True,0.3845154898511634,0.14518288268975146,0.6530419151665007,0.3585431092369281,0.6620287842520454
37.0,16.0,True,0.5351290569033811,0.18540935867506692,0.9985481417682016,1.050726364749891,5.490581229832899
37.0,17.0,True,0.5727773873441654,0.2658109992475577,1.286670511673439,1.3148389832932743,6.169920936353839
37.0,18.0,True,0.6796548345367563,0.3564936390951056,1.5,0.5525810219243299,10.60099135547384
37.0,19.0,True,0.6277290027652962,0.328069953708908,1.2213090464192848,0.3638212554074618,8.772287163454186
37.0,20.0,True,0.5304298126308349,0.3497066539894479,1.4946910943535632,1.4318310925530864,5.628437243490004
37.0,21.0,True,0.3804485439730149,0.1862270604565717,0.7533521721598438,0.586050131072467,0.9015838283425879
37.0,22.0,True,0.34707835635760204,0.22418683116102187,0.9369915489585816,1.0012386999444174,-0.19467703690743537
37.0,23.0,True,0.3038768693954304,0.13786092455911045,0.5491417591522328,0.036483650485654745,-1.5163471946595124
37.0,24.0,True,0.369679948121816,0.13687433629814078,0.6056304384976953,-0.2842241232766989,0.12537755003094903
37.0,25.0,True,0.33029584252406435,0.15985240206156393,0.6912909207314688,0.14949431612377945,-1.0602127490796187
37.0,26.0,True,0.35098863265374275,0.14583828303328822,0.644431524841387,0.2742990235936808,-0.49293162066944407
37.0,27.0,True,0.30310769737644505,0.09348551116944057,0.5137235240820915,0.3001299536330943,-2.166291629887068
37.0,28.0,True,0.30426359825658533,0.1691227530781031,0.7218951452363268,1.1877684700428854,-1.850654649660238
37.0,29.0,True,0.2354073322193951,0.09741671730208486,0.4149888062289946,-0.32998503088446873,-3.8029779203637886
37.0,30.0,True,0.2344322081271531,0.15092450558297793,0.5477782906208705,0.2547072608076965,-3.7020573459372126
37.0,31.0,True,0.4759448611472967,0.1839688501847255,0.9264912589711046,0.4168640308367992,3.7137435921629027
37.0,32.0,True,0.41726824223059217,0.18965817912963853,0.736176215596424,-0.313187608314306,2.0708846432199586
37.0,33.0,True,0.2694677674510978,0.15800745667480354,0.5957956833132645,0.42930827004648053,-2.8773394445619718
37.0,34.0,True,0.3911423234428279,0.1378492210140022,0.698942495552638,0.2793658082945689,0.9499625808187663
37.0,35.0,True,0.3123381860637721,0.11435292189062901,0.5016750837680612,-0.5361216166812744,-1.6293899845389026
37.0,36.0,True,0.27592530601952914,0.13047950262823133,0.617547818128559,0.5793557721540699,-2.778148293659823
37.0,37.0,True,0.18662138015761842,0.10340907927279029,0.3811416405510816,-0.07223327027973372,-5.572327107463836
37.0,38.0,True,0.21215793943901634,0.10825575060897115,0.4628278831512279,0.47718013483399724,-4.6892930658252165
37.0,39.0,True,0.24949519102109774,0.16678528825025332,0.610135499242602,0.5737816519376493,-3.6484671478810613
37.0,40.0,True,0.23455846192457516,0.10270976215649848,0.4716153429101771,0.2235284753119858,-4.243942477268122
37.0,41.0,True,0.20220743933608745,0.09595164640652977,0.3703036406383226,0.19903269800754886,-4.955616670824018
37.0,42.0,True,0.2159959448016085,0.09601871962793194,0.3877852394194489,-0.00027053370352474805,-4.859369072074511
37.0,43.0,True,0.2571076219149074,0.11405410951054527,0.5866821365147058,1.295886059462917,-3.364047508544887
37.0,44.0,True,0.2240651311314829,0.11522267867926062,0.4806080954837334,0.28343237252047176,-4.235202991881935
37.0,45.0,True,0.2626749422023037,0.15951453363252283,0.52346202161638,0.02927198654686054,-2.6584502745615968
37.0,46.0,True,0.23558039783826984,0.16479099917402168,0.6229863293481157,0.740273581690702,-3.8573090606984204
37.0,47.0,True,0.2840929823482145,0.159436994185133,0.6472567283181803,0.7652841039015755,-2.245445266071795
37.0,48.0,True,0.25020386392261385,0.13924134229116114,0.5512609755405978,0.5732344080707052,-3.703286409108913
37.0,49.0,True,0.31190313778693923,0.12103172670435881,0.4918440887650096,-0.5236982200998366,-1.6346000259962739
37.0,50.0,True,0.17588741955050563,0.0915939437640398,0.4500716869482902,0.9789702052915158,-6.090937370228915
37.0,51.0,True,0.24266920978306813,0.1012824717089446,0.4615926551226079,-0.5001295670206951,-3.6959920191988296
37.0,52.0,True,0.20085692794724525,0.13854615843295634,0.4338167684073784,-0.11675682167966284,-4.906995449475022
37.0,53.0,True,0.190405621777187,0.18618670241208465,0.6414963706648363,0.8051517401947791,-5.339481951638206
37.0,54.0,True,0.2589404912118154,0.1962825241599841,0.6158334931837044,0.16271966280685105,-3.2096060287413737
37.0,55.0,True,0.16671359570847044,0.0946856898744887,0.3559042218909321,0.3807449405064652,-6.421501858653701
37.0,56.0,True,0.15455944660315787,0.07137561787086844,0.3145071166342665,0.2752745531332603,-6.607444571596329
37.0,57.0,True,0.27052793920594637,0.17401918354228924,0.6537962601041731,0.4429631750927919,-2.7345079015566034
37.0,58.0,True,0.12352976366475014,0.06618863800198539,0.3049158969568601,0.023253589291612746,-7.728958094580045
37.0,59.0,True,0.18549498918420232,0.12492604813378295,0.4241079814506273,0.03416472392235036,-5.862838471552418
37.0,60.0,True,0.20626907675027578,0.10041094611150517,0.49149581938299,1.257222336282793,-4.989842228937683
37.0,61.0,True,0.16468917215693762,0.056523771568234654,0.3166711286920786,0.6359546818449114,-6.533511501696771
37.0,62.0,True,0.18866107286249867,0.10794220385314363,0.4130673320352243,0.40694248936433103,-5.333302673765847
37.0,63.0,True,0.12356489754877056,0.10446703807746686,0.3846277067048941,0.9898756739326163,-7.418439494896522
37.0,64.0,True,0.19971970480774526,0.11685419941517322,0.5171614483520407,0.7171623373739114,-5.02691165524848
37.0,65.0,True,0.24713462802770356,0.1210132643439745,0.4930437853760465,0.3098186474804248,-3.818413057863906
37.0,66.0,True,0.212904854256416,0.09369770799776966,0.4053894404015341,-0.06064168958164798,-4.7622126416600645
37.0,67.0,True,0.24314835025235815,0.12109347681163406,0.4933063578264717,0.13392616056492573,-3.4827340529187163
37.0,68.0,True,0.09349298663792474,0.07263526682711209,0.2681239369956146,0.6824624300903992,-8.468543275753122
37.0,69.0,True,0.19079522907719113,0.10378770872533083,0.4424931623138272,0.03914677894215472,-5.485508697981865
37.0,70.0,True,0.20485123085617174,0.11577401781947227,0.4021528786692335,-0.21491821132593864,-4.921014900950598
37.0,71.0,True,0.16925431111132483,0.07381643610640501,0.3740601155308095,0.5446518511894629,-6.467482535639262
37.0,72.0,True,0.22149053508767072,0.1287422787714908,0.468056275964812,0.008534630919810273,-4.344074142738173
37.0,73.0,True,0.1319618735295889,0.07938150560778265,0.2812072397195184,0.31505799026043657,-7.199903272850705
37.0,74.0,True,0.20184438224697826,0.1818990735688,0.6727240143442459,1.3350311427311878,-5.184884797083624
37.0,75.0,True,0.15219125447625526,0.09825183817354168,0.3526299830039175,0.31659517058564124,-6.5872871348965605
37.0,76.0,True,0.185621485779051,0.07443131995192874,0.348840371620076,0.03067719880517418,-5.778250573220208
37.0,77.0,True,0.25824174556428975,0.17033112969282901,0.6158672547131594,0.8098287730612325,-3.831653704466725
37.0,78.0,True,0.30450319427968087,0.1503472099160216,0.6270124416757799,-0.06783432942787089,-1.9716209799411628
37.0,79.0,True,0.3436779742942106,0.13690897080105552,0.6526513241394442,0.5366270715203307,-0.6622534769464293
37.0,80.0,True,0.2861743976426104,0.1580536113623645,0.6047526857264403,0.26189555826591693,-2.2286232292516583
37.0,81.0,True,0.34183438267738814,0.15427999357149844,0.6179014089140127,-0.12272061824423236,-0.8545008225414065
37.0,82.0,True,0.41566630050074616,0.27037532592195235,1.0400880910372932,0.7419878732472475,1.8441657435872418
37.0,83.0,True,0.4494296931265813,0.2119557623215258,1.0502727169544088,1.0177749638763505,1.8776139870236919
37.0,84.0,True,0.33298111207405257,0.14103810121533666,0.6016724084036057,-0.12937567813203588,-0.46528983749849895
37.0,85.0,True,0.2991400337275754,0.15912904152606566,0.7783122982471143,1.1601266099687546,-2.1038157804602093
37.0,86.0,True,0.24338329743670384,0.16441823443441753,0.5333498908050992,0.4378709361994218,-4.284387059553755
37.0,87.0,True,0.29181555284105987,0.13200963028725202,0.5742088758830179,0.11627597357566852,-2.471142999514565
37.0,88.0,True,0.2339501787308657,0.11438518763515379,0.480374933139884,0.07606878446214341,-3.9236536274210327
37.0,89.0,True,0.26680113159960694,0.14411346764901153,0.626648152522202,1.022780991480432,-2.961890406579565
37.0,90.0,True,0.1945777599264284,0.09407912629704178,0.4026214579273738,0.607774979748542,-5.404290164037018
37.0,91.0,True,0.2676536890310327,0.11823913133178854,0.5429478098599932,0.6076751787780473,-3.3847545706158213
37.0,92.0,True,0.35531507286875597,0.09971268587849756,0.5711393570414034,0.08967561671578468,-0.3880751814052385
37.0,93.0,True,0.48256473144092676,0.17115859307951373,0.8434443230671211,0.30233792935890375,4.089274517543849
37.0,94.0,True,0.49680326780646594,0.21082481707428566,1.0585685848683402,1.1171670516073078,4.763137033855004
37.0,95.0,True,0.4380151014641844,0.11020996811352449,0.8128638461483778,0.8605805163301022,2.1934868297509214
37.0,96.0,True,0.42430189967498866,0.1843365668385193,0.9024484686869764,0.9041070069659554,1.9968928437382265
37.0,97.0,True,0.3429620998874493,0.21977518186997125,0.8806187176112588,1.0248796459896883,-0.5439836719408164
37.0,98.0,True,0.11147183177831395,0.073656458839883,0.319906643428033,0.3974739246022531,-8.196983746085502
37.0,99.0,False,,,,,
37.0,100.0,False,,,,,
38.0,1.0,False,,,,,
38.0,2.0,False,,,,,
38.0,3.0,False,,,,,
38.0,4.0,True,0.27250904977928,0.16913592400991465,0.5795161829748322,0.1065217463021806,-2.8647543237556707
38.0,5.0,True,0.3466461139623707,0.24105371997304448,0.9321802244039477,1.1208919613584953,-0.6915028975572763
38.0,6.0,True,0.38631422095932333,0.19823679030859295,0.7434010115321951,0.27658532669008423,1.0254970958289122
38.0,7.0,True,0.39550938225864984,0.15078943805073158,0.6491705884098872,-0.2784992975993492,1.3587032657422762
38.0,8.0,True,0.38249140755504163,0.17444586082555638,0.7984364596279497,0.4837892957849558,0.9818206732804169
38.0,9.0,True,0.36033697701415673,0.24846386046398622,1.2467248289465325,1.2385366660804085,-0.9617298432227992
38.0,10.0,True,0.3165867773104137,0.153516892172101,0.7012769083303059,0.22872589220861628,-1.6122550485272822
38.0,11.0,True,0.35926741163307363,0.28569174701788097,1.0533163722827057,0.8447127473858379,-0.16362338971042795
38.0,12.0,True,0.3251814160811899,0.21058171198952516,0.9105839867955238,0.825242240151105,-1.3946714634506998
38.0,13.0,True,0.3418044073890378,0.12732780443193883,0.627362072261348,0.43785238607849875,-0.37908145469750887
38.0,14.0,True,0.3507132739125677,0.18726892589999403,0.7494091891555685,0.33103970278125805,0.03932543473527432
38.0,15.0,True,0.34660200946401865,0.15591634232685694,0.6389669496125473,-0.06376371155354608,-0.14683877114114252
38.0,16.0,True,0.3473526869793706,0.2907401684713423,1.0928582601475485,1.1546271179244418,-0.3362975101635189
38.0,17.0,True,0.4552406372384091,0.22298981264590187,0.981734135317133,0.15442941603105642,3.498137049767113
38.0,18.0,True,0.5788206809062455,0.27733094217682114,1.13200843632224,0.3564469763924801,7.350566968943679
38.0,19.0,True,0.7622106000484111,0.35427312346360335,1.5,0.21987525766289825,13.272435122458454
38.0,20.0,True,0.5835623831890681,0.3333993248176496,1.3435324018995023,0.2907210050627299,7.382961955927011
38.0,21.0,True,0.4517076051122119,0.19760217668487992,0.8362219822872599,-0.3996269407884933,3.5178471814441217
38.0,22.0,True,0.23946655990042964,0.15716235029615594,0.5416640589931558,0.5454819477022411,-3.9936023392323037
38.0,23.0,True,0.3293602978964131,0.1958933925588113,0.6085089040437097,-0.22034183122830395,-1.143135016402622
38.0,24.0,True,0.23386654059294518,0.0965129364754421,0.4158159081106922,-0.23891504904477787,-3.9356055172148983
38.0,25.0,True,0.3573706214951793,0.1039560010103523,0.5778653830890487,0.24600372632854495,-0.20169489318066805
38.0,26.0,True,0.2779750518331769,0.13823479091976582,0.5291481816399549,0.10634220552964468,-2.725239887658379
38.0,27.0,True,0.32088679835385586,0.14725461555608765,0.6485297421068583,0.29334392707100687,-1.2157228844318584
38.0,28.0,True,0.1752090275217931,0.08867454781597493,0.3174448048303045,0.07412173966434721,-6.093988619185249
38.0,29.0,True,0.30122998777518656,0.09190305518627934,0.5100560754557022,-0.12058638755163151,-2.116200125232723
38.0,30.0,True,0.17181593337133683,0.12297043530019318,0.5459958282779385,1.112486643063403,-6.0913971374218265
38.0,31.0,True,0.403421676145836,0.22175361362538476,0.9627194897600206,0.7911661132879431,1.144327261490426
38.0,32.0,True,0.38920325630958247,0.1420612724656999,0.683545327175725,0.1911985855830886,1.0100846134641468
38.0,33.0,True,0.27255807336609844,0.07233094084805977,0.450661435988791,0.5701422745116121,-2.904782869693683
38.0,34.0,True,0.38223612086914616,0.17782118933784602,0.793892872947186,0.5105524184292374,0.7853943263530929
38.0,35.0,True,0.32533527172802085,0.11225090885798124,0.5765845012869713,0.49619745937406745,-1.4064095334269906
38.0,36.0,True,0.3135146754509482,0.24182342129621653,0.8201022315326111,0.46572266857839345,-2.037006774082877
38.0,37.0,True,0.26530247690328845,0.17420853116034446,0.5562214171641041,0.1691160074289775,-2.781129625609412
38.0,38.0,True,0.23647118661043035,0.1084554637682409,0.5743997649926482,1.5612220777486256,-4.021437870884593
38.0,39.0,True,0.20595773919913787,0.1304709721807229,0.5336660559691974,0.7362447430100207,-4.699238646704278
38.0,40.0,True,0.18528977783083414,0.10117264320868392,0.3974687467589811,0.15306066044965722,-5.412424444850676
38.0,41.0,True,0.2529829363595708,0.09340353859441179,0.4534322128846959,-0.8487728528868633,-3.5161816245745747
38.0,42.0,True,0.30328453734206984,0.11151762608758173,0.5230506863442891,0.19020777776995296,-1.9201569362371473
38.0,43.0,True,0.16414321698083192,0.1106468127230085,0.384590404285345,0.4530420710828113,-6.364339168560109
38.0,44.0,True,0.26953537747559797,0.11653337358157163,0.529732062030991,-0.14107010112911525,-2.9672121506656044
38.0,45.0,True,0.3957083146883429,0.18716555941714494,0.8607256317085197,-0.24277955321168074,1.0725968259240122
38.0,46.0,True,0.24678636018216007,0.15429969134409008,0.5115850951743447,0.3734270678634352,-3.6194612060118985
38.0,47.0,True,0.2553379009053587,0.10734690584807087,0.4509383833684676,-0.5919364002855114,-3.233528350062123
38.0,48.0,True,0.28217136643426405,0.1284240035495041,0.7062398349549819,0.5167755562181455,-2.728587049889159
38.0,49.0,True,0.2632923911882772,0.09476163617096324,0.4072191080949789,-0.7769062664790545,-3.0235991249680563
38.0,50.0,True,0.2883016749773835,0.15353786434486769,0.6091310305167397,0.3039351746507874,-2.603675246064663
38.0,51.0,True,0.21125591819032977,0.1589453405907107,0.5781573832285252,0.5428693900699598,-4.7256613637228755
38.0,52.0,True,0.19410533572119978,0.1450213365394787,0.5124434392605828,0.33527006861264735,-5.34939959207176
38.0,53.0,True,0.29358369145514,0.19319941568153917,0.6846132796061124,0.21357791466509046,-2.2371545149982026
38.0,54.0,True,0.2523797477121612,0.16836161849359113,0.565329621634705,0.1745685591361073,-3.434139776481031
38.0,55.0,True,0.2609700204093985,0.14541851181001364,0.6809274281501267,0.5933993544307882,-3.479969539729115
38.0,56.0,True,0.1440982211018141,0.07469860037977369,0.3105270446145369,0.49036189612968234,-7.046556914639582
38.0,57.0,True,0.16299402053090667,0.0991384127140887,0.3825363934201403,0.6209526395707448,-6.322815637686959
38.0,58.0,True,0.14438493168668218,0.07823210059409852,0.3168616093745131,0.31108006910898345,-7.0024207486794
38.0,59.0,True,0.16913181274426387,0.08469435494114382,0.3920614348931815,0.9592928975922435,-6.185185097335125
38.0,60.0,True,0.19531490607132196,0.06461695538602127,0.3340749017856725,-0.1658064876008897,-5.450410406145374
38.0,61.0,True,0.1851796967516353,0.07315412282424327,0.3336611311071958,0.12812354750024846,-5.688037344185442
38.0,62.0,True,0.21101514389713766,0.08736707152074241,0.3354190651129972,-0.994886219063082,-4.52597729974583
38.0,63.0,True,0.23776759625206526,0.13064833203619317,0.4564164875990615,-0.038646009798479194,-3.8707555274754677
38.0,64.0,True,0.17720976804531638,0.10500796836198947,0.4387907277950864,0.34296865942636034,-5.910109388025148
38.0,65.0,True,0.24726785957205855,0.12590667173450545,0.458661603738907,-0.06703261075203931,-3.6771437359313603
38.0,66.0,True,0.20406747543914644,0.1246813487264101,0.5596663143495394,1.3692744091181919,-5.224774220054198
38.0,67.0,True,0.20778149628271927,0.11186874828660637,0.6262269017781749,1.3390893981832268,-5.438645756080949
38.0,68.0,True,0.21378714291644868,0.1244115257700803,0.5035484811522104,0.5980479161942153,-4.537643286513032
38.0,69.0,True,0.15372766308915398,0.10698358590957172,0.4967078594219566,0.7670151354616284,-6.915329361223478
38.0,70.0,True,0.1095690777817607,0.07646082371274164,0.2524552084145982,0.526110949336067,-8.123779777381317
38.0,71.0,True,0.19104550366864304,0.13856788371001402,0.5440943349972591,1.141229209946932,-5.6277804188501905
38.0,72.0,True,0.18042185944384517,0.09793168530148921,0.4404901556132448,1.0264182854011192,-5.744210808904197
38.0,73.0,True,0.18194777051608987,0.13791515576877464,0.7671224017063643,1.9095321967560026,-6.299237531008479
38.0,74.0,True,0.23175528733676506,0.14479683549379266,0.5075907730450117,0.22483617366656766,-4.021261524552048
38.0,75.0,True,0.22256172393683324,0.13117531391018863,0.5840325120439637,1.1634346609382176,-4.381092131390754
38.0,76.0,True,0.24285588276099832,0.18659765161900135,0.7134399025544855,0.8783820825607868,-4.2508742064492795
38.0,77.0,True,0.23007671762657475,0.19991684851855515,0.7676908953102052,1.2967736121561892,-4.20653462122643
38.0,78.0,True,0.41489281996830757,0.12389481801486428,0.6195646334720342,-0.4348930650263416,1.750175046026445
38.0,79.0,True,0.4496157918340541,0.19050436022839984,0.784841028887641,-0.3744940989643533,3.1507552718403455
38.0,80.0,True,0.29591376177570455,0.12226176406980398,0.5341598281774899,-0.24334347861957678,-2.507558695574003
38.0,81.0,True,0.367800119047035,0.16936900153285372,0.8245763188083844,0.5749345940658123,0.41724234761038714
38.0,82.0,True,0.34303353239170714,0.23105612616849708,0.824047146837635,0.5629642801291583,-0.08650530289862055
38.0,83.0,True,0.3776524235298907,0.12911270461713012,0.6898410456830413,0.6889276635379231,0.28872247246716753
38.0,84.0,True,0.3396835299129184,0.14391794067476857,0.6430548156412824,0.12399235360932917,-0.45075929245246865
38.0,85.0,True,0.32346287925795797,0.12748660378283122,0.5695580541096328,0.04440978009909287,-1.4516330083473923
38.0,86.0,True,0.23577037086557762,0.14419691986687985,0.5900241042388001,0.8333565084639236,-3.9053494956247388
38.0,87.0,True,0.21232126690426473,0.12629447884802478,0.397131028360111,-0.11945668318149338,-4.473956330283743
38.0,88.0,True,0.21828669757137567,0.1784382724506198,0.7047620448131459,1.4176793358954023,-4.46642863500712
38.0,89.0,True,0.3163098442339082,0.16151433785815522,0.9207172685024924,1.5684366624914254,-1.7101530592854273
38.0,90.0,True,0.25635414406761825,0.14118458683404478,0.5639223502527652,0.3390744473456063,-3.227309304064421
38.0,91.0,True,0.37026193212917036,0.22091768416762958,0.7984809391665382,0.6848351823740196,0.5160795065458046
38.0,92.0,True,0.4137595107487353,0.11557882591771267,0.5975716017407021,-0.18720730886546114,1.485182299277528
38.0,93.0,True,0.4969012421142781,0.17706653389817217,0.8368474296864898,-0.20358825975010056,4.606264653832358
38.0,94.0,True,0.4657990375578841,0.32664688711956313,1.308498146757387,0.6626041842092159,2.768360231785998
38.0,95.0,True,0.4294620610437423,0.1851731713559495,0.911678827822228,0.4592281425565666,1.8654912773486785
38.0,96.0,True,0.4376473406382136,0.18594903182489203,0.8179050825303762,0.45539364107952474,2.4520113677401163
38.0,97.0,True,0.3888100202231228,0.19557980403015232,0.769276426946791,0.05471583597956814,1.4353886571390864
38.0,98.0,True,0.19958340435228075,0.06805972983675584,0.3175574961276711,-0.04294038109445445,-5.05906763735682
38.0,99.0,False,,,,,
38.0,100.0,False,,,,,
39.0,1.0,False,,,,,
39.0,2.0,False,,,,,
39.0,3.0,True,0.04509728648947847,0.05251478298763498,0.1682793990500265,1.09787526816643,-10.179547282243762
39.0,4.0,True,0.42156923835578597,0.21302105271223046,1.128666145567601,1.2237592515800946,1.7709299993853078
39.0,5.0,True,0.43367382424271606,0.18475453630577046,0.8333363067084244,0.19325522133250006,2.7954293738828744
39.0,6.0,True,0.580152831894256,0.2138464063217239,1.1172976325525603,0.33394165614978766,6.186919766160512
39.0,7.0,True,0.46784934484532864,0.26435473498617007,1.163506984591853,1.2017171334227477,3.531547101090884
39.0,8.0,True,0.4785530375318474,0.16548133849525976,0.78176763118993,0.12278073494931795,3.8000940411356474
39.0,9.0,True,0.34803859298155954,0.14932007696498842,0.6202324208885064,-0.06892281878966007,-0.3582375420657013
39.0,10.0,True,0.33828640722702397,0.14102895687769718,0.651240450039616,-0.057315252991700684,-0.932863899195499
39.0,11.0,True,0.2274697854219682,0.1133674318503407,0.4910666886560349,-0.1419087044332244,-4.428086512037583
39.0,12.0,True,0.31495978771630334,0.16768806788150964,0.6829070496417315,0.3444368040449945,-1.563830738838273
39.0,13.0,True,0.32710224775308705,0.12358668289240762,0.6200489947261405,0.3239011632670351,-1.2230666720090428
39.0,14.0,True,0.35492221319830064,0.1505838139476329,0.6152688664689414,-0.31085498444466375,-0.13508202332147842
39.0,15.0,True,0.31588071871668316,0.19312383388293458,0.8172327349951765,0.7726703819580872,-1.2577475014863726
39.0,16.0,True,0.368087317563545,0.1959558322511706,0.8909878209749071,1.1569367443194587,0.33839336702089695
39.0,17.0,True,0.44468959123827556,0.2706501072900386,1.1139790711841926,0.5284966166450563,3.236270201650961
39.0,18.0,True,0.481670418373603,0.19114125476540808,0.8875354174635637,0.3345115954155126,4.158939660242715
39.0,19.0,True,0.5310048034648467,0.22988146370783957,1.0063700358825696,-0.013001151736862261,5.983827913422433
39.0,20.0,True,0.37920292719828014,0.09219286923170085,0.534367060114514,-0.717014076799181,0.35256072697183494
39.0,21.0,True,0.3882311951893596,0.23379027183312998,0.8342524927949121,0.1602054981791216,1.269710757937881
39.0,22.0,True,0.3700408802809329,0.1794476504358744,0.7711841478664635,0.26284746343411464,0.5189260397876966
39.0,23.0,True,0.3844878075799673,0.1907233461487204,1.0088861531673643,0.4197784262541249,0.5647539588816635
39.0,24.0,True,0.38653215169588845,0.2089695469567119,0.9371545668043664,0.4339171981746024,0.02465354769847184
39.0,25.0,True,0.282704819978733,0.17473022663846727,0.6900434174021938,0.346440950683183,-2.431184523138767
39.0,26.0,True,0.28040454013258453,0.1746240259677796,0.686861998282692,0.4058779730017114,-2.3791185376893704
39.0,27.0,True,0.25016781578966474,0.0975351427802587,0.478354393574013,0.5730345696208691,-3.51487763663492
39.0,28.0,True,0.23676962104643162,0.16775048818669328,0.6127639182197923,0.6208341545285164,-3.830650892510679
39.0,29.0,True,0.2509856301296168,0.1099790276351291,0.4336790549474197,-0.486904912244261,-3.5406009017640896
39.0,30.0,True,0.3049165788189303,0.1621902041641346,0.5488685581167126,-0.28162520817668935,-1.6881717837809451
39.0,31.0,True,0.32350638874706356,0.13614324389484775,0.6206203801439125,0.05044101794388978,-1.143691345836963
39.0,32.0,True,0.39805875583088374,0.18794736611772833,0.7500294945846984,0.19129628616207922,1.685423946279288
39.0,33.0,True,0.4063804424279039,0.179267572762072,0.6777531277144956,-0.6657622388961827,1.744049534387709
39.0,34.0,True,0.4052929191826487,0.13016903563479706,0.613752917027153,-0.6001360058873483,1.7275792387129463
39.0,35.0,True,0.2919806179479236,0.1988865026108317,0.8876852851035056,1.584176459526679,-2.2950721165304717
39.0,36.0,True,0.259500598719533,0.12597289310883694,0.5092011655034323,0.47974148633382685,-3.542972801353992
39.0,37.0,True,0.23120091013815136,0.16239281673989298,0.6205622750091858,0.679264736816642,-4.163635064866657
39.0,38.0,True,0.36302822435618287,0.19481726121301637,0.7932693570213087,0.49577336601618366,0.48543057735638157
39.0,39.0,True,0.18014628726841098,0.13476047685894532,0.5037923190380662,0.7482057070228193,-5.536508676592026
39.0,40.0,True,0.2694290788962939,0.1937226593210067,0.6217195030346718,0.3925338528558943,-2.6675198903730557
39.0,41.0,True,0.36260911281734964,0.21779243791075958,0.7049283480775974,0.015191514452737398,0.34499146844070566
39.0,42.0,True,0.21014711436625325,0.14680491710626345,0.5529015565152254,0.6140370688563092,-4.8706634252821255
39.0,43.0,True,0.3282060444956598,0.10308703961259924,0.5560012375260579,0.4033132547389828,-1.14335745232419
39.0,44.0,True,0.3032705777414525,0.17721609844519276,0.9243995669980564,1.077148216996804,-2.092485036235026
39.0,45.0,True,0.4187218765743632,0.1432830019121776,0.6506516011259732,-0.7892559790596185,1.8192493808433552
39.0,46.0,True,0.32960359779255094,0.13157090706256688,0.5869076853365477,-0.1311879544195725,-0.8496988077337684
39.0,47.0,True,0.2649788844705675,0.14415579321446695,0.6113593212850483,0.8189405028746901,-3.191400358041165
39.0,48.0,True,0.25914716730091436,0.12990653888926829,0.5992218882832376,0.7779402468995662,-3.161872074370943
39.0,49.0,True,0.23561842326859198,0.10341384419181827,0.4708628033274501,0.40398857918560066,-4.164423108759893
39.0,50.0,True,0.15927364406204603,0.1166583099641648,0.4491507232762556,0.5753073814878918,-6.553740643160157
39.0,51.0,True,0.29384043910783736,0.1578564376068846,0.6802484898598228,0.5989703689616555,-2.93469837096599
39.0,52.0,True,0.2363226539055041,0.1282920324165742,0.4971423629039799,0.33175198686661805,-3.9100485403365806
39.0,53.0,True,0.3247698904921028,0.16555259757779126,0.8264248776904777,0.757606465340345,-1.9886977141619673
39.0,54.0,True,0.27485577999458605,0.14203395186865292,0.6129287852369876,0.416711766155956,-3.0991317343915625
39.0,55.0,True,0.24959423686122956,0.12783629085058765,0.5075957848845606,0.2260153791521951,-3.414443890032565
39.0,56.0,True,0.21674482007186305,0.11110719028827569,0.5069943571184079,-0.018770412714634185,-4.636737100100874
39.0,57.0,True,0.1541499698760299,0.09491236510693654,0.4328335240708312,0.5831745626867285,-6.809324291236839
39.0,58.0,True,0.2115043371201644,0.11352535270502703,0.406411373464474,-0.21941780988077478,-4.714130185842524
39.0,59.0,True,0.18798249800738703,0.1395195618986712,0.4334088721478974,0.043493649449261165,-5.699737757574556
39.0,60.0,True,0.2172235145753014,0.13335830715362595,0.4606006850530215,0.03883712637555425,-4.355418090485405
39.0,61.0,True,0.25212411859583994,0.14478539281733702,0.5318149986619624,0.5797154096824954,-3.2657889434341247
39.0,62.0,True,0.28763962291275025,0.14219080690724023,0.5970561597322203,0.27175711035450606,-2.4149253234024775
39.0,63.0,True,0.25214195630940855,0.18413597383007466,0.6574125129381581,0.7718270502298292,-3.809218465092015
39.0,64.0,True,0.26335391045032797,0.1390078144881671,0.5124756157180695,-0.1577682388680227,-3.034262589527879
39.0,65.0,True,0.2649414132395936,0.14570331124491792,0.7890031259045641,1.3977514361040289,-3.529688158779388
39.0,66.0,True,0.2365932744868652,0.08877626395012882,0.437247296639895,0.8104215346950666,-4.076113723608753
39.0,67.0,True,0.16383814912636654,0.1440081270682196,0.5615738940171572,1.1764740993749605,-6.321152345221917
39.0,68.0,True,0.15786329767374555,0.06552559501700873,0.2781636148647839,-0.28613167309640264,-6.41870742579185
39.0,69.0,True,0.19598413368705644,0.08729588536122916,0.3425140535895971,-0.2601270509991377,-5.535750673239633
39.0,70.0,True,0.17161033763039904,0.08723951077434645,0.3353589377048156,0.30420390985563417,-6.24592525880374
39.0,71.0,True,0.17668360769296962,0.10740408525143869,0.4417816420624369,0.7436939689605632,-5.938325405108228
39.0,72.0,True,0.21011337036398806,0.13938679008196747,0.4987238383695768,0.41455908000040537,-4.8188860772293065
39.0,73.0,True,0.23578510510530362,0.10639016368261071,0.5368676530115037,0.7727475437934858,-4.160288622197084
39.0,74.0,True,0.2520168379513579,0.11884718104818269,0.5888334367750886,1.3413143164755952,-3.591272708866158
39.0,75.0,True,0.19668635343351856,0.12025514778916055,0.5174000528549945,0.9259979649337592,-5.334890835665273
39.0,76.0,True,0.28074197875752305,0.1348449802111942,0.5707130544547703,0.39402412206934895,-2.4005038842100586
39.0,77.0,True,0.1815324811404933,0.09594777096996429,0.3647002543392594,0.09699245353579174,-6.0235222040827345
39.0,78.0,True,0.3368123510324418,0.20625692291569958,0.8919167096591787,1.3135326452033649,-0.5815505068948459
39.0,79.0,True,0.30552092065026637,0.17394268939086843,0.8497308969688934,0.8212230569373746,-2.0831188893981394
39.0,80.0,True,0.39405019031208277,0.16760057321578326,0.7115126900139883,-0.04392332884448204,0.9781193770267623
39.0,81.0,True,0.4290420988525888,0.12967817669111772,0.7151433220347364,0.3157244339927153,2.3689090244834183
39.0,82.0,True,0.36635062132523194,0.16726164867660498,0.7195258536165887,0.1137652326556169,0.5018295455027026
39.0,83.0,True,0.486520069566718,0.18368297975593217,0.9541917061764827,0.3572278110230716,3.9295865488026767
39.0,84.0,True,0.42187204807923545,0.14600422404048108,0.7107783370578229,0.015823002081931076,1.8880439407598903
39.0,85.0,True,0.3287214368906716,0.1590714738824893,0.6249733456582118,0.04221481020907538,-0.8853601296637432
39.0,86.0,True,0.26948955393712365,0.11061313006153388,0.5753374677635661,0.1945077267688982,-3.3482461634034957
39.0,87.0,True,0.33704609083740483,0.16068835261780667,0.5892011068131761,-0.3243796619833001,-0.76599964929258
39.0,88.0,True,0.31708478823061703,0.18830992805458593,0.7488269509230493,0.2890340509815089,-2.0715010131791067
39.0,89.0,True,0.31196740191126415,0.18233185322724588,0.6642990100908667,0.155250352889626,-1.7110542087494316
39.0,90.0,True,0.37428000812629875,0.154872337819514,0.812672856527999,0.4137625213716628,0.3363975719196932
39.0,91.0,True,0.3568480239706433,0.1311462129246794,0.621155665230094,-0.11895803281341773,-0.4956592358124404
39.0,92.0,True,0.3302590277427635,0.12815606784498076,0.612263709949824,0.5426483473429727,-1.2283611729035382
39.0,93.0,True,0.34651774026460863,0.11420336055041903,0.5635220822625948,-0.6801051543371677,-0.1540825769720471
39.0,94.0,True,0.39299135428534593,0.20558371960518956,0.7299244417269575,-0.309999763464099,0.6981608031544716
39.0,95.0,True,0.35804106851082657,0.13110389006569403,0.6116097669051123,-0.27526433511216936,-0.24149376051682211
39.0,96.0,True,0.35302357516621946,0.19749348224448435,0.7182571404657606,0.1180987558246643,-0.385212001917423
39.0,97.0,True,0.3660133371027223,0.22203974323987077,0.747801973176859,-0.17074051389575298,0.1994429401929332
39.0,98.0,True,0.3387260810150052,0.1144182698550951,0.5216510059739164,-0.3786682193931095,-0.6557347777416728
39.0,99.0,False,,,,,
39.0,100.0,False,,,,,
40.0,1.0,False,,,,,
40.0,2.0,False,,,,,
40.0,3.0,True,0.18003840718453662,0.12334928990987294,0.4423976965064363,0.27577041574708366,-6.3473266296324775
40.0,4.0,True,0.3752729031203202,0.1311490522964243,0.6987754292893201,0.3136265460888691,0.3021453629676658
40.0,5.0,True,0.4120736450897802,0.130237217724642,0.7047334405737969,0.13292319448532772,1.821655907012277
40.0,6.0,True,0.6347715291466338,0.26910260422455257,1.3107691633106446,0.1971797238323916,8.65107091234172
40.0,7.0,True,0.47246178742216605,0.2430458966499167,1.0299745254514572,0.5747310888400612,3.9623900755965455
40.0,8.0,True,0.3588852697121892,0.11120210678924967,0.5708114889720697,-0.14042141468473326,0.035528095893618904
40.0,9.0,True,0.30278708400483195,0.17037803925784228,0.6015908129736366,0.22086246127277342,-1.6888922485192954
40.0,10.0,True,0.35156642487789436,0.18786921691292002,0.631734804380303,-0.4593191137384589,0.10304644532735667
40.0,11.0,True,0.3173910510513433,0.15319113456822012,0.6635766922950579,-0.04558872629700363,-1.1781039247987262
40.0,12.0,True,0.2712489111190567,0.19005502054653672,0.6007786549154703,0.1440247417938953,-2.46540801076419
40.0,13.0,True,0.2650498191897126,0.1385971742958448,0.4718611820689138,-0.5461909623530931,-2.7562207761863315
40.0,14.0,True,0.32230520859495515,0.1868051594202547,0.7529717795197556,0.5480920316345349,-1.1864956967516957
40.0,15.0,True,0.4574697763789293,0.20025744978565824,0.8754571682243504,-0.29066728851282725,3.3022596608812775
40.0,16.0,True,0.3531534289973715,0.10931974060492128,0.5501293911206758,-0.1689748930874195,-0.37811041547201507
40.0,17.0,True,0.346614399687403,0.14942120886106483,0.6587789792891263,-0.044485036910926666,-0.03764614007336974
40.0,18.0,True,0.45438079090334854,0.2062251811044162,0.8442543364637913,0.18926510419945114,2.779137283009009
40.0,19.0,True,0.5307597726758227,0.23087225171999073,1.0172264514433729,0.24456496726986798,5.758030073867352
40.0,20.0,True,0.36318825202551286,0.3596544144131303,1.1900200347903669,0.8134696601932854,0.38265082287623553
40.0,21.0,True,0.308509582964,0.22465819716962496,0.932024120785763,1.5358435090390816,-1.72928212113703
40.0,22.0,True,0.36880337392703905,0.1608729053401272,0.6634580942021014,-0.28927547311908236,0.5306168886835971
40.0,23.0,True,0.3158866677710646,0.1655664842087933,0.6226797315165553,0.3475896640107298,-1.3096152667274608
40.0,24.0,True,0.2781230589222459,0.16449891071100303,0.5854273956023246,0.25962290573777014,-2.540822590812497
40.0,25.0,True,0.2979666129716939,0.17161335717965484,0.5302187096167416,-0.3833689422472338,-1.9572374625490885
40.0,26.0,True,0.2648280684858054,0.14156380266916727,0.454420010563683,-0.3888974139276554,-3.005546351065472
40.0,27.0,True,0.21609901282656288,0.09376711414943198,0.3916545373128554,-0.3289403074543438,-4.630172965953352
40.0,28.0,True,0.38058832895874833,0.13808798938464678,0.7279776740687015,0.7193834219437601,0.2596719950765711
40.0,29.0,True,0.3747515590557269,0.1607961122785342,0.6687382981037969,-0.3092557847552618,0.4322374837138538
40.0,30.0,True,0.28095167366867874,0.15522788765171452,0.6192484824828952,0.49589813149735346,-2.498817117974104
40.0,31.0,True,0.3606241331719581,0.15192823511101944,0.7115421576101378,0.02839669645951302,0.026850961407857123
40.0,32.0,True,0.4758450542262551,0.21700181737307217,0.7856252593223645,-0.42031739151334135,3.724491198885922
40.0,33.0,True,0.4312568611226235,0.2859340245941207,0.9935485836428156,0.2758980895942359,2.502302173082289
40.0,34.0,True,0.5957387776565705,0.27322089249055515,1.2155638820260903,0.3844507266953128,8.084571060658066
40.0,35.0,True,0.4718266843164657,0.2970786593743222,0.9814041379402088,-0.3208394371535204,4.08559843284997
40.0,36.0,True,0.44517213986616716,0.21115822325469177,0.9273879028467068,-0.06172681503269862,3.156646893306189
40.0,37.0,True,0.3658383603137299,0.2374137364587814,0.921551461416215,0.7167254200072681,0.5826688260836986
40.0,38.0,True,0.2838644051589358,0.20313560140987727,0.679527306413486,0.24595849340934212,-2.398906933509152
40.0,39.0,True,0.3254341730075255,0.16044673369393256,0.6043305148583304,-0.08457852989438751,-0.7547679806545766
40.0,40.0,True,0.25809387747731943,0.155832681049093,0.7212246670650875,0.8160282187639305,-3.6357458392130284
40.0,41.0,True,0.26042921094857224,0.1457448824124504,0.5187367337115262,0.17788108813616582,-3.4580016479498488
40.0,42.0,True,0.28763378424192765,0.12795664542450394,0.5628451064684139,-0.032850649075792715,-2.1745123523872025
40.0,43.0,True,0.25999877051228226,0.16270578234684485,0.6286604225281551,0.871451957985582,-3.5965778048591948
40.0,44.0,True,0.4163708602544654,0.23868259880867695,0.9030811135260376,0.2873436963015295,2.272100776374236
40.0,45.0,True,0.3803596663594421,0.16979031749539958,0.8271925639678093,0.6230329153497798,0.5947317260305864
40.0,46.0,True,0.3028645245805093,0.1250872644298535,0.5854404793836461,0.5903665498818801,-1.9685261129217286
40.0,47.0,True,0.3165207236601357,0.16160055274217971,0.7068428693452128,0.7826034363632016,-1.5858863628261943
40.0,48.0,True,0.3449598157296738,0.09123359260711658,0.5927875234638321,0.024825643319560182,-0.6940297306544593
40.0,49.0,True,0.27725549280282674,0.08516709165289119,0.4252499828851641,-0.11533418745584016,-2.7042285498626617
40.0,50.0,True,0.230494885496107,0.1803204435899839,0.7262274894975439,1.324402237097083,-4.013692092221407
40.0,51.0,True,0.284915394313065,0.1635665574330268,0.6502968555484667,0.4198502627479391,-2.666828773132562
40.0,52.0,True,0.3088292951937882,0.13624305974878181,0.872568405240805,2.0338779978822417,-1.9020271969957676
40.0,53.0,True,0.26341286771435607,0.14953363855504626,0.6183744759835166,0.5032699429124992,-3.8259131537731124
40.0,54.0,True,0.22937683170841053,0.11688232296090388,0.4729341403727416,0.3892732060671261,-4.181743580598621
40.0,55.0,True,0.219698996091981,0.08183840933678532,0.3698960031476523,-0.06812937351705689,-4.510422201943141
40.0,56.0,True,0.18439763571903037,0.09990106870869703,0.3612530151464925,-0.056288621267594416,-5.6800033141101975
40.0,57.0,True,0.23013561705744917,0.17227819664918737,0.579313287322016,0.2703302057269789,-4.043032544200054
40.0,58.0,True,0.23908080002777918,0.10648583656363057,0.4238496566689335,-0.09942864569845815,-3.992654825773931
40.0,59.0,True,0.16246697430889379,0.09942117029564014,0.4888483792984293,0.89166182110552,-6.638264112700765
40.0,60.0,True,0.31998791267554205,0.14357502018190524,0.5861419408440756,-0.3012069281776874,-1.4734378563966108
40.0,61.0,True,0.15863687376510646,0.11240555328360247,0.5139991871687273,0.7401482511641995,-6.588702934079154
40.0,62.0,True,0.3593787561038668,0.18540447486448325,0.7067448242187268,0.0701365482439109,0.12825594313690428
40.0,63.0,True,0.3289623370822997,0.16307557725225297,0.6109800525962942,-0.17867864486552723,-0.7368140287342694
40.0,64.0,True,0.34900158745857307,0.1863952768087405,0.6725207727043709,-0.06952039385598804,-0.21434144476939054
40.0,65.0,True,0.2236055261501987,0.09631459358823034,0.3899058361406536,0.042532856078194466,-4.459537244142478
40.0,66.0,True,0.3160788991999079,0.12536639056222243,0.5401717882697357,-0.1907261351070046,-1.2342044289506713
40.0,67.0,True,0.1571793941574181,0.08353640053335042,0.3481901947761233,0.11090344224244607,-6.615320173549956
40.0,68.0,True,0.23588648319348196,0.14877129596593736,0.5310728951824281,0.08905934594908906,-4.076995785023315
40.0,69.0,True,0.21868452267720948,0.06275594454565572,0.3121550606115406,-0.2771013510034809,-4.492193357093092
40.0,70.0,True,0.1940991704737433,0.0827864094934591,0.3223548165243204,-0.4890222729547036,-5.52885797934279
40.0,71.0,True,0.2432498078597857,0.14358591730990905,0.6078071858233205,0.45075586227551157,-4.1887117549986
40.0,72.0,True,0.2079835244580367,0.09583821625151173,0.3993231766521942,0.2584119259805742,-4.9391270586967195
40.0,73.0,True,0.2610860423897201,0.13369681079422552,0.5125118833906048,0.16003526281847882,-3.1884787221185222
40.0,74.0,True,0.22062642508639058,0.11442121479013337,0.4526292610720775,0.15256428368157152,-4.534916909614558
40.0,75.0,True,0.1818583595668467,0.12167959879773659,0.4961244704706899,1.1429458286824474,-5.656120771371456
40.0,76.0,True,0.2244404083410412,0.13507194464669126,0.6357450454316331,0.7833091735153996,-4.58822970730072
40.0,77.0,True,0.3193920644065693,0.17885162249004566,0.7458369826276042,0.21207557993878268,-1.5797285034329216
40.0,78.0,True,0.4193850533576825,0.14379061016207517,0.7371277987228375,0.42347398638210354,1.8760015692971368
40.0,79.0,True,0.34820945626400096,0.19884019148772533,0.8484829798035907,1.4147371706167706,-0.7149105814879865
40.0,80.0,True,0.4620239418885568,0.18317911375795123,0.8701362528564673,0.32301250639544515,2.656625397034206
40.0,81.0,True,0.3361011984795578,0.07794747627546413,0.4963806958031446,0.10189211461119423,-0.7627903958266118
40.0,82.0,True,0.4543463727810992,0.18137162566220058,0.9376507784779998,0.7106278645079959,2.7487830791170325
40.0,83.0,True,0.46030595612126496,0.1908554655322644,0.9137722111642038,0.9530363422307754,2.9901276796990426
40.0,84.0,True,0.5116501672517245,0.1733547740692005,0.8562304312441382,0.22042417593604388,4.634398721260867
40.0,85.0,True,0.4480797938624133,0.12622173664973704,0.6971513266576158,0.40014686340704503,2.399439129414894
40.0,86.0,True,0.30813893557912475,0.20712213883078387,0.7445712574196477,0.779715039254466,-2.0502623740289523
40.0,87.0,True,0.2559459762548401,0.15028951120572862,0.6339545022724261,0.6370048658631005,-3.8751616901040387
40.0,88.0,True,0.2749708202546074,0.12010432817219907,0.5220884853654311,0.4273041277727097,-2.9513995302113836
40.0,89.0,True,0.3341504578663259,0.19888141736332082,0.7939164780859757,0.8135971342121348,-0.7503047289241237
40.0,90.0,True,0.28665895598878705,0.15111899841276943,0.6185169356541624,0.7123322460488879,-2.5778380839317405
40.0,91.0,True,0.2145027158396251,0.14162243296956323,0.4904301671921384,-0.021123148281932236,-4.874052489218084
40.0,92.0,True,0.42567535009468416,0.11758754345979378,0.6982450054039129,0.0961916158929107,1.9930671988891462
40.0,93.0,True,0.45416207750797677,0.15602552711470172,0.7088497503634981,-0.11476908056238028,3.157775274264951
40.0,94.0,True,0.39366166109002626,0.13541969624674816,0.6418226771155467,-0.5345385758299507,1.023488974854452
40.0,95.0,True,0.40653684162795345,0.12678237196962577,0.6878932405909322,0.11798952567515113,1.492862250154301
40.0,96.0,True,0.3295847307656223,0.10399363763930897,0.5344975110968072,-0.23148285748673106,-1.0496088387996554
40.0,97.0,True,0.4161714420190462,0.2682719656707803,0.9380181552386064,0.35992993033955656,2.2877677616896293
40.0,98.0,True,0.36999713850565424,0.1337455308302483,0.6316130082096092,-0.1273800665898205,0.3002492053890032
40.0,99.0,True,0.03031405243957593,0.034951816185911304,0.1058855226175885,0.9190520699620225,-10.585491012086399
40.0,100.0,False,,,,,
41.0,1.0,False,,,,,
41.0,2.0,False,,,,,
41.0,3.0,True,0.23400732633318702,0.12891319641232798,0.5252987747235236,0.546669185268961,-4.033954455497712
41.0,4.0,True,0.42552231571398536,0.1737847599180273,0.6966298614979793,-0.48584344148916186,1.6656515053284267
41.0,5.0,True,0.5511857101779515,0.14399972107361952,0.8855728325832293,0.13129166349382562,6.3271273690554315
41.0,6.0,True,0.5705499452082776,0.19137174403182444,0.8920043938712876,-0.6326480016957915,6.922282397126094
41.0,7.0,True,0.4024193901791952,0.11488299452613145,0.7153603605854543,-0.9042413231756186,1.412743823103116
41.0,8.0,True,0.5531889961894475,0.14623102405110258,0.8594102076752906,0.4695445500314956,6.296374839815939
41.0,9.0,True,0.28481862489682414,0.1530166600068925,0.5426326334502453,-0.11362591893016176,-2.590708697722673
41.0,10.0,True,0.2877469046061982,0.07606392732380765,0.4023569848346295,-0.3463704382619412,-2.440902949287169
41.0,11.0,True,0.23529911682141547,0.205175142266555,0.7725133984936494,1.0776519036266825,-4.162690064715311
41.0,12.0,True,0.40383457472634926,0.16087912925672918,0.7746279465424942,0.2678952803434976,1.4686506577567855
41.0,13.0,True,0.29739025820096576,0.09787540901025611,0.5162194052428016,0.18250962773854992,-1.9613260944756725
41.0,14.0,True,0.3177822287889886,0.1565839425775863,0.6271340019337317,0.1342261955179133,-1.756018087465368
41.0,15.0,True,0.36946535575649436,0.10605276624249207,0.5294688222471671,-0.49162167574570154,0.23773016902280314
41.0,16.0,True,0.3934568960693575,0.13370501616290292,0.6156392227998119,-0.18638424357330052,1.0511013789513715
41.0,17.0,True,0.301384060149517,0.1409278453231734,0.5805762510385107,-0.154516257674636,-1.5558516413187937
41.0,18.0,True,0.3676117127613342,0.1931114900009839,0.8692868547021237,1.0059130324190004,0.059140074967990064
41.0,19.0,True,0.43720494701413753,0.18150334724766368,0.9141768091679152,1.0607214596477355,2.44768402343104
41.0,20.0,True,0.29950801602057464,0.20622566406727186,0.7155340717652126,0.26867263117875695,-1.9984219433168795
41.0,21.0,True,0.3214382363547257,0.1793589601265485,0.744329057503131,0.8731183266661915,-1.3345828808085016
41.0,22.0,True,0.28384247135522894,0.13361185684083926,0.5925506722318562,0.4559714209200862,-2.364780460209987
41.0,23.0,True,0.25160842877046996,0.18028463619303411,0.7327361409811837,1.2842323379397116,-3.57614785036686
41.0,24.0,True,0.3017708407103725,0.25559953742169617,1.0024945735500812,1.115259512872962,-2.215590366236256
41.0,25.0,True,0.28164888913513486,0.1549123279327609,0.899849896554811,1.408913123852431,-2.9468903629785546
41.0,26.0,True,0.16434108882458084,0.12494591779999865,0.4401702828795941,0.7397738848329786,-6.286774799995221
41.0,27.0,True,0.24584330456773718,0.14485471062792868,0.6803313880484877,1.0224126682724428,-4.093783752044233
41.0,28.0,True,0.21000809890474778,0.12047145144295039,0.41385326224915,-0.0538046821396351,-4.584964992259568
41.0,29.0,True,0.31446022768117604,0.18050063402740218,0.8037782031696213,0.315599279553395,-1.969058853289262
41.0,30.0,True,0.3067411359962331,0.14727776501833262,0.575886973371832,-0.18470961741806644,-1.8785022142843317
41.0,31.0,True,0.29942890471454897,0.16016177463617245,0.6554882401639605,0.9120027554236467,-2.079223198763642
41.0,32.0,True,0.623122287534786,0.22579894746209117,0.9707534212708564,-0.7463811674662005,8.705164057057408
41.0,33.0,True,0.7837057541896324,0.30505747380035975,1.2688440243847587,-0.37179148787252186,14.035895993253225
41.0,34.0,True,0.8202646174960262,0.45536546899209407,1.5,-0.3799335947843392,15.612385562412628
41.0,35.0,True,0.784507212965369,0.3896959336047303,1.5,0.30622374940759667,13.70329834696748
41.0,36.0,True,0.6366980570248536,0.3073384024841888,1.2574699057548258,0.1430747386080047,9.587078371346468
41.0,37.0,True,0.4489495471473427,0.1735864381278577,0.7220700730314491,-0.8890860552807293,3.3471754468670127
41.0,38.0,True,0.3781513545421438,0.19921859810503623,0.7968336778355587,0.224083699717944,0.5722096296107331
41.0,39.0,True,0.34760217718888825,0.14710973940635322,0.6586668892136641,0.21183284013955295,-0.6436256653721
41.0,40.0,True,0.33305819465704645,0.11893079410519483,0.5566192651521961,-0.42884011060363536,-0.9155683554960068
41.0,41.0,True,0.23778337584771636,0.10371163241981927,0.4655179363928473,0.49532488568795086,-4.304611272749513
41.0,42.0,True,0.34968341109556045,0.15312839254028027,0.7138851136458888,0.2876871854057882,-0.40839596634008607
41.0,43.0,True,0.33247145264146105,0.14203397777505355,0.70822239332875,0.8787790708302152,-1.3031383340667195
41.0,44.0,True,0.25917449861852393,0.16394744436416997,0.6808333508862184,0.814415717548814,-3.4928321337389887
41.0,45.0,True,0.2383013306335642,0.15368539587653907,0.529115682472263,0.36070882767931556,-3.8395428784255454
41.0,46.0,True,0.3060225296614691,0.15222819271824997,0.7254892410261629,0.7447610824238144,-1.4756001413794209
41.0,47.0,True,0.3189738830392634,0.16866571007760212,0.7733871822671465,1.0365658473323223,-1.0685655055915755
41.0,48.0,True,0.32319757741078015,0.14505204379834682,0.6682466803182278,0.7395014389379788,-1.4667007721831993
41.0,49.0,True,0.34121932119791065,0.16506441173648997,0.7174831925506906,0.45551672359303286,-0.8958923485966719
41.0,50.0,True,0.3734308662742576,0.1312562625000742,0.6413201904899722,-0.5927884483222488,0.7109107013110134
41.0,51.0,True,0.4138881181306897,0.16739473339145466,0.774667556557922,0.12083940374329222,1.4693334692323128
41.0,52.0,True,0.3526116591801311,0.1337624558174401,0.6624999330134794,-0.1888828718305854,-0.16998851940347595
41.0,53.0,True,0.2285824743970938,0.09434295152529537,0.4346426947479161,0.4572624627674104,-4.1615943209224175
41.0,54.0,True,0.30388977241472476,0.1465278337808731,0.755583687369025,0.8584130520691547,-2.280136431461807
41.0,55.0,True,0.3058005208712851,0.2020098206987355,0.7288109914019426,0.6648652493963014,-1.6276676059365687
41.0,56.0,True,0.2680818322037362,0.18749568875736003,0.740729709796224,1.089601637941499,-2.6771118085893493
41.0,57.0,True,0.1391426636282831,0.061938969595004716,0.257010124305193,-0.2775573859167832,-7.047964602493434
41.0,58.0,True,0.17632245694019943,0.0842870886155157,0.4033115190771747,0.8435204129117745,-5.894270423029524
41.0,59.0,True,0.16953589749446096,0.07056465993271122,0.3408974359408263,0.7451281439558833,-6.251768050590094
41.0,60.0,True,0.29126843178925194,0.1730015577156774,0.5536799660148418,-0.026486936788080027,-2.044668984764828
41.0,61.0,True,0.3724460353081752,0.20036901575101856,0.7097098849279324,-0.24410849125297207,0.5579338687298304
41.0,62.0,True,0.35469309885909706,0.16941101324913457,0.6484953118582562,-0.46085219838859665,0.09047652887065953
41.0,63.0,True,0.3138184780096061,0.17653466785241037,0.7104991541512591,0.5201121523633125,-1.3819169979061163
41.0,64.0,True,0.40742109979261776,0.1437042993744487,0.7474553997240395,0.2016699937299333,1.5070444237267142
41.0,65.0,True,0.24302996767364668,0.1662260599816165,0.7093858573514888,1.4837760871881585,-3.4503375189564274
41.0,66.0,True,0.26059914236638526,0.15306198952510672,0.4960303758266262,-0.4811889354452163,-2.8220562737210493
41.0,67.0,True,0.1772946341528337,0.10941360046475669,0.4183533743131671,0.39674691722890093,-5.640359829524451
41.0,68.0,True,0.24973278013859215,0.11191634028530391,0.4770849565999772,-0.8558670350040091,-3.315682897487166
41.0,69.0,True,0.2654068149807234,0.16269696720353066,0.6649880751493441,0.7215487163066416,-3.2833469355190426
41.0,70.0,True,0.2680418853618979,0.1439444186144761,0.5977303278885632,0.9203466583140316,-2.813624391692156
41.0,71.0,True,0.1277804190919008,0.08490255553649291,0.3105318885463599,0.6055092841523956,-7.52162324241849
41.0,72.0,True,0.15867486163866623,0.11993020572143058,0.5581614620670393,1.460759938144747,-6.722972575504264
41.0,73.0,True,0.2420933128688537,0.1198502618184275,0.4098694011933951,-0.4368390210938385,-3.544618740555923
41.0,74.0,True,0.2409080103422947,0.12532650919958388,0.4421731969491489,-0.03710115905123512,-3.696414468883661
41.0,75.0,True,0.21720700080930494,0.09581414524235136,0.3995924734867258,0.14145732987990697,-4.425503351685108
41.0,76.0,True,0.3296108372736623,0.11658782841951368,0.6092934590366053,1.0640025121485537,-1.1600019434238606
41.0,77.0,True,0.4253821648863094,0.1801301025562321,0.6896557262782836,-0.30603906379012663,2.3893387393037235
41.0,78.0,True,0.31236361444807353,0.09438479831629262,0.5347468061918341,-0.024832094278774006,-1.5302396221959147
41.0,79.0,True,0.28734019710261816,0.14129450449966405,0.6854911382537241,0.8559454029879091,-2.522017571553187
41.0,80.0,True,0.4504060169064347,0.16994612972654305,0.729953249558776,-0.24623665764401212,2.881685629682392
41.0,81.0,True,0.4616906312620413,0.1693210801111218,1.0302595017060363,1.1776197979445475,2.6896586933271758
41.0,82.0,True,0.7190205453556152,0.2178903362891183,1.1648728991549948,-0.6431848423528208,10.83944134676198
41.0,83.0,True,0.5057247127077584,0.1484114405038452,0.7676907396098414,-0.3877864004384167,4.513849851378466
41.0,84.0,True,0.5173264719309892,0.16508455866750826,0.7881672045939296,-0.06526023538813727,4.910774559898741
41.0,85.0,True,0.3388333531365697,0.20616432423867312,0.7305480269671919,0.48110556215340894,-0.8927088626635243
41.0,86.0,True,0.4241627122531724,0.1412968914900081,0.7599304511985129,0.5423903620846151,1.7756376951938602
41.0,87.0,True,0.315170054131282,0.19045607695271394,0.740125590566285,0.8216551381407424,-1.29074973752481
41.0,88.0,True,0.29789273365725044,0.11012992044982897,0.5432399041618875,0.32961687949071933,-1.9442025503340932
41.0,89.0,True,0.37623832859251727,0.18312398308885877,0.6762956810148101,-0.5860191478556642,0.442811203224397
41.0,90.0,True,0.3858272707455223,0.0946316709546498,0.5262686729197933,-0.31514179680219045,0.9813601104091014
41.0,91.0,True,0.3619345654452914,0.2201282449454095,1.094389289361917,1.2318393423941063,-0.8139429287660509
41.0,92.0,True,0.2533553973831414,0.1878564305182589,0.5969282892079677,0.13314165967737482,-2.9360647402141695
41.0,93.0,True,0.3136989503240327,0.1887828386462174,0.7405277811029729,0.9091485855431036,-1.6618331413344298
41.0,94.0,True,0.33016303753596954,0.1429208475446199,0.6944132824430017,0.05964973423478536,-0.918331648753493
41.0,95.0,True,0.28149065608039436,0.20213702283681484,0.7649699884213655,0.9395516067467551,-2.7205039570229723
41.0,96.0,True,0.22205888770826637,0.11285077496794134,0.4269232833111792,0.11669516272901619,-4.439676403154746
41.0,97.0,True,0.36588248128438183,0.17385149151045312,0.6558896733220819,-0.2733956997860569,0.43726825060861707
41.0,98.0,True,0.39106189399321345,0.11739080048531488,0.5980313099886915,-0.2009977702023637,0.94659481520879
41.0,99.0,True,0.06627784367885536,0.04653353543411319,0.1637249079575133,0.1826628963997192,-9.408211941095903
41.0,100.0,False,,,,,
42.0,1.0,False,,,,,
42.0,2.0,False,,,,,
42.0,3.0,True,0.2960468510473397,0.11464736463833695,0.5077029115781043,0.39879205688252517,-2.427087752744569
42.0,4.0,True,0.5257789231178895,0.18839237715386642,0.8218452705515057,-0.4356282772450848,4.679421599893604
42.0,5.0,True,0.6022962553926935,0.25082759712285824,1.3630172688350697,1.0961849930411323,7.166600753601775
42.0,6.0,True,0.4343974531155561,0.17445211217170042,0.9027842430446144,1.3431483126428376,2.3009821958997385
42.0,7.0,True,0.39332697641854497,0.16819982516573675,0.7585663045725834,0.535128219106023,0.9131785449908272
42.0,8.0,True,0.3163607419269373,0.15373856517513285,0.5589147445845087,-0.12118220441520869,-1.67530142784212
42.0,9.0,True,0.23547140567460517,0.10131459358742431,0.4649858898516483,0.20253619790245586,-3.947510102022888
42.0,10.0,True,0.22075377084220868,0.13821105475565185,0.493120867367982,0.12559321368892287,-4.398636910602487
42.0,11.0,True,0.27132827850963953,0.11134772071106902,0.5803566207712153,0.5059778047401227,-3.1631185497423653
42.0,12.0,True,0.26132643255570176,0.15448600778862015,0.6259409444636856,0.4737222647411228,-3.123660048390723
42.0,13.0,True,0.19909440327296524,0.11428608876675721,0.4313189306714565,0.24904987633129977,-5.1491623835174956
42.0,14.0,True,0.22246691572167054,0.14410192356603904,0.5647988835505265,0.4039197175478135,-4.541507993994768
42.0,15.0,True,0.2725787601624023,0.09903360797302174,0.593392311649856,0.9152137155972304,-3.161218914193869
42.0,16.0,True,0.16491606819089738,0.12459955759425353,0.4496907430462615,0.5793132766616278,-6.099117798632515
42.0,17.0,True,0.34122105934719343,0.17720558169854472,0.7077041992632332,0.2857783202747528,-0.7633375607608579
42.0,18.0,True,0.330142711317182,0.17621713080121837,0.6867721281212675,0.06278704541113812,-0.7260539960273047
42.0,19.0,True,0.33341205001302154,0.16040032122376469,0.6795110204886133,0.33571494762619797,-0.8178151445484322
42.0,20.0,True,0.28398012731697436,0.12256900746642564,0.5095940944196742,-0.4959465719188752,-2.319891014552594
42.0,21.0,True,0.25464040904910973,0.0826353677049179,0.4368866873118316,0.3681333068398203,-3.56767924284598
42.0,22.0,True,0.2683298136176104,0.11403493817251431,0.5006246997888749,0.11727607798929231,-3.0251913029371034
42.0,23.0,True,0.3363958626166665,0.16113441614960797,0.6790738582876268,0.03730349661551677,-0.5000729196596121
42.0,24.0,True,0.3041076987144807,0.10764067919663689,0.6088850382341687,-0.010962145982364932,-2.02475093516777
42.0,25.0,True,0.248231058839434,0.1946642325872314,0.8212304949856182,0.7934575853292599,-3.9929307641347824
42.0,26.0,True,0.2647316660022481,0.06158899812335816,0.3518119858287397,-0.44201801879520747,-3.1719527905351166
42.0,27.0,True,0.29728939109662633,0.1705585880158087,0.7192612858866548,0.6232227482741823,-1.910233569921957
42.0,28.0,True,0.21044516829568327,0.12856209553302578,0.5119389800969578,0.4398171860073377,-4.7434254135642515
42.0,29.0,True,0.23687569914537837,0.1330125666183446,0.4680081996461052,0.04555023890277116,-3.891104075865781
42.0,30.0,True,0.46468726235014285,0.21870867494062807,0.876142703369494,0.03291209065963574,3.3486797246032505
42.0,31.0,True,0.5499677890749308,0.2644014813008323,1.18798992540726,0.47103576537688646,6.644878454651098
42.0,32.0,True,0.8641144809277967,0.33153805832219296,1.5,0.6581166501594943,16.647782258590876
42.0,33.0,True,1.046051489639012,0.47848378392378654,1.5,-1.0585413135781463,23.367001429585535
42.0,34.0,True,1.0506010196724935,0.473531891069388,1.5,-0.6245930893841894,22.9712502205665
42.0,35.0,True,1.0343373442566375,0.5188681226865187,1.5,-0.8197232003492616,22.56787352175473
42.0,36.0,True,0.9184973168058169,0.4000169065277501,1.5,-0.3094386036100913,18.40561730544943
42.0,37.0,True,0.6981003163248239,0.37657434751720853,1.5,0.8576580332771423,11.147697110250082
42.0,38.0,True,0.4047920348647695,0.18181500863236097,0.7380150982823531,0.3712602279226613,1.4814758419294813
42.0,39.0,True,0.3747710726598877,0.19551956010968052,0.6628454400877594,-0.23855158124209658,0.9218159913107103
42.0,40.0,True,0.3028082984672125,0.14379771565734695,0.5928380088532356,0.3962130753695449,-1.6810581179339745
42.0,41.0,True,0.254815086173942,0.11461731924727923,0.506098108077248,0.20036887810076626,-3.4201557974066166
42.0,42.0,True,0.2737523986833066,0.1414652276443647,0.657447181507255,0.6091578117790849,-3.0572940342374046
42.0,43.0,True,0.2932255881309932,0.19287876533086276,0.6220026544034198,0.11301318041143936,-2.612690132159625
42.0,44.0,True,0.29395739657754094,0.11054406822582648,0.5473571872691696,-0.041147355799328135,-2.267422181169154
42.0,45.0,True,0.33934378913972885,0.20696367984414238,0.8430467554860455,1.2567416969150105,-0.5482001079610528
42.0,46.0,True,0.36886183953977847,0.07146799788940245,0.53589204737523,0.3376998014444568,-0.04320656829968685
42.0,47.0,True,0.3759890805288472,0.17990757186426098,0.7448871228648483,0.0015789893480560374,0.942753243611283
42.0,48.0,True,0.4329033560954695,0.1332486503389846,0.6758629150353539,-0.031016288189385607,2.082667735491068
42.0,49.0,True,0.45124722611238993,0.1482197274710466,0.776798033507374,0.5394485094760104,2.9328979833781226
42.0,50.0,True,0.30368767581217504,0.15849297023101488,0.6517442548601198,0.7331742998527547,-2.357299148395596
42.0,51.0,True,0.37178423815671824,0.12622358416764287,0.7061026192413292,0.6632594473431365,0.034208133184630056
42.0,52.0,True,0.3252807003039586,0.11063625014065764,0.5699229635195235,0.009079691407754305,-1.0130000146778173
42.0,53.0,True,0.3729517322629195,0.21101563749800592,0.8874914046126395,0.4823792430041398,0.644427339966303
42.0,54.0,True,0.2710835692307119,0.14566072580174708,0.5310035018161148,0.055384300333715955,-2.6973775775571394
42.0,55.0,True,0.343568106079734,0.1860402402615837,0.6873906045984367,0.03709347048581024,-0.7350090722714419
42.0,56.0,True,0.22175972014260792,0.11638735898676451,0.4658259102337339,0.07712020638873834,-4.626724414055057
42.0,57.0,True,0.3313551031812439,0.15922497250844952,0.5890365575210059,-0.23878926368340067,-0.7390025807712658
42.0,58.0,True,0.19841579132330756,0.09570851161114081,0.3739410267273713,0.11891945416648882,-5.323976461128368
42.0,59.0,True,0.3126821334244635,0.1599384078400089,0.6762317021731548,0.5660768252741691,-1.8549457528832196
42.0,60.0,True,0.27171007823669724,0.11291275007304584,0.4914968142329513,-0.4629033627207468,-2.8326918820339233
42.0,61.0,True,0.17251967378784336,0.08946249806315382,0.3479723213465941,-0.0495132727245837,-6.097904538269405
42.0,62.0,True,0.3310959417371426,0.15733889725722774,0.7216946257915443,0.7480757611611767,-0.8695815545868584
42.0,63.0,True,0.31246633132763,0.2522673091660872,0.8242271515361473,0.6921941954905048,-1.4014652812663502
42.0,64.0,True,0.32655281560360383,0.17045450889850833,0.6072330923488253,0.18194689763680735,-1.12900917213718
42.0,65.0,True,0.3215719658438253,0.16231371731024044,0.6199545461223884,-0.01443675379063984,-1.1364929501919727
42.0,66.0,True,0.200372023870782,0.08565447360479113,0.4025164302190581,0.9559607603796936,-5.267736199303676
42.0,67.0,True,0.2277247785985766,0.13044360359827362,0.4744406434076962,-0.050924726907608645,-4.400899147293261
42.0,68.0,True,0.22722588673247263,0.10390561825525436,0.4069765588947365,-0.34728727265973847,-4.260399137430432
42.0,69.0,True,0.14548542624773006,0.08628882762318667,0.3157404844392035,0.019168795070661694,-6.716155642354131
42.0,70.0,True,0.25031855137492326,0.15284775090345148,0.5995813331408888,0.2977161397797298,-3.9226018569749135
42.0,71.0,True,0.18944148288587695,0.07206496928623818,0.3127817082674445,0.02691431888287884,-5.612505527880889
42.0,72.0,True,0.2502704875670166,0.18092320128712683,0.6905353341614134,0.6585584528489414,-3.7873941129351647
42.0,73.0,True,0.3180178693255518,0.14048202095879214,0.534521045134798,-0.34827068367544073,-1.7027250396973643
42.0,74.0,True,0.28336739572225184,0.13793448482440787,0.5527648181029712,0.12710763113512236,-2.4144545538161597
42.0,75.0,True,0.3394137016055677,0.19707026266954641,0.6401587995969232,-0.14945121287623284,-0.5837069471235476
42.0,76.0,True,0.31720909461578695,0.13218637520393958,0.6302759623321477,0.591825731546532,-1.5060486514785558
42.0,77.0,True,0.33346024147238323,0.20911496073217312,1.162227629588005,2.3308615756978757,-2.007081114846639
42.0,78.0,True,0.34576783717399645,0.15394115938784086,0.6441345431449054,0.267757431395785,-0.5254594893097051
42.0,79.0,True,0.3699403021447462,0.19578289903960155,0.9904626185502255,0.4790983033662083,0.14448499591217492
42.0,80.0,True,0.5932930934001219,0.19798898300632795,0.9236206225358188,-0.32922309921224874,7.855731735106375
42.0,81.0,True,0.4447753740374495,0.19033559218678256,0.8626345580924553,0.25474221031858313,3.0217849102730376
42.0,82.0,True,0.4097527052754487,0.2504301335392459,1.159642809724358,1.2824183813945789,1.2061223561863947
42.0,83.0,True,0.45347070301814935,0.2220015952779862,0.9227922205490828,0.4392473194161461,2.9102934157176445
42.0,84.0,True,0.3522460017087784,0.11845609943067854,0.7410160244429429,1.0624886066269883,-0.5963619904308171
42.0,85.0,True,0.3789765574272815,0.1630199300229572,0.7333633756734498,0.01993418936878176,1.0586607336652856
42.0,86.0,True,0.37867819909208356,0.1114660292312712,0.6773740489149703,0.9258090074923515,0.6858596727092622
42.0,87.0,True,0.3470467028709758,0.1472178512442144,0.5898578520142509,-0.31195700643571883,-0.3193900451598582
42.0,88.0,True,0.3437566362963248,0.12185900263303666,0.7236609392473847,0.7115101115466833,-1.160696926234052
42.0,89.0,True,0.3309661048307148,0.1794064965566063,0.7025913191201997,0.49753655184991963,-1.019685356300309
42.0,90.0,True,0.33845018799864185,0.13157309103860104,0.5500678748927931,-0.5963969915000625,-0.3597887780720098
42.0,91.0,True,0.34805610366423967,0.15460602451523947,0.6538227808138977,0.11458044893668007,-0.41926866232073035
42.0,92.0,True,0.39694058626653783,0.16731958770368663,0.7542350414377466,0.4595863800345734,1.2315117853501771
42.0,93.0,True,0.2730378498430319,0.18937625627338472,0.7629074853711586,1.0079026644131204,-2.5873327854254233
42.0,94.0,True,0.3092482709558362,0.1637562474120995,0.6204914464976141,-0.24684024801578713,-1.425351972906825
42.0,95.0,True,0.2737878440840504,0.16716017748703413,0.7801529549859515,1.1673676164786602,-3.1677003801960373
42.0,96.0,True,0.25518737564635763,0.14636026336743316,0.5441962825569442,0.47504028819535565,-3.609767406776739
42.0,97.0,True,0.36287809031315926,0.19013381400459842,0.7058776429296987,-0.12656866121305227,0.5476733431793595
42.0,98.0,True,0.35042347434675736,0.10102917740778239,0.5669628780857691,0.1581716104040533,-0.5976912346914912
42.0,99.0,True,0.07134839318432833,0.05199204723840607,0.1930777784583234,0.5814962950228247,-9.334677386666014
42.0,100.0,False,,,,,
43.0,1.0,False,,,,,
43.0,2.0,True,0.016665282146097717,0.026717602363430897,0.0916891961734633,1.838665189778777,-11.090427066325747
43.0,3.0,True,0.4769662919138271,0.21743899397047536,0.8404910718494735,-0.07043863972907614,4.142249998870837
43.0,4.0,True,0.6303398874525269,0.17567196459386858,0.9727923640112356,0.09117959485005886,8.784394337293365
43.0,5.0,True,0.564156214319351,0.19760890013542617,0.8747484317447424,-0.5757757232661406,6.673289926304642
43.0,6.0,True,0.5541223151140473,0.11791363305769961,0.7738219771116025,-0.5089582810716164,6.316204784974659
43.0,7.0,True,0.3804176335807948,0.19798849798086685,0.6506389999500951,-0.26935323734595656,0.5394600048111297
43.0,8.0,True,0.39627216182395325,0.21060467666920685,0.9594189806945458,1.294120125280108,1.0769458318949008
43.0,9.0,True,0.2107492144773416,0.1588200386326157,0.5471529180890364,0.5689983056389372,-4.816791700626349
43.0,10.0,True,0.1817522617533616,0.08693128059093042,0.3607748458516634,0.37052415183958104,-5.942653139396556
43.0,11.0,True,0.2874718728919815,0.14683690013318057,0.6173115469991775,0.3566907895349424,-2.4195748783553865
43.0,12.0,True,0.35176942579443987,0.1852277712868893,0.8194517552334238,0.5642476887880901,0.12967124492780588
43.0,13.0,True,0.31556273909115634,0.14004859074989764,0.596329867833836,0.24619415104015802,-1.3407241174918445
43.0,14.0,True,0.32198504120033344,0.2597590585028761,1.018257886626498,1.208326995677247,-1.3026236743104496
43.0,15.0,True,0.3127737227156924,0.15375262138059131,0.6754723487297299,0.6717957963799472,-1.50396061748376
43.0,16.0,True,0.40467346287228545,0.15691000493367485,0.7276709633271118,0.2664185372756379,1.123645556741715
43.0,17.0,True,0.3338163877875475,0.1340193497054105,0.6206341260765519,0.06012812130046308,-1.0533695946008592
43.0,18.0,True,0.339713280845376,0.1351156556764024,0.7933330976938526,0.8647298056897008,-0.96866239282081
43.0,19.0,True,0.2814825722940059,0.13235489604598732,0.5710267765160708,0.0728002287914996,-2.4190910785730164
43.0,20.0,True,0.3682957840422449,0.1712166359091687,0.7316768616103047,0.05462809759307497,0.5507011836430666
43.0,21.0,True,0.3291041195007163,0.16682455869095852,0.6344536355717104,0.15210339237001322,-0.7175458737380386
43.0,22.0,True,0.3423522925543092,0.1269537171077009,0.6098084140479307,0.6750068636636396,-0.6369443970856545
43.0,23.0,True,0.30824981135071094,0.1316948885987266,0.5499751040444099,-0.19317846008203174,-1.719469203514923
43.0,24.0,True,0.3844788612581195,0.1888204138938721,0.8223501813086052,-0.05649695308900183,0.3337783147575634
43.0,25.0,True,0.2391930602636365,0.13199415814683063,0.5761536139606204,0.7217100506053429,-3.822007024030097
43.0,26.0,True,0.24079043008516549,0.12619169397173782,0.46146184856278,-0.05891175936426618,-3.641583969306181
43.0,27.0,True,0.2940640739241687,0.12333171148452012,0.5823425964243276,0.4695723768606361,-2.1718346449586443
43.0,28.0,True,0.35511647446357786,0.18213631305331746,0.6760027323193623,-0.06267435338486899,0.29697440992256036
43.0,29.0,True,0.3906720167347025,0.21125864574106487,0.7360210091314593,-0.03019983957943206,1.0191399712943956
43.0,30.0,True,0.5308041220014429,0.3233654457271475,1.5,1.2953170678468433,5.449834483802775
43.0,31.0,True,0.7195248445082848,0.25491290073541073,1.2908894695709738,0.3242412047068976,11.972506583070837
43.0,32.0,True,1.08628414021685,0.46669346759285996,1.5,-1.045403360014165,24.403368657846343
43.0,33.0,True,1.2110991733146006,0.518475367908669,1.5,-1.4746193915895054,28.809125387671976
43.0,34.0,True,1.2853307098703282,0.47991100942794346,1.5,-1.9299600823458327,31.059119635960293
43.0,35.0,True,1.2593794765396866,0.46844613788284734,1.5,-1.7209974422340943,30.113486878152564
43.0,36.0,True,0.866279253759051,0.2909525279381842,1.243383471703534,-0.9653863931007867,16.75348971964896
43.0,37.0,True,0.5164145784315824,0.2579326666502734,1.0075368735814485,-0.14750943896697835,5.640364438018685
43.0,38.0,True,0.45782711189606845,0.2165852831997609,0.893062214921212,-0.3598389705373302,3.695667390018958
43.0,39.0,True,0.27253025987766205,0.10279980976550132,0.4261500125262475,-0.3626639414870972,-2.70290130687508
43.0,40.0,True,0.4070381852015582,0.14168745390913914,0.6142390799540859,-0.7490461764142862,1.2074557709830225
43.0,41.0,True,0.3136914188945986,0.13760443172336906,0.5779276244451763,-0.1336021393993539,-1.4791314461694351
43.0,42.0,True,0.2985205916558989,0.12264848826574272,0.5657451371516458,0.0936997761347682,-1.6733489125473153
43.0,43.0,True,0.3042044185240991,0.1620545757870106,0.615114116982429,0.6476466292114168,-1.6066399495051176
43.0,44.0,True,0.375458499079719,0.11746519928425424,0.5528817680818838,-0.9065138263912805,0.3809907995548585
43.0,45.0,True,0.2404749061896538,0.13443153941795705,0.5247393697338639,0.409942767647995,-3.843690946516965
43.0,46.0,True,0.46200784169111886,0.1744622343611281,0.8809093749256713,0.8939480897761731,3.4442312662758763
43.0,47.0,True,0.34509784404561844,0.18772258069825618,0.7380285163273312,0.3419102581669409,-0.7294942985677492
43.0,48.0,True,0.5081315004332893,0.1655011775375041,0.828898074964126,-0.5189378011103093,4.975769046848348
43.0,49.0,True,0.6013038083777961,0.21002363960097709,1.017586904068439,0.4451480069814555,7.771440116711112
43.0,50.0,True,0.4073086466774559,0.1163307595482514,0.634661088687622,0.2121499018343261,1.5121365069413413
43.0,51.0,True,0.5281358388250567,0.15370843193847988,0.8174685889355386,0.37161496018933,5.5738002212938405
43.0,52.0,True,0.4020734682280272,0.13363545167257998,0.6435731494798373,-0.40105466748745217,1.356997598971308
43.0,53.0,True,0.41642996914877406,0.11511749834913829,0.6728677326753473,-0.1830101569261767,1.286229936809444
43.0,54.0,True,0.39070952544138754,0.19240459137678242,0.8098173531106242,0.5483196398541067,0.7328756941712744
43.0,55.0,True,0.29054697974701116,0.15415671540999315,0.592939874380023,0.10506358431638733,-2.4634591595043425
43.0,56.0,True,0.3491798317887303,0.10161948793800273,0.5731716064053815,-0.4117192197520875,-0.23785225955039485
43.0,57.0,True,0.353302478727579,0.16158551962375922,0.6563027387868516,0.2758086240039318,-0.14995750593346607
43.0,58.0,True,0.22778067089398268,0.12639427043103343,0.4453717633515149,-0.22105406104551314,-4.074627527469835
43.0,59.0,True,0.21612198925814446,0.1066245953605589,0.4630925275188585,0.6746721859468874,-4.436060161018795
43.0,60.0,True,0.20074757082616584,0.10314658962678917,0.4402763981614488,0.14410719113537182,-4.9173009628406
43.0,61.0,True,0.32737846618174155,0.08411472709139843,0.4929379284400682,-0.17350325269855557,-1.022980464296846
43.0,62.0,True,0.2816416907636521,0.14947399906278425,0.6248517699572124,-0.17116572457513812,-2.4448632226602705
43.0,63.0,True,0.3479990646388396,0.1430506416469727,0.6600221579195287,0.38962254542861197,-0.5309212488289062
43.0,64.0,True,0.3657639721021213,0.155218186603025,0.6887801426501508,-0.13875713035210133,0.5557673191652854
43.0,65.0,True,0.38604184443686745,0.19139506433905656,0.8070418182187064,0.05570270185070212,1.203219800221454
43.0,66.0,True,0.19970152972075023,0.11700856869181481,0.4546867659709078,0.17476619209445224,-5.113814152422992
43.0,67.0,True,0.2500817211165634,0.10483242335041845,0.5718452541076229,0.6254802977568402,-4.044720724841856
43.0,68.0,True,0.26194520665681326,0.16559310154412074,0.6234998418669859,0.7093507413846769,-3.1879827791419086
43.0,69.0,True,0.2050316482953401,0.07391559953122162,0.352142866810434,-0.18082640297653887,-5.075480303618609
43.0,70.0,True,0.20063430358496942,0.09801423423712328,0.3824265102178038,0.2769940987647048,-5.097577720217084
43.0,71.0,True,0.17479541066080434,0.08765842306847152,0.3697169220438721,0.44573334778891044,-5.882314954353508
43.0,72.0,True,0.20245507519839312,0.12874669966000446,0.6215721573467564,0.9237527309255543,-5.162325773102691
43.0,73.0,True,0.3938217988385593,0.1644829572675006,0.7385710600623399,-0.0841187281576758,1.3265286659240172
43.0,74.0,True,0.3169194593424555,0.11147002798008024,0.5102638679359209,0.07554637808597951,-1.5522306402655035
43.0,75.0,True,0.34606415464658014,0.11775252829681872,0.5329281449346996,-0.47346582827223244,-0.5807233178919631
43.0,76.0,True,0.36711360743506594,0.2126332826990886,0.7122870382806696,-0.24768755291397446,0.16172338858664131
43.0,77.0,True,0.4364439809373714,0.18934948604757287,0.8430776903708774,0.17279973209035557,2.408771222667801
43.0,78.0,True,0.3039117238072902,0.17010958371241228,0.6404214784173076,0.34773353814937713,-1.431110761984074
43.0,79.0,True,0.3758938185121929,0.1735029873140472,0.6619879576680175,-0.1572051711015028,0.04303864489667219
43.0,80.0,True,0.4578041161207317,0.1791379328128889,0.8286274830265968,-0.1272634077011584,3.04045948206128
43.0,81.0,True,0.5223661308836792,0.18512654140146576,1.1708287734265013,1.4441299504932257,4.4059611577418885
43.0,82.0,True,0.5170325218832521,0.16723703166222598,0.8358061544171809,-0.5248537952106936,4.572725884792781
43.0,83.0,True,0.4247961901267442,0.10441219767871386,0.6086987514506766,-0.1947963813494065,2.1534328211017337
43.0,84.0,True,0.5603075751008542,0.17567955000128435,0.8863022522280171,-0.23485341818315703,6.330870523617867
43.0,85.0,True,0.5468104862354847,0.25980280581535065,1.351293710570258,0.9428113431945642,5.046377284535281
43.0,86.0,True,0.47102912453369084,0.19396959254434987,1.0625409661549476,0.7682538705696881,2.721655683141382
43.0,87.0,True,0.48215273696374383,0.20200657673511127,0.7727355182719885,-0.3333821776758102,4.184038145316258
43.0,88.0,True,0.3860173431478068,0.20794203270093686,0.8081201671226638,0.5263354603253378,0.6720323051820046
43.0,89.0,True,0.2654054865105367,0.10172321028504959,0.4792780942765113,0.5178513944079834,-3.1591446666661365
43.0,90.0,True,0.41960182009010083,0.15121979382469594,0.7243400689305073,-0.04972488674837957,1.5986311321703215
43.0,91.0,True,0.39965529147414386,0.19641980600837847,0.7170387595993369,0.2639529507366,1.0214814884817167
43.0,92.0,True,0.2112560212614777,0.1158194522934089,0.6398989056216224,1.4954439408535252,-5.002852439424589
43.0,93.0,True,0.3482176700578134,0.16840808073407804,0.7460984560710747,0.49679351294697555,-0.5470742362839007
43.0,94.0,True,0.23492515763109567,0.14692928734732072,0.5765779573302231,0.24834703570073707,-4.337572012633804
43.0,95.0,True,0.2588288845982049,0.11345407064208048,0.5340159937993242,1.1720360131236718,-3.432897713663067
43.0,96.0,True,0.3094014819891511,0.13335339980451996,0.5936023292957674,0.2803967190782182,-1.5511066669573892
43.0,97.0,True,0.22713355748278813,0.1408026107595733,0.5415668942459773,0.49961102804527985,-4.062033100783501
43.0,98.0,True,0.3131831086984261,0.10441262030841267,0.5305880979285583,0.6378192211074558,-1.6819713502155635
43.0,99.0,True,0.20692237373390732,0.11112509768257431,0.3987168252601963,0.1511109139453574,-4.781432104038752
43.0,100.0,False,,,,,
44.0,1.0,False,,,,,
44.0,2.0,True,0.10542295927510596,0.08658244243989095,0.287087365557429,0.7886865234811288,-8.121430729957309
44.0,3.0,True,0.645560916080015,0.39275960262837234,1.5,0.6027841018621862,9.887319089981261
44.0,4.0,True,0.7026317695653301,0.31944752292657436,1.321258231659432,0.09025206869550709,11.448530932621807
44.0,5.0,True,0.6827573897246523,0.19443067950671186,1.0232518703136542,0.15420937955833486,9.871813014650387
44.0,6.0,True,0.5157973768502246,0.15710674178028286,0.8753744842352492,0.44662181072260193,5.139312297810759
44.0,7.0,True,0.543549776253053,0.22962031397274174,0.8332441864141459,-0.6331708741399605,6.429660494345213
44.0,8.0,True,0.42871827359549897,0.2677490539926554,1.1812371639445285,0.9811240825462821,2.1275575099223487
44.0,9.0,True,0.3942856354479866,0.2033512716126216,0.8575154790631948,-0.054489625748759526,1.172352683180972
44.0,10.0,True,0.30483884208874934,0.22204143331000392,0.9141056721657592,1.2337607195059535,-1.5130880393128963
44.0,11.0,True,0.2517414196741561,0.10203029101037381,0.3950526516918221,-0.9712943763451437,-3.524149338934285
44.0,12.0,True,0.30312564423964244,0.16929030079299975,0.6239105952123726,-0.15144065853986927,-1.5307277188977635
44.0,13.0,True,0.2719464019662366,0.09303301169563434,0.431156294232019,-0.053318433163837754,-2.8816352761432458
44.0,14.0,True,0.34350859227696445,0.16643600981412573,0.6299746806632482,-0.19421769889350357,-0.6275134463055478
44.0,15.0,True,0.3844257136492442,0.14877896877918495,0.6105474131644579,-0.4790850202086353,0.7892177622256777
44.0,16.0,True,0.3848932318584569,0.13158911862707437,0.5616707017034811,-0.9719739457131285,1.0556382795836678
44.0,17.0,True,0.28513302288941783,0.15312382887481032,0.6484903139508134,0.435214401729968,-2.61811653673381
44.0,18.0,True,0.28284616010980734,0.10336699303291777,0.5095118347502975,0.347151602422082,-2.5253920220775052
44.0,19.0,True,0.40334426023793074,0.16162326714405864,0.7484093535128001,0.4662257166323639,1.277145323243952
44.0,20.0,True,0.37342288019409653,0.1570954077364546,0.7633504452063666,0.9905487811467029,0.4043458226311725
44.0,21.0,True,0.2903829354663258,0.14811624100919538,0.5968085408984787,-0.08632392703208339,-2.2230280106693003
44.0,22.0,True,0.3029880191418669,0.1634163498496378,0.6300256812244946,0.08748287882086608,-2.3542124588596502
44.0,23.0,True,0.32155421394501404,0.14862346318527958,0.5849665668332535,-0.13896884142432184,-1.4053380331587213
44.0,24.0,True,0.258096627846411,0.1500980214360209,0.5680945148852465,0.3979174499664905,-3.4001062777405187
44.0,25.0,True,0.30965538353927347,0.1330568195835096,0.5919133149696141,-0.045879269544900805,-1.7647526126400468
44.0,26.0,True,0.3493642586072714,0.18212165562242605,0.6917833421368618,0.15510594967806862,-0.16103621601626722
44.0,27.0,True,0.34770031990107675,0.1326207930328772,0.7311063715252307,1.2340438818130963,-0.22517865815538096
44.0,28.0,True,0.3288956686103477,0.23665684300039688,0.7815939326162545,0.2575421910096949,-0.7635354661757008
44.0,29.0,True,0.33483209553899473,0.18187622661093214,0.7445267470030316,0.6318909441213084,-0.6176378120182598
44.0,30.0,True,0.3734899172080385,0.1861714151304324,0.8509799673012306,0.41995068111191036,0.5774226720947644
44.0,31.0,True,0.7379451557682273,0.3204669722080994,1.2724156530880233,-0.4177634592441703,12.902986760015947
44.0,32.0,True,1.0342742961861866,0.4343093410071909,1.5,-0.8474731232973047,22.936201745774838
44.0,33.0,True,1.249051763179421,0.45164794963071997,1.5,-1.3963183429341641,29.50965670604725
44.0,34.0,True,1.065559362207455,0.5002706897593296,1.5,-1.078240591147995,23.868886388062023
44.0,35.0,True,1.2608237927663533,0.4591830136435574,1.5,-1.7436931752209603,30.28698947466507
44.0,36.0,True,0.9241859259412527,0.37820508162515554,1.5,-0.42027872841777414,18.70027350543809
44.0,37.0,True,0.7305310848063503,0.45495169542835723,1.5,0.04798590775414262,12.720684902098816
44.0,38.0,True,0.6091357835597492,0.20903627538781494,1.0505675685541058,0.22207743706152067,7.979659999889602
44.0,39.0,True,0.37069949243129474,0.1599632113639806,0.7372401992374702,0.7241097878321321,0.18047089187980808
44.0,40.0,True,0.4329851523446897,0.21455528722321665,0.8506337041005072,-0.2600569690168477,2.42642547457611
44.0,41.0,True,0.3304370004922453,0.2155945497316861,0.7946124329822583,0.3625742647995284,-0.557130170291111
44.0,42.0,True,0.3763936953048243,0.1915865250896369,0.7623284784072715,0.36734204476483673,0.3793113359356383
44.0,43.0,True,0.40229196537070083,0.16916942791617762,0.9172525509670064,0.8283164845845201,0.6427310558256798
44.0,44.0,True,0.29204691605636834,0.14348293580684354,0.613571134754859,0.5627360715701571,-2.337594060444785
44.0,45.0,True,0.4978411958058892,0.17064475419956693,0.7882365575066309,-0.39670694013725794,4.380728001068454
44.0,46.0,True,0.45137236696101396,0.179373854751745,0.7787131124591579,0.048522861212918246,3.2245215023452327
44.0,47.0,True,0.44628058751246946,0.1754007946667242,0.7775737367702719,-0.4516619383860445,2.091282898498915
44.0,48.0,True,0.46306983799035356,0.1749270173108653,1.06972203719256,1.1441636709152916,2.6471312184696254
44.0,49.0,True,0.4170361722705215,0.1572869139700768,0.7314750692189046,0.2663794016579905,1.7642558795313585
44.0,50.0,True,0.3697794044375483,0.13913676695781796,0.7021995401711786,0.4315316215270966,0.39785914628698377
44.0,51.0,True,0.5051960504660743,0.22895077627879995,0.897170727528196,0.4514994484707896,4.463545099483536
44.0,52.0,True,0.48550684558096563,0.20292220384748752,0.9931018496557412,0.21280077366883923,3.8536794052863406
44.0,53.0,True,0.5066298775065982,0.2512303145401869,0.9802309611724536,0.16868067609964082,4.294385081668085
44.0,54.0,True,0.3563167367049731,0.11643408131062975,0.6152795926589434,0.677491392156922,-0.11134337227326681
44.0,55.0,True,0.28874492338039853,0.14151381965172483,0.5001579972964155,-0.3285069175874923,-2.1608136240944122
44.0,56.0,True,0.3147154954484258,0.2113736985768089,0.7593984502555596,0.5525798098098494,-1.6788709084239288
44.0,57.0,True,0.26330492400642974,0.09590458175033197,0.4503410203613039,-0.30048670771198155,-3.2784744664930248
44.0,58.0,True,0.3094585763143473,0.11085610402002323,0.5739279677331092,0.4275406490538458,-1.4680686847461333
44.0,59.0,True,0.3215823766299347,0.18895150845135666,0.693272412962739,0.329190560655346,-1.2581262645215283
44.0,60.0,True,0.25386909064087615,0.21174102246943077,0.7357332948410426,0.6743319671871751,-3.3804069590345223
44.0,61.0,True,0.29064472445495193,0.13015987915912094,0.5163060019617229,-0.48741865065668677,-2.037833525252914
44.0,62.0,True,0.22956473098158361,0.12531416368380674,0.4702318441268858,0.13035648796916743,-3.8854414028910242
44.0,63.0,True,0.32216430576206256,0.09393958439247488,0.4596262024635611,-0.3473632643141093,-1.284389517264797
44.0,64.0,True,0.28689145515370335,0.16702088212648336,0.9750089476670758,2.201062258205997,-2.8789202467312363
44.0,65.0,True,0.3729772838141375,0.18253331444493684,0.6690013736962694,-0.3065580627320402,0.46481545228062227
44.0,66.0,True,0.3028380036664283,0.23269319487345066,1.208511720939295,1.7742620262679305,-2.4501227119204243
44.0,67.0,True,0.2907166392014433,0.2380553719624252,0.9238224280851984,1.1308606599103341,-2.322122309890019
44.0,68.0,True,0.21563401941669424,0.13913414178526268,0.5633592201864107,0.5383968251414586,-4.381989741943286
44.0,69.0,True,0.29945319815303023,0.17709227188978358,0.7717682820881223,0.9602191140195454,-2.2858135959283583
44.0,70.0,True,0.23423865281729536,0.09276467238653878,0.4432240535806752,0.05037114283675379,-4.256152556274514
44.0,71.0,True,0.2161346073207706,0.09461693713358668,0.3513531747201595,-0.3861676621224431,-4.762312409016039
44.0,72.0,True,0.24481113266383717,0.13872318158886837,0.5891238197945957,0.6939474762412827,-4.0861152283954665
44.0,73.0,True,0.4119590295666664,0.23218297804215915,0.8044094029735932,0.10280986623974601,1.703727009790843
44.0,74.0,True,0.3266964331792639,0.1245348367936762,0.5490106626379635,-0.1266951761238595,-1.3279527536219078
44.0,75.0,True,0.37669352887171953,0.19400659179617133,0.740784389047623,0.10995508922266353,0.46032977260596053
44.0,76.0,True,0.3173496199056586,0.14089432980824104,0.6195766313800283,0.5224126686544289,-1.8639093970613159
44.0,77.0,True,0.5333312157782951,0.1482816714899666,0.8856859840758498,0.6930476448829238,5.282174340060235
44.0,78.0,True,0.4829464512068896,0.14490657690445707,0.7564259326531413,-0.3617476803297421,3.8591844208520163
44.0,79.0,True,0.5373251592022412,0.20735701962997433,0.9425380347936848,0.41084456981418643,5.914922618086553
44.0,80.0,True,0.5064602480026839,0.22437125900081373,1.1303649014804316,0.4122149017358684,3.5612932383261295
44.0,81.0,True,0.5276931721148216,0.12412676440257336,0.8862904683082999,1.2193322042848436,4.666965371524592
44.0,82.0,True,0.6990638143963754,0.14715868850857133,1.0089960969127667,0.11424836688977184,10.771894022050725
44.0,83.0,True,0.4387637120271608,0.1810556148295887,0.9662994020821196,0.7789641581027428,2.2408973169466133
44.0,84.0,True,0.4751251437856639,0.21970443325108874,0.9046315026677172,0.34632788056927993,3.677996982153316
44.0,85.0,True,0.4052422332199422,0.17971691520982092,0.6570626886709353,-0.21328867118365438,0.9772947146495454
44.0,86.0,True,0.5820947359208763,0.22595496592369244,1.167474054214191,1.1217296553763045,6.746123931539128
44.0,87.0,True,0.49742915683673233,0.18320637742349688,0.8378344971550193,-0.7385857080738472,4.468383550584277
44.0,88.0,True,0.436251575424096,0.14233108879546721,0.7243818144190858,0.4450994770673824,2.500620535970018
44.0,89.0,True,0.31900012667817507,0.12520627950312274,0.5875433128434498,0.09105945121097321,-1.296791756989411
44.0,90.0,True,0.35535972296008966,0.13251436219460988,0.6018115071665198,0.27950440093486617,-0.30565855370861095
44.0,91.0,True,0.3904443334474588,0.19021151867997946,0.7589545699895613,-0.034643623863040006,1.1882648163001452
44.0,92.0,True,0.2573837953349416,0.10746804441131975,0.4903948390595964,0.2711719286239622,-3.3823850162269338
44.0,93.0,True,0.3534496548227381,0.1323512444735291,0.6386498000231717,0.5439340066424252,-0.31807594311703635
44.0,94.0,True,0.26663042560037353,0.181175037410075,0.6494840590006064,0.6291277522456374,-2.7445018854425456
44.0,95.0,True,0.1829518072662239,0.1603208696903095,0.7096917161953452,1.2762495883145506,-6.397319971942706
44.0,96.0,True,0.3181402894141789,0.10681742606025006,0.5345509070560027,-0.007999872643860725,-1.7657331471930324
44.0,97.0,True,0.2847182926906493,0.10433007918938333,0.5267116099007253,0.4720149960176991,-2.7424937924162336
44.0,98.0,True,0.3669422240437338,0.20551637314136229,0.7314397075022525,-0.08248020421395576,0.4882429046902118
44.0,99.0,True,0.19227417026894286,0.10725368169360254,0.435930056013129,0.4235070924298087,-5.416617896537072
44.0,100.0,False,,,,,
45.0,1.0,False,,,,,
45.0,2.0,True,0.2528149668993845,0.1493381397477837,0.768502649029012,1.7511295179722282,-3.747079078987234
45.0,3.0,True,0.5280132715542605,0.17568106680040665,0.7665592651901598,-0.503099456059494,5.4738469014913855
45.0,4.0,True,0.7162620276940858,0.25037789584548115,1.0737992150732036,-0.8815613129748183,12.141801405726914
45.0,5.0,True,0.7115817019286199,0.20969749608437568,1.1631513704244882,0.06014676017540856,11.349264771761478
45.0,6.0,True,0.6978140692779731,0.20879742005514215,1.0952151470068945,0.24363432455890582,10.994603234704796
45.0,7.0,True,0.5348196794087932,0.1803736206884709,1.0972273299129796,0.9343353293868514,5.155770043673351
45.0,8.0,True,0.31687587089057573,0.16711192885767048,0.6598840435392027,0.3792253484254076,-1.5386218904397235
45.0,9.0,True,0.34400481812496725,0.09505071206155485,0.5408085571610391,-0.10382516793307117,-0.4167162081466462
45.0,10.0,True,0.23774711601827023,0.1496651411733933,0.6437590360085731,0.801323157461515,-4.191953241737516
45.0,11.0,True,0.35476061359524136,0.20136005084688569,0.6804151511540396,0.01301510019881304,0.09372080577695543
45.0,12.0,True,0.37119917013218445,0.1992005109061477,0.7416166262589101,0.1339280663675564,0.256570876592063
45.0,13.0,True,0.40986654962073354,0.1850158749372878,0.7229910177313122,-0.4958071551022018,2.0329446017109447
45.0,14.0,True,0.21174838915885538,0.12331653785310441,0.3918526438665359,-0.26020758576608954,-5.269893326675684
45.0,15.0,True,0.3659710478981628,0.12358364653955911,0.6360666357188756,0.567510951039743,-0.13207168630119856
45.0,16.0,True,0.2697601328592135,0.08517000111848504,0.4900117131949235,0.3996640209357862,-3.081447206732288
45.0,17.0,True,0.25795503421952914,0.12923069406269028,0.5814573034152345,0.8010101851098369,-3.607232962902835
45.0,18.0,True,0.4076694439414349,0.1874707405301807,0.8606500546192223,0.7731275095680066,1.2942171787398136
45.0,19.0,True,0.28879383724281293,0.14165281357599427,0.6105418947516721,0.6826184160462587,-2.446920242234111
45.0,20.0,True,0.3472702171480848,0.15197802142848188,0.674977890572084,0.48029989643926263,-0.8699053728290964
45.0,21.0,True,0.30716669843663796,0.14839947730575395,0.6642484229351815,0.6833738711546639,-1.453316738232878
45.0,22.0,True,0.30933566508691285,0.16859970155000684,0.6006841179460937,-0.02954341839515119,-1.3222155716952104
45.0,23.0,True,0.23981317901260438,0.1272201230186045,0.5550525046577846,1.040237201754268,-4.1474752200168625
45.0,24.0,True,0.28512903434924497,0.08083501948148722,0.4154407839368471,-0.5405625240132745,-2.412687654724663
45.0,25.0,True,0.38157116019373244,0.1890719552805074,0.7551034408191826,0.0040470692939218065,0.7852016148119013
45.0,26.0,True,0.3641609605961854,0.157408099280959,0.6407991012763703,-0.030957365312654483,0.20625721833399374
45.0,27.0,True,0.3058839345039046,0.14608974882377415,0.5937389073408443,0.2041771734341247,-2.0387888589626453
45.0,28.0,True,0.24342941596558199,0.11424856967823187,0.4776705038471059,0.260068262701892,-3.8109401766170388
45.0,29.0,True,0.32415520653840457,0.12273749452485089,0.5536172936425189,-0.4040957469660354,-1.2869603836579908
45.0,30.0,True,0.3464148647411606,0.15934077464877222,0.6555638271253311,-0.38740830527395653,-0.31097512684909
45.0,31.0,True,0.6416014962134252,0.24196081026101532,1.0113476581396468,-0.827293233068319,9.57027541364342
45.0,32.0,True,1.0978440875497242,0.4333137571473765,1.5,-1.0314529503777574,25.129735552261458
45.0,33.0,True,1.1889822876219718,0.5174693893582277,1.5,-1.4179566166405957,28.092161607026654
45.0,34.0,True,1.0676338899179223,0.5378148641887516,1.5,-0.7980396692124899,24.005622913049752
45.0,35.0,True,1.0830774156035918,0.4296476795026023,1.5,-0.6846305041236841,24.428891307282235
45.0,36.0,True,0.8298592663282481,0.2886991140375365,1.3224858513219788,-0.07677031912746167,15.745116394919119
45.0,37.0,True,0.539158790535867,0.22205235245598648,0.9149381879344828,-0.05884603089542225,6.070811772869025
45.0,38.0,True,0.5050542517807913,0.21405177089885255,1.1200864487261062,0.45075677351130694,4.328603258202658
45.0,39.0,True,0.46138256486157586,0.24544731237867579,0.9233412992619904,0.2195881842567479,3.144665147282971
45.0,40.0,True,0.36860489419695547,0.17356508165323306,0.7653545579915201,-0.04741569927646267,0.33857087288110554
45.0,41.0,True,0.3317565436404972,0.13695055375067502,0.6031806297440401,-0.015913432640309522,-0.568482857873493
45.0,42.0,True,0.3297073350708129,0.15712687170185702,0.7095672462644096,0.17804976122807187,-0.8689154619731788
45.0,43.0,True,0.3325714156049108,0.17404841282655178,0.6157055986716103,-0.05713065099017212,-1.0205798606837275
45.0,44.0,True,0.44096056789296884,0.18415274421940755,0.7828008590221922,0.17555870784276204,2.5694494753137715
45.0,45.0,True,0.4583926439535948,0.20341253933825829,0.9443089349837388,0.6918184519194144,3.425667453434228
45.0,46.0,True,0.4582471870435985,0.20925618393154238,0.8737783364532067,-0.23764854368279184,2.9604281408236743
45.0,47.0,True,0.6089013768427618,0.22909080527992337,1.0490914528411963,-0.35997733907022833,8.181924165990413
45.0,48.0,True,0.5139376758486037,0.18091783360823507,1.1951769200610087,1.1460852648824993,4.11270933307465
45.0,49.0,True,0.4598851325096681,0.2055409184394118,0.8876761159756192,0.23900943168998393,3.017262768622669
45.0,50.0,True,0.5992866290018842,0.21391108196455022,1.094762787741495,0.6814478753919953,7.7443991620716615
45.0,51.0,True,0.40242055489447964,0.18758580076163256,0.6516891030379887,-0.3326569049902477,1.0879339640448085
45.0,52.0,True,0.49333261633428466,0.1946307034508082,0.8626969263999454,0.03181180747560435,4.054249319930381
45.0,53.0,True,0.44738806104975154,0.20758179000659394,0.8356485015796515,-0.12067906211183164,2.232313361656276
45.0,54.0,True,0.5175872846745457,0.1730863518048626,0.7933583230792461,-0.5485744922957941,5.242172917544031
45.0,55.0,True,0.49176969713746693,0.15883470922070392,0.8644959634348208,0.6637289699648663,3.6675017314821705
45.0,56.0,True,0.5060307335633286,0.2258891158340837,0.9705092075252384,0.7741790495815699,3.8214811904497825
45.0,57.0,True,0.32284195569035395,0.17705806325528128,0.694926646685648,0.19583063862978728,-1.2191129728933423
45.0,58.0,True,0.30977888073272924,0.14529522905691453,0.6734425921763336,0.7160531275144888,-1.7020610419605873
45.0,59.0,True,0.23164012072298185,0.1405340985352634,0.5351870912785182,0.3764246838703869,-3.8176824417301214
45.0,60.0,True,0.18809468773298782,0.13579543593180715,0.5323694081393744,0.8251869696824818,-5.314542198037685
45.0,61.0,True,0.2968404785964847,0.10261403214260192,0.5267463293547543,-0.07082662815240881,-1.957382885839701
45.0,62.0,True,0.314315250814976,0.13051361518874377,0.5179731585027957,-0.20119161532713664,-1.297067659440263
45.0,63.0,True,0.27565189140147545,0.1028752962313852,0.4490216751413491,-0.27395088327385336,-2.541462681068226
45.0,64.0,True,0.30354532129800943,0.18152416270329202,0.9450885421339036,0.8963367190769976,-2.0358939262501976
45.0,65.0,True,0.2202648538250171,0.14446652409932198,0.4857178731309153,0.1752077545124459,-4.606732238704306
45.0,66.0,True,0.20177333375928566,0.14707423951466161,0.549874527764639,0.6211125493931765,-4.86675064856362
45.0,67.0,True,0.1942695262596555,0.10785789637172945,0.4348816821731805,0.780544264222136,-5.353764316395611
45.0,68.0,True,0.20679672841333177,0.15409068042539936,0.6001859959637971,0.907948758391784,-4.811995371820168
45.0,69.0,True,0.2500757409294105,0.07548175766107715,0.3947873691119704,-0.6023047099654354,-3.6610276262999797
45.0,70.0,True,0.36330753321206855,0.20260298307266866,1.179491337062612,1.888268277151522,-0.5671766864573057
45.0,71.0,True,0.2602766064876194,0.1221363224314981,0.5173461877804748,-0.2876983372482094,-3.382902055428842
45.0,72.0,True,0.40050030158553723,0.23533191992854913,1.1140622630002728,0.4909495360236757,0.6524104557311454
45.0,73.0,True,0.2611169028895315,0.1416542452871667,0.483250707538866,-0.44037248601814893,-3.2480849532446046
45.0,74.0,True,0.48083302363676056,0.18448151403255222,0.859907632101015,0.09639912995606463,4.332158501013489
45.0,75.0,True,0.3645006617378624,0.1589446904032525,0.656464308330113,-0.34350559511343337,-0.07979079929760406
45.0,76.0,True,0.4321027818620115,0.16409738365701312,0.7874250174094856,0.07222805755457808,2.3569165885284624
45.0,77.0,True,0.4946920191364293,0.23255071768852176,0.9699063853361216,-0.046267839434665295,3.8885596323635028
45.0,78.0,True,0.4697281806361558,0.1699247277298563,0.8109964037471462,0.11258591063448416,3.438712318323036
45.0,79.0,True,0.4874939141042222,0.1969755499419318,1.0237014210302395,0.5156005329012497,3.3645743953284626
45.0,80.0,True,0.5116856952863363,0.2558531279443671,1.2950445464920175,0.9023518427335828,4.244521844728964
45.0,81.0,True,0.49338098883915804,0.21158612650920466,0.9909403188732164,0.6255877407550442,4.567306171147385
45.0,82.0,True,0.48471224745728225,0.24406104603674778,1.339755360148981,1.7024189175422706,3.5194366182837076
45.0,83.0,True,0.42618578930619433,0.18334976496308308,0.890781015789755,0.6300166755155001,1.3332123329369674
45.0,84.0,True,0.45465327950053314,0.2141323017524142,0.942151301666094,0.5703431802862395,3.4001214084470535
45.0,85.0,True,0.4753453943474789,0.18902250339631502,1.0518479898439466,0.6377364272465235,2.9970022391622915
45.0,86.0,True,0.5728428719687033,0.25805601532093636,1.003765848331344,0.07898242220751452,6.88303538328934
45.0,87.0,True,0.44862379441654615,0.17913546619369572,0.8476564888644879,-0.0272144381221226,2.7041950677419493
45.0,88.0,True,0.35733491195060557,0.17269539051447622,0.766320180525168,0.4653789245887535,-0.018467435307520534
45.0,89.0,True,0.5415867709309121,0.2413806685250655,0.9956560358009052,0.45548703206350616,5.524832762513794
45.0,90.0,True,0.41452203353033995,0.14522703832067002,0.7019968808974442,0.35244202208578357,1.429210576236515
45.0,91.0,True,0.29758803813664236,0.14810696125579545,0.6454404039458055,0.0470620603500734,-2.0305149029203964
45.0,92.0,True,0.2535090480248935,0.11582675975252196,0.472678870096864,0.09309608182438814,-3.2768236907618604
45.0,93.0,True,0.3075081977881417,0.14634583753681216,0.5717219141612135,-0.26308154622108254,-1.9184043021213837
45.0,94.0,True,0.461699891625119,0.1903658190802942,0.8446282169574786,-0.04498027173590826,3.7026500158320976
45.0,95.0,True,0.26810990646184896,0.1593367694562318,0.6019594090732187,0.8196913311450963,-3.025396792760721
45.0,96.0,True,0.33585672077111817,0.1765442587808661,0.7852088753662293,1.1300137050149812,-0.6123976617902712
45.0,97.0,True,0.25012810321765605,0.1560838872784196,0.7574186970855116,0.835487984813299,-3.8580615514042447
45.0,98.0,True,0.32088199168808024,0.19707805841604273,0.6814860146618127,0.033252221173572155,-1.6487547219586116
45.0,99.0,True,0.3065276634801556,0.15402414261287498,0.6650475943451731,0.37003640852314046,-1.4815382380133046
45.0,100.0,False,,,,,
46.0,1.0,False,,,,,
46.0,2.0,True,0.28935173267265324,0.18039186587222653,0.7164256055068892,0.8997481976996821,-2.0315399318911744
46.0,3.0,True,0.7232811534535744,0.2469882182519557,1.277146566481054,0.27938911975906167,11.88637645272254
46.0,4.0,True,0.6690822087832128,0.23656605260057836,1.225637027793356,0.6428214247214138,9.878184983196713
46.0,5.0,True,0.7606736584984496,0.3450975548768237,1.3286258516469969,-0.5276642030040171,13.189558650979826
46.0,6.0,True,0.540897839619932,0.26796536681766714,1.0744662332877608,0.21955321809359954,6.39926036618096
46.0,7.0,True,0.5802227659047356,0.3787899697894891,1.5,0.2812624142246961,7.124306300275184
46.0,8.0,True,0.6092330915132469,0.22083722257288932,1.0650626350552606,-0.009737188584495295,8.41855704308352
46.0,9.0,True,0.4587021911193522,0.1728790634433505,0.828249871140887,0.2465279917980859,3.219585502119247
46.0,10.0,True,0.3487967741528615,0.12126401852513075,0.5723833066992646,-0.23717985304519895,-0.4933215738561546
46.0,11.0,True,0.31611750457646387,0.2250416235574042,1.0029810199816072,0.8471043815609135,-1.8961494265941072
46.0,12.0,True,0.3253043106584512,0.16068817755156692,0.7985875980298847,0.9157204109083983,-1.6544795935009864
46.0,13.0,True,0.34105937146188103,0.1453632814359322,0.7045534234455141,0.716214489480223,-0.4655951311628116
46.0,14.0,True,0.2582042981586676,0.14058234745769643,0.6116290385146913,1.0494317252574132,-3.392324544796386
46.0,15.0,True,0.3169424498917181,0.15955145988075023,0.605885643364461,-0.12197801270384007,-1.6613525200312123
46.0,16.0,True,0.3651310159351205,0.11108500236262304,0.6058665621863218,0.06542045444309783,0.08222549331738549
46.0,17.0,True,0.3263431227670735,0.17484111309819192,0.6482864671245989,0.08241369200008951,-1.489017609569109
46.0,18.0,True,0.3831706559271117,0.19777505429241804,0.7949005404754096,0.38642960611911814,0.7727251326484053
46.0,19.0,True,0.3578588268918827,0.17696204446952485,0.8374223827371956,0.888828662864436,-0.32098978361125463
46.0,20.0,True,0.3355707641677465,0.1785427809447189,0.7197210444061608,0.16484462237691752,-0.6996532984134038
46.0,21.0,True,0.4838011043362576,0.14122227827734612,0.8191012495511105,0.42774380433743275,3.8773245502281766
46.0,22.0,True,0.37524411645935385,0.16327885682568138,0.8116090902434634,0.4625233092660834,-0.2907965889419069
46.0,23.0,True,0.326729063071754,0.12089856182161592,0.5564583545560928,0.3285443038995333,-1.0165406136660722
46.0,24.0,True,0.32593196590834966,0.2343771089379917,0.8027944178923254,0.5417706430936653,-0.49759501059503264
46.0,25.0,True,0.32634519088319125,0.24213559610863028,1.0617300405501475,0.9065495924749679,-1.3930032688163598
46.0,26.0,True,0.28638031412192466,0.1324748490540618,0.600245357766266,0.6960994178045029,-2.546976702570574
46.0,27.0,True,0.31561186594429985,0.1734444211071029,0.6162574771033528,0.07872370410658991,-1.270039933605973
46.0,28.0,True,0.3238597419558268,0.18305134248644564,0.7279493154968631,0.748540877250902,-1.273836155488976
46.0,29.0,True,0.3280672696004894,0.14745331504110715,0.6024611675328768,0.06916592706544533,-1.058857340213515
46.0,30.0,True,0.4185000746282122,0.22630191640938999,0.8650211208533272,0.3231439309747351,2.1053911334924535
46.0,31.0,True,0.6573524872923536,0.26324281963257606,1.075109681807208,-0.6141565553043697,9.834587623026438
46.0,32.0,True,0.8216058080716127,0.42258712852440994,1.5,-0.27964091844842504,15.927546259284208
46.0,33.0,True,0.9352599581260307,0.4086806606729785,1.5,-0.30813960309033595,19.07379681735854
46.0,34.0,True,0.9500016113424459,0.46673694743685556,1.5,-0.5579526811468034,20.10708113911486
46.0,35.0,True,0.7570422432603524,0.2693031240195978,1.0938808887879845,-0.9202634119109463,13.087752669151538
46.0,36.0,True,0.628985276643046,0.2891115933736136,1.221816402309559,0.35937364091896845,8.770087280330253
46.0,37.0,True,0.49455002676634685,0.13509502390790779,0.7582542877866661,0.24665183721054437,4.325686179049257
46.0,38.0,True,0.4464358733919546,0.18957909107477847,0.756761269472095,-0.12477717084958091,2.758591942603477
46.0,39.0,True,0.2695146619732871,0.1307254189331056,0.6406631358613274,0.6592868534250155,-3.1771126038330673
46.0,40.0,True,0.27416320784702847,0.2036388316316258,0.7243942150927198,0.4789257500652988,-2.7405136138633495
46.0,41.0,True,0.29147535468921876,0.13246432850202475,0.544056821424068,0.19276577449668417,-2.131212058621421
46.0,42.0,True,0.40921582300246784,0.19567612379387928,0.7055296798062863,-0.23931729080812128,1.876712732885039
46.0,43.0,True,0.3922182243221915,0.20350127999066064,0.7209636246925173,-0.0732676634037973,0.9306704659086749
46.0,44.0,True,0.552069112075048,0.24100280575747962,1.3318326513608083,0.4841514246331946,5.860204895355012
46.0,45.0,True,0.45795546519276936,0.2504249320214081,0.9085425751744698,-0.058603130463924874,2.722588254702004
46.0,46.0,True,0.40239037331428795,0.20694430338638,0.9212808188644106,0.8415657888934629,1.6565786882727547
46.0,47.0,True,0.4255655675000579,0.23687271810484056,0.8420431111947622,0.22965937740485534,2.2458690946013347
46.0,48.0,True,0.4519657326319369,0.22201701769973892,0.8921143204874203,0.21719657216888205,3.0816633878731072
46.0,49.0,True,0.32773305282952764,0.12685610367612313,0.5600083694325942,0.1615301275229423,-0.9792677334511939
46.0,50.0,True,0.48973717157080815,0.20269833326434641,0.8118747345529551,-0.6579196159660557,4.543652193084218
46.0,51.0,True,0.3505213210124209,0.17993723071340745,0.7488355874236069,-0.32906686225304466,-0.23238884986375993
46.0,52.0,True,0.43382888887653887,0.16918427933151914,0.8387654423008912,0.3297253728963792,2.49671766946607
46.0,53.0,True,0.5423518673262088,0.24337222280624815,1.0226830131488875,0.4121967749974054,5.260166191234354
46.0,54.0,True,0.3888686343878161,0.1918158589513179,0.7665039793157344,0.361354000082743,0.8136459991205364
46.0,55.0,True,0.45035054312496,0.16774785826152414,0.7683348205301874,-0.08144692611305995,2.8803462175108336
46.0,56.0,True,0.5512651871599463,0.24853438611768705,1.0139681048503062,0.061293276209362785,5.974873707916127
46.0,57.0,True,0.45760059616330045,0.15965209501078345,0.6923687857765619,-0.45918743605441364,2.749069190867208
46.0,58.0,True,0.32856840704840495,0.14024901142115273,0.5945660472518992,0.009442454838806133,-1.0513805489357446
46.0,59.0,True,0.28704415976082204,0.16620490616274433,0.598711037166582,0.10710051403599405,-2.2086954374413885
46.0,60.0,True,0.28234258935836465,0.19867090159127052,0.7227351114924113,0.40591174614161574,-2.2814803878554004
46.0,61.0,True,0.2328963349676915,0.1171946926544825,0.4917150390232194,0.3722425560252989,-4.210068959042138
46.0,62.0,True,0.32163025671306594,0.1824680507945816,0.6853613952867669,0.0010412328163874193,-0.7669798277148914
46.0,63.0,True,0.20198402751055816,0.12495363657547356,0.4849568192735289,0.3079519684550675,-5.1176286113723854
46.0,64.0,True,0.21311280574789046,0.11894479576696462,0.4779200414051647,0.8646346832283067,-4.961961567958199
46.0,65.0,True,0.2954664265484594,0.19891178493596656,0.8169907715384588,0.25939480894836975,-2.492753149850542
46.0,66.0,True,0.1964067865401216,0.13633046725039752,0.5111214228465162,0.6108002838690865,-5.075728918681466
46.0,67.0,True,0.3038234056516043,0.12383352292636324,0.5898022148580079,0.4187260601152372,-1.9636423969307208
46.0,68.0,True,0.2578495484713604,0.09424559144683813,0.3816511966099394,-0.7826800545929578,-3.43896533925274
46.0,69.0,True,0.29971670453955396,0.1623293173689701,0.559088547412211,0.013846119984200631,-1.6860055391345818
46.0,70.0,True,0.27088025957664297,0.1797434972437838,0.6881839731386367,0.7324402059766936,-2.8588379768407295
46.0,71.0,True,0.34770827367283824,0.0888116843316915,0.5899162095863186,0.6168023596096204,-0.5773234717114752
46.0,72.0,True,0.3813973154502385,0.09180436829976436,0.5578565611969037,0.5132330477962244,0.19556860683541466
46.0,73.0,True,0.4242702063781206,0.11963719534576553,0.6171142694645625,-0.30799541321837914,2.1770098583386424
46.0,74.0,True,0.5227765939891955,0.1766047922806753,0.9168926624598124,0.4661887906229236,5.282414879071107
46.0,75.0,True,0.4654640394054358,0.17176681928649148,0.7762669310802529,-0.6566070819728228,3.703157737759688
46.0,76.0,True,0.33779186763850044,0.18879647239306965,1.0580690441165148,1.7279908965663933,-0.887352071965119
46.0,77.0,True,0.46484315293530154,0.22712458982271466,0.9666881453995612,0.32684347837068417,3.452711774624415
46.0,78.0,True,0.4821688624358615,0.16852808050076667,0.8060755827192605,-0.27558333921121636,4.023152833476323
46.0,79.0,True,0.4939134086792535,0.14360439267737132,0.7247263739376967,-0.4726679133070893,3.926601531780997
46.0,80.0,True,0.5217735118283818,0.2740505828738144,1.0592426614474066,0.386207073682294,4.816595149344487
46.0,81.0,True,0.5030990428120007,0.1630481496712056,0.8671128611572,0.5362178315086451,4.477890184486452
46.0,82.0,True,0.5455756995216434,0.1810356443107489,1.2709288417960678,1.7463790111681476,5.2921741194521825
46.0,83.0,True,0.5883371756284044,0.18979002789198376,0.8363194342446464,-1.2438386915691753,6.849810726540507
46.0,84.0,True,0.4868213776947807,0.18957985916431333,0.964172844934363,-0.14260767073933844,3.3714033143371847
46.0,85.0,True,0.5102166456963878,0.2150539606229356,0.9726892043426496,0.22663389695365002,4.720243737000658
46.0,86.0,True,0.6288762621103317,0.2264966941578378,1.3543486074691804,0.733848558612365,7.97684017353374
46.0,87.0,True,0.5450813972317685,0.17878172400610012,0.9499063458325512,0.39450436086826385,5.948172417138319
46.0,88.0,True,0.5650905038667157,0.2335709242648223,0.9565341623430004,0.17339930011117022,6.265462680778904
46.0,89.0,True,0.45473305123067786,0.17464420578241363,0.8479058768904331,0.08527814261779344,3.3411404450536217
46.0,90.0,True,0.37946860709283164,0.13056619463199778,0.6311907775243495,0.0527650725108252,0.5205182148435792
46.0,91.0,True,0.4067512608132618,0.19754571399066825,0.8740045610370138,0.5034846301042489,1.309421596071405
46.0,92.0,True,0.3198877766937802,0.12839461477980202,0.5767354488605376,-0.4648270756903381,-1.4330712116260726
46.0,93.0,True,0.23140350409503965,0.180930681456114,0.5828588242669396,0.2401922787575173,-4.490523388349318
46.0,94.0,True,0.34866163973640285,0.10284132569017997,0.5937143976517749,0.03095818491659391,-0.6666604141012713
46.0,95.0,True,0.24912771571375278,0.15138689616220602,0.5469184222178777,0.20674206749481114,-3.6416251993530153
46.0,96.0,True,0.36524443924690503,0.1673818711392602,0.7494524703683149,0.1431464441080816,-0.12460703457856576
46.0,97.0,True,0.28497250802657315,0.1676065133321762,0.5859474158256605,0.17836477174147913,-2.3310066809588026
46.0,98.0,True,0.2961019153217764,0.1371789518746827,0.6798250169339609,1.1259954988915721,-2.0675670612899397
46.0,99.0,True,0.287601944479716,0.15397956496388804,0.623943098924375,0.7420716468545654,-2.3773698346924013
46.0,100.0,True,0.017404590375520793,0.03188673297227297,0.1072466038420109,1.7164216676420536,-11.058839113610889
47.0,1.0,False,,,,,
47.0,2.0,True,0.20556902037253127,0.09383570317602451,0.4853297557788716,1.2849819253465917,-5.049128939759995
47.0,3.0,True,0.582516136097929,0.21152771166363643,1.0432717780751606,0.1335454654031424,7.142078622040744
47.0,4.0,True,0.7904600295020883,0.34790124060350364,1.5,0.3505203808048919,13.952897153039673
47.0,5.0,True,0.6737479492075501,0.34517588533116994,1.327314327352955,-0.2338639844515639,11.103377545188122
47.0,6.0,True,0.6425683020287499,0.2227158093289295,1.1319355859694775,0.06625637216055343,8.877794966356744
47.0,7.0,True,0.6716929455055298,0.2445925720431234,1.194487696025405,0.3416962473346216,9.975431215467584
47.0,8.0,True,0.3883295720127302,0.21002052570720264,1.001052579092797,0.6469585788700988,0.5693512551905965
47.0,9.0,True,0.39258941741863623,0.14323595864552321,0.8326678708320756,1.6950176399440726,1.0472526381016765
47.0,10.0,True,0.28141530283062843,0.13656741866727892,0.5791425652515175,0.3732074833043708,-2.3292460283494374
47.0,11.0,True,0.3577166931781745,0.14577681747141955,0.7231241733814673,1.0869639138717666,-0.35793096904206556
47.0,12.0,True,0.31768943077218237,0.22794836921386774,0.8824773812852224,1.0064064607286896,-1.3146504948279447
47.0,13.0,True,0.3612447048379855,0.11906550748830244,0.543845048417253,0.08478828482526146,-0.01423221516924996
47.0,14.0,True,0.26292375045742167,0.13364805195322627,0.5329651928434869,0.07309916597775014,-3.4636670769964546
47.0,15.0,True,0.2738144241393933,0.17871085514145818,0.699221534837597,1.2227969460946417,-2.6526524721426723
47.0,16.0,True,0.3341064732741124,0.14465897704482017,0.5662643644270449,-0.09776030688964218,-0.7602851170741001
47.0,17.0,True,0.38186452494081247,0.1174655997987612,0.6092566548612717,-0.8790842760860257,0.9624853710963905
47.0,18.0,True,0.3412903161915253,0.15707275620429187,0.5716057877399792,-0.4831272134861346,-0.4871283029285407
47.0,19.0,True,0.3915456669950215,0.20467664768987368,0.8394871140271782,0.34445864558434,1.3969552968020058
47.0,20.0,True,0.41081323336988534,0.1216216961189083,0.6346487874935871,0.3836575100519129,1.3642899514943836
47.0,21.0,True,0.3472372328270743,0.17855495364971094,0.7341224108143046,0.17925448870383734,-0.3490597384525109
47.0,22.0,True,0.42731252629664485,0.1282535509512091,0.6361671089068826,-0.5597599744467765,2.3551933735026815
47.0,23.0,True,0.32871280964686944,0.1523343219872051,0.6646293785798457,0.5468481524553633,-0.8357643561712695
47.0,24.0,True,0.4089018081020924,0.1304525976521779,0.7326126678493365,0.6349889219224784,1.1449632903926052
47.0,25.0,True,0.4238788418316687,0.16920675746765207,0.9785940654132882,0.7836201742998933,1.8780771310532551
47.0,26.0,True,0.3304613116166197,0.16948979626050623,0.8054556692924522,0.33487043855832166,-1.0384155024915445
47.0,27.0,True,0.2811894812228107,0.13294792959396579,0.6149469455587667,0.6242075802894048,-2.557518894515914
47.0,28.0,True,0.2892345320865227,0.14613807739440268,0.6885333707454655,0.6199276285173564,-2.4665259471780008
47.0,29.0,True,0.365480563335929,0.2048619380147042,0.7517984013283209,0.14637190634793376,0.06892234720405294
47.0,30.0,True,0.3225349317692834,0.0989566238287857,0.5352442948656615,0.6603416180633459,-1.3584438973407926
47.0,31.0,True,0.3678218097559547,0.27335509358263366,1.0226862746579155,0.7215166357329973,0.12281376117621119
47.0,32.0,True,0.5623392259247015,0.31099853781921044,1.251673660092973,0.03293743654876418,6.633960932293576
47.0,33.0,True,0.7288614876972808,0.25894892175046497,1.2070797036795058,-0.48331908333332846,12.560973125660475
47.0,34.0,True,0.6607502443833093,0.28362821196246896,1.1587842354613658,-0.3755842304085088,10.342165326071155
47.0,35.0,True,0.553464379103841,0.14363343496842812,0.8740903607911507,-0.7349711891726776,6.017883120202957
47.0,36.0,True,0.4145344263719629,0.2011257753075893,0.834002469840141,0.4481692727906655,1.72672058929951
47.0,37.0,True,0.5160697410675695,0.17427408656071647,0.800353642686996,-0.2223532215577861,5.065847561734758
47.0,38.0,True,0.3501792409880679,0.13176196519532649,0.6239183113502974,0.4715307521424984,-0.3485622592143479
47.0,39.0,True,0.3824075889875375,0.19747783921244416,0.7888768104342927,0.22459713599661196,0.8649689341401667
47.0,40.0,True,0.33316103105392747,0.11448456372738497,0.8024026805014278,2.046607681590897,-1.2174805497555068
47.0,41.0,True,0.4177916512872433,0.13334333634276654,0.6696491792018611,-0.014348072804515886,1.7539202899679398
47.0,42.0,True,0.5829629550657568,0.2888773381168702,1.1100829683416225,0.5228681054976809,7.209381787743916
47.0,43.0,True,0.44344168275504164,0.09472628495185659,0.6153233983351879,0.08579333471227468,2.175536993230459
47.0,44.0,True,0.49129506558493263,0.18105732190030135,0.8323073630539826,-0.24730226723794865,4.527615466896917
47.0,45.0,True,0.5499300627573688,0.18900869053331992,1.0396459075677107,-0.15150585114133525,5.723095481994952
47.0,46.0,True,0.5289795281787034,0.1943567961875904,1.005379590883777,0.5826812527324396,5.488705988403457
47.0,47.0,True,0.44875337852684616,0.1811313063538449,0.8588116519466387,0.5574347087703199,2.5858950794014186
47.0,48.0,True,0.5771024384932454,0.21610324157881525,1.0113848069017646,0.3099627597274004,6.827967583928089
47.0,49.0,True,0.44157337661039286,0.18295141455099595,0.7266684832707373,-0.237650590225672,3.028898369766858
47.0,50.0,True,0.4563386405647163,0.13150663092624618,0.7048573907197068,-0.8976046219805066,3.1034037738396965
47.0,51.0,True,0.44740187892904926,0.16766705664144846,0.7161944099073468,-0.2661715917965798,2.431451727240153
47.0,52.0,True,0.5379301439420697,0.19815880257762947,1.0048199385291272,0.7041395336966123,5.465638754545139
47.0,53.0,True,0.4628417951295022,0.1086869116582955,0.6638266465930125,0.1082457362306219,3.287263194963862
47.0,54.0,True,0.5857416623545088,0.14055039406011693,0.9567570324111716,-0.03801283812194161,7.055205238378239
47.0,55.0,True,0.33712764685644464,0.12549732710982972,0.6172517369393627,0.5085934016442882,-1.326117024389338
47.0,56.0,True,0.43937364884124436,0.15103753466010253,0.7353696729683641,0.007335003174496683,2.376903288955156
47.0,57.0,True,0.4354421489385122,0.1732041491221069,0.6883793241341409,-0.41593081394507775,2.695812664399597
47.0,58.0,True,0.4212741776799807,0.18508318892531844,0.9324470054240332,1.4781095906690194,1.7704410514333349
47.0,59.0,True,0.2818508286043208,0.15772064340379877,0.5912900012358738,0.12723682755998836,-2.8662419778797856
47.0,60.0,True,0.24810847933644153,0.0952944031666043,0.3936694465806055,-0.0032771622140480117,-3.6055044853546656
47.0,61.0,True,0.37879072847578626,0.18084051474770732,0.9559844926133356,1.244764184625229,0.20190751066881124
47.0,62.0,True,0.22953612996628592,0.14583059151137504,0.5513722583920525,0.7751338949169824,-4.748361226396434
47.0,63.0,True,0.33053840820890934,0.16779586652451467,0.7590076818666189,-0.17668237131084402,-1.1810043142904771
47.0,64.0,True,0.3145010725988606,0.13048133819367258,0.6489732614808359,-0.13061275446297496,-1.8554391815079767
47.0,65.0,True,0.214551649200985,0.10120549180650146,0.3835416197127219,-0.08448137550624746,-4.999928497114507
47.0,66.0,True,0.12485447469682635,0.08517124696215096,0.3135207568716771,0.3359068836415129,-7.480861808525174
47.0,67.0,True,0.2936660717361274,0.09533956112433066,0.5797845434994977,0.32660045866671267,-2.59505931989957
47.0,68.0,True,0.26351882427535184,0.21906168079709573,0.7762904495370868,0.9037005079585034,-2.5584658449911704
47.0,69.0,True,0.3002359253048582,0.1564539834491721,0.5482637603091862,0.06534486184519205,-1.8298277472759692
47.0,70.0,True,0.39090857919982186,0.1783083339415332,0.9436880050653582,0.9407632279035136,0.7732905932099259
47.0,71.0,True,0.4421993582861407,0.2319920416931691,0.9457861125631614,0.5832344769022922,2.8454980016890836
47.0,72.0,True,0.48827138480460935,0.14757107601682604,0.7370040583690366,-0.6485496149759272,4.309611093820519
47.0,73.0,True,0.496336901986492,0.14602986294236547,0.8232317882629483,-0.4938605052368,3.9840932127296274
47.0,74.0,True,0.5590095171413793,0.1952054592301103,0.8903898118894519,-0.7189843549338665,6.196315626727045
47.0,75.0,True,0.5277745226873126,0.22843312097556898,0.9201991817864288,0.02180423979927779,5.525640170511749
47.0,76.0,True,0.6478238197335177,0.14597128215417207,0.939689730929742,-0.25026020183790904,9.041081243146662
47.0,77.0,True,0.5472557464166764,0.17319285095132242,0.7881020777863722,-0.6740274738228159,6.4038644002861345
47.0,78.0,True,0.49607936934069047,0.1706668820789129,1.004076907358239,0.4891792211161074,4.026770368454444
47.0,79.0,True,0.5449377767538344,0.236412379973531,1.038973430667833,0.020721607051473724,6.357501341309068
47.0,80.0,True,0.47346284024379487,0.14100639862296394,0.7385580188098045,0.23841272854145298,3.6164515873427683
47.0,81.0,True,0.5002681974704576,0.17503956545924207,0.9040555450655512,0.5395291854480645,4.426226818254072
47.0,82.0,True,0.41946490015740595,0.1526540296381367,0.693356439288147,-0.26016013233460383,1.96844370432111
47.0,83.0,True,0.5664487310658839,0.13028551165509292,0.7852772380373104,-0.8529687667444228,6.479922662902778
47.0,84.0,True,0.5059998350790202,0.24891136034217556,1.176180966118494,0.8583748602979858,4.378297327365438
47.0,85.0,True,0.4996596563174574,0.18194547297049485,0.7973678079664673,-0.290328992812851,4.4872919908582505
47.0,86.0,True,0.46386156159564534,0.18062665111520643,0.8018951141337028,-0.06993149049860072,3.2771144652235265
47.0,87.0,True,0.5142127378212467,0.1539802237990144,0.7902159414550982,-0.3163986107720937,4.706476740934861
47.0,88.0,True,0.6520396110859148,0.22230461259503087,1.1830838618083632,1.0061375099817844,8.741558306594273
47.0,89.0,True,0.4070350496779446,0.1663038232969391,0.987174759043466,0.9220464776232834,1.1573571826643612
47.0,90.0,True,0.37160902813601054,0.1402463559220945,0.5868244311671457,-0.4584816564828868,0.5492289131770309
47.0,91.0,True,0.3187692658332345,0.20102668062357318,1.0005811663701585,1.5869540090504999,-1.8940064609239222
47.0,92.0,True,0.3625992098343724,0.1596125282803182,0.6277901086804482,-0.21551640771755082,0.27491550141887533
47.0,93.0,True,0.3291231464029183,0.15764450810977104,0.6111825773799107,0.05438873508705419,-1.1006024574056723
47.0,94.0,True,0.3014137897745246,0.13128419801856303,0.64012595818922,0.5591154380737151,-2.2777905144724127
47.0,95.0,True,0.29745716909603725,0.16431183276646785,0.588077660068463,0.12962535608904208,-2.18334056562531
47.0,96.0,True,0.3874151629151983,0.1727976071231427,0.8683282443485857,0.3768339641208324,0.42651416241092205
47.0,97.0,True,0.3272655633133457,0.21612215452664033,0.8590167231357477,1.011588833986769,-1.0112463358056716
47.0,98.0,True,0.3268206272613246,0.188968162464976,0.7677989967124598,0.4029282030233735,-0.9492517670107372
47.0,99.0,True,0.34104781809127105,0.15671424825266023,0.5793332048617525,-0.40114772541753596,-0.43446222312162397
47.0,100.0,True,0.08053178821523554,0.04627308646883971,0.1743855768769365,-0.21513954140017724,-9.065951101714496
48.0,1.0,False,,,,,
48.0,2.0,True,0.19883090550225288,0.11792122974023678,0.4345017597940019,0.46367708487997544,-5.021094678503666
48.0,3.0,True,0.5777615037506213,0.16138040120083438,0.9080796548961886,0.43901313599663766,6.894290096651834
48.0,4.0,True,0.5129970628869823,0.1897086984781779,0.911317556286924,0.2593776624964372,4.795899283757057
48.0,5.0,True,0.611932647363716,0.1965951928261496,0.9910118220953358,0.2749252281033109,7.845107073032286
48.0,6.0,True,0.5722168555666288,0.13493775696856794,0.7716655269700083,-0.6639126525006341,6.389330499570139
48.0,7.0,True,0.5576433615431163,0.12070287622243542,0.8116464420000542,-0.06737899374327223,5.863220972724249
48.0,8.0,True,0.3059710598409969,0.19854627406434602,0.8392690477527168,1.248548587994521,-1.5342486267428805
48.0,9.0,True,0.3052355592119643,0.16873360047029307,0.6690232310209835,0.6109973977264217,-1.6383161257689136
48.0,10.0,True,0.3769548398078143,0.13463861970166544,0.7197025633963562,0.8236066205508464,0.5097280999717575
48.0,11.0,True,0.496173198534884,0.22394077739721338,0.8805887391892052,-0.017360124537108373,4.361566443087277
48.0,12.0,True,0.4317519556170221,0.2074486509735522,1.0185070329409371,1.389382108177825,1.9461615145854885
48.0,13.0,True,0.40283839781283765,0.23253205047367795,1.113663744975084,0.4349143503847155,1.362350549558117
48.0,14.0,True,0.27037425878004356,0.2010245633399456,0.7823976227877371,1.1168724318718832,-2.9260447062961914
48.0,15.0,True,0.44000404778919006,0.20709460423858597,0.9594771872888443,0.715871425768954,2.5543751140855453
48.0,16.0,True,0.29881669717173176,0.1130584537401336,0.4830162816259702,-0.56763653361233,-2.1477882358329152
48.0,17.0,True,0.3955119010803915,0.18157174527871675,0.7344291733968265,0.11252414150152786,0.8118673000328869
48.0,18.0,True,0.4329312468049818,0.1459194364849646,0.6877358220034612,-0.23283881246578333,2.319315166862854
48.0,19.0,True,0.4875136658206271,0.12565911605811733,0.7972711047153269,0.34568432334650595,4.062046605314737
48.0,20.0,True,0.4130643501893879,0.15758550509496017,0.9330029936329768,0.2171925376810927,1.4069759545622387
48.0,21.0,True,0.4701311989412082,0.17459600467311953,0.8172655993588561,-0.0937088796147729,3.374488577804709
48.0,22.0,True,0.45971171288426926,0.11737577709154752,0.6464820675871562,-0.5625008281343704,3.038076579185746
48.0,23.0,True,0.3504245731244455,0.1616654313211869,0.66316336548315,0.271069438996123,-0.1328365374006344
48.0,24.0,True,0.47585718796445153,0.2164304487737749,0.928931572165629,0.5012708631084156,4.220070427301204
48.0,25.0,True,0.3702558329648039,0.19582971874882377,0.8057249923814207,0.3301082861074897,-0.3087216606499972
48.0,26.0,True,0.3820354834750725,0.17758341363468014,0.6808211946333511,-0.6281376107816738,0.9959119610726597
48.0,27.0,True,0.3251945059785133,0.169663028746726,0.6563687333983039,0.29433639980565013,-1.113111689106224
48.0,28.0,True,0.26443988559397935,0.17549103399170196,0.6365799826330244,0.4307852536570143,-2.9997473658891547
48.0,29.0,True,0.3282218347843529,0.2212338247727968,0.7962435509603443,0.23999944457500627,-0.6829907535900412
48.0,30.0,True,0.3008515800156228,0.1048160545187762,0.5764997715585151,0.4461400127046943,-1.7504583208847233
48.0,31.0,True,0.3149885368384762,0.19323424736427958,0.9212864308233288,1.1561000931536236,-2.2511525168235176
48.0,32.0,True,0.43374950450881594,0.18763004934851765,0.7974302975709411,-0.05194046402402983,2.4328649188971707
48.0,33.0,True,0.3835575602892732,0.1965870623760006,0.8334137774006307,0.3613666301342215,0.9800689885979389
48.0,34.0,True,0.4948012978361116,0.24278182763568065,0.9867899641063248,0.18950732091821196,4.71258078046073
48.0,35.0,True,0.3750199011301847,0.11739516055145752,0.5944431692266164,0.10671916352085169,0.2840908124549103
48.0,36.0,True,0.491137314748248,0.263122247600121,1.1228072288302076,0.6064956948951369,4.5659242811306315
48.0,37.0,True,0.4073398881640165,0.23905196239634335,1.1978495911815783,1.3837970352934763,1.1024750301468884
48.0,38.0,True,0.3906701331274772,0.24599005255473713,1.0484429093462266,1.1101624036235058,1.2281901909948991
48.0,39.0,True,0.36948728155098104,0.19238960806635283,0.6514123349017005,-0.31052738796436513,-0.29784170037129387
48.0,40.0,True,0.37500633934648003,0.20158240140327538,0.8689872801680509,0.6613526076199217,0.4855179086449744
48.0,41.0,True,0.4208663956402365,0.19763801595340036,0.7985378461529891,0.25517471490318094,2.3717665576284737
48.0,42.0,True,0.5321472185357837,0.13795195751137967,0.9015280091072488,0.7294430246872325,5.274060952278613
48.0,43.0,True,0.5230885333148209,0.19003142216897947,0.8272282296753432,-0.2362423403597906,5.4616647887241365
48.0,44.0,True,0.6428820768955266,0.20192719739919568,1.0331083075002567,0.07795000897813459,8.944720536927802
48.0,45.0,True,0.5485464754554477,0.22942098627626237,1.4623210610038946,1.3935694988344292,5.736201181030904
48.0,46.0,True,0.45568663078190935,0.1954485292819459,0.8020442458558936,0.13512746786720375,2.9564916818758986
48.0,47.0,True,0.5887464971306875,0.07775629722776291,0.7250925421353882,-0.11095900716334067,7.003322633464019
48.0,48.0,True,0.4138003768374284,0.15759915550641035,0.6343557486082243,-0.1529441227996738,1.8922275085441433
48.0,49.0,True,0.49220229195019316,0.24656726738733273,1.1619848412124272,1.3388547694657889,4.263836229917163
48.0,50.0,True,0.45495894435550893,0.20417954245905395,0.8069401390918466,-0.023663895636122933,2.332437718765459
48.0,51.0,True,0.4220100537271334,0.22165379033749155,0.9310286951615704,0.6124735746408083,2.0421701420753595
48.0,52.0,True,0.42164807680608507,0.1953624430496554,0.793729966528109,-0.029426897174919947,2.17866758093861
48.0,53.0,True,0.5453911769493756,0.20479410185373892,0.9239993764788954,0.318542759575603,5.4840265652426075
48.0,54.0,True,0.5415877415022742,0.16947968538255,0.8781782719580681,0.2684649488738491,5.94642285411243
48.0,55.0,True,0.43951212641510984,0.21611156524387964,0.788461354078038,-0.2206117188812199,2.1875031888811063
48.0,56.0,True,0.36534829870619306,0.14578683185494035,0.6556069365130864,-0.1079974096447881,-0.1639485567810977
48.0,57.0,True,0.48023802445476543,0.16331482733238178,0.7301574813975819,-0.6083704792921565,3.641322946776948
48.0,58.0,True,0.5389694072972282,0.2721012916318721,1.1638463617122208,0.6423578885121417,6.309865861269499
48.0,59.0,True,0.36393954466827694,0.1662375928745415,0.8003078337898224,0.7921822556137644,-0.2517241824215496
48.0,60.0,True,0.20355111139078808,0.1147512111723796,0.4185935495976196,0.1622046547307867,-4.907327791199177
48.0,61.0,True,0.2127713332985452,0.1364616068186987,0.4459988408461044,0.27368865036960965,-4.842057840314455
48.0,62.0,True,0.340884482788557,0.15851221745046842,0.6338584797781173,0.19271048795070947,-0.4929258776681239
48.0,63.0,True,0.27939793606959956,0.11950748495012328,0.4708423246761207,-0.996315623988711,-2.739592051215934
48.0,64.0,True,0.1475455706108261,0.096152786117405,0.3795065181893103,0.5951542021268376,-7.022577859905848
48.0,65.0,True,0.26339620240747874,0.09960976038364752,0.4847270870893504,-0.15802416003791536,-3.2388002754401386
48.0,66.0,True,0.2817842418744062,0.12073424497291363,0.5393289431281169,0.24008867724564073,-2.7526893631439355
48.0,67.0,True,0.23103990967838464,0.1581164140734652,0.5061219378935576,0.32921168168845644,-3.995134325244696
48.0,68.0,True,0.34352218171652255,0.14673520114072852,0.6933959551144314,0.873132252559837,-0.429439641684082
48.0,69.0,True,0.30110731485873826,0.15283898519649966,0.6061381386926151,-0.015678680798727432,-2.1605785780333018
48.0,70.0,True,0.407072598188067,0.13305034659520865,0.6060856443312251,-0.872720274543664,1.2040965912207582
48.0,71.0,True,0.36297525840501293,0.10241952060980003,0.590692836142063,0.30414628244388464,-0.08112568062410029
48.0,72.0,True,0.41370049147565124,0.14429157943547677,0.7491279496362034,0.6029211546267077,1.1962962702494373
48.0,73.0,True,0.5509345853534848,0.1520470727902235,0.8305989966882532,0.12380841073949746,5.757621623431153
48.0,74.0,True,0.6205305107791698,0.2146486193904402,1.0083847999379574,0.26018136968044964,8.31714087823046
48.0,75.0,True,0.4943206443841992,0.1973108547154929,1.0199921864028243,0.9809924302250365,4.305939889483494
48.0,76.0,True,0.5779415020582521,0.16002128090908654,0.8448882201994321,-0.3451608467800939,7.240400627019448
48.0,77.0,True,0.40919448577054357,0.1897595065969967,0.7068928703460977,-0.06898594021132942,1.5536701084165783
48.0,78.0,True,0.4952200930240949,0.23538238085216845,0.9223894942365498,0.4978270294910796,4.228349306647043
48.0,79.0,True,0.575429998719275,0.27083773504135583,1.071919639264415,-0.19652164843782002,7.301148818820855
48.0,80.0,True,0.5707264588405045,0.15060136069074972,0.8135650961197577,-0.8049538174547272,7.061188035032954
48.0,81.0,True,0.5077989109556341,0.25048124231425795,1.000415194595669,0.5664548477449427,4.139640873918582
48.0,82.0,True,0.5604735562374982,0.11058896556316315,0.7145294517740618,-1.629836846291547,6.6406720323805635
48.0,83.0,True,0.5966450903368369,0.18709520522627382,0.9382286422312238,-0.47926986118561077,7.4710006286498
48.0,84.0,True,0.44450330260999604,0.1761031939202184,0.7478667710625536,-0.8972758020253978,2.538536268857472
48.0,85.0,True,0.5443297786919725,0.2420373212566921,1.0734651892704057,0.5722830997743581,5.564057911845422
48.0,86.0,True,0.4935131013394427,0.16522264578404444,0.9993108648471049,0.11858435761766596,3.813119023686345
48.0,87.0,True,0.4755515555277652,0.2815799779063078,1.133954019147141,0.7335883337112441,3.11315546274539
48.0,88.0,True,0.42538521994434936,0.16901540545128,0.7922614229561155,0.4367780213019398,2.2292064965706944
48.0,89.0,True,0.4439492848195443,0.22719790996346417,1.0123951310791135,1.1949066251431943,2.864116117543695
48.0,90.0,True,0.3239794041993095,0.1028450988953677,0.5411388840348601,0.4283253022322086,-1.2612930020232507
48.0,91.0,True,0.3199630254400467,0.1711243508894386,0.7039137650734187,0.4179786392739669,-1.4981513809993126
48.0,92.0,True,0.3698167159940296,0.11394950829819248,0.604420063549659,0.14523734470820251,0.19773732346344877
48.0,93.0,True,0.4323044573561089,0.1621669861574,0.7321261322534853,0.31610729170252183,2.11769472471119
48.0,94.0,True,0.40520033565157315,0.16549180536700028,0.7798921627046703,0.6248289437421292,1.4103883936429504
48.0,95.0,True,0.3376140238567144,0.18891661744418142,0.6369337720723995,-0.2380981877244348,-0.3903893679778633
48.0,96.0,True,0.3170236665930552,0.14676705618240013,0.6370386467049516,0.11818083430881546,-1.4106445824052822
48.0,97.0,True,0.39206815967012193,0.16175859289550004,0.6656721097250489,0.2549223853196422,0.7015971053962893
48.0,98.0,True,0.3477332155658784,0.11820938633776029,0.6063303616708834,0.5103365501032058,-0.9767775452413162
48.0,99.0,True,0.3607287750066499,0.11609011383127907,0.6130040962538605,-0.2894284830058625,-0.14882254262551525
48.0,100.0,True,0.06708855829992082,0.04977686651226712,0.1908018612536698,0.763748324198288,-9.459916402552563
49.0,1.0,False,,,,,
49.0,2.0,True,0.26432168448738635,0.1506109857109105,0.6594222273868638,0.5197400331666879,-3.2311532502150584
49.0,3.0,True,0.39328622639111754,0.159621830282306,0.6826226563523635,0.09635802997452043,0.619584396616816
49.0,4.0,True,0.447793629871131,0.15189999286502973,0.6988643992223674,-0.3390595976800118,2.619969080686788
49.0,5.0,True,0.44049098611615917,0.16996670694027902,0.7952249871562216,0.2185142685896549,2.4288241620059248
49.0,6.0,True,0.32838584269085247,0.17150220306111658,0.9152893812991468,0.8490613313245865,-1.2769649227572422
49.0,7.0,True,0.5790230565696901,0.21159197190775428,0.959657327276354,0.2587550713917927,6.90027486447051
49.0,8.0,True,0.4189468562264482,0.1917866974076751,0.7985763965591721,0.6017577257751341,2.2315386715984253
49.0,9.0,True,0.4275191572064119,0.22299649957782033,0.8500156259732705,0.24371564340450994,2.6704903865653553
49.0,10.0,True,0.37039208061120493,0.16148954249476838,0.7444310401800568,0.4009010922271575,0.6910982931708838
49.0,11.0,True,0.4242147605784114,0.2759106308880899,1.4957245214047394,2.3840701224412038,1.4650979629342564
49.0,12.0,True,0.34485808086456005,0.1421660702280579,0.5791539023950578,-0.09899901200569938,-0.20979842208772592
49.0,13.0,True,0.29038876726603,0.10698811918656842,0.5201951757040184,0.177492795239963,-2.8564704673019703
49.0,14.0,True,0.345777525741479,0.15780389304215378,0.6216325305630669,-0.1662834869394839,-0.4153005975793084
49.0,15.0,True,0.45516307171077786,0.11509444717674609,0.7986125757722772,0.1469512049064593,2.5815025280707147
49.0,16.0,True,0.3900806840737246,0.138791514868441,0.9015996947653996,1.3806345549610688,0.47075553271630477
49.0,17.0,True,0.29510245997312,0.1042360869580938,0.4946834510939325,-0.1591264088222259,-2.0393152836017903
49.0,18.0,True,0.27988061337798215,0.15602812157350052,0.5510196927497744,0.01171314765982495,-2.5050878988184597
49.0,19.0,True,0.4352127386411533,0.17507126288067612,0.7940218417609464,0.36696366232177247,2.5467267773928715
49.0,20.0,True,0.42401641477111374,0.08634523374503235,0.6128691807616294,-0.464894021111244,1.9346926029934872
49.0,21.0,True,0.5066031695625934,0.19278239847389977,1.0285329855058645,0.8207693066119729,4.6900234557335265
49.0,22.0,True,0.4848292844143084,0.20303049420876246,0.7808984166164281,-0.4738852984688451,3.5026293952607563
49.0,23.0,True,0.5311111130188673,0.20218651666630888,1.0014119904187624,0.46924728653429476,5.074471210193792
49.0,24.0,True,0.35900895332793836,0.1992639781595098,0.6897755960981966,-0.20125809427260372,0.4715428841753543
49.0,25.0,True,0.35213580334425393,0.15136014976192905,0.7238901790126593,0.2265195720266877,-0.4045769036646136
49.0,26.0,True,0.2807159962192628,0.17354727515472368,0.6733804030207592,0.5874092124780992,-2.3172845690709547
49.0,27.0,True,0.3639630235795336,0.18492321207124282,0.7019762844285711,-0.13135143676429503,0.1724016828432311
49.0,28.0,True,0.36120982704265797,0.15555034348142943,0.6729543122047733,0.04917774693837249,0.37304107811075415
49.0,29.0,True,0.3616169136496093,0.13245563533741186,0.6218421019551058,0.08513655879103205,-0.5548247907000394
49.0,30.0,True,0.37236744603256255,0.11058048394770167,0.5202272980032179,-1.1254217479006892,0.34833924190669807
49.0,31.0,True,0.43264044361437876,0.18633154806987112,0.7651223024134245,0.22729829866567694,2.4572831797674857
49.0,32.0,True,0.28033564593145754,0.08765007632048395,0.4267525066124667,-0.7728957498309894,-2.4869139722089075
49.0,33.0,True,0.21539233020802198,0.11218337622936353,0.4346436883009125,0.2260630799937583,-4.923465707578353
49.0,34.0,True,0.36398043910478123,0.19059329693124658,0.6538938094949972,-0.3200932299257918,-0.1469290250100311
49.0,35.0,True,0.3175000107462548,0.1251534426646475,0.7320289904646151,0.8382087279647621,-1.7223895996172138
49.0,36.0,True,0.30934983876498073,0.11582324802752435,0.484478081896751,-0.6907294535482587,-1.5327979236149594
49.0,37.0,True,0.3879248755800069,0.14535512285081656,0.6439739365221628,-0.1480760358217296,0.9827612039665256
49.0,38.0,True,0.4557585863976786,0.14751668664373085,0.8182449471840129,0.47984371639082557,2.9208706347628635
49.0,39.0,True,0.3660289384294975,0.17487222173424768,0.6326003858574125,-0.5785716662690018,0.1533340055577646
49.0,40.0,True,0.22341398644141228,0.11197144054703974,0.4650210230000109,0.3838852849243817,-4.561018389519891
49.0,41.0,True,0.29062041634311647,0.18351470002199727,0.660424790149998,0.5327936353097984,-1.9840740561032324
49.0,42.0,True,0.5632806737429802,0.20007179928616428,0.9045136885560864,-0.13225956420768342,6.370047952362856
49.0,43.0,True,0.594075041264102,0.22840520450717003,0.9964208046227462,-0.5299000812079018,7.916060973745803
49.0,44.0,True,0.6145880701785319,0.28881415436996233,1.1590158155594503,-0.12305297824010164,8.613196466930534
49.0,45.0,True,0.5327030625135964,0.14443476135820474,0.8235291814906611,-0.036232030904329436,5.114885576804784
49.0,46.0,True,0.595664435286517,0.24495821782739838,1.1391560304631754,0.19804286158081205,7.760408610039497
49.0,47.0,True,0.29311355347368595,0.1579026349318448,0.642824065173886,0.5019764781710904,-2.1528019228682296
49.0,48.0,True,0.49355197714069804,0.16627801288837923,0.8841993403081977,0.5624331711427438,4.4461731391113535
49.0,49.0,True,0.4202835275867238,0.15150595807887976,0.6985732520664817,0.533890472612347,1.9262431324746745
49.0,50.0,True,0.4127651135714004,0.19859149712775653,0.8533738259823075,0.22560423055221554,1.377710111986161
49.0,51.0,True,0.4852416963305289,0.21090825290504703,0.9138610475382012,0.06177909265442259,3.980509205413334
49.0,52.0,True,0.33666600622565374,0.16728190827047526,0.667091890068678,-0.04407747444895514,-0.973645933784093
49.0,53.0,True,0.38158004214409774,0.15289271972855917,0.679179233726936,-0.1847843966641211,0.6095578265628181
49.0,54.0,True,0.4219836806963037,0.1608666814800863,0.6275140375744868,-0.38275579305135055,1.9231948611276501
49.0,55.0,True,0.47423839710416965,0.17669536444646872,0.8750255385657333,0.1763589529027649,4.072469396711828
49.0,56.0,True,0.39393255905641,0.15326687140812953,0.6874381369514605,0.03282652002236875,1.1780145097914128
49.0,57.0,True,0.4789222141180686,0.15542717189793545,0.7132589617184727,-0.5065769602339174,3.8763508332898704
49.0,58.0,True,0.3437891071390804,0.11194529930313264,0.6439348140954243,0.8699523600730711,-0.5237669776211561
49.0,59.0,True,0.3169783081536804,0.11834003564728335,0.599368410142818,0.8236369455504287,-1.6078118231863736
49.0,60.0,True,0.3176544844476291,0.16753823788193303,0.604565466688631,-0.1477339130258675,-1.2393737512647618
49.0,61.0,True,0.170088658945,0.12348085612664128,0.4600135904391774,0.5070349065637085,-6.368281391305354
49.0,62.0,True,0.354230415732885,0.16441864023547587,0.7340782068587965,0.4108809707203336,-0.09735448942843587
49.0,63.0,True,0.24492123675073035,0.1340413365338061,0.7459412272268314,1.4718693889804053,-4.31230149972446
49.0,64.0,True,0.29278001791872316,0.11680294326555514,0.6003601830328364,0.7803353829321754,-2.3692107658742008
49.0,65.0,True,0.2134575249937907,0.1364515305674243,0.4602248418043921,0.40554782575422454,-4.676092942231812
49.0,66.0,True,0.29584210494457897,0.17847183827847551,0.6041294645995668,0.07530493513628712,-1.7360559708655712
49.0,67.0,True,0.2890427121347843,0.14886079123106227,0.5945872290123033,0.4550968508003831,-2.191819945695133
49.0,68.0,True,0.24885393893264024,0.1160101100620492,0.5992894718480472,-0.007319719147143145,-4.029912633745567
49.0,69.0,True,0.3462027757300864,0.11160019101887714,0.5422989071911075,0.35874906978207605,-0.627003574953064
49.0,70.0,True,0.3901429671215558,0.2287208026673991,0.7004417155096925,-0.16013012892943176,1.582214243319625
49.0,71.0,True,0.3981950823348049,0.17137923026571056,0.646191023039653,-0.7329340061685795,1.700454177626866
49.0,72.0,True,0.45328136320298423,0.22380735586481226,0.8472088673846152,0.15712872284977436,3.443079383196684
49.0,73.0,True,0.3562432778211106,0.13806302630044093,0.59558448768741,0.15158976774469707,-0.26986554148853636
49.0,74.0,True,0.560845361280764,0.15631763426959322,0.7946737402769963,-0.3062572988460751,6.546734078275169
49.0,75.0,True,0.4651206767810563,0.18357516140821004,0.8378403379293321,0.8152816753349175,3.1355991425579015
49.0,76.0,True,0.5429003167232281,0.13035109702783398,0.763833019701038,-0.2909795850284305,5.965065946888987
49.0,77.0,True,0.5030791978014265,0.21065611079578128,1.0109637217970722,0.6832755320616725,4.830199314372322
49.0,78.0,True,0.48718793560568335,0.1942690526172588,0.8857312268700286,-0.10577145030190184,3.6355593716595354
49.0,79.0,True,0.5373313502516265,0.18495550720053341,0.8885389140611956,-0.2384206539449054,5.467598505898698
49.0,80.0,True,0.628215224165866,0.23113298148015676,0.9295548561318984,-0.3863310741831571,7.810581012621546
49.0,81.0,True,0.6906048896200152,0.15277650057992187,0.9713357806353452,-0.27620362170918983,10.275767034049341
49.0,82.0,True,0.5877004186040972,0.2681533546681668,1.1891018461171716,0.5766816314716381,7.262024199089371
49.0,83.0,True,0.46392616011818055,0.19760785149721508,0.6888564294657176,-0.6316611508811106,3.0826956765463427
49.0,84.0,True,0.5704531399708325,0.2115108151555719,1.025014622249203,0.16117942435413288,6.789822614363128
49.0,85.0,True,0.4754341504632042,0.2047496200569124,0.9047658115745894,0.29567772905796613,3.449226696895569
49.0,86.0,True,0.6205049232461051,0.20325432744732774,1.0654713365612003,-0.20128034477393636,7.853761071723502
49.0,87.0,True,0.520600941432746,0.1581841586279289,0.8535965216875225,0.23757621395378695,5.169493329209655
49.0,88.0,True,0.48313464449757126,0.1877939116063132,0.7566552707344935,-0.39062130573782755,4.278642568923809
49.0,89.0,True,0.38864220952300144,0.18133633823465226,0.6848367443320849,0.10209364995899176,0.9896980997107683
49.0,90.0,True,0.3501861977911589,0.14715803744637795,0.6495082060648387,0.02909252417205397,-0.10459437300273368
49.0,91.0,True,0.3530650228411464,0.1296063930509622,0.6967181321577812,1.3206976749464983,-0.533933981466572
49.0,92.0,True,0.3268384987220583,0.14298536687470262,0.6251296953069362,-0.6538647781242597,-1.076263454187374
49.0,93.0,True,0.3741090566382762,0.18129881913600882,0.6564997034176859,-0.06741424714046775,0.7513949889073261
49.0,94.0,True,0.35014569429135545,0.2473224524971912,0.8117708782827194,0.8120584717582758,-0.11250573585124268
49.0,95.0,True,0.40397853503029674,0.18950789864873194,0.7378767160768812,0.08712780612524237,1.2703302217680934
49.0,96.0,True,0.37045345388712486,0.09494201368127035,0.5274219931527494,-0.4530318050742881,0.21433933812591466
49.0,97.0,True,0.29308209132708213,0.1795562012150309,0.6006614062567034,-0.08379370348894999,-2.0756363381720697
49.0,98.0,True,0.42113671159586913,0.17086281758774452,0.770939369288036,0.23609813710157496,1.8487754958251137
49.0,99.0,True,0.3260038406284688,0.13667319132512684,0.519545424580605,-0.5268110000373953,-0.6934946174483212
49.0,100.0,True,0.07427016677144038,0.05155684060733486,0.1758794833330566,0.19040232812653834,-9.131264582914364
50.0,1.0,False,,,,,
50.0,2.0,True,0.18252758272414335,0.09577465949639584,0.3839823201833259,0.5025022437602211,-5.597785720859116
50.0,3.0,True,0.3588123129334994,0.21107018649698267,0.8307491473000838,0.7888931566137842,-0.37249435975103845
50.0,4.0,True,0.42267164180410977,0.16895768727342908,0.7547305116423823,0.055726881579326544,2.133487479811378
50.0,5.0,True,0.41986651274993797,0.23596653093241005,0.8508011426273845,0.5711091600419825,1.9390928265871064
50.0,6.0,True,0.45993604149480766,0.19768438631588828,0.9703686252198772,0.8361540039254811,3.285596020872676
50.0,7.0,True,0.39549941739427963,0.1257443366765287,0.6314893579314682,-0.32054279176209943,1.0925147960150885
50.0,8.0,True,0.47039994858732687,0.1639648187858457,0.7638225526527394,0.10131684394091962,3.4660664543433466
50.0,9.0,True,0.4520912875762634,0.2610566030438969,1.1609441305685868,0.3839752466560269,2.963212071723439
50.0,10.0,True,0.37913528376082417,0.22232236174174225,0.8041277510224202,0.2906488805621992,0.8496921747860016
50.0,11.0,True,0.27702805505053435,0.13737399226989738,0.6789868178450877,0.647660421401261,-2.896220010529402
50.0,12.0,True,0.21815434639997647,0.11168969328282376,0.5286290135352861,1.0838341501276545,-4.77794689823586
50.0,13.0,True,0.3354628748032405,0.15673381699435537,0.6871500096773956,0.5019705091774416,-0.5820846838391088
50.0,14.0,True,0.2780247723806445,0.1030827629154993,0.523474141370921,0.24625661948939678,-2.6506962497450344
50.0,15.0,True,0.3793862911604323,0.19792083237297312,0.8133585946281573,0.15708043203474317,0.6015652267696139
50.0,16.0,True,0.37430087185105515,0.16883490876899346,0.8828857812140777,0.7570055618308481,0.25801940049004546
50.0,17.0,True,0.36556313035131943,0.1400000977411697,0.6029488294578607,0.22334170708229378,-0.06188320715321111
50.0,18.0,True,0.37821314440168297,0.17309304161312772,0.7306685040414831,0.18295836355558615,0.6670821293392739
50.0,19.0,True,0.37567353261578196,0.16392791239554536,0.6285569869563287,-0.3440021046433181,0.5777268777626261
50.0,20.0,True,0.4206662569367572,0.10094333380412546,0.6408378566679459,-0.5425294801948566,1.7366664823555538
50.0,21.0,True,0.4330466921789966,0.24198515084459157,0.9213213142308736,0.4293436189542973,2.4961791434619194
50.0,22.0,True,0.532657639509999,0.193899918315094,1.0410206375914068,0.17144297042590737,4.9030552305269754
50.0,23.0,True,0.5791041265856196,0.13690893571220702,0.8268045298575627,-0.19036698962157808,6.807762509905247
50.0,24.0,True,0.44793927509926035,0.16367588818426904,0.6864538502895061,-0.5765382474884628,2.900926853899703
50.0,25.0,True,0.48212285135514926,0.22304764433404237,0.8827769442935081,-0.06299971876247543,4.227238248859305
50.0,26.0,True,0.36318324313294076,0.13897181047779997,0.7331910733020061,0.9510099804055964,-0.1552238818571034
50.0,27.0,True,0.494148728629412,0.2604951064208842,1.039188532759657,0.1793052005840198,4.704668594037627
50.0,28.0,True,0.29948998686505807,0.17419254479846355,0.6589027303262524,0.22106546308490627,-1.5250463479017475
50.0,29.0,True,0.3857237905525084,0.15266033035011461,0.6976757453388044,0.18160116805219778,0.8106732401441505
50.0,30.0,True,0.3203012294628058,0.1384037223670366,0.5859314355296558,0.09926516069348662,-0.889172297441065
50.0,31.0,True,0.29001912640882266,0.20052601255343605,0.7115594363131637,0.32751946400988247,-2.6532821483074907
50.0,32.0,True,0.35844757337091,0.2303081302856249,0.8190846913778516,0.6301441107679375,0.09930103610507288
50.0,33.0,True,0.261939864199926,0.1301841158519254,0.5948134711875563,-0.1260049428912707,-3.032956282136075
50.0,34.0,True,0.3484315508300681,0.1636402117707755,0.709002025560862,0.563081045424964,-0.4213679330155018
50.0,35.0,True,0.2812319621166945,0.13820010809946195,0.5525487960348598,-0.06186687354589082,-2.6999251985227426
50.0,36.0,True,0.344630133028962,0.12324693467720442,0.5943452497412564,0.013374062952362898,-0.5794486264984031
50.0,37.0,True,0.3982043095115431,0.14118233341843073,0.7032862804948734,0.25551112252413505,1.2950420806620024
50.0,38.0,True,0.28392361653946857,0.18743734879689644,0.7355972291554692,1.0672044681896182,-2.650990227055631
50.0,39.0,True,0.4476823459512992,0.16695967781135607,0.7785537557673283,0.158782548157949,3.0104294142083474
50.0,40.0,True,0.3860030932566651,0.16351787558809827,0.8375842135228466,0.9449272528488067,0.8923431775319074
50.0,41.0,True,0.4497304404112826,0.15070750693627422,0.7387876221650607,-0.17517021545957567,2.6928978382195954
50.0,42.0,True,0.5264360209134062,0.19577787738947472,0.8963481851326148,0.15340674578392302,5.111862868504366
50.0,43.0,True,0.673355621885347,0.25171298358631916,1.2843151991135937,0.7185185553091374,10.065671282209076
50.0,44.0,True,0.3869010994088217,0.12528153240992262,0.6454718955480431,0.24034540615294925,0.9662401140327007
50.0,45.0,True,0.47324325227759995,0.1579604773066564,0.7553333630620866,-0.3814651402669149,3.62570112644727
50.0,46.0,True,0.5051397092207653,0.18492462770067652,0.8527813022993594,0.6820323250592449,4.712649228237346
50.0,47.0,True,0.5391554725735759,0.14249365634852953,0.843387119395857,-0.040707358458202225,5.621128518432878
50.0,48.0,True,0.46249870083313566,0.10604124728658804,0.7294911922168696,0.7108357175978011,3.0666149873817155
50.0,49.0,True,0.4419654686561773,0.1976712263534306,0.8395460821407891,0.5531914660946642,2.573846536251465
50.0,50.0,True,0.46752975773900696,0.16967993676256762,0.8673658190921812,0.2516831077852937,3.194330716296827
50.0,51.0,True,0.39302554456382194,0.19320496441173104,0.8541897089928717,0.8088354604889687,0.6928385665356482
50.0,52.0,True,0.45240823021793486,0.1501474667401877,0.8113467687972773,0.7024712408050091,3.002753629763119
50.0,53.0,True,0.3971317092722502,0.14037763120158625,0.6992780671166855,-0.35801625355150346,1.0368431773306943
50.0,54.0,True,0.549439430969076,0.13661225635072968,0.8288757596714199,-0.6074196399327629,6.015761431334238
50.0,55.0,True,0.5337110052432189,0.14663607455249053,0.8966608149811841,0.44719640444921704,5.237631166979926
50.0,56.0,True,0.49043412765486294,0.26230137069935106,1.0566018401342576,0.6828554334014983,3.5258208472639874
50.0,57.0,True,0.4314504669225017,0.15635172266618838,0.7538704224373386,0.22204721186102078,2.1341414640327487
50.0,58.0,True,0.36457137932632344,0.16995591605325136,0.7737576920330417,0.3893149871997432,-0.02451880631982483
50.0,59.0,True,0.3285464078972867,0.21959095630839404,0.7619418695472538,0.3793396699202803,-1.1978892818776585
50.0,60.0,True,0.3089145209843445,0.20886261969740258,0.7273118661697844,0.307023932255704,-1.463218977006346
50.0,61.0,True,0.19943095921439913,0.0681178070141582,0.3047917926118447,-0.3812458554182381,-5.399571094610595
50.0,62.0,True,0.25668399102131795,0.19729792524193498,0.8074767865113758,0.6249014966899595,-3.595315821074194
50.0,63.0,True,0.24672651608375307,0.10267716245481147,0.4627962152835435,0.09923840884372549,-3.737815641496246
50.0,64.0,True,0.3011658894755332,0.17952849165304505,0.7143919385978843,1.024474915506073,-1.9764849145097707
50.0,65.0,True,0.22752116392714802,0.10743371935961678,0.4815085914582413,0.4008038380701741,-4.220457690305864
50.0,66.0,True,0.28776594137151446,0.13993537188508876,0.5384587270515887,-0.4344493478536834,-2.326816403453016
50.0,67.0,True,0.26728209686653187,0.1018940436542684,0.5061936048057114,0.1304789097937813,-3.1697019479453137
50.0,68.0,True,0.29248124086927824,0.16014728179865279,0.6758456780195902,0.9930563149897548,-1.9422302394311972
50.0,69.0,True,0.3465777711061019,0.10560801000958465,0.5464122777656881,-0.48057157759256913,-0.4419095187011928
50.0,70.0,True,0.3957296423388037,0.22415869962851417,0.8516233514495323,0.26779942389070616,0.5358176707969377
50.0,71.0,True,0.31736606992650346,0.1508308188058346,0.7255927286846461,0.7022601234951177,-1.2484977336724867
50.0,72.0,True,0.37000450733621704,0.15156828178153267,0.7663275234673915,1.3789290040296796,-0.12183989121701759
50.0,73.0,True,0.40575757524299494,0.12887976731083042,0.7084191715201986,0.28331049654549134,1.5752474148845805
50.0,74.0,True,0.37078414338098736,0.24937819144581916,0.9981755263614996,0.9730927599679345,0.6221527762623122
50.0,75.0,True,0.37375838185054294,0.15732879740901698,0.5675585494535101,-1.1703971762694394,0.4760145286917514
50.0,76.0,True,0.5500409511221559,0.2354719854281931,0.9166287663643718,-0.43362993710398323,6.744582131538926
50.0,77.0,True,0.5348862802062142,0.3272575210117389,1.5,0.9665907769490956,4.754014896056342
50.0,78.0,True,0.6760860272402422,0.25159462708150765,1.5,1.166564500808771,8.862907435466882
50.0,79.0,True,0.42781249761009044,0.13528350184245194,0.7812165613802308,-0.15713591189466217,1.9599256361749988
50.0,80.0,True,0.4577725025971417,0.19988413482231068,0.8813176604486176,0.24514576050686374,2.8897433921454843
50.0,81.0,True,0.41601088762422317,0.12551454645604918,0.6539232347294825,-0.1259191100951308,1.9958539792210486
50.0,82.0,True,0.39353185013818553,0.14759076618605707,0.633268067947274,-0.22656948652419928,1.1500648220613319
50.0,83.0,True,0.46990776237365117,0.18442244398700047,0.7522920274069919,-0.6490019187929039,3.918052199941328
50.0,84.0,True,0.543855346099551,0.1281011305354074,0.8236077416029346,-0.04403642781197049,6.0405054588124445
50.0,85.0,True,0.45402052214846733,0.18497927879680154,0.8113047493048974,-0.10886104107757784,3.239979734152243
50.0,86.0,True,0.5146789158549865,0.14791087272190412,0.7496630276241104,-0.3190547268863349,4.377853248285811
50.0,87.0,True,0.5373751207247249,0.15583178768377165,0.8086119090464841,-0.5242935095313341,5.795279052480331
50.0,88.0,True,0.4832136092151903,0.20217287955384025,0.940460104917358,-0.05904413042560387,3.464789549517647
50.0,89.0,True,0.38515498798094855,0.20959157271987902,0.749201724479789,-0.13540262118050983,0.5289781373642274
50.0,90.0,True,0.304461158860229,0.11177525785268586,0.5017614447695652,-0.6475994777122005,-1.5828148252345846
50.0,91.0,True,0.36553907658348267,0.18990924329759926,0.7010495787246439,-0.23781103982741011,0.20201142733787592
50.0,92.0,True,0.5054433750661195,0.22622563342379626,0.9774816995382276,0.14355087708946154,4.007412392495263
50.0,93.0,True,0.33897712127180296,0.1347539801322133,0.5920794301486233,0.23190766880317606,-0.886198958594582
50.0,94.0,True,0.3204079975214266,0.11720981621163698,0.4959144160735492,-0.9167635622917449,-1.4122343093149503
50.0,95.0,True,0.3421739255589442,0.14224823746449305,0.6194948326657348,-0.0004781779338246332,-1.0765010206721741
50.0,96.0,True,0.3908194806307811,0.11396041871607751,0.6050284420847838,-0.13193087655442093,0.81572410666418
50.0,97.0,True,0.35303422090949393,0.19075065425272353,0.7973334180179436,0.7664035044809272,-0.3125906851756619
50.0,98.0,True,0.3323228553298569,0.19139330224720982,0.7992468039201797,1.143475814750016,-0.7316021605084246
50.0,99.0,True,0.3763104579448031,0.2029310054626106,0.7255766300099987,-0.17380623770232628,-0.18057870249068925
50.0,100.0,True,0.10306608665510295,0.06654711686826623,0.3085372433416973,0.47986340915573533,-8.45888814874113
51.0,1.0,False,,,,,
51.0,2.0,True,0.22338762297035372,0.07854125922506684,0.3476741810233046,0.07841383598183403,-4.440338091485474
51.0,3.0,True,0.288189600964612,0.17446446017196696,0.5718118861014753,-0.022680265769655133,-2.306005267748726
51.0,4.0,True,0.19526773366059927,0.13271900167748765,0.4148025368997353,0.1130899006099035,-5.075670728799523
51.0,5.0,True,0.4479413052719899,0.17157969733366013,0.7380625478895152,0.073265047304971,2.8036271055956377
51.0,6.0,True,0.30453608629062695,0.11817319258985817,0.6091855122926243,0.6116244337055323,-2.1255802005832196
51.0,7.0,True,0.2663364175981401,0.15356570527960622,0.6180611223815099,0.7306396094175424,-3.124987629890507
51.0,8.0,True,0.29068426661502733,0.20918859400628562,0.6994687528426249,0.23455510140537555,-2.3011406615310332
51.0,9.0,True,0.3709779428631463,0.25145479992962755,1.0169097904946458,1.1583767174767883,0.3051998214283387
51.0,10.0,True,0.25099068240686484,0.15005029178833165,0.5932489663618205,0.44700503910358985,-3.3724584978866194
51.0,11.0,True,0.3253196629404606,0.14471585419069752,0.5584222598045029,-0.3910767148741929,-1.012600766639457
51.0,12.0,True,0.35234021473425653,0.14542872468577328,0.7874098285652242,0.8025778094186425,-0.65290765779833
51.0,13.0,True,0.3785084722551264,0.1412808303888781,0.6344913946570836,0.01887848508450966,0.6053372524436176
51.0,14.0,True,0.3317366146687584,0.19043332851067074,0.7863130101055053,1.263367569044966,-0.9400738281182945
51.0,15.0,True,0.45969529847382573,0.1984906037608152,0.9246799072319514,1.0870491199492955,2.9635961416479306
51.0,16.0,True,0.32115821977318193,0.1506058783404895,0.6493561037781391,0.6782451745160615,-1.0846598257153879
51.0,17.0,True,0.3399457791208362,0.1850978919623509,0.7873153946045656,0.8393624640181487,-0.5180301969118174
51.0,18.0,True,0.4629788682639468,0.22745969083606513,0.8277413840787118,-0.2956938916417034,3.2370903124240993
51.0,19.0,True,0.522230000546438,0.1432329567440082,0.7757309915747239,-0.4072316166964564,4.978107400081307
51.0,20.0,True,0.6223105177946386,0.2305409543939677,1.041683423730942,-0.919342241545221,8.189032828018611
51.0,21.0,True,0.5277080589848115,0.18445553047786475,0.876626801383302,-0.37553478430526527,5.095905086761065
51.0,22.0,True,0.4948587902270389,0.1912756431526926,0.8637121077370504,-0.17757723458557287,4.497970537817243
51.0,23.0,True,0.5328217919199302,0.3228854975775891,1.236684351043158,0.49386715235793094,5.270335156323213
51.0,24.0,True,0.5110251046828156,0.25188273268825057,1.0625322369817514,0.36635662401649133,5.101795389474004
51.0,25.0,True,0.501570199121456,0.1650860414042596,0.910201460499576,1.013656082264861,4.46988589402238
51.0,26.0,True,0.3712374290590654,0.2265991417339015,0.8107745700958485,0.4004377370270424,0.6202801383542615
51.0,27.0,True,0.38415990557928026,0.15606076884528416,0.7297030418746535,0.774969783687598,1.0518791000390908
51.0,28.0,True,0.3572455040492354,0.23917367765332553,0.8625946774246013,0.2806419060857608,0.10404862476027703
51.0,29.0,True,0.31691331688078056,0.15010712991825095,0.7214154545931803,0.2944052127684821,-1.425917808801926
51.0,30.0,True,0.3957908367033234,0.1295567795323117,0.6542798577798942,4.776729001501721e-05,1.1091699887607276
51.0,31.0,True,0.26065122398643314,0.15792707672739273,0.5148421113174109,-0.2012143793506828,-3.0140087877228017
51.0,32.0,True,0.3025565748416758,0.20363843284543082,0.9341868333166208,0.8283391877239975,-1.905900208313444
51.0,33.0,True,0.2605263327642979,0.13486746327123744,0.5918210173535722,0.5576370738789183,-3.1002397228649086
51.0,34.0,True,0.3642533477692001,0.15696664320570194,0.5964363209724242,-0.43788466407929816,0.3027047444109027
51.0,35.0,True,0.45863000332462617,0.22073065522985436,0.8900827218922427,-0.06205276742075843,3.007175409298669
51.0,36.0,True,0.2174815381793692,0.12161537962957036,0.4592658033492848,0.08794036414221346,-4.54884392679718
51.0,37.0,True,0.40305430585668434,0.17193888253068318,0.7197145309050402,0.2151272002200797,1.5209265502740297
51.0,38.0,True,0.44599678041458346,0.17106655642615715,0.8105389138114382,0.13490178235476907,2.2824104231793174
51.0,39.0,True,0.3679124822691062,0.1855764545869425,0.7729480521195895,0.7847144081432267,0.3536500891391981
51.0,40.0,True,0.28405310803483147,0.11747218546834812,0.5472538162622002,0.6542597732261448,-2.565864540241677
51.0,41.0,True,0.44109835680650944,0.15261887403192728,0.7854466133233318,0.7250609620532329,2.574464260246945
51.0,42.0,True,0.4911455489011092,0.1655621949333757,0.9956257635842728,0.7338039697747071,3.4147009329412503
51.0,43.0,True,0.5620832703500253,0.2260367437080301,1.0279552327937178,0.3524357120313388,6.612524990432902
51.0,44.0,True,0.6507170867350703,0.2168523029591673,1.1318320741843229,0.8612401578054452,9.348866514110652
51.0,45.0,True,0.3296101948597652,0.17744430908657324,0.8155297472548462,1.0343220165144924,-0.9712681178924827
51.0,46.0,True,0.4077754976903124,0.14882802153442198,0.8692290728307566,0.5704558217929028,0.8916471758518594
51.0,47.0,True,0.5383365563230139,0.2231393505434095,1.105648516076237,0.5697874056660985,5.9858586772379
51.0,48.0,True,0.3926456626997132,0.20512718959532342,0.7596450401566579,0.13717524060632896,0.9557964496234419
51.0,49.0,True,0.37498826655604334,0.17311482077462795,0.9146979713541374,0.7509633850160662,-0.10790929668179648
51.0,50.0,True,0.33077214790016424,0.1552764357273138,0.6263912047187464,0.2822737905913852,-0.8281728740077059
51.0,51.0,True,0.49257468617976796,0.217248209550765,0.8896392011818418,-0.08378860812098587,4.492999232623422
51.0,52.0,True,0.3906375158100092,0.13761467134278202,0.6761945943862357,-0.3328495475722118,0.8087719140948366
51.0,53.0,True,0.4641017977762671,0.2327671745002361,1.0279648733614588,0.6503385698603461,3.514584332964583
51.0,54.0,True,0.3804220283264359,0.198549021202457,0.7047526928320342,-0.2718308558286583,1.1505051789779528
51.0,55.0,True,0.4456328112894688,0.2065812212142652,0.8762323703786058,0.778304582789581,2.9501411429830164
51.0,56.0,True,0.49745024074342203,0.14951655363910618,0.8207783923851169,0.31142256250972344,3.5952484580864996
51.0,57.0,True,0.512217814626003,0.1317471860046164,0.7790483569247351,-0.4020392153125649,4.799340921259281
51.0,58.0,True,0.39267706949155085,0.16869106575449444,0.794594066530817,0.32102570045780576,0.6845924417366126
51.0,59.0,True,0.25396269611879396,0.13044989018305264,0.5580170778182437,0.3294398499267177,-3.834481803131348
51.0,60.0,True,0.33173788664400544,0.19881895173837874,0.7203657009084689,0.33722210104575223,-0.832262527920007
51.0,61.0,True,0.34214559411768347,0.14391211763628228,0.5761455089717611,-0.3278164137627318,-0.2478652129153017
51.0,62.0,True,0.14424291742764847,0.07532122458463465,0.3033918017483137,0.08108438072004807,-7.04757724560016
51.0,63.0,True,0.2546989522029774,0.06913561399922731,0.3735827346403657,-0.10353660282508982,-3.3128864302281036
51.0,64.0,True,0.30699799006647105,0.156489234839557,0.6293186915724714,0.24749887765289977,-1.7633340183579593
51.0,65.0,True,0.39717386090224965,0.208738541305935,0.8444192978127205,0.40544711708812836,0.9927717073419995
51.0,66.0,True,0.3044160655383127,0.144358326749581,0.6118565065469201,0.21233968191377267,-1.7310383623879764
51.0,67.0,True,0.26238194165288325,0.12312974812165449,0.5018726351091771,0.31289388855261074,-2.875656096190709
51.0,68.0,True,0.3060670861567651,0.1342298447268659,0.5541964839266891,-0.28200836256120926,-1.5983760240713167
51.0,69.0,True,0.28048356843932193,0.14812313588793424,0.6846856592665483,1.078153404638107,-2.2215303134750086
51.0,70.0,True,0.26950501251098524,0.1629664186749636,0.5711201716402655,0.23232292778185035,-2.713743614766791
51.0,71.0,True,0.43762876863142486,0.30288877219140625,1.380781318810406,1.2516275214756825,1.9971074063385605
51.0,72.0,True,0.3134539642898534,0.1153051355279784,0.4981248045630703,-0.7016243799062678,-1.569497806211777
51.0,73.0,True,0.42221678506954957,0.1903194278486106,0.7027908002253541,-0.07083596418903308,2.061598907676342
51.0,74.0,True,0.28099887331275314,0.10015989455394228,0.4960552376051795,0.02503215433793738,-2.6353143021578407
51.0,75.0,True,0.48124906171282106,0.2369257578117536,0.9849522299060882,0.2506448175239435,3.539220770179661
51.0,76.0,True,0.4226174527637128,0.1541772550899386,0.7143959616733995,0.0066536264820462165,1.5287306060104864
51.0,77.0,True,0.5163379536879975,0.22385749900165455,1.0362475826790083,0.6338840357188676,4.63075954323933
51.0,78.0,True,0.4675367732940937,0.22258690739835257,0.9061022914706062,0.24026279277891177,2.905013896262811
51.0,79.0,True,0.5243121444788181,0.20606378623515756,1.0612328492488072,-0.17318232297637545,5.360568538810338
51.0,80.0,True,0.6080283764092885,0.17660840104444925,0.9428762572260302,0.19870103774256195,7.825634054181826
51.0,81.0,True,0.4350059657616491,0.15781406927860703,0.806372661630359,0.39986454329743554,2.270794028697966
51.0,82.0,True,0.4832014969572116,0.17217356599963843,0.952263634471588,0.5044750750297237,3.009378937206548
51.0,83.0,True,0.5010008458530827,0.24180299452522386,1.0672313950146055,0.20271100186779498,4.080599075805217
51.0,84.0,True,0.6613715749954511,0.2874124391175631,1.1863596945632444,0.3234991658540447,9.978184011604066
51.0,85.0,True,0.4596149044310366,0.14574499387243137,0.6718986670301329,-0.19551918337110777,2.636105606632227
51.0,86.0,True,0.5745527227872974,0.23288398034077146,0.9677191656794548,-0.043287368297618166,7.0231537875319985
51.0,87.0,True,0.3928238240381352,0.11069175419236504,0.564465148868022,-0.5707449091241952,1.1001762333295715
51.0,88.0,True,0.4285973155376857,0.12569145030647344,0.6626760563833933,-0.0046296950837119676,1.9957734772265185
51.0,89.0,True,0.4268020177434529,0.14409740493605513,0.7017833855936368,-0.36805463057090726,1.8900196700561758
51.0,90.0,True,0.40085127686587085,0.16081722918022387,0.7303249011345196,-0.16610913903610933,0.9302808486657989
51.0,91.0,True,0.43744361302281637,0.20353452400435632,0.9585296321815124,0.9942250316733559,2.209752158742312
51.0,92.0,True,0.3017260082227977,0.11250755202246886,0.4991126688941472,-0.47365798440308005,-2.0387331331815672
51.0,93.0,True,0.4450987008456775,0.22768685840133904,0.9699239529841408,0.837927071335535,2.8593628414265018
51.0,94.0,True,0.32432214633132395,0.17251337205123266,0.6641053986347617,0.28002196598426904,-1.045438399114191
51.0,95.0,True,0.30650570465451116,0.14880776557734654,0.5536216311804656,-0.3461148255401996,-1.702525640711014
51.0,96.0,True,0.41385764126685887,0.14923571433668625,0.6791066678240029,-0.409656713536709,1.47867572360875
51.0,97.0,True,0.3668917280137784,0.1992006652078235,0.779061655483026,0.08340844677279426,-0.5201121619547364
51.0,98.0,True,0.36961705949659523,0.1696995008177302,0.7456197003601148,0.6400976578988449,0.22983265990352733
51.0,99.0,True,0.36896106250313904,0.1928499489507895,0.8476835277193332,0.9110514583071138,0.46598235128599086
51.0,100.0,True,0.1400818198548058,0.07982450876568917,0.309379064976904,0.3444917310305483,-6.960164612206929
52.0,1.0,False,,,,,
52.0,2.0,True,0.19573245621342344,0.1503547998239635,0.4976139774283388,0.6173855761848112,-5.308859651692129
52.0,3.0,True,0.27253568922221205,0.08939350398157528,0.4742839745362773,0.6612525917219295,-2.765128037398199
52.0,4.0,True,0.32877844400904815,0.15796927707901165,0.6589974022138833,0.03037231101872691,-0.9981527499800352
52.0,5.0,True,0.26810900573954083,0.1274624188055799,0.5859731837194248,0.6927383100706246,-2.962231691084227
52.0,6.0,True,0.22987873661916997,0.09328306183267544,0.4476707346740796,0.3541117452191273,-4.072176410581916
52.0,7.0,True,0.30580044905761816,0.18656331036541604,0.6132501356529744,-0.34278438520696586,-1.6096080649197315
52.0,8.0,True,0.4104167258163376,0.19632495068881659,0.7179180206147419,-0.541644023644027,1.9036143574235993
52.0,9.0,True,0.3175995905797659,0.14399212986297913,0.7410737861985304,0.5434861693224307,-1.7967521178101826
52.0,10.0,True,0.3140420916261286,0.16709523116718328,0.5645251572517337,-0.11443176299473824,-1.7617552207259215
52.0,11.0,True,0.24152035466857044,0.10075522640778606,0.4603707152756613,0.09002545491678896,-3.988824506882133
52.0,12.0,True,0.32518261971163714,0.1489643178571942,0.7173952989559599,1.0944825209306612,-0.9145298675669463
52.0,13.0,True,0.2236082155900762,0.14210173562670386,0.5134181313105107,0.3171228577813675,-4.596485304875624
52.0,14.0,True,0.34015930414710366,0.18523265309339493,0.7042091908800913,0.09479389329409457,-0.6048136780403569
52.0,15.0,True,0.36087790518483115,0.1153086233772242,0.5637296224749696,-0.0014700199875862785,0.07296667865156782
52.0,16.0,True,0.5313285143291834,0.26521693675699354,1.1082280352435856,0.6855030873016213,5.542849715977312
52.0,17.0,True,0.3954330208278274,0.08919207851166913,0.6098384304749496,0.4656857742681584,0.9449145638317114
52.0,18.0,True,0.4709648329629742,0.277404127978277,0.9426641441198864,-0.017745738291677506,4.04673980929426
52.0,19.0,True,0.4470913772970129,0.20243825139556682,0.8580472725819718,0.27317927958490484,2.851267608697742
52.0,20.0,True,0.5450732644460867,0.13086646654018816,0.8601003446479476,0.2334097062724051,5.8603059735379475
52.0,21.0,True,0.5734046654019294,0.16770451394212826,0.9363380954907854,0.3977936733458566,6.629842272344715
52.0,22.0,True,0.6292697003273763,0.20452637769186185,1.3292520572443003,0.8971354333707551,7.700491486481508
52.0,23.0,True,0.4666308299702362,0.20881112405901217,0.9779080875907415,0.7403155702426508,3.3421126571098454
52.0,24.0,True,0.6218291133455881,0.14377060821302307,0.9740738703285736,0.4871374667004067,7.963292954008899
52.0,25.0,True,0.5800478779776403,0.21000209138161288,0.9319207645061882,0.11073898464140755,6.858869132444702
52.0,26.0,True,0.4914003921853932,0.26066361508032404,0.962038449979522,0.019436833817255722,4.2075003096232075
52.0,27.0,True,0.44586655456194835,0.1264856565757411,0.6293057569271923,-0.2134913164524492,2.735988269488084
52.0,28.0,True,0.3742119575015435,0.15916783350228478,0.7582637890417896,0.18457208321015864,0.3565966037389945
52.0,29.0,True,0.2998532439578382,0.1634110944115998,0.6983987126251029,0.8814656053572792,-1.9652777864860098
52.0,30.0,True,0.3326810574518258,0.16910191082433615,0.8826904847176456,0.8714821328018809,-1.141845389291873
52.0,31.0,True,0.2973647802714467,0.17298924678058303,0.6486318489559367,0.2270588662084265,-1.7995574675538082
52.0,32.0,True,0.23358523222073052,0.0678954748296812,0.3882532993953144,-0.6421293955289361,-4.091859770484972
52.0,33.0,True,0.29562174646016487,0.11665710612075456,0.5130380943012268,0.13618003483464533,-2.4858028078046557
52.0,34.0,True,0.26428585512648156,0.11273954010417181,0.5018545137717344,-0.11333096079373399,-3.2750321478131466
52.0,35.0,True,0.2891751957116429,0.17676116002778472,0.629222051010063,0.05909592939512349,-2.156050833500621
52.0,36.0,True,0.2892097064780432,0.15707704211853435,0.6075362899034649,-0.14442314546755478,-2.2048996277631865
52.0,37.0,True,0.3452685711766507,0.15628585336790796,0.5784977614099732,-0.5070674238217995,-0.24705320426433386
52.0,38.0,True,0.27134970354843424,0.14951372903083512,0.5892171824058832,0.3658351202411173,-3.155800239919178
52.0,39.0,True,0.3285561269045609,0.10496255046716808,0.5042457391781083,-0.4176909188427695,-1.0000238253751605
52.0,40.0,True,0.28791835179760783,0.11498721185320658,0.4683667040364616,-0.3453162675217147,-2.494081044767518
52.0,41.0,True,0.3808449205240185,0.2045288990606481,0.7813794953690048,0.31918094431866595,0.6397961356013349
52.0,42.0,True,0.5313588262213766,0.29382159799272406,1.0814985458388813,0.0974363370500105,5.345317592035051
52.0,43.0,True,0.5437807575614729,0.33002311804480394,1.498599213363875,1.0698317538652264,5.561738323890456
52.0,44.0,True,0.46130562780564,0.1924914749356297,1.0026261754591796,1.0430376692776042,3.1542724860278835
52.0,45.0,True,0.534557985985393,0.17322022535582027,0.7969632654958523,-0.07761045566470143,5.669689433711029
52.0,46.0,True,0.41693450623791345,0.2490962051252267,0.9802632619057112,0.3804516128326987,1.8091895005468737
52.0,47.0,True,0.4929577229398471,0.1501784838940298,0.8459904242814512,0.8585232332008836,3.5815834314526835
52.0,48.0,True,0.3625340092784674,0.20385812836887143,0.8783717563912437,0.7835488795138755,0.21157398882997866
52.0,49.0,True,0.38821822926529787,0.14045160169614454,0.722590948743385,-0.1640946782715436,0.7380052819901413
52.0,50.0,True,0.5062317731870049,0.16780226902999443,0.8317378238840252,-0.20593610963096512,4.877677342985158
52.0,51.0,True,0.5146334360843382,0.1324674655607195,0.8593691400371665,0.44290896477069097,4.392402788723735
52.0,52.0,True,0.3776817663911122,0.11928470516797415,0.6173759295734145,0.08955956887708993,0.18713708588893138
52.0,53.0,True,0.5132050244462758,0.22705322875339534,1.1294473924197412,0.6757933349286925,4.080019804828362
52.0,54.0,True,0.4292941028308891,0.19031820304180022,0.8956655971560324,0.3714627056013926,1.3831216501704908
52.0,55.0,True,0.5269466591402922,0.1840573533670979,1.0766640148146556,1.385509127936255,5.199499935285311
52.0,56.0,True,0.5350650794996797,0.23163444530401509,0.9600056603549372,-0.39975650598932944,5.681739552822247
52.0,57.0,True,0.4751405965830425,0.16676273682886883,0.8318397004630852,0.09921762159374707,3.4302966625610516
52.0,58.0,True,0.4454137892456333,0.22245864734663076,0.903887719018604,0.48397021127950685,2.1979165046619693
52.0,59.0,True,0.33578200122026164,0.14250019307131365,0.6036099782916959,0.15293482694752028,-1.2403847757914894
52.0,60.0,True,0.3858999282937754,0.15295421116853553,0.7634820995375332,0.962658815455815,0.8287453363940143
52.0,61.0,True,0.35512529056202935,0.182778082480575,0.6834448253113582,-0.1713773660351191,-0.6077906595397962
52.0,62.0,True,0.24825032124485225,0.1298746360464609,0.5277695244286249,0.28200385933078886,-3.831577132780223
52.0,63.0,True,0.3720248574528125,0.20983527376121822,0.8766736581146183,0.7848183443229474,0.33492041414801815
52.0,64.0,True,0.2953125924359985,0.13449452669855216,0.5395866007711628,0.07078098990799131,-1.9758149492587855
52.0,65.0,True,0.32460457230884254,0.21795468004873825,0.7803668946154951,0.5777338103694569,-1.0298034466697217
52.0,66.0,True,0.305551197321611,0.09929840661838535,0.581538506692219,0.631186478583766,-2.1965481484847156
52.0,67.0,True,0.2894072654822337,0.13258307960071355,0.6450898642008986,0.6926969149988608,-2.1541576262821844
52.0,68.0,True,0.2212151483439245,0.09327940414368571,0.3635583297074312,-0.4570275004964574,-4.313306030365053
52.0,69.0,True,0.2969106360784343,0.19380415310967633,0.6680793760768168,0.3037976177760284,-1.897237018037225
52.0,70.0,True,0.36855473158910157,0.1379068204662833,0.6469970346026269,0.4263079373170865,0.08274043575555169
52.0,71.0,True,0.27654927644628263,0.0980723638839503,0.493433127675705,-0.08127829112139341,-2.7427636220807567
52.0,72.0,True,0.2871922417882001,0.1282480284481989,0.5303516230370339,0.3550470970899731,-2.6643280831653966
52.0,73.0,True,0.4085854871719712,0.16810294579127305,0.7872742173717383,0.8042935648668333,1.4802310429461092
52.0,74.0,True,0.29144195345542884,0.08524823027005139,0.4351590800416444,-0.7628403057299129,-2.0875352856568665
52.0,75.0,True,0.4299695377851387,0.18427433210531952,0.7733620065577858,0.13831703748167928,1.45174392684343
52.0,76.0,True,0.40996978952617225,0.20152198048891876,0.8806078861584967,0.5280650578150391,1.656164472579889
52.0,77.0,True,0.465066619116414,0.10991793852331666,0.6133168893216399,-0.4748526351516905,3.0966942332371525
52.0,78.0,True,0.497301458916689,0.24363841673355519,1.2909377051449984,1.6091270441013672,3.936219574790406
52.0,79.0,True,0.6686198008636437,0.19329396915388614,0.9469883808650396,-0.15734417702560405,9.467765105200803
52.0,80.0,True,0.47410575023586055,0.15033685950189937,0.7745850639810106,-0.1697567347264078,3.034699146559783
52.0,81.0,True,0.5684501299396084,0.16027813488113243,1.070192812958511,0.9898139611140812,6.093729195365221
52.0,82.0,True,0.5746451876720399,0.21142420793511993,0.9425051408747728,0.1346897404839162,6.996228626798356
52.0,83.0,True,0.4641636282727683,0.18708852291992445,0.9970285302182575,0.6027500114393608,3.2167591045484176
52.0,84.0,True,0.6448525175245556,0.2095957304419916,1.1059363751192612,-0.02206585530543463,9.36926597195338
52.0,85.0,True,0.5975724636476573,0.17345118515707486,0.9335149679919488,-0.28123350502009775,7.269136147030283
52.0,86.0,True,0.5926976186096513,0.2518874292329573,1.0937133409356246,0.198944791196681,8.027141100779824
52.0,87.0,True,0.5835520991303834,0.1714206081352632,0.9680111152021432,0.30956479731118763,7.033606697143997
52.0,88.0,True,0.42495544867653945,0.1462643976526431,0.6603020460523547,-0.38650443576499155,1.747766907581056
52.0,89.0,True,0.4351391189119653,0.20831915750269933,1.0434609673571629,1.6426570871640014,1.8906559015271016
52.0,90.0,True,0.3986151239901751,0.16323030414289444,0.6936676909334385,0.037870063567930046,1.1294498279519654
52.0,91.0,True,0.459908605909876,0.17362896986768753,0.8684289912839036,0.40861812209485426,3.1294405458292758
52.0,92.0,True,0.344925964105536,0.14221559007945056,0.6893035295445135,0.47737382717356935,-0.457693632452549
52.0,93.0,True,0.36719041955511617,0.2064428755984615,0.912646420512719,1.3106959101044608,0.19232368366152464
52.0,94.0,True,0.45615900863303,0.15716004324056554,0.7445363422083876,-0.0981067481268468,2.7343618960414235
52.0,95.0,True,0.49787378045571307,0.210542020130973,0.8514663018755841,-0.05988884730894376,4.642512866015978
52.0,96.0,True,0.4664151410761064,0.13796326775243872,0.7414760112020918,-0.011825582702524463,3.2266423037819183
52.0,97.0,True,0.4560467453238625,0.1646153510530977,0.7215737700899377,-0.05994453718929224,3.062864526097278
52.0,98.0,True,0.3593305878431566,0.13291331048869662,0.6105527039025903,-0.079345936409364,0.22773948787572906
52.0,99.0,True,0.3930871138222169,0.18579397388938304,0.7303058539459729,0.21633318874961072,1.4088829504414915
52.0,100.0,True,0.13229711071993547,0.11947801677717497,0.4006995927123924,0.8893899095749557,-7.636489757717235
53.0,1.0,False,,,,,
53.0,2.0,True,0.1408650495964592,0.09141778773243257,0.3618664321976427,0.427810832042344,-7.104040620125916
53.0,3.0,True,0.32720711628227456,0.14689458625500595,0.7382191576845493,0.21180508268138568,-1.4031283394429577
53.0,4.0,True,0.3015600391496045,0.161907635924814,0.5498071186435,-0.2773898069244596,-1.7512172471002536
53.0,5.0,True,0.28566760734138846,0.14158751475481457,0.839359053176594,1.9627856142459246,-2.8838627758585025
53.0,6.0,True,0.26715547762084524,0.13111223938030417,0.5393123576143847,0.6327530419749572,-3.025128396781891
53.0,7.0,True,0.31011158873274686,0.17596771422942017,0.599686465121706,-0.19417581416864135,-1.2194940214645786
53.0,8.0,True,0.28293455240200077,0.09494676433056207,0.5908797318175085,0.8065830364772933,-2.6795853223351807
53.0,9.0,True,0.5095994690753752,0.21329771824988983,0.8521633296870642,0.07536334388296553,4.925873111861436
53.0,10.0,True,0.31525084166341694,0.11733623685883163,0.5165894474873606,-0.11783567312238048,-1.5479304465179107
53.0,11.0,True,0.3167002799386103,0.12564127614481546,0.5314958720987403,-0.2890186195753851,-1.1683952008984793
53.0,12.0,True,0.30940588518996437,0.1380931095767068,0.6122519040532685,0.066048110948406,-1.7851687105716594
53.0,13.0,True,0.34188417997690096,0.13131487905623,0.51583836186279,-0.9679824310391971,-1.0041105488331699
53.0,14.0,True,0.29150935212907286,0.12760699620021831,0.5331643183346959,-0.09907853074356529,-2.45685604366298
53.0,15.0,True,0.3677258193732069,0.23768621301495435,0.8631753472658001,0.5458703347569959,-0.776472652407844
53.0,16.0,True,0.35973811159736396,0.1415276579835371,0.6686072040880368,0.5528506984735461,-0.13912741502371545
53.0,17.0,True,0.4392228445745136,0.15263487650676136,0.6879532150896199,-0.5260310781864771,2.714378674205568
53.0,18.0,True,0.5602463231801578,0.15954168499766394,0.8942599983494918,-0.9208582295703794,6.714900360076532
53.0,19.0,True,0.6313689058982942,0.19537906603337651,1.0108057126299494,0.02332888708746133,8.716119234248561
53.0,20.0,True,0.5073042712465272,0.2509465006558891,1.150843317751608,1.0299983025818684,5.225739121013183
53.0,21.0,True,0.5646343881931805,0.1581598000777188,0.8631478971720822,0.17194208378322667,6.036472764487362
53.0,22.0,True,0.5815295433927236,0.1263402175019371,0.8427831371771447,0.04641723124816342,6.7279425355467435
53.0,23.0,True,0.4552153722230637,0.1585837643050316,0.8607242668605183,-0.1582107218946618,2.889846870284525
53.0,24.0,True,0.4863833449010664,0.16168588878992954,0.7621598447391186,-0.35170848430192525,3.637419045461619
53.0,25.0,True,0.48537096505057714,0.08702706905736332,0.6522044269453559,0.05256821679873781,3.6317220723243864
53.0,26.0,True,0.5226083690094624,0.19638349574067335,0.8227832282510967,-0.22934661616774688,5.526233706462511
53.0,27.0,True,0.30143236027432,0.16080445204061578,0.6058267341970192,0.06154951257762672,-2.0307714195876296
53.0,28.0,True,0.4262098816097802,0.18830420705677392,0.9831064362139004,0.3284291795954872,1.7802610063144102
53.0,29.0,True,0.24473521898097333,0.16117046888814765,0.6149327140866439,0.6619268814366075,-3.9923665856445867
53.0,30.0,True,0.3749035604581838,0.14259128196985038,0.648297374940633,-0.11538148821514826,0.36319173795967974
53.0,31.0,True,0.4197616856991091,0.13630920395525017,0.6547629609152202,-0.0853809850956496,1.7758515298222504
53.0,32.0,True,0.42301401167318753,0.18981507158866065,0.8124821583956057,0.27918709721768226,1.686086396804866
53.0,33.0,True,0.35702121335134374,0.18611400974704953,0.7859978441442977,0.4742844670513411,0.23089994694262092
53.0,34.0,True,0.2999508282961319,0.13757144784794967,0.5846345691044698,0.34662227212887825,-1.9488387781775192
53.0,35.0,True,0.3251392277214767,0.16223093726757096,0.5918027042448577,0.10126943712340354,-1.0539978120301103
53.0,36.0,True,0.3342766076042112,0.19094651038427657,0.7670844062993026,0.17494090637866655,-0.5797696015236291
53.0,37.0,True,0.3133942268224823,0.13529555709349642,0.6329293543255488,0.2033524873552536,-1.3634453522723338
53.0,38.0,True,0.23975262746407097,0.1633373867445302,0.5919926540171752,0.46597597077006286,-4.037595317610287
53.0,39.0,True,0.4095299705248665,0.19003400636242773,0.8728509455781729,0.9279778870699578,1.7337170080899507
53.0,40.0,True,0.3695253782312885,0.21417987459261534,0.7269702946851597,-0.013094913298292874,0.5169681543789333
53.0,41.0,True,0.4292406780530168,0.17010232997835725,0.6837749012218332,-0.3073476299847489,1.9059037877941214
53.0,42.0,True,0.5393125281127285,0.15924709957571045,0.8721730428394995,0.19123006734180745,5.707920354659003
53.0,43.0,True,0.42011395057241535,0.20303239421763514,0.9144122867694424,0.21773331348674876,1.685672996197689
53.0,44.0,True,0.46682285292162023,0.15621568801068111,0.8348538475231614,-0.08793495542960342,2.9919104031037866
53.0,45.0,True,0.584150250271849,0.235408869916438,0.9916069365478328,-0.1928161671309649,6.980825036405852
53.0,46.0,True,0.5139029796675019,0.22303869242679514,0.9080249269552436,-0.30913858227869806,4.6934989067779975
53.0,47.0,True,0.533298509563269,0.1636447591595396,0.8349511215357345,-0.3088019829047853,5.8473937587455245
53.0,48.0,True,0.4783179166709205,0.19659960606119975,0.9283935805695428,0.21309374535910267,3.2344875040760153
53.0,49.0,True,0.4155825844659704,0.18189582098182805,0.7171238160621604,-0.24131518901379856,2.008001651750141
53.0,50.0,True,0.4221054261628393,0.179348851624351,0.7584358530163334,0.17367892816404706,1.2768486934551544
53.0,51.0,True,0.47437658132645977,0.20617705668398636,0.9760361429454464,0.7756160152425977,3.500262898153119
53.0,52.0,True,0.43383384681542914,0.17472787710815896,0.9240489231300548,0.6663455808558689,1.727352283168365
53.0,53.0,True,0.5188948085340167,0.1824892511695567,0.8912404972186426,0.29565229072167987,5.221882875269523
53.0,54.0,True,0.6197346821377391,0.1853307635626811,1.018825110054861,0.1404420473731796,8.515980901657505
53.0,55.0,True,0.5194321892737168,0.19697379156240338,0.9148067106176028,-0.29115745539433574,4.776361757929721
53.0,56.0,True,0.4114258043362259,0.13924695236886186,0.698420976968305,0.2292998323541997,1.5854274164010769
53.0,57.0,True,0.5475061741730854,0.20403354758317227,1.0609811481229043,0.44147011751396065,6.058217674669863
53.0,58.0,True,0.3585836531947602,0.15407113160611527,0.7054329011424895,0.3992926494524919,-0.195682027300688
53.0,59.0,True,0.40592988058709595,0.11948781182676921,0.6624054826573613,0.7959803541651226,1.4264358216148534
53.0,60.0,True,0.36261654482326333,0.13916014585514377,0.5994120482010036,-0.3210153602912295,0.19309432796571918
53.0,61.0,True,0.3087345583427699,0.11245961006817362,0.5518868163345341,0.16608914455963786,-1.8689631899004344
53.0,62.0,True,0.44644539249358434,0.21581135978274332,0.7862010998210248,0.21699308726590294,2.3971214313169993
53.0,63.0,True,0.42614649158571843,0.18200565811549463,0.7830520458655272,0.36910278564522436,1.9032638576866
53.0,64.0,True,0.2793842477623516,0.17086084428132606,0.6589251901119028,0.35791058850964885,-2.9946082391640547
53.0,65.0,True,0.28434368317506936,0.14973522462165836,0.5590852865058386,0.01907576130021132,-2.2012252983941982
53.0,66.0,True,0.3991402778930872,0.23893270588930537,0.9523465194947396,0.30875837032149916,1.801521215589949
53.0,67.0,True,0.3482724106449237,0.20865061452042508,0.8702950643817859,0.9747368401844375,-0.7401274276876191
53.0,68.0,True,0.20964004453485235,0.11146839734402852,0.4998990728078859,1.0869660611673932,-5.037562314336345
53.0,69.0,True,0.33244336275372266,0.16217314829296056,0.6411571452630015,0.22592385803862952,-0.990446912924656
53.0,70.0,True,0.3035473073271988,0.2305142434994696,0.7982462838149651,0.6978537617233329,-1.4158012858457707
53.0,71.0,True,0.3175825867326138,0.1051080740238714,0.4582638039973385,-0.7531367883847375,-1.3814663214557599
53.0,72.0,True,0.3988185988880262,0.15493190179803634,0.8386275215412362,1.3638566429066328,0.9635808193439834
53.0,73.0,True,0.2920610480237536,0.11021929187101638,0.6488757960193026,0.6584103602324024,-2.6864880662372563
53.0,74.0,True,0.4351838091455055,0.16404993873372006,0.8140287121028819,0.4793071118349312,2.2352021663009713
53.0,75.0,True,0.41751185107558353,0.14314870245503047,0.6791884533774456,-0.5459107422273975,1.503144720180884
53.0,76.0,True,0.48251651962169406,0.17538757399486316,1.250041737241502,2.3458983596901355,3.284861724144642
53.0,77.0,True,0.5560577198386506,0.14976909061266755,0.8465894797119932,0.13263781056433557,5.785101216495516
53.0,78.0,True,0.49830375573749147,0.2611254240984776,1.142680871325287,1.0145066032414327,4.009569620004203
53.0,79.0,True,0.4675343536293294,0.15471185566798779,0.7982989901694099,0.1563734774108819,3.4366470719178324
53.0,80.0,True,0.4399375745725173,0.1644965961842096,1.023533797464793,0.9381633195892538,2.3908450804011268
53.0,81.0,True,0.5127823270444842,0.20384304282706467,0.9449932937075944,0.15084628510273318,5.127935355722381
53.0,82.0,True,0.5885265116636784,0.17425104191135188,0.9178011844501928,-0.3522937063738876,7.294187574670247
53.0,83.0,True,0.6146599085295708,0.1605201535882862,0.8908670833184552,-0.28087513617116366,7.680262469367528
53.0,84.0,True,0.4248432227642163,0.14556528057285398,0.7211687287263536,0.1605829720776178,2.0234366932590566
53.0,85.0,True,0.6521375788404391,0.2845653627776424,1.2337687566549465,0.523299268687571,9.199856696081765
53.0,86.0,True,0.4559879157309242,0.18402412100519627,0.9820919533186996,0.4188525495491949,2.1589461044029172
53.0,87.0,True,0.34478946066229543,0.15086069111093062,0.679904284142344,0.41873758861587423,-0.4093864662039167
53.0,88.0,True,0.3991789731165956,0.16740580452547152,0.8074956645241055,0.6681398058638531,1.371559170324072
53.0,89.0,True,0.3945764255185109,0.21488923091677609,0.8828598678381877,0.5431691664591382,0.9275715025889006
53.0,90.0,True,0.3647389671581576,0.22485785556259913,0.9760509902562032,1.3657239324410808,0.48897565449713853
53.0,91.0,True,0.3639601532797308,0.11948276492342715,0.5617070402005984,-0.9746804996706123,0.3278631584778794
53.0,92.0,True,0.4118100363963581,0.2033143771098773,0.7758265581439681,-0.3906450568096192,1.9928887439900582
53.0,93.0,True,0.4277781791780629,0.17847303736272463,0.7721528524481844,-0.674697374454802,2.221357709161551
53.0,94.0,True,0.6029714223491979,0.2697260157354554,1.272587676856831,0.29129032561048507,8.11672318471034
53.0,95.0,True,0.43846097122811184,0.19330580040790465,0.7775368198237177,-0.051089051209552906,2.453510842050603
53.0,96.0,True,0.5497389044837518,0.19379562216992782,0.8730723450789277,-0.10427262995219386,6.002519663492403
53.0,97.0,True,0.3921793865766505,0.22261416131316256,0.8508886470949634,0.02939673189065932,1.4837919657649223
53.0,98.0,True,0.4451711996189357,0.18087542372951612,0.8036349260110761,0.03197081376151205,3.0475465799285395
53.0,99.0,True,0.4218922218502364,0.21151228269969236,0.9275310649392946,0.4206050465845051,1.821357628047189
53.0,100.0,True,0.06575738165133642,0.06783306455786896,0.2098194355445396,0.690827310820868,-9.350444535454718
54.0,1.0,False,,,,,
54.0,2.0,True,0.18197001258321413,0.1461543765691901,0.518340321584348,0.4640694301440255,-5.726338010068122
54.0,3.0,True,0.28519318538245053,0.12473129078074491,0.578848084722622,0.6065831681273312,-2.273404484167161
54.0,4.0,True,0.32084172528116567,0.130407581614086,0.5842210971422579,0.19736906824539452,-1.3553933502575968
54.0,5.0,True,0.3261940600245702,0.12417103843696821,0.5009656127392311,-0.7617727452443193,-0.9313626005568916
54.0,6.0,True,0.22692742273114197,0.11555877956373847,0.4555994534034109,0.1875118273190589,-4.073665002556547
54.0,7.0,True,0.32531567554232543,0.14263691217001467,0.62897865890098,0.10348636797179277,-1.2030031132433958
54.0,8.0,True,0.3463849983457356,0.18130837996672572,0.8641066999503099,1.3674018092713884,-0.6821406508584033
54.0,9.0,True,0.24695591987782364,0.11956181092892548,0.4950107267654218,-0.055274171393436836,-3.842272035233248
54.0,10.0,True,0.3707205920299974,0.13654731574136605,0.5777697636071841,-0.7179398300514261,0.4849805604249122
54.0,11.0,True,0.3049893249028429,0.10720698612257547,0.4806805901118887,-0.14880785196579746,-2.1173075534920693
54.0,12.0,True,0.380378618550504,0.20743263644185425,0.836531565912939,0.2644324786609124,0.8837138823949084
54.0,13.0,True,0.3279178729872687,0.15797026771191752,0.6864348270258466,0.7087738886848234,-1.051086122275928
54.0,14.0,True,0.3093059354255056,0.16138044685492398,0.7410691505756725,1.1504440526239663,-1.5332328119311533
54.0,15.0,True,0.4354412014509991,0.2130386104336538,0.9448542926125444,0.7734573072292136,2.0878761698519144
54.0,16.0,True,0.32415253645107106,0.11497586528235564,0.557016592176853,0.07943734696278579,-1.1970547534256717
54.0,17.0,True,0.33288746815610126,0.09692837116782331,0.574745210766458,0.9869377938987637,-0.9381839958726683
54.0,18.0,True,0.5391265363372921,0.22833193028021065,0.9944430920838292,0.4823585742081795,5.6132074301276536
54.0,19.0,True,0.39388111614556304,0.14621540799800126,0.6787265667933261,0.24338447926553242,0.9283885788730277
54.0,20.0,True,0.5332086958636622,0.134973279532917,0.7424029964364935,-0.3787190257480566,5.243786578207983
54.0,21.0,True,0.5177765639519487,0.22869921264269794,1.1106804941193944,1.0766491758195584,5.145050219587592
54.0,22.0,True,0.5710553455062742,0.19976799572332374,0.9463247522650636,-0.03912131616003809,7.281444762609906
54.0,23.0,True,0.5571173992919399,0.18620401569231199,0.9590688483985962,0.3716038423744199,6.000284544065445
54.0,24.0,True,0.5515187763451704,0.16193413885111865,0.8449210612124717,-0.29868746673430446,6.019153663611096
54.0,25.0,True,0.4559513346883625,0.11634163138144696,0.6357755154502156,-0.5960666878792882,3.1485321879923474
54.0,26.0,True,0.5481405414677917,0.19998373639936992,0.9130427296109098,-0.19783715358231677,6.33958527230426
54.0,27.0,True,0.38551972601167234,0.1414497183662533,0.6725008794604415,-0.06931870579817147,0.5652181864248966
54.0,28.0,True,0.3926451007440977,0.14807483995116225,0.7067799846444286,0.20052041537314005,1.0399082812398464
54.0,29.0,True,0.3695344425344597,0.14461832259007126,0.7233280529896329,-0.026642623089693538,0.08841407269263063
54.0,30.0,True,0.3670389493135369,0.2042627928745296,0.7584683711274991,0.2266789727807713,0.30531833983696544
54.0,31.0,True,0.2735640034117267,0.09789534379034012,0.4793684489286919,0.12768961318739708,-2.9377333271813253
54.0,32.0,True,0.4160963179562188,0.1627784118764269,0.8438149014460706,-0.02483587317322609,1.8256324023621593
54.0,33.0,True,0.4625569362560086,0.24549683752771495,0.9289488717069054,0.5140121667813761,3.832102685926349
54.0,34.0,True,0.5048654972386936,0.1661155544117355,0.7970315499149784,-0.13813877361748272,4.697796775718866
54.0,35.0,True,0.4816829751323642,0.1949879433638977,0.99523895011875,1.0240638254478611,3.6949086828077338
54.0,36.0,True,0.3285159658063302,0.14084611766658012,0.5496825609436765,-0.5021011906009869,-1.3012247213783958
54.0,37.0,True,0.3896458656264339,0.1483187809020743,0.8866795328181898,0.5881934652830276,0.4984678256694193
54.0,38.0,True,0.29069828061609043,0.1217229014197414,0.5424178307212852,0.2766789809266308,-2.3813060586344723
54.0,39.0,True,0.382638198972466,0.11386689945650899,0.6145387224626819,0.4090679820563562,0.5594365965183814
54.0,40.0,True,0.4176032529012785,0.11444426460950945,0.6336757959887338,0.16596848563206598,1.7632261505764817
54.0,41.0,True,0.31692802629563493,0.17440210625359975,0.6576012981916343,0.32735041283674277,-1.144709959861883
54.0,42.0,True,0.3884945692263112,0.17124671967706231,0.693885924141152,-0.1983756218130143,0.7639393675809913
54.0,43.0,True,0.35959865099297134,0.13756894206221817,0.5765335744075409,0.06699408340583263,-0.12268765176472692
54.0,44.0,True,0.5877955502088775,0.23624857795611046,1.0249071748299114,-0.0633079769628066,7.605164464402908
54.0,45.0,True,0.6264325892721523,0.2106501148374366,1.035608006635758,-0.08600085890596998,8.628746286165812
54.0,46.0,True,0.5739137454945896,0.3049416752189937,1.1517222694576386,-0.031303725231735816,7.778783892952187
54.0,47.0,True,0.5528285822700072,0.16154979347490545,0.8077325479425523,-0.8149967171780542,5.882139087385416
54.0,48.0,True,0.4784456781763361,0.1619781712503465,0.7651114628750338,-0.19121993314092847,3.817365600866034
54.0,49.0,True,0.4352923054535365,0.1767814671861273,0.9190755697035292,0.9939391048338427,2.3199483209494867
54.0,50.0,True,0.540242741536175,0.1990802646240214,0.9414201455751836,-0.3295042889292382,5.304012412204065
54.0,51.0,True,0.628055970985318,0.22076527234934196,1.1096982909901123,-0.006557728878400712,7.929504584139019
54.0,52.0,True,0.5937013474539425,0.09365986327135468,0.8108754077649064,0.07522232768021213,7.174889845655949
54.0,53.0,True,0.6010033946510481,0.17312485241153164,0.7921557291263491,-1.2208318353239085,7.984476903487535
54.0,54.0,True,0.45515235723227515,0.1941707196733554,0.911963956855366,0.3625536592835503,2.493339514047549
54.0,55.0,True,0.4460427857033032,0.20936242185016607,1.1547485097177477,0.7755417587664056,1.9037200942664214
54.0,56.0,True,0.44531850482954227,0.1348893504029837,0.6852009600639221,0.02685173718316553,2.1889293488523363
54.0,57.0,True,0.4026537604806264,0.2227950200416783,0.9147416862636376,0.734207011345079,1.5546064428542963
54.0,58.0,True,0.3524622999298344,0.17213149902972766,0.7024064315683614,0.3967143377156869,-0.14263177152534517
54.0,59.0,True,0.39673451219804245,0.22787767419763835,0.8282546212216643,0.20559372707600498,1.4149200040016665
54.0,60.0,True,0.4098231039834184,0.1525228055269037,0.7743185355263303,0.43949403001479953,1.3854359094644686
54.0,61.0,True,0.29106416235279103,0.12278535939225042,0.5459644987501342,-0.050440440624161476,-2.5269397262418094
54.0,62.0,True,0.2908398359538559,0.16074737726632415,0.6393393226979128,0.5824466517841684,-1.9027890471813227
54.0,63.0,True,0.44669586597325645,0.13447941209275205,0.6662624997874724,-0.6782902394841384,3.0236841101749015
54.0,64.0,True,0.360535094761707,0.1669080159002361,0.6819429854097684,-0.059306769108067786,0.25337631018296813
54.0,65.0,True,0.4038650267669754,0.16446741459551303,0.7941085484004724,0.5295124378332585,1.4116156203631425
54.0,66.0,True,0.4313461983129794,0.16088314516224625,0.6986630928161647,-0.47978804533175073,2.1126991356181675
54.0,67.0,True,0.2983513417645379,0.16636989192945167,0.9370215519818968,1.281513574036551,-2.181708421123864
54.0,68.0,True,0.3472138652076854,0.15375112083248757,0.6630526126022301,0.136491562121365,-0.6889578611647389
54.0,69.0,True,0.27630582996009223,0.0911321470411277,0.455727794768451,-0.13614890662491216,-2.9854316128287124
54.0,70.0,True,0.3324235722908498,0.21671788352358126,0.763186857321978,0.542279209504362,-0.9139235737923459
54.0,71.0,True,0.30895045380225716,0.18271754946056668,0.8956642203517754,1.1390407974177557,-1.8738646788761737
54.0,72.0,True,0.3330311731192523,0.16115122454014266,0.6332181706797293,0.3631690913623916,-0.793361262897615
54.0,73.0,True,0.25631298431999633,0.13183924277405107,0.5362992250829105,0.4582672905328561,-3.449858895974243
54.0,74.0,True,0.39457709831496246,0.12690605269962468,0.6433139564454876,-0.35752751317302894,1.034580639081633
54.0,75.0,True,0.38956873604488024,0.11101624607055514,0.6421015743997931,-0.13079732829338184,0.7889724775194893
54.0,76.0,True,0.4317955202569178,0.1822779723535591,0.9065556285320706,0.6994299496613198,2.575747377392881
54.0,77.0,True,0.41460518473643404,0.16296231660543636,0.7574134572610102,-0.1832290189942274,2.1862360138693564
54.0,78.0,True,0.43196248215814825,0.17499190676776402,0.6959937273622354,-0.22996010615956497,2.3473002823667297
54.0,79.0,True,0.46760867028903386,0.19647433211854168,0.8219891281964776,0.026316308480394564,3.5165328003828615
54.0,80.0,True,0.5797794394289606,0.18560061751671034,0.9418081645401204,-0.03093348135506303,6.987649812632566
54.0,81.0,True,0.5872900907370702,0.17260022068583075,0.9117081164027734,0.2776718092702802,7.143285716232113
54.0,82.0,True,0.5450130257460376,0.17923782253875484,0.8530638750667714,-0.14691153326547826,5.662402313467204
54.0,83.0,True,0.5211706493784561,0.22374465737483798,1.0716577776210934,0.7354169955002283,5.484351577265357
54.0,84.0,True,0.5404421312913232,0.22520625113284085,1.3325492882259256,1.2232601233142888,4.8604598852331575
54.0,85.0,True,0.42184531961477373,0.20622758457340054,1.00098322902262,1.0145065669082234,1.9949412011069292
54.0,86.0,True,0.40352642551012385,0.17265963976349585,0.8124785664555637,0.3709600167600455,1.362543498225507
54.0,87.0,True,0.42536007982124663,0.21589751433106866,0.8615889609403414,-0.07589930515681237,2.1379455767627586
54.0,88.0,True,0.3065110670831953,0.18441541586074925,0.7509751368134889,0.7334851909620266,-1.6421231728387853
54.0,89.0,True,0.256113612144761,0.17216356034933314,0.617096455782775,0.5460725126434255,-3.4464626968432923
54.0,90.0,True,0.316289507073388,0.1682038857619326,0.7718764486996813,0.1814347232567952,-2.1291642175398384
54.0,91.0,True,0.39216907839613974,0.1551549497948736,0.7430002230531854,-0.32018297883543,0.9261824226960689
54.0,92.0,True,0.2989978201102354,0.155298150587846,0.6309478739088381,0.16069188681168378,-2.0736505324159573
54.0,93.0,True,0.4591733866614765,0.174884072137019,0.7576282211852309,0.009462540574469033,3.6058820449991176
54.0,94.0,True,0.5673458561316678,0.20083098854868242,0.8858123859020496,-0.16970526005887643,7.1462698728910645
54.0,95.0,True,0.5511574874635793,0.21751629445600287,0.9810558096523762,0.08976068618941825,6.489724983971898
54.0,96.0,True,0.5246712242680391,0.13232194821695228,0.7611422969896436,-0.28625869243613583,5.128130160348264
54.0,97.0,True,0.5768608302477413,0.2051330166082822,1.0014589163182566,0.04140784994565902,7.288275476512272
54.0,98.0,True,0.49537546331277116,0.22599211406534367,0.9289449164534588,0.3426005479653906,3.8554958647021653
54.0,99.0,True,0.41098879410118644,0.10342356848243978,0.7100882193575881,0.9065193753529723,1.4875032955883565
54.0,100.0,True,0.10318282833022875,0.07856994381223176,0.241161502189246,0.22122597952348805,-8.387443992983997
55.0,1.0,False,,,,,
55.0,2.0,True,0.1709753619434734,0.11524788084716493,0.496275613179098,1.4113004232008761,-6.086793445530664
55.0,3.0,True,0.3289073529177712,0.14139721773888314,0.7209690467467816,0.7549994376699392,-0.7771019026754538
55.0,4.0,True,0.3527651004783911,0.23283587963021152,0.8128053044453096,0.6127391019097087,-0.1688760327792549
55.0,5.0,True,0.15760726061649447,0.12996602267675528,0.4400064205917879,0.6862976242613094,-6.409750588721983
55.0,6.0,True,0.3297269161677522,0.14621088787142061,0.6512781154515122,0.43511032733250476,-1.1107642658612056
55.0,7.0,True,0.2612652402246718,0.14374319233277288,0.5531731331165817,0.33311639012996297,-3.0360766934005214
55.0,8.0,True,0.35899468463761536,0.16648032358460244,0.7117230773657605,0.1348469051377835,-0.059537514264087606
55.0,9.0,True,0.31093007431750247,0.13886861054240046,0.5023299538530452,-0.6596227432719411,-1.4929682143683518
55.0,10.0,True,0.3002652478888109,0.1088214195018096,0.5502874282461757,0.4257630410639951,-1.9326197870448758
55.0,11.0,True,0.38037760807841753,0.18623319827139032,0.6945940468788651,0.028237274900490116,0.30286457935677513
55.0,12.0,True,0.2823538974122747,0.12949843096289693,0.5056307934499749,4.6357115395216125e-05,-2.6415660187586747
55.0,13.0,True,0.31287057147867864,0.154927312509912,0.8439066568091005,1.0308146486008953,-2.130408300955957
55.0,14.0,True,0.28865359296501775,0.12092651692216562,0.5090869754358052,0.23229981752974846,-2.472473383660346
55.0,15.0,True,0.3216848586416907,0.10862177773283077,0.5317090337125331,0.142926302569577,-1.598562735780213
55.0,16.0,True,0.31810324855494226,0.1492654513804759,0.6004127141938805,0.3979906475181179,-1.374591777511149
55.0,17.0,True,0.36047924243210405,0.1331180463506202,0.5729188621607564,0.039824437555877466,0.10788271624588712
55.0,18.0,True,0.5035344205292421,0.2588649177491121,0.950520065675424,0.24744202893301806,3.8968883657887368
55.0,19.0,True,0.5338453006201033,0.11424790740401003,0.7254891539298813,-0.7086293926809897,5.203707258643039
55.0,20.0,True,0.46992915389185214,0.19230939486549645,0.8420928948904315,-0.23101721575213674,3.721477214946257
55.0,21.0,True,0.4737181543418661,0.1534866651525083,0.8643332190045301,0.8497015873850906,3.8043740796408687
55.0,22.0,True,0.6344018164547318,0.2746588388811931,1.2745966819584371,0.2070370049049638,8.83592873163227
55.0,23.0,True,0.6252917680723451,0.1998792803935398,1.4370689060125454,1.9401731443496175,7.55579685864607
55.0,24.0,True,0.4770414734054336,0.13457981886921344,0.8434493204752224,1.0381417285972991,3.434006257507204
55.0,25.0,True,0.6021840060825642,0.30381704653279834,1.3145173864545532,0.6238707497292941,7.767683176704994
55.0,26.0,True,0.3995789073991304,0.16397557687025188,0.7615478049980265,0.5961608773783893,0.5746568149767521
55.0,27.0,True,0.44203642466510534,0.2147145411912547,0.7826640680103072,-0.5222691597969696,2.445778693505053
55.0,28.0,True,0.5336143563671921,0.23701638668288663,1.0605416259855838,0.03648692163668864,5.234943102592228
55.0,29.0,True,0.41458887853086257,0.18903138060648525,0.791021455204861,0.19920731249344434,1.5006835914679362
55.0,30.0,True,0.3098918117628217,0.08957134146917627,0.5406198278006376,0.4843776182743882,-1.696875127552171
55.0,31.0,True,0.3877954078764128,0.2545415792133173,0.9481060867202102,0.59482881433543,1.122893404408245
55.0,32.0,True,0.47112349961937483,0.12088700578813114,0.7059898041951025,-0.08575504696925966,3.536501385782479
55.0,33.0,True,0.35798240822367616,0.1507239867165415,0.772487238156516,0.6656960966523511,-0.1403412361542462
55.0,34.0,True,0.49645547218341707,0.17581497593278483,0.8177964070999741,0.07087669707413417,4.305649079081516
55.0,35.0,True,0.418426944381618,0.22005552904953696,0.9119706970769358,0.038161968468495865,2.0569634840463995
55.0,36.0,True,0.5177254840053954,0.17717966809774618,0.8790515742939043,-0.07176588096297246,5.0648631846348255
55.0,37.0,True,0.2981254204819467,0.1416652532085967,0.5524430231442192,0.5338626595789829,-1.9995773114327586
55.0,38.0,True,0.355827570944048,0.14172676124698377,0.6798976788241403,0.4219586581809884,-0.4819131530501265
55.0,39.0,True,0.2981385453570518,0.13406230280254658,0.587107849716772,0.05679500137975781,-1.8636582178927736
55.0,40.0,True,0.42740212385054815,0.15106260151058373,0.6836997138031538,0.07650015761120378,1.9591983402094906
55.0,41.0,True,0.4661494135453901,0.18697945938730315,0.914241084988718,-0.26361643993676565,3.6301631224155004
55.0,42.0,True,0.5065674478238987,0.220376826568291,0.9075021564167944,-0.14747895307640255,5.261609611272754
55.0,43.0,True,0.47820057505933067,0.2438033098544168,0.9255707990197396,0.08971948945000771,3.577242455023482
55.0,44.0,True,0.5330233382316358,0.16979986530704444,0.9022513907317892,0.03457665120302463,5.773825324549857
55.0,45.0,True,0.5549499609793004,0.16572089224480394,0.8229457031562488,0.1368607399948377,6.3526402275129135
55.0,46.0,True,0.5494994681384525,0.1809391929925038,0.8438442052616074,-0.40105809799644887,5.960421002439592
55.0,47.0,True,0.492550193611076,0.2078141852057805,1.224799981982724,0.8064532055488514,3.520349288572557
55.0,48.0,True,0.7275269627168823,0.2241465814334482,1.1286841633182398,-0.12735630717020155,11.953917951652548
55.0,49.0,True,0.4756533101291095,0.18144025763967378,0.8667393821199925,0.6842138717639694,3.857243732535833
55.0,50.0,True,0.5649921963777429,0.24461038443716066,0.991482759963072,0.1394018982632176,6.973807460716645
55.0,51.0,True,0.4763226017789897,0.17732322690657973,0.8683857702936684,0.6218291778760777,3.1022185845856085
55.0,52.0,True,0.5632257510689624,0.22973822368879154,1.0472962714709413,0.4057282393278114,6.804181291043229
55.0,53.0,True,0.6685674366699428,0.21438357234284514,1.169830932826483,0.151259083686656,9.690959698810431
55.0,54.0,True,0.4524278800079313,0.2217160428162134,1.2196508475493353,1.211092375621925,2.3522409464116856
55.0,55.0,True,0.3879747741600253,0.1919277185359741,0.8048606785475599,0.35251034301698614,0.810061899552117
55.0,56.0,True,0.4031545847756909,0.1856817467220226,0.7497314084717109,-0.18950340365097976,1.6618162436935264
55.0,57.0,True,0.3218084854121508,0.16874922674319415,0.7077212178916943,0.23692184282199014,-1.3882772597291304
55.0,58.0,True,0.39644630480302245,0.19588955883002399,0.7861362719381507,-0.02231652852576289,1.3196597247204525
55.0,59.0,True,0.3561016374337715,0.11866636284633016,0.6344817769776979,0.33547520837196276,-0.4266971636977014
55.0,60.0,True,0.327306149049898,0.11216130952343617,0.59094438187933,0.8720792042465562,-1.1241789867944005
55.0,61.0,True,0.2263880840671871,0.1348565414189507,0.463227026827215,-0.06794061592994084,-4.2767778129649
55.0,62.0,True,0.2891859401007253,0.1163344671888793,0.5417438733625518,0.6630155267131462,-2.4164289239955368
55.0,63.0,True,0.40866841640812684,0.22515329457258645,1.0030014479365097,1.4933295782287366,1.781464879520764
55.0,64.0,True,0.389147678223183,0.3021904500977192,1.1132578906083634,0.8393709923820157,1.446715156592464
55.0,65.0,True,0.5033515306756577,0.19884399410394865,0.8173918638921789,-0.33742842834664505,5.003211303493461
55.0,66.0,True,0.4822922078013164,0.25802303851078573,1.0395981307490778,0.5355042015724317,4.100955850282566
55.0,67.0,True,0.36570957129361004,0.172094291428051,0.896676083485391,1.4484723038219516,-0.6721037222963739
55.0,68.0,True,0.27174362142063013,0.18071733839371765,0.5968718817664639,0.3375339925306624,-2.7182475990854877
55.0,69.0,True,0.41009048987706426,0.15441449493778422,0.7492603577065027,0.3099234702830914,1.5149812840660817
55.0,70.0,True,0.30658006314338476,0.09076007158942864,0.4926179498349047,0.39991964590563,-1.7335028792417821
55.0,71.0,True,0.3307247461766682,0.16940363957659305,0.5844136316378402,0.07810959988706108,-0.7218258290379997
55.0,72.0,True,0.38311407096134753,0.1334704610946927,0.6344668213898282,0.11056428518369402,0.9041918695196829
55.0,73.0,True,0.31413053885451075,0.15896447530987365,0.6638769478514193,0.514710014344681,-2.0601356015868872
55.0,74.0,True,0.2282047030670431,0.12076305809276824,0.4952907679652227,0.18868884763068886,-4.261972628709104
55.0,75.0,True,0.30917544936570424,0.1061708610434612,0.5188273351631698,0.30749725029310154,-1.8784918471634384
55.0,76.0,True,0.44937927749240425,0.11939101472824243,0.7481264744170116,0.4995144894788243,2.4024579145639615
55.0,77.0,True,0.4468234956516375,0.29439713599486306,1.5,1.756657203027101,2.2171225143347377
55.0,78.0,True,0.5163038392569712,0.1305113638284923,0.7503534513944403,-0.6735289183356883,5.283370430638527
55.0,79.0,True,0.4692763406456563,0.2640117031674595,1.4072438574775372,1.1449137545945014,3.1444097984580086
55.0,80.0,True,0.35917512732859963,0.1884225200536241,0.7969572595114103,0.8035029251820626,-0.10603726158314751
55.0,81.0,True,0.4679714664664754,0.2552520684199344,1.056441838224878,0.6433019860864252,3.0065891752736404
55.0,82.0,True,0.6095454368315905,0.1789669369281024,1.1021942966076963,0.43887188308677794,7.500041849015251
55.0,83.0,True,0.5394825673467999,0.20064124886014456,1.1373581683913814,0.06867067572196559,5.588176368016817
55.0,84.0,True,0.6010690188575523,0.22236198937136156,1.0049281509066337,-0.411391372443728,8.219416492826003
55.0,85.0,True,0.5114488125609664,0.13206181908974293,0.7759960308341917,-0.03589488966550343,4.663710399951485
55.0,86.0,True,0.48437108567813286,0.23353344044753063,1.084784724551886,0.9707649646997861,3.381999710540863
55.0,87.0,True,0.5143430413286241,0.24018360647644302,0.9533946700199228,0.20095676648168126,5.224837408333188
55.0,88.0,True,0.4498463105088596,0.1551427795121642,0.7677391927783859,0.27634323292714774,3.0754893214381536
55.0,89.0,True,0.38293733803842545,0.19602596594608154,0.9470205638225966,0.16893761659103027,0.2516788305116282
55.0,90.0,True,0.39508201320635117,0.1684708060897442,0.6303211506501551,-0.6851425696739386,0.7947048120758125
55.0,91.0,True,0.4308636500062763,0.1641079456070593,1.0285972497210645,1.5764050327077823,1.8835597684302474
55.0,92.0,True,0.4146870987354307,0.13476484309996875,0.8996722549071764,1.022749354161556,1.4388325057598164
55.0,93.0,True,0.3142754432826219,0.18959412036185871,0.7947193918487874,0.878437029167862,-1.1686198693884329
55.0,94.0,True,0.6482289790407799,0.2713308432705844,1.0401061044186817,-0.4827891497182486,9.966338650280404
55.0,95.0,True,0.704746615648358,0.20692903870436663,1.2927043962846991,0.8526705936453424,11.250222388223703
55.0,96.0,True,0.6429882488135611,0.3435024211477063,1.368783270978176,0.3812655598088275,9.710501314231388
55.0,97.0,True,0.5313432203436658,0.1696667937581062,0.8285990340187609,-0.33429862537725136,5.678254155369818
55.0,98.0,True,0.4995384546940501,0.1549845144020529,0.8135675162463142,0.530274237991536,4.233211646269938
55.0,99.0,True,0.43933894684691177,0.2234237829522075,0.91926688784346,0.18682929901071407,2.6588208830990725
55.0,100.0,True,0.07146394379557972,0.05936492547339051,0.2508725865568197,1.0304699756735771,-9.41397388862952
56.0,1.0,False,,,,,
56.0,2.0,True,0.159238115287147,0.0963271302371951,0.3775599119360201,0.31004602407851295,-6.67033459569483
56.0,3.0,True,0.31762699579663994,0.13336325026835708,0.667595104907159,0.5218869950361493,-1.5169992630626368
56.0,4.0,True,0.3748305784449126,0.17384215108068457,0.646068517317388,-0.523333196446356,0.986644035308706
56.0,5.0,True,0.3425810458211268,0.17883073307726113,0.669424445572084,-0.41315424071580636,-0.10134527778896636
56.0,6.0,True,0.28886180360214286,0.09770581240535178,0.4917739796860491,0.18372017144657676,-2.4809094902009106
56.0,7.0,True,0.4228355087479784,0.2259598424088229,0.898488129254508,0.23662299035040832,2.0787824017810173
56.0,8.0,True,0.26467696415222636,0.18537637449501143,0.6999477693707064,0.6277646883329929,-3.4677643659452335
56.0,9.0,True,0.25511559885723695,0.0929536820539457,0.441911587266066,-0.34382876094722437,-3.3848728596552
56.0,10.0,True,0.28537976841503243,0.10915487341732459,0.5084315104921325,0.1336800031269296,-2.3120482386229675
56.0,11.0,True,0.3559171926850874,0.21557256626632001,0.7930622620809834,0.5793080738548795,-0.48720301860274945
56.0,12.0,True,0.31927120064592196,0.19462631867876726,0.7213029558729553,0.16593767741392268,-1.060325950307735
56.0,13.0,True,0.3279534810590716,0.1448887810818624,0.6041172341836573,-0.3478633845777571,-1.3016112162279838
56.0,14.0,True,0.40754222424152176,0.22612976336037127,0.8283135631687247,0.35206862303170977,1.6479450032351248
56.0,15.0,True,0.44966899403811916,0.26104291029977694,1.0168093151345676,0.3305252829484143,3.27443286960358
56.0,16.0,True,0.3740003186306604,0.17270935072751606,0.8529131639960483,0.95653182394547,-0.1557974935488146
56.0,17.0,True,0.3944669079926398,0.13446110298125027,0.6371863757338081,-0.06547801850441849,0.8949993556262592
56.0,18.0,True,0.4625479197863109,0.14925928183595408,0.763923969850435,0.10976536842008368,3.4331166111362657
56.0,19.0,True,0.4054910163051701,0.12334982356600252,0.6443974372878378,-0.04456416457213862,1.4852227660489392
56.0,20.0,True,0.528894946525964,0.17664698454425046,1.0099357916168026,0.3684789320567874,5.270200001467913
56.0,21.0,True,0.43227254566233686,0.1724637613146377,0.7372508029379135,-0.5761560230000075,1.9021820422833828
56.0,22.0,True,0.5148806256152211,0.21297106351494743,0.887469479564509,-0.1749834669349475,5.3808409757757545
56.0,23.0,True,0.48100241413695427,0.1689526697312528,0.8392543914209909,0.23163239423425191,4.1557282514965594
56.0,24.0,True,0.36767143810439834,0.19741831008665112,0.8244723908095836,0.5752795706908638,0.27226170305066055
56.0,25.0,True,0.44362001137424684,0.20650758138559558,1.0994482358835636,0.3846067284754767,2.505769178180083
56.0,26.0,True,0.4414636657197579,0.17541752132932606,0.7521055294716515,0.10692403284701116,2.3080404571118915
56.0,27.0,True,0.3578703310300925,0.1477552098268694,0.6280477526766105,0.08972912667901889,-0.22713345358410802
56.0,28.0,True,0.37519847468573747,0.17760511579075308,0.7784333875136145,0.4610056161284876,0.3738208022187407
56.0,29.0,True,0.3537665785026947,0.17755819730496578,0.7666432176149317,0.38280343404027195,-0.7044848608983509
56.0,30.0,True,0.4404850665571877,0.18618871722222016,0.8986131628280092,0.6783955069297145,2.386828383167307
56.0,31.0,True,0.39659604474450677,0.19530603966161245,0.8519359738151288,0.550639407029327,1.0263468463118106
56.0,32.0,True,0.46287684172072396,0.18105359376423533,0.8947056956847322,0.5141922473520688,3.5146774394093327
56.0,33.0,True,0.4739731941430388,0.2683860462386721,0.9602387234250964,-0.009756996362464323,4.106810542434152
56.0,34.0,True,0.3386704986332396,0.20492673821769175,0.687571805141323,0.21004881140804482,-0.49149935729011224
56.0,35.0,True,0.4345082470715879,0.3150644394712168,1.129171285324838,0.49349732318069484,2.8758237622324505
56.0,36.0,True,0.49618817545192784,0.20652520987106948,0.872558200035398,0.026363532292150788,4.065966434597982
56.0,37.0,True,0.44382977149032654,0.17708733683272396,0.8372954546261343,-0.026777072023058852,2.2994708258551464
56.0,38.0,True,0.44252420323939495,0.18069061004110243,0.8909976481373598,0.8691221055589565,2.398719335845686
56.0,39.0,True,0.3553789220008332,0.17001194396940977,0.7402101170479034,0.2012422952225589,-0.045249973799828806
56.0,40.0,True,0.3944339390631936,0.17251786134605576,0.8218134475676361,0.8944020899323141,0.9832603946325992
56.0,41.0,True,0.4043499265051101,0.1331489622333148,0.68025881940311,0.17229629701861734,1.1512461328447308
56.0,42.0,True,0.482058301257116,0.21709470312757406,0.919307727552776,0.3160185116678612,3.8729452708366194
56.0,43.0,True,0.5392616489527604,0.17411613183755692,0.8827456716561181,0.3942287255505681,5.467158571723979
56.0,44.0,True,0.5158474715689559,0.23025375929393427,0.9492827010212528,0.2119181863247907,5.109663328702943
56.0,45.0,True,0.5030752981137072,0.22488590425301155,1.000138793186759,0.05412295165033752,5.016096322461544
56.0,46.0,True,0.7233564042699924,0.206019524928129,1.1064521732397732,0.19691192885559985,12.07248368925771
56.0,47.0,True,0.5057220323811998,0.12750365175362818,0.9055849685167772,0.9660181444561371,4.331387304148611
56.0,48.0,True,0.6305883543840655,0.1846584445673261,0.9952765955698346,-0.6611862783150222,8.981828861360379
56.0,49.0,True,0.5114231989534482,0.13675076735879213,0.8740174607193055,0.21030099481149142,4.2692114834088315
56.0,50.0,True,0.5688870927333228,0.1690545573211752,0.8403585389541416,-0.3180214611962751,6.941672777433599
56.0,51.0,True,0.5005476772520848,0.16320447296316526,0.8461237303443856,0.1353140344286408,4.371990674115011
56.0,52.0,True,0.5604070388060077,0.19942746757014362,0.958440742682173,-0.25257520331928957,6.101035525992045
56.0,53.0,True,0.5503925960928067,0.24630716157976953,1.087893904136919,0.31584886597730566,5.695452247730378
56.0,54.0,True,0.516441529235003,0.21656510995312458,0.8342140790283185,-0.4669184746911567,5.36570772841556
56.0,55.0,True,0.44330595391098565,0.1370338034973046,0.7539262094239735,0.3866479933042247,2.6761191167089846
56.0,56.0,True,0.4317874048193703,0.15758231813723536,0.6908248384845619,-0.6840733326298828,2.712033467442141
56.0,57.0,True,0.3825546529097197,0.19922321729582848,1.0219058311079523,1.1296170726121224,-0.0868586379783286
56.0,58.0,True,0.3076222882794952,0.11954744599729013,0.5462390130161172,0.2946476165444563,-1.7394873448511499
56.0,59.0,True,0.30712351696222534,0.139666407811595,0.7369882842422115,0.31661535163226656,-1.8485393046336167
56.0,60.0,True,0.3122958069254069,0.16394322367417902,0.5430796282137293,-0.34182939116744043,-1.3832281519144707
56.0,61.0,True,0.35865405558855973,0.15042342831534386,0.7921412438268332,0.7627996003604645,-0.20251814861619521
56.0,62.0,True,0.45019129785426626,0.30393379517205976,1.051286278367758,0.569613412469015,2.8831894816884533
56.0,63.0,True,0.490160067937998,0.15404188898273208,0.9648505876661966,0.4876402503829088,3.5697250668917113
56.0,64.0,True,0.3642240713536985,0.2922848718609181,1.098546628411525,1.0986340849637073,0.7011280826372044
56.0,65.0,True,0.47528344198088035,0.246679393451821,1.0513185332834631,0.5799469988524008,3.729336383853612
56.0,66.0,True,0.5200965247140916,0.19496831347630872,0.9596689821018702,0.5168488543096011,5.372503806714195
56.0,67.0,True,0.23876880170499398,0.13005019440162138,0.5054272864909964,0.30016540566376504,-4.120808734317038
56.0,68.0,True,0.37183643213102513,0.19478493029186403,0.8839546250599007,0.9370234543295097,0.07798680710460722
56.0,69.0,True,0.2392620959430164,0.1136800690684073,0.468391667053254,-0.03609349644725873,-4.248493168532927
56.0,70.0,True,0.29562433440420793,0.13204303771312187,0.5643091518822029,0.21334547280225583,-2.246238871620919
56.0,71.0,True,0.33254579952790825,0.16154849212416306,0.7009538749484895,0.4799557409937161,-1.1531478097972987
56.0,72.0,True,0.32370670920146344,0.11735273930253091,0.5684716655260246,0.2139002133129243,-1.2718996264934939
56.0,73.0,True,0.23944693252752075,0.13098225087339435,0.4772177167787755,0.020994918290208647,-4.090761994761985
56.0,74.0,True,0.3428458318250491,0.1448001769498331,0.6280658688574039,0.07747588742054919,-0.5701900055832336
56.0,75.0,True,0.2926832728696542,0.11821577575384483,0.493137771117741,-0.5019517119269,-1.8870422717646085
56.0,76.0,True,0.36799195219345865,0.14799209141677572,0.6331782607780593,-0.44512212908244053,0.40169138378202335
56.0,77.0,True,0.39611909408432794,0.11220308409750261,0.6732833374531059,0.6782683874284012,1.1063819015987584
56.0,78.0,True,0.43547050548008104,0.1803446195452349,0.7807294245691117,0.29744156441747943,1.9284189690279452
56.0,79.0,True,0.44179386351089106,0.19380140062862278,0.7635790370494911,-0.19604194070056258,2.790910214687235
56.0,80.0,True,0.4654224585278711,0.20274362742913427,0.8197515183359056,-0.17041537360368025,3.4329085745126866
56.0,81.0,True,0.5816992104304977,0.14436880073654285,0.8572315383753155,0.37751358752792863,6.758166847546389
56.0,82.0,True,0.5658795449065814,0.20220621012222517,0.9659774834336978,0.14506866752331204,5.964869987624924
56.0,83.0,True,0.5178235164244168,0.15064507407582464,0.7736734834384119,-0.2720435160100776,5.2088135952715815
56.0,84.0,True,0.5346983923468795,0.26690946097647256,1.123003948707559,0.45863818622529307,5.887986087391197
56.0,85.0,True,0.5461707282589451,0.23546049284027765,1.115094329621125,0.6870320470897441,5.101196940936746
56.0,86.0,True,0.4540985086713,0.14808327396050858,0.9045799143720356,0.26431130062065017,2.925655173970573
56.0,87.0,True,0.4216162262431298,0.21328505841797543,0.845811923735845,-0.030081108697527212,2.160614847840246
56.0,88.0,True,0.3902237019026875,0.23001643572658648,0.7881427893655576,0.007575201672091929,1.262400249581146
56.0,89.0,True,0.4588630477902327,0.1797561536225246,0.8545339182089778,0.1848069274392626,3.3957525073559265
56.0,90.0,True,0.3382947660306173,0.12906963063497165,0.6587557845738286,1.1159856605553875,-0.7913837790070946
56.0,91.0,True,0.37091761570441567,0.1899628748544694,0.7127338686226828,0.16900760213581392,0.6463235859198408
56.0,92.0,True,0.3988314616514385,0.20927296963786565,0.9155665731489148,0.5754232043560666,1.3173524494236397
56.0,93.0,True,0.5654977346962078,0.24763472745295767,1.1290904314779435,-0.012346969956745496,6.1827042099982705
56.0,94.0,True,0.5487381020692312,0.2770230169533518,0.9005474480963046,-0.6410698280156251,6.862504957703365
56.0,95.0,True,0.6132605654712668,0.21640564902206755,0.9341874213631464,-0.4653188912128987,8.400430191634284
56.0,96.0,True,0.5380704988841879,0.28780349946460826,1.2644967265947449,0.8478211843365822,5.4802695012841385
56.0,97.0,True,0.5306194886184146,0.2388546186171773,0.9860252341731616,0.2984268844705322,5.48084545649779
56.0,98.0,True,0.5837199549308105,0.23893577568234836,1.019555417974459,-0.5009275866875934,7.385297310544472
56.0,99.0,True,0.5650990908714437,0.1411521917163737,0.8884323517183381,0.3513579507864037,6.393368271703289
56.0,100.0,True,0.05012719824190363,0.05790191717792435,0.2829918779736115,1.996901402206412,-10.205497156296332
57.0,1.0,False,,,,,
57.0,2.0,True,0.12555866652449416,0.06762412310300978,0.3024165290343889,0.9078158088043742,-7.571347773961608
57.0,3.0,True,0.212634206510642,0.12370319607493648,0.4496736316357502,0.15306135494889292,-4.952323117373732
57.0,4.0,True,0.3053007408628223,0.12139669456129978,0.5629352235356638,0.46294518254286615,-1.583747291729947
57.0,5.0,True,0.3577313692590556,0.12699354246071667,0.6269506956998191,-0.12091056481040159,0.05640917250077359
57.0,6.0,True,0.2570988923211096,0.14269318093781527,0.4583500581810361,-0.20765420331996798,-3.1917198960090656
57.0,7.0,True,0.41050204239668575,0.20287555056342438,0.9280549115317732,1.0625807284655662,1.3934825043636616
57.0,8.0,True,0.3776895369290395,0.18459982763026286,0.6431658977640471,-0.13426435839938022,1.0626179773589093
57.0,9.0,True,0.32400218993556834,0.15537789009896477,0.6457034579054565,0.06730795111824572,-1.4587807380578868
57.0,10.0,True,0.32618901373064313,0.22067455058646107,0.8755790790879273,0.848364067485972,-1.1125798543165633
57.0,11.0,True,0.2700601343680923,0.10631851777761288,0.5487527059389058,0.6983641502931452,-3.0098088142479154
57.0,12.0,True,0.28631010215786823,0.1510043216713166,0.5795966960479996,0.24245705734835166,-2.596509748242733
57.0,13.0,True,0.35572488577108174,0.14761441113547855,0.6156631085500893,-0.09231591891522062,0.030453647568996475
57.0,14.0,True,0.37435987890528744,0.16213110308527737,0.7455403524209994,0.4761231893529738,0.4399119134244551
57.0,15.0,True,0.354946495077896,0.17159841472368945,0.6695341061936394,0.03350855150191765,-0.21228956351333228
57.0,16.0,True,0.37750265482590073,0.11684818709314974,0.6248995339945237,-0.2195930742674336,0.1617738195429776
57.0,17.0,True,0.5457387187680304,0.10565820819384233,0.7299625159348179,-0.35591152409487486,5.71773333905518
57.0,18.0,True,0.37793627756296705,0.16371479989872864,0.718006026812305,0.33720479643060536,0.6422563790050213
57.0,19.0,True,0.5687409139955805,0.1742742056424434,1.0839538503609036,1.0084385946094485,6.303042161673273
57.0,20.0,True,0.46033576374022056,0.15287212925003327,0.7438243862045034,0.09253793235988028,3.0981385089521503
57.0,21.0,True,0.5442543742981161,0.19650583483222528,0.8438245006081457,-0.3759716998790515,5.572843652260352
57.0,22.0,True,0.4238125948644628,0.1773109170913188,0.8705767238928795,0.8345790575962815,1.8352075683952607
57.0,23.0,True,0.4436345940964504,0.13024893476437016,0.5945546676296992,-1.2784678554143485,2.19294808084133
57.0,24.0,True,0.4322778761153957,0.14748899704967305,0.7785639739501513,0.32683399267490915,2.0966506289300906
57.0,25.0,True,0.45676368815682844,0.2070799688068746,1.2978376799853852,2.0167530646625584,2.785739449704146
57.0,26.0,True,0.41724810958970193,0.17947998363360015,0.7640905947546616,0.3208548271572498,1.758101443595164
57.0,27.0,True,0.2403021012049479,0.09258014979720097,0.4780426820343843,0.7463955217817232,-3.8556551501781
57.0,28.0,True,0.35335560807780353,0.10042986618182205,0.5696765091167358,-0.008589382415401728,-0.40847980947806367
57.0,29.0,True,0.3976831388329146,0.20988679969449414,0.88869392567471,1.0129477726606955,1.136432057222816
57.0,30.0,True,0.2666058011866242,0.08562851332878439,0.4211803216383484,-0.13514502444124518,-3.113051569968472
57.0,31.0,True,0.4642551894829076,0.2094355900853335,0.8487268731696265,-0.4020044117175842,3.6855513770304693
57.0,32.0,True,0.5191504181702161,0.24141084760787015,1.145664592997371,0.2109302351448644,4.635057367319264
57.0,33.0,True,0.6019769076092348,0.2429781532798769,0.90529607175292,-1.2751702574156025,8.595291854622905
57.0,34.0,True,0.7141894774459522,0.34107858272587177,1.264638164954368,-0.2800384647461703,12.398256999961797
57.0,35.0,True,0.7572029468936524,0.36666506093685247,1.3449482375314925,-0.18003946884875177,13.541942818583719
57.0,36.0,True,0.696666396829183,0.3606427029465605,1.4329772366085252,-0.15275177785267552,11.367976547219195
57.0,37.0,True,0.6435829252641695,0.32453428010214663,1.1611469737796067,0.014303218228504293,9.67023650255134
57.0,38.0,True,0.507604107103661,0.245623226548036,1.1375224148473453,1.0830025063207174,4.608725355519161
57.0,39.0,True,0.4661206590958561,0.1684107145839636,0.8135899860448355,0.08017366304509208,3.586880347625497
57.0,40.0,True,0.4033754350776397,0.18454336265803806,0.8889295834240908,1.2185162992766143,1.2744983636669955
57.0,41.0,True,0.4326515266269457,0.17183698609199655,0.8181433889737088,0.40811944846681886,2.1704825042722753
57.0,42.0,True,0.5145986113795143,0.18464701450805476,0.8685473051727549,0.691012162132429,4.344777616849623
57.0,43.0,True,0.43834844483173496,0.16902881669200837,0.8196819975976282,0.5561415908459615,2.1221603746955005
57.0,44.0,True,0.45403822963405316,0.2581141567621757,0.9331618635154388,0.12426499575084214,3.086540799539498
57.0,45.0,True,0.48834667220076394,0.18607765009963897,0.8442541786057047,0.0870593969053356,4.327670477565258
57.0,46.0,True,0.6461592371147757,0.2176754186398002,1.0368830875849682,0.19289030652750394,9.331379563700175
57.0,47.0,True,0.5888680124757144,0.15771761175028487,0.8971626618105961,0.2258352726014486,6.747379521254401
57.0,48.0,True,0.5519749181954997,0.2554010234141331,1.245434486655031,1.354138749469699,6.2896496385689105
57.0,49.0,True,0.6030082714757666,0.17733272465069735,0.9133443490180204,-0.26368303958378114,7.878625186217376
57.0,50.0,True,0.49613961474365764,0.20508825871608358,1.0519938165044842,0.19721035590933128,4.306197051630417
57.0,51.0,True,0.5026221305064899,0.21573385008908907,0.9622680907688368,0.5001269807758353,4.102523433111926
57.0,52.0,True,0.6145424279025551,0.1433336046041974,0.8564820541213147,0.14980127041003619,8.251805662241088
57.0,53.0,True,0.4275015247383388,0.11721537425342278,0.656222168473963,-0.12744877354132694,2.1078170631220807
57.0,54.0,True,0.5222165394841776,0.2166139117846005,1.2508230708850094,1.1661562295675696,4.145812156289737
57.0,55.0,True,0.4382500482388992,0.13360893501356993,0.6814872143319737,-0.2183192115960778,2.394415641635759
57.0,56.0,True,0.4023292546696189,0.13270777846408097,0.6824174935470565,0.6137622720304424,1.395402292213065
57.0,57.0,True,0.2439107644582648,0.12759111517544847,0.6069970730610008,0.5689316203446367,-4.186854497984232
57.0,58.0,True,0.3482455988356047,0.17788047345813376,0.7948685183228528,0.8549149284558917,-0.060416392860927835
57.0,59.0,True,0.366967197578838,0.2264418959295854,0.8045630065970398,0.32628307095386083,0.42271769248165203
57.0,60.0,True,0.3585992349314003,0.19006720514061703,0.7238582960138056,-0.00908522370504671,-0.0772690127579806
57.0,61.0,True,0.3391725187730698,0.22210082720392094,0.8185242325179131,0.48528890719703155,-0.6911050920184783
57.0,62.0,True,0.397857594621937,0.15986577131896818,0.744670897608909,-0.019373335640010182,1.4817205173930015
57.0,63.0,True,0.34805760876132846,0.17655561300108574,0.7466624018532839,0.48585981944175777,-0.13770372668675096
57.0,64.0,True,0.4795022788857781,0.13909070121150324,0.6649449988415099,-1.1363085392884793,4.0072695409887835
57.0,65.0,True,0.4746406656932225,0.2777136255216761,1.0593749971671165,0.058742248927232,3.9601451637552687
57.0,66.0,True,0.3795299300579811,0.21995714034031796,0.905919201326372,0.715688057869313,0.8693590028894562
57.0,67.0,True,0.32580035480579456,0.11765376938459371,0.6414998296691082,0.9934589518946471,-1.2200356577286253
57.0,68.0,True,0.2984136897330368,0.10152794616384651,0.4641730474676906,-0.5396754659137742,-1.7596164859533565
57.0,69.0,True,0.2852865220543793,0.07991049000244355,0.4143895279469092,-0.3285885183298468,-2.453582342094033
57.0,70.0,True,0.3530803572238746,0.11935926291787587,0.5499560039566975,-0.5141708297737512,-0.10387776711907652
57.0,71.0,True,0.3131332323112573,0.1732737243067915,0.6101995073130513,0.1290851352867023,-1.6832568199895146
57.0,72.0,True,0.29321217172114916,0.17386084643392535,0.5819964550819886,0.12744110736334832,-2.2173985649404875
57.0,73.0,True,0.35027771456359846,0.07482036868614035,0.4690127359595551,-0.47259607273073245,-0.5776832970212306
57.0,74.0,True,0.34624026410978626,0.18304095251590535,0.6550159378715169,0.2215861773424703,-0.23171163168247322
57.0,75.0,True,0.37733504072879953,0.17625503903368162,0.6830886478092125,-0.1673994232141376,0.8201867077508818
57.0,76.0,True,0.3196810587062258,0.15887021809695306,0.7593997301685905,0.6378359479915995,-1.744516892644824
57.0,77.0,True,0.4844975052411944,0.2927433396053568,1.0243087131545716,0.4625034992240538,4.2966604444174665
57.0,78.0,True,0.43429560597187417,0.20450232489762796,0.9008754943256848,0.25139769070720897,1.5972371618677934
57.0,79.0,True,0.5237375929949071,0.22391506732557737,0.9038894878516728,-0.4445327151621387,5.342016288977699
57.0,80.0,True,0.5399811194466375,0.16612301654859277,0.8563112276156324,-0.14095083598168123,5.741379893443374
57.0,81.0,True,0.5369171993890817,0.18311080005228197,0.9139849463991988,0.17089428686370542,5.129210892431681
57.0,82.0,True,0.5693876585396969,0.18572571442952965,0.8979161012337408,0.11970557886950972,5.890247681316796
57.0,83.0,True,0.46739205528066563,0.17678735522294553,0.8107897574926621,0.15433030175334653,3.318746497399825
57.0,84.0,True,0.47670055453318183,0.1486744325793038,0.7588823084133288,-0.029857529718503244,3.0680168123136173
57.0,85.0,True,0.6146945178602217,0.22579373907074246,1.100711507921322,0.14508451286392873,8.490898967270631
57.0,86.0,True,0.4737884243579214,0.21952336355121646,1.0442339157805685,0.883852092609279,3.748758200664845
57.0,87.0,True,0.5097684438069042,0.19910664398576147,0.8484137221778141,-0.2861522254639233,5.117487660287046
57.0,88.0,True,0.31585789916613094,0.1648218301777226,0.6809796639635699,0.4346814929599563,-1.5118999664808543
57.0,89.0,True,0.40074128604531256,0.26720026284028997,1.2589247913352573,1.3040695929252843,0.8329825254079282
57.0,90.0,True,0.37873721221495726,0.09619016020326103,0.5639773299028422,-0.3819895385151134,0.5155112697139305
57.0,91.0,True,0.23804776783640075,0.14789092800652917,0.5789643877530126,0.5437305708279575,-3.852046986913196
57.0,92.0,True,0.3493451984605562,0.20197652245523992,0.8845383598027217,0.8400176139730996,-0.374269397641086
57.0,93.0,True,0.2975054965147849,0.19146508097451265,0.7673498538812202,0.8684976535289469,-2.159797202564813
57.0,94.0,True,0.4724076521590126,0.1746366460535116,0.8570612765973353,-0.00890522629255632,4.008825630728364
57.0,95.0,True,0.468732807410551,0.19764605390630346,0.7970252211478706,0.10358054700502309,3.6363457128443146
57.0,96.0,True,0.6243495698013636,0.25985767524487474,1.181453393792487,0.38636435261824614,8.274406116475394
57.0,97.0,True,0.4670517967747718,0.1904797706368203,0.7914862684242033,-0.28308043064057875,3.7666978229102925
57.0,98.0,True,0.5957114988994502,0.18606531605480386,0.9795390401273264,0.4060701961072272,7.354574552537501
57.0,99.0,True,0.7143382455816272,0.2737046043466882,1.1659803756658942,-0.15458379436546707,11.467109724172863
57.0,100.0,False,,,,,
58.0,1.0,False,,,,,
58.0,2.0,True,0.027973155181418106,0.029755610266071215,0.0892075288810563,0.9094859803628145,-10.728450095348414
58.0,3.0,True,0.34420288210082145,0.14687175520204138,0.5884905314090931,-0.17790757289009504,-0.4205026243795025
58.0,4.0,True,0.295462851490687,0.15706191012799853,0.6703248438338884,0.30967911147224303,-2.3753360833289983
58.0,5.0,True,0.2672731201613172,0.11699495824303296,0.4747207520439362,-0.1986363132112116,-3.2452356080976483
58.0,6.0,True,0.23926955716640308,0.1298759450655169,0.4988154738576029,0.3819214658438397,-3.8687009382906967
58.0,7.0,True,0.3612815029340311,0.09175944909100049,0.5248648442829809,-0.3281364035970934,-0.031739226390715594
58.0,8.0,True,0.280594859442698,0.17424199366395,0.7344835713623394,0.7726887614502551,-2.969975421884148
58.0,9.0,True,0.27883322265845695,0.1030718468065923,0.4677899047074501,-0.3576620632521992,-2.9773639290611875
58.0,10.0,True,0.32490398019262057,0.14809578646111898,0.6611969606473338,0.35203998619917104,-1.6116557122572486
58.0,11.0,True,0.3512374699466132,0.1824177885013194,0.8715169174230187,0.6918718283829265,-0.49955598668754175
58.0,12.0,True,0.2809370984243192,0.15261825415350672,0.5804952835505077,0.1524557771063933,-2.1588304203896467
58.0,13.0,True,0.4331530767716613,0.16592402477931656,0.7069091410903281,-0.008058807082690042,2.4335423416192112
58.0,14.0,True,0.31182691852247524,0.14213735259025842,0.5289981195532016,-0.15666500116208532,-1.5403190828792506
58.0,15.0,True,0.5177243035028888,0.2204750919969968,0.9630051562381464,-0.15825719591150716,4.136657893496145
58.0,16.0,True,0.37228416640138445,0.14491257119007456,0.6610951078157721,0.12256355427325932,0.4643375538296812
58.0,17.0,True,0.411326355899718,0.09599727678487338,0.6511962382531733,0.31401559207733276,1.1359143654479125
58.0,18.0,True,0.43821510491595445,0.20413861363877409,1.2586020147959074,2.0286990994684886,1.8000260185626134
58.0,19.0,True,0.5119223091054732,0.11408114654152993,0.673822770972891,-0.894989368753814,5.150082544689298
58.0,20.0,True,0.5138407991035672,0.2338551524963285,0.991665911829278,0.527096297729796,4.979787290941599
58.0,21.0,True,0.39379589286215694,0.1605408169293529,0.824013140468605,0.20410294107396149,0.2612035991915165
58.0,22.0,True,0.5136744383475281,0.2357790922142905,0.9600654599812796,0.2678527616021649,5.092352718365903
58.0,23.0,True,0.40842468205261695,0.20635884581161762,0.7568672695871904,-0.15668406877782312,1.763025969452546
58.0,24.0,True,0.458738707595245,0.17936295688232595,0.7892713717560739,0.12170618789443914,3.1574740687544485
58.0,25.0,True,0.37415822685197964,0.14335257600453039,0.652069683357389,-0.09601173737273165,0.6717284680862606
58.0,26.0,True,0.3722184933908595,0.160590075076973,0.6800907462842511,-0.07861299599627473,0.02171898974516407
58.0,27.0,True,0.29811398310477216,0.21314532769485894,0.9673875430007954,1.1386630513054092,-2.0854455932187057
58.0,28.0,True,0.32319285990671076,0.13072370603485378,0.621849968825074,0.730791426289447,-1.5554466551337232
58.0,29.0,True,0.36038154563092145,0.08347399867718691,0.5486191618898077,-0.20836442442979122,-0.18548439698059505
58.0,30.0,True,0.2808432508328411,0.21481047024234,1.1095035676481626,1.6489033011978302,-3.369779562791506
58.0,31.0,True,0.42346044769605246,0.23259522366089905,0.9099156453126084,-0.08351763016249361,2.660241737186287
58.0,32.0,True,0.7968838979402216,0.45009698507321283,1.5,-0.09351116344467435,14.950747461601749
58.0,33.0,True,0.8741914168815201,0.36609013136684426,1.5,-0.18244865492347273,17.471638789105477
58.0,34.0,True,1.080060928531213,0.4618698575251171,1.5,-1.1032142523393365,24.31167990676744
58.0,35.0,True,0.9596070287285269,0.38463858327963074,1.5,-0.5483315354257714,20.22909730770226
58.0,36.0,True,1.0268597443205874,0.4508536093178412,1.5,-0.6959601419607746,22.576014422587882
58.0,37.0,True,0.6867889985326627,0.29741955636331086,1.175735059900331,-0.21562036180562996,11.059366321821663
58.0,38.0,True,0.501848291876577,0.3060221611979413,1.3160461810675372,1.3107371448393836,4.481598017786831
58.0,39.0,True,0.3074991363073861,0.14177206227409184,0.593623080132347,0.047131470210469754,-1.3761912080857053
58.0,40.0,True,0.35082018365686807,0.22731381905710432,0.7664114518146379,0.023319574717064074,0.06704708386912907
58.0,41.0,True,0.4139052328386184,0.22690857840527376,0.9687167003331344,0.993462638768381,1.6713571923922745
58.0,42.0,True,0.49493346453812,0.19844294374499802,0.9819321566919086,0.7259329891111901,4.045574336214199
58.0,43.0,True,0.45432696789327764,0.14231047205991948,0.8034102434563575,0.7244964722703374,3.2505307815106166
58.0,44.0,True,0.4536120566642596,0.21593355095147423,1.1397837196657,0.5363004740789762,2.485219319449003
58.0,45.0,True,0.5179718149273119,0.1028849677128792,0.7160731644088513,-0.22788417508283082,4.993341942643096
58.0,46.0,True,0.40048938797316264,0.17348899508731178,0.8193531538558719,0.7334443194177879,1.2330057457896202
58.0,47.0,True,0.6965615218414388,0.2280159529656631,1.328319912317059,1.0745850391401126,11.066101528023808
58.0,48.0,True,0.5501920617603646,0.22364061197116386,0.9419787345279812,0.0385972903324532,5.837822992859434
58.0,49.0,True,0.46660614848125936,0.1585351318568905,0.7815635958204197,0.517823823327877,3.0859987708697005
58.0,50.0,True,0.36080496197762874,0.17507094414933566,0.8177484650089762,1.1278181747039238,0.0012049004959789986
58.0,51.0,True,0.5043837732221907,0.24922613680535233,1.1262193247653884,1.2401780286592685,3.8156708849085055
58.0,52.0,True,0.46310082810554637,0.18045575499475802,0.8968915969445087,-0.7390335702752782,3.5361311780203013
58.0,53.0,True,0.4632856715624341,0.16213431111178037,0.7510323215584812,-0.7301424883281455,3.1175712597607927
58.0,54.0,True,0.5222229500999067,0.15852404109845686,0.8202918114950393,0.1304394858694515,4.531078769057669
58.0,55.0,True,0.27587509136455074,0.10794021391448966,0.5451413124534259,0.5063775478804629,-2.8784574467339845
58.0,56.0,True,0.42955053904448454,0.15554984617449877,0.7185822159548564,0.054464290582056096,2.141300434802596
58.0,57.0,True,0.300364007579544,0.0797662265622834,0.4361974258362555,-0.4501337633852685,-2.243744328094671
58.0,58.0,True,0.38571665954521683,0.157584420687625,0.7580478857344862,0.12804308737191952,0.9114981523424992
58.0,59.0,True,0.26334318921262995,0.1524145688059321,0.6332803847074003,0.5612343555571385,-3.0187630140976474
58.0,60.0,True,0.3229947855344362,0.1746168052877409,0.7985730294598707,0.8411633971242495,-1.0800959563440005
58.0,61.0,True,0.35536512813692633,0.1116615618488822,0.5733845606039698,-0.36923987443609013,-0.20182258024304078
58.0,62.0,True,0.34488267513952015,0.20338382511758474,0.7721452505888176,0.3312661996965815,-0.10385466343532601
58.0,63.0,True,0.4002574208483414,0.20975260497117185,0.8047124245806139,0.022586713662851345,0.9692973932379199
58.0,64.0,True,0.354253032400187,0.2260752868066205,0.8425349418920757,0.7499831089820833,-0.17260831660502457
58.0,65.0,True,0.3127437605393836,0.18132644883812887,0.5915112406132017,-0.2976772281544431,-1.3067363344620468
58.0,66.0,True,0.23924592699577957,0.0776373827466458,0.3667666951131698,-0.5484713463338686,-3.718655351415628
58.0,67.0,True,0.42943993928743884,0.16541485812232726,0.8316690364788941,0.7082594435340089,2.4006412784445517
58.0,68.0,True,0.43501500854243136,0.14327498222270532,0.7432949428858353,0.24947678215085708,2.2660655725948047
58.0,69.0,True,0.36648552439581655,0.16168634230542556,0.766661424131277,0.829586154641829,-0.041351843225669906
58.0,70.0,True,0.2699670408589649,0.15235065788040178,0.7023043052244528,0.6556497901716731,-3.0686619544702536
58.0,71.0,True,0.3903342076489397,0.13112925179474488,0.6826381076064838,0.5365879665025158,0.8398582235583137
58.0,72.0,True,0.37419048086901935,0.13269740698155857,0.6332171277215337,0.16871967148100148,0.13063265689022252
58.0,73.0,True,0.286916190146683,0.17876018915448155,0.6756296863353624,0.7494354653168065,-2.3244992578107837
58.0,74.0,True,0.2515468847174109,0.13839275512008029,0.5682617242649083,0.33239119107977144,-3.3166427433183356
58.0,75.0,True,0.3631685562408179,0.22681036683410388,0.8301360548668314,0.30126531255758193,0.5325581596476145
58.0,76.0,True,0.28299796161040736,0.11808833481512176,0.5571236519505207,0.02858769979148032,-2.6248412836393586
58.0,77.0,True,0.28737692095147144,0.21886262086374575,0.6917133441976279,0.7886985646186315,-1.943549529485828
58.0,78.0,True,0.4131782905196596,0.1623605742717447,0.9049344296144138,0.5788789941756751,1.1847597139883652
58.0,79.0,True,0.5592188731219159,0.16212450409471046,1.0087746517326577,0.9610815710159344,6.1675130741053605
58.0,80.0,True,0.37581176525845905,0.16103136764906248,0.6252321449199415,-0.6209579099819637,0.5847907663912094
58.0,81.0,True,0.4533531423231749,0.15138629517278088,0.7155225268269365,-0.09876393697590274,3.074903488545762
58.0,82.0,True,0.4431761429112129,0.19678865671942017,0.7792201805168387,-0.153211403429858,2.8340038277391395
58.0,83.0,True,0.45082190432867414,0.20448338536830438,0.7688479560754595,-0.5170431660946084,2.9348118483193772
58.0,84.0,True,0.4495664754254844,0.1795717319734032,0.8072366661977166,0.2084278685535311,3.0235657726694747
58.0,85.0,True,0.6151902626034833,0.2131843230400195,0.8860203396464378,-0.6731366583933601,7.739929288255558
58.0,86.0,True,0.5462301406238987,0.2351077485698741,0.9484913963628508,-0.3639883611989962,6.598146537200637
58.0,87.0,True,0.43571035983635004,0.13493395032718003,0.6602348023033058,0.15184732724591785,2.44683762933494
58.0,88.0,True,0.5031966598513529,0.1495688339731902,1.0079389334233158,1.3007640012762964,4.4033254167888884
58.0,89.0,True,0.31732216983399303,0.15961199968249645,0.916686986520215,1.1203261246123417,-1.6143426481291716
58.0,90.0,True,0.4180184193053275,0.1563968130178333,0.6929234605623141,0.4130138179261914,1.9653343772597787
58.0,91.0,True,0.43653962882070774,0.20893244934037075,0.9510497709335534,0.9498290731573745,2.6235002973292074
58.0,92.0,True,0.33685706193143283,0.19160590296092958,0.7951598233807687,0.3783180564526826,-0.9094762810271609
58.0,93.0,True,0.5294746275157642,0.216347077009807,1.0857338352622248,0.9432106885512433,5.160021800394892
58.0,94.0,True,0.46677586361530315,0.14854070889364426,0.7807835614825378,0.37176172834480126,2.872955166083073
58.0,95.0,True,0.5284023704318174,0.18878901530131129,0.83782831059453,-0.17822449339885943,5.610889557741021
58.0,96.0,True,0.48050238961141756,0.16309288230066,0.995749374081767,0.9816204602928096,3.367259131663576
58.0,97.0,True,0.4439218531725531,0.22460111251521686,0.9417368091318288,0.4489604633807718,2.5101287644659824
58.0,98.0,True,0.37503054430404914,0.17595189903702882,0.736643803163882,0.417056170366189,0.5933057135771406
58.0,99.0,True,0.3417248437948903,0.15501750570207257,0.6098740573327249,0.054564514186111766,-0.5084635929585062
58.0,100.0,False,,,,,
59.0,1.0,False,,,,,
59.0,2.0,False,,,,,
59.0,3.0,True,0.29211787249772386,0.16067230019181636,0.663249185905143,0.6178299463906013,-2.066870344626464
59.0,4.0,True,0.335810179670913,0.1630927106200591,0.642531589389777,-0.020281032648934546,-0.7067199383884555
59.0,5.0,True,0.33833881009333777,0.17339831026548527,0.6286135693688253,0.12377959089384641,-0.6114823565274504
59.0,6.0,True,0.36562956737612096,0.19857460017444986,0.8185936836353792,0.5211886601171336,0.29893779041004087
59.0,7.0,True,0.2263186447459627,0.1142201283092273,0.4446285409379326,0.3912263831983756,-4.488235598076972
59.0,8.0,True,0.3359211775735996,0.16350076425925172,0.6144346842909144,-0.24873953678678357,-1.0635435066609387
59.0,9.0,True,0.43204338421307864,0.2377363151217282,0.9653503699447868,0.7020778542126728,2.4471622382389353
59.0,10.0,True,0.42356652858176413,0.23381535394948902,1.0173932191303312,0.2751046814091431,2.0469067560046192
59.0,11.0,True,0.3938984568284199,0.13025623956048035,0.6190500308873932,-0.23837200898207925,1.2261427568517127
59.0,12.0,True,0.30886362745869117,0.18369082215661722,0.6632597876080343,0.19644135165216567,-2.027230573719627
59.0,13.0,True,0.3350609262181621,0.09720377530359256,0.5076025643576613,-0.32265124369111764,-0.9581794043296014
59.0,14.0,True,0.36626681313121084,0.11335068192037405,0.5246990122976757,-1.1510374407849076,0.4992935788295958
59.0,15.0,True,0.3879472174088331,0.17273775083971776,0.7545572349150325,0.24807901189731424,1.101278814905027
59.0,16.0,True,0.43892660154170643,0.11765158192594123,0.7223278490669299,0.028818083875255873,2.306560436320516
59.0,17.0,True,0.3200603349789125,0.10655786233240902,0.5573682161259892,-0.022814591552974522,-1.5811759603618043
59.0,18.0,True,0.36085842687729397,0.19361226849443205,0.681742303588778,0.0916849664550524,0.09017144970164655
59.0,19.0,True,0.47383311045559046,0.15891125171525688,0.7943643237501239,0.11409765881844243,3.7341185854103887
59.0,20.0,True,0.4051910944228934,0.23130344037267692,0.9888544065713084,0.508094851342719,1.1024408411280875
59.0,21.0,True,0.46478328213598213,0.25751800879075665,1.1120790209945002,0.9936658418945853,3.489020624918493
59.0,22.0,True,0.39559732860715857,0.17044806398945397,0.6833280492111256,0.1712615757572813,1.2177215692897956
59.0,23.0,True,0.40543631999994856,0.13980846432597413,0.6906028837210253,0.43552864364395566,1.2627202594100129
59.0,24.0,True,0.3950455438585988,0.16543024100588952,0.6861442829134644,0.06785055884459258,1.1403827817088175
59.0,25.0,True,0.3738664826595004,0.1385616402422533,0.6370314795611169,-0.07200789364662771,0.3385617378065528
59.0,26.0,True,0.42821606254735517,0.16331932234012955,0.7836504351482511,0.3995614496846056,2.1934711338115482
59.0,27.0,True,0.3203129724855704,0.11083916294893713,0.5260994154654861,-0.30078564817065584,-1.1593549136737953
59.0,28.0,True,0.3405467724996876,0.17486253546204156,0.6800263923881671,0.03380239412270363,-0.5914494668819297
59.0,29.0,True,0.40787233298339826,0.1567256245420685,0.6234091243037075,-0.46099459086169997,1.8093517778417212
59.0,30.0,True,0.4329239511772429,0.17259963409268606,0.8115484410844495,0.04652353406063158,2.5772940933284123
59.0,31.0,True,0.48695362527530506,0.2632564788947007,0.905491451048124,-0.027898687984308633,4.302652982946444
59.0,32.0,True,0.7173084701775052,0.20510461756078066,1.1070944954462296,-0.7715783333158681,11.882262244586178
59.0,33.0,True,1.176515663950179,0.3568683116036079,1.5,-1.0907643629622432,26.850403370585347
59.0,34.0,True,1.1915376681645518,0.54298321833801,1.5,-1.3726492245276152,27.891856659805406
59.0,35.0,True,1.2769276225945863,0.44075343700283837,1.5,-1.8130578469709195,30.722544721883843
59.0,36.0,True,1.2341444046847125,0.4714198070709826,1.5,-1.8256456623988546,29.40567832602641
59.0,37.0,True,1.1605595448596733,0.45420189980368686,1.5,-1.639354585742132,26.84986465299129
59.0,38.0,True,0.7620139583148173,0.3281927125090346,1.3685101183339194,0.19325995673133875,13.270180878845595
59.0,39.0,True,0.510396775386103,0.18042245673685764,1.109365367796214,0.7928338116666865,4.7193134192185235
59.0,40.0,True,0.49196382062554744,0.13740467747673352,0.7305514050685424,-0.20950519951878085,4.032949530879791
59.0,41.0,True,0.4704264866541959,0.23969550589556612,0.9895492440975752,0.6874781608797207,3.9035709364742655
59.0,42.0,True,0.3730704923783199,0.1354209721827973,0.58451011544703,-0.6219093875315341,0.07400017142176013
59.0,43.0,True,0.4300688038536476,0.14116422366688713,0.7678320616964035,0.41045789948398936,2.1267466588511006
59.0,44.0,True,0.3784078774499974,0.1405048436681285,0.6245203899395984,0.05164415093388003,0.6363781118918014
59.0,45.0,True,0.34536157145880586,0.20073844048630587,0.7176891381804388,0.553542098631623,-0.21481257703361772
59.0,46.0,True,0.4939185735775905,0.2140179771399761,1.0383608489223777,0.7823909161150034,4.5255960113876395
59.0,47.0,True,0.4938007059492614,0.15378824373645794,0.8291872855734134,0.21659614377807573,3.5558697374041532
59.0,48.0,True,0.5198491970145286,0.19298892457071629,1.2794433850552402,1.5302513388690306,4.905890817789316
59.0,49.0,True,0.4730504733044371,0.1660592562023234,0.850230459566985,0.6882987081586625,3.0247859062531486
59.0,50.0,True,0.5644566164378899,0.21442560336402583,0.9146502173772256,-0.09630830340308709,6.379220081959361
59.0,51.0,True,0.5980777822952811,0.2858810875156132,1.1761764957703318,0.4900024211999746,7.400457294161137
59.0,52.0,True,0.516948123744591,0.2181792868677981,1.024954339242895,0.49940314797454166,4.427548108023099
59.0,53.0,True,0.43129340950571776,0.1804137019300419,0.7834979273748129,-0.05363909038828365,2.498122785027854
59.0,54.0,True,0.3105935217728744,0.1200441650189765,0.5141782188888308,-0.2870773050936153,-1.5339652121143577
59.0,55.0,True,0.471301326745416,0.1596975931929274,0.8050947537382479,0.31171908260782155,3.1586478631524835
59.0,56.0,True,0.37995935798683467,0.12625783037613225,0.6401209836533295,0.13218464669909646,0.8250195683705492
59.0,57.0,True,0.25994050947809944,0.09355752324201788,0.480923991424024,0.012623421792750956,-3.2910621591758664
59.0,58.0,True,0.35088696090306015,0.15575165990445092,0.635328154674471,-0.3646240337968969,-0.5289095948367142
59.0,59.0,True,0.33198112948018477,0.11704907915739068,0.5805702107726561,0.1407873887360497,-1.1438202407817408
59.0,60.0,True,0.4188394940555903,0.21010315004561955,0.8386741087859807,0.1799404823615045,1.777033125488162
59.0,61.0,True,0.3380928011577656,0.15652602912325173,0.6387340808109135,-0.02787173465911257,-0.49471990069936
59.0,62.0,True,0.38768908507962774,0.16914916077392073,0.7966628303122644,0.3141698174472178,1.138252424403268
59.0,63.0,True,0.3778391738205931,0.212164090639866,0.8386316774413131,0.10234489288820414,0.01811862240079256
59.0,64.0,True,0.34348652350831527,0.1344819192186578,0.6279351256965797,-0.010753987581220436,-0.3530189992542228
59.0,65.0,True,0.37297790731633884,0.1721168180030447,0.6818360067686035,-0.34262079563812203,0.8731777260860927
59.0,66.0,True,0.2577981035064096,0.2007902254864599,0.8325372444795289,1.3141601417511424,-3.492356778979703
59.0,67.0,True,0.38789963268328026,0.14683800645424136,0.5835159077299632,-0.7600229731408595,1.1348454471256657
59.0,68.0,True,0.26299551180333575,0.15632962634464226,0.6323401992575098,0.6357655658577818,-3.281722096694611
59.0,69.0,True,0.2729300303729901,0.11823084660525279,0.650563240880348,0.2884168583564761,-2.8709120558149044
59.0,70.0,True,0.25278319026871715,0.13701316661727567,0.5934754836446634,0.47040074477642985,-3.675634514441427
59.0,71.0,True,0.2507800365117422,0.12362462509179499,0.5235236252669829,0.2892164390148691,-3.5897541523048666
59.0,72.0,True,0.25163011489601694,0.14363961405995973,0.4974696811254614,-0.03815541097938826,-3.454791355658621
59.0,73.0,True,0.2673048980493102,0.09110431413719909,0.3977416955693454,-0.5376492274533247,-2.9194735112644343
59.0,74.0,True,0.29975287482404006,0.19535799544620985,0.6771840273602815,0.6728016903741976,-2.1123326285248045
59.0,75.0,True,0.36577466870186376,0.19437205274607977,0.8705685860790214,0.5208832997335039,0.6927543151194107
59.0,76.0,True,0.21092014309808904,0.13942878589034965,0.5855483626943653,0.5603992356661021,-5.292334163584917
59.0,77.0,True,0.34381211683794455,0.17321245623931183,0.645492685946448,-0.14555145599170186,-0.7553954283706403
59.0,78.0,True,0.5153873893420665,0.2962208122607258,1.2259299876393692,0.04682180805136641,4.270789963936059
59.0,79.0,True,0.49247504125646174,0.15470535485952486,0.8038612764562687,0.1995518928122083,4.278833308273747
59.0,80.0,True,0.5958833392243006,0.3181744140498702,1.5,0.6348881659849978,6.655658652246817
59.0,81.0,True,0.5045021158243737,0.21957620455333715,0.989681474696581,0.5214313670547399,4.557064038521633
59.0,82.0,True,0.4717161652047021,0.12518294544728867,0.7258564025508548,-0.21962712655201222,3.853094334085664
59.0,83.0,True,0.5448020624372483,0.21219441311632187,1.0702583730911857,0.6112658963866942,5.656179575806485
59.0,84.0,True,0.5390129527702404,0.16797360481241402,0.8471684249287961,-0.2221462004354632,5.399672250350343
59.0,85.0,True,0.6431792126560658,0.28872546460306564,1.2089035645356767,0.06029770239801697,8.659825347737494
59.0,86.0,True,0.6198693145542628,0.203489087805873,0.8863724943413932,-0.8217339318222913,8.87105555346339
59.0,87.0,True,0.5608975340404881,0.19403385642708704,1.0344099796693509,0.5653192468602246,6.215168383160326
59.0,88.0,True,0.5186030666180392,0.15792519285054896,0.9154456831084976,0.49156011364113794,4.973866879072042
59.0,89.0,True,0.32592337878471545,0.17140824663780002,0.7057749933641921,0.84716458663285,-1.282502087389795
59.0,90.0,True,0.47974868542613,0.1305818400756051,0.7085108523458599,-0.08747066373333796,3.940081284789487
59.0,91.0,True,0.3772109804848915,0.14239816641041433,0.6322951653825408,0.18813075867648593,0.7101260526540667
59.0,92.0,True,0.4003666987936663,0.13827821613160574,0.6811227115513533,-0.19720902800352036,1.5594886714500547
59.0,93.0,True,0.39868322656738314,0.13880031482862507,0.6595591561665253,-0.31580251930360054,1.1425360338237902
59.0,94.0,True,0.4208107185038851,0.1591276024716066,0.6978701808252052,0.039552795620788866,2.3006071072188417
59.0,95.0,True,0.5553044511468084,0.17716707149359,1.0737344400034032,0.504915161636924,5.4087927751612535
59.0,96.0,True,0.42005710020757364,0.20527567290577145,0.7769020799584822,-0.42706281697686493,2.3236717874622843
59.0,97.0,True,0.5429117476966177,0.16970950953268835,0.9646170554771218,0.29314109451236964,5.650341379594326
59.0,98.0,True,0.38789317043962784,0.17010093840101126,0.795224528588085,0.9571944289394368,0.8573262501677948
59.0,99.0,True,0.2994685566087455,0.13510648888441318,0.5529284242948168,0.08091699866952153,-2.2411456830177694
59.0,100.0,False,,,,,
60.0,1.0,False,,,,,
60.0,2.0,False,,,,,
60.0,3.0,True,0.3292942644027476,0.11101567198696685,0.5269830887072288,-0.25436583236049176,-0.9999243808006217
60.0,4.0,True,0.3274797760394368,0.22345561185255935,0.7523638146343028,0.34466820186250996,-0.8634091938643704
60.0,5.0,True,0.3509398173653808,0.12412156714583769,0.5332714782401191,-0.49830858801824385,-0.19216007659951095
60.0,6.0,True,0.4356236372806615,0.17183839786530902,0.7987817201102902,0.3298866175861796,2.176696106461509
60.0,7.0,True,0.3210623095747882,0.1427728034973618,0.6400806804737177,0.5192721640229873,-1.4035772880727202
60.0,8.0,True,0.45234442995412155,0.14427403862813742,0.6852304936759628,-0.020421615315989402,3.01096617983516
60.0,9.0,True,0.23896885451654282,0.0976018805403678,0.3772224591638587,-0.17536554581351158,-3.9450557756426345
60.0,10.0,True,0.379936427276098,0.1425048708874262,0.6037980722633878,0.1351283815469448,0.8976346229330493
60.0,11.0,True,0.42394260051572064,0.16396802118755277,0.7539842333031554,0.3818921481600337,1.7835758553047096
60.0,12.0,True,0.4250174754931695,0.2011033142712653,0.8277557618982002,0.27220558357482066,2.24905627172171
60.0,13.0,True,0.39532567923182177,0.15798338497341943,0.6625225907956883,-0.822599789959939,1.1224514686497418
60.0,14.0,True,0.36365692862384547,0.1468384667583263,0.6466446455338495,-0.12996409290278607,0.17465719973851546
60.0,15.0,True,0.39136190245500896,0.25955287021940576,0.9663509485237324,0.5221308494265471,1.104408791927978
60.0,16.0,True,0.33418623842560485,0.13008952973532933,0.6058070177020948,-0.004664222605437422,-0.6908973555284164
60.0,17.0,True,0.4930378737800311,0.21489759880990794,1.1963186391783285,0.967740538933081,3.8862351020880626
60.0,18.0,True,0.3757119969807738,0.17444125925019743,1.0421190587866394,1.7261036810068238,0.16074647113064625
60.0,19.0,True,0.39561681677202815,0.23706171966964112,1.087418844675813,0.2604505659892563,0.35129693959711794
60.0,20.0,True,0.3656871033998054,0.13853015234329882,0.8240416567299295,0.7258444586413436,-0.44695184961914003
60.0,21.0,True,0.5184569664996151,0.18619253852505008,0.8628598201883666,-0.44798007595491746,5.188427476767163
60.0,22.0,True,0.4022560808679848,0.18688122629248086,0.7421399903904706,0.22573439730908754,1.469487834370581
60.0,23.0,True,0.35782068721893895,0.1121589938773533,0.6375462720163345,0.5530312789253751,-0.19714527884846964
60.0,24.0,True,0.3558625471517281,0.1352582010344562,0.6161609507341257,-0.40359555328054025,-0.0631788854288867
60.0,25.0,True,0.3378257780785275,0.1154521604758362,0.667049265121274,1.0446371462968043,-0.745335779406609
60.0,26.0,True,0.3184152853536027,0.2092083351125765,0.7815098981460319,0.5850860279427847,-2.2152384862121894
60.0,27.0,True,0.3782313377688708,0.1672689102945111,0.6368788846022545,-0.14146116652910318,0.6508111407331307
60.0,28.0,True,0.45506314776745027,0.14255341417392267,0.7748465369818162,0.15863128216804648,2.746645824598774
60.0,29.0,True,0.3348339286018519,0.21493955426499822,1.0809511383740993,1.0440008399065934,-1.1429128252107392
60.0,30.0,True,0.35244841239633257,0.17549468741758228,0.6916580960607392,-0.06960741191966281,0.08685407247988411
60.0,31.0,True,0.5252690388232072,0.1971761897914589,0.9292847284274678,0.1439137221452015,5.507811185282512
60.0,32.0,True,0.7655516604860388,0.4721960784293507,1.5,0.02955606081644911,14.203696608669658
60.0,33.0,True,0.9895365323549601,0.4517538139416068,1.5,-0.3071020819197487,21.311588100159444
60.0,34.0,True,1.3100823217976676,0.4201681700580212,1.5,-2.206263611075749,31.91121712364568
60.0,35.0,True,1.2569665209683858,0.5024961767537525,1.5,-1.7771352497257484,30.39060992111527
60.0,36.0,True,1.1788068618367575,0.4585871492376541,1.5,-1.4176374021079656,27.475563733698923
60.0,37.0,True,1.0666109093500593,0.4809732349947537,1.5,-0.6356708665025866,23.3491077597091
60.0,38.0,True,0.7739623063055564,0.3290004734787141,1.3489919143333695,-0.05709431999355731,13.499354486704611
60.0,39.0,True,0.6129572680487444,0.2042181055809983,1.059658599081868,0.42648138592740603,8.047057706171591
60.0,40.0,True,0.4146617288605074,0.19755464192601552,0.8271554330251065,0.3374642823764646,1.8297500564706783
60.0,41.0,True,0.40731676427104774,0.2307761438385714,0.9811129757480672,0.7679286134460147,1.6851176960101077
60.0,42.0,True,0.4167781121953588,0.17908643676072178,0.8724064026170719,0.9254834448117427,1.983077023258104
60.0,43.0,True,0.37017669735831,0.14818119236654034,0.6521891149686272,0.15231879562657263,0.041868822496403835
60.0,44.0,True,0.38544566051339285,0.15944176721909953,0.6811262639250868,0.2982433957849681,0.6472042275099263
60.0,45.0,True,0.3702844636070071,0.1134651492478422,0.5891250439906834,-0.06606591419660197,0.2597348220161712
60.0,46.0,True,0.42788582674298464,0.20633121880671348,1.1406612228507482,1.1001048166239087,1.8538317988222757
60.0,47.0,True,0.45555818097104145,0.13748645764148773,0.653544885454897,-0.7987828600018235,2.7343905800004986
60.0,48.0,True,0.39903382442519725,0.19947678172034253,0.8664025294609221,0.5580208273200158,1.5255901470240356
60.0,49.0,True,0.39421829416551074,0.21193637145941838,0.8263600406583581,0.29955122811446677,1.1691973887941907
60.0,50.0,True,0.4986738591452365,0.15994853946709217,0.781568062714252,0.07640674695945301,4.316200074952433
60.0,51.0,True,0.4699499226205911,0.11254329074339273,0.64760570189567,0.11167253808845458,3.370410898208382
60.0,52.0,True,0.4193790670224513,0.1521079239540041,0.6731936226496428,-0.30984980951476293,1.8803127785340612
60.0,53.0,True,0.32551854797095764,0.16113635425871334,0.7286322545400313,0.9874954996804725,-1.2363570788510378
60.0,54.0,True,0.31267168566158415,0.15820651230631871,0.633620693282133,0.07112759951980598,-1.7465888043302058
60.0,55.0,True,0.31120431520838643,0.14808589097184469,0.5899627863473678,0.3396106815542911,-1.6157511176896486
60.0,56.0,True,0.20536694087338275,0.10262446390673793,0.377193916203279,-0.2513123625695909,-4.71089052517362
60.0,57.0,True,0.3149720210771433,0.13249212675959224,0.5667781393509278,-0.0026412263179920095,-1.244840563245272
60.0,58.0,True,0.2742100066045687,0.15148971045798806,0.5095263090703641,0.08232029539338652,-2.5132601089934425
60.0,59.0,True,0.28554434273939416,0.1259174094305269,0.4766326280160226,-0.3069061096428984,-2.3890314784615585
60.0,60.0,True,0.3259984977728918,0.15919153301555375,0.6893458838999355,0.4432822853132741,-1.3056024643694908
60.0,61.0,True,0.27592191709146774,0.09901341859099637,0.4379714620143836,-0.33961719841358834,-2.641716934789211
60.0,62.0,True,0.3608353168351106,0.24372833582346423,0.9507302899586504,0.6782969915758189,0.32261978286653425
60.0,63.0,True,0.4163226078953094,0.18547594685032315,0.8089480152438422,-0.13410858398340145,1.8024401965747905
60.0,64.0,True,0.3255917060074317,0.16990941148736954,0.6809911265031559,0.8367206164775137,-1.1047714031197056
60.0,65.0,True,0.3883388311753609,0.11233230258416813,0.5779024040298965,0.031451981282680466,0.8199096022957102
60.0,66.0,True,0.24424373360527377,0.14807887578669884,0.6247387191237965,0.49187740556879145,-3.6165674430163626
60.0,67.0,True,0.29584509882588567,0.1560522959745107,0.5794238549050105,0.015494628046167004,-1.941041385439316
60.0,68.0,True,0.25613532624769886,0.12698438341460044,0.4643785077717726,-0.08178415216839799,-3.3418556093168656
60.0,69.0,True,0.30872266499616813,0.17977261507202874,1.1088984984309451,2.5242399431698277,-2.221527635869027
60.0,70.0,True,0.2755943993392076,0.15577602569217897,0.9228417623951404,1.5922577849701112,-3.1696695861105266
60.0,71.0,True,0.22712693137285198,0.08891017949180152,0.3542894871755553,-0.2885665412394416,-4.183316512008318
60.0,72.0,True,0.27656777054917986,0.10612203701037685,0.4797345216390193,0.02389720253297045,-2.6518039646911378
60.0,73.0,True,0.2810328459105169,0.14493936468510915,0.5556377440750981,0.21117789306262785,-3.1509060314023714
60.0,74.0,True,0.2951749506188215,0.11717870475784191,0.5391206005263404,-0.13785827995474065,-1.9759366804207712
60.0,75.0,True,0.40317277606825397,0.15661640332523225,0.7603425865268674,0.8092737267560964,1.375690270846159
60.0,76.0,True,0.2160419833790707,0.07756336735094485,0.3576464146558867,-0.7253437952147996,-4.619241482842472
60.0,77.0,True,0.3620133537009462,0.23200792050496916,0.8410694233644748,0.36575478065403333,-0.24264538469433428
60.0,78.0,True,0.4816787576276708,0.198540067586527,1.0051474778498617,1.1929380990046974,4.125578601331266
60.0,79.0,True,0.40521461479478355,0.14297237762815962,0.6759565378001251,-0.6422517196384108,1.1295127316232638
60.0,80.0,True,0.4192703752014616,0.16405358896311578,0.7558300854538303,0.27329366296335134,1.8877663631876969
60.0,81.0,True,0.4596777592813285,0.2789532977108287,1.1871688293200604,0.3347858050415071,2.193752296601053
60.0,82.0,True,0.441041948666529,0.21245365772838737,0.935545603103054,0.783195252486022,2.2773982896148692
60.0,83.0,True,0.5767837532010595,0.23581554614732225,0.9453686145731424,-0.5149266985133698,6.9301309293456566
60.0,84.0,True,0.5966530736044905,0.1991381130121751,0.9263957155129816,0.008270920365551333,7.134346156777377
60.0,85.0,True,0.7530738299129345,0.17969643949015002,1.1748792795358882,0.13369846287370118,12.717500523244576
60.0,86.0,True,0.5851586346413388,0.14970155470688487,0.9422990981547053,0.43335718388728994,7.106193128287693
60.0,87.0,True,0.6047765404907697,0.16356510878292657,0.864337545845341,-0.3752421778425817,8.057993686875
60.0,88.0,True,0.5914358348132757,0.18203355339954322,0.9842290442048652,0.23821872910513947,7.474220854194653
60.0,89.0,True,0.6763558062405812,0.25073449457945923,1.0985446782432935,-0.40081351504400253,10.614036790027376
60.0,90.0,True,0.4679172746835003,0.15096416141048233,0.929117052835272,0.4349487357898001,3.3094712836778424
60.0,91.0,True,0.48065048004888966,0.14714634920984382,0.8372514286963286,0.14466162902703864,3.260440868095541
60.0,92.0,True,0.3585767585543327,0.20596963371441027,0.7693101552871425,-0.03798192834543402,0.4229804198060275
60.0,93.0,True,0.3344469188029082,0.13741621903305123,0.5949312382411148,0.017827328759226192,-1.3546611759453833
60.0,94.0,True,0.5246946765551405,0.30871303697184943,1.199571021377361,0.6222685564145687,4.829195880711872
60.0,95.0,True,0.5576045403948167,0.29221693623349554,1.4608100078263142,1.1504749824350935,5.574633137379883
60.0,96.0,True,0.5746888064360162,0.2606813143862462,1.3127458462107708,0.3041588513830885,6.318049482723692
60.0,97.0,True,0.41675505053717343,0.18478906684413854,0.7221769684042729,-0.13630855994462535,1.880008161057165
60.0,98.0,True,0.49011420194047817,0.17584873144769064,0.784642040392951,-0.4512396202473131,4.110100067949561
60.0,99.0,True,0.18376425072512315,0.07255482541947861,0.3349089224179336,0.06511891576123277,-5.53163805984545
60.0,100.0,False,,,,,
61.0,1.0,False,,,,,
61.0,2.0,False,,,,,
61.0,3.0,True,0.2411717307021231,0.1413067007289249,0.4755434857647131,-0.21678227871831088,-3.9528945079072373
61.0,4.0,True,0.40466300001281225,0.1943925556780482,0.8226734376819395,0.15854609693616376,1.8387422389143406
61.0,5.0,True,0.4218616032655585,0.16172571948466363,0.7449638317000042,0.2556340754282397,1.7857801004841531
61.0,6.0,True,0.521277899081011,0.24072802195216836,1.5,2.0876017408649306,4.2721871534252465
61.0,7.0,True,0.40052422728326764,0.24790567686519352,0.9727347584851276,0.8034505612807303,1.608059021255421
61.0,8.0,True,0.3247805732972161,0.23411022530614753,0.8768112692034886,1.0071727011952274,-1.1547879645760484
61.0,9.0,True,0.4762069371240284,0.2899894629524037,1.2042147349936168,0.9079841047153911,3.3289575854657603
61.0,10.0,True,0.41157419902398,0.20341241386287567,0.7558295830581064,-0.12277249128382121,2.1685507367877435
61.0,11.0,True,0.34156539910406297,0.0897711855529927,0.5521456108377959,0.03819201755461031,-0.520684791538943
61.0,12.0,True,0.27758716434122693,0.11030292456629402,0.4616883319778176,-0.47581414785186166,-2.3891431924829805
61.0,13.0,True,0.39199522259324104,0.16011714425735346,0.7065195170115368,0.20409741161557685,0.9842900518692022
61.0,14.0,True,0.3344294354479032,0.17189494015665788,0.6810612533667325,0.6427404980087645,-0.6819146340400292
61.0,15.0,True,0.4066979889584953,0.19333535532981053,0.8194377034028747,0.5929636869810333,1.6597293568850757
61.0,16.0,True,0.2886941019858402,0.1511778353122454,0.7086664630617584,0.8789524756070409,-2.2965118558548725
61.0,17.0,True,0.3536429440697944,0.15203999106712904,0.6418950885897923,-0.01845916183921776,-0.06268306872150439
61.0,18.0,True,0.4420249169705261,0.18761625792382158,0.9032504676688936,1.0574128788775152,2.623384432250658
61.0,19.0,True,0.3372206284942845,0.2071901081779123,0.7077397270437551,0.11184122085719429,-0.1431360110192647
61.0,20.0,True,0.3576261195074006,0.12737546973553557,0.6504228337343109,0.32658547193150395,-0.20121796033110534
61.0,21.0,True,0.42848237963461455,0.19483308166210883,0.8806746609828829,0.26165617547837017,2.3597459635385727
61.0,22.0,True,0.395882085629428,0.1563986206163481,0.7459213099364068,0.6050507078817942,1.1361810486412165
61.0,23.0,True,0.3682361208067066,0.16269690119294536,0.6873542549773027,0.5024601958557028,-0.30405332820086606
61.0,24.0,True,0.40152458424745385,0.19329797229744558,0.7310754227775298,-0.16974335808298455,1.007492106868946
61.0,25.0,True,0.2935868206490965,0.1646432177147684,0.6116467023648294,0.04443858751106683,-2.0803908815800067
61.0,26.0,True,0.3217282897403252,0.1308473734476235,0.6440961090010211,0.8222674392088188,-1.3061209565294827
61.0,27.0,True,0.33146987857425925,0.14994390958019682,0.5912314634192171,0.007742927900836719,-0.6865007547293955
61.0,28.0,True,0.40668112829107456,0.23911383340329154,0.94309912554901,0.6317734554395463,1.4993130325008248
61.0,29.0,True,0.4576517989873305,0.18253426405797407,0.8076308308465963,-0.3976592403548361,3.472344093973102
61.0,30.0,True,0.5245611572939446,0.23878826027820885,1.019326253935006,0.3325916521124767,5.308082835419387
61.0,31.0,True,0.4513852333105011,0.17020304215606716,0.7901756113640449,0.16554291191602755,3.1419244773625508
61.0,32.0,True,0.7551550146973455,0.34260666537723367,1.3530532375650544,-0.14789729628995196,13.690425934151948
61.0,33.0,True,1.0550030530200354,0.5010992065033898,1.5,-1.0284108729651322,23.506827245571557
61.0,34.0,True,1.2461138675678638,0.48597158966706133,1.5,-1.5202433250120693,29.749822672379267
61.0,35.0,True,1.2924543615852229,0.46115771050116444,1.5,-1.9219746455007987,31.312439554260557
61.0,36.0,True,1.160781698158086,0.47456348935201015,1.5,-1.283929954669166,27.030597179756157
61.0,37.0,True,0.9783152704853474,0.42603395391785864,1.5,-0.9119736218837341,20.5946970968392
61.0,38.0,True,0.8323621085217343,0.474039356072091,1.5,-0.27863250508506143,16.459310993705884
61.0,39.0,True,0.5010342078056637,0.1909579259804545,0.8700933904247556,0.602520670625129,4.381951820229129
61.0,40.0,True,0.4706813521306057,0.14763170152151642,0.7937111956158771,0.4061311107296779,3.54230528009561
61.0,41.0,True,0.3247838273070232,0.1403566404302907,0.5188919597125745,-0.5167328919065648,-1.1263169093788246
61.0,42.0,True,0.3522065693300912,0.09285428648530579,0.5426785890353921,-0.05015702266243719,-0.23110888736650406
61.0,43.0,True,0.2481804861708419,0.14816728600443504,0.591117498101931,0.5671516079885128,-3.8951588486494155
61.0,44.0,True,0.47959534722510977,0.18875888710387967,0.834348988255443,-0.008021495365706972,3.3967875513381673
61.0,45.0,True,0.4663950587942731,0.17615768731786882,0.737282520033767,-0.5628117905529567,3.3237766076661446
61.0,46.0,True,0.38275684153743333,0.23203964764072574,0.9063859659551292,0.6515926992181661,1.0494738447277274
61.0,47.0,True,0.29634525736715756,0.13021550142417398,0.7003120396339034,0.22451728928925818,-2.1929225238377983
61.0,48.0,True,0.4421183454797481,0.1554790590427852,0.7504761266117845,0.08716928516895833,2.474071717712328
61.0,49.0,True,0.5608613742772687,0.24416484856852844,1.0833957580608422,0.3967893191541187,5.631912047747055
61.0,50.0,True,0.4774164139069292,0.13119525917715202,0.7720420516776719,0.4132635902023772,3.6895287763711293
61.0,51.0,True,0.3531186145245456,0.17619003496157926,0.7861900072049718,0.9648347058522845,-0.3951602579482157
61.0,52.0,True,0.31965277750775223,0.15800532170917317,0.6916095096757241,0.69121127088024,-1.240268993429747
61.0,53.0,True,0.4196020061666469,0.17928438510983918,0.7936856625317805,0.7558711449222529,1.8663273417848891
61.0,54.0,True,0.4049273080735385,0.20902953225920612,1.2119708672621938,2.1012287387627646,1.0938871057644484
61.0,55.0,True,0.29772535756971846,0.13420457245315154,0.6367036715062311,0.6987751252629982,-2.151695567277738
61.0,56.0,True,0.24430563321408472,0.13756511742473848,0.48173789083153,0.18148114937425974,-3.5746026187670434
61.0,57.0,True,0.24576223212439097,0.11576016321820821,0.4687551141140875,0.35879297655311276,-3.5541158163620614
61.0,58.0,True,0.34236855806053257,0.15203192142441363,0.6586057993730093,0.5527311672045618,-0.7235849203114691
61.0,59.0,True,0.18917505712583157,0.11189876442126293,0.3557272780057794,-0.3587331572105578,-5.1937111198427965
61.0,60.0,True,0.2775412390584776,0.23070177055862803,0.8049267946317704,0.8879413419201799,-2.8754183944361342
61.0,61.0,True,0.3332383573065864,0.18420046077888638,0.6904572938359574,0.1652903583277514,-0.9758241497545742
61.0,62.0,True,0.28844012160141563,0.14788916155637505,0.628732694934252,0.3894759647833233,-2.6042926535204143
61.0,63.0,True,0.3039573539080532,0.14685391046631732,0.5706512403392741,-0.02898456824675052,-1.779811989927377
61.0,64.0,True,0.3673097351970678,0.1273421754293439,0.6565639156933044,0.08368997691687816,0.21113426803067842
61.0,65.0,True,0.309171383867578,0.16248445881143114,0.8629708837938237,1.2295362702653982,-1.8390749421577575
61.0,66.0,True,0.2632479473666832,0.10820525681655307,0.4703571649749839,0.09056806042065241,-3.3210719474461374
61.0,67.0,True,0.3233252421553534,0.11583955013090887,0.5164879935402322,-0.3561288858616507,-0.941751532041335
61.0,68.0,True,0.40516704521485525,0.1693453395725325,0.6943851413207617,-0.4166084167645996,1.302645658756494
61.0,69.0,True,0.2552012069352583,0.11937877123161698,0.4890725059123754,-0.12623990642394503,-3.4688853432172526
61.0,70.0,True,0.2823881206969985,0.13766359305959547,0.636741815686706,0.6860222074280757,-3.0111857667273574
61.0,71.0,True,0.32426647864935304,0.1386934040210818,0.8112614448701863,1.0520555666620077,-1.668531746980961
61.0,72.0,True,0.22193868930762606,0.12551448321171715,0.4526725069119908,0.671752518015066,-4.461922659342341
61.0,73.0,True,0.25926503681338625,0.15834993506287065,0.9077503503883986,1.753523463387216,-3.4169323667344162
61.0,74.0,True,0.3756143138493846,0.20180702002863704,0.7701838144578376,0.46414985804227116,0.44962494698718436
61.0,75.0,True,0.2809302997039071,0.09462801517360693,0.4266468714788393,-0.42063818675595516,-2.6256968933398217
61.0,76.0,True,0.4010140652336525,0.22606418142704277,0.8539203106810098,-0.1386133725338301,1.8851943443345784
61.0,77.0,True,0.3784349496786875,0.21001186204714653,0.8508514179231738,0.5344617526022702,0.3917075039972086
61.0,78.0,True,0.36432530531376467,0.13134213260825284,0.5892060154336133,-0.08682295739608349,0.39862557815662747
61.0,79.0,True,0.516538112296244,0.1759477992190028,0.8500208581031511,-0.21878140521123798,4.721803307433015
61.0,80.0,True,0.3355951258981793,0.14327320704408322,0.6152278634842757,-0.297619726836022,-0.9909317133214919
61.0,81.0,True,0.346792222171298,0.14523856255392475,0.6048924146159469,-0.3032321320336584,-0.5323380668596099
61.0,82.0,True,0.38669384347157876,0.15370870484582227,0.6715101148495588,-0.25212621158587006,0.7266799962941841
61.0,83.0,True,0.5151083520339063,0.19341397036589372,1.046181525556681,0.29403328693335273,4.5620186341705775
61.0,84.0,True,0.5353529923498621,0.20842760312387917,1.045056248147103,0.2269796604048447,6.223892464660676
61.0,85.0,True,0.6879225410417475,0.24157922144356603,1.0926956063290318,-0.16651748844644185,10.392980557108737
61.0,86.0,True,0.608479459815235,0.18973833189737874,1.0822659050930772,-0.583642813429189,8.091168707530189
61.0,87.0,True,0.559861976879039,0.1727449108864319,0.8745198394872922,-0.24192917421950572,6.130412920756824
61.0,88.0,True,0.5725696417071218,0.17884526684785368,0.896115703029575,0.20330402830853964,6.992303027408154
61.0,89.0,True,0.596568194188066,0.2627666495228796,1.0671086480912948,0.23972155262796285,8.13029652440041
61.0,90.0,True,0.40173103845496616,0.10490760332832343,0.5914628229152399,-0.9653239416021615,1.5015446906857899
61.0,91.0,True,0.3361083580282657,0.16320821583596196,0.6214090736536809,-0.1008066431280609,-0.7768509909111694
61.0,92.0,True,0.5550903526252092,0.24694924587237854,1.0230172897119965,-0.23381912762844484,5.80255471996305
61.0,93.0,True,0.3373783727817418,0.14326325207697216,0.5687636684088392,-0.38282576260148193,-0.5636702862943193
61.0,94.0,True,0.43508267455485544,0.14107641744015995,0.7959679635105674,0.45459114143568025,2.531374610363734
61.0,95.0,True,0.5070468394848204,0.24386216397241386,1.2190237842081844,1.0796352323116376,4.082198445324286
61.0,96.0,True,0.5013201947060971,0.21574507130754164,1.0732558525355764,0.8115806041656336,4.005386894212805
61.0,97.0,True,0.46094299074994155,0.16330314281680974,0.7583481919175002,-0.15813199541411366,3.3667034762215895
61.0,98.0,True,0.45221030587087185,0.1546255686605542,0.8724643438169353,0.3589643881447941,2.94130964894957
61.0,99.0,True,0.11370769854966284,0.09400876120418163,0.2790870881918012,0.38599502612949804,-7.961811329892197
61.0,100.0,False,,,,,
62.0,1.0,False,,,,,
62.0,2.0,False,,,,,
62.0,3.0,True,0.18123761441120678,0.10493906478822526,0.373738691348706,0.10894274777113268,-5.906226177441402
62.0,4.0,True,0.47508854971259623,0.1702574322564711,0.8014730038324751,-0.10034596841481427,3.3886887148324507
62.0,5.0,True,0.3904845813823796,0.21197835863002287,0.7066476915773057,-0.48133254169867984,1.4240144149595038
62.0,6.0,True,0.5818333753691627,0.21614666937810306,1.0232597314924756,-0.37587524981676057,6.994325662404572
62.0,7.0,True,0.5041239878771882,0.15145844010878165,0.7660332431492756,-0.44768713949496214,4.303306289813704
62.0,8.0,True,0.3645460544043264,0.15162088994991996,0.7647442912809721,1.064665564110333,0.215439682606269
62.0,9.0,True,0.4925869504488187,0.19079935875634357,0.8437216183673779,-0.4506735587387473,4.362071828354705
62.0,10.0,True,0.4336063653038449,0.12368436584225247,0.8369610814284658,0.6687630474875065,1.9194406008728981
62.0,11.0,True,0.41292154915320156,0.14729544180557527,0.7467816250829338,0.7020885659697421,1.5025997054687956
62.0,12.0,True,0.3812532305430578,0.13761319799106314,0.6262986748095388,-0.3355444210536066,0.6659068124439358
62.0,13.0,True,0.3679020924928436,0.14284459531257787,0.6057084612223799,-0.29444288198950563,0.3772750285391126
62.0,14.0,True,0.32810579832816505,0.15816426245890028,0.7063819945871079,0.5378040996807705,-0.8001350499553908
62.0,15.0,True,0.32570024085535876,0.14202883622691773,0.4839373153785942,-1.0292079501289921,-1.6485376209073088
62.0,16.0,True,0.4234445848433273,0.19968035179427318,0.9166128832770644,0.6627294105123293,2.1387919442435153
62.0,17.0,True,0.39185074575145395,0.16628171290912425,0.7401023702343602,0.2504608992135601,0.6846150435352923
62.0,18.0,True,0.36618290304495493,0.13403516291355758,0.576987569631636,-0.5694363384572043,0.3053501558343303
62.0,19.0,True,0.4945491199072706,0.1555309143185498,0.8259587151253711,-0.006408226196713991,4.224867269803618
62.0,20.0,True,0.38187641334863515,0.1292440734137049,0.6889131105756159,0.11144668689433636,0.4599882725348965
62.0,21.0,True,0.33095481600149546,0.22384490992659772,0.8550070973526825,0.6632771284567669,-0.6091224732446633
62.0,22.0,True,0.32997827821176884,0.08348191896127106,0.5145152203912656,0.4502070647899878,-1.2087189959680795
62.0,23.0,True,0.36669497443727317,0.17473372801055226,0.7260942173860003,0.4081705911619312,0.01520054151017345
62.0,24.0,True,0.3131796317260087,0.17417314969541026,0.5824606715665208,0.20674750260179878,-1.4779353738926677
62.0,25.0,True,0.3088225103097123,0.19918961943869007,0.9674022494397428,1.1850769373759706,-1.964011635569924
62.0,26.0,True,0.4258445863374585,0.20396077616173494,0.8576494553006161,0.06406504489119767,2.357094802084551
62.0,27.0,True,0.3432049385400588,0.16665320667245037,0.6583733793811567,-0.22276610064906285,-0.3663286291288713
62.0,28.0,True,0.3231708494931398,0.13974491328725808,0.6397052437225319,0.06187487155923346,-1.2050531805940836
62.0,29.0,True,0.3731046190411751,0.15797588992325276,0.6128732280958211,-0.11716953610466721,0.3633683342495945
62.0,30.0,True,0.4216330839368165,0.21309149459800786,0.7847366263585804,-0.3469580942718746,2.1743286615945765
62.0,31.0,True,0.48885316957185687,0.24237770384401694,1.17189298786435,1.4402563164191926,4.160570797977068
62.0,32.0,True,0.6670546071678874,0.4169667685280802,1.2728244762281449,-0.09880865608174977,10.740495844815522
62.0,33.0,True,0.9296360730240242,0.38093696018456197,1.3547906199083497,-1.135522884731233,19.520061376539815
62.0,34.0,True,1.1198711611593144,0.48258968323506785,1.5,-1.2354703836327112,25.49119870542026
62.0,35.0,True,1.201408386677403,0.4089181450532012,1.5,-1.3731475092016339,28.155302379348335
62.0,36.0,True,1.2810097195520016,0.35267635832882027,1.5,-1.5008022338009952,30.453140250693885
62.0,37.0,True,0.9441754658993818,0.39159769872767036,1.5,-0.19020439726718627,19.63604571788381
62.0,38.0,True,0.7394271891834711,0.2526976642655883,1.1285462423099892,-0.14171517429912006,12.538003696623653
62.0,39.0,True,0.5179596829835561,0.31580995475958357,1.1879190861106652,0.626500602654863,5.65212477873106
62.0,40.0,True,0.40736466827271134,0.23179449851804723,0.7830765341095105,0.22420570084559374,1.963588842260715
62.0,41.0,True,0.412594309747396,0.24268481522765134,0.8956700832037289,0.2994539411306758,1.319797246739804
62.0,42.0,True,0.3093338920081493,0.1730915846095537,0.8058763751013479,0.7923737268093791,-2.0373994860594484
62.0,43.0,True,0.4841178093984843,0.18098476129247668,0.8727753465080907,0.49455703670188544,3.850757327623262
62.0,44.0,True,0.39385934902420416,0.19713226450257604,0.699254555113288,0.05856745486361151,0.5905754346431358
62.0,45.0,True,0.35061606401961,0.17272366469661707,0.7989402006127043,0.5005194957939357,-0.4535295047571106
62.0,46.0,True,0.4367140275095208,0.18343886995887593,0.8111113325323618,0.162913742135082,2.440432583125044
62.0,47.0,True,0.41648684463509594,0.25055279757195287,1.5,2.2164443901309707,1.5904380085613545
62.0,48.0,True,0.4964769164623486,0.17442685684644776,0.8629016267926758,0.5910767812108983,4.482063680883624
62.0,49.0,True,0.4369667969525859,0.1774240127134711,0.72297946552763,-0.9218860819031737,2.24919115612822
62.0,50.0,True,0.47765925978261625,0.1514578590443534,0.7499457766646795,-0.24491464218284395,3.510470624457099
62.0,51.0,True,0.4739976875895611,0.3174131742259822,1.0606364668558206,0.2517565477450371,3.954569675864102
62.0,52.0,True,0.2854110679386145,0.18671868365137168,0.6591963628075956,0.5067016854739933,-2.316427048667825
62.0,53.0,True,0.33657209238468,0.14503034181081548,0.6096846334652597,0.41495900999688534,-0.7957900096691806
62.0,54.0,True,0.39164414975430634,0.19013862156813813,0.7624343309614419,0.03354727393049252,0.8452043215852111
62.0,55.0,True,0.3889627317697726,0.16202664954787188,0.8135892067394738,0.8996795615252893,0.2788049262573946
62.0,56.0,True,0.3503669647994516,0.26342113515369425,0.9809240660492716,1.0279792180572043,-0.42948583477399627
62.0,57.0,True,0.3310045479958208,0.15294933010859899,0.6868937798250229,0.5061131729779067,-1.0232415468348843
62.0,58.0,True,0.3119063257428183,0.1367742115043653,0.6126212831643661,0.39029309694766806,-1.5052914753695914
62.0,59.0,True,0.25545417270649184,0.12023503339346153,0.5348846246130444,0.6484223387202956,-3.2258712253313417
62.0,60.0,True,0.31905440742064156,0.1558481563343585,0.543377328915941,-0.04922699660842181,-1.2207343725829818
62.0,61.0,True,0.34152813387929154,0.13955049002400935,0.7782138440466536,1.035428668802958,-1.141211069938966
62.0,62.0,True,0.22107125492239793,0.10594641451215853,0.5851566970991123,0.7234014640121031,-4.763031296531524
62.0,63.0,True,0.31870298296623334,0.159576312697193,0.6162470412387119,-0.052458373586345745,-1.4665067229324076
62.0,64.0,True,0.3167615178971535,0.132626147814042,0.6191947806509015,0.568214607698466,-1.3069727834714373
62.0,65.0,True,0.22680806493463812,0.1287784335003553,0.5576788798090511,0.8155588425094764,-4.350458055516512
62.0,66.0,True,0.24920276150320947,0.11669317261717031,0.5197264210582272,0.05374305520320428,-4.0119009734467275
62.0,67.0,True,0.4592648342067925,0.1376514875540521,0.7756473416435756,0.5246143830482747,3.205831720654946
62.0,68.0,True,0.188548460741567,0.12798737783744948,0.5472182700687938,0.9401692758938897,-5.4827970427690556
62.0,69.0,True,0.2514244088565594,0.12990538640058913,0.5334732847932088,-0.023354430338947244,-3.6862369761680016
62.0,70.0,True,0.24318871859974536,0.11758022783992317,0.4770965340612043,-0.024930949255413816,-3.845311378288153
62.0,71.0,True,0.2917766679499717,0.13561190505721737,0.5715521251557498,0.0560140088645532,-2.2890117135895713
62.0,72.0,True,0.25246040710817447,0.09428486229207649,0.4543754299735704,0.23585341156544656,-3.472728193432792
62.0,73.0,True,0.3216477184705822,0.17515155382340988,0.694041729281623,0.5041673663007116,-1.2276129581808282
62.0,74.0,True,0.291823014177107,0.12083531271028862,0.560434832905658,0.6576073107202154,-2.184181189827319
62.0,75.0,True,0.210772216107625,0.1319746631994002,0.4674755286326584,0.5296844444962292,-4.887766705833202
62.0,76.0,True,0.26231869120300144,0.12306932424786275,0.4518910405488473,-0.20552137952386504,-3.163710162821585
62.0,77.0,True,0.4218090858355043,0.10376981527001856,0.5907682346157364,-0.5496323216723648,1.78049624797834
62.0,78.0,True,0.3572275718112178,0.13804585749680737,0.5845927113246608,0.0974473319635273,-0.08830055518273225
62.0,79.0,True,0.3831971131826409,0.1711857492889368,0.6756033376323188,0.010528179748435458,0.6826260053540818
62.0,80.0,True,0.5209207322099695,0.20946220503501348,0.8943006077122008,-0.22853248553705352,4.6432557020335485
62.0,81.0,True,0.49468526703762694,0.1554664198018962,0.7974629510805124,-0.25761191089943214,3.7352376376927365
62.0,82.0,True,0.5972756868870737,0.1227650804369846,0.8290764853499516,0.18859828642833418,7.27924269325623
62.0,83.0,True,0.5690563373124407,0.1436601099729901,0.8180721289670453,-0.18811687149054485,6.746718655018502
62.0,84.0,True,0.559274386510626,0.25617445231692126,1.1222915558719255,0.23688315192323053,6.923251811181443
62.0,85.0,True,0.6819718870983641,0.29180212912460074,1.5,1.1194040091856543,9.908027570349226
62.0,86.0,True,0.6948041888567739,0.16012802743628574,1.0442379499424337,-0.31268514699026106,10.27151429688999
62.0,87.0,True,0.6562229799119872,0.2926641624411856,1.1269254549431127,-0.31456049399052033,9.781903506306783
62.0,88.0,True,0.7243243626919937,0.18832042481165046,1.0595210944214315,-0.07670313328209674,11.022488785151543
62.0,89.0,True,0.7301380791520736,0.17250225515520945,1.068231782890018,-0.1388545907160213,11.609285915602799
62.0,90.0,True,0.812871216783941,0.2282241360798934,1.2491023384059654,0.12909585013235994,14.434880515475312
62.0,91.0,True,0.5311235738572436,0.14213260314662565,0.9020043764620008,0.9011974132135471,5.264667458417997
62.0,92.0,True,0.5612508609777112,0.24173702889782428,1.0338280301142164,0.2937276498175937,6.565935762366933
62.0,93.0,True,0.46836667634827994,0.18573162222624107,0.834436579995078,0.22109359543400214,3.5227209650785714
62.0,94.0,True,0.5635502445933926,0.12897712208743584,0.8072365782074961,-1.0456638501603952,6.527779002460307
62.0,95.0,True,0.6055289777684766,0.20889412823647066,1.0628428289147265,-0.3716113155428563,7.481910309039785
62.0,96.0,True,0.6101170161766788,0.20432053712382706,0.9683036898292948,0.23993615833370813,8.225111957657562
62.0,97.0,True,0.5289923015919111,0.12506566561030286,0.7545372874559592,-0.09821480297373189,4.932311535029018
62.0,98.0,True,0.35856018311190085,0.21615885977479174,0.6669752409608811,-0.1260046365343355,0.40417300343713014
62.0,99.0,True,0.02435029291658009,0.03281416584105102,0.0959199943440304,0.9532121804987684,-10.789406060436976
62.0,100.0,False,,,,,
63.0,1.0,False,,,,,
63.0,2.0,False,,,,,
63.0,3.0,True,0.08152399486953608,0.07196604489838113,0.2610834531007486,0.8142041207566462,-8.909088005067224
63.0,4.0,True,0.5716258805504859,0.23006923418972114,0.9926761185964156,0.2936426064842399,6.97026545280843
63.0,5.0,True,0.5681025060497559,0.3024495491619983,1.171878276075759,0.7123836843253432,6.823247090031476
63.0,6.0,True,0.6770336513060053,0.249736213837906,1.302810714039912,0.5634188670307403,10.601024031034816
63.0,7.0,True,0.546918711276143,0.20548448550290896,1.0650000574290006,0.3299672554304315,5.969256984299798
63.0,8.0,True,0.5110254480368015,0.2007901972490564,0.856231588819885,-0.27782967756889293,4.731115224980154
63.0,9.0,True,0.550555301257428,0.14064199242976214,0.8210875273319481,-0.18042964845291598,6.336376227414715
63.0,10.0,True,0.48773435055935116,0.17059789477919857,0.8312298470827658,0.5295280132640938,4.123536440944135
63.0,11.0,True,0.47193159308842025,0.19100256720564296,0.7679410143985799,-0.04970408995308603,2.793682530080815
63.0,12.0,True,0.3409585032637408,0.14601230039799185,0.6447924778463298,0.5505532815826731,-0.5657205163488594
63.0,13.0,True,0.2484947221312957,0.10572066087987306,0.4435397274477777,-0.02784022500725773,-3.6910930710047336
63.0,14.0,True,0.3822757301072525,0.1965999664859426,1.1380684853495024,1.4993476707060482,0.4496232841700174
63.0,15.0,True,0.27101408828890555,0.19828067649382908,0.7197190248195452,0.7873772098911663,-2.9734238401158155
63.0,16.0,True,0.3083209227773029,0.1500219413468562,0.6740310403043086,0.7396677873752787,-1.4232913809199463
63.0,17.0,True,0.34360169635414983,0.196462026608525,0.7046611070806679,0.1474421802346135,-0.08965579551648
63.0,18.0,True,0.2989953715470521,0.10995944873927672,0.4974524581214408,-0.8900491679030338,-2.138774583627334
63.0,19.0,True,0.3336910146626998,0.17525174984582018,0.7932782641070313,1.3105607643774413,-0.7314233435219695
63.0,20.0,True,0.34348742552403294,0.18753242101683265,0.75771074303488,0.5740047357919734,-0.8633146463395249
63.0,21.0,True,0.47299036671445926,0.25312764818355704,1.1720164409485747,1.0363545798439118,3.9256808457026966
63.0,22.0,True,0.3646712465109462,0.1635706517484257,0.6196412115937138,-0.14996278086365908,-0.2426405825429579
63.0,23.0,True,0.27612848948135693,0.09736940580544237,0.4514180465585032,-0.119991114723096,-2.8549711116070586
63.0,24.0,True,0.30765096045694623,0.15174155971765915,0.6308872709677661,0.2509564942586205,-1.6967080416239626
63.0,25.0,True,0.2506107525905063,0.2067822144806594,0.6889115289036283,0.6262331620569253,-3.455148197477227
63.0,26.0,True,0.3976452144922675,0.17946192259631075,0.7494196261627439,-0.09820642938461639,1.5508834956749271
63.0,27.0,True,0.30823912692928435,0.2046024834851011,0.7194895537898691,0.2967464178911136,-2.386779665926319
63.0,28.0,True,0.3388596329346664,0.1527345825141784,0.7145800596729347,1.0233937215145292,-0.4336437789684362
63.0,29.0,True,0.3425426765292885,0.17503376161727036,0.6220715465576178,-0.14735601200514004,-0.34506935619434786
63.0,30.0,True,0.4046373202552069,0.20721403614542525,0.761277165384344,-0.10419299900021645,1.7485201752424977
63.0,31.0,True,0.39514823963360535,0.1981687275353465,0.9554714595930436,0.69937704859752,0.8044555728408418
63.0,32.0,True,0.5981678226325897,0.25812106397186,1.0463365203944857,-0.06042910397509532,8.37610492696455
63.0,33.0,True,0.7533022524277768,0.2868885782320107,1.1950325051874444,-0.45962811323502134,13.056283609240504
63.0,34.0,True,0.7223242058893516,0.3693745431994814,1.4943698616096577,0.3653911318696379,12.084452731711908
63.0,35.0,True,0.9622554391731006,0.29807058678923987,1.5,0.4044801168056191,19.663353327597605
63.0,36.0,True,0.9206415403968581,0.38106567228016597,1.5,-0.2628617241041909,18.434664166933167
63.0,37.0,True,0.8885104086005078,0.27673530992297074,1.3052957042306028,-0.11116484633166454,17.259749170815745
63.0,38.0,True,0.6181429977149203,0.3763461197216383,1.2677308372946632,0.42603890242821274,8.745533195341618
63.0,39.0,True,0.3803578417868642,0.13241822931002803,0.7271460332980734,0.2177263718195643,0.7808344285084111
63.0,40.0,True,0.429878214968398,0.1593102309396262,0.6946673505093115,-0.06453379037651771,2.4560128527713467
63.0,41.0,True,0.336666155273891,0.1542720765865525,0.6914603634270237,0.46317234322804807,-0.6413417116151648
63.0,42.0,True,0.35975028569060796,0.13524401858124954,0.6448959418631381,0.19337483971457,-0.45654506119120886
63.0,43.0,True,0.338097690559907,0.2179582286549122,0.843710838952847,0.538332264582519,-0.5305338210858963
63.0,44.0,True,0.4144405809238263,0.1915432071962896,0.9090473888358684,1.229697148311789,1.6989991699018558
63.0,45.0,True,0.4358042997664004,0.11216354952943695,0.7089877497810015,0.5485680869848321,2.263976001869085
63.0,46.0,True,0.47484758989174747,0.1431489916751285,0.7158978257457786,-0.3597374940187817,3.470456026619999
63.0,47.0,True,0.3837597662246593,0.1358315111726738,0.6759182222161638,-0.13094469499872777,0.9526491526328349
63.0,48.0,True,0.3820550854220157,0.17814271705271092,0.6863488512116325,-0.11094753712579307,0.8349598497713028
63.0,49.0,True,0.40944919838145427,0.21582586341694787,0.7513214163144126,0.22055679968304404,1.8006243827999833
63.0,50.0,True,0.2946838182673975,0.13948673709396406,0.6430802117191741,0.8644263249339064,-1.935961430883102
63.0,51.0,True,0.3999433252704995,0.104123103803457,0.6367204919489051,-0.11334356256692768,1.1716821919772484
63.0,52.0,True,0.31534412978734366,0.1270164875841015,0.5553371930650616,0.27490823376205814,-1.746529308720662
63.0,53.0,True,0.4090971921215481,0.132231340972922,0.6440939434462106,-0.24764479335178397,1.542234915059885
63.0,54.0,True,0.3239951772058949,0.13543648644369577,0.7628042432499703,1.1596317377230116,-1.6592196437318452
63.0,55.0,True,0.3645128562344675,0.18265379150311944,0.6790152735269742,-0.1814775721925725,0.056143874228916306
63.0,56.0,True,0.32945250153883976,0.18606400953139643,0.7988942867494355,1.0530584356256492,-0.6944817520144215
63.0,57.0,True,0.37949952196479203,0.17546783514873382,0.724630084007817,0.08978522452510584,0.5137773933452396
63.0,58.0,True,0.3211357241380938,0.1587170836239077,0.7585225661684832,1.111617142979484,-0.9499142373525785
63.0,59.0,True,0.17364788817063626,0.08775118650221493,0.4372494106712447,0.4277950183467651,-6.249280278844064
63.0,60.0,True,0.3046748114986835,0.12781379846822563,0.5326151912717733,-0.37476007138138456,-1.7571556693259698
63.0,61.0,True,0.21976605420509301,0.0917222151705526,0.3802221719994748,-0.2731676110805047,-4.54125875999481
63.0,62.0,True,0.16489656235067443,0.09351606593947889,0.3578946620216948,0.20032392840955554,-6.1296350166776445
63.0,63.0,True,0.29427628884955753,0.11931319604549374,0.5689477904536173,0.44497744484229185,-2.235315530800606
63.0,64.0,True,0.36834471350927034,0.16196202822612638,0.6013905156325329,-0.0625491075556053,0.14783660431558335
63.0,65.0,True,0.33456558048318746,0.1434505554227383,0.6334709296504938,0.18647711059516903,-0.7091696672135053
63.0,66.0,True,0.33345156865423237,0.15404574123251324,0.7594532808237217,1.015356255864381,-0.9989996133558542
63.0,67.0,True,0.22915733351773968,0.1335558188116493,0.5310023757165647,0.5701423527885178,-4.082276323525638
63.0,68.0,True,0.23606163760960408,0.13276547917870082,0.5577812808921436,0.3073196589729357,-3.7968525247049607
63.0,69.0,True,0.24466979123764443,0.1612823780725161,0.5974027566731828,0.3643626261211872,-4.3078238736590055
63.0,70.0,True,0.362902819742583,0.1677772933080196,0.6286643836270007,0.07020630874113765,-0.18845848407468502
63.0,71.0,True,0.26168714469096643,0.1268094857269095,0.5425336625180349,0.3485853159967031,-3.4870138901306227
63.0,72.0,True,0.2523768932646047,0.16787270231012294,0.5917418403664907,0.3491709006517435,-3.1752357029155496
63.0,73.0,True,0.24435506232462179,0.1466539662092102,0.6461894412858786,0.6605214048935124,-3.9167440875043376
63.0,74.0,True,0.34653990050238886,0.15720590410336996,0.6706707462745988,0.24023648077124574,-0.34992491895566663
63.0,75.0,True,0.33129979593815306,0.17258903064951292,0.6704798712733866,0.23226398428715445,-0.8202145679159176
63.0,76.0,True,0.30569566371100665,0.20465318042191036,0.6306067154283643,0.08152172835643648,-1.6513952450025529
63.0,77.0,True,0.32462399435519496,0.14660453073250912,0.6193286705112838,-0.041817741181046655,-1.2752563927047194
63.0,78.0,True,0.45836582271173665,0.18509086978403375,0.9060643851399806,0.10572987917482597,3.2836862284601835
63.0,79.0,True,0.40515351961633234,0.16518620570597078,1.041955093677546,1.6254927257321208,1.0442714841185194
63.0,80.0,True,0.4428788133081848,0.21680124687851193,0.8940740753798271,0.23727328097485684,2.068414617653134
63.0,81.0,True,0.48159928019597376,0.15714236135012494,0.7396541934325171,-0.3959736954251756,3.589168103829564
63.0,82.0,True,0.4992701848274754,0.15392017531740687,0.721234717913906,-0.6063512130693829,4.240804961945135
63.0,83.0,True,0.4337326335124998,0.1825717431323106,0.7520992583761683,-0.062362753141810036,2.2821699344203967
63.0,84.0,True,0.6793903549034134,0.1388845415841108,1.0296061186144152,0.6128904283214642,9.878600439736653
63.0,85.0,True,0.7348459877605412,0.3144110058846027,1.4910538010806438,0.7720380054758678,12.378437832288666
63.0,86.0,True,0.6475041440577425,0.2529533442906067,1.2589970018310548,0.2095656600277253,9.037921367726305
63.0,87.0,True,0.7375985254968803,0.2149014389639326,1.2768301309393306,0.39062888109588084,11.435086509557982
63.0,88.0,True,0.7858168153030132,0.3081050059375212,1.5,0.12983584881422336,13.058849291163442
63.0,89.0,True,0.6812965342979944,0.12216791691975087,0.8548510940874094,-0.3078172153523945,9.75045658676112
63.0,90.0,True,0.6360321994892129,0.18944969823444907,0.9543631629289284,-0.5033168174388776,9.119112834251872
63.0,91.0,True,0.46929159173858204,0.21253357320147026,0.8618540940306804,0.08111308742107458,3.6228329596739512
63.0,92.0,True,0.6856894607373963,0.18249353576454075,1.055561968048477,0.14496019692901782,10.79185442376488
63.0,93.0,True,0.5696420504477548,0.27437847261119985,0.9557063579269024,-0.27613204252922346,6.6382335240060035
63.0,94.0,True,0.4612483296156085,0.20242486824329997,0.8712243227324574,0.6121320912583732,3.3338651347590154
63.0,95.0,True,0.5875993165315886,0.1646623756985833,0.9979594019172776,0.7937902731828171,6.793315119167556
63.0,96.0,True,0.6064888481640827,0.17653583071178544,0.850889139706682,-0.8661812519019023,7.9944142079754545
63.0,97.0,True,0.46386893899090137,0.2153215740167128,1.039997572262457,1.2286670379939348,3.206085208304834
63.0,98.0,True,0.43525438715547143,0.12537652644585437,0.6562114305834741,-0.09174449216309806,2.38689211154907
63.0,99.0,False,,,,,
63.0,100.0,False,,,,,
64.0,1.0,False,,,,,
64.0,2.0,False,,,,,
64.0,3.0,False,,,,,
64.0,4.0,True,0.5953388305838748,0.1583171528107646,0.9324339666700088,-0.32441069856475174,7.748842781449228
64.0,5.0,True,0.8115531416555771,0.25379454059826484,1.5,1.2797483800278138,14.533501258484623
64.0,6.0,True,0.6007865394352802,0.35104470409255323,1.1369339682457371,0.04244761960442291,8.438271843981632
64.0,7.0,True,0.59727906391579,0.1777628011771671,0.9159164113148812,-0.054668945689632674,7.780336511848495
64.0,8.0,True,0.5109454260202748,0.24828062852725305,0.9397302451869468,0.07985099985600305,5.155905906862979
64.0,9.0,True,0.46994553870667544,0.28040637174860694,0.9947364723610004,0.01643602905222723,3.727127845280833
64.0,10.0,True,0.2468638654093649,0.13222933219976835,0.6166212800291997,1.0981201626692805,-3.7167497683990978
64.0,11.0,True,0.35711293538284794,0.16635677785355474,0.7652305439999966,0.21223743072629853,-0.23449386154960963
64.0,12.0,True,0.3521977975811585,0.18556737283867308,0.7503523999237351,0.4169586525697294,-0.3798448317266953
64.0,13.0,True,0.36023043755208933,0.1636467434343215,0.704578303121144,0.7828931530070073,-0.5616165312806642
64.0,14.0,True,0.29006699114366113,0.1625831023504154,0.6833845801342392,0.648645938096253,-1.960984552498442
64.0,15.0,True,0.3180567364761889,0.1337045277534554,0.5903853624636651,0.05287968140648972,-1.4054587867197181
64.0,16.0,True,0.3340897816506855,0.18868770979033833,0.6935272524398058,0.10356861656204172,-0.9005711642921421
64.0,17.0,True,0.2943109149075928,0.13446612348951972,0.5561592241540453,-0.2998194568139859,-1.727986680723395
64.0,18.0,True,0.37324901576195446,0.20809779285372776,0.8268686109497752,0.3640288481510521,0.6811985541186333
64.0,19.0,True,0.4272994091967657,0.15583801631822328,0.7692370412923073,0.2174058522161636,2.227098585404063
64.0,20.0,True,0.3661611399399279,0.1478089051333464,0.657299592602986,0.4442028059183437,0.27873129312538614
64.0,21.0,True,0.36456768890453817,0.15317964041703006,0.63462067968923,0.06498554288996473,0.030383798196662974
64.0,22.0,True,0.33587984460263404,0.15045066886630004,0.5761223884684716,-0.31169096394866874,-1.074541975602791
64.0,23.0,True,0.29658350937881656,0.16320094085301193,0.9174613579729924,1.3666666782458947,-2.415213118180406
64.0,24.0,True,0.22847230096618693,0.19359853746696287,0.6285116438168302,0.6172999641029169,-4.9161473916322915
64.0,25.0,True,0.3829968812813621,0.15966728478071773,0.7325483166939003,0.5002279661046867,0.9091895265638457
64.0,26.0,True,0.351686954471919,0.13753813460929096,0.682355380287159,0.7265623614033271,-0.2679284963967717
64.0,27.0,True,0.36757863059358326,0.18005500921176887,0.6511367580611722,-0.07727803304395114,0.5223150871574141
64.0,28.0,True,0.27102287659609486,0.17754911255432165,0.5918086885354926,0.055288335107841584,-2.6893893830234217
64.0,29.0,True,0.3919373035173985,0.17448665572158514,0.70480508759204,-0.42543025520928296,1.3917251909247792
64.0,30.0,True,0.2837906792376653,0.10328400026789407,0.4307151619309154,-0.3579255292260021,-2.389012027921157
64.0,31.0,True,0.3173369978374051,0.17316137008562535,0.6759612693115785,0.14493181620864,-1.167620345307955
64.0,32.0,True,0.4684971722261968,0.19338652286482316,0.8716926233669774,0.7320571372439558,3.743341022675604
64.0,33.0,True,0.46806187172515756,0.12699588339035178,0.8072481281519382,0.7875438280204995,3.4158073449511503
64.0,34.0,True,0.6985829739631795,0.34586856422398904,1.2924808627806628,0.08923145963346597,10.940358182483616
64.0,35.0,True,0.8334024911999477,0.2810002430483931,1.2335846603396154,-0.4433016648555812,15.864636690600273
64.0,36.0,True,0.7740836682765194,0.269280245352666,1.301074143576771,-0.5381378910227218,13.120664515319891
64.0,37.0,True,0.630934653195633,0.30252615522827203,1.1370177013702532,-0.34868612729584847,9.104876681441093
64.0,38.0,True,0.43195517654084514,0.28003130297496687,1.215193765366127,1.3811925196585768,2.440253894788227
64.0,39.0,True,0.3856820029942352,0.159438022510218,0.9311699736268144,0.518861414124065,0.7833991125551453
64.0,40.0,True,0.43488172386972873,0.16459144030313846,0.7686147103002278,-0.35169646853220937,2.301983302727618
64.0,41.0,True,0.3659954298200671,0.18870986340208615,0.7328967661280525,0.21095346643603297,-0.0876120374774277
64.0,42.0,True,0.39281381832885937,0.17093677860393217,0.7481369122011806,0.4852644712600014,0.6950679627103887
64.0,43.0,True,0.35462693180592914,0.13130060363592796,0.6662380347697082,0.40517847861549416,-0.1712113301169134
64.0,44.0,True,0.2962711564365113,0.15418335097585298,0.8347125759000326,1.1142530847693048,-2.8630736060799613
64.0,45.0,True,0.49276642115666297,0.22177517235361155,0.9477442585464196,0.5349487207670522,4.384580628295907
64.0,46.0,True,0.31391792310518774,0.20124380931845012,0.827509419257883,0.9539673225521617,-1.5907193684004517
64.0,47.0,True,0.30738169526232656,0.14789664831310573,0.5672039092289813,-0.3181656617719256,-1.3702754257233367
64.0,48.0,True,0.3710836477080464,0.18879559033601878,0.7379406754452292,-0.2694065842475438,0.271991582086242
64.0,49.0,True,0.44213197447980435,0.20457031536456588,0.9974586894003934,1.3874981922687728,2.7537807502114386
64.0,50.0,True,0.47187653908342597,0.12484167262858441,0.7600797797277373,0.013521001822825776,3.3457813890617754
64.0,51.0,True,0.4125007511802112,0.1467900145428628,0.7878796188925028,0.41029106024888495,1.9453497949614804
64.0,52.0,True,0.5161028278033386,0.1571025449685541,0.8284462777740829,-0.14822628935363888,4.875183894008027
64.0,53.0,True,0.4591717100784057,0.14801483127361906,0.7521851227041287,0.32020378708863995,2.845453441616648
64.0,54.0,True,0.38809072812879053,0.2280820341905659,0.8435831667686312,-0.027394870916497022,1.0548925074081053
64.0,55.0,True,0.30622527570266195,0.13382113215259756,0.5922628185320199,0.18709113016071094,-1.5586352299780541
64.0,56.0,True,0.33442668108214596,0.17866352517732517,0.7313776374074328,0.5913866190247629,-1.006297493467122
64.0,57.0,True,0.3010328215346549,0.12909272878752717,0.5947031938467008,0.257197979203198,-1.5572732042193485
64.0,58.0,True,0.28346271813522833,0.13489680957484856,0.5213664560443284,-0.3867609391559387,-2.3251409490686004
64.0,59.0,True,0.3539177006846267,0.16088445535760965,0.6413039548152722,0.23329100275353243,-0.005064397311920634
64.0,60.0,True,0.27331367439789434,0.12599578487763463,0.5591318964793077,-0.08262843626625736,-3.303327029100017
64.0,61.0,True,0.31772976617684945,0.14315508501855329,0.6202087295071974,0.13222219053639372,-1.506145322372216
64.0,62.0,True,0.36043915934383725,0.15875576532030286,0.7027992924347473,0.2879958134935605,0.2616717366551794
64.0,63.0,True,0.2644233307359377,0.15206173596840203,0.6328029981867912,0.7201414443364473,-2.697566615797224
64.0,64.0,True,0.3144639576946136,0.16453229641894562,0.7177295643507473,0.8323373326192512,-1.5246696157363906
64.0,65.0,True,0.3678294283803719,0.14604426760192388,0.6987599646099721,0.21294052272916947,0.10815301595472344
64.0,66.0,True,0.2357293624981822,0.1336601996174675,0.5044826192263463,0.3210773587495147,-4.049713765132492
64.0,67.0,True,0.275719303808159,0.1280354061245391,0.4901009189250239,-0.17905190115363878,-2.360627968088769
64.0,68.0,True,0.3044719099272878,0.18504748377771083,0.7020700208477221,0.12264010258422472,-1.6895515932746241
64.0,69.0,True,0.31872235376136127,0.13012793992666452,0.6115984790430109,0.6682133030348363,-1.3779055670636713
64.0,70.0,True,0.18000808852880087,0.09493047362575814,0.3775227705698875,0.44760345461628553,-5.625363040820338
64.0,71.0,True,0.3174420814170808,0.09031919084191348,0.5236744627667701,0.19657375722615358,-1.5049305917336082
64.0,72.0,True,0.1865346693130191,0.0927410052311894,0.367542855792862,-0.0834324535985233,-5.581235499811057
64.0,73.0,True,0.4225783230107965,0.1551765492730089,0.7390314650554685,0.1928235105245263,1.8286048723446466
64.0,74.0,True,0.4269365063648127,0.20359360290254763,0.8589565474372796,0.05033302843905549,2.6792458696787955
64.0,75.0,True,0.3996133111550601,0.20580189475505636,0.7046529358976302,-0.419154403045814,1.6034416289635889
64.0,76.0,True,0.4315096718188113,0.23079405976217265,0.9571287600208798,0.14839831232428494,2.2994186827642125
64.0,77.0,True,0.4116433950978856,0.14401142101664033,0.6963058301018997,-0.21686933107350875,1.215707924559159
64.0,78.0,True,0.33927904105311624,0.08062422587568066,0.5430026903858616,0.06125173292621318,-0.8657231385850594
64.0,79.0,True,0.4637757126463741,0.10583392128462706,0.6508541225673624,-0.2996496457786384,3.0627794536853257
64.0,80.0,True,0.4866756733279187,0.15548034887903825,0.8740654701145466,0.6574884172163199,3.718670749927651
64.0,81.0,True,0.5037515272695046,0.12775760240477652,0.8239224181576208,0.05860404151090194,4.383535395453232
64.0,82.0,True,0.49358791890277864,0.2820756609706456,1.118275232748562,0.17228022014489164,3.741244260456482
64.0,83.0,True,0.5930287844813819,0.21672273368334294,1.0298191038384634,-0.21194757206448311,7.560255655326473
64.0,84.0,True,0.5679132379234957,0.21789399485931502,1.0975153234755364,0.5567660564697294,6.53889170147709
64.0,85.0,True,0.534808781399004,0.26696228311175463,0.9509184153200884,0.08078671120394294,5.44414846079244
64.0,86.0,True,0.746765230529178,0.2656431293763291,1.1955972303951368,0.02156263796102587,12.69792030336741
64.0,87.0,True,0.7324533148819014,0.19207192997184466,1.1123161551911898,0.18269606714475536,11.792315016934579
64.0,88.0,True,0.5791343122984849,0.15005039779700824,1.0224937781701722,0.8863336867612742,6.416953304337818
64.0,89.0,True,0.6528011924345529,0.20195069222142928,1.0489526103223978,0.5955003852255589,9.368490534173583
64.0,90.0,True,0.6447601818279656,0.17081017946339688,1.0601359887212196,0.22159876987402796,8.73203526946614
64.0,91.0,True,0.6888066042376682,0.12829418569665177,0.9339582528342708,-0.18773649277422227,10.414741412738461
64.0,92.0,True,0.7414301823681909,0.32314972892271876,1.5,0.38530676163399163,12.593106743221838
64.0,93.0,True,0.7690792984126387,0.16571480315622236,1.153049510757164,-0.08009680198930803,13.03955006218139
64.0,94.0,True,0.6050717479399352,0.21252117379202487,1.1381280640218754,0.13863993848548503,7.518589314815482
64.0,95.0,True,0.5481804063736925,0.17975051917611848,0.9078909315851232,0.07565343290625937,5.416655747055834
64.0,96.0,True,0.6207212851787085,0.18397471534893048,0.9634599737444766,-0.006158945312309027,8.503667373102816
64.0,97.0,True,0.5604829206213495,0.2212842181356475,0.9633882421033508,0.2015700519551932,6.666734181068716
64.0,98.0,True,0.30337814061306556,0.20750217783625172,0.7639746486241109,0.7737145537437053,-1.7206828506890193
64.0,99.0,False,,,,,
64.0,100.0,False,,,,,
65.0,1.0,False,,,,,
65.0,2.0,False,,,,,
65.0,3.0,False,,,,,
65.0,4.0,True,0.47459058319939185,0.19599572892773345,0.8414538774963151,-0.07890095081011109,4.078593580724445
65.0,5.0,True,0.7207279872426757,0.2210523212263258,1.002270796754358,-1.3540534184833775,12.04377263282308
65.0,6.0,True,0.7922263158136984,0.3585123398444,1.5,0.21385190485508304,13.984082692119726
65.0,7.0,True,0.7202559571133585,0.21199607007796079,1.158042419168721,0.5178520208966014,11.699916995195151
65.0,8.0,True,0.41756340724209856,0.19826833889274814,0.8689469121401916,0.4985085597562275,2.2342113955462857
65.0,9.0,True,0.40735023778262985,0.23058812021612882,1.268410655052044,1.8605371018813484,1.038004675060285
65.0,10.0,True,0.32998812472005523,0.14492839269785493,0.6242120412430163,0.3249416782105794,-0.8889283234794126
65.0,11.0,True,0.3677369329777521,0.18350517218800494,0.8451833419879067,0.8006309547717867,0.22741537078069018
65.0,12.0,True,0.3463845659702409,0.09785958136725925,0.5186682169991771,-0.12668657231519653,-0.31161357681075946
65.0,13.0,True,0.3852446703514253,0.20906158951759563,0.7410362006689828,0.1014804983141236,0.9477154273106723
65.0,14.0,True,0.2573870973699488,0.17749601879856244,0.5863953906451679,0.17821577361280674,-3.120088137465501
65.0,15.0,True,0.37517213466137694,0.15008620211815643,0.6254896717623769,-0.44277478024183087,0.826414863059507
65.0,16.0,True,0.26618695152915284,0.1142617746195158,0.5350794875956666,0.2622157449618384,-3.039013787729482
65.0,17.0,True,0.27513315030868235,0.18053788956297423,0.9762590143121966,1.4908018070540978,-2.9460918933077656
65.0,18.0,True,0.26477401900043973,0.08869924423794899,0.4615468032162768,0.32733970711885424,-3.298471252701215
65.0,19.0,True,0.30670861973516117,0.13513089740151632,0.6121170892941958,-0.22724988516006892,-1.8446418264969615
65.0,20.0,True,0.31943164428695225,0.19938150068550028,0.8005494559569672,0.8503610600260016,-1.2239773206509517
65.0,21.0,True,0.3695757910193741,0.16586225516072967,0.6390222404086596,-0.3681916988149613,0.5190607283644534
65.0,22.0,True,0.3122815848136474,0.1903257108484151,0.6452624355073789,0.17964407678793712,-1.3236630048890397
65.0,23.0,True,0.38070919810629444,0.1281298593736875,0.6389339848816088,0.0999822675394803,0.3964747770430188
65.0,24.0,True,0.3223126333578219,0.09769882072005627,0.4907054907905293,-0.22233437293263109,-1.595528125274106
65.0,25.0,True,0.382682383967958,0.18501911089741013,0.7208181368266314,0.01170486766594836,0.007090442660201652
65.0,26.0,True,0.26611140378641623,0.09608282748780467,0.4399196569941384,-0.4182147165929931,-3.4449373704717483
65.0,27.0,True,0.3340341186079067,0.17076918925685458,0.7113760214470007,0.21942187233081176,-0.9544467658448832
65.0,28.0,True,0.24876425567810007,0.12925603566764815,0.5312816581515134,0.2583414377833769,-3.629079001305699
65.0,29.0,True,0.2429761897299611,0.16324157026296024,0.6329884295222608,0.5896510349409091,-4.092000280613345
65.0,30.0,True,0.3312612391100062,0.1705672786006616,0.65202035853728,-0.31738319286672895,-1.030346892537688
65.0,31.0,True,0.21795094027302536,0.08502010196932043,0.491449829208643,0.441629466751393,-4.883185884412899
65.0,32.0,True,0.4434569186184542,0.15075698190530443,0.7466422594315011,0.08703991078517304,2.688330936874688
65.0,33.0,True,0.4026030769844604,0.17101185437866628,0.7820224734781337,0.9353141793161323,1.4943726289548098
65.0,34.0,True,0.471036645694822,0.15859067555353173,0.7948947688181531,0.12977101082784256,3.7184798109499764
65.0,35.0,True,0.5501682809519151,0.23150192383415896,1.2764818800789048,1.7846593878320802,5.979446917975515
65.0,36.0,True,0.4707922015503396,0.25280158490562293,0.9049702046381012,0.22593354451234313,4.015469978205487
65.0,37.0,True,0.40510146106840084,0.12452611793687812,0.6553311429425583,0.27731371555449413,1.3858818156167754
65.0,38.0,True,0.33531792882745265,0.14009197127873338,0.7548431686924159,0.7103202229508621,-1.1724923350627594
65.0,39.0,True,0.37328780265441436,0.19283385856785792,0.7510461273226214,0.12039081907593306,0.3058346386164902
65.0,40.0,True,0.42412771637624813,0.20402056905474797,0.7814565546109448,0.03866236804998097,2.053112851498063
65.0,41.0,True,0.3017980328124834,0.1568061687548925,0.7058178843090444,0.6903936257320947,-1.5632666450010575
65.0,42.0,True,0.41622647790758394,0.17667333778130626,0.7178996846458299,0.13968476560925272,1.5379259241117111
65.0,43.0,True,0.3929626619009978,0.14355719851800178,0.6470584786625069,-0.27533040808637516,1.0607773926894164
65.0,44.0,True,0.41144141864433026,0.14961583981683252,0.8870490360219814,0.5904830822216538,1.2834475199128126
65.0,45.0,True,0.39379722298666886,0.2098268377837865,0.7782305479579852,-0.12634261824806617,1.6309402330285807
65.0,46.0,True,0.4021628181635138,0.21887092098682126,0.8471309709790437,0.831150444464398,1.2937557390052858
65.0,47.0,True,0.4051490388243564,0.07892316537951818,0.5710499550249565,-0.04546324751633261,1.143732840458658
65.0,48.0,True,0.4036869451895714,0.2596409025219957,0.9990594090436212,0.7920555358292152,1.6668104264127659
65.0,49.0,True,0.6602926756485953,0.23210565429203964,1.2642526892675705,0.8217890054335616,9.205405988853686
65.0,50.0,True,0.3913736273175529,0.17749259960507766,0.6972487931164006,-0.6004497366634989,1.4460536975569909
65.0,51.0,True,0.5631030516232206,0.2155949553378077,0.92476909371438,-0.3739768055608207,7.0393151894542765
65.0,52.0,True,0.5715302997444524,0.30468398428004934,1.123355203038722,-0.1922327221662769,7.271260966810186
65.0,53.0,True,0.4622988046209969,0.21532685250554623,0.8170735225407018,0.07777876129192722,3.602065843056976
65.0,54.0,True,0.31797838646796356,0.22130314603289133,0.8544371254760446,0.7723646755906755,-1.1910794955438417
65.0,55.0,True,0.4482972097354283,0.2177523734683084,0.9006426854631658,0.18396645813779322,3.209526306342118
65.0,56.0,True,0.4088519385540234,0.1624387204338263,0.7686807753344915,0.3852500967340538,1.511990193470351
65.0,57.0,True,0.2668348286318465,0.148471201848218,0.5674629599110708,0.16911275596050893,-2.9434112560680767
65.0,58.0,True,0.307465172821749,0.254106443432625,0.9126443194546072,1.021880189373568,-1.3777536236090544
65.0,59.0,True,0.3975317991078406,0.13831265295543582,0.7339973072412886,0.5718579035825586,0.9638470731882605
65.0,60.0,True,0.29092252841569033,0.14205322196613657,0.5664056878247435,-0.08684049853203822,-2.567101640877943
65.0,61.0,True,0.3868440701925364,0.21159105911494605,0.8114856935436539,0.1458180747069127,0.7717957498824058
65.0,62.0,True,0.3525772655460291,0.1390373196278906,0.6270852154105769,-0.5593603295767465,-0.308167176285399
65.0,63.0,True,0.29514645669414574,0.14391824249037388,0.5045742344235337,-0.3159178580393474,-1.8593120733982
65.0,64.0,True,0.29524512048125934,0.1151333106058554,0.4618593181621082,-0.7650016163309762,-2.1903769950682292
65.0,65.0,True,0.2852298460589893,0.08882038938443057,0.4306902451096441,-0.5529822341396426,-2.2995723979052825
65.0,66.0,True,0.2870951136589928,0.128920982962317,0.62624833975866,0.2517419149671179,-2.6880476551540466
65.0,67.0,True,0.28876247988083165,0.11722683432189143,0.4876072752509057,-0.48732617147517515,-1.9536302397474068
65.0,68.0,True,0.2073751128687534,0.11395987593255741,0.5506912339416931,1.097694905320495,-5.310574684366246
65.0,69.0,True,0.3003253341310398,0.16537211993591194,0.6273650771445791,0.273667969229013,-2.09251091644007
65.0,70.0,True,0.3091208246205848,0.11383453318303521,0.5353213177471324,-0.39580657087987037,-1.5105239854563444
65.0,71.0,True,0.35348234714967797,0.1656362878445996,0.6955116011064358,0.06556502478070894,-0.2969362836489187
65.0,72.0,True,0.3474685468505208,0.1899118007779157,0.7632499387575151,0.20528885015140635,-0.8905033692337122
65.0,73.0,True,0.22413766869801213,0.10040171349813866,0.4108274270076472,-0.07837296605786198,-4.517713670411031
65.0,74.0,True,0.3335062881089388,0.20839587843168475,0.7612098685849247,0.29115345596247144,-0.7472763705695398
65.0,75.0,True,0.24187504715478214,0.15293764837881377,0.571133158075,0.43926921058725865,-3.8914961521451255
65.0,76.0,True,0.3276420115108283,0.1484178089050701,0.6552341734808866,0.277673057727838,-1.0492227746703249
65.0,77.0,True,0.3620655171161751,0.2048441777394573,0.8215331430109507,0.5024620598319975,0.08880391658300579
65.0,78.0,True,0.39698780926783,0.17845393506669563,0.6966497390400398,0.012100482664665815,1.3560618258356554
65.0,79.0,True,0.3531662409306082,0.2055928694436364,0.7264883453553983,0.2918348734394226,-0.5912486769814105
65.0,80.0,True,0.49742048314218834,0.2435972211001428,0.9096256819919292,0.22171636536573278,4.9734801719623976
65.0,81.0,True,0.4210338031307223,0.17197201655313418,0.7571289078838563,0.28062953451312256,1.949773983199544
65.0,82.0,True,0.4842827142137445,0.1741041027342724,0.773861007859363,-0.20347024964314872,4.185629342132359
65.0,83.0,True,0.5388920413681213,0.2627164151211116,0.9542613935795098,-0.2816910118278739,6.293445185596746
65.0,84.0,True,0.603720132969569,0.2311945500884917,1.1790712384901585,0.8144012922403812,7.519424793920748
65.0,85.0,True,0.750126557990473,0.2509972092064465,1.3065332252613326,0.666042919293812,12.520900121994114
65.0,86.0,True,0.7724141407541208,0.19663062610220342,1.0925167247042364,-0.3713292429795752,13.320539306184079
65.0,87.0,True,0.6249103385222557,0.16723277434730316,1.1485841731592268,0.6704293532225353,7.806098112197058
65.0,88.0,True,0.686105052386276,0.26766728256810296,1.3668464231164477,0.825669532938625,10.705594007918151
65.0,89.0,True,0.7421807881728114,0.24340317863451186,1.186297162597108,-0.018693553414045987,12.025537930207904
65.0,90.0,True,0.838031357270167,0.2268838241562406,1.2847319927409795,-0.021887336104966987,14.878727709353377
65.0,91.0,True,0.8345455381477423,0.3015082947411828,1.375956165479516,0.32296849733138444,15.324787620615684
65.0,92.0,True,0.7695626374369322,0.19641853913091364,1.5,1.6712545165935386,12.394244917407535
65.0,93.0,True,0.7266026013612635,0.24893263029099744,1.1510960714007077,-0.8508811460791026,11.335408903033004
65.0,94.0,True,0.6490959154367397,0.16383819791674692,1.0052823813643137,-0.03402065614706493,9.31818850358542
65.0,95.0,True,0.6879154167181082,0.2724916943254388,1.3085018469673628,-0.12745937117143136,11.05879789758353
65.0,96.0,True,0.7183714966085649,0.2306284480310679,1.115205313302974,-0.055079408648730795,11.920505423848295
65.0,97.0,True,0.4438455437277874,0.23165417568526409,0.8079721016990137,0.14738350914094456,3.1455079056110344
65.0,98.0,True,0.1404394513396488,0.11130368385034647,0.381932601543904,0.48534935841139804,-7.11995063190006
65.0,99.0,False,,,,,
65.0,100.0,False,,,,,
66.0,1.0,False,,,,,
66.0,2.0,False,,,,,
66.0,3.0,False,,,,,
66.0,4.0,True,0.22548634770212175,0.1375001662933728,0.5389402888853152,0.6695207629896152,-4.250611339253702
66.0,5.0,True,0.6642485763595404,0.23133525217748369,1.100351895649191,-0.0008673297651608176,10.057713965986812
66.0,6.0,True,0.739620729160903,0.2943189537920914,1.3174372381527273,-0.14558897791135098,12.98768812804781
66.0,7.0,True,0.8176049715057105,0.3500122482419205,1.5,0.06344912544560284,15.031203794128908
66.0,8.0,True,0.461847479626216,0.15759253765259737,0.7772119695161501,-0.46647843737521466,3.1345733875032855
66.0,9.0,True,0.35576861238920604,0.1697176611926331,0.6796185005266359,-0.0030519904806608857,0.1183247939814212
66.0,10.0,True,0.3060685084285969,0.1823947897496258,0.6880822367469431,0.2817074299587691,-1.7964233489067576
66.0,11.0,True,0.39353097404858906,0.14838221236422147,0.8868857099609367,0.9112352396633036,0.7431670723643912
66.0,12.0,True,0.3214248920852119,0.08557160025856461,0.456489822085114,-0.32623700036556386,-1.3739054380839226
66.0,13.0,True,0.3587286694655485,0.1497751862373452,0.9087465512613296,1.0535546226813666,-0.24934515875825589
66.0,14.0,True,0.3286713061877842,0.15745425124980597,0.5275467384811249,-0.4637814278208198,-0.8726412064536511
66.0,15.0,True,0.29882670429711095,0.1505848596278693,0.5787244781029276,-0.3348651979457424,-2.0700470052420163
66.0,16.0,True,0.3204081945478083,0.12483585854556634,0.5265057761927203,-0.1883446664169406,-1.1848372038062196
66.0,17.0,True,0.25813585762641045,0.13287356183677432,0.6112988916126479,0.34042796562753735,-3.4646439015341595
66.0,18.0,True,0.39656198334908865,0.15016274925724077,0.6710930292567286,0.194744484808326,0.9839518345881146
66.0,19.0,True,0.3639508323563967,0.21565175783794543,0.8004395129787338,0.2405758436907168,-0.6118024003542739
66.0,20.0,True,0.42514198750131965,0.15075468805165282,0.7651244866254461,0.6405648127114886,1.8861710052526972
66.0,21.0,True,0.5159390095121916,0.3453350753987719,1.2764910531114972,0.694265750673935,5.482875120325769
66.0,22.0,True,0.5047424497632153,0.2633693745180753,1.0761243388766777,0.7086149204422734,4.9530228045869285
66.0,23.0,True,0.31520450612504036,0.17378659034188412,0.7522026015404535,0.3879690590218427,-1.9096476389799952
66.0,24.0,True,0.3728978090779817,0.10135853239518702,0.5689520401973845,-0.006298741183061759,0.08377640492139454
66.0,25.0,True,0.34627555025385426,0.15721202475124949,0.6566604220464739,-0.05834926469228123,-0.5969788665127534
66.0,26.0,True,0.3234806411960803,0.20351915679823732,0.7898595943151024,0.5114966998068464,-2.035448025297853
66.0,27.0,True,0.34238322865724813,0.15428214352801234,0.6948190957728223,0.3105280993583479,-0.35947747280873305
66.0,28.0,True,0.27677898921808425,0.11824393484561607,0.5710185748512179,0.5610973126833073,-2.8007845285315756
66.0,29.0,True,0.4123018766944769,0.20213125645597874,0.8678502911846864,0.48709238064180355,1.9168561441247967
66.0,30.0,True,0.1953745423308184,0.10005251050289678,0.3571092820799911,0.016797056702103862,-5.305534789998046
66.0,31.0,True,0.25589935082535703,0.12841043420599468,0.4664699536997562,-0.2372317526177374,-3.166064370443859
66.0,32.0,True,0.4921779461138403,0.2216725814997148,1.0266837854951287,0.4169698237807798,3.8628947719326403
66.0,33.0,True,0.5212158667211967,0.28098216047252483,1.0438546143814291,0.06960407022811405,5.390283986113434
66.0,34.0,True,0.5008139444146712,0.23596516262789297,1.0859036429087607,0.9862032593193248,4.398342765652382
66.0,35.0,True,0.48652207167962497,0.26003404387542306,1.0048642127818936,-0.1260516929633097,3.8565994164768584
66.0,36.0,True,0.4383090019329948,0.1942589764408859,0.7672292979472979,-0.2056430025114723,3.142279601263188
66.0,37.0,True,0.4386189339054161,0.17482786482292503,0.7728740880841314,-0.21944280618374276,2.1728134537323274
66.0,38.0,True,0.29371230660851283,0.1782385671136679,0.552324974411252,-0.25643554484210285,-2.0605153437980697
66.0,39.0,True,0.39527610108796585,0.17720013409279733,0.7295052514249271,0.30158726679354925,1.0889323043401027
66.0,40.0,True,0.3919174194812821,0.22188959983778464,0.8455496017877091,0.1030192257576152,1.2320216910432236
66.0,41.0,True,0.3915301838245945,0.15324688325563315,0.611831307220997,-0.5573637750339739,1.1797936466663983
66.0,42.0,True,0.4424292480670758,0.12171536956158435,0.6079735449951931,-1.3357839288079887,2.629779429798572
66.0,43.0,True,0.2777334870742997,0.14905838411106265,0.5986104625290475,0.5937688231389988,-2.576178209308752
66.0,44.0,True,0.14543825619829467,0.1178015523134723,0.4805254064653291,0.6092282596075889,-7.031919569038295
66.0,45.0,True,0.2778038429386588,0.14104218829887377,0.613701487629853,0.6730276385442803,-2.348159420796133
66.0,46.0,True,0.3151759579195847,0.17359626084976898,0.784473566506898,0.43585221105548555,-1.762133599610316
66.0,47.0,True,0.5498052794513545,0.2910022394338509,1.2221780045754078,0.8990852108106046,6.049802062959741
66.0,48.0,True,0.6151941829143976,0.2813680459021916,1.2364911775676877,0.45529446146352626,8.746598844724408
66.0,49.0,True,0.6502989787328259,0.288925623791993,1.1578533821991188,-0.5598547847766989,9.806121890773687
66.0,50.0,True,0.6162164566060585,0.2819733882187954,1.0216755452427797,-0.6310202030283255,9.075031552721027
66.0,51.0,True,0.8010655308633935,0.43342548913651835,1.5,-0.06923859042586396,15.188733370264092
66.0,52.0,True,0.5717589741234268,0.3131866262656304,1.2856574276152937,0.4611086716948267,7.116906775537852
66.0,53.0,True,0.78286345210026,0.34769727177505255,1.276351499368758,-0.5800303419154753,14.328197954903422
66.0,54.0,True,0.5950828284319748,0.2976190373587763,1.166025286513756,0.36563119483968864,7.992381997688071
66.0,55.0,True,0.5221184935402249,0.2930091402356594,1.0866477484584387,0.07955549709830793,5.759595379007747
66.0,56.0,True,0.415740258913332,0.1510374589368041,0.6903576011604176,0.16870504066592862,1.495885173020629
66.0,57.0,True,0.4075721423280699,0.17348109238704165,0.7304453503196706,-0.09429908138154819,1.6622010927812383
66.0,58.0,True,0.2579199927971127,0.16419376528906396,0.6068635339166766,0.40864744136903786,-3.470514160571284
66.0,59.0,True,0.3153839663770008,0.1606034425738879,0.6064883251127745,0.21490035553425352,-1.6438406143367652
66.0,60.0,True,0.3643625621349307,0.11082938863632573,0.5860591312264043,0.01611624720810238,0.029882562272300534
66.0,61.0,True,0.3339509038208689,0.1533692942641727,0.6066113161162405,-0.20598918659674303,-0.7866370584782729
66.0,62.0,True,0.3445058901137711,0.15489695929074487,0.6432857687139407,-0.01766364329645557,-0.16917535370253597
66.0,63.0,True,0.31967986454182795,0.18107673224896945,0.758658684311869,0.2260564168113401,-1.811658585175977
66.0,64.0,True,0.3762429804769779,0.1811436087140736,0.7286353340578481,0.09937594203905602,0.3762995872444778
66.0,65.0,True,0.36999381668895354,0.16263108927126593,0.6680147655830969,0.1770135321466559,0.5077823573118341
66.0,66.0,True,0.33187613807351984,0.09954353551101175,0.5786085477167532,0.34454825330966654,-1.0535146270134126
66.0,67.0,True,0.29684071587733424,0.12203486472648743,0.6753829373201083,0.8158712184903607,-2.1645940810440254
66.0,68.0,True,0.26267579817761716,0.11869700125941123,0.4551415822880713,-0.3121466941661152,-3.1968136715512077
66.0,69.0,True,0.423270477795411,0.14546997546958215,0.7817001553659426,0.3357998221778159,2.0057900768266066
66.0,70.0,True,0.33180382094675126,0.21770019432762328,0.8320437059168475,0.6931581077220775,-1.2090789968480997
66.0,71.0,True,0.3993912191547811,0.2509482210965679,1.5,2.6883797455399643,0.3018744307873414
66.0,72.0,True,0.4478643794224927,0.19476679852342632,1.1256165172143815,1.0393247647931558,2.153878940257771
66.0,73.0,True,0.3337446051150125,0.13901992481991723,0.6389405447920506,0.10357817225745126,-0.9946485486237924
66.0,74.0,True,0.29001835764671335,0.12759154132118627,0.6047954885191082,0.6377680908653841,-2.3086093916270793
66.0,75.0,True,0.2745771236330486,0.12665920944171621,0.5513567142747228,0.2673675966929342,-3.1105293396954377
66.0,76.0,True,0.41828892584722066,0.2538706053791022,0.9271999476382484,0.3942324654037888,1.9668398229569903
66.0,77.0,True,0.34025509833734385,0.19147663347264796,0.7544680011273696,0.3321755723368927,-0.6898104484031289
66.0,78.0,True,0.5005744382888018,0.17750090787983375,0.8852899333397318,0.7083542230612648,4.32448837546618
66.0,79.0,True,0.39761288493937175,0.07492724610912667,0.5581987943485291,-0.02088514166672313,0.9501141598492061
66.0,80.0,True,0.4283424908954728,0.16988445189250892,0.7815296549507196,-0.3523610368504842,1.4700289682585943
66.0,81.0,True,0.3889835280391208,0.123730242440066,0.7470605123641756,0.38244105519772004,0.3716887197410238
66.0,82.0,True,0.5699139926688565,0.13392413591403188,0.8624935021428853,-0.04601150065971399,6.8263266473096875
66.0,83.0,True,0.4602506143063285,0.24178612887011766,0.8253523703177436,-0.10532355863242103,2.4807745954324574
66.0,84.0,True,0.5385275921147139,0.2822353982459839,1.5,1.4320013750377645,4.562748101413147
66.0,85.0,True,0.5670387047681414,0.2066215552697817,0.9151948395402718,-0.5862839439479497,6.740900797784863
66.0,86.0,True,0.3891702297457106,0.16308174323246608,0.7413325024507351,0.346082281129939,0.9332868311376223
66.0,87.0,True,0.5115992518504154,0.16487779429562635,0.7950086224909887,-0.08236952094593511,4.4235614580035945
66.0,88.0,True,0.6438227816353835,0.1675282751124816,0.9081163702915718,-0.859654129200398,9.027504815693185
66.0,89.0,True,0.6885000086464185,0.18101849641219922,1.263763010758131,0.8129344088184416,9.67667588208831
66.0,90.0,True,0.6770558472693688,0.23163833358056038,0.9715917887481464,-0.4276470304261798,9.742130839553518
66.0,91.0,True,0.9185600508605447,0.3212286997504883,1.5,-0.10540969459840344,17.6162243951119
66.0,92.0,True,0.8677066624477129,0.20315887045116754,1.292507717680464,-0.11787648658858557,15.542588918554332
66.0,93.0,True,0.8265631286978792,0.29478643275666444,1.3095828073051383,-0.26915248190777874,14.852952363717884
66.0,94.0,True,0.7964199155577757,0.22918395440664824,1.1693552177125512,-0.19597486533667613,14.09068374322874
66.0,95.0,True,0.6968679692978873,0.23290464181353737,1.3345194166407643,1.273932250973771,10.639853722877687
66.0,96.0,True,0.7704846523506925,0.2927140097753447,1.4093815978907835,0.5545040462257618,13.645309607980986
66.0,97.0,True,0.4383257487566625,0.12024648540138437,0.6290192001546423,-0.3762054295800755,2.5263228864582423
66.0,98.0,True,0.014178000084152587,0.01587408442036866,0.0530098434875079,0.8319293107878997,-11.183987182493906
66.0,99.0,False,,,,,
66.0,100.0,False,,,,,
67.0,1.0,False,,,,,
67.0,2.0,False,,,,,
67.0,3.0,False,,,,,
67.0,4.0,False,,,,,
67.0,5.0,True,0.5813218397022784,0.18716165223346354,0.859499402283171,-0.4703328858888957,6.475768558007323
67.0,6.0,True,0.5140250097668794,0.1798324202870645,0.8182244569859121,-0.24143432801354922,5.207369658659842
67.0,7.0,True,0.7331597181730789,0.29975216620270406,1.2843221304307806,-0.2797619507968524,12.222081168047941
67.0,8.0,True,0.5419511676179785,0.23773337284348026,0.973158209305726,-0.33149848925888276,6.441347852989234
67.0,9.0,True,0.36198634900917864,0.12836296882401832,0.6108490954862964,0.2574205363710165,0.17564092749503535
67.0,10.0,True,0.31026590327457526,0.21148733583588616,0.6545157410950525,0.2592023434173793,-1.234250195883886
67.0,11.0,True,0.2324970557356712,0.13338304511513036,0.5997672520462177,0.44818545961441125,-4.634288590834982
67.0,12.0,True,0.2603743214371109,0.12295447105388856,0.5291319396849035,-0.13422568337643925,-3.3611269432152673
67.0,13.0,True,0.3012389842253151,0.12058464003538505,0.5044369430837871,-0.2469692975174319,-2.081801741502631
67.0,14.0,True,0.2721165154539186,0.13433945830909408,0.6355297507562085,0.7436264876424244,-3.2329274496612608
67.0,15.0,True,0.29183033156735805,0.13361420915093503,0.5243601610319361,0.00015315522255782252,-2.0498936781038726
67.0,16.0,True,0.34690713542673846,0.185382368734453,0.7143490647031621,0.007417596515797631,-0.33971152199544385
67.0,17.0,True,0.34958659097052946,0.21351723408677623,0.9071758621698588,1.018873442354313,-0.034667356203950374
67.0,18.0,True,0.4330986604191423,0.15317725397091608,0.6888995961882576,0.19094837159763633,2.0633649537671754
67.0,19.0,True,0.29626077480695506,0.16236430936059232,0.6068355294157307,0.537407982994431,-2.0919625446462105
67.0,20.0,True,0.3972711932480088,0.18690316700245466,0.8549557017202368,0.9360469854803697,1.2340922242971089
67.0,21.0,True,0.45717765235969154,0.1839493119773833,0.7523167075074976,-0.291896040846777,3.2219851372566626
67.0,22.0,True,0.4430436710926789,0.14666761546481868,0.7165307709835178,0.20155378795127984,2.7661685662709337
67.0,23.0,True,0.5644374797193553,0.2762699820004371,1.0297613741581406,-0.06751806278072059,6.257926704905767
67.0,24.0,True,0.43954662137562345,0.22736207887773963,0.9032664788456144,0.2894150146608948,2.5223339247153804
67.0,25.0,True,0.29043670005539773,0.12232494780009599,0.5132081789492328,-0.07128131920003643,-2.040322758143363
67.0,26.0,True,0.3505987282625759,0.09545075109796379,0.5250808444294969,-0.5764729843753679,-0.3752435702840167
67.0,27.0,True,0.37262210782290917,0.12511276035658703,0.5811886500788936,0.03658014778655597,0.02059682100672023
67.0,28.0,True,0.48282282251508946,0.19171265872812374,0.8911562126643038,-0.23789181774674237,4.271439976924816
67.0,29.0,True,0.23612850807380045,0.21272065847211075,0.7696546289398937,1.1063665444265722,-4.066050579858112
67.0,30.0,True,0.2688932342661207,0.16436876582996,0.5662070855330702,0.3431503946777814,-2.9195854088491555
67.0,31.0,True,0.2576891661411417,0.13150127502493927,0.6308241790987582,0.7399372246684169,-3.4429514259644414
67.0,32.0,True,0.44886196675387996,0.21481671143366549,1.0995156629320908,0.9927844976070083,2.729629652841941
67.0,33.0,True,0.4447441464107899,0.13435098632555137,0.7868427229093842,0.6226111385416864,2.5480338923608317
67.0,34.0,True,0.48121206075046913,0.18843485020046677,0.9648252441926004,0.3427172146376572,3.929813253393561
67.0,35.0,True,0.5555202704368388,0.19652713993345605,0.9710333578901896,-0.5926725831868667,5.8023486845552155
67.0,36.0,True,0.465856734386094,0.15653172760477518,0.822445984845238,0.42074885347536806,3.564592148762822
67.0,37.0,True,0.3268740785127749,0.18673365338486672,0.6496345849592254,0.23166045229527227,-1.2284837641070026
67.0,38.0,True,0.4161214336873926,0.2268254388441175,0.8511726114819139,0.2617665193241207,1.9184175630647318
67.0,39.0,True,0.4028910968525306,0.1264854624439883,0.6033013629738427,-0.11516935239901976,1.469999738065304
67.0,40.0,True,0.426118806219266,0.16008173025246283,0.9746739864400458,1.1520922918097765,1.5961361998198922
67.0,41.0,True,0.4507106757561808,0.13095044900894373,0.754705597096316,0.27385117139008713,2.5535880515472216
67.0,42.0,True,0.47993579664472674,0.13992731946562537,0.8422260911696146,0.379372788117457,3.6029270665825455
67.0,43.0,True,0.4076465743394323,0.1343496175519008,0.6380145126112956,-0.4896641319825846,1.3773570231849015
67.0,44.0,True,0.3030422209790415,0.1183287057985854,0.6760716160008701,0.7819164480129491,-1.9774915421112575
67.0,45.0,True,0.37183522244846867,0.1748961728533988,0.7227274109858647,0.3454749962933007,0.3222279400803323
67.0,46.0,True,0.36624025217277906,0.1425841317198268,0.662881236558991,-0.16928654408920799,0.26468569777112066
67.0,47.0,True,0.5337888290917954,0.20056329594677055,0.8378792778644372,-0.19701511903786942,5.805168258614606
67.0,48.0,True,0.6751131191180199,0.15783785800655928,0.9978870525165532,0.2481978470364835,9.98674277765626
67.0,49.0,True,0.955252724305212,0.4128146737124374,1.5,-0.1694348596338602,19.79084834539497
67.0,50.0,True,0.9716710268020151,0.44647242652712715,1.5,-0.3931606675607929,20.708877742852927
67.0,51.0,True,0.9258571819653177,0.392850508344752,1.5,-0.4537566592189081,18.98194322404642
67.0,52.0,True,1.002462691289648,0.48492686834616383,1.5,-0.9472858893353069,21.936865182385915
67.0,53.0,True,0.8048798346586046,0.31211944928999225,1.3110940004817548,-0.13013982050412232,14.883553767770723
67.0,54.0,True,0.7144355049393957,0.3225132641054349,1.2475519536712047,-0.27548677964920204,12.041308729142596
67.0,55.0,True,0.45566035077938205,0.2301082570624086,0.8149314938709474,-0.15520154509713502,3.16880991079761
67.0,56.0,True,0.2927943245866847,0.1491145488201625,0.5734262971370157,-0.3115068461370149,-1.9950089767809964
67.0,57.0,True,0.38486796513808674,0.16992920309624257,0.6755672759173158,0.4312482701872736,1.0966448981947208
67.0,58.0,True,0.322625569955589,0.15006135935085405,0.5783335042084463,0.016311907064385293,-0.9728681383916782
67.0,59.0,True,0.37261402516405195,0.20872715870191147,0.8174296213059006,0.3443849897799331,0.37443401112313834
67.0,60.0,True,0.4285714343624795,0.12196024001174166,0.6518365771848027,-0.5059022504328464,2.248359544974176
67.0,61.0,True,0.3058550208446244,0.1456638069838571,0.7711575152667436,0.9328969969272046,-2.4726478236127463
67.0,62.0,True,0.26977504036314687,0.1262198946908407,0.566628334815299,0.3457804069309769,-2.7489881438313257
67.0,63.0,True,0.3943392157714893,0.14041676398034503,0.6928114835965088,0.07116464195445714,0.8841549267583231
67.0,64.0,True,0.30331819544372146,0.1438703416980553,0.6110219733435633,0.20709513671579902,-1.9607661535870868
67.0,65.0,True,0.35155245465167456,0.19132688527846745,0.7875897142679628,0.6621441275777786,-0.18155628775984028
67.0,66.0,True,0.33059730379180696,0.17584251335173676,0.7706066140212332,0.984688460942635,-1.033758399553577
67.0,67.0,True,0.22406998346419968,0.129973680587982,0.4707919178344371,-0.1405936167417197,-4.76297243516311
67.0,68.0,True,0.2977517112428765,0.17205963547880984,0.7081379202257311,1.336752484369689,-2.229112727592356
67.0,69.0,True,0.38710985225484434,0.2502659314561277,0.8515691452199589,0.5124722135846336,1.0967651416529232
67.0,70.0,True,0.2680942283173082,0.12627479622046622,0.6906372531900211,0.7481654672094783,-3.2201398966881554
67.0,71.0,True,0.40154826085188533,0.18587204679685418,0.8389828005639626,0.8592789908655896,0.7432284849752617
67.0,72.0,True,0.3069833822946756,0.1298287567460155,0.5204899916250735,-0.5014361401673717,-1.5662742733786181
67.0,73.0,True,0.3291128404761304,0.1446430303940667,0.5999540931490481,0.31344876542297573,-0.7725799767770785
67.0,74.0,True,0.2279128473158047,0.13530956818292092,0.7148694832208718,0.8928065080430865,-4.43565516959275
67.0,75.0,True,0.4143011055063673,0.1332107230468476,0.6409133964069472,-0.538461366608005,1.9506763314277031
67.0,76.0,True,0.35593249366459834,0.13927751255726475,0.741796868663602,1.0919429600125048,-0.023570474810841922
67.0,77.0,True,0.33581709741767324,0.1437403527829265,0.8576504360471833,0.5085521829032515,-1.0797873239774989
67.0,78.0,True,0.3877726314233918,0.14561889604274347,0.7966537568936116,1.0990805425010042,0.7636540319230251
67.0,79.0,True,0.3556451804348951,0.2065899443347851,0.8825272922864993,0.8577078300836819,0.2602499242180663
67.0,80.0,True,0.3800457524210253,0.14152081621888044,0.6499540497562335,0.10538122701084804,0.7856542296049539
67.0,81.0,True,0.47075590222089514,0.17478177725671276,0.7175515102486016,-0.6663328601582753,3.9109714765424535
67.0,82.0,True,0.47684366899499947,0.17710457155049072,0.7664986058505734,-0.20486010064667987,3.5535306823405826
67.0,83.0,True,0.5771143951770247,0.22319974530216338,1.1489831490064064,0.4969541373125295,6.19215997346538
67.0,84.0,True,0.4463531800476605,0.18266650722395653,1.0095808792866596,1.1061155341245357,2.291606025041289
67.0,85.0,True,0.566642927241904,0.19164681608714498,0.8440576654392069,-0.47247219189333706,7.091295561905768
67.0,86.0,True,0.576576819572052,0.1926387495136172,0.9122645889835534,0.1837319888691035,6.327204706035732
67.0,87.0,True,0.5719974965179606,0.19485487306145127,0.8473210163432904,-0.3115377110390098,6.37774511216623
67.0,88.0,True,0.615425306853744,0.1745146588366139,1.088398758717913,0.7795670280443932,8.399012534006621
67.0,89.0,True,0.4694394032172899,0.11378506759830266,0.6602236132492716,3.117067648479386e-05,3.4072609269612917
67.0,90.0,True,0.7513705593792229,0.2077805916077961,1.1378397203738435,0.06691761559088757,12.272698946645587
67.0,91.0,True,0.7992252457430435,0.2483784504388587,1.1663400353343734,-0.3456529021596486,13.41627762370491
67.0,92.0,True,0.8048525897528531,0.2514418917982721,1.260069677324953,-0.09897065968506308,14.79283353976854
67.0,93.0,True,0.7832291893866821,0.24666376388757744,1.285871394753553,-0.11189158749028014,14.109261217741226
67.0,94.0,True,0.6094589290795778,0.22115291831369469,0.995890282942129,-0.5191782350652976,8.391517405300917
67.0,95.0,True,0.5466169782758481,0.23747036733098872,1.257344698121493,0.4373719314189337,5.300346213114404
67.0,96.0,True,0.6312902961590449,0.22534023451360669,1.160449575874846,0.47559887223865854,8.273662649945807
67.0,97.0,True,0.3403109548062497,0.10445974564713811,0.5127980970889311,-0.30604807215865243,-0.8895162119604432
67.0,98.0,False,,,,,
67.0,99.0,False,,,,,
67.0,100.0,False,,,,,
68.0,1.0,False,,,,,
68.0,2.0,False,,,,,
68.0,3.0,False,,,,,
68.0,4.0,False,,,,,
68.0,5.0,True,0.41562784153788074,0.19158237852894044,0.7299474489686706,-0.11535024685886822,2.171409992356603
68.0,6.0,True,0.6078554202518522,0.12578938585336077,0.8922904645494063,0.5408013973704912,8.03453442803413
68.0,7.0,True,0.5498855801408795,0.22961406190602282,1.002821576559396,0.5446716683403323,6.240973475805533
68.0,8.0,True,0.4644073116454234,0.11743520804424228,0.6757719122276732,-0.21539237341461187,3.027975657982462
68.0,9.0,True,0.47103510064774906,0.17102571802636093,0.8244752953958655,0.3392302363706152,3.6763370353321028
68.0,10.0,True,0.31048540438008565,0.12951305950878916,0.5471339603571743,0.032096779419660805,-1.7054170011565142
68.0,11.0,True,0.349010212501501,0.12624472116812285,0.6301442809406727,0.346276107924161,-0.3613280464561275
68.0,12.0,True,0.26559446343991555,0.16282052720224252,0.5111631722738805,-0.26102868554600084,-2.9069609890610497
68.0,13.0,True,0.39971270596478226,0.21054651087904558,0.9215371716961784,0.581167427983487,1.516640076091159
68.0,14.0,True,0.3575983936581527,0.15726122118782535,0.6711468831537826,-0.209233683227787,0.2536137840257676
68.0,15.0,True,0.4016217630362324,0.19268499624317215,0.6987068496514806,-0.17773063766024827,1.4941939046715675
68.0,16.0,True,0.3717047714418421,0.12611135472451082,0.6163245661283062,-0.5503171624849297,0.06703560664086192
68.0,17.0,True,0.3701994807584586,0.17270316486914508,0.7257968373324085,0.05013991146844111,0.6978579207013478
68.0,18.0,True,0.24480058268976626,0.09961787914976335,0.4984259347205994,0.730671195715756,-3.950548576687611
68.0,19.0,True,0.5163532981533787,0.26249340427107254,1.0046704118666698,0.07686597154899444,5.294256326853019
68.0,20.0,True,0.4478431020171085,0.2571608587843312,0.9598811346568416,0.5963500262210223,2.7871423336870067
68.0,21.0,True,0.573005505453986,0.42753751562919357,1.5,0.8242954687607783,7.059660551745503
68.0,22.0,True,0.3382601547248657,0.19994385752094734,0.7811011676068031,0.40531716630525394,-1.2682491079545555
68.0,23.0,True,0.41608066305121344,0.21902493235881515,1.0448352428081848,1.362340814898254,1.8423163790794355
68.0,24.0,True,0.4265206913359692,0.19334255090646402,0.7722333881711562,-0.017492339535524547,2.0942390289370394
68.0,25.0,True,0.2915956292707635,0.1250873933271111,0.6537504833079154,0.8055147940028615,-2.5765904486602125
68.0,26.0,True,0.335053993579047,0.21064330459055697,1.176381049021844,2.1712218482948913,-1.7157003548029517
68.0,27.0,True,0.31614279735639955,0.1647380248970554,0.6518513329044722,0.35578384740317537,-1.6518759075877942
68.0,28.0,True,0.34146419181989746,0.16367677300927277,0.6633316497743066,0.4215504024726228,-0.6341727517019545
68.0,29.0,True,0.37346384356267215,0.19577101157884813,0.7425416590400128,0.4044840593008515,0.47004317332017975
68.0,30.0,True,0.24270583700321388,0.11821278336785422,0.4415253544806853,-0.664368202562273,-3.9283556830793116
68.0,31.0,True,0.4243824550662441,0.1312078952699032,0.6498024699605911,-0.35863665860119165,1.691965477700712
68.0,32.0,True,0.45217871164183826,0.1808286553036794,0.8487496030211898,-0.02165809283302126,2.0853686426297453
68.0,33.0,True,0.4151959475548902,0.18777928770571278,0.837569056855188,0.27811659690109664,1.5723936769895959
68.0,34.0,True,0.6279838779754582,0.23493197181162903,1.1137479181554482,-0.32446095792227,9.113963671696016
68.0,35.0,True,0.43447640489284584,0.18206470315732548,0.7339871710700745,-0.28930328094426877,2.8941576869876346
68.0,36.0,True,0.49899153796581003,0.17693010500858009,0.7749519292951232,-0.11751449516047774,4.3315408741913455
68.0,37.0,True,0.33913084729506293,0.1499739033700809,0.5652037971636907,-0.291253616648353,-0.918814377516091
68.0,38.0,True,0.4326055418489227,0.18188921953456808,0.7197305772241126,-0.9228007502924619,2.919260817333206
68.0,39.0,True,0.45440828700198704,0.1589546154131505,0.9141639412945408,0.6998631445364749,2.8540864699207047
68.0,40.0,True,0.40414112905760663,0.16249473835839381,0.7074472485469426,0.13922090754218192,1.5920493311576502
68.0,41.0,True,0.395471843247317,0.11471105961762249,0.6545997859503218,0.4204179131821837,0.9883296398463117
68.0,42.0,True,0.4436278267452415,0.1525045374768416,0.7193231897978272,0.09066483784868595,2.9118804829588942
68.0,43.0,True,0.31544319722885716,0.14813148782035776,0.6122601841871027,0.09888381232711953,-1.45129088245514
68.0,44.0,True,0.363628459074181,0.13168139543202,0.5739898089228807,-0.6551974456535825,0.17170727194651736
68.0,45.0,True,0.26437882191177153,0.13674864243960047,0.4871193297800776,0.10102201552125264,-3.155701523914966
68.0,46.0,True,0.36640374283981836,0.11084012665996447,0.6215670756045436,0.13698656376689683,0.41439519303742417
68.0,47.0,True,0.5291025422042138,0.3412623568134751,1.2583376493968084,0.6371464842108282,5.92119609760856
68.0,48.0,True,0.7400477243793103,0.29016995141405527,1.1853194338035593,-0.3236249357292255,12.913819678953159
68.0,49.0,True,0.8576633300584061,0.38805990310244587,1.5,-0.2389544089738727,16.97683341091741
68.0,50.0,True,1.0385997250494516,0.3808923195819028,1.5,-0.3181377486075657,22.48987287373216
68.0,51.0,True,0.8557661787119005,0.2789172285304062,1.2549805743322349,-0.8290467519412967,16.74630713392753
68.0,52.0,True,0.9247522501742393,0.28275324702106874,1.5,0.21088721225423443,18.08363576748577
68.0,53.0,True,0.7148796377673283,0.30410437199648915,1.2413273858463252,-0.4465251838909404,11.792365330328465
68.0,54.0,True,0.6290294851701693,0.389472735779137,1.3712677888707632,0.5033250755369197,9.402061305084006
68.0,55.0,True,0.4708515621661945,0.18592050787463266,0.7423251470380546,-0.21624821570408265,3.694502530946307
68.0,56.0,True,0.44631561390353386,0.2289563693188975,0.9996703228519712,0.6147621085688894,3.1370109757206204
68.0,57.0,True,0.35079380311362884,0.10407181669520882,0.6595364654624619,0.6278482352795937,-0.6456501411614499
68.0,58.0,True,0.41111103286994016,0.18390329038761632,0.6799701881796903,-0.5362369892595635,1.9926245322438225
68.0,59.0,True,0.2785835964781376,0.13315229685574778,0.6043804965891257,0.9496107000080674,-2.8186371159842785
68.0,60.0,True,0.339004866608399,0.15659067008212485,0.5711026361073296,-0.7494534883268639,-0.11869753699750206
68.0,61.0,True,0.4953319782963242,0.20379054768035634,1.019615477442198,0.6908396797848416,4.36787395262453
68.0,62.0,True,0.4086375863847499,0.2161290521154852,0.9337430139116556,0.8976693380186143,1.347381277584611
68.0,63.0,True,0.42044807511365645,0.1700279733064896,0.8098232783571573,0.49510572738272646,2.0763139558355856
68.0,64.0,True,0.5121463004068972,0.184064543078188,0.8628974687707492,-0.050265875333413486,5.267748226293625
68.0,65.0,True,0.3627269234916705,0.1351592277869818,0.5811929198180917,-0.406668309959219,-0.19593174464770258
68.0,66.0,True,0.38767566387751484,0.15214952822602668,0.8728677428275777,0.7515612968099675,0.6836140078313642
68.0,67.0,True,0.35251936664009276,0.13106613694057806,0.6776839882831961,0.3545832924982661,-0.6124228798373702
68.0,68.0,True,0.3173955692550192,0.156659967788503,0.7332531632830778,0.6605147945254742,-1.5889213880577078
68.0,69.0,True,0.46892097383449305,0.25168181381791566,1.0676507026516953,0.6395288865183107,2.8533022607596377
68.0,70.0,True,0.4146191700930323,0.12782998748631358,0.7438010317455607,0.7371632076802129,1.604680124495053
68.0,71.0,True,0.2883081425053817,0.18819740606996943,0.8062994296795118,1.2668837347226924,-2.2556528407545837
68.0,72.0,True,0.4197146311208394,0.13251925193300215,0.840218130651224,1.0682482344676052,1.2550312156759298
68.0,73.0,True,0.37470683798335763,0.20599250042787023,1.071840299244124,1.416697102177208,-0.2908940432989477
68.0,74.0,True,0.3657375337145393,0.1452856293305936,0.6462906107383359,-0.4259988628875098,-0.007567690976022016
68.0,75.0,True,0.3741415658749484,0.17256101163605528,0.6980330921659691,-0.32238399740359824,0.5518278022788521
68.0,76.0,True,0.2842841263984221,0.1112091151620312,0.4751945430103653,0.22662836618724966,-2.307057598747287
68.0,77.0,True,0.36660449320876365,0.16189944629732908,0.7559328816585235,0.5493354866648389,-0.04682688204769426
68.0,78.0,True,0.4855098705454769,0.265977017430538,1.1016529211061103,0.7782121714343092,4.445761432555115
68.0,79.0,True,0.44196570814275465,0.15325653916700174,0.723199500553458,-0.9037932350797941,2.422262593258923
68.0,80.0,True,0.4157131380192466,0.19300977073151548,0.816296475507162,0.15449543806727514,2.0882063674803204
68.0,81.0,True,0.5595894415853233,0.20852667807880285,0.9706082259350453,-0.15212516267499254,6.566075417338847
68.0,82.0,True,0.43683882874896907,0.12844580405168327,0.6931085364081391,0.1480720298185538,2.47165875287348
68.0,83.0,True,0.314367029914338,0.15855224680610056,0.6483312997771852,0.5797817736819203,-1.7247214527953134
68.0,84.0,True,0.4454816370782747,0.1836158032085589,0.7132403686649581,-0.19573084976311184,2.9991327862599992
68.0,85.0,True,0.46134082961316053,0.1721222331950445,0.8347045057826885,-0.2843085914310724,2.4864358455277626
68.0,86.0,True,0.6049730217565548,0.21951752521274062,1.1108123035877278,0.4821863387180024,7.575553365674877
68.0,87.0,True,0.6153118806480309,0.17218671802790475,0.9280870209689416,0.11686124727392931,8.20006051203628
68.0,88.0,True,0.5436692676602536,0.19112412630422368,1.0132211011372887,0.8999269574195287,5.840628712624295
68.0,89.0,True,0.5959584484627919,0.26080855115145496,0.9970796318193652,-0.351176380215483,7.318555407794582
68.0,90.0,True,0.7518916395663592,0.2162148673204611,1.2792466369391724,-0.10480576916043073,12.21418510598498
68.0,91.0,True,0.8816264553315862,0.3262526256958666,1.5,-0.2882393069905061,16.83804832547138
68.0,92.0,True,0.7895108586491075,0.21737302197003705,1.1723744075190796,-0.37057771396469785,13.85834681421444
68.0,93.0,True,0.8513415622110334,0.26848254264719534,1.5,1.0919881174896657,15.860361005651802
68.0,94.0,True,0.5908217347052735,0.2109197317811365,0.9944761727958272,-0.5522538714626474,7.809104299226327
68.0,95.0,True,0.5104503992997572,0.24621994786136495,1.052671496318003,0.6039417190892041,4.749371105107444
68.0,96.0,True,0.5758283639281515,0.21504606883171237,0.9283537393505163,-0.23829500323122338,7.2522324573810595
68.0,97.0,True,0.12068099110417252,0.07257479561614588,0.3163630194301847,0.7683940848200157,-7.687415187585086
68.0,98.0,False,,,,,
68.0,99.0,False,,,,,
68.0,100.0,False,,,,,
69.0,1.0,False,,,,,
69.0,2.0,False,,,,,
69.0,3.0,False,,,,,
69.0,4.0,False,,,,,
69.0,5.0,True,0.13299761054542977,0.06789900023613904,0.2640364707283905,-0.12826695844100952,-7.397100286316516
69.0,6.0,True,0.4645825730572872,0.1795780093814895,0.8659185532534872,0.5340832141046855,3.3047314470607074
69.0,7.0,True,0.4586452362938996,0.2002252438695811,0.9660208623806686,0.715734355894061,3.215453557067821
69.0,8.0,True,0.5297622509790262,0.19381261073692027,0.8771770889407224,0.10119622314468,5.229943238794482
69.0,9.0,True,0.42771070358650654,0.1719740096163318,0.8520636559341919,0.43708311202029676,1.8602538468543148
69.0,10.0,True,0.33609373624383215,0.15229164291195996,0.7819030521056917,0.5902052485074153,-1.0506080815073566
69.0,11.0,True,0.35625388903534544,0.19192163241274204,0.8360875421270338,0.8515008791125634,0.13116592725708487
69.0,12.0,True,0.2380010305057085,0.1248182092500798,0.5476009919461938,0.45380417725959205,-3.9408275525810605
69.0,13.0,True,0.38258812638437395,0.2206620397733884,0.8094901780700555,0.41651959060820193,0.3389106973934247
69.0,14.0,True,0.2694380266903728,0.1086067480233942,0.4137418586247187,-1.0486516676411546,-3.2741327841387653
69.0,15.0,True,0.429104379956708,0.20022352599991053,0.9006057399538074,0.7726041665295703,2.2583879087245657
69.0,16.0,True,0.38355408799703755,0.14047579148219572,0.7815726534265375,0.815794383742678,0.7261041217170214
69.0,17.0,True,0.4602444978220616,0.22204246485124746,1.059739246024922,-0.05808824546433564,2.9542107296092897
69.0,18.0,True,0.6140057831819438,0.3910219541395366,1.5,0.788308924458098,8.553001250662163
69.0,19.0,True,0.6044258962709449,0.27174716648705705,1.2046347178956631,0.18239714914689278,8.201642876758097
69.0,20.0,True,0.6223048228352897,0.41773033243865443,1.5,0.7330717193767329,8.553446340129703
69.0,21.0,True,0.6930357360468073,0.3753676769742631,1.5,0.7340094222496747,10.435155487466652
69.0,22.0,True,0.5792974446274013,0.29398518626457,1.1873085878584235,0.03858245589057676,7.652701143250255
69.0,23.0,True,0.33620422200316935,0.1232363435060118,0.6167407007446769,0.46560547136612557,-0.8159471731660233
69.0,24.0,True,0.28086851216919206,0.1598809729176178,0.5366770413637679,-0.0343690738080371,-2.514214878966265
69.0,25.0,True,0.3124673229308058,0.17123290853035428,0.7572297073345087,1.0073775701524728,-1.544359611355822
69.0,26.0,True,0.46340866354544874,0.15436969128110206,0.69512392527491,-0.07710588548720343,3.280354546355257
69.0,27.0,True,0.3514646346910675,0.13244165284017478,0.8290112411935237,1.326033059193086,-0.6750616814098747
69.0,28.0,True,0.3593476616973067,0.18296782401210546,0.6742485979688793,-0.27861280167786706,0.502650400623299
69.0,29.0,True,0.48618688830590157,0.22300765700375835,1.1207381865429795,0.5306317520798256,3.148154630194523
69.0,30.0,True,0.4235274259503417,0.18981257746806549,0.9611315642375092,0.4392386711039186,1.6536151517273843
69.0,31.0,True,0.48745270733567925,0.2115517216704066,0.9453143632825116,0.33714431197483813,4.381423163106629
69.0,32.0,True,0.5768733678832323,0.23596999337343014,0.9896881394767982,-0.008945130228554978,7.264350479704394
69.0,33.0,True,0.5256105947588123,0.25443034448377483,1.0441831975455096,0.33330509723675505,5.6611476175741595
69.0,34.0,True,0.5587626658816651,0.2032877668908318,1.132504951519036,0.05383738409697189,5.562704216194603
69.0,35.0,True,0.5742041629076541,0.20056879203646374,0.8709193003303745,-0.8469460377154496,7.338677470915182
69.0,36.0,True,0.45476427384607493,0.18109594873403015,0.7325723073564636,-0.0534369725662776,3.0233280842738317
69.0,37.0,True,0.6025627387755337,0.23601758844342088,1.1444900297412042,0.3815653437542755,7.712754238160459
69.0,38.0,True,0.5031397751238875,0.18879513819369886,0.8369977445596222,-0.1379130716907664,4.892623027224241
69.0,39.0,True,0.45972579366658284,0.12716093141315774,0.6928209251460451,0.2872913742721283,3.1894129518352528
69.0,40.0,True,0.3589255966948856,0.1855220414004835,0.7766275872746514,0.2462923492593719,-0.7292857908493462
69.0,41.0,True,0.3682748520811921,0.18330213592637426,0.722381420059894,0.005131470763827177,0.3811018722378884
69.0,42.0,True,0.43603232706382,0.19299765510868208,0.7107369977483203,-0.12409919735426359,2.4711911520355607
69.0,43.0,True,0.33572503284307786,0.15207938603418655,0.636938384283168,0.5802027751830242,-0.8665142798654348
69.0,44.0,True,0.3014227769765071,0.16197009413330926,0.7208750737386974,1.0637056513388017,-1.6895617524498872
69.0,45.0,True,0.35374168876890105,0.19522913338901945,1.1933947768223918,2.4795933563309984,-0.5424312710497571
69.0,46.0,True,0.40769215525268837,0.18754874544959968,0.8195671473656921,0.37728278516803226,0.8114140068938507
69.0,47.0,True,0.4430328846884189,0.25605534185018636,0.8276557233981039,-0.008853623663995046,2.951572241323909
69.0,48.0,True,0.6311386158018101,0.29407780729437316,1.1715629442210571,0.1132259954287203,8.544075442459132
69.0,49.0,True,0.80005399467252,0.22850194377774474,1.3682477501460577,1.2210007193341887,13.63794391276622
69.0,50.0,True,0.9825642161247562,0.4321428986837814,1.5,-0.7762274073311932,21.160657472855096
69.0,51.0,True,0.8943045426645414,0.38009549206861176,1.4411692343391307,-0.7754452977218375,18.32843954632176
69.0,52.0,True,0.75368233894302,0.3466938962615597,1.2546643929807333,-0.8410817001346791,13.632771345413449
69.0,53.0,True,0.7209119774920021,0.2412792648231788,1.1452040616097927,-0.4018966061653801,11.953523991938548
69.0,54.0,True,0.5653254951669452,0.23668899976427812,0.9544703781877264,-0.5064913886682579,7.234030289074577
69.0,55.0,True,0.5160053292326767,0.2504986013056399,1.0516158193084395,0.3578664099649269,5.097079138052142
69.0,56.0,True,0.4080194243976987,0.12168226228965184,0.6391495433210714,-0.4873282015216935,1.6292625253309678
69.0,57.0,True,0.251992912574189,0.12722468392156355,0.4514509735104723,-0.29816756473441725,-3.6616995555273615
69.0,58.0,True,0.39260473034631027,0.1420843588263034,0.6781947145697987,-0.19386676507877199,0.8405263827998666
69.0,59.0,True,0.390371110020632,0.1538895377091001,0.6378422265151376,-0.38082923001043073,1.0819652577196566
69.0,60.0,True,0.4598011186500101,0.22800378438382565,0.848468814596671,0.22448325404129135,3.585097251129354
69.0,61.0,True,0.35732320057988626,0.1688610598848953,0.7007414102861017,0.7173921287484358,-0.20956075632291488
69.0,62.0,True,0.4080591676867081,0.14328523804193982,0.6313408103833847,-0.34927289928259514,1.5300334504328301
69.0,63.0,True,0.4313442815055004,0.19915537756318333,1.0059902431360357,0.4118683813889138,1.479108310400823
69.0,64.0,True,0.38077137034172365,0.13455566895755086,0.614871835685356,0.016646811253234483,0.7106211934828871
69.0,65.0,True,0.381380701072819,0.1459164570227565,0.604650223976023,-0.2347201884941347,0.7966831920010621
69.0,66.0,True,0.40253180060380817,0.2655032561128869,1.0936693137420386,0.9242215843185415,0.15366348799383425
69.0,67.0,True,0.34934743415710784,0.17079092832695403,0.705322427226517,0.43282111557564784,-1.0077820714135626
69.0,68.0,True,0.38088726229974446,0.189586369280967,0.7775168687702355,0.9175825027033337,0.33036738798614707
69.0,69.0,True,0.33993750708940496,0.2337710690156375,0.9285348944807964,1.0023762667085423,-0.6142916027283987
69.0,70.0,True,0.47641111687628257,0.2023224335516049,0.9590185711029224,0.3968435582614928,4.065894091175339
69.0,71.0,True,0.394305799478728,0.11959393552122535,0.6103918852078712,-0.29237992960726955,0.7132622374600641
69.0,72.0,True,0.3694836167690661,0.19448584120347573,0.7960722469380308,0.6186952756209213,0.5950831004912538
69.0,73.0,True,0.5074485464247027,0.09675908853479281,0.6814986507648074,-0.14879508088674315,4.4624375474596745
69.0,74.0,True,0.33359500928261765,0.1339007898344328,0.6386886235126702,0.5459152995743245,-0.7970069937340107
69.0,75.0,True,0.3077210180148084,0.20830422120274314,0.8620239237153927,1.2646059223692787,-1.4558976259226604
69.0,76.0,True,0.3616037142103349,0.11443123298052195,0.6755394071788833,0.2190579465102264,-0.36441882942215587
69.0,77.0,True,0.31406548333411854,0.23754382657633913,0.8875764069673974,0.935528295105249,-1.5616445294365233
69.0,78.0,True,0.3518504156120863,0.12462579063458464,0.7200169670004535,0.9065460912645401,-0.5420078625219097
69.0,79.0,True,0.3842040091101445,0.1854787002482351,0.7285321580870713,-0.1718070704526217,0.4290814398546309
69.0,80.0,True,0.28441158814171447,0.11210675216013684,0.444265831782179,-0.5393718539032238,-2.6899913411277767
69.0,81.0,True,0.4161767752793173,0.1323184116343132,0.8181392214160156,1.0962715476017848,1.0432673451827956
69.0,82.0,True,0.5194708044055483,0.18938110098145816,0.9542222624644888,0.062162441676484846,5.156227189513027
69.0,83.0,True,0.4091337029161126,0.1289869413678343,0.7021630705211487,0.11549431781050568,1.574245546940903
69.0,84.0,True,0.6414551268108211,0.20711869113875375,1.100462339748064,0.2951369022569029,9.194087560256632
69.0,85.0,True,0.4152622445672258,0.17875991569814761,0.8048414705486339,0.14712183815299715,1.4521383974316033
69.0,86.0,True,0.48816708724059,0.17305770641454263,0.9884432365272784,0.45172173628583545,3.5934095147942307
69.0,87.0,True,0.4759413159426024,0.10734662618434086,0.6695746781714347,-0.29123293293098884,3.6205531523147814
69.0,88.0,True,0.5700404975831793,0.16235521186292354,0.9657397303330808,-0.3279192771284872,6.279618032098845
69.0,89.0,True,0.5790690133344781,0.2732201683167154,1.245795956569833,0.028369831246163765,7.186398107517076
69.0,90.0,True,0.7020382719899584,0.08642079255094869,0.9163856378166468,-0.05839724611818963,10.74772632598298
69.0,91.0,True,0.7987869818788595,0.17461676980880217,1.1527917374411665,-0.25376821438552144,13.548389824488828
69.0,92.0,True,0.6901441928566684,0.2806570628484338,1.4364212724736347,1.1732152425630398,11.048016739142401
69.0,93.0,True,0.6482827741846791,0.20244516063269646,1.1917768406501,0.8180178821425523,9.017516057383485
69.0,94.0,True,0.6927534693256108,0.19176254285880848,1.0422949863482065,-0.648012070550746,10.765152040168305
69.0,95.0,True,0.4270484434696699,0.17717743759363644,0.6950284032035255,-0.3738815898810782,2.6202501059035326
69.0,96.0,True,0.4618093223692458,0.1588166804064838,0.8102973546540817,0.5715603299910378,2.893606405265175
69.0,97.0,True,0.010543236315339538,0.023273408539006807,0.0792979167717356,2.0496886221432633,-11.261605287356124
69.0,98.0,False,,,,,
69.0,99.0,False,,,,,
69.0,100.0,False,,,,,
70.0,1.0,False,,,,,
70.0,2.0,False,,,,,
70.0,3.0,False,,,,,
70.0,4.0,False,,,,,
70.0,5.0,False,,,,,
70.0,6.0,True,0.3685633841333584,0.10934780777232463,0.5668981954518498,-0.7221883598600298,0.3029175073057474
70.0,7.0,True,0.586395945790966,0.1913913726527917,0.923999966325498,-0.6494440131542438,7.774077407132467
70.0,8.0,True,0.583526728164321,0.17468611683720875,0.8405681877264339,-0.535755505379908,7.585656229646953
70.0,9.0,True,0.3531906482460242,0.16249337228295105,0.7371695851846407,0.41893334089466905,-0.46439432626352956
70.0,10.0,True,0.29988743214189434,0.1298395696436189,0.5569093570931986,0.5400725598241984,-1.969316520872062
70.0,11.0,True,0.24435598524949045,0.11877966388715677,0.4676751439806245,0.29046444778858543,-3.8108704226369454
70.0,12.0,True,0.28167847887965025,0.11344463964859706,0.5188786049912717,-0.5414018547659237,-2.4284125829897603
70.0,13.0,True,0.37291091219022676,0.18250250907177268,0.7492235132110023,0.3321148328289172,0.509542011467655
70.0,14.0,True,0.42276027755984685,0.21981604859903156,0.9467890341676756,0.5736686200249995,1.9587113083584589
70.0,15.0,True,0.398732115953278,0.18803056767127968,0.7658771134951162,0.08817644074657893,1.458230549588601
70.0,16.0,True,0.34076348186764366,0.17316435508606026,0.7238666562846835,0.7360529956867596,-0.8269249190025248
70.0,17.0,True,0.3666958596305447,0.2006208118757885,0.6830199301388612,0.05745576388372708,0.4380402101396042
70.0,18.0,True,0.5138016727558763,0.27746637437227695,1.0786324553850288,0.2966054366131171,5.071578143403094
70.0,19.0,True,0.8399965403302863,0.3264225703814393,1.5,0.7828858870706316,15.482474070940139
70.0,20.0,True,0.7422357808273519,0.40343942046411135,1.5,0.7772695851092083,12.445634530854171
70.0,21.0,True,0.7097055574384971,0.49412770310580323,1.5,0.5519623992800481,11.459160086148307
70.0,22.0,True,0.6674166028257205,0.3896330464603662,1.3064609903274955,-0.3187817119874893,9.8805891995919
70.0,23.0,True,0.39568522890702307,0.17836139979467694,0.7255864265649575,0.19689484859138592,1.0310891923816443
70.0,24.0,True,0.38666634380944404,0.19405716087411534,0.7518586811079125,-0.25476063847565533,0.5120871968046846
70.0,25.0,True,0.30929235444589265,0.17736003573160636,0.9289656912886456,1.698422330999318,-2.012308284440251
70.0,26.0,True,0.38006889155656315,0.15873098231941452,0.6719055539014737,-0.15405053448619313,1.027027389667278
70.0,27.0,True,0.44559939972514173,0.31223327057684486,1.5,1.4197912951623761,1.6552244957943998
70.0,28.0,True,0.44041902390323195,0.220238149150357,0.8428389695830247,0.033943346824695686,1.9900734259955106
70.0,29.0,True,0.2762909877852753,0.14405677246305787,0.5257609196032982,0.14216200240639762,-2.98437184545556
70.0,30.0,True,0.5231191891739213,0.25494125397039014,1.1044617235832876,-0.03277431511717663,4.808607820748928
70.0,31.0,True,0.44632697950556216,0.14910831382460737,0.6446582351813476,-0.8425332006350562,2.4317916904243004
70.0,32.0,True,0.5385993419941525,0.17271371467844518,1.005399850360586,0.1733006067767909,5.684064371528675
70.0,33.0,True,0.48888475098439393,0.22920745204041132,1.0716472386207472,0.5417574942178073,4.183584635159214
70.0,34.0,True,0.4995026256314136,0.15741261475885626,0.9723549737757948,0.892734029440783,3.6348469108613326
70.0,35.0,True,0.5809159149358429,0.24441303838018266,1.2133440501878552,0.809388609037426,7.1358842314431
70.0,36.0,True,0.5241134604851265,0.180318970645836,1.0853619212963548,1.5400795473024165,5.304963270610117
70.0,37.0,True,0.5110923758161987,0.1979808449820199,1.0913583801662703,0.46881087673143423,4.342498865569074
70.0,38.0,True,0.5562875645206947,0.1497726044766432,0.9409358692868977,0.6927977033512865,6.303065313940007
70.0,39.0,True,0.5102258649646242,0.14250830296179312,0.785694384440596,0.2164881129082142,4.853916669303791
70.0,40.0,True,0.4960774053379706,0.16029680852707387,0.7934481751048655,-0.019589463871072216,4.4001481449421584
70.0,41.0,True,0.39659591784125486,0.12943635139544243,0.6893426836047484,-0.08505813717610713,1.1104460004586247
70.0,42.0,True,0.36329267556480915,0.19113968650822272,0.8284304429047273,0.6630504149770998,0.16103243532680134
70.0,43.0,True,0.37502197847756746,0.18749949401467841,0.7573251791218212,0.418495512024844,0.6892761543309678
70.0,44.0,True,0.3587416295596567,0.14834322774799083,0.8312208435326991,1.4045599449009258,-0.3202716361911041
70.0,45.0,True,0.4646325670859717,0.18218818053662023,0.9344606959780668,0.4831849064917736,2.9641256414435064
70.0,46.0,True,0.4310606856407902,0.19715187431515685,1.1634131463179989,1.5413035099286798,1.9243775530663552
70.0,47.0,True,0.40737078044581,0.2373854421655997,1.0606385239321308,1.036085838119826,1.3482975593419575
70.0,48.0,True,0.415801636686453,0.23364082751281837,0.8378191393221943,-0.14418059062914337,2.260253814431275
70.0,49.0,True,0.5776508824494836,0.20451982008662117,0.8354846963471809,-1.274724894001421,7.370237833829486
70.0,50.0,True,0.6025958985704143,0.18076884836040014,0.894583082519747,-0.43806615609697247,7.96935895233583
70.0,51.0,True,0.6845388534445607,0.29373892050189937,1.269856715777662,-0.10226762010093994,11.17335808469501
70.0,52.0,True,0.6473055903579155,0.3144213492461104,1.1610402623169884,-0.2634766577362748,9.807473054235873
70.0,53.0,True,0.6338043773957692,0.24704216176942542,1.0438918194093314,0.01054185533223869,9.228940094885582
70.0,54.0,True,0.48013575727530944,0.19397233776418202,0.8727498982083043,0.30801223633786956,4.083424979356221
70.0,55.0,True,0.43103953981408144,0.24529365749679005,0.8243585802906517,-0.1714438036201199,2.941660022721151
70.0,56.0,True,0.5130336698569448,0.2182657060962364,0.9634243507501544,-0.1338688123269102,5.287088858879397
70.0,57.0,True,0.34256183994725714,0.15633773751262509,0.741584298401259,0.7905634436450469,-0.5876782397668165
70.0,58.0,True,0.33489227282516265,0.1521031499211044,0.7370420739560912,0.20499431920386232,-0.7518626176297669
70.0,59.0,True,0.3221004458111996,0.25983303604774166,1.0342054645304235,1.2853563258809229,-1.0438345809851493
70.0,60.0,True,0.37477300960870175,0.12250005620720084,0.6161173429028821,-0.3460481432603446,0.4062551950103491
70.0,61.0,True,0.3985339684589823,0.17557225860871126,1.0777415440046216,1.6400216862586905,0.3855186197521198
70.0,62.0,True,0.561856833529589,0.1911033296102075,0.9097335217637093,-0.16462258359999346,6.398585547310801
70.0,63.0,True,0.361634938022286,0.09974590197088316,0.6924991999753441,0.7191404173843136,-0.4307452520153886
70.0,64.0,True,0.28814508283206547,0.2122219952184949,0.7026117775181764,0.5273317431765515,-2.4446992564178114
70.0,65.0,True,0.46182293956328707,0.17664655648176622,0.9337988740163722,1.3785106610466993,2.98817554083489
70.0,66.0,True,0.48478966650131744,0.13486209976588742,0.919041751434772,0.5613638099635126,3.2767160335200094
70.0,67.0,True,0.33140740133859403,0.15091934691613212,0.6146741140653482,-0.13614621908807126,-0.8170287044812495
70.0,68.0,True,0.3646189428913971,0.136005142212983,0.6354972593520094,0.012959700017501538,0.4913541808673393
70.0,69.0,True,0.383914628449158,0.16526250659507816,0.6831824594336762,-0.20016508585065662,0.9300792850206168
70.0,70.0,True,0.4352557501058566,0.19384044377468537,0.7966060294622437,-0.012320545844999675,2.7574940916240696
70.0,71.0,True,0.44032995198980823,0.13598688118452465,0.7039218441391208,0.07119237833494513,2.578392045051623
70.0,72.0,True,0.48435974489342193,0.25255235305591217,0.946266741144602,-0.25148999388811477,4.097750330714072
70.0,73.0,True,0.44740888256933303,0.16501046423013618,0.8084809064862138,0.4042123938745577,2.849744815566665
70.0,74.0,True,0.38475461291476704,0.1663573303872963,0.8046375698529056,0.6778121978258406,0.46968692615848706
70.0,75.0,True,0.3567961917294478,0.24325918436879762,0.922765994735758,0.7255696359268262,-0.08963923347802728
70.0,76.0,True,0.3095019235545493,0.15061716293046634,0.603893835899203,-0.2244758419480132,-1.4403199723937823
70.0,77.0,True,0.36457022175638165,0.16223460705623446,0.6179968255511679,-0.42548433632588584,0.24370338295279176
70.0,78.0,True,0.39986812288956697,0.2058825302324808,0.7433658721187278,0.1409685355125546,0.6121295362494678
70.0,79.0,True,0.3494940990066124,0.14546100961325434,0.7602989486783558,1.2700738982349458,-0.41371771695146575
70.0,80.0,True,0.38006349223319585,0.13092489679693095,0.6235902160722901,-0.3087294090266458,0.40711609532911475
70.0,81.0,True,0.3907308388651892,0.2041711243285734,0.8079272887726335,0.23267311273653163,0.9389676475438746
70.0,82.0,True,0.47838833427155825,0.1750666121070739,0.9258983526736316,0.7107845368787191,3.7934666542189435
70.0,83.0,True,0.48389857150078885,0.17531364815812678,0.8086266273412444,0.15916167633760614,4.21385961883499
70.0,84.0,True,0.393805738178131,0.23719140658912524,0.8504857615181477,0.1667292371927347,1.2493305228824259
70.0,85.0,True,0.5457807729833399,0.2274685182534641,0.8692068406277471,-0.5467769223703219,6.3060633600969025
70.0,86.0,True,0.49449800595085636,0.20915486569567363,0.958383570942507,0.5682906920173404,4.358944760188937
70.0,87.0,True,0.513047548243679,0.16604996204763342,0.8218798106150663,0.0028786445273045703,4.869729943495922
70.0,88.0,True,0.5737234002894905,0.1738831472986529,1.04684604530484,1.1977787397096746,6.308288404560231
70.0,89.0,True,0.6991108136800971,0.20770869523632693,1.1519471672733843,0.23793058849890536,11.266943760577934
70.0,90.0,True,0.7853537242481113,0.3046484552474835,1.44293986062224,0.25456753426189754,13.800325944517338
70.0,91.0,True,0.6603429025019568,0.1406945538128743,0.9380566920283636,0.26849627335196063,9.294976333721522
70.0,92.0,True,0.6327722353478387,0.17323279106030456,1.2061884822556377,0.3434210399714893,8.384249125385978
70.0,93.0,True,0.6374488233958363,0.21280503028097844,1.0396742770429497,0.09887997099020827,8.884642358641866
70.0,94.0,True,0.47401576210536095,0.2180702959983323,1.0012049539975456,0.7404800703265473,3.7486265228524314
70.0,95.0,True,0.432078098344183,0.1284367978704835,0.6983013447184369,0.04922571969668373,1.823355004208287
70.0,96.0,True,0.28897075337560535,0.1477224552225473,0.8103357353373989,1.1961566713129188,-2.6347747501325127
70.0,97.0,False,,,,,
70.0,98.0,False,,,,,
70.0,99.0,False,,,,,
70.0,100.0,False,,,,,
71.0,1.0,False,,,,,
71.0,2.0,False,,,,,
71.0,3.0,False,,,,,
71.0,4.0,False,,,,,
71.0,5.0,False,,,,,
71.0,6.0,True,0.16805297618488402,0.12241510779681991,0.4424514229755618,0.42994883731992717,-6.396051058810086
71.0,7.0,True,0.4549656123122972,0.1779404387407822,0.8789980694818468,-0.16535971294481283,2.392083278274934
71.0,8.0,True,0.5479374402507207,0.15743098414161621,0.912936021474197,0.4200132336927819,5.394791542867886
71.0,9.0,True,0.4061403143754645,0.16886421814052543,0.7723403945593359,0.3224560763912871,1.2198263847535107
71.0,10.0,True,0.43150712568371186,0.1406782956259962,0.6953481472124631,-0.2747017361685263,2.5822182630154638
71.0,11.0,True,0.230203626457862,0.1279077848072474,0.4427595971531424,0.1034575989740145,-4.185317323556233
71.0,12.0,True,0.3699268403639871,0.23710850333179223,0.909588679531622,0.7813058422080024,0.44413426341516055
71.0,13.0,True,0.23393521054711872,0.1837354310170639,0.7024659237376742,1.13294085246438,-4.4537602589214496
71.0,14.0,True,0.25480207879165434,0.1522994342821286,0.5764998627585952,0.1972309806279055,-3.9699150481670524
71.0,15.0,True,0.3560566919151664,0.2243400173236069,0.90979505609259,1.1637400846958352,-0.010325082643160434
71.0,16.0,True,0.30382658060161516,0.15307294794668813,0.6115865047337172,0.25416427542536774,-1.472066719083359
71.0,17.0,True,0.2742173912497435,0.19737184722235263,0.8299829537413442,1.3291507476178543,-2.772399322782666
71.0,18.0,True,0.6009912457310175,0.2501026005761266,1.0971982193256695,-0.5059537216002221,8.11295801070695
71.0,19.0,True,0.5990734285822243,0.28718781480319855,1.0975303604362514,0.21690400501160412,8.15558782655357
71.0,20.0,True,0.7687065870327316,0.4539870861328452,1.5,0.4448173593796338,13.676330561548031
71.0,21.0,True,0.6446558788622012,0.3696717515843039,1.4663092669291855,0.5673335934805873,9.598301805036076
71.0,22.0,True,0.5674816053517778,0.20678118624460856,0.9783991954732216,0.12649434575545387,6.5366498402596545
71.0,23.0,True,0.5492781073551436,0.2881173173721251,1.1855565823258734,0.406451765003898,6.476220568346663
71.0,24.0,True,0.3760747150996548,0.08364595071631634,0.5361595531011626,0.14402595360819956,0.5382884289959278
71.0,25.0,True,0.38951530265652345,0.17800086750799626,0.8660770866344394,0.9315610740634784,1.273536039441674
71.0,26.0,True,0.5184436820666551,0.20709410209776202,0.9503040292063564,0.20212206652841824,4.910153762938081
71.0,27.0,True,0.3605055191274111,0.15128275445303566,0.6596456439165344,0.5973244285141878,0.2130101830204281
71.0,28.0,True,0.45062379757106114,0.2231825780637848,0.8915802404899197,-0.06247776381307568,3.2908807157257307
71.0,29.0,True,0.4984737212340942,0.19231679264253104,0.8016313584852537,-0.07045659266127785,4.20236281375827
71.0,30.0,True,0.49588241659010973,0.0870865400712597,0.7294951038531211,0.7559455764781919,4.1024427715478575
71.0,31.0,True,0.518663907597608,0.19795247792984985,0.850202765607627,0.10086373038317072,4.238763197703665
71.0,32.0,True,0.5629980064118236,0.22083155341240346,0.934157194584232,-0.3205133397577386,6.939604250424989
71.0,33.0,True,0.609675296114604,0.30222918942530264,1.2224307924345914,0.15647199036989515,7.994460077394368
71.0,34.0,True,0.5082701929909783,0.17229408085171025,0.7787371388290634,-0.40642035763672796,4.7199562077417285
71.0,35.0,True,0.47919696314769167,0.11829531407786696,0.761587913152206,0.3435135355169457,3.29991612297062
71.0,36.0,True,0.5912462546748035,0.15908488678774632,0.8746348384546896,0.29767355365436693,7.246940985852553
71.0,37.0,True,0.5148171827527332,0.186981190422061,0.9118511115095542,0.5693397713709402,4.923946733865691
71.0,38.0,True,0.505889916352052,0.24445422866712713,0.9047619382410425,0.10092753976811465,4.067461105199247
71.0,39.0,True,0.6769605790928648,0.22120209221269832,1.5,1.4773949616323248,9.617232915235387
71.0,40.0,True,0.3910077283368652,0.11765886002460907,0.6599600406253546,0.1472482989444878,1.0586534055077492
71.0,41.0,True,0.5396933112702341,0.13797749473884288,0.7820819446589996,-0.40019717765691415,5.576231029461759
71.0,42.0,True,0.5539130977020618,0.18958614732250229,1.0593520027996324,0.9334328203892507,6.181738454798755
71.0,43.0,True,0.36322896381846587,0.14532783485862838,0.6356114488367116,-0.5500494704452127,0.09922235106366142
71.0,44.0,True,0.40146544390921424,0.183800956507964,0.7743242626657095,0.05533245141751838,1.822454534035776
71.0,45.0,True,0.29126957463024084,0.18576109937298413,0.6101525394913306,0.24821792414547364,-2.3001287524368306
71.0,46.0,True,0.20100713157356143,0.17483037590965658,0.6909954290129325,1.5282086659176926,-4.979252684870928
71.0,47.0,True,0.4718750951940801,0.2614255710444376,1.0217518485359536,0.3762807086641583,3.871006749311829
71.0,48.0,True,0.36284201897561175,0.13063007348714614,0.6114428499960859,0.12667135828939569,0.12004394825558022
71.0,49.0,True,0.39508904893429697,0.20624539730666697,0.726678929768482,-0.21261224900945802,1.3322370322733321
71.0,50.0,True,0.33714403816795785,0.16933620311157638,0.7123369990207571,-0.061711931567846656,-1.2191095851438822
71.0,51.0,True,0.4591099635557719,0.27690045500471777,1.0796457562987274,0.5966594756125316,3.417317726775489
71.0,52.0,True,0.4701112572958851,0.2504145514217585,0.9298554541813536,0.01900399818627231,3.5864582641118816
71.0,53.0,True,0.3870062899038546,0.1534712751591438,0.6106559770121134,-0.6056219861270886,1.2682467505931871
71.0,54.0,True,0.3758091358583943,0.17243318366659857,0.6846567065879603,0.2962601415164364,0.4940067719187863
71.0,55.0,True,0.3004563256251951,0.15898391513728238,0.6759955920137877,0.5926926748576254,-1.903168902919179
71.0,56.0,True,0.3469042499841927,0.09741471093628919,0.578628767023698,0.5527499388228233,-0.5431830214398689
71.0,57.0,True,0.2637779156763211,0.10574515083830266,0.4664547546571634,0.013381558886724808,-3.0744343615591374
71.0,58.0,True,0.4031228277924912,0.1778910257986291,0.9193531499002257,0.47828888271162734,1.2233487336024595
71.0,59.0,True,0.24403570257252238,0.12301271293609874,0.607948472283255,0.9516372052350516,-3.901808037563762
71.0,60.0,True,0.4073331712602335,0.2453769709121355,0.872930493759637,0.3830225962504436,1.4037297794201855
71.0,61.0,True,0.4150559979669527,0.22527010761413485,0.8414942068663323,0.16850075362213515,1.598958627152689
71.0,62.0,True,0.5370365060130385,0.19075238926391624,0.8640568292695601,-0.18112022373308273,5.292394418575271
71.0,63.0,True,0.3164609469229697,0.20171064330333502,0.7768896187188614,0.22142024073993444,-1.0652250209707803
71.0,64.0,True,0.4237121498566215,0.24728425080035932,1.1489901891567262,1.6307057982853579,1.8151875497887544
71.0,65.0,True,0.46353694037122883,0.14642748938099867,0.9696273839216054,0.8470164241968446,2.7905606387274333
71.0,66.0,True,0.46850026120555577,0.15135298740247902,0.6476900654675674,-0.9721559766036855,3.1540030607391705
71.0,67.0,True,0.4716931095214329,0.163427754542655,0.8332677979045481,-0.1053127583803367,3.617447406462624
71.0,68.0,True,0.46419788727455225,0.20135909979138808,0.782410815065499,-0.316051522218489,3.459667185901848
71.0,69.0,True,0.4801749771936601,0.20446283050885522,0.9522393678882944,0.10745885066841775,3.9855439985408436
71.0,70.0,True,0.43686771376595657,0.18238580217253947,0.7540705906133954,-0.40281452344889446,2.331402747265453
71.0,71.0,True,0.44205944007249115,0.13332658624270594,0.7008357496495695,-0.32075200891644406,2.287513561669453
71.0,72.0,True,0.3965526676830833,0.14771823445483917,0.7487774068170335,0.02628078211384614,1.4492408784476074
71.0,73.0,True,0.47078467155503173,0.19095214512640035,0.7371684344138791,-0.09591109552672246,3.557252982994334
71.0,74.0,True,0.41347310003143595,0.2169865480397714,0.8452937481194809,0.35131992112686117,1.3014840447764358
71.0,75.0,True,0.33331386285235454,0.12814014158550802,0.6053730532165359,-0.1080575496553804,-0.7153147976668044
71.0,76.0,True,0.3747758016582094,0.1559806732187991,0.6227582221404911,-0.4269449938611211,0.5331197640860703
71.0,77.0,True,0.3336252686261267,0.13147383869208581,0.5677811833574196,-0.26724301081536644,-0.7419996301355036
71.0,78.0,True,0.33623396129524763,0.10680531188117422,0.5975211823965003,-0.18942662450505346,-1.1085738829155585
71.0,79.0,True,0.31588142594266894,0.18930637208738277,0.9428259124401134,1.2662282150724236,-2.2340868879938616
71.0,80.0,True,0.36437008998507325,0.13779111974803218,0.7348141588950855,0.2631077606258345,-0.05412301576579352
71.0,81.0,True,0.3779712412141047,0.11333016018597203,0.556002727918329,-0.7645001933009632,0.6041156221817182
71.0,82.0,True,0.3922075689997315,0.16247361967200705,0.9267347810080612,0.84466579549907,0.39140792565596394
71.0,83.0,True,0.41491640527808277,0.10954156461687845,0.5805284773033246,-0.41843580600930314,1.3868414078109823
71.0,84.0,True,0.37730526486173716,0.1681648810274504,0.6330864745106382,-0.5094890161936002,0.9366169527635293
71.0,85.0,True,0.43543345569717773,0.11115042425814234,0.8044954426639517,0.6695307004454918,1.8238109225343146
71.0,86.0,True,0.5454187047735617,0.26662706602676667,1.0734599664798945,0.0971761741250644,5.2899903132932105
71.0,87.0,True,0.40312135141639277,0.22489329329048105,0.999235813487706,1.1220214871234375,1.788157133194657
71.0,88.0,True,0.35023514502836733,0.18019390846588643,0.7654591909556103,0.5207362645227609,-0.06693959111112838
71.0,89.0,True,0.5269869903535788,0.18504913852822635,1.025970415666255,0.18468265654960583,4.548943936782223
71.0,90.0,True,0.7466785934558658,0.2663215710956388,1.2786041697709547,-0.002910318488205049,12.24478409761434
71.0,91.0,True,0.6467984573685311,0.31858662026371065,1.3336603617003404,0.8939042863198167,9.571882293529583
71.0,92.0,True,0.611509181375602,0.35997411005364954,1.5,0.7230958413192548,7.7717509948490715
71.0,93.0,True,0.6583767952525075,0.16567218209656054,0.9222591060824616,-0.10202998845006347,9.254313941936674
71.0,94.0,True,0.6031464616683433,0.24043843206430177,1.0831700148413343,-0.031515050881555685,7.452693717511669
71.0,95.0,True,0.5031009118416281,0.1978524589054961,1.0171715011389808,0.6256013543593861,4.560495299855707
71.0,96.0,True,0.022301885736124027,0.027537605838012378,0.0927802899866438,1.181533032218989,-10.922486276206387
71.0,97.0,False,,,,,
71.0,98.0,False,,,,,
71.0,99.0,False,,,,,
71.0,100.0,False,,,,,
72.0,1.0,False,,,,,
72.0,2.0,False,,,,,
72.0,3.0,False,,,,,
72.0,4.0,False,,,,,
72.0,5.0,False,,,,,
72.0,6.0,True,0.01602852690711571,0.023129835390080462,0.0792247193593287,1.4784290868968835,-11.111615136059996
72.0,7.0,True,0.3606928928611378,0.20443042199360267,0.8095671212517676,0.14941537597786633,-0.4722777431322936
72.0,8.0,True,0.4378343488470991,0.15554533608132357,0.9746750215637195,0.8810421045485888,2.0577599452851203
72.0,9.0,True,0.5095539334333148,0.19854983685634756,0.9818836965174946,0.21807392674036818,4.294460023394186
72.0,10.0,True,0.5126090041135005,0.21785966645947993,0.9707828940082276,0.11350275730584335,4.97029839639404
72.0,11.0,True,0.2888825380958266,0.18780039217535494,0.7774438315924576,1.0588478502544874,-2.448955099379635
72.0,12.0,True,0.41959697212351366,0.15378333487928722,0.6669273690930677,-0.4161719196003399,1.5576013453934687
72.0,13.0,True,0.3603372348067126,0.11336520051779439,0.535175254986779,-0.5640589133274048,-0.07730210081716646
72.0,14.0,True,0.18886193073126614,0.0942445788156114,0.3608598766053082,-0.3071752044653536,-5.775510690924075
72.0,15.0,True,0.3038980178091269,0.11667028608459395,0.568422684302442,-0.08637994429044035,-2.125514514639633
72.0,16.0,True,0.35923838399361996,0.17461365818065383,0.6658704246307403,-0.046719512888043484,0.2488680834006738
72.0,17.0,True,0.34363907428496143,0.20333110905167442,0.7100256477505277,0.2515694022741207,-0.8174662870186716
72.0,18.0,True,0.4686355577069095,0.19902014903498724,0.8502970092593464,0.15637806721952718,3.8922425991305096
72.0,19.0,True,0.4879256551366858,0.24551649314956256,1.070240769849181,0.8441442191128223,4.2189221009791185
72.0,20.0,True,0.49661100197358726,0.27065280889551796,1.036197360312698,0.5856333965438091,4.494089321601172
72.0,21.0,True,0.5133512703582911,0.2930334136738116,1.1363318885264573,0.2262196847581971,5.5084019148941445
72.0,22.0,True,0.6328435457099701,0.23865800723618869,1.0833765547206555,-0.34873444830985206,9.22588303980407
72.0,23.0,True,0.323313605470653,0.19825297036252126,0.6628752193572662,0.47085623980494845,-1.5176196171506606
72.0,24.0,True,0.37064714162422785,0.17415597875408903,0.6373719987388515,-0.592724513488343,0.6282922004584248
72.0,25.0,True,0.4670187382251783,0.17449840851275678,0.8368417208184079,0.6801732637086557,3.322910297514759
72.0,26.0,True,0.37229862463233093,0.1560600172949628,0.742440584903987,0.4399711501510256,-0.3180626226210813
72.0,27.0,True,0.45886262480759804,0.19815404666396322,0.8160671093897741,0.10468549902812672,2.655500446227487
72.0,28.0,True,0.5286097920250371,0.21368159515055887,0.8884681929622136,-0.477894063198918,5.983145749429066
72.0,29.0,True,0.39274088824705605,0.21698449007760123,0.8286459371016468,0.43974045364309106,0.5640960638313827
72.0,30.0,True,0.34577703069466137,0.10541759764686143,0.5540199431039144,-0.1485644510904771,-0.5431157717131163
72.0,31.0,True,0.4801726559281992,0.19926801419008439,0.964704692076929,0.7740108490127993,3.816899944736911
72.0,32.0,True,0.6541356493029845,0.2005250718927975,0.9509921245075832,-0.33274209222109347,8.831821077768284
72.0,33.0,True,0.741475054719059,0.1856761417243181,1.0637987905702435,-0.812966823240207,12.19354782221582
72.0,34.0,True,0.5580141145316331,0.19620390337264723,0.897505283099294,0.07554874256339335,6.235520868535398
72.0,35.0,True,0.6205601111959784,0.3325417174768774,1.4313796663104448,1.1584188911415103,8.883872650635434
72.0,36.0,True,0.4517246051982533,0.15945921559006587,0.7058638003461766,-0.33364191542507293,3.155081559859391
72.0,37.0,True,0.5362615248659611,0.20785729231949313,0.8869664665557271,-0.69042008385012,6.372090160680711
72.0,38.0,True,0.48532091795437177,0.12774898428437623,0.7246517817418096,0.09069448276169723,3.663769022860958
72.0,39.0,True,0.6003492654405829,0.15871095656840303,0.9112827096817238,-0.25723786145101085,7.568617608219101
72.0,40.0,True,0.4828075666480999,0.1807702016098645,0.8300905444619789,0.29438739033395034,3.33618324305007
72.0,41.0,True,0.48458186380623536,0.1784822916629482,0.8798549194038369,0.8251909640350241,3.2541033011825693
72.0,42.0,True,0.42316316991717057,0.14093126658232422,0.6637963275145331,-0.5927152977960921,1.7863178911229463
72.0,43.0,True,0.3754705888211275,0.16675664515908512,0.6570467885873079,-0.4223001008038698,0.1424034560008174
72.0,44.0,True,0.3062450139879721,0.15634574692497985,0.6290717717779085,0.2874659491702889,-2.249544219629904
72.0,45.0,True,0.3799149698739726,0.14821683068675395,0.6289165142916959,-0.18984948542717595,0.24435557741735672
72.0,46.0,True,0.24611725229643086,0.1345204282656235,0.4704507579979877,0.2802842074272805,-3.5959241994506494
72.0,47.0,True,0.4058270012488234,0.16474275066561223,0.7423729854082639,0.2558283794000989,1.5932023527279253
72.0,48.0,True,0.3512541854473538,0.2034453353321815,0.6944783268320307,-0.15515225274134453,-0.5127483937954205
72.0,49.0,True,0.3096326619213696,0.17232651834661947,0.9384861505689056,1.5182667644491874,-1.7275104458145574
72.0,50.0,True,0.31051455116175497,0.13099829170979121,0.4991995815665372,-0.3993997482572304,-1.2971651161231224
72.0,51.0,True,0.2617222224489332,0.1592879352777865,0.6657523594502989,0.7230451858661547,-3.02803278059673
72.0,52.0,True,0.3845347696083663,0.21839734947047487,0.8656887939410206,0.43862454198284184,0.8604094699809001
72.0,53.0,True,0.33669702154303194,0.24497201904993204,0.8248379252755118,0.4540023123385718,-0.7420318329616853
72.0,54.0,True,0.39521551519089393,0.13715745971778687,0.6242747645020668,-0.1657797793271616,0.9554860038755268
72.0,55.0,True,0.2712874653831214,0.1206979314620918,0.4753787369020847,-0.5812855201336073,-2.8186373985490465
72.0,56.0,True,0.366348449818491,0.23423298902132922,0.8995366977087558,0.5255593750067922,0.17004068686509322
72.0,57.0,True,0.3483734649798018,0.17883637737283664,0.7809683735876404,0.6638885459029208,-0.4534124959001623
72.0,58.0,True,0.32955904909140993,0.14157056557628878,0.6582877251521921,0.4652873511710658,-1.2374254584678663
72.0,59.0,True,0.34609581663763433,0.23030187570057578,1.1129042350177103,1.4559876976803674,-1.3481494592207999
72.0,60.0,True,0.43685314932925295,0.19520727821543163,0.8621143228756587,0.4379776493894293,2.6976902955280706
72.0,61.0,True,0.4348667918313189,0.10673974551255437,0.6437149144662102,-0.4716065369157939,2.236044698416673
72.0,62.0,True,0.38311115348222496,0.17613629420292412,0.9535781194865856,0.31290952763674534,0.6364061960337823
72.0,63.0,True,0.36835419456871205,0.1567828683431337,0.6953753780166891,0.4602849870020546,0.3312338146766684
72.0,64.0,True,0.4898756144046729,0.21529677060335714,0.9055354130324093,0.40571540475797535,4.240732127736632
72.0,65.0,True,0.39210032336519596,0.13335217593728513,0.6217874436226687,-0.5887713477151053,1.1611730608791486
72.0,66.0,True,0.44481717630120376,0.1680640481304835,0.9923489316516078,0.470987559101745,2.582577468942257
72.0,67.0,True,0.3990942851589105,0.1986764205748729,0.8150852596125019,0.3487798266530252,1.3224734597128909
72.0,68.0,True,0.5503825410450225,0.17565955409183776,0.977805275466078,-0.021425178677573018,6.130292032070998
72.0,69.0,True,0.4103216168729249,0.17053622279856762,0.7219849509692116,-0.05337032684279146,1.9280287511893759
72.0,70.0,True,0.5090007519363666,0.1962904525356675,0.9071893079925926,0.0700013396398906,4.313829502972006
72.0,71.0,True,0.4295856145041627,0.19443698593121628,0.804812502112701,0.407209233664795,1.8468791833416573
72.0,72.0,True,0.38499882882746495,0.11079362315336373,0.5625729725200914,-0.3173884561382249,0.49709053932171976
72.0,73.0,True,0.39026064734742283,0.18838461677896565,0.8095465923416554,0.8965353437908711,1.01972810474277
72.0,74.0,True,0.4172874418386696,0.15903471234625255,0.7082719402848215,0.3579976600632672,1.997145438624402
72.0,75.0,True,0.3700980872695352,0.11862954573656297,0.7619115623482628,0.8452435140328791,-0.2782122863597045
72.0,76.0,True,0.3332499144752787,0.1280084240357166,0.566767362402082,-0.3213009487778803,-1.0224452815341025
72.0,77.0,True,0.33783357331536173,0.1223027125297414,0.6238748347234435,0.2877515047163843,-0.770534711607676
72.0,78.0,True,0.34081230393565887,0.16424916369403278,0.7777746981798332,0.5733742879590071,-1.3664804620279063
72.0,79.0,True,0.3477397761089911,0.22467719823354595,1.0375689781731243,0.9003038875689716,-1.149356697041184
72.0,80.0,True,0.35484020566789154,0.13443134874112614,0.6558731743747975,0.005003289064554636,-0.49885322868892207
72.0,81.0,True,0.2485360192188714,0.1296893184652665,0.5133803263139038,-0.1843956375033707,-3.4688691466888915
72.0,82.0,True,0.3372352383901527,0.18315640034394612,0.8014447770413159,0.7963924276347542,-0.6384252889881775
72.0,83.0,True,0.40585197104348597,0.12548091672595585,0.6503804469610426,-0.6000885643109699,1.7391373754680073
72.0,84.0,True,0.25963992825114524,0.15261839698840068,0.625154826473592,0.8489068234200274,-3.0230599540063867
72.0,85.0,True,0.40348819793834967,0.16780389480625457,0.773516494327318,0.16779553771394626,1.0129445340128727
72.0,86.0,True,0.5027794875095806,0.24769771383587727,1.2647311158156067,0.9672586072436251,3.929419329631624
72.0,87.0,True,0.6269770831497518,0.14310100504845252,0.8729423251836771,-0.32882613521529946,8.244659615440993
72.0,88.0,True,0.5102217098626229,0.16143598852778107,0.9062056212207816,0.7884635361929775,4.753325887564578
72.0,89.0,True,0.6788048484539138,0.2477347553230725,1.2666156573392722,-0.1541426757337478,9.545903853192726
72.0,90.0,True,0.8468961409215,0.30943285933116993,1.3831018699330135,-0.9038455035218085,14.92775553070891
72.0,91.0,True,0.5596593100025283,0.202213608491786,1.0065399469569916,-0.3540030617717007,6.208250853683792
72.0,92.0,True,0.5165847915724724,0.2453215833377567,1.1363846059959517,0.9436560775172615,5.187921966051241
72.0,93.0,True,0.6821432408249533,0.24377272951582094,1.156311666848923,-0.1285893346982288,10.43386328847378
72.0,94.0,True,0.520551811772443,0.22241656736331505,0.9079206906819915,-0.09043412991542378,4.715735063582868
72.0,95.0,True,0.286278497976071,0.1581038459611769,0.9183354862069986,1.588389955353125,-2.5406048051036874
72.0,96.0,False,,,,,
72.0,97.0,False,,,,,
72.0,98.0,False,,,,,
72.0,99.0,False,,,,,
72.0,100.0,False,,,,,
73.0,1.0,False,,,,,
73.0,2.0,False,,,,,
73.0,3.0,False,,,,,
73.0,4.0,False,,,,,
73.0,5.0,False,,,,,
73.0,6.0,False,,,,,
73.0,7.0,True,0.19648880052681605,0.10920087530270471,0.4101123530400035,0.24008217525898076,-5.241109675274575
73.0,8.0,True,0.5671269154441044,0.17590908694145643,1.061885802140864,0.5529200189820205,6.08398145482912
73.0,9.0,True,0.4103962163861392,0.1484927093403581,0.8051708719171617,0.8677645077648602,1.1324895012230982
73.0,10.0,True,0.43951465811703094,0.2270675691283952,0.8238899170445685,-0.12881995188613196,2.7333900418582093
73.0,11.0,True,0.3883404502559136,0.19049323851916192,0.7010013012457942,-0.2885467917125867,0.8369246868558774
73.0,12.0,True,0.3318177733296294,0.14422080798387313,0.6436686845710927,0.1045218517146662,-0.8768392785326513
73.0,13.0,True,0.3078513709448664,0.13483491843644,0.5038472969052873,-0.3327851479942671,-2.0758211088009793
73.0,14.0,True,0.3370873452182573,0.16689084995469186,0.7120393438513233,0.594300099974213,-0.8328966059614633
73.0,15.0,True,0.42939414400297987,0.1801136321067236,0.8597630769224266,0.2805178836196662,2.1321661861782113
73.0,16.0,True,0.2873022119376312,0.15277194889285353,0.5620965140926057,0.03004160663491933,-2.4821698069419225
73.0,17.0,True,0.38445647414600675,0.18307825616767792,0.790949634020958,0.21805209335258635,0.925681911130005
73.0,18.0,True,0.39724789778923586,0.1381792810697723,0.6436667063417139,-0.36116385510112703,1.2974524758133785
73.0,19.0,True,0.3859756072225854,0.1902856032172116,0.8461679202540752,0.44924964025060515,0.6056642672167711
73.0,20.0,True,0.35070333190996517,0.1881687628607204,0.7662005529213068,0.520397384892261,-0.3842013168195898
73.0,21.0,True,0.3479853713993434,0.15267038959679421,0.6729748407995656,0.4581436784725873,-0.4038636842125397
73.0,22.0,True,0.5016910099016646,0.25813381064301283,0.9224635446827686,-0.21891466946700588,3.8541036754219222
73.0,23.0,True,0.3812944877712152,0.1725782807649691,0.6128675791668552,-0.695013048191507,0.2572194119987761
73.0,24.0,True,0.44585503798739484,0.1831879178306315,0.8256561751547407,0.20822752584368873,2.6097940757055973
73.0,25.0,True,0.33296392656086854,0.21657495958616407,0.7106571921694425,0.1934242473433883,-0.5549857593217578
73.0,26.0,True,0.38200000598085315,0.10408142966361618,0.6751385671620599,0.7308888923644568,0.19180459529640823
73.0,27.0,True,0.4333425445580724,0.18538016382107625,0.9160116793920646,0.9338062455446315,2.3642680170367236
73.0,28.0,True,0.4492326083174427,0.11082671118498923,0.6359037302665586,-0.2236043564659835,2.847373958297356
73.0,29.0,True,0.5049578232703116,0.21711961561095422,0.8491075069334534,-0.2535892045969974,4.990292341973643
73.0,30.0,True,0.4131081476848246,0.2720950278722994,1.265183456963136,1.232510236599022,1.397024336572458
73.0,31.0,True,0.5895616182580351,0.2556130990947143,1.5,1.5552193326745993,6.681454665244108
73.0,32.0,True,0.5337767486213858,0.16791666232802005,0.925465168652113,0.1769003746631018,5.725016801363341
73.0,33.0,True,0.4658427241850949,0.24200048527887252,1.0908013353423454,0.7325761976363049,3.8475188734087995
73.0,34.0,True,0.5112534722478271,0.15352744338579236,0.8114014041839627,0.3742047480891346,4.22136704124968
73.0,35.0,True,0.5102041413316576,0.20028268352440856,1.0182777468511812,0.6195591828660992,4.418957472068219
73.0,36.0,True,0.5826906603620626,0.18244173107386247,0.9882419753193454,0.23163888557619122,6.995857548892807
73.0,37.0,True,0.5069546371075272,0.23930935743199827,0.8838219742431733,-0.09335726413545176,5.11068341943283
73.0,38.0,True,0.5936308723156529,0.17018012772385233,0.946988042393238,-0.6953135169637628,6.912426897671225
73.0,39.0,True,0.5674287382275203,0.21738743885389278,1.084758563281889,0.8463518796569143,6.213853500319735
73.0,40.0,True,0.6957203054816196,0.28952022824343193,1.2591226159429996,0.631721451503781,9.563769096884522
73.0,41.0,True,0.36861061266091316,0.1673125374687407,0.6181086267801053,-0.7225307694353232,-0.11635496599070637
73.0,42.0,True,0.34908024515251257,0.12647377469882423,0.7560111600042213,0.6365126637958833,-0.8499399811020192
73.0,43.0,True,0.5193152628308666,0.14085124256539605,0.969486724967789,0.6210127685936517,4.673049096017604
73.0,44.0,True,0.2915347624606544,0.11507088272104941,0.5172431592432789,0.21135986923278505,-2.16153073421692
73.0,45.0,True,0.23883349245338842,0.168576741364206,0.7034602526607153,0.5604480924675772,-4.0351510590541295
73.0,46.0,True,0.3647642551497775,0.10817278994996489,0.5428847404863586,-0.36370256387924954,-0.03535764644314151
73.0,47.0,True,0.3444395543996288,0.15134177064609824,0.5961535204132697,-0.13086249819793866,-0.5936275099736623
73.0,48.0,True,0.3312027690674531,0.15411901571351966,0.608084451647263,-0.12333355434778445,-0.8458042016239363
73.0,49.0,True,0.292835941880977,0.20217746386972926,0.8323153975446986,1.0433929003094613,-1.8884698758548726
73.0,50.0,True,0.4045257875104961,0.09763477104773312,0.6137677786210244,-0.5098770295097418,1.2789732386817632
73.0,51.0,True,0.23911447062664226,0.15012433550226784,0.5943754057479639,0.19778674048793707,-4.30857870748683
73.0,52.0,True,0.21356948835227316,0.14533919352107802,0.4928207855360496,0.027232018920761086,-5.186318328988631
73.0,53.0,True,0.2506414217350386,0.168968906858385,0.6166480285309178,0.49620027471635586,-3.4039937512078104
73.0,54.0,True,0.4128747158152474,0.23119094604911625,0.7585944859080915,-0.34301994224040455,1.523007780235836
73.0,55.0,True,0.24579301077625715,0.12893329811380622,0.5247261996210195,0.6665782701791595,-3.6957945497963856
73.0,56.0,True,0.29963873945709957,0.24000419490557795,0.8105956314698832,0.6669182079908297,-1.5815223953559618
73.0,57.0,True,0.30513302115429797,0.1407978879827448,0.5942065603321207,0.39824658548158376,-1.6513299901473033
73.0,58.0,True,0.44959913280937547,0.2685184025022292,0.9310438203982312,-0.030454036764762375,2.4579639504348085
73.0,59.0,True,0.4067504649137698,0.1636428660502551,0.7723854577512371,-0.02650376375180555,1.7842101754937885
73.0,60.0,True,0.3467055438366416,0.11689452508638724,0.6341579233852731,0.3990911832646718,-0.6584150954748822
73.0,61.0,True,0.34339215741509194,0.11288322268010284,0.6448443885107145,0.8680822803505679,-0.4302259876731875
73.0,62.0,True,0.40952457652827984,0.15100742215070964,0.8112530752267572,1.2148109036223402,1.7749070217485488
73.0,63.0,True,0.4430603852264721,0.1279514416234533,0.7533481323988457,0.4570338116491193,2.161011760282836
73.0,64.0,True,0.5342791064147144,0.169108884116034,0.7783426063917017,-0.3778023641684603,4.901181430310755
73.0,65.0,True,0.42020561055718664,0.22728659310848678,0.8470153766271463,0.4305889539918709,1.8601714328258527
73.0,66.0,True,0.40266498341629875,0.108505078241764,0.6488860502840987,0.16119987881062267,0.9141195856020062
73.0,67.0,True,0.4588493501793423,0.22889260395636712,0.94981685668969,0.5124207316544036,3.1834751522339158
73.0,68.0,True,0.5435823084356767,0.2610284192218096,0.9683118137264716,-0.11843105735700245,5.8624124644750415
73.0,69.0,True,0.3942225387017426,0.2790444743838904,0.9399706051351022,0.6621932009044341,1.4787915619261256
73.0,70.0,True,0.5021038857798312,0.18688943329231064,0.92305079989176,0.37439658511432006,4.407216935005617
73.0,71.0,True,0.2816954784852448,0.18530797069637597,0.7775580625689187,0.5877437040525045,-3.046836984042299
73.0,72.0,True,0.47375200972088977,0.24074586018272173,0.9102794454381158,-0.002544619474661033,3.8218274904596874
73.0,73.0,True,0.2886536307608998,0.11560242432855303,0.4922641655055463,0.1963935157029896,-2.4891843739066917
73.0,74.0,True,0.46963835487235966,0.19736106480476603,0.9490985374847178,0.6838051376203913,3.816855890565904
73.0,75.0,True,0.3117246336741757,0.14203655003763985,0.6164279681910474,0.24555055685243596,-1.3192733849119498
73.0,76.0,True,0.4405289784540763,0.16054231403719413,0.6866571781408713,-0.2526650658007562,2.624423738878497
73.0,77.0,True,0.23285718547273135,0.17679857814326608,0.7550078307565027,0.718319922173134,-4.597509116266688
73.0,78.0,True,0.41079867280426097,0.22577134830846762,0.9667200791124168,0.5750099600267056,1.5911065009474734
73.0,79.0,True,0.28781134312336965,0.1266660727002201,0.5921593990740557,0.45648111355998267,-2.598903779896909
73.0,80.0,True,0.2730099176783407,0.14067295036003177,0.522027295419922,-0.1725725113032226,-2.663021666793714
73.0,81.0,True,0.3165255742920704,0.15790943100892796,0.9055409970786922,1.5869880409156008,-1.9479385732897887
73.0,82.0,True,0.35648910193999495,0.12354146401304252,0.558965265657935,-0.15639049166643706,-0.3180611433540541
73.0,83.0,True,0.2903218875055028,0.14761772194893116,0.505508950598587,0.09099957419896855,-2.1290489932196706
73.0,84.0,True,0.2985112806120222,0.1636929817255068,0.6548218780780726,0.4790672973422393,-2.5738541957483085
73.0,85.0,True,0.33008142629273873,0.18393411431658063,0.7014032086624407,0.17180898458517632,-0.7614162685317383
73.0,86.0,True,0.41432499628911373,0.20732000654769442,0.9412293954368434,1.2142537764231265,1.7218451077904338
73.0,87.0,True,0.3086083918785451,0.14775443940358018,0.6827012720022162,0.7416403862816169,-1.6789174529702775
73.0,88.0,True,0.35250529808732917,0.15923865796422082,0.6881351108189919,0.09251788598905492,-0.32451955371793073
73.0,89.0,True,0.61068132797382,0.26394647191174425,1.187272245472923,0.20745344386613038,7.770391859002518
73.0,90.0,True,0.6603722092316439,0.3103498321511521,1.5,0.7105159652919248,8.329476078335722
73.0,91.0,True,0.5905428981293099,0.13516037785582102,0.8104684584781721,-0.35442801015057773,7.212080263419597
73.0,92.0,True,0.5449815064570954,0.15665424619904342,0.8777220394326627,0.47627402447283645,5.516340516115999
73.0,93.0,True,0.47993073196616026,0.13647532358693568,0.7676923238926171,0.24768540191893734,3.7355821975950887
73.0,94.0,True,0.42712929805133854,0.17356246908093795,0.7262447195433097,0.1576174709024997,2.0202291980734204
73.0,95.0,True,0.06890443293181775,0.06843625313479579,0.2633076028793256,1.362148255703499,-9.334701157864563
73.0,96.0,False,,,,,
73.0,97.0,False,,,,,
73.0,98.0,False,,,,,
73.0,99.0,False,,,,,
73.0,100.0,False,,,,,
74.0,1.0,False,,,,,
74.0,2.0,False,,,,,
74.0,3.0,False,,,,,
74.0,4.0,False,,,,,
74.0,5.0,False,,,,,
74.0,6.0,False,,,,,
74.0,7.0,False,,,,,
74.0,8.0,True,0.33163482641495867,0.15054883216932693,0.6356762564499109,-0.046269668458915274,-0.8699226549628116
74.0,9.0,True,0.44681361010966797,0.21307850578623513,0.8938276375787654,-0.14542261809988224,2.9918696163742187
74.0,10.0,True,0.32645065805859647,0.1651804871180868,0.7433683929013136,0.751344738348732,-1.0776541079253066
74.0,11.0,True,0.3729473399268925,0.18675510783765498,0.7464135677358861,0.13570010245169248,0.6530039583839996
74.0,12.0,True,0.30832691492430914,0.15141264120157952,0.5929118539056564,0.0064154264528840195,-1.4956502580374198
74.0,13.0,True,0.3466193828766741,0.18635449555666064,0.7992829909373145,0.9904908838660111,-0.2771242788109265
74.0,14.0,True,0.3697944387761554,0.1285011982338119,0.5848770550317995,-0.6520986174016108,0.3796872013609488
74.0,15.0,True,0.31636157005984944,0.1529119449665716,0.738665987438254,1.133998732831973,-1.5639912146572166
74.0,16.0,True,0.29120421505980815,0.10910010511936304,0.5035536155153997,-0.15890825370524916,-2.5090066324939744
74.0,17.0,True,0.4002498024583245,0.20420848484853282,0.8257615229974494,0.6280776583896838,0.6964758060399527
74.0,18.0,True,0.39475059012675245,0.18998820720688478,0.8514866437153172,0.6413325214320402,0.9458271501679254
74.0,19.0,True,0.34917505655556674,0.1850747157763542,0.7398683414840233,0.47597787876636843,-0.45744919429927305
74.0,20.0,True,0.4372962417387103,0.14073354720784223,0.6654352028173866,-0.25781786963414555,1.9137209200196368
74.0,21.0,True,0.36113820380893535,0.1759843869366904,0.6985224352470202,0.18445325604222776,0.26499622026351316
74.0,22.0,True,0.3853857234146002,0.1942224454207057,0.7885067721835823,0.6077988193552141,0.35468081198087253
74.0,23.0,True,0.29178672715069837,0.12092308477705864,0.5053678053919645,-0.6927958198373488,-2.3238037128719427
74.0,24.0,True,0.3102190866850535,0.12517519031296326,0.54206156836775,-0.2085401035944156,-1.6888171070550002
74.0,25.0,True,0.31837439940606915,0.14210254782956108,0.567355199738663,-0.19188931541213228,-1.5033729080714848
74.0,26.0,True,0.3663185334711826,0.15967538636184211,0.6251985561822352,-0.05175014980111255,-0.1784433368172996
74.0,27.0,True,0.5395978569561437,0.15663508597234238,0.8577512121298656,0.0010121744580671775,5.738586507565569
74.0,28.0,True,0.34637863580696915,0.18171902000667534,0.6820006672022936,-0.07645044619001157,-0.8421855281018067
74.0,29.0,True,0.4969442784418676,0.13986191219976724,0.6404945956890823,-1.4887025412232258,4.384134092845781
74.0,30.0,True,0.5728865216375357,0.25184433555135516,0.9918137441382284,0.011858420536616952,6.845667703732148
74.0,31.0,True,0.44287598207963197,0.1799920728619007,0.8599678713859207,0.5037903086050928,2.2908435052688993
74.0,32.0,True,0.5451621758426495,0.28701399289624074,1.2377303344100392,0.6321591294717842,6.506712728638313
74.0,33.0,True,0.5887897579671962,0.1929779441276455,0.9942287202372612,0.26721799665686935,7.41627747053746
74.0,34.0,True,0.4325564711165681,0.18681240253326892,0.7608069611053464,-0.39714203754468286,2.897428217429013
74.0,35.0,True,0.5265148372090028,0.270460078560455,1.0382135628955675,0.246994930244593,4.945076963237027
74.0,36.0,True,0.7372723023929888,0.236611365659093,1.1003773395277112,0.24874120946608272,11.834892815125698
74.0,37.0,True,0.48445757633558684,0.11881322736350687,0.7623280454405182,-0.2469212414562585,3.754404581062697
74.0,38.0,True,0.5751857189838464,0.14156322902291824,0.8357271274316005,0.18181325838548795,6.882408849352054
74.0,39.0,True,0.526444609587335,0.18028255711292565,0.8153729141926886,0.2754400410193601,5.26509836092766
74.0,40.0,True,0.46259181244133113,0.20026859485912327,0.8492875431314804,-0.03665647422448363,3.405289168823881
74.0,41.0,True,0.46681804923743875,0.1037050658803899,0.6878811790453837,0.14226526545131932,3.1951821979100052
74.0,42.0,True,0.4536933409619623,0.266757317181665,1.168669363315837,0.6231923243722174,2.8134941375942986
74.0,43.0,True,0.4564779859771147,0.17762416871962594,0.9461075603169904,0.7293691539557227,2.4658092279243227
74.0,44.0,True,0.40436939305887004,0.23739076969778075,0.8098296694928361,0.0011250345290359693,2.0231992925560194
74.0,45.0,True,0.30445274559132435,0.1678178059761255,0.596048009213244,-0.17216673894011927,-1.6396327341038208
74.0,46.0,True,0.39114259600687007,0.1454508801443165,0.5961112913151401,-1.2633366536631248,1.2761316717117475
74.0,47.0,True,0.22052639669727606,0.142574721805418,0.4756575486982086,0.2238445058601689,-4.428618741795855
74.0,48.0,True,0.21274205807522414,0.08663728690085835,0.345265072208256,-0.2740765838650978,-4.9397826552691235
74.0,49.0,True,0.24949055151358057,0.13597587741103984,0.5470914215929223,0.8517687226149173,-4.130349220693559
74.0,50.0,True,0.2749995742872412,0.1433328051936749,0.6509744470783282,0.8798484207059091,-2.637938937839068
74.0,51.0,True,0.3378713490379755,0.19508241880702148,1.0577572181853303,1.1306110977400003,-1.0378608347413452
74.0,52.0,True,0.3733388048088351,0.23089368750225744,0.989767275638094,0.4697482850349372,0.3452187571234424
74.0,53.0,True,0.2663406611860757,0.16953292846569057,0.9752355864489916,2.563326646450341,-3.3370860137772156
74.0,54.0,True,0.31559920206938213,0.2053122382484087,0.7241069024507534,0.39763843271395194,-1.390385727780753
74.0,55.0,True,0.40774625336098297,0.17031734433973095,0.8284881900615234,1.3798504587009257,0.6236891090315312
74.0,56.0,True,0.3537589534268351,0.18053904473411014,0.8053221618559334,0.7944130329852248,-0.41075047768453565
74.0,57.0,True,0.32455101522539426,0.15457191168555098,0.7101588746415649,0.7644278785376989,-1.4390559212914962
74.0,58.0,True,0.44661038852518187,0.1681910042707289,0.7887960858290294,0.03580296993609391,3.2287958757951167
74.0,59.0,True,0.37533597104472355,0.2055719818979187,0.8230813508071673,0.19892278334328697,-0.1174116402327564
74.0,60.0,True,0.4225945886741087,0.19767146948002348,0.7353091233949517,-0.2645899679162222,2.4266841754407737
74.0,61.0,True,0.36290094377985005,0.2244159448030652,0.8505505890808613,0.74718748603759,0.21298672158660004
74.0,62.0,True,0.4512430157283165,0.20145773817410892,0.7166175399213052,-0.6871534480680691,3.0748675117992628
74.0,63.0,True,0.5730247249199681,0.15637281149722435,0.8166112035286298,-0.3631637903604397,6.674984012842325
74.0,64.0,True,0.5677291802367603,0.16451540000672646,0.965423476392798,-0.2938991572036711,6.002905616469132
74.0,65.0,True,0.39747717998085913,0.1887910516035251,0.6822384283508716,-0.23823102452928877,1.464507751154826
74.0,66.0,True,0.3869629339014609,0.11639160366204947,0.5926559258343028,-0.435057635218471,1.005633679023862
74.0,67.0,True,0.5458522056051007,0.20418777743806477,0.8694538267987204,-0.13364267510360542,5.955281130098091
74.0,68.0,True,0.447514607985931,0.2673826134505557,1.424921578067469,2.0875634983055527,2.4013012602369788
74.0,69.0,True,0.4432719548370192,0.18954641816068,0.8491230102598806,0.16578663681704872,2.7365884108779053
74.0,70.0,True,0.5062933125589181,0.14277205742085253,0.8924587901314379,0.4943955672059488,4.330425931013857
74.0,71.0,True,0.510530873802231,0.1925574292735198,1.0569134992272515,0.6722391000257889,4.4841215092028355
74.0,72.0,True,0.4344117651354729,0.20344348505543075,0.8232485210192407,-0.05940764276888175,2.1300265777972562
74.0,73.0,True,0.46593380417868624,0.12540381721904395,0.6857270329036466,0.15768806019801904,3.43526804808499
74.0,74.0,True,0.35620223799672046,0.19780206480182697,0.745072463902429,0.5040434004441002,0.15532686568861248
74.0,75.0,True,0.4428636238914836,0.24434910666288856,0.9885091534160746,0.5027534169018765,2.420153907591695
74.0,76.0,True,0.3064448456244931,0.11122042666262578,0.5066698622549254,0.1256062894058176,-1.6783917591104605
74.0,77.0,True,0.30215908990402535,0.12006729651246863,0.6198916614772062,-0.09111327556028814,-2.309652294080206
74.0,78.0,True,0.32784320155989866,0.13532461204008125,0.6216767482630688,0.0318359561504676,-1.0434229244310402
74.0,79.0,True,0.32116065314663916,0.16498885225325938,0.6747458042863889,0.658542229018997,-1.4937174361771652
74.0,80.0,True,0.41285453352388585,0.22076942422264548,0.8396639004082321,0.598169768982463,1.919761856076453
74.0,81.0,True,0.1947229116761771,0.12831163713229377,0.5092428043183936,0.6670601079450728,-5.432775174712223
74.0,82.0,True,0.2796290042731096,0.19068660068802107,0.730284494979728,0.8336262587950974,-2.4382102049663157
74.0,83.0,True,0.27301789407703997,0.15429662436697253,0.5477078255218918,-0.23505911250088005,-2.8106917601239085
74.0,84.0,True,0.396720853402157,0.16401343618749592,0.7899929813975399,0.822336692892947,0.9075517540188132
74.0,85.0,True,0.325507700252035,0.11405297820812013,0.5245918551097615,-0.4321745438909424,-1.194333172488173
74.0,86.0,True,0.3607952768966857,0.17680292992650623,0.7901999774182356,0.8210351323397928,-0.34433027944029104
74.0,87.0,True,0.4467298508106674,0.1691900009798476,0.7885561229116019,0.5135615674445017,3.0296638358343513
74.0,88.0,True,0.4571637033305829,0.22446264960055856,0.9602258783369424,0.326245258631251,3.4334656441343587
74.0,89.0,True,0.5601438978019543,0.112320926157924,0.8062299618386056,0.45182777575367405,6.194778944287422
74.0,90.0,True,0.5540916075626738,0.21929551826643892,0.901397212653382,-0.44515385780162453,6.369829919326913
74.0,91.0,True,0.5650660890542946,0.18608692089116263,0.922854715032198,0.09418072004825055,6.198320432902151
74.0,92.0,True,0.5007959444145051,0.3175364826824954,1.245223793658252,0.7721363270152187,5.010036694814459
74.0,93.0,True,0.425897092452921,0.1417227826502916,0.7086352689641968,0.06899986781141347,2.288517645225223
74.0,94.0,True,0.2016273255413796,0.11317568968260792,0.4341879898341411,0.4368753521307437,-5.391213142493035
74.0,95.0,False,,,,,
74.0,96.0,False,,,,,
74.0,97.0,False,,,,,
74.0,98.0,False,,,,,
74.0,99.0,False,,,,,
74.0,100.0,False,,,,,
75.0,1.0,False,,,,,
75.0,2.0,False,,,,,
75.0,3.0,False,,,,,
75.0,4.0,False,,,,,
75.0,5.0,False,,,,,
75.0,6.0,False,,,,,
75.0,7.0,False,,,,,
75.0,8.0,True,0.19230583607286447,0.11056246090101035,0.5503447761836722,0.8045766887870115,-5.728413039199592
75.0,9.0,True,0.37515483861565047,0.10408420633680165,0.5880610282318635,0.2593667915258721,0.17142585275099947
75.0,10.0,True,0.5038477011556328,0.17238309755930267,0.7327040436649251,-1.2186764401159627,5.141373290849217
75.0,11.0,True,0.48641745370339323,0.14735123614726647,0.8590886166777744,0.9105886480220858,4.106431464395169
75.0,12.0,True,0.43287707969779743,0.17978785931404132,0.9309865649432532,0.6951859381161135,1.4667753291185106
75.0,13.0,True,0.3806778081198422,0.18433407692034495,0.6876391871052986,0.029502144056289308,1.1841155566954673
75.0,14.0,True,0.36519179405693303,0.22644296025602373,1.1506465799492018,1.2412856871945348,-0.70325437193467
75.0,15.0,True,0.34460506246092376,0.16508739645762396,0.6286391505810669,-0.2088974371668511,-0.940096491661321
75.0,16.0,True,0.37556905115891426,0.12192991740220349,0.5892044197649519,-0.43476130410498004,0.5219737923138074
75.0,17.0,True,0.3485265540973773,0.17132972072811883,0.6846592034275455,0.21238520996085092,-0.8387924578391346
75.0,18.0,True,0.3899130385811969,0.19792840170891168,0.8894965326087229,0.8618768371736658,0.44027087249457997
75.0,19.0,True,0.30584391787855286,0.12329906564742879,0.6565092848014253,0.4384554983564126,-1.9712723713573617
75.0,20.0,True,0.26046782043154204,0.14229040646178626,0.5522573503070956,0.1839487340533945,-3.414887277548532
75.0,21.0,True,0.2972631507235546,0.12923167004259833,0.5261062700822,0.10030333735492963,-2.0413453497864325
75.0,22.0,True,0.35966566289806046,0.13683727585756095,0.735966974859601,1.026896152766216,-0.054235208371812234
75.0,23.0,True,0.37518061560160954,0.1530802528101328,0.7372573851848148,-0.01562764751630118,0.524850418543164
75.0,24.0,True,0.345794414755107,0.14927641632253405,0.7326973594616216,1.006121211423993,-0.364558422255397
75.0,25.0,True,0.4009790144809424,0.12923423145551713,0.7481978587473885,0.6123268818957247,0.7916099097968218
75.0,26.0,True,0.35154844639180316,0.19350502096624692,0.680419455721706,-0.03953529172016523,-0.02829988878315326
75.0,27.0,True,0.44936905011565864,0.1576389579766268,0.8275343860635146,-0.04679330998116028,2.3442528610012947
75.0,28.0,True,0.39753329626226147,0.14303713226525397,0.7199953081481457,0.39190386471305366,1.0543466012138991
75.0,29.0,True,0.5268286953470449,0.1517323853345314,0.8312955103843329,0.12362387352838997,5.49888331275175
75.0,30.0,True,0.5085209703628154,0.20097243890793162,0.8565540727394773,-0.601015302823085,4.527093415809019
75.0,31.0,True,0.582783136761588,0.2383960091527226,1.298793132768714,0.6086560530694548,6.278350852445788
75.0,32.0,True,0.4945768364661696,0.31089781724386645,1.1559839393389508,0.5629754700416242,4.469746195826949
75.0,33.0,True,0.36564476641356614,0.2204352434780725,1.1051064187098971,1.1751621032378319,-0.9179443412026685
75.0,34.0,True,0.5935667409031794,0.21200726250581178,0.9946974210601732,0.2153536949358816,7.126516030550744
75.0,35.0,True,0.5220117244141806,0.24726592580527296,1.5,2.0044163597793245,3.991331285354164
75.0,36.0,True,0.6333018046903038,0.18549992280558186,1.0172601625129816,0.19957296524403173,8.527507790441687
75.0,37.0,True,0.5597301082658983,0.24156731925946792,0.9322182441217028,-0.24887846303582642,6.286696706498112
75.0,38.0,True,0.5793777036269337,0.3682795839843211,1.5,1.333918280241856,7.023921835665231
75.0,39.0,True,0.4672859921636926,0.2063326436856222,0.8899729750873588,0.2090696777704365,3.5307762025594416
75.0,40.0,True,0.4821097634793067,0.1284730789429381,0.6967566860794548,-0.39890724401263133,3.662980969563523
75.0,41.0,True,0.43483274219368817,0.1643956763611973,0.6640229361868608,-0.4109737580960714,2.512889957163434
75.0,42.0,True,0.39315038127553104,0.13074215150943316,0.672461304911651,0.43169559932079166,1.2510932654583715
75.0,43.0,True,0.37672091174600464,0.13874323939832237,0.6519011991047656,0.20771741233061863,0.3793187840755722
75.0,44.0,True,0.4089778165788853,0.15114455134643495,0.6616821120025881,-0.13559548679965608,1.8241497188589784
75.0,45.0,True,0.385323571309934,0.12349055165773154,0.5922231102864282,-0.19403935278059417,1.000409214784449
75.0,46.0,True,0.3087079212276899,0.15714366761306445,0.6060602466688517,-0.09922516465631882,-1.463465856787653
75.0,47.0,True,0.3221017893622378,0.161919277827872,0.6732680329854306,0.2765560987604088,-0.9838817467694219
75.0,48.0,True,0.3154206399455782,0.10688687483013867,0.5160463618950667,-0.3796489795007659,-1.391396494022858
75.0,49.0,True,0.27066406081221556,0.11681890914349284,0.5371300045151332,0.7510607130411558,-2.9434704511397767
75.0,50.0,True,0.2647805152431597,0.20501657582374763,0.7160984228829049,0.44850519850671366,-2.5880937359140774
75.0,51.0,True,0.3407989439172635,0.1766430639610436,0.6261194518155327,0.11576101637869234,-0.5294693914190016
75.0,52.0,True,0.43142857468356366,0.16219797656583768,0.6883019585927719,-0.7949692667780611,2.050181858586416
75.0,53.0,True,0.3115060469772997,0.16179762939290354,0.7057207071948717,0.7759956549556054,-1.658902629164607
75.0,54.0,True,0.3041339101171451,0.12874331741296163,0.6541285872833988,0.36052982719731247,-1.575899617719608
75.0,55.0,True,0.40328322905075764,0.15739116812666307,0.6855129000853338,-0.08684505001454021,1.563346376326514
75.0,56.0,True,0.3388720406929005,0.13585429462864668,0.5889322828966193,-0.5852912155714719,-0.8227442238904389
75.0,57.0,True,0.35981743494429275,0.10511198050054811,0.5898219708699153,-0.01155643468828973,0.1113072274014748
75.0,58.0,True,0.4738838602783669,0.18118686291185934,0.8085569645161588,-0.2519318772349905,3.1630072064493713
75.0,59.0,True,0.4043554374427215,0.14949934255776864,0.6226654203557901,-0.6475324164512264,0.9748304476300971
75.0,60.0,True,0.4442472737772205,0.1496516289776189,0.7747681129688933,0.6698624114356219,2.6905042305401423
75.0,61.0,True,0.4799001614291154,0.21429665130294648,0.9025088550236012,0.19313925021964234,4.209536046880111
75.0,62.0,True,0.3953242715588246,0.11556569452409067,0.6238944415076153,-0.2689249066356678,0.8708797221328416
75.0,63.0,True,0.3118824742196832,0.1598878376260325,0.6389317998086523,0.6770712130397933,-1.8792461257381836
75.0,64.0,True,0.46882666581299764,0.25280502248060177,0.9751235985180816,0.03660998213101043,3.004260977582451
75.0,65.0,True,0.5122300316059436,0.1872294022604277,0.8926478940408231,0.0173812822426006,4.748871038775017
75.0,66.0,True,0.6365718836181784,0.2616544247852332,1.094919405123531,0.18008863091923205,8.776218319412969
75.0,67.0,True,0.5555252035860544,0.3058519063672478,1.2113308076631992,0.5994931879264089,6.367288614288975
75.0,68.0,True,0.4126551011763747,0.1404645171328839,0.8624516293774022,0.5305209473795048,1.283421745315724
75.0,69.0,True,0.45782919997534155,0.2050069480243465,0.9657210826387967,0.8771553788185023,3.022907956885121
75.0,70.0,True,0.4329904347448093,0.22162079869436513,0.8624440707280769,0.4255816890139636,2.464334099634857
75.0,71.0,True,0.45592953352238835,0.25391807643564307,0.9724993224838742,0.2488870166072184,3.182497742094318
75.0,72.0,True,0.44643972831802414,0.1590166727275284,0.7585263809260643,-0.008377337157607807,2.421575967820509
75.0,73.0,True,0.3762255038778133,0.11079460879236565,0.5661793274931332,0.4475366267353616,0.174889930317156
75.0,74.0,True,0.4095563034080858,0.26492291276035984,1.140065094353888,1.051412434431884,1.7760255629692574
75.0,75.0,True,0.3220754983753324,0.18314401244778705,0.7754694352661144,0.6793496947637195,-0.8231847644915872
75.0,76.0,True,0.2485294804853376,0.11187729946226456,0.5057399838646085,0.4329443350911488,-3.5509932448462074
75.0,77.0,True,0.3953002495787469,0.24919268306927142,1.042281259863764,1.0260817751410674,0.987903251457962
75.0,78.0,True,0.30151117626127716,0.11099626398316755,0.4908686949478111,-0.03848965523185225,-2.1103599115181617
75.0,79.0,True,0.32132535199897555,0.1464315127358738,0.6671695537566574,0.4235615092632193,-1.2958271430837318
75.0,80.0,True,0.34845185567237225,0.18104859505558013,0.7390085211804747,0.36844627632661,-0.44595387100930695
75.0,81.0,True,0.3855561767215529,0.15812193419343754,0.7800636959620865,1.0363162389186056,0.8973611009676162
75.0,82.0,True,0.2882289023030781,0.11688619756374849,0.4796340810069669,-0.4073795924640174,-2.0793406788378
75.0,83.0,True,0.45326905123603656,0.18855615428353076,0.8598270079785194,0.4225419530079522,3.227384733875089
75.0,84.0,True,0.416551956508985,0.14271831305180557,0.6410389212828241,-0.4233726999170154,2.1067326443864145
75.0,85.0,True,0.5206767850209458,0.2654599766299228,0.9794526686521704,0.014763399252299804,5.664365067280431
75.0,86.0,True,0.4288669661514794,0.22028743432647813,0.8248017589890092,0.295618906069275,2.20993076808689
75.0,87.0,True,0.3718727688738678,0.20621034388797185,0.7934135859397631,0.40910621192133473,0.3500091437618071
75.0,88.0,True,0.4240110119714724,0.1853891147615543,0.7493864044444148,0.015601007816662491,1.92397120422536
75.0,89.0,True,0.38929331869101164,0.11536851620900823,0.5850984158777627,-0.658337004402497,0.8171294977074954
75.0,90.0,True,0.5272997463404645,0.13345636686589094,0.8073596435391999,0.2273190480258604,4.854133479638592
75.0,91.0,True,0.4951398590140482,0.23618642402984869,0.9096737604199304,0.07761821060510388,4.740392278670079
75.0,92.0,True,0.419630339709078,0.18791286871694995,0.886307343736475,0.5860770537167413,1.683449817955091
75.0,93.0,True,0.35568110486777144,0.13887800124046912,0.7882975012243029,0.23714699608515125,-0.28159427451214886
75.0,94.0,True,0.04079701854058146,0.04311435548729371,0.139347268931886,0.9085718866022809,-10.281229956985062
75.0,95.0,False,,,,,
75.0,96.0,False,,,,,
75.0,97.0,False,,,,,
75.0,98.0,False,,,,,
75.0,99.0,False,,,,,
75.0,100.0,False,,,,,
76.0,1.0,False,,,,,
76.0,2.0,False,,,,,
76.0,3.0,False,,,,,
76.0,4.0,False,,,,,
76.0,5.0,False,,,,,
76.0,6.0,False,,,,,
76.0,7.0,False,,,,,
76.0,8.0,False,,,,,
76.0,9.0,True,0.23871636520072045,0.1133738943642491,0.4614104737111893,-0.11449778945656494,-3.93494533196111
76.0,10.0,True,0.38960254896504815,0.200941429665219,0.7369668372254807,-0.17268685927766705,0.9921430237011262
76.0,11.0,True,0.3303028392307497,0.17676659528497013,0.6259438091252933,0.1071723599792525,-1.0037872884844454
76.0,12.0,True,0.4704081749677038,0.34303552004815874,1.2229183196392817,0.346213995647892,3.7042699816543214
76.0,13.0,True,0.3726849289625258,0.12595223316617576,0.5505475080214385,-0.543690422694442,0.251619579149695
76.0,14.0,True,0.3574113440600516,0.16627888996645293,0.6262766909605234,-0.13083761194873972,-0.5078629617867247
76.0,15.0,True,0.2634308103747907,0.15176533616552657,0.8664778061497493,1.6078623518531323,-3.579375776821043
76.0,16.0,True,0.24729140980462339,0.1494791387441485,0.5119553314350674,-0.009887851665871505,-3.505067722405448
76.0,17.0,True,0.3881122296563064,0.1472531229534922,0.6008368548775096,-0.7299211447649506,0.7968308651827954
76.0,18.0,True,0.35268898295386264,0.15511918061715768,0.6895929582971696,0.33215226605482717,0.012489496065942303
76.0,19.0,True,0.3053179070131624,0.14984645941746702,0.5055032234750642,-0.36363568076353703,-1.848518759614307
76.0,20.0,True,0.2728303594978191,0.12243308289705267,0.5484861071593456,0.4215245570747136,-2.882243769605526
76.0,21.0,True,0.33113158690136024,0.14454472844659064,0.6117271418261331,0.19983226000172635,-1.1471796154482141
76.0,22.0,True,0.37451756254366336,0.14783627074994807,0.6747887823459956,0.06765131871471142,0.7268335569093981
76.0,23.0,True,0.4602536479862285,0.22824319334045748,1.0159488817204805,0.5163499896909469,3.1412252066191
76.0,24.0,True,0.2657612463070394,0.13539942417716375,0.5346158137199472,0.06169960643016052,-3.334536681742742
76.0,25.0,True,0.33255162567978575,0.12709314460458368,0.5074787763488733,-0.3096824049049164,-0.6006123758276047
76.0,26.0,True,0.37123909731108784,0.1627312337784908,0.7339101429189553,0.6278578969161163,-0.062001734442756536
76.0,27.0,True,0.46867200808219606,0.18710834238320367,0.8101227271772835,-0.26421391413787404,3.527132027558553
76.0,28.0,True,0.41458051278498764,0.12244506971688897,0.7109129286478097,0.30908308736409223,1.8690539334641152
76.0,29.0,True,0.5133756886187847,0.16381841206509365,0.8175231828383575,-0.251121207259148,4.94040837605485
76.0,30.0,True,0.5396705649956313,0.15882926325372465,0.8823722198496166,0.21229639565771216,5.409201539001935
76.0,31.0,True,0.721568716662419,0.17740497212917908,1.1477484309768338,-0.051628056737349465,11.125586925008301
76.0,32.0,True,0.5397875654484228,0.13035907141082562,0.9085403822472604,0.46239713567819857,5.178030028809602
76.0,33.0,True,0.5213738872772431,0.2625015358863346,1.5,2.396485895934229,4.051447839173736
76.0,34.0,True,0.3801916284760114,0.22838900397933545,0.8659015716130105,0.5064422834984281,0.8783873839443264
76.0,35.0,True,0.4097743983024821,0.15905355917750974,0.6688574026629113,-0.030355299649242874,1.995767703411932
76.0,36.0,True,0.4818195374964525,0.11584753881430786,0.7199909754188881,-0.04093392432049908,3.8154224632436957
76.0,37.0,True,0.4960000087653801,0.15988568489526678,0.8781678504868505,0.3695087707356712,4.500648021930638
76.0,38.0,True,0.5457460872432773,0.2317593005951121,1.0894899010059431,0.6272055101135581,5.948124526386404
76.0,39.0,True,0.4839473701748383,0.21558788392457054,0.8995236364179252,-0.048311633928058643,3.73097398333807
76.0,40.0,True,0.3666558504722653,0.15756315713359212,0.7386898996451097,0.6211283564146292,0.13584415112071105
76.0,41.0,True,0.33613508654060636,0.10347171056801237,0.5393259282433149,-0.07079681578338466,-0.7527526288984141
76.0,42.0,True,0.4715172655606417,0.25556144284572285,1.092200052041392,0.5799098148601848,3.5033687862916345
76.0,43.0,True,0.3492578621814576,0.1588514306987919,0.6368448636308432,0.2716344981914702,-0.6271269281980453
76.0,44.0,True,0.3537576473257431,0.15252088475784892,0.7304285603399787,0.649238454009432,-0.1400143851745099
76.0,45.0,True,0.36263606456238795,0.1551002902009208,0.636182677785911,0.25709037872879253,-0.5563739328676669
76.0,46.0,True,0.33188443257984385,0.15481312947956102,0.7233182225154431,1.006250111979485,-1.0849150451928646
76.0,47.0,True,0.3217051361485438,0.1944755109807982,0.8485493803268666,1.3718396198218041,-1.4819364504344934
76.0,48.0,True,0.33803585935196223,0.15550978637228421,0.6516187575082011,0.3969103925083314,-1.003428072252545
76.0,49.0,True,0.2969538572198522,0.15706255851465672,0.5691552680301701,-0.1564945913601023,-1.60151335138199
76.0,50.0,True,0.3500627924091882,0.14338050364610236,0.6573362417426697,0.6069496920126588,-0.1180491533501664
76.0,51.0,True,0.3830190930700675,0.10581939952640071,0.509024518677314,-1.435712746869975,0.8400433871053983
76.0,52.0,True,0.29080998421361864,0.16169069384880952,0.5756206276333824,-0.06085801349634207,-2.5641551212137053
76.0,53.0,True,0.3390427593659915,0.1261389787167197,0.6073127368472008,-0.30052171134351324,-0.3638635624208086
76.0,54.0,True,0.34057294086891604,0.1867574390915212,0.7745024722007189,0.5429472149854762,-0.3810270500410125
76.0,55.0,True,0.34510333684891076,0.20998089117730406,0.8457265822366795,0.7997850080514002,-0.49403954953776025
76.0,56.0,True,0.4517444878937166,0.1610663484509111,0.7622030808298228,0.2403289930627993,3.2348546469009167
76.0,57.0,True,0.21614299367639306,0.17105180070605563,0.5528022253343637,0.20394655871688885,-4.557187158082557
76.0,58.0,True,0.36813195737030435,0.13731172018427806,0.6034472758625511,-0.28984716718646975,0.4732880135789615
76.0,59.0,True,0.42691583117027176,0.16761397953489682,0.7976473232273406,0.47530129214293937,2.3474394988159357
76.0,60.0,True,0.3580549462480951,0.17291015483771718,0.6813034950314925,0.25535504654065017,0.05098002754441447
76.0,61.0,True,0.38901837125920696,0.14424562580234213,0.6930309801496066,0.28596687778608204,0.7799472863924866
76.0,62.0,True,0.36592645672856516,0.148982454280261,0.671088174559971,0.4690937008424047,-0.14982129121905047
76.0,63.0,True,0.4467242177243679,0.15853543204317397,0.6769765033057115,-0.2526780791110139,2.767146030354237
76.0,64.0,True,0.3654576320144444,0.09135534314877837,0.6013380473121401,0.4968092845278072,-0.00866854066248609
76.0,65.0,True,0.3992194095353929,0.1757547883344147,0.850046775052644,0.8283506716091966,1.027222922877874
76.0,66.0,True,0.35109366603226444,0.1407790771827991,0.6034257939595975,-0.010201810757262599,-0.5554579197779731
76.0,67.0,True,0.46174121572115856,0.21882394683484113,0.9510694256275856,0.3193290515932203,2.879887603909027
76.0,68.0,True,0.3579890213000786,0.19598918483184763,0.7874634656027772,0.44275547435017953,0.034532450154365686
76.0,69.0,True,0.4295574762181397,0.18419617576901728,1.0543353887959357,1.2094830962676113,1.7759760602629433
76.0,70.0,True,0.4263751114412477,0.18998406391518047,0.941069247070864,0.8047341433192159,2.225335638724726
76.0,71.0,True,0.360622811883651,0.08521306965669084,0.5221163482728131,-0.6074504615062002,-0.03919365411185802
76.0,72.0,True,0.45945079702610664,0.16555587072468278,0.8204436402424843,0.2670900717806414,3.2980799684655224
76.0,73.0,True,0.36507791206435114,0.1137748491569125,0.5550521519963154,-0.5733702713243085,0.38260930698042234
76.0,74.0,True,0.3894275198200284,0.18160178265256455,0.918344735357139,0.6223342861990576,0.5111627595380804
76.0,75.0,True,0.30048106783490114,0.17701689883915872,0.6981458005547198,0.41342972581594845,-1.7921482274140574
76.0,76.0,True,0.3250017581359066,0.1920962475769673,0.8928391830611948,1.1673239133627842,-1.5907131181794218
76.0,77.0,True,0.27109048254252033,0.13886894405859118,0.7600799338371622,0.930430644642467,-3.1648969215695244
76.0,78.0,True,0.4561714210817115,0.24483137095345134,1.150632051491295,1.285129788595827,2.285433904815168
76.0,79.0,True,0.3283990382611671,0.1698712396061614,0.6530245938819145,0.10171789202382672,-1.2244277090022804
76.0,80.0,True,0.33702133174752663,0.18336636912582646,0.696104055462472,0.2807584384441563,-0.5924925406434988
76.0,81.0,True,0.3176013194522153,0.13212598283895852,0.5043758672249186,-0.3972489846341504,-1.2850346636676986
76.0,82.0,True,0.39767768515917495,0.2130162235505631,0.8999422721211701,0.5718948003253798,1.0320610356840898
76.0,83.0,True,0.36552768839642136,0.1730572390975053,0.6688441362570108,-0.11140508019472901,-0.041101896037980055
76.0,84.0,True,0.4322457308510201,0.18744661559997552,0.9215440684987805,0.9934508970925519,2.3874362305142407
76.0,85.0,True,0.4678151017326783,0.1765697572116037,0.7535860046259898,-0.30664921286513525,3.308485719669863
76.0,86.0,True,0.47177225463019284,0.17890114879154068,0.8886812961184165,0.6069779527689171,3.4073714759869125
76.0,87.0,True,0.4097576591411701,0.16334179491928114,0.7189163474734812,0.35099731252384997,1.8004349535815671
76.0,88.0,True,0.5113807264296814,0.2884774960091445,1.0106617328880363,0.2833039018901934,4.730283978749336
76.0,89.0,True,0.4957360575677988,0.17148698268810444,0.8114147660582133,-0.08016928642306781,4.171764856698497
76.0,90.0,True,0.3893770285440873,0.12614138685821483,0.7170093732675223,0.4417017873552148,1.0625435262428409
76.0,91.0,True,0.41093262334747777,0.20703081420149408,0.8708611192359385,0.49602952961359853,1.7260467853600718
76.0,92.0,True,0.39882207423585864,0.17272120610977582,0.8141542806425862,0.6108906248025097,1.342686596811393
76.0,93.0,True,0.22173543197647658,0.08327815914399035,0.5784594569338872,2.3156714052250877,-4.700549804591593
76.0,94.0,False,,,,,
76.0,95.0,False,,,,,
76.0,96.0,False,,,,,
76.0,97.0,False,,,,,
76.0,98.0,False,,,,,
76.0,99.0,False,,,,,
76.0,100.0,False,,,,,
77.0,1.0,False,,,,,
77.0,2.0,False,,,,,
77.0,3.0,False,,,,,
77.0,4.0,False,,,,,
77.0,5.0,False,,,,,
77.0,6.0,False,,,,,
77.0,7.0,False,,,,,
77.0,8.0,False,,,,,
77.0,9.0,True,0.07984368011897314,0.060066259871139505,0.2127419680387811,0.5971661439914041,-9.059313450749745
77.0,10.0,True,0.4736855070368402,0.1802158660308939,0.9042169066506808,0.025152061408205445,3.3156964256701187
77.0,11.0,True,0.4454981314235276,0.2254456233779316,0.8830741867766211,0.27420358684213575,2.9348131468053484
77.0,12.0,True,0.4956919089866604,0.1403622702512633,0.7104819217696655,-0.7230939878929338,4.408272481876116
77.0,13.0,True,0.4603210345338351,0.16650266119976775,0.8518557776621899,0.5022775684150806,3.496110157937197
77.0,14.0,True,0.35854616911824444,0.19094225268743345,1.0292164113189397,1.1200977249487944,-0.34106884159773937
77.0,15.0,True,0.31073142538468973,0.1218233064963156,0.6295903216039064,-0.009823860024411393,-1.5379789319412205
77.0,16.0,True,0.30785608034520223,0.1568939370876836,0.6037032587014827,-0.08783709074423564,-1.5013889521426098
77.0,17.0,True,0.31236165490481493,0.14080957441225841,0.5786822170263878,-0.0064947467038142925,-1.4390920162139098
77.0,18.0,True,0.2827109419707567,0.09244073577107502,0.4975243739993869,0.770426816257837,-2.5952177417434266
77.0,19.0,True,0.3099487223116611,0.11852689973842978,0.4755058667339769,-0.6354001083900802,-1.6974210107390195
77.0,20.0,True,0.29452808687276294,0.1561559195214493,0.6326466233610564,0.5039481919356342,-1.8707981451733868
77.0,21.0,True,0.26261047909251295,0.17699022657301058,0.6796901291387742,0.782651549012234,-3.2072834645563537
77.0,22.0,True,0.33209765791293877,0.2193846602775546,0.8323693895176708,0.6981748331621435,-0.7454307331332788
77.0,23.0,True,0.22572063747417004,0.10193641141984751,0.4675453159558327,0.43472563671153974,-4.184564863808599
77.0,24.0,True,0.389743076333997,0.2042567486149968,0.8368069615550335,0.48506986450238043,0.8562954802541667
77.0,25.0,True,0.3160895201382939,0.10538443400650245,0.5972496587672375,0.484128764149199,-1.5028763767998479
77.0,26.0,True,0.38962093973198575,0.18611448297166755,0.8323948567114279,0.6780117066372023,0.9634927369329062
77.0,27.0,True,0.4503462278837916,0.21227076607567438,0.9624460386021824,0.6299185876420732,3.2457587359697753
77.0,28.0,True,0.4696942074475745,0.2202526521936981,0.9442658379558012,0.39282519900449836,3.5577989048147276
77.0,29.0,True,0.3766391874690819,0.18124318207165035,0.7601592000393249,0.240307706552047,0.5688896343198693
77.0,30.0,True,0.4756949623767903,0.18347855186317416,0.8744158732073088,0.3120031908038456,3.4522335183852593
77.0,31.0,True,0.4795013051375274,0.1654566586828184,0.7628796302929167,-0.24467649061409827,4.19206423502843
77.0,32.0,True,0.4376556976567353,0.1832799988800398,0.7920867527384836,0.10670300033461563,2.212117846550388
77.0,33.0,True,0.47897452577069305,0.15382809679294943,0.7857822952486756,-0.23381307515752503,3.9534697518254482
77.0,34.0,True,0.5163140369088621,0.21259005668503128,0.9229188864025686,-0.12234480119992788,5.614311520309303
77.0,35.0,True,0.44373614105129816,0.1885490390937169,0.7708580738460078,-0.19383434284850604,2.2111991497594885
77.0,36.0,True,0.49098748366202355,0.15413777158541894,1.1294225113533407,1.6232279447877067,3.961062074682105
77.0,37.0,True,0.41271186693891826,0.12947837997603895,0.6275430749247976,-0.19682987731131932,1.2466495341608377
77.0,38.0,True,0.5187090767772693,0.17573418050246054,0.983026426487251,0.9622752374977009,4.82214198859893
77.0,39.0,True,0.4403961615298356,0.15783831335915363,0.7181876683685997,-0.08238469945476176,2.822383420703769
77.0,40.0,True,0.34920388124377194,0.17571427531161304,0.6420023317200281,-0.14998917948091595,-0.3015474122815618
77.0,41.0,True,0.4183069775157726,0.1625458590379076,0.6798677406257579,-0.2714295255045969,1.5143462856163716
77.0,42.0,True,0.4169210358623469,0.2272040921526717,0.7948511554901888,-0.008975022191373094,2.1560339239441393
77.0,43.0,True,0.4271619450484738,0.1516564427490256,0.8149064522571114,0.418320056733059,2.4853870010671413
77.0,44.0,True,0.4481282323017703,0.17806137254015889,0.8870948358793218,0.0097550602348887,2.389338567250312
77.0,45.0,True,0.4862039131115819,0.12492189111820423,0.7109447573730475,-0.335525505588487,3.923350596359788
77.0,46.0,True,0.406752904421104,0.206178277154627,0.940004363437839,1.2036924443860721,1.6294192073140639
77.0,47.0,True,0.3425857176179407,0.13254507442502317,0.5967592617420825,0.05659073887168921,-0.652674776180144
77.0,48.0,True,0.3145786661700212,0.10459005043099297,0.5505977859577906,0.5301999551670644,-1.4669607213801996
77.0,49.0,True,0.3731760724982109,0.1254290093571751,0.6180665075482328,0.25327215870961356,0.09291225981284669
77.0,50.0,True,0.29766556644271863,0.172482862003256,0.681369643219666,0.8419691310647526,-1.9705475905582612
77.0,51.0,True,0.36716892774119053,0.16340679002008962,0.7143056452850014,-0.15027306778626648,0.2861353302761471
77.0,52.0,True,0.2800468157796196,0.1334890322614502,0.5297420748587024,-0.043111500851098626,-2.5600381214649506
77.0,53.0,True,0.2823212673730349,0.15403721936655546,0.6290246561961682,0.3693993349099629,-2.640021772028315
77.0,54.0,True,0.21686786678771253,0.11139929153463268,0.4744249860364146,0.6895869097609034,-4.828262410338285
77.0,55.0,True,0.3200452799026568,0.17967803047138886,0.7193338481126736,0.6960470265931346,-1.3057056700543317
77.0,56.0,True,0.35063184976770717,0.13676933200744687,0.6544201219028559,0.4380575181227555,-0.5870031244109497
77.0,57.0,True,0.2548389639564632,0.07608150507083739,0.3991724179985857,-0.17481599726856453,-3.457982976948799
77.0,58.0,True,0.3516307844498273,0.15114407359372495,0.6861504208848491,0.24518125144707356,-0.06900616281768326
77.0,59.0,True,0.31628592261452654,0.1934036029288287,0.6325083419622796,0.22937968029566705,-1.1345483375956387
77.0,60.0,True,0.3883992557941283,0.1700990145100651,0.715214165411813,-0.23701315550035917,0.5758052868801502
77.0,61.0,True,0.4209331301225208,0.15224538362573814,0.7041181589063934,0.2780210672159526,2.1946797324382805
77.0,62.0,True,0.35340224912745194,0.14800955279649267,0.7656283143764566,0.7341938038526239,-0.8180198110272142
77.0,63.0,True,0.7571816759867568,0.29797420100219096,1.3471624398148845,0.11599004813194522,12.287308395414652
77.0,64.0,True,0.45415967480564684,0.21510358811100444,1.214781692613508,0.530987883423273,2.708934693555878
77.0,65.0,True,0.32545105458470913,0.10059213793386718,0.5090909284741344,-0.45609693405909235,-1.3767691788252092
77.0,66.0,True,0.4414991800071324,0.20330269180575508,0.8901941842063585,0.5885208531824118,2.408387380959537
77.0,67.0,True,0.4307562735600152,0.158454535566013,0.7817981900320492,0.5473628746912125,2.139836258349572
77.0,68.0,True,0.4207085651380701,0.16684237981618938,0.8280712532281137,0.9516007320495434,2.061374748193769
77.0,69.0,True,0.46780067905828265,0.18568591091121694,0.8837474513401187,0.40139254106815203,3.559525981653122
77.0,70.0,True,0.39305824702753994,0.30883209559816144,1.1921053536810395,1.3575540422909318,1.0500909981739628
77.0,71.0,True,0.3916497447382156,0.11026952175086491,0.6313124161669821,0.05880770423462239,0.7648233131623867
77.0,72.0,True,0.3845520397791953,0.13429752679068135,0.6030973076844134,-0.36164743146470785,0.5732521331903663
77.0,73.0,True,0.22170329327506408,0.13404393953253463,0.5567789681467591,0.46544053702436444,-4.268761711459836
77.0,74.0,True,0.37073195922050617,0.1393249328655099,0.7106846605472985,0.24257510617020356,0.0717067525859626
77.0,75.0,True,0.36321328941932624,0.11254785365369598,0.6946619454728932,-0.06783105516256992,0.1137831502684187
77.0,76.0,True,0.38561516214023017,0.18604651374931916,0.9653524882485348,1.238756114492795,0.12433580544843532
77.0,77.0,True,0.3699096136083478,0.127888043673753,0.6704804951716419,0.7185432743399094,-0.0934413266409287
77.0,78.0,True,0.20583059046062793,0.10957749479696788,0.4170473422827606,0.3320238047126983,-4.827674598287841
77.0,79.0,True,0.3408971582638873,0.14939353121192386,0.6183392150434806,0.07982414875899395,-1.1846714797801008
77.0,80.0,True,0.41189709779288963,0.14068502791880877,0.6256311351824267,-0.6008488197880535,1.899620202894856
77.0,81.0,True,0.492746756508475,0.1582230191175427,0.850140506271377,0.4810043967031405,4.3337156776853
77.0,82.0,True,0.5088700048048542,0.2559626275332629,0.944696563996462,-0.28417259289798963,4.093812992145258
77.0,83.0,True,0.4738642728070155,0.20341694373811633,0.9812592022323544,0.6043164102591415,3.5832162513294525
77.0,84.0,True,0.5414246117059657,0.17003337204446084,0.8806480028953174,0.0008411572265305316,5.8191610170138155
77.0,85.0,True,0.5072554267724285,0.17872755810141505,0.8342472870814329,0.18821960478142533,5.136281715909094
77.0,86.0,True,0.40821030584954154,0.2659067133465297,1.1396738267329851,1.1372315647509679,1.6155626882218979
77.0,87.0,True,0.408677464768052,0.10095276764225695,0.6574003763182314,0.1961226507410208,1.167560998683746
77.0,88.0,True,0.44808837725157735,0.10785622440713094,0.5990420006668867,-0.6039711289390965,2.6327303084108875
77.0,89.0,True,0.49764070571057945,0.21832082210159837,0.9761969533787622,0.03858562385183275,4.875185028487788
77.0,90.0,True,0.33673692632048413,0.17691116259638073,0.7697808424752831,0.33539977066586546,-1.0111588963427
77.0,91.0,True,0.36006456267875814,0.1036551229982066,0.5313438386277708,-0.27836638494016597,-0.0943920254324279
77.0,92.0,True,0.25775742406748164,0.14845241088112798,0.6461607327935766,0.6698648701579833,-3.291996126758582
77.0,93.0,True,0.006222798127813285,0.01279171570736336,0.0519122581934512,2.0669540734349945,-11.492107982890335
77.0,94.0,False,,,,,
77.0,95.0,False,,,,,
77.0,96.0,False,,,,,
77.0,97.0,False,,,,,
77.0,98.0,False,,,,,
77.0,99.0,False,,,,,
77.0,100.0,False,,,,,
78.0,1.0,False,,,,,
78.0,2.0,False,,,,,
78.0,3.0,False,,,,,
78.0,4.0,False,,,,,
78.0,5.0,False,,,,,
78.0,6.0,False,,,,,
78.0,7.0,False,,,,,
78.0,8.0,False,,,,,
78.0,9.0,False,,,,,
78.0,10.0,True,0.1493941315533627,0.12949748521636786,0.392796126096946,0.6407763573085397,-6.587750857107128
78.0,11.0,True,0.4216951660978101,0.17032657008661148,0.7260871526290359,-0.5608972338262943,2.0855205864014437
78.0,12.0,True,0.5223847895583321,0.14830501885840344,0.6946653111677914,-0.7254002675303545,5.284111179781836
78.0,13.0,True,0.46886865412436374,0.16494388724735468,0.847016077050637,-0.17612445454495426,2.9873382669497524
78.0,14.0,True,0.330322283168225,0.14915887196590394,0.6461462343513255,0.029538825150151726,-0.9656535578415907
78.0,15.0,True,0.31666095739559474,0.1358188042199202,0.590566927437381,-0.23567541816023244,-1.181475805490211
78.0,16.0,True,0.24367165869614107,0.17168170121348714,0.718915780324393,1.3620746096489835,-3.7534093032144424
78.0,17.0,True,0.276736138375348,0.1474775325064817,0.6482391246322846,0.7551583523503407,-2.34107982590335
78.0,18.0,True,0.3086824695282365,0.12442321511741743,0.5745422249987031,0.1180900139776218,-1.4750928449893348
78.0,19.0,True,0.35993350203166213,0.13824091025222415,0.6009239127540126,-0.2815907128305782,0.29472204222768805
78.0,20.0,True,0.40645444233599004,0.12150614092008462,0.6329680273093582,-0.40661735648172775,1.1974788918247463
78.0,21.0,True,0.3674729450431668,0.17089879093401986,0.7770474015488322,1.0354171656153561,0.12528899408884178
78.0,22.0,True,0.3471284847237965,0.0878852284011375,0.6976605962393171,1.6423242596576555,-0.8871317451435038
78.0,23.0,True,0.31547821159203965,0.15812961039006357,0.6445168257743011,-0.137157652718046,-1.429944024852966
78.0,24.0,True,0.16867559400562607,0.1140104130464398,0.5399701088565217,0.9514332459408049,-6.539022114491407
78.0,25.0,True,0.3678250535780448,0.20576496841670897,0.7180282053600825,0.0015160822573557927,0.2585780684890436
78.0,26.0,True,0.32018794708483717,0.19760110783287385,0.8074520201367812,0.990796334983351,-1.8771254954370833
78.0,27.0,True,0.2610449479532586,0.17695092986618408,0.8340323934607188,0.8199025778357207,-3.5901479724619696
78.0,28.0,True,0.6529349091220125,0.3333978113871311,1.2520599974103908,0.1060307284321558,9.512276662341534
78.0,29.0,True,0.4133598536695299,0.14134846819377175,0.6411678642702835,-0.2703865074273917,1.501578843121659
78.0,30.0,True,0.6147606336061774,0.15361333688251064,0.9062150024941822,-0.36242029462461756,7.678137598669177
78.0,31.0,True,0.5110986970292113,0.1532141617017844,0.8511002416307213,-0.059068877679768726,4.450627205756116
78.0,32.0,True,0.4241064599089134,0.1228973209397224,0.6790043259858957,-0.866059626444288,2.1210002876816927
78.0,33.0,True,0.6203181125940582,0.21137159838039368,1.1122681052135526,0.3282793906053598,8.605568994802185
78.0,34.0,True,0.6062678159786026,0.2580794316503341,1.5,1.4304527693166231,7.15526023876041
78.0,35.0,True,0.5382135178181668,0.2105975619828761,0.9339874075086996,0.19582825394476278,5.5781912703705006
78.0,36.0,True,0.41815053272497893,0.20628908341956095,0.8511889658998446,-0.04292450437443351,1.6002737951130306
78.0,37.0,True,0.4459719314912054,0.19712527944909164,0.8495994769756742,0.22411083959104383,2.4991581253534063
78.0,38.0,True,0.5511291983544393,0.15510256300515632,0.7798572663861256,0.0034712709756315953,6.140608351079027
78.0,39.0,True,0.32880436700562643,0.17526847475848248,0.8146013344417425,0.6211880751420482,-1.5573735651377612
78.0,40.0,True,0.41929814893702044,0.15029163245303334,0.7550926334977527,0.3066775693388135,1.8088587265612683
78.0,41.0,True,0.42840722010945426,0.17927998117532387,0.7861685661708526,0.22105406549934953,2.4324498917574133
78.0,42.0,True,0.42416728576724894,0.15701716438705307,0.6600006493390229,-0.4453303484781463,1.4138666158628406
78.0,43.0,True,0.5038552886037156,0.10786380053507795,0.7418311998820872,-0.03264976070930859,4.560833783391549
78.0,44.0,True,0.44409290242408167,0.2077107633959479,0.8864950885297256,0.306934939470119,2.1738494931671557
78.0,45.0,True,0.42343625231027193,0.18370819440091274,0.7767831794041884,-0.09965876142472956,1.5717146588134545
78.0,46.0,True,0.3887516277263645,0.1634204544948486,0.8579801935205675,0.634204075967306,0.3442225146156022
78.0,47.0,True,0.23257203264309737,0.12760692975591154,0.4557935512018219,0.12102044780043035,-3.9027652302124656
78.0,48.0,True,0.3696966096431153,0.24382907174407442,0.9309038614374374,0.7268521977847857,0.3960052267186812
78.0,49.0,True,0.3526699357154017,0.13045241618155268,0.6095952532000128,0.05784432986742354,-0.30928166490121217
78.0,50.0,True,0.37206944907499284,0.07634250931499062,0.5161250299357748,-0.13277276300232302,0.43112796297819306
78.0,51.0,True,0.34279348670653464,0.20000224864255578,0.7115255673394432,0.2724876594062073,-0.426152650173091
78.0,52.0,True,0.4111493018818481,0.1919971820696862,0.7723471437492466,0.304460518163079,1.712767874010996
78.0,53.0,True,0.40997567548081937,0.1364234870026413,0.901990148110775,1.5612315138419326,1.0621823791238354
78.0,54.0,True,0.328568257398546,0.14684100477941064,0.5490612148145171,0.032443242958028654,-1.57123197471563
78.0,55.0,True,0.36441430456964535,0.14825516013369114,0.7267458771769155,0.8312118095305798,0.3791504914303192
78.0,56.0,True,0.3391043377586591,0.2002555150047735,0.8401494093893326,0.5151360274858969,-1.0672589252726628
78.0,57.0,True,0.3715946902693349,0.17959525716072125,0.8710706485945456,1.1844218468266008,0.42955107936967346
78.0,58.0,True,0.37837597514007426,0.15484453446751884,0.6100067916059437,-0.1843008003426904,0.6443847349452172
78.0,59.0,True,0.3224490097708802,0.14807604742180017,0.5910292003224488,-0.31264666950640424,-1.3024351443662694
78.0,60.0,True,0.32815209865700323,0.13048943863194873,0.7928132427616721,1.2156349699067677,-1.6881136593063815
78.0,61.0,True,0.4638869841623583,0.19346490593218982,1.191338109090314,1.3292446247709595,2.776497567857666
78.0,62.0,True,0.4192829109178482,0.15544278814394627,0.6792415691018121,-0.547613837704091,1.9209795001444108
78.0,63.0,True,0.4063545753361523,0.19947002447537485,0.8404677168184757,0.152908434050628,0.7961945153570795
78.0,64.0,True,0.39778575790899895,0.16724026323698743,0.7265150670824932,0.15620197950954073,1.0773556341739368
78.0,65.0,True,0.38049376151553266,0.25670047627104403,0.98657421078492,0.523521705050559,0.6449731607414614
78.0,66.0,True,0.4593522273763737,0.1641046531331614,0.7937931904809188,0.015105430156742157,2.987037839596714
78.0,67.0,True,0.463726730338601,0.21937434912664136,0.8325913338730254,0.10686027070738986,3.6229917351554133
78.0,68.0,True,0.29361745874327894,0.16123965119230682,0.5959062906690139,-0.2873180574954104,-2.1909199257183753
78.0,69.0,True,0.3685436311097543,0.1697270158756769,0.7093014018225164,-0.07427578287326103,0.5644373190577421
78.0,70.0,True,0.48990367097633297,0.13655405343489116,0.6922678780556112,-0.9053971678694706,4.492642832197315
78.0,71.0,True,0.4746154552094255,0.14577871364735304,0.9073443324408766,0.455340701665766,3.166049214569986
78.0,72.0,True,0.3929042071665813,0.131709143121806,0.6334117512615749,-0.1549402643319957,1.2872166803299794
78.0,73.0,True,0.39951503979256914,0.23310856169090513,0.9265341289234552,0.7000280839128209,1.424441147785112
78.0,74.0,True,0.3606415953118842,0.17693678317732547,0.79106624435325,0.4338773576520663,-0.013930635992088637
78.0,75.0,True,0.4978207747080073,0.22656954339889634,0.9057501748154108,0.17669318692726935,3.741030502273331
78.0,76.0,True,0.3951233164621251,0.19977332686410446,0.8263098451667183,0.07124441886011106,1.5806717534451127
78.0,77.0,True,0.29509128945815094,0.10658441843602917,0.4757035644235345,-0.12621212359271586,-2.1818700415347756
78.0,78.0,True,0.26044180583559406,0.0875414060618203,0.4230527915049447,-0.38048552039865363,-3.184854762696153
78.0,79.0,True,0.39857077403919833,0.1690320024083062,0.6710307456047647,-0.35848463743594766,1.3989482984029284
78.0,80.0,True,0.4280052240352941,0.1671141473684401,0.8244733615244461,0.994430865576832,2.1686423801110863
78.0,81.0,True,0.3748052149916606,0.15561760030119767,0.6491033114252799,0.06430662328440509,0.26427373767405554
78.0,82.0,True,0.47833040419452993,0.1892505134316696,0.8416102591270352,-0.006093644585111488,4.047339615603305
78.0,83.0,True,0.5379631524115467,0.27865514744855013,1.3146682428267824,1.4384691326946277,5.557982995858553
78.0,84.0,True,0.6352328316418003,0.20293991191879496,0.944430716088044,-0.9725379589180216,9.16065610325691
78.0,85.0,True,0.652936912269573,0.3539693290580145,1.4622455009073292,0.5180055538720535,10.028514834803415
78.0,86.0,True,0.613937782565014,0.2300140210610301,1.4710659605689849,0.8921312056590579,8.064366464897692
78.0,87.0,True,0.4796064357939173,0.18736204065974973,0.906600540124463,0.6044189562132714,4.066927844480756
78.0,88.0,True,0.388247989589338,0.19527279007721293,0.6677172570890821,-0.09937608807885674,1.0455964054182387
78.0,89.0,True,0.42281951300492604,0.1712950182281478,0.7462096796851633,0.0042298983649615325,2.0229106787865696
78.0,90.0,True,0.44657819506683705,0.11114669744627026,0.7299644222623682,0.7403423963896802,2.4597860113183447
78.0,91.0,True,0.45390724247064257,0.14108078029051774,0.6617956646776758,-0.5445241213007959,2.5253534762644274
78.0,92.0,True,0.08699933454991605,0.07563148577437283,0.2496610450505973,0.711348995529539,-8.723820873781861
78.0,93.0,False,,,,,
78.0,94.0,False,,,,,
78.0,95.0,False,,,,,
78.0,96.0,False,,,,,
78.0,97.0,False,,,,,
78.0,98.0,False,,,,,
78.0,99.0,False,,,,,
78.0,100.0,False,,,,,
79.0,1.0,False,,,,,
79.0,2.0,False,,,,,
79.0,3.0,False,,,,,
79.0,4.0,False,,,,,
79.0,5.0,False,,,,,
79.0,6.0,False,,,,,
79.0,7.0,False,,,,,
79.0,8.0,False,,,,,
79.0,9.0,False,,,,,
79.0,10.0,False,,,,,
79.0,11.0,True,0.33602759275103317,0.13201607280560188,0.6902409086068985,0.3941594079251118,-0.8747246143394267
79.0,12.0,True,0.4557677615814405,0.1838208303892627,0.9306859943343556,0.5915009031191909,2.841524787101351
79.0,13.0,True,0.3458862310690957,0.16474509006970345,0.6253529523965492,-0.16444519872705188,-0.31909962634085526
79.0,14.0,True,0.4632636884961521,0.13679639106805616,0.7698611277195441,-0.14622635204119383,3.3733798341235874
79.0,15.0,True,0.3802613735963066,0.19759700922889273,0.7579769034704188,0.003954884025451895,0.8501825743400903
79.0,16.0,True,0.25770024181436546,0.17337120698149466,0.6485664719408638,0.5512054188305902,-3.2510582078565142
79.0,17.0,True,0.35924470922808155,0.2111518821056568,0.9097092939450152,1.1219550276643995,0.15953041903680856
79.0,18.0,True,0.3284958570571801,0.10965057486642815,0.5573934329899047,0.22538659708866277,-1.0349178771225402
79.0,19.0,True,0.26778226393265986,0.09183557685761577,0.4642463568074195,0.4920756555566968,-3.2768668289385063
79.0,20.0,True,0.2918020192639981,0.16987181585086572,0.6345107683396524,0.5721342338165976,-2.37064518669162
79.0,21.0,True,0.22329314769360772,0.11231837837231648,0.389245750197488,-0.4941679610664805,-4.2256439467219895
79.0,22.0,True,0.2380688816632954,0.12400007276728092,0.6037283593443554,0.6611764457717411,-4.3877288432420745
79.0,23.0,True,0.3643006011852178,0.1764266555235607,0.866085929586672,1.255872514413615,-0.10481639262606021
79.0,24.0,True,0.35445356342533546,0.1474011724585556,0.7278262065653643,1.069810222792226,-0.3401418951646613
79.0,25.0,True,0.3829187355051983,0.12865858919657674,0.6509649757186865,0.507630849478755,0.8986207134548094
79.0,26.0,True,0.41946932640608,0.17467820829709957,0.7641204046591586,-0.060008975235041284,1.9318646463216278
79.0,27.0,True,0.4275468441206607,0.18136957895786937,0.7824338577927008,-0.03845890919357841,2.367551630813351
79.0,28.0,True,0.4646905056761077,0.17649122158599836,0.8543436074352294,0.13132228799616208,3.596845341174607
79.0,29.0,True,0.4561408746734776,0.23129579762630975,1.0092149427454522,0.6442847940578765,3.304589866674993
79.0,30.0,True,0.4370608754818375,0.18497490788437032,0.8765237005220586,0.3170823226511976,2.559267864940135
79.0,31.0,True,0.4099133646623106,0.17269920741924263,0.7536005523848331,0.4910455213225376,1.653960346524988
79.0,32.0,True,0.47488263443202017,0.1898203817001516,0.7537005358022127,-0.4437768808663807,3.2936807640646233
79.0,33.0,True,0.44619551290265447,0.2503698631955368,1.001276581383927,0.7207909301412986,3.095236561938713
79.0,34.0,True,0.4214757173742187,0.15245347403156934,0.7417269123813197,-0.5143426130688078,1.5817851319225906
79.0,35.0,True,0.46218855123517144,0.15529305485516176,0.7607689009675217,-0.2647862586125287,3.196763907161459
79.0,36.0,True,0.41955919387949553,0.17268174262459443,0.8907629371816663,0.2913078708924263,1.3397049068493756
79.0,37.0,True,0.40949385957187134,0.17432764576264081,0.7204311301059787,0.06053730299000859,1.6544581803688923
79.0,38.0,True,0.37922020995161154,0.19360381122774858,1.0757218871440568,1.6753567296576093,-0.024093277482683202
79.0,39.0,True,0.43236148546399034,0.12009021899724691,0.614853354120965,0.13328595585570793,2.3099151655291217
79.0,40.0,True,0.40536217728776636,0.15146450621827093,0.7365744079411766,-0.10626156033328302,1.173010096398077
79.0,41.0,True,0.5091676759149062,0.17066550797243196,0.9458479210789832,0.8220818095583451,4.84850887628597
79.0,42.0,True,0.2925525347963647,0.21692446229610352,0.862433727232596,0.8554009669397761,-2.7658117664203523
79.0,43.0,True,0.3993582139083852,0.15887537257244544,0.712544721146859,-0.030614205279586703,0.9824915453344296
79.0,44.0,True,0.4043331676874365,0.18394519872571924,0.7375413654309325,-0.26701947382790686,0.957613219518846
79.0,45.0,True,0.4467396565998232,0.11432800431977677,0.7288478969656429,0.1754524057475508,2.3216264401713795
79.0,46.0,True,0.44793286451167386,0.13578044789091803,0.7266595754178845,-0.2543744826106371,2.6908401659764922
79.0,47.0,True,0.39935346278943046,0.19749532950560802,0.7890609824456712,0.102348186457308,0.9943442867389496
79.0,48.0,True,0.33968988298284947,0.166162583071177,0.6428082388115319,-0.18412396376426707,-0.5113300966202841
79.0,49.0,True,0.3049413364854354,0.13400867230144436,0.6178974363144888,0.23975456622659297,-1.654554356854923
79.0,50.0,True,0.35282323241066305,0.11663762025524108,0.5604243570071116,-0.3649399941841731,-0.3916066199454013
79.0,51.0,True,0.23520756505789112,0.1383781443009618,0.5165410095179322,0.3044755759258529,-3.77018569956027
79.0,52.0,True,0.3558038514498918,0.10891735778795116,0.5501881829060632,-0.0676108140743681,-0.13121604083465924
79.0,53.0,True,0.2920958508256147,0.18372366518449398,0.659797877644919,0.17324832722994452,-2.541040198392704
79.0,54.0,True,0.256369037995554,0.15415791966444434,0.6082410456835723,0.413051299599138,-3.7086299890850496
79.0,55.0,True,0.37038970191057013,0.2236944233022631,0.8542058412692768,0.5191786789263623,0.24884952563766405
79.0,56.0,True,0.32804215424140704,0.21692384828509734,0.802515885629009,0.22807486406552072,-0.8986879217322615
79.0,57.0,True,0.2820886348890779,0.19044461984755756,0.670067284543114,0.40048591147465984,-2.331842685049695
79.0,58.0,True,0.29555804614159326,0.14259617522506787,0.5686779991906112,0.1172510271462968,-2.142001222600289
79.0,59.0,True,0.44603768442426905,0.16691090544574033,0.769978094840062,-0.01590343739837861,2.5536768529416936
79.0,60.0,True,0.3917342053433054,0.12317131275694965,0.6467433850414895,0.13834105195681173,0.9784071566301369
79.0,61.0,True,0.4630282751771989,0.17673896977998216,0.8704792105040866,0.6787204947831075,3.1536532516496836
79.0,62.0,True,0.3225977469815316,0.12574775854227704,0.7363830965673077,0.6088540290333847,-1.5868830104555443
79.0,63.0,True,0.33794606599441707,0.18989329500645374,0.6761312461871969,0.26857437849159577,-1.2964390552643943
79.0,64.0,True,0.5218616893244855,0.2578951882478076,1.0380424403479047,-0.21584112936841698,5.373569555106637
79.0,65.0,True,0.4460329699238026,0.14865568459828424,0.72477901343863,0.1423712720463657,2.9076794265974217
79.0,66.0,True,0.29998681369206903,0.0929645654829442,0.4819680124153106,-0.6112238654116717,-1.8767434829193286
79.0,67.0,True,0.49636529680481173,0.1988427624052869,0.8857674664311914,0.08023246892981407,4.3676168876897306
79.0,68.0,True,0.4424529683638444,0.22910905269721976,0.9496828485814766,0.5041127209662746,1.837816505034083
79.0,69.0,True,0.33555393089353147,0.16000112336633693,0.7527887749651648,1.0520895293892512,-1.1358889462790187
79.0,70.0,True,0.47390515565706626,0.19446917770884545,0.7686244689759,-0.5567644668572006,3.916451108719436
79.0,71.0,True,0.30658772193597583,0.1751910967825694,0.6202629215241443,0.02264020927190211,-1.8912604325883113
79.0,72.0,True,0.37162562432656837,0.10652958298290986,0.5610287745520839,0.1322490707586907,0.20190596145250458
79.0,73.0,True,0.363077558530219,0.18723369079987312,0.7145131782664045,0.06843859813693616,0.20789596241723607
79.0,74.0,True,0.44688390695538516,0.15724943587437656,0.7811427201039131,0.40505702890876266,2.3857704173443928
79.0,75.0,True,0.44366457863503683,0.18683162269550999,0.7592783457791553,-0.04055096466323537,2.2663353548630742
79.0,76.0,True,0.35497704572856437,0.1775881635692615,0.7205840635425608,0.424414776913339,0.1601890230371537
79.0,77.0,True,0.22910432529395522,0.10996529332475447,0.4187212802017572,0.0309407947382186,-4.3069408973187535
79.0,78.0,True,0.38872149219753876,0.23540231423233882,0.817857218421753,0.23108136204051632,1.279627924369858
79.0,79.0,True,0.3581238228868668,0.0948570654511949,0.563766846666062,0.13218357812819753,-0.049362544736715495
79.0,80.0,True,0.4012173952949969,0.32378193871039884,1.1508024509401908,1.0589946248550328,1.025293189791316
79.0,81.0,True,0.4372254639214003,0.1569525913914294,0.8094797434157478,0.5171390206467765,2.669629029333358
79.0,82.0,True,0.5628308575662311,0.233554038565081,0.9153701357537944,-0.9744477356910898,7.116763236544361
79.0,83.0,True,0.5528503225791027,0.1866352603846324,0.7817306075990127,-0.8831860886696408,6.7340368530946
79.0,84.0,True,0.5044232648466149,0.1606260986925057,0.8326512874615372,-0.3064976322203954,4.87755821812484
79.0,85.0,True,0.4026720057640151,0.128291044263513,0.731624504466049,0.39937465789857074,1.0584476853832923
79.0,86.0,True,0.42354113267101673,0.14789928029956595,0.8124148128887041,0.5913519149197667,1.9664817795933551
79.0,87.0,True,0.43336682258577996,0.14568153180789475,0.6221391820440725,-0.8362885970147632,2.35865415128515
79.0,88.0,True,0.4397955753557956,0.1664698980929879,0.7821540004391255,0.023560875856002708,1.98255760067197
79.0,89.0,True,0.30678960999746624,0.11422196659443472,0.5185906186498189,-0.13890998005893274,-2.0844874982960304
79.0,90.0,True,0.35954324058682574,0.20850625881168144,0.8396612323642512,0.9512464581293062,-0.20270440361394798
79.0,91.0,True,0.20049503948458325,0.08769453830615688,0.3653363198888549,-0.2049804861695658,-5.292268608506106
79.0,92.0,False,,,,,
79.0,93.0,False,,,,,
79.0,94.0,False,,,,,
79.0,95.0,False,,,,,
79.0,96.0,False,,,,,
79.0,97.0,False,,,,,
79.0,98.0,False,,,,,
79.0,99.0,False,,,,,
79.0,100.0,False,,,,,
80.0,1.0,False,,,,,
80.0,2.0,False,,,,,
80.0,3.0,False,,,,,
80.0,4.0,False,,,,,
80.0,5.0,False,,,,,
80.0,6.0,False,,,,,
80.0,7.0,False,,,,,
80.0,8.0,False,,,,,
80.0,9.0,False,,,,,
80.0,10.0,False,,,,,
80.0,11.0,True,0.03129288283307038,0.03223266218589497,0.0922985643197509,0.5637532832507189,-10.571979762165256
80.0,12.0,True,0.39213929265939607,0.20954580845593845,0.8613404320760121,0.9094535947911669,0.7533165909060089
80.0,13.0,True,0.4124324795770296,0.17724523308768195,0.80358397235114,-0.03274165061855525,1.9411292081883658
80.0,14.0,True,0.42037751280921887,0.15839529311474182,0.7817621412508253,0.20553966141866448,1.6135801770865168
80.0,15.0,True,0.4919558114361722,0.24179447367890702,0.947018187430894,-0.006613882667575092,4.108811885245493
80.0,16.0,True,0.3212307360961984,0.16431558456934622,0.5406786422806708,-0.49976840090108177,-1.8602707043668838
80.0,17.0,True,0.3466309540038144,0.11298643869540084,0.540537846319571,-0.44156829764855043,-0.3505602072490445
80.0,18.0,True,0.2606532072627145,0.14436148878179753,0.5523896531871004,0.0516140874533469,-3.245026541925334
80.0,19.0,True,0.38366250808701496,0.12756867368117691,0.6923376789164378,0.3397208567054213,0.813758353571433
80.0,20.0,True,0.31068454932362727,0.10204874122650481,0.5116705330549925,-0.19873902659422635,-1.920721668480902
80.0,21.0,True,0.32315197192463463,0.1886389285515102,0.8433611105670455,0.5814192809549844,-1.7205956432080742
80.0,22.0,True,0.26597887479717286,0.13378325974122163,0.4874731481601905,-0.31081007790377435,-2.9464485804612712
80.0,23.0,True,0.24034314697884684,0.1599899970392937,0.6114423559079336,0.7115912387031981,-4.207308480733964
80.0,24.0,True,0.42748536611766247,0.2560836687600854,0.9644606104595936,0.3090157932904732,2.6819354411941974
80.0,25.0,True,0.33862811448602825,0.10762407782718296,0.4909711369235935,-0.7023711006656834,-0.9286277782024156
80.0,26.0,True,0.49570818566010544,0.22068840229330297,0.9282266268288296,0.14922343667747803,4.823377467010389
80.0,27.0,True,0.34510604244674115,0.16964892783042712,0.7597944306284687,0.9240508017731212,-0.5584534892324234
80.0,28.0,True,0.3482304175032882,0.1394162597649707,0.5790199900186765,-0.04648573245596413,-0.9583306683765146
80.0,29.0,True,0.4358417761652196,0.22693909255217068,0.9392789667591552,0.5932073048752021,2.7874190701347876
80.0,30.0,True,0.40415697262517625,0.17324144288854756,0.794748909716452,0.42753754333559807,1.6285371304181777
80.0,31.0,True,0.38172771457093774,0.1550972350820597,0.6262451715399914,-0.41886993337365136,1.0090883768870822
80.0,32.0,True,0.538865122300719,0.19777082663794263,0.961662862188688,0.38195680371589263,6.148911945074408
80.0,33.0,True,0.49561337125536875,0.22795800928313048,0.9940837171374508,0.41760918957709947,4.358029617574755
80.0,34.0,True,0.49305600660767795,0.20087766397318135,0.987345769496482,1.033584895812418,3.762032656907873
80.0,35.0,True,0.41254908584319067,0.18766698797287418,0.725800532389324,-0.30000066745812676,1.3749667122176057
80.0,36.0,True,0.3982673303403798,0.17499122687146654,0.7086950820059025,-0.05342686096237886,1.5686548854916145
80.0,37.0,True,0.45660283470589336,0.14760281917859439,0.6965741819549608,-0.4225935628404525,3.226225029339095
80.0,38.0,True,0.6236038022385818,0.1190187160989594,0.8833393347885119,0.22273762550223083,8.484233018773537
80.0,39.0,True,0.42235579690805686,0.14742366769224208,0.6603402586701053,-0.5276605070516261,1.668404090161887
80.0,40.0,True,0.43105347162163393,0.16488152341030055,0.7289634446312874,-0.19620456286195137,2.6846572537148234
80.0,41.0,True,0.4644923028155296,0.1514958266914088,0.8792126563214743,1.148589239838324,3.2248538239416527
80.0,42.0,True,0.44472090658384456,0.2086938164822549,0.9364880357058816,0.39800742468162187,2.1021728748430055
80.0,43.0,True,0.5121475998377149,0.19911181537101555,0.9229862673477682,-0.22106370413162132,5.054406604039097
80.0,44.0,True,0.459288453290337,0.13481610335569494,0.6560370965974148,-1.4300724849624242,3.4061742700935684
80.0,45.0,True,0.38417840429065664,0.19418950297840254,0.82067117520607,0.4391866946118923,1.1015509604404934
80.0,46.0,True,0.42457528802958905,0.23314103975765016,1.3613059278584294,1.8682354091433586,1.6741829771562902
80.0,47.0,True,0.5077764920435228,0.16762931021884658,0.7591954495900151,-0.3565696736339263,4.897755006284629
80.0,48.0,True,0.37438835216158983,0.162958348568545,0.6505782428439973,-0.10775045026257113,0.5476592615674338
80.0,49.0,True,0.34873729447265484,0.12882948846401804,0.5920167997123376,0.42146295371363685,-0.8799265150511806
80.0,50.0,True,0.338747583775306,0.09290152795554363,0.5455361396567886,0.4068754007224038,-0.9440813026776882
80.0,51.0,True,0.42828512239156596,0.20715460920733578,1.0802944770264449,1.0313073610290797,1.4304664167422898
80.0,52.0,True,0.2580309460048721,0.11864508526475903,0.4335706495054431,-0.5870952852966287,-3.239976547868622
80.0,53.0,True,0.3545004972800412,0.2436861313700876,0.962699588891243,1.0419192439983993,-0.02274815712217356
80.0,54.0,True,0.2993802835128083,0.17191116853335112,0.702969845284591,0.4242146509211146,-1.763721644300946
80.0,55.0,True,0.37642145124233706,0.13790232094198285,0.6326126287545697,-0.14760153304128687,0.69416640047749
80.0,56.0,True,0.35827268929733985,0.18895293753127473,0.6659319723097095,-0.3382569456518144,-0.5406595182924817
80.0,57.0,True,0.35823791196825755,0.19465237696198529,0.7691341373132515,0.43236388131226555,0.09412480956956985
80.0,58.0,True,0.23958692107722449,0.1128371574465508,0.433751649104138,0.1774464037401119,-3.949566043664759
80.0,59.0,True,0.3795348402908874,0.2276536977225705,0.8365330324249842,0.22391525387730873,0.8602002345550004
80.0,60.0,True,0.3595309742023188,0.08389474172521386,0.5565385885294334,-0.501071137474084,-0.2500410309542276
80.0,61.0,True,0.3898545456538532,0.1803479872915889,0.678316595632059,-0.3307330276848148,0.8277343205471028
80.0,62.0,True,0.4384599900501285,0.23611151293328678,0.9726608857918054,0.20596478144088656,2.3844038525490383
80.0,63.0,True,0.2851951747900451,0.15721234114968696,0.6642697352018994,0.5626911260027673,-2.4562617033599654
80.0,64.0,True,0.2523779045760623,0.16781145359223618,0.6027861380998232,0.568291876773884,-3.470390893809704
80.0,65.0,True,0.3713815704259526,0.133935050896614,0.8756790946487306,1.235001297883673,-0.2048427256053767
80.0,66.0,True,0.3263212364239043,0.22545698611811926,0.7457687414660512,0.6041557331996258,-1.8009825109669637
80.0,67.0,True,0.3105641697706387,0.20046359858053814,0.7439569700226855,0.4483923427193484,-1.7845988540208604
80.0,68.0,True,0.4490895269983489,0.18081944094758046,0.8210954364075342,-0.13233588958080938,3.2059152382626475
80.0,69.0,True,0.3492453274471347,0.1267237228333025,0.5833551537328281,0.17721091868722305,-0.19357540283745578
80.0,70.0,True,0.31951766874817183,0.17147470797158718,0.6557644919213039,-0.19289151796650938,-1.3598756442908941
80.0,71.0,True,0.2962456324135919,0.12209759661975532,0.5833307205704317,0.4268201156706679,-2.070984541413183
80.0,72.0,True,0.4488289163629363,0.11203185646800941,0.6391338966540989,-0.8706977114586054,2.8796621617562366
80.0,73.0,True,0.4246244084155697,0.17602458483730274,0.8526962374190888,0.9109909698091658,1.7995314152171622
80.0,74.0,True,0.3023428511011459,0.08760789523362379,0.5028604786724937,-0.5529350596494016,-2.0838603668934192
80.0,75.0,True,0.21499663412772704,0.147160386190842,0.5430378340768568,0.4705772880952333,-4.482555411825385
80.0,76.0,True,0.29153902886539046,0.14864043606461294,0.6637640601869917,0.6222356339100192,-2.1096979124806916
80.0,77.0,True,0.30598615056639605,0.17696256591490944,0.5910815678135469,0.14235649335736555,-1.6878703370313977
80.0,78.0,True,0.2433459108135976,0.15989516329606848,0.5624645544023301,0.38175392533130287,-3.467936135226907
80.0,79.0,True,0.29870592032472354,0.11331213236064801,0.5197333803823945,-0.19877103679621258,-1.9889752632608393
80.0,80.0,True,0.40421584394389665,0.21632928005336827,0.7952766463500253,0.15341297344453744,1.2912384010680016
80.0,81.0,True,0.6413087642383847,0.2958714490726706,1.5,1.0058346496453847,8.904741057357873
80.0,82.0,True,0.5396392931650316,0.2570822747197732,1.0057409290986106,0.18435888448323634,6.0796054011522855
80.0,83.0,True,0.6756606695380478,0.26545033524245526,1.2684137557847666,0.06722982783775029,10.524775284639617
80.0,84.0,True,0.4848290077294612,0.20840593833886512,0.9190902229878968,0.13903325276939732,3.9996539488035245
80.0,85.0,True,0.5186474301290397,0.22873058484317088,0.9692798973068096,0.26767439290726763,5.404985122565541
80.0,86.0,True,0.45298010694140733,0.15841173002000986,0.8272950187010563,0.9218890993104596,2.6774022582521946
80.0,87.0,True,0.3366194522580564,0.20434577388383368,0.7083241266201742,0.5651739460547512,-0.45347001513044327
80.0,88.0,True,0.3471888561383981,0.257897888439609,1.0997526162657538,0.9684507992873796,-1.1327235631700086
80.0,89.0,True,0.31211158761310154,0.1310291075187918,0.5182337983122232,-0.17969362902677316,-1.4118272103682556
80.0,90.0,True,0.24181730696027265,0.08235806486850242,0.3733666007545401,-0.9263782742290431,-3.649287461218391
80.0,91.0,True,0.004543817304337407,0.014537778616267259,0.0717274017327549,3.4733876846186753,-11.546572567598739
80.0,92.0,False,,,,,
80.0,93.0,False,,,,,
80.0,94.0,False,,,,,
80.0,95.0,False,,,,,
80.0,96.0,False,,,,,
80.0,97.0,False,,,,,
80.0,98.0,False,,,,,
80.0,99.0,False,,,,,
80.0,100.0,False,,,,,
81.0,1.0,False,,,,,
81.0,2.0,False,,,,,
81.0,3.0,False,,,,,
81.0,4.0,False,,,,,
81.0,5.0,False,,,,,
81.0,6.0,False,,,,,
81.0,7.0,False,,,,,
81.0,8.0,False,,,,,
81.0,9.0,False,,,,,
81.0,10.0,False,,,,,
81.0,11.0,False,,,,,
81.0,12.0,True,0.1108567385498198,0.06551512811834827,0.2347990100502993,-0.03625736156795362,-8.128456251361802
81.0,13.0,True,0.31064365600960053,0.1661740471469525,0.6713313127376294,0.44473452072369185,-1.3514053068081808
81.0,14.0,True,0.4308099170131294,0.20566438412435306,0.8373444782083297,-0.005161571026472645,2.1897268874626805
81.0,15.0,True,0.403901672626544,0.19544219678874591,0.7660793826962828,0.31740126743336483,1.190907874773292
81.0,16.0,True,0.4030036039454668,0.0950552383399749,0.6088264772622672,-0.09000827923027739,1.4181099315726735
81.0,17.0,True,0.34908736119639056,0.13692911282354647,0.6849386095916222,0.24805172753165133,-0.4035147960728623
81.0,18.0,True,0.28938230830862594,0.13768430548749414,0.5322981033326262,0.11664458990887733,-2.517070166173139
81.0,19.0,True,0.3426544229724902,0.18243265968421124,0.6709286329300159,0.20297144802974496,-0.5348508822888498
81.0,20.0,True,0.2782142456734303,0.1733365528340585,0.6308105561813867,0.4529036340456703,-2.6604092374002555
81.0,21.0,True,0.21149553699989249,0.12333789198056665,0.5914312295915634,0.8610320652807874,-4.919335099152296
81.0,22.0,True,0.43816659758637977,0.21981999048589984,1.0233828977234214,0.9633617727228244,2.665065762183846
81.0,23.0,True,0.3587633949426941,0.15558932317276233,0.8254835302633026,0.07743269496652641,-0.44098119773026245
81.0,24.0,True,0.4050487982647653,0.20518615247034486,0.9380996589017137,0.5656328761783899,1.6635335584456827
81.0,25.0,True,0.22391050869297932,0.14558926793470806,0.5142809137474899,0.044036620438188304,-4.4292236469309065
81.0,26.0,True,0.3687281068185797,0.13541265788850834,0.6402348070552791,-0.13319620788289194,0.3881373228132515
81.0,27.0,True,0.3369508334271759,0.17236647190405655,0.7453893320980679,0.5265093637797872,-0.8483728001484592
81.0,28.0,True,0.3904430107685388,0.16683102417162013,0.6748870439077919,-0.1641384487283864,0.8520110987084089
81.0,29.0,True,0.2802830825784577,0.09430371189104,0.4783688789775602,0.09688329453698724,-2.8764802620907592
81.0,30.0,True,0.4725264060107834,0.2437492771509015,1.0552532626013391,0.319787663093241,3.1949789387965395
81.0,31.0,True,0.41587138036003746,0.1282020351796481,0.7229126829063878,0.27884109633194387,1.5728480793124968
81.0,32.0,True,0.2911466489342176,0.11220801497592979,0.5366665692795288,0.46518236861585904,-2.2125419045795294
81.0,33.0,True,0.5176620516696606,0.14326621882748677,0.7710308353261843,0.06786018273975084,4.616890691995494
81.0,34.0,True,0.47024795225426674,0.14378591657977136,0.7752959513759212,0.8730118756132401,3.6414479334451255
81.0,35.0,True,0.3771707866555036,0.16867917116730435,0.7015797007831142,0.07643589684300911,0.14672619124384154
81.0,36.0,True,0.4560910710894238,0.22956740198162023,1.0078909820892683,0.7283407169902196,2.7623477212618526
81.0,37.0,True,0.4840921519679378,0.1932479710055677,0.7891712812794478,-0.0799365953566779,3.4900484716476483
81.0,38.0,True,0.27289410757374055,0.11354303099857352,0.4917494903762442,0.1297722410251701,-2.919896830460438
81.0,39.0,True,0.4472830850359137,0.17672993049637872,0.729842268375432,-0.30104947363050766,3.136670781028717
81.0,40.0,True,0.4854782872430461,0.20388967045294634,1.0345560615616876,0.045769568773742095,3.773649945973606
81.0,41.0,True,0.5349262916464657,0.15152392273368492,0.8432589325364538,-0.4432414235636928,5.694849742143701
81.0,42.0,True,0.4448701478550022,0.19644645182467949,0.8176092113648432,-0.0628574530055909,2.726240402982962
81.0,43.0,True,0.41316550373340694,0.11871711378435594,0.681088200770393,0.14639433917950287,1.4868595049437356
81.0,44.0,True,0.479417943391472,0.1495236145418163,0.7520882926316624,-0.3669926212712922,3.7512057720903798
81.0,45.0,True,0.3668446254447034,0.15991635357058026,0.7380819775795889,0.540986456384189,-0.014902345609629504
81.0,46.0,True,0.4028575753801287,0.12947873415323075,0.6425403342908497,0.23946914829632385,1.10194547353768
81.0,47.0,True,0.40382271771241735,0.1306293965793113,0.9558546398061286,1.8611481501303602,1.0356968849963362
81.0,48.0,True,0.353418743158294,0.1456217720231872,0.6816477505857134,0.5858171531037015,-0.18986081130169138
81.0,49.0,True,0.3447537950981136,0.18183493395072253,0.7366168489552359,0.5684192950521642,-0.46848329441249925
81.0,50.0,True,0.35598322892085676,0.18752046433960567,0.7247736384341863,0.25419594653437905,-0.06291921889398905
81.0,51.0,True,0.3471873852032072,0.09336413719824387,0.5492570177263469,0.3317939355522681,-0.7179145117402863
81.0,52.0,True,0.2512846921826443,0.07533202279757238,0.4688958581858267,0.3475447300858775,-3.7857068170372496
81.0,53.0,True,0.46124253712168434,0.21474190155584277,0.9532958613163074,0.6591355515521328,3.505018737628725
81.0,54.0,True,0.2596228265562926,0.1535823468296868,0.6555470154014309,1.1679651537898064,-3.467652598828421
81.0,55.0,True,0.29807421099177794,0.10668038304795083,0.5536791735855778,0.26583246207779304,-2.1632574069432193
81.0,56.0,True,0.3982753895515156,0.19551518659891703,0.7478720667977049,-0.3852293117589323,1.7930035328954461
81.0,57.0,True,0.3665396500398352,0.15914714954325124,0.6013781089888424,-0.4075418255356013,0.18370926804129536
81.0,58.0,True,0.3143085608162827,0.1983876801096109,0.734451873158659,0.5470059330500483,-1.7036481978705602
81.0,59.0,True,0.3030785292658338,0.14878629288523432,0.7130409312595091,1.164580665527914,-2.2154486095354455
81.0,60.0,True,0.294067577702941,0.13718273248586196,0.6784942239252405,0.6829019984515872,-2.68399239366049
81.0,61.0,True,0.37525713722440557,0.20830466259241914,0.876522333598842,0.618470940831629,0.4318595219267826
81.0,62.0,True,0.27255936282148996,0.11789375496494865,0.4424493952656517,-0.433510319202464,-2.9602021373192966
81.0,63.0,True,0.38622292705941386,0.16459416923578124,0.6431263324859279,-0.1698313983915326,0.6992446240361017
81.0,64.0,True,0.3363556450948548,0.22149139226712233,1.2549098515687749,1.7430829878291403,-0.9496520658750967
81.0,65.0,True,0.4054925283823846,0.1868080986363219,0.7189065173203504,0.026066656617115918,1.812296646833012
81.0,66.0,True,0.3408425305646479,0.09297314081757964,0.5138930265284326,0.04489211307070986,-0.6441885098682122
81.0,67.0,True,0.4326969452187009,0.18102034173731005,0.7324847562584118,-0.1814009012611323,2.7601330644653976
81.0,68.0,True,0.2869862518957655,0.12296851833122907,0.5397897664771926,-0.022590666276137622,-2.2929807617924616
81.0,69.0,True,0.20385008793658443,0.15623182284793197,0.5527314100435494,0.5843078523756388,-5.386738754394285
81.0,70.0,True,0.33449434222419117,0.2007105540196133,0.8237682786440741,0.4625172114233809,-0.7399150407045603
81.0,71.0,True,0.30427578381542475,0.1353097963888755,0.6044672710291941,-0.23600272550994614,-1.9205113170137453
81.0,72.0,True,0.28258840151571796,0.19883700554025374,0.7606567857281397,0.6641509562804011,-2.328854231926413
81.0,73.0,True,0.3470452295476673,0.14694567911214396,0.5842093520134697,-0.2691592833120802,-0.49530912712606684
81.0,74.0,True,0.3197361407186766,0.2000130962823135,1.1533038214647966,2.2213745935302955,-2.0016392880269516
81.0,75.0,True,0.3202637236937713,0.12899683306832413,0.5164035605963158,-0.38737938155201734,-1.2778084295912961
81.0,76.0,True,0.2750177144528692,0.10895367903807517,0.5021186779735602,0.15358543388605164,-2.7095325801466226
81.0,77.0,True,0.3399922725529693,0.18625834227759827,0.7971967697278038,0.8078064901738828,-0.8270348405149526
81.0,78.0,True,0.36431721427334257,0.17902927135062718,0.77805272894585,0.3188728738499131,-0.006801118241645262
81.0,79.0,True,0.35191718260453553,0.20984723991528778,1.222353665928242,2.1250864033346133,-1.0840476452614416
81.0,80.0,True,0.5562679303264559,0.3380782032080271,1.2345921527461825,0.34232779993112206,6.555589324770978
81.0,81.0,True,0.4684129312668965,0.1476742926116326,0.8285681927948532,0.5903402425111476,3.5608250651500852
81.0,82.0,True,0.4420697961026062,0.2738537993935682,1.0046457042197836,0.46447005096993405,3.2615608481064107
81.0,83.0,True,0.3709832575156888,0.20015427151404364,0.8023347435562658,0.26932965649181756,0.6199287786392491
81.0,84.0,True,0.5477275772587543,0.3391528040129695,1.381773846824231,0.9513267391909842,6.232588992625214
81.0,85.0,True,0.4652811583055078,0.21448536590850767,0.8653826810642231,0.002213552349987405,3.7712720466522787
81.0,86.0,True,0.5184030253575361,0.19626696987054237,0.9584696245599088,0.5401034549549657,5.144515567731778
81.0,87.0,True,0.44194315112654,0.20194920329653918,0.900093528455259,0.36679164764933503,2.579008747852529
81.0,88.0,True,0.38658049371902026,0.15438735120344568,0.6261713100488852,-0.39954549728834204,1.1425139920435483
81.0,89.0,True,0.3454885320293167,0.14491085703106124,0.60346220951627,-0.31742986531976386,-0.3938872267892545
81.0,90.0,True,0.07907432819044764,0.07250039813894778,0.2390378124406966,0.36974077160839586,-9.016891238795397
81.0,91.0,False,,,,,
81.0,92.0,False,,,,,
81.0,93.0,False,,,,,
81.0,94.0,False,,,,,
81.0,95.0,False,,,,,
81.0,96.0,False,,,,,
81.0,97.0,False,,,,,
81.0,98.0,False,,,,,
81.0,99.0,False,,,,,
81.0,100.0,False,,,,,
82.0,1.0,False,,,,,
82.0,2.0,False,,,,,
82.0,3.0,False,,,,,
82.0,4.0,False,,,,,
82.0,5.0,False,,,,,
82.0,6.0,False,,,,,
82.0,7.0,False,,,,,
82.0,8.0,False,,,,,
82.0,9.0,False,,,,,
82.0,10.0,False,,,,,
82.0,11.0,False,,,,,
82.0,12.0,False,,,,,
82.0,13.0,True,0.20938396865188702,0.10221273175031186,0.5414220904963714,0.8524922307763627,-4.997289094003436
82.0,14.0,True,0.47715013775487886,0.23926984098615584,0.820758803152748,-0.32314839399087786,3.24590224563084
82.0,15.0,True,0.3133373592835506,0.18120749243665885,0.6749211869616639,0.09300514000669421,-1.1863968051270033
82.0,16.0,True,0.3993013841594802,0.1702680260451364,0.7266686749785166,-0.050279527149779665,1.0445415143497039
82.0,17.0,True,0.28817881703154224,0.13121316751787968,0.5393130289942564,0.40084650572610464,-2.499574732561404
82.0,18.0,True,0.2836342538320131,0.11169869408498137,0.5020798235025445,0.2899424030014282,-2.2580686146646944
82.0,19.0,True,0.35697552055190906,0.19852982705132607,0.8504987319586549,0.6919560481074529,0.21068712974736872
82.0,20.0,True,0.3596478383261806,0.19137103308282974,0.7870174151710257,0.23873106070391809,0.06264687694373527
82.0,21.0,True,0.26493121629390276,0.12364994884735998,0.5033033226459168,-0.4189717148470778,-3.222552537477974
82.0,22.0,True,0.3530478747236263,0.16997025748188735,0.7159995779483913,0.33237342738881537,-0.1879216404915602
82.0,23.0,True,0.40570738217687263,0.15068151787513104,0.7303664836675504,0.004601971774876262,1.4653243086806471
82.0,24.0,True,0.3536454302629734,0.23043108724924447,0.8959431283887588,0.8775578888608068,-0.3311619755622152
82.0,25.0,True,0.34416435786942895,0.17964370375325525,0.7363343578307917,0.21679248626668732,-0.44453624814329995
82.0,26.0,True,0.4175788288952591,0.21020802645747003,0.8745586638380858,0.2846301553052031,2.1622839723009792
82.0,27.0,True,0.4037844824452952,0.175224214892557,0.8020664460718839,0.3258649056076841,1.1782080362321512
82.0,28.0,True,0.26770448402561703,0.15787829593509028,0.6211947022519295,0.6804529225465282,-3.0545162499242253
82.0,29.0,True,0.36689757779018595,0.15686299653935293,0.7161605760047001,0.20892586506257943,-0.050483720775666686
82.0,30.0,True,0.3971118512023562,0.14218138782577308,0.6307088420933312,-0.21920304720257455,0.7421498022123713
82.0,31.0,True,0.46023087839312493,0.2661019956033645,1.0687839903645149,0.6468992600193898,3.2670553603043038
82.0,32.0,True,0.41801274890402523,0.14876312831711835,0.7877566467727822,0.06799516361007313,1.4772652387004546
82.0,33.0,True,0.49826970972060397,0.24208890077469447,0.970729092321232,0.29008148732103756,4.666557436779432
82.0,34.0,True,0.49073361814677363,0.21129118563242688,0.8791612293911173,0.060571185886446034,3.811865979609548
82.0,35.0,True,0.4401314674406063,0.22010898454528988,0.9656702463745472,0.8691184017385706,2.354092317229222
82.0,36.0,True,0.42856387432752524,0.15795114794568116,0.7446170548294171,-0.2811298065395273,2.1679030902538328
82.0,37.0,True,0.35338614863806533,0.12555372159387684,0.6644588916705628,0.44155769831702907,-0.0585665651930578
82.0,38.0,True,0.4667740359037403,0.10864533236080372,0.7496231649583825,0.7547464365453573,3.370687136528432
82.0,39.0,True,0.34419287946318244,0.174710172855852,0.6869920316372496,0.26882851105966277,-0.29812996177485607
82.0,40.0,True,0.44293086580502605,0.1867100843170201,0.8490915402377337,0.35052268908396167,2.484271151508219
82.0,41.0,True,0.4082757025171148,0.17379550860901125,0.7587737994414058,-0.2876203535102351,1.9826901895087545
82.0,42.0,True,0.2374581029987315,0.24609988939356156,0.8147935355946038,0.9903553443906454,-4.369604317372519
82.0,43.0,True,0.3878693055199108,0.17117619437037662,0.7832341888897622,0.1350590856468876,0.3599934746622095
82.0,44.0,True,0.39567368361829625,0.10673731851791833,0.6429194446203803,-0.018547222990144635,0.9258819507691327
82.0,45.0,True,0.431496329272257,0.1422869637538012,0.9064382904591312,1.003058834923104,1.9575856666145037
82.0,46.0,True,0.3789850645778814,0.2076158494626428,0.8446508198047664,0.592897027104527,0.9014776578457389
82.0,47.0,True,0.32358193126912765,0.11510689819106665,0.6429051370217407,1.095177123318774,-1.1016058173398524
82.0,48.0,True,0.3940696948932896,0.15815605034950575,0.6558000020446623,-0.06812386156476918,0.8416831461043969
82.0,49.0,True,0.3971584865705267,0.1977789081831921,0.7435527652115396,-0.05945556236636359,1.5012480017966903
82.0,50.0,True,0.3553411040945565,0.25168786711697544,0.9688634834162714,0.9777891993204171,-0.02186384164210218
82.0,51.0,True,0.350326826889386,0.1523426984431207,0.6468755455527301,0.14714377593337105,-0.38709409132102673
82.0,52.0,True,0.25038819401630963,0.11082073811832267,0.4781886261607383,0.5073035845704712,-3.4412696903636792
82.0,53.0,True,0.29496613109505704,0.09890725018489968,0.509503162971523,0.31601289487166323,-2.4877230551204224
82.0,54.0,True,0.3745672941058322,0.23806422324835097,1.0648767113107542,0.7706423705435419,0.31812075887579666
82.0,55.0,True,0.3158280553917276,0.09154228340117818,0.4580346930041287,-0.5293938575900786,-1.4324163194358661
82.0,56.0,True,0.33660645983564585,0.16276066082241294,0.6443045028435851,0.1184159481164549,-0.4140698502480211
82.0,57.0,True,0.4176463533176762,0.3295832137707312,1.397231291879573,1.1588114084686736,1.6633358643089144
82.0,58.0,True,0.40662115386971354,0.13573100760118903,0.6487505104528649,-0.06874418492219074,1.529029308824708
82.0,59.0,True,0.3392922813033525,0.11453040996823792,0.5966763827008781,0.4052054187421201,-0.5511181639363291
82.0,60.0,True,0.4309284560354499,0.15840058542976274,0.8237525422388224,0.6077663406098929,1.8747697869888613
82.0,61.0,True,0.3498227405251053,0.1609908685131382,0.6456120916977369,0.0346546825198343,-0.13004961170592022
82.0,62.0,True,0.443932184970088,0.17189974159445118,1.1135185577189133,1.762031515825571,1.9310689533741618
82.0,63.0,True,0.4086501605923925,0.2123929286216899,0.7220429524346293,-0.5228111350130256,1.6183498700194137
82.0,64.0,True,0.3756477122806617,0.23911727290965407,1.0164835828277676,0.9851011064750664,0.5325425283690847
82.0,65.0,True,0.3325937366646242,0.14965406604882164,0.6124829816635636,0.1096898085515724,-0.7517188221680025
82.0,66.0,True,0.2820185758225724,0.2754584903501872,0.8521594406378402,0.9206033446929712,-2.6490765777266936
82.0,67.0,True,0.2810401080096675,0.15274263684785952,0.6289520273731255,0.4679213904807494,-2.754608136255717
82.0,68.0,True,0.33370374603843067,0.14152830917950965,0.6600742247043433,0.5536373462846762,-1.0957967823541048
82.0,69.0,True,0.2878767578004407,0.111578051906553,0.4888979889452776,0.013378181609833405,-2.485220807520024
82.0,70.0,True,0.304280619774174,0.09232494424609346,0.503981090068332,-0.2867140301262771,-1.8120349116271401
82.0,71.0,True,0.3616078884100179,0.1961896050026817,0.8958569454443472,0.4955899472868769,0.0094960646961944
82.0,72.0,True,0.37908311144880713,0.15104939677651036,0.7212649839658734,0.5706009827340122,0.6649013469448918
82.0,73.0,True,0.27646193341328423,0.11026038121054872,0.7548935252641963,2.183265238398257,-3.080503548328246
82.0,74.0,True,0.3961242785880248,0.1316897979958078,0.5567855477554263,-1.418792950053373,0.8439733703247873
82.0,75.0,True,0.4609991132269526,0.19506606371151922,0.8049795952300641,-0.03728230961013884,3.477795831597619
82.0,76.0,True,0.23868405879983645,0.13131933990385156,0.4787821579355676,0.09468071221833871,-4.065794117600938
82.0,77.0,True,0.30923956502273403,0.14005520161197704,0.5707718495118373,0.5287947660059754,-1.8534570509940955
82.0,78.0,True,0.3097281363005124,0.13543112551838352,0.6011524329062381,-0.11854879291413928,-1.6076460122639142
82.0,79.0,True,0.261748320834927,0.10405589228748907,0.4797576659070258,0.4508680598315504,-3.2358700443654493
82.0,80.0,True,0.3291480785392057,0.19065868282209789,0.7634406582572738,0.30425703399939263,-1.4615183085211272
82.0,81.0,True,0.38341857948377794,0.1597877500234799,0.6796215764177563,-0.42281528088359344,1.1929721295773947
82.0,82.0,True,0.3529615164643506,0.2006192769463248,0.8893756858554738,0.825333220448214,-0.17519530407717437
82.0,83.0,True,0.47122408908674107,0.2519078864898295,1.0117026037410397,0.36047832712094097,3.899905836030694
82.0,84.0,True,0.45611161444285175,0.19538511767163994,0.7365862435454206,-0.3964246330410144,2.9806848653670266
82.0,85.0,True,0.5387321875608271,0.19652677165676508,0.8078479104747451,-0.939597297751255,6.2019056746779935
82.0,86.0,True,0.42839920160302436,0.21553450672498986,0.9268065307209598,0.25681131142111036,2.488268718983627
82.0,87.0,True,0.3873399405970018,0.22409869640911345,0.9042482899424428,0.9068981059574847,0.8175433853056729
82.0,88.0,True,0.3135933761422337,0.14432359472516043,0.6522959943878303,0.621135605586583,-1.4982141606135513
82.0,89.0,True,0.06693777349591283,0.05072356913508382,0.1794070768355399,0.3895250215649277,-9.435366584534075
82.0,90.0,False,,,,,
82.0,91.0,False,,,,,
82.0,92.0,False,,,,,
82.0,93.0,False,,,,,
82.0,94.0,False,,,,,
82.0,95.0,False,,,,,
82.0,96.0,False,,,,,
82.0,97.0,False,,,,,
82.0,98.0,False,,,,,
82.0,99.0,False,,,,,
82.0,100.0,False,,,,,
83.0,1.0,False,,,,,
83.0,2.0,False,,,,,
83.0,3.0,False,,,,,
83.0,4.0,False,,,,,
83.0,5.0,False,,,,,
83.0,6.0,False,,,,,
83.0,7.0,False,,,,,
83.0,8.0,False,,,,,
83.0,9.0,False,,,,,
83.0,10.0,False,,,,,
83.0,11.0,False,,,,,
83.0,12.0,False,,,,,
83.0,13.0,True,0.013406139343221792,0.023761609749966963,0.0828692077493445,1.8131779848130127,-11.163281340212905
83.0,14.0,True,0.2652212732388613,0.16139421242488936,0.5340827134269209,-0.20146057929314667,-3.122651018648604
83.0,15.0,True,0.37493482115767635,0.13060225400130093,0.6577182838509821,0.08063324343381655,0.4920068417513952
83.0,16.0,True,0.36714703017919603,0.2102768656553083,0.8590862189499153,0.6214559306173429,0.5469947638236724
83.0,17.0,True,0.35933264331752995,0.18841005656659562,0.6904034441757865,0.00783011498764938,0.07611534719145685
83.0,18.0,True,0.3841664559300759,0.1234912004258188,0.6628164469321884,-0.2869696201565784,0.8898592598444761
83.0,19.0,True,0.22489538497890707,0.1333893536147229,0.5133596979437471,0.08808696996863527,-4.361987771348636
83.0,20.0,True,0.25668538750156017,0.1890917207094952,0.6185534146579085,0.5897757491736941,-3.0761449253714455
83.0,21.0,True,0.30081876763548876,0.19650132644750046,0.7624529880847738,0.6329186842992801,-1.8146722908706912
83.0,22.0,True,0.2957341715653593,0.12885105457159696,0.4843892321638898,-0.5950969634986961,-2.1467210430512504
83.0,23.0,True,0.48932659773268483,0.24276190249606194,1.014383977528544,0.6160293647001509,4.154190988313078
83.0,24.0,True,0.5113074474991021,0.1584558428448872,0.7506471341168076,-0.34898336059892465,4.647256159549062
83.0,25.0,True,0.45993685913050886,0.19600130813247854,0.8410219271860272,0.5707476533526276,3.173548837651623
83.0,26.0,True,0.45141846272731134,0.18004341149039638,0.867681765547922,0.8720992602903573,2.3567696571154197
83.0,27.0,True,0.3685000685150893,0.17609846279466518,0.7049918177757605,0.4995731861137765,0.30593510355814396
83.0,28.0,True,0.46813519719721475,0.12579823776200594,0.6766995567546849,-0.09752561810048246,3.4130690501737453
83.0,29.0,True,0.4040698223785431,0.10839436738766084,0.6011347409734269,-0.3398421724629881,0.9260725582746157
83.0,30.0,True,0.4127865049092899,0.13796907592834207,0.6600909396571865,-0.48377026413656016,1.822737443600802
83.0,31.0,True,0.5076072661927606,0.16566476522799845,0.909342145737936,0.7341258539326703,4.40961474498976
83.0,32.0,True,0.4332376999120651,0.25404264391486253,0.8998820130865619,0.3943010352692316,2.4213270567715384
83.0,33.0,True,0.4613555212992012,0.15139916116169894,0.6759734626152063,-0.5764454931827365,2.864806289029825
83.0,34.0,True,0.43887709809405095,0.15924643951817635,0.7541547205740319,0.16265021178421218,2.8928080831155283
83.0,35.0,True,0.4582146700233219,0.16170888898220903,0.7193524525664222,-0.1525530508085234,3.4278156442017673
83.0,36.0,True,0.3496202292127606,0.10881277081828644,0.5695386409997609,-0.4709327665135779,-0.3635754178019781
83.0,37.0,True,0.42529916010667973,0.19481869188572812,0.7710250865554883,-0.172714576023087,2.1728175252252755
83.0,38.0,True,0.3698541878965659,0.1818396950049863,0.7875198421330736,0.6579815253452986,0.7489424930714027
83.0,39.0,True,0.32891129977318345,0.1910165027527421,0.7051213700067234,0.21836492801177948,-1.1958360685928535
83.0,40.0,True,0.3759036242752408,0.1650653298060591,0.6832129019269905,-0.28160424718998245,0.3792326467039239
83.0,41.0,True,0.44581752776172684,0.18983573415263688,0.7888190836793606,0.10106852021802142,2.376496158573979
83.0,42.0,True,0.496767729049926,0.1887299631678145,0.8316561065418616,0.11388131904965472,4.853449914049674
83.0,43.0,True,0.40676986145131044,0.1876161245214365,0.7197969669641615,-0.18301277772190075,1.4243423803076651
83.0,44.0,True,0.3454276427197719,0.18680895063317518,0.7529719638444647,0.3334331298279066,-0.770792320447585
83.0,45.0,True,0.33735925496397945,0.1697651533762119,0.7557985611881994,0.6237915884424166,-0.5841230901945664
83.0,46.0,True,0.427793809145716,0.2439234773765056,1.0267466759785375,0.9023114823057531,2.0925596824862316
83.0,47.0,True,0.35495924945510265,0.12103431309858684,0.6253132171067899,0.34707172719352425,-0.2786732719719724
83.0,48.0,True,0.3637232333986208,0.16996875327703098,0.8279576537862383,0.2825401888890814,-0.3905146768286368
83.0,49.0,True,0.4656905500407953,0.2537570153007127,1.1826658367314986,1.27847269002279,3.2585502995241282
83.0,50.0,True,0.37622365245152883,0.13347851295591207,0.6081089628158866,-0.27797101969327,0.4682739873168078
83.0,51.0,True,0.2980550460940009,0.11357381596818597,0.5580881967123928,0.7017701493028532,-1.8838887413135454
83.0,52.0,True,0.46060489429845386,0.2098610430188258,0.7839478062732121,-0.30988299179942747,3.329209301236348
83.0,53.0,True,0.35783014012461795,0.11733476812205372,0.7715425109957972,1.0188962337042726,-0.2949559778013975
83.0,54.0,True,0.263285463666174,0.11760090391184717,0.7799831113450988,2.4153576297927004,-3.6984625759657224
83.0,55.0,True,0.33285085692167865,0.1610355639640252,0.6821861957679836,0.5265864819843236,-0.9153269675741461
83.0,56.0,True,0.3863562884086092,0.10436247821012752,0.5316327161765998,-0.8260389437464144,0.53702094242794
83.0,57.0,True,0.26630105879441907,0.19836689784131442,0.8070089365537905,1.4820279715876823,-2.928327514527264
83.0,58.0,True,0.38073175487775923,0.1505858041575597,0.6282128699536945,-0.31140084570320153,0.13535457888189542
83.0,59.0,True,0.3919463810687574,0.14727230224524793,0.8545390667939414,0.5529440009125274,0.5437668289961628
83.0,60.0,True,0.27454123765884547,0.12448764291949307,0.4894216743397023,-0.05141945674362264,-2.66882381650571
83.0,61.0,True,0.29706598991779004,0.15796440714591786,0.6937061773415466,1.0825179990413947,-2.2792938803182774
83.0,62.0,True,0.31030994850567944,0.12441626596601477,0.5580160657922405,0.25456678960706147,-1.8812209568345621
83.0,63.0,True,0.30955357605711453,0.11526216316000908,0.5363858592224723,-0.4741281103676316,-1.4793903206489802
83.0,64.0,True,0.27602962351239235,0.12404146330238851,0.4653088493417966,0.08756736436006551,-2.6272453798975364
83.0,65.0,True,0.29332554586988663,0.1544193547246706,0.5726867846207413,-0.1274098346486853,-1.903308191566294
83.0,66.0,True,0.3766620087943031,0.14962759323961636,0.7622315132144101,1.237788822316757,0.3274878536059986
83.0,67.0,True,0.2692129495297497,0.1492689371609193,0.6251712919521509,0.4371891366967637,-3.0610303211185252
83.0,68.0,True,0.3526930067901537,0.1654448163663914,0.8905254207596656,0.5335435416556695,-0.24306478359742406
83.0,69.0,True,0.40042107865914817,0.11172533140865172,0.6479941879385648,-0.15696703252833225,1.145296925862653
83.0,70.0,True,0.2685616138696058,0.11513779006865456,0.4804811391502752,0.07324983967487118,-2.858639228573857
83.0,71.0,True,0.2894949467119229,0.12495242940207038,0.585649661549882,0.529050102849565,-2.1643537188806707
83.0,72.0,True,0.23277013185554193,0.1734270189203697,0.7049468117520881,0.957293423829637,-4.287167570208255
83.0,73.0,True,0.28131217833821065,0.18955452610344536,0.8364281105969699,1.5382417010072582,-2.7571029048373554
83.0,74.0,True,0.3029498895003545,0.1328010123245158,0.5563404288904096,-0.20010111670632738,-1.852705305896571
83.0,75.0,True,0.29994436939550867,0.12902461679228389,0.5720384642326203,0.11809352140809967,-1.7881474230417158
83.0,76.0,True,0.26868836490313525,0.16177094921965418,0.6093217240574701,0.48220924762192446,-3.101338569894917
83.0,77.0,True,0.31964691346325325,0.17287805911757445,0.774697441926193,1.0611237062707155,-1.1613467177278347
83.0,78.0,True,0.3072850921909593,0.13816126472134793,0.5763210919237697,0.40161899640247634,-1.7220232245309215
83.0,79.0,True,0.2795862104108959,0.08727195954642304,0.4238406313497264,-0.5833578858931279,-2.6869089399133785
83.0,80.0,True,0.4424718104071556,0.23760617634096282,0.9431580239290964,0.16643790874649472,2.8720228677871074
83.0,81.0,True,0.34990868449724577,0.11027821122149599,0.5475633220950938,-0.4039071544721456,-0.24864340777694444
83.0,82.0,True,0.3395319818207452,0.10550394928704067,0.6318694852888636,1.015960312939045,-0.6179411747304604
83.0,83.0,True,0.377698953452513,0.1951937180872208,0.7279035384346104,0.05561975325857647,0.8509062768017821
83.0,84.0,True,0.5391720204131608,0.2008707580326965,0.973512510311771,-0.12283674068387533,6.153654357433479
83.0,85.0,True,0.4658788108979586,0.21055755886012442,0.8661011125586296,0.18517528864039723,3.574747601859103
83.0,86.0,True,0.5136062140327396,0.20170228346389743,1.119032169375195,0.4049871748531909,4.054397856889255
83.0,87.0,True,0.35213645593106546,0.1474747153916052,0.673668160848502,0.3725050554558448,-0.019191061173131928
83.0,88.0,True,0.2006661223967453,0.14391265975316894,0.6583376277808589,1.4246855636034876,-5.943890487462119
83.0,89.0,False,,,,,
83.0,90.0,False,,,,,
83.0,91.0,False,,,,,
83.0,92.0,False,,,,,
83.0,93.0,False,,,,,
83.0,94.0,False,,,,,
83.0,95.0,False,,,,,
83.0,96.0,False,,,,,
83.0,97.0,False,,,,,
83.0,98.0,False,,,,,
83.0,99.0,False,,,,,
83.0,100.0,False,,,,,
84.0,1.0,False,,,,,
84.0,2.0,False,,,,,
84.0,3.0,False,,,,,
84.0,4.0,False,,,,,
84.0,5.0,False,,,,,
84.0,6.0,False,,,,,
84.0,7.0,False,,,,,
84.0,8.0,False,,,,,
84.0,9.0,False,,,,,
84.0,10.0,False,,,,,
84.0,11.0,False,,,,,
84.0,12.0,False,,,,,
84.0,13.0,False,,,,,
84.0,14.0,True,0.024045095748820643,0.03895175447649358,0.1351296609451041,1.5979422458577242,-10.8312420032871
84.0,15.0,True,0.30309969815219345,0.1426496295485794,0.6184195513036093,0.030534011676822424,-2.0503000374694804
84.0,16.0,True,0.3683692728350937,0.18207238858466984,0.7810010737527949,0.5743740561959609,-0.04022730081761376
84.0,17.0,True,0.4021257628929613,0.18209410787188854,0.7198747454034998,-0.007494079148434249,1.4604575594242868
84.0,18.0,True,0.456814589549368,0.32557185786987064,1.5,1.0051747350822258,2.6334829497696615
84.0,19.0,True,0.34213782286623406,0.14283809417262033,0.5685330153079794,-0.3601744433999584,-0.37831081909414055
84.0,20.0,True,0.33310488424104784,0.19460336111197962,0.6971061122299141,0.45610583578673236,-0.5740308714478505
84.0,21.0,True,0.3510535281281291,0.13485924678375588,0.6744148459698175,0.44193481193425627,-0.2882004122541272
84.0,22.0,True,0.3514638003506999,0.20559503961834788,0.7493696825233669,0.37525829917256026,-0.15467730001952668
84.0,23.0,True,0.5228645798647439,0.27742392928906406,1.1524200626039938,0.5197289542820539,5.742264898816125
84.0,24.0,True,0.373586310683594,0.20639000827888437,0.850386547659254,0.226257989256343,0.6536296974658797
84.0,25.0,True,0.4146860052246269,0.20181989269393263,1.2485648807106795,1.3345965959412582,1.099442680186872
84.0,26.0,True,0.31703983878466163,0.1984435783611143,0.7811727289362165,1.0827484175653967,-1.1748043210844574
84.0,27.0,True,0.39287769041427384,0.19183538793377092,0.7695168664363292,0.34579784439047906,1.4573731046384988
84.0,28.0,True,0.39250141808590333,0.21995185289230737,0.7713439044258067,0.07729797359721932,0.8710919066164187
84.0,29.0,True,0.28365605792310555,0.16349457469395173,0.5671463522740442,0.08631618728166147,-2.344284677409731
84.0,30.0,True,0.31245638277335347,0.11649521347329911,0.5625031471275954,-0.7277697469733998,-1.6899115792559507
84.0,31.0,True,0.4043719630725811,0.2034621943466938,0.7953554999609306,0.194029173399174,1.2886857925988346
84.0,32.0,True,0.4169505522874053,0.2421730883014721,1.1381255173887728,1.082608329398159,1.136378328214747
84.0,33.0,True,0.4868120860200653,0.2251210782055042,0.9044655977987572,-0.11721908345392228,4.523636790076549
84.0,34.0,True,0.41816825146990666,0.1483060893672996,0.7445221682848473,0.46743893898347666,1.5488381074476492
84.0,35.0,True,0.45805401365993004,0.1590339908970303,0.7969773654043237,0.3037583668499919,2.339455274912326
84.0,36.0,True,0.37142427227327046,0.1612045673482767,0.6876937337025275,-0.04089487905386983,0.07505862779399428
84.0,37.0,True,0.3455164013256293,0.20360530769953888,0.76272945767537,0.41759972248128,-0.4595013907630667
84.0,38.0,True,0.30820228329290544,0.2020921261486071,0.7750957882476432,0.20228485074114103,-1.852285813343969
84.0,39.0,True,0.38104940055626596,0.14499650630183125,0.671051222634842,-0.30295022618466205,0.7589231778785718
84.0,40.0,True,0.37104458099883175,0.14909768410056412,0.6400744226366564,-0.16823102638895407,0.5563875773181833
84.0,41.0,True,0.2780164633842002,0.21002837727558304,0.7001167176627194,0.8142453617505563,-2.4854161751256107
84.0,42.0,True,0.31348340571354266,0.1091956686599983,0.5384552345798443,0.34228215059507644,-1.7601244908090583
84.0,43.0,True,0.32589899141970885,0.12200013245905932,0.5233697603534365,-0.7833932590754916,-1.0300858520847427
84.0,44.0,True,0.5969748035579793,0.1866918782902815,0.9823906956536236,0.5494034874460983,7.4747181020157045
84.0,45.0,True,0.35627460109211684,0.18712308681656736,0.685821005535072,-0.1777915728122953,0.20056486060463424
84.0,46.0,True,0.44026197954919655,0.21260250869094183,0.9212315986803687,0.39177071021915316,2.0987700698875744
84.0,47.0,True,0.35127789840904894,0.12035935519030494,0.5877904041024837,-0.1414877438735451,-0.3508675890744282
84.0,48.0,True,0.4363244685908978,0.21276953165139328,0.7644422877638172,-0.4911531663841329,2.4288161505116017
84.0,49.0,True,0.4006444251060676,0.14269294815286496,0.6256461912631083,-0.24574735348449392,1.2955936491469446
84.0,50.0,True,0.5140198275308852,0.15983374304009443,0.7480430605483732,-0.571149163393935,4.921233935042987
84.0,51.0,True,0.29740881616632775,0.2194664864193735,0.7571564952323728,0.6128716041895922,-1.9763338335669076
84.0,52.0,True,0.34586863336993934,0.1329487392357541,0.6043635782866695,-0.13572132613296792,-0.4192022320892204
84.0,53.0,True,0.36064157731440777,0.16436032269892958,0.5977279559907721,-0.7883304709012643,0.4111561994371613
84.0,54.0,True,0.208062692228888,0.1412903593897893,0.5462596780747243,0.9527339650937963,-4.980941196583612
84.0,55.0,True,0.29931937443451584,0.10620108100987063,0.4714216446781304,-0.655761577467314,-1.8309148177945684
84.0,56.0,True,0.3760231113112839,0.13467613494636196,0.6121720129405333,-0.8762545756333309,0.6894400145275356
84.0,57.0,True,0.47202813532861077,0.20145685600825033,0.9536720160939092,0.2145062407969261,3.53149602264136
84.0,58.0,True,0.42238157204822513,0.20275914740825704,0.8932326548836281,0.7668441980594549,1.7445784558378592
84.0,59.0,True,0.31723781618707414,0.1593647061969537,0.6259038067762628,0.5548170230423759,-1.4751912217295085
84.0,60.0,True,0.29862020225813857,0.1797398911404226,0.6851715451486573,0.39594402625797437,-1.6680327579943088
84.0,61.0,True,0.2688932015347184,0.08198195237383908,0.4152559723296508,-0.20112205770317357,-2.834992138539078
84.0,62.0,True,0.2871104304232783,0.12158593855679019,0.4964863627017413,-0.20978584796033384,-2.68122460209156
84.0,63.0,True,0.21857927895666776,0.1735961386476449,0.5882090722850947,0.6130514238596619,-4.293119944999485
84.0,64.0,True,0.2764638019108289,0.15721264006049823,0.5081120141369576,-0.26030949515339147,-2.290894036382806
84.0,65.0,True,0.23308711300389565,0.17031005225734472,0.6117466924741966,0.4644681004617594,-3.891852837354121
84.0,66.0,True,0.392374251547023,0.12192698384810112,0.649484352051909,0.04652708476985414,0.8689250358228686
84.0,67.0,True,0.32350120475988653,0.11830455083429442,0.5795426693721121,0.6711327898398013,-1.0005533772794424
84.0,68.0,True,0.2826536669391466,0.1278632470175025,0.5321797775879608,0.09005236194677177,-2.3092778785962444
84.0,69.0,True,0.380394940257005,0.11633421566622584,0.5874485978408368,-0.4685624562679594,0.8681620187433076
84.0,70.0,True,0.16618292703386747,0.126666829335904,0.510661225180704,0.9626422470950835,-6.0831131239086265
84.0,71.0,True,0.3049283134299232,0.18891746545685575,0.6997274718381694,0.6580761680871401,-1.4920189432988962
84.0,72.0,True,0.30277691314666694,0.12745908673218664,0.4819816503972756,-0.8822100467865895,-1.4433761320764782
84.0,73.0,True,0.36009740883480235,0.14477243131795006,0.7097147473136959,0.4209146180286136,0.07650458336846946
84.0,74.0,True,0.37502008003771486,0.10326815070698339,0.5939854333383922,-0.1995806638648265,0.30469404539105926
84.0,75.0,True,0.3439549949445133,0.14901120129049175,0.6084929470482331,-0.19517162875856267,-0.38975966838300824
84.0,76.0,True,0.2886944631562948,0.12512310020823406,0.4677144747127392,-0.5299441996496711,-2.0384012072703372
84.0,77.0,True,0.44690327013454884,0.2304043712036788,0.9276667008685652,0.2706704396478422,2.443216052846536
84.0,78.0,True,0.3441027062800678,0.1911776472927715,0.7085537502460008,-0.011096117917298177,-0.3243541105327984
84.0,79.0,True,0.35895281802072593,0.1847656282899175,0.7835711004047811,0.24543685884195407,-0.15311838969437364
84.0,80.0,True,0.4108392243810583,0.16624779584683963,0.6750361680600172,0.0014930483850249387,1.597312603968428
84.0,81.0,True,0.2904514348918497,0.13192231131580787,0.5965321462292664,0.31090576394750347,-2.4337445323047873
84.0,82.0,True,0.3782035723337947,0.18975497728442467,0.8077912155765911,0.5301179649009353,0.30548021617691445
84.0,83.0,True,0.3263012518934649,0.15083798855041955,0.6658502297401336,0.45193127191683297,-0.9102720481206326
84.0,84.0,True,0.36648063082360866,0.14614745767557663,0.5777340766811528,-0.8166946510080786,0.3328813127573358
84.0,85.0,True,0.4537839121169235,0.24318312699459557,0.9735900262533644,0.6136573505670451,2.842506728735675
84.0,86.0,True,0.34669773506930435,0.13053646520558615,0.5917664685030235,0.08096462645366391,-0.9140267402560716
84.0,87.0,True,0.2228917110894929,0.15810392829390058,0.5987879893992458,0.6454195948152572,-4.468466669608321
84.0,88.0,False,,,,,
84.0,89.0,False,,,,,
84.0,90.0,False,,,,,
84.0,91.0,False,,,,,
84.0,92.0,False,,,,,
84.0,93.0,False,,,,,
84.0,94.0,False,,,,,
84.0,95.0,False,,,,,
84.0,96.0,False,,,,,
84.0,97.0,False,,,,,
84.0,98.0,False,,,,,
84.0,99.0,False,,,,,
84.0,100.0,False,,,,,
85.0,1.0,False,,,,,
85.0,2.0,False,,,,,
85.0,3.0,False,,,,,
85.0,4.0,False,,,,,
85.0,5.0,False,,,,,
85.0,6.0,False,,,,,
85.0,7.0,False,,,,,
85.0,8.0,False,,,,,
85.0,9.0,False,,,,,
85.0,10.0,False,,,,,
85.0,11.0,False,,,,,
85.0,12.0,False,,,,,
85.0,13.0,False,,,,,
85.0,14.0,False,,,,,
85.0,15.0,True,0.024816342987040618,0.033876717734848426,0.094930154062725,0.9732216914336761,-10.793390811451529
85.0,16.0,True,0.33728062174775175,0.17457400473720522,0.654605349639402,-0.009946921359680653,-0.9813251494683153
85.0,17.0,True,0.4290065586355166,0.1632398582803841,0.7497928717914591,-0.0794653483867298,2.02079749516145
85.0,18.0,True,0.3253263291631688,0.17755828366801701,0.8510374679903845,0.5682933545368611,-1.4425837905014007
85.0,19.0,True,0.35179067261157343,0.11007718829001827,0.6017534723039405,-0.1628035367493097,-0.1620237805030306
85.0,20.0,True,0.2684276310828405,0.15078567953123775,0.5302614302019929,0.24122090845657024,-2.820067741158643
85.0,21.0,True,0.3237069975130572,0.14843586992902455,0.6273786967957712,-0.3431529863562496,-0.9331029669791941
85.0,22.0,True,0.4625388374402952,0.29357913801184043,1.005657329600406,0.3968082213658896,3.538069748865351
85.0,23.0,True,0.40441640414328245,0.2226941780068859,1.0531135589390077,0.7985662775988651,1.387087157838756
85.0,24.0,True,0.300533644770012,0.10878612290904603,0.5763593844812671,0.8673862848150167,-1.903251290491895
85.0,25.0,True,0.36358446265979005,0.1823982796533135,0.7198609755619342,0.2606030405792874,0.12088081709122982
85.0,26.0,True,0.3725550836452127,0.17657175106997638,0.6151072163265981,-0.4869568077781712,0.46082969130441764
85.0,27.0,True,0.38873349168146737,0.11606757595159954,0.6219584610571605,0.2914928037201254,0.8492495396430124
85.0,28.0,True,0.362739034746257,0.1979839578465106,0.7179982994199133,0.14673456281442365,-0.07937435836950962
85.0,29.0,True,0.25311550947192546,0.11367184736045009,0.4756336409086739,-0.6381522196198919,-3.458023254039363
85.0,30.0,True,0.30764786374002534,0.14120493536345036,0.6455071926312692,0.8256940058018091,-2.058835823173453
85.0,31.0,True,0.28078466061062274,0.09707913516714502,0.4673361652657926,-0.034356016033875524,-2.581828775697592
85.0,32.0,True,0.27912341553181436,0.13863144497236338,0.5767837641447239,0.5063014326908839,-3.140678637591055
85.0,33.0,True,0.3874522738631048,0.1624901382954168,0.8255885526504922,1.0489045023832453,0.7003531760751021
85.0,34.0,True,0.42739634601459514,0.12679973238454384,0.6952720606568225,0.4480163083185992,1.933943873633135
85.0,35.0,True,0.42235841091488424,0.18840920805086653,0.7461068366923377,-0.19210461990164204,2.0017224376340113
85.0,36.0,True,0.37988738306821546,0.10935865723067252,0.5893506305676397,0.059375063807812475,0.8420393961009791
85.0,37.0,True,0.27615615490687445,0.13736533874516663,0.5048482811964311,-0.2798376053303272,-2.5251843630525914
85.0,38.0,True,0.3772896962108462,0.17107841016052638,0.6672807506978587,-0.11508877742369389,0.7134676054773922
85.0,39.0,True,0.3392907195052177,0.16364219970275068,0.7687385896125872,0.41585776712232525,-1.1217922639176585
85.0,40.0,True,0.4205605511892485,0.21671944094716103,0.9672428754143908,0.741519286242401,2.103234447257851
85.0,41.0,True,0.4531842810875618,0.19302184496343627,0.9269941568586888,-0.21158766829980652,2.8742826324710142
85.0,42.0,True,0.31087004408172464,0.14126957649015756,0.5439648565880166,-0.18863562883388307,-1.892037042630977
85.0,43.0,True,0.28174687174061946,0.08524864630281767,0.4479990219531208,-0.5366130518662375,-2.4590502912051853
85.0,44.0,True,0.3832400409758916,0.10720220196287239,0.658514441662197,0.7048415543590337,0.305510551359252
85.0,45.0,True,0.4008957250992365,0.23859548423427326,1.005539737805894,0.9793716356131301,1.2616737023945515
85.0,46.0,True,0.4454209811744158,0.11300251904412635,0.6753898050338187,-0.40054379034066384,2.473922066780494
85.0,47.0,True,0.3835753825042498,0.14361520270881714,0.7742032574028612,0.787893985489971,0.16478865508239074
85.0,48.0,True,0.39707982096003447,0.20462752801623688,0.7448553185973813,-0.6244256293689545,1.6445411702939854
85.0,49.0,True,0.2790571094603697,0.08611364983451188,0.4750052995503461,0.022855091741171858,-2.7734903513413918
85.0,50.0,True,0.3387463891195202,0.1507204829374951,0.6079938147996504,-0.12431774081370575,-0.5754261250657228
85.0,51.0,True,0.37158905149142213,0.16193301853101405,0.6639779767122297,0.007987428105658148,0.48963061786277806
85.0,52.0,True,0.3101688916417864,0.225046867688093,0.7738183921397647,0.36113588642934114,-1.1667109477317061
85.0,53.0,True,0.49817147406268997,0.23779998493689247,0.9160733047041892,0.3630125782355666,4.621462867276063
85.0,54.0,True,0.3482236138998151,0.1281110710911022,0.6231442219901788,-0.23329804273158347,-0.4925089108009633
85.0,55.0,True,0.3681663554009327,0.12283526134808272,0.8513094895542109,1.5935280237479874,0.026145209172101426
85.0,56.0,True,0.35037696078233976,0.17940601108182977,0.7122653583250157,0.41865741772018594,-0.36546608125644087
85.0,57.0,True,0.3908410820070946,0.09396037099216537,0.5862592221454289,0.1798805379099815,0.8033293420114314
85.0,58.0,True,0.19329518448479888,0.10199730400988737,0.4398636914336692,0.9275239531931928,-5.377849258812964
85.0,59.0,True,0.29625786461065867,0.14487032682933498,0.6239677078613054,0.5946971417277604,-2.1516125529139067
85.0,60.0,True,0.28905174522352145,0.1261348693216979,0.5383165195858296,0.12878852643769723,-2.2600537694280947
85.0,61.0,True,0.33177168942094903,0.10463349726167642,0.5006959825269524,-0.5806770879773804,-0.7021170529799245
85.0,62.0,True,0.33368370354327387,0.14271961341233055,0.7275019677894151,1.3257911604557808,-0.9108746108300796
85.0,63.0,True,0.23833692564817838,0.15956974307971475,0.591749112096173,0.658857321669775,-3.8991193002569715
85.0,64.0,True,0.27562752853945466,0.1614431621828134,0.6000747589137156,0.3589652814857948,-2.463302764069173
85.0,65.0,True,0.3185208562076964,0.20260729299764357,0.6797319193834963,0.17790798585576573,-0.9790869694639759
85.0,66.0,True,0.3123751327730608,0.18002444693629308,0.7051187647429471,0.5484343921387297,-1.6896449418666322
85.0,67.0,True,0.33839994871289286,0.17020898219717204,0.7643583452089664,0.5355860450509338,-0.3787173809900196
85.0,68.0,True,0.3565273012210374,0.1147584280564957,0.577304438179057,-0.6499298033309644,-0.26318312435524827
85.0,69.0,True,0.2777854521164567,0.2071954268455984,0.7541212294611415,0.8689998552002197,-2.8331757257490233
85.0,70.0,True,0.2431645531582118,0.11713720702669919,0.4952435796540804,0.03170010820186735,-4.140419904340063
85.0,71.0,True,0.4055993343534516,0.15393453118993078,0.9307089106809052,0.4978043100541868,1.1278062339961588
85.0,72.0,True,0.31047480241131686,0.13968528131335056,0.6053187366507765,0.3479002341778041,-1.9501012057511788
85.0,73.0,True,0.3402920216718481,0.10847637067544998,0.4973684538521495,-0.5805105051032581,-0.5654074830546935
85.0,74.0,True,0.30265553170351883,0.13535733942725084,0.5184225179045827,0.004302592431806934,-2.0471707971758937
85.0,75.0,True,0.3087566125850352,0.16942462739955025,0.8600654900053669,0.7686744076776125,-2.232415752903989
85.0,76.0,True,0.25628416042860275,0.06942080655537644,0.4541288347753812,1.0464329922245519,-3.3738955624810973
85.0,77.0,True,0.39625266605120124,0.15815952687570217,0.6461077944131592,-0.3633496444701508,1.1480696144533922
85.0,78.0,True,0.31242722130059414,0.1913220743746567,1.0237140789956405,1.281698380069896,-1.8857556587943702
85.0,79.0,True,0.2862974447213931,0.1148318943422952,0.5150177240255369,0.012045125169684366,-2.2666541935199067
85.0,80.0,True,0.4636793334806379,0.2455690948318407,0.8778306656641327,-0.18543540478527099,3.6358902483934514
85.0,81.0,True,0.31937957736491557,0.1447280410569249,0.6075294861232567,-0.15393415081624676,-1.3428247375406392
85.0,82.0,True,0.1933287188928771,0.08005626396439708,0.3378872765886327,0.20954510286104908,-5.344436685111783
85.0,83.0,True,0.4428949856435655,0.1424413073605401,0.6965504041176918,-0.23469650397148598,2.9653225314725753
85.0,84.0,True,0.34942479897839196,0.12382028315348097,0.7114331279438261,0.75606286025237,-0.8874595548858762
85.0,85.0,True,0.29515688073403495,0.20470547085575058,0.9753652127699948,1.009234062190304,-2.7418248616248557
85.0,86.0,True,0.2100530575231691,0.1117559096601516,0.4877144864184627,0.045734419009651986,-5.222014707960006
85.0,87.0,True,0.0052867026414480465,0.014146842269997358,0.0596748527535685,2.702830769473368,-11.522058713130566
85.0,88.0,False,,,,,
85.0,89.0,False,,,,,
85.0,90.0,False,,,,,
85.0,91.0,False,,,,,
85.0,92.0,False,,,,,
85.0,93.0,False,,,,,
85.0,94.0,False,,,,,
85.0,95.0,False,,,,,
85.0,96.0,False,,,,,
85.0,97.0,False,,,,,
85.0,98.0,False,,,,,
85.0,99.0,False,,,,,
85.0,100.0,False,,,,,
86.0,1.0,False,,,,,
86.0,2.0,False,,,,,
86.0,3.0,False,,,,,
86.0,4.0,False,,,,,
86.0,5.0,False,,,,,
86.0,6.0,False,,,,,
86.0,7.0,False,,,,,
86.0,8.0,False,,,,,
86.0,9.0,False,,,,,
86.0,10.0,False,,,,,
86.0,11.0,False,,,,,
86.0,12.0,False,,,,,
86.0,13.0,False,,,,,
86.0,14.0,False,,,,,
86.0,15.0,False,,,,,
86.0,16.0,True,0.06292798892469864,0.05382300253212281,0.1819176481187829,0.7237496507017801,-9.51644317621907
86.0,17.0,True,0.22371643417767784,0.1433312699192591,0.5490900475650629,0.7161409448446616,-4.209210159067312
86.0,18.0,True,0.37302770968240995,0.23675523651515673,0.7515568662520757,0.07884398872396645,0.6675532021395313
86.0,19.0,True,0.31125009921931474,0.17227714671885594,0.6767178232467373,0.47171785624931145,-1.521564022988615
86.0,20.0,True,0.4697492684290453,0.11450853870459965,0.7864499189526943,0.843308431579731,2.977810339994769
86.0,21.0,True,0.35918495717375604,0.1506326115888973,0.6079575611137459,0.14151494942424647,0.11720795082788835
86.0,22.0,True,0.35873217667281054,0.16731028552616356,0.7126358457173256,0.29641340458724685,0.18885388997305746
86.0,23.0,True,0.29375815134044775,0.20495889452704827,0.7884601381338461,0.7398307044386659,-2.0938231200414963
86.0,24.0,True,0.4152879790431479,0.12453951482672031,0.6627692991299006,-0.10034036831488147,1.6665534114800158
86.0,25.0,True,0.38918661306772695,0.19450737570988097,0.778350837075493,0.3137840534566939,1.3194826985674706
86.0,26.0,True,0.33113710825280035,0.12599263451164122,0.6063554253437062,0.5731313998340849,-0.6967723600258726
86.0,27.0,True,0.44924949779065887,0.23260856007440892,0.8302929559991858,-0.11007525730247944,3.109248430101176
86.0,28.0,True,0.3499073803126827,0.13987448370286212,0.5250679824795428,-0.8555573638734959,-0.12310313975198452
86.0,29.0,True,0.2944828331100562,0.1574163945428247,0.7058539288932056,0.42406348572150365,-2.5344061653991594
86.0,30.0,True,0.42574780290728165,0.1242191981470465,0.6834162582207016,-0.08909286563410847,1.805895158152212
86.0,31.0,True,0.2703956425439076,0.11629598166065426,0.4659694963434629,-0.6396521481961036,-2.7287160048956607
86.0,32.0,True,0.38729936137493254,0.25250136477261564,1.0003491778115148,0.8823681467041523,0.8004197058414653
86.0,33.0,True,0.2717863525648657,0.1416426910461456,0.5212471978821266,-0.06363987937986265,-2.734529683766402
86.0,34.0,True,0.36623082982279126,0.17641777987229298,0.6936054489414721,0.01984347315510117,0.44381830653458004
86.0,35.0,True,0.32153694050306947,0.1240072943068909,0.5095269179020517,-0.6714104566825277,-0.906006638496973
86.0,36.0,True,0.34451644063908393,0.13787493709632156,0.5505894381453822,-0.6874449568450781,-0.7323272781877841
86.0,37.0,True,0.31529974178378667,0.1523655163370847,0.5765458070075391,-0.25535187049071006,-1.7988171699234121
86.0,38.0,True,0.38709235873152537,0.21892303333946583,0.9673286116529376,1.3172445405206776,0.974971721723464
86.0,39.0,True,0.38568571768426924,0.2722804990530819,1.1146712563821588,1.0782284054579665,1.1538577390741716
86.0,40.0,True,0.22939466775595627,0.10575620415756948,0.4983228541735136,1.0197512821097723,-4.176235203206637
86.0,41.0,True,0.30491461762714706,0.10015401669496801,0.6012225018870829,0.8307708476120503,-2.094386861052195
86.0,42.0,True,0.3866557458864437,0.13107452399131206,0.7402504043324752,0.7959391886431133,0.7551567760135225
86.0,43.0,True,0.3277628110004777,0.1574262331281401,0.7836274819661767,0.587956409196648,-1.5294225344334151
86.0,44.0,True,0.43283243727722026,0.18491231566301639,0.8676641402885412,0.4618179572615793,2.242208743340834
86.0,45.0,True,0.49404141776553695,0.16123134794481725,0.8574847165073572,-0.30213940229381214,4.743275023013726
86.0,46.0,True,0.4515299855033168,0.13757592720124373,0.7741471723562462,0.670731589520206,2.7483526391741284
86.0,47.0,True,0.4541187275055741,0.20586800015880624,0.945891543032455,0.32311464813608526,3.0617833964685373
86.0,48.0,True,0.3415543217659608,0.185561062662474,0.7895598733482859,0.8202179047711156,-0.4548722299669667
86.0,49.0,True,0.3829264934225984,0.22256795685960837,0.8735385826854116,0.10071408659953779,1.1429784759384296
86.0,50.0,True,0.36687538146150495,0.22832387700979795,1.3115394960547373,2.109765294247402,-0.09065925807377985
86.0,51.0,True,0.35389670754462516,0.09661022610280381,0.5284817739832623,-0.33378155781795515,-0.396490250622076
86.0,52.0,True,0.35265108818533974,0.1702082116997296,0.7030602412558048,0.7602978673927905,-0.32786201007155763
86.0,53.0,True,0.2878575136640061,0.15011225851151652,0.5859636394133502,0.2707379085717589,-2.309653212247623
86.0,54.0,True,0.45730604444413453,0.16899155662323942,0.8829004200137264,0.9647849714441382,3.0641242506192174
86.0,55.0,True,0.32216102135131114,0.23527936127326177,0.9403477036856364,1.332774559343743,-1.724032383693617
86.0,56.0,True,0.3939986632958962,0.1682519694224066,0.6531087255576082,-0.8968320544180356,1.6219148379277262
86.0,57.0,True,0.3630044638341825,0.15278507496626356,0.6640326069627109,0.18379412991661112,0.04245052415514922
86.0,58.0,True,0.3818904273985163,0.13122029768826965,0.6577825456155603,0.5758187190795867,0.5887664999673544
86.0,59.0,True,0.273111330334723,0.15214943416067087,0.6254206405203019,0.41649154535808075,-2.788120821901996
86.0,60.0,True,0.2295297858747183,0.12984100333233387,0.5323726180460215,0.5484336872125217,-4.308803175216151
86.0,61.0,True,0.28117063469945636,0.1329185839832696,0.5406288933709574,-0.21674012031825096,-2.2257819338717133
86.0,62.0,True,0.4081132208167471,0.21116529018013266,0.731737098149361,-0.5080684733026026,1.7149998466122565
86.0,63.0,True,0.2590289589611149,0.13345348276044147,0.5481812073460108,0.23109932751081766,-3.526682609363987
86.0,64.0,True,0.31753264795583985,0.14123583538612902,0.6106605129265085,0.18655723697206894,-1.7525829079430206
86.0,65.0,True,0.34536371392666537,0.1252938951284905,0.7050151216746653,0.9308893502709316,-0.26568717016659477
86.0,66.0,True,0.3400996847250349,0.15291932294860883,0.8004975880874037,1.2608945813371326,-0.8908802707836625
86.0,67.0,True,0.2634837178597845,0.08229800092454226,0.411684883969858,0.051409593866151335,-3.352553026394198
86.0,68.0,True,0.2876078449405626,0.1574703710838732,0.6293884010656955,0.5455255210129276,-2.491821495874534
86.0,69.0,True,0.2839069531926991,0.08518248480551055,0.4297835572174706,-0.33176617329688446,-2.424320938443448
86.0,70.0,True,0.3169652595715913,0.15900759370815923,0.6593326847167101,0.7567098190805441,-1.2149971329027793
86.0,71.0,True,0.37831619407419337,0.2006396094299001,0.8708207799723261,0.6440086171625371,0.8044883174862605
86.0,72.0,True,0.33008735730438077,0.13561113709097256,0.6224071183602163,-0.08654747309996458,-0.7780423274538888
86.0,73.0,True,0.2905862491737689,0.1379831749346282,0.6138893294996118,1.1015711464115312,-2.432146515156319
86.0,74.0,True,0.27077402209947654,0.2229572070181639,0.7102376892084604,0.29224930776588587,-2.8696207360417123
86.0,75.0,True,0.34721142635622443,0.20152449106621634,0.9051071991739394,1.038633964961832,-0.30767550840951735
86.0,76.0,True,0.3603826970491683,0.23673231781447396,0.8310252733355873,0.43833518231656704,-0.2985712512924472
86.0,77.0,True,0.2540707152455682,0.1255752975037211,0.4680848552126095,-0.25678443118912775,-3.5839774342337947
86.0,78.0,True,0.3040274189721842,0.13483765645062595,0.5981184969710523,0.19393886516841988,-2.1556204263365824
86.0,79.0,True,0.2983508157590466,0.17318483109978203,0.7054635008019677,0.6310264405699513,-2.0453347472527934
86.0,80.0,True,0.2671538190061415,0.1019128186079125,0.4411962636232525,-0.02454009497030314,-3.137019319330633
86.0,81.0,True,0.3838915286311551,0.20328631925998225,0.9085211670925142,1.0704580803200252,0.4785678570502123
86.0,82.0,True,0.3652910342173837,0.18029224826713583,0.8836364629643716,0.9082316939270204,-0.3384420804832478
86.0,83.0,True,0.33607170018416593,0.18502686079210634,0.7330040630843427,0.2621727286432639,-0.7851409799666668
86.0,84.0,True,0.5443086488143022,0.16260742301164438,1.2089296611281786,1.722369965845726,5.3847899838339055
86.0,85.0,True,0.24307853431335774,0.13963084376800555,0.5657983571390094,0.5208956065792044,-3.841364090067943
86.0,86.0,True,0.009793318670848972,0.018394822798004147,0.0640207739258618,1.9947533710974599,-11.292527205476462
86.0,87.0,False,,,,,
86.0,88.0,False,,,,,
86.0,89.0,False,,,,,
86.0,90.0,False,,,,,
86.0,91.0,False,,,,,
86.0,92.0,False,,,,,
86.0,93.0,False,,,,,
86.0,94.0,False,,,,,
86.0,95.0,False,,,,,
86.0,96.0,False,,,,,
86.0,97.0,False,,,,,
86.0,98.0,False,,,,,
86.0,99.0,False,,,,,
86.0,100.0,False,,,,,
87.0,1.0,False,,,,,
87.0,2.0,False,,,,,
87.0,3.0,False,,,,,
87.0,4.0,False,,,,,
87.0,5.0,False,,,,,
87.0,6.0,False,,,,,
87.0,7.0,False,,,,,
87.0,8.0,False,,,,,
87.0,9.0,False,,,,,
87.0,10.0,False,,,,,
87.0,11.0,False,,,,,
87.0,12.0,False,,,,,
87.0,13.0,False,,,,,
87.0,14.0,False,,,,,
87.0,15.0,False,,,,,
87.0,16.0,False,,,,,
87.0,17.0,True,0.03468537642941671,0.04420918749047432,0.1466221943943437,1.2431683461654612,-10.475370645003279
87.0,18.0,True,0.23888482161763316,0.15389925003045257,0.6288341821780993,0.8489455552713433,-4.175352264203593
87.0,19.0,True,0.2961089157301722,0.08855242273385995,0.4848720203973451,0.10213639301490957,-2.0962121785960814
87.0,20.0,True,0.3601107141693599,0.17608504738666422,0.6584261497193247,-0.3825305579550892,-0.15072395094143815
87.0,21.0,True,0.42254861275716604,0.20768401174636505,0.8887185653919107,0.809986354677923,1.6826376713916653
87.0,22.0,True,0.332946181753357,0.12215487396194566,0.6057135852885882,0.2392412876237705,-1.0064591620865853
87.0,23.0,True,0.4023852633536165,0.1583408044232553,0.7498784620743663,0.17991842544150521,1.6777066108442629
87.0,24.0,True,0.3158865190059865,0.174409436518401,0.6402183028937677,0.3065073866417341,-1.4257893558888113
87.0,25.0,True,0.4087724534581131,0.16221703517219024,0.7346659060755155,0.15385697131818019,1.8014385091492011
87.0,26.0,True,0.2932117122798721,0.13012078732408866,0.5597309137129647,0.5249263629931867,-2.135112376791689
87.0,27.0,True,0.3167152048233429,0.19178322378737642,0.6752910989699743,0.029098582924298167,-1.36267765245742
87.0,28.0,True,0.2850311709521351,0.1119182898513719,0.5025032804752516,0.04486329830577319,-2.600682528182344
87.0,29.0,True,0.5555737478595111,0.23675783899811845,1.0750020498874333,0.26868340758890885,6.361359835725877
87.0,30.0,True,0.33717864911118106,0.2092375017013696,0.8113182210041533,0.8217756452382841,-0.5506319648380059
87.0,31.0,True,0.3722056442835246,0.19692991687434513,0.7100900474629598,-0.1493172056727251,0.21176707693198643
87.0,32.0,True,0.46777339345903823,0.2030928274068397,0.9240789687446128,0.6876694921389896,3.6239424391898463
87.0,33.0,True,0.4010366930522346,0.1269715237135411,0.784439627215581,1.064676367882625,0.9592569830113508
87.0,34.0,True,0.2995542555934309,0.17410380161676464,0.7518175434691954,0.7190894525192169,-2.648279010921474
87.0,35.0,True,0.27413145245300263,0.20504204030338075,0.8605894329509876,0.956739423198446,-3.4232429603675962
87.0,36.0,True,0.2743313879588843,0.13085471072622346,0.5010510348812415,0.14126001582059972,-2.4596298986458005
87.0,37.0,True,0.28847804256416315,0.1712368778716727,0.6810201542674769,1.14943373696476,-2.2230956473380594
87.0,38.0,True,0.34289816454585537,0.2058782109715289,0.937700319362856,0.961094810578338,-0.7548694518495058
87.0,39.0,True,0.42510344414532036,0.16115674179090406,0.7210224293471116,-0.18126033972747893,2.13165620785426
87.0,40.0,True,0.3769290692981126,0.1696235317010184,0.6299200933795962,-0.35711089728897766,0.6505910567806469
87.0,41.0,True,0.32454375445924205,0.15150679985156937,0.6048977442630277,-0.26617242140951897,-1.1123117637171782
87.0,42.0,True,0.2796696199765927,0.09340967553594785,0.4476999805683194,-0.6897590340966366,-2.365087984651061
87.0,43.0,True,0.3389141605228916,0.2027372262438239,0.7639906502587859,0.8354966710211142,-0.4197444882431637
87.0,44.0,True,0.29463108286033357,0.14765223235084565,0.5748893682451196,0.11712116847929636,-2.1070827614263488
87.0,45.0,True,0.43415566420928925,0.170076307160599,0.7242309952398502,-0.06759938950085086,1.7803182286815284
87.0,46.0,True,0.38583605707436175,0.1477536470282248,0.5716354255574412,-0.9548553407910318,0.43236661783385094
87.0,47.0,True,0.5167269059171564,0.20428269136535393,1.1243490822726463,1.147312584790493,4.682362313648634
87.0,48.0,True,0.41614110569261037,0.16334682222793814,0.7405348391925205,-0.4039969827236936,1.5556385080729673
87.0,49.0,True,0.5019453505618454,0.22139162192170578,1.0090993111365274,0.670039245255319,3.9711873181116104
87.0,50.0,True,0.5110781258480582,0.1544378582719952,0.7625424590927252,-0.7513339694236304,4.920394941536814
87.0,51.0,True,0.23034097184579946,0.1175747099068599,0.4581400805180729,-0.1978918860561394,-4.34007702938043
87.0,52.0,True,0.33011095798824636,0.14387886723406315,0.632754706859958,0.21446588322697152,-0.9349120219819387
87.0,53.0,True,0.42990794054690895,0.1779809505417354,0.8027510352935472,0.09091096809849125,2.570550755461988
87.0,54.0,True,0.41699017024566903,0.21018124270740074,0.868453691689957,0.31299936700928843,1.4851091589213028
87.0,55.0,True,0.3832828144125135,0.09593930253750861,0.6134400504945857,0.2316197802991004,0.5079651572147643
87.0,56.0,True,0.28812187059108674,0.1344097284158454,0.5818268889801557,0.4310011066016737,-2.486583002148651
87.0,57.0,True,0.3602453175375065,0.23932703218460674,1.2223937323664609,1.1234961421103606,-0.7670541154370357
87.0,58.0,True,0.272089667568186,0.11548184618609778,0.5124106396698187,-0.039077096859736635,-2.6975595832656047
87.0,59.0,True,0.3443047781108792,0.1338837809494888,0.5966353857066649,-0.4042522505116197,-0.7651581063534074
87.0,60.0,True,0.28329555885347996,0.15941090803312544,0.6007170467813613,0.6150028003891704,-2.7221790842737623
87.0,61.0,True,0.25997349675850506,0.15090629348337412,0.6194067989517951,0.571209513531539,-3.285669745418577
87.0,62.0,True,0.23894244349773444,0.0822213239693929,0.4040709122079781,-0.08065370138160388,-3.890052776655278
87.0,63.0,True,0.2369231892202906,0.12547142359882552,0.4759080114372744,0.407143193915134,-4.14564496893721
87.0,64.0,True,0.34223005566220693,0.13656238572346832,0.7209348086818049,0.6462165293707334,-0.8657687100860603
87.0,65.0,True,0.3737289928533386,0.14866172858693255,0.6468560926553958,-0.6147976127343625,0.6996671223145615
87.0,66.0,True,0.3243125641714664,0.17401897674242275,0.7271165127184589,0.5247957827783004,-1.1493652833131123
87.0,67.0,True,0.2493786540916602,0.1256749272867222,0.6968814933055776,1.2571042148816864,-4.020018186604694
87.0,68.0,True,0.336984197373971,0.17089168875072336,0.6125773098603788,-0.1752762600468997,-0.7003286778398397
87.0,69.0,True,0.43902058360133595,0.237620441940436,0.838203034228434,0.021269894356201798,2.9824939118460083
87.0,70.0,True,0.30036343543550487,0.1269147030586449,0.5444811010574646,-0.0172338184575385,-2.1167854869075375
87.0,71.0,True,0.26231374867555,0.14894553570567676,0.6540596739035307,1.1117236487305313,-2.962354873070668
87.0,72.0,True,0.18760087150520363,0.08586200700392099,0.3588119511561581,-0.14922203152697364,-5.640870951482122
87.0,73.0,True,0.2749530060841224,0.07815278371273901,0.4156557853575733,-0.21570997733510452,-2.8676546718361866
87.0,74.0,True,0.3091897180020064,0.13739489554451476,0.5930524207035761,-0.053450700147325975,-1.6628764337815163
87.0,75.0,True,0.3937724061016074,0.1826064741499988,0.8323164490505587,0.8236503595342336,0.8112944868840728
87.0,76.0,True,0.2709761261205452,0.07315572381756898,0.4258284750807739,-0.30256921769796796,-2.9350608314480713
87.0,77.0,True,0.3091169064843682,0.1245495951752242,0.5694689115453645,0.6230914786162711,-1.4909128674230323
87.0,78.0,True,0.38160267803068865,0.2255613681017646,0.8379138863258168,0.40157451231686736,0.42014215910402564
87.0,79.0,True,0.39773494287675054,0.14894430494114327,0.685084751715433,-0.07320213168479366,1.371432793782296
87.0,80.0,True,0.32815807122455193,0.20142757086344554,0.6754395422963145,-0.005434169542354626,-1.7721490875782928
87.0,81.0,True,0.463085314282953,0.16532702847281378,0.8166156163009488,-0.25159714569545527,2.8480120003999727
87.0,82.0,True,0.459430183798535,0.2881663437456046,1.1326706565951257,0.8548081148001788,3.1530288375865236
87.0,83.0,True,0.3945425268792327,0.1996313987280071,0.8822933488316509,0.40194877916253235,0.8861748384255373
87.0,84.0,True,0.3395001315568494,0.16893145893027553,0.7206089113570824,0.6025553003709903,-0.878059200599561
87.0,85.0,False,,,,,
87.0,86.0,False,,,,,
87.0,87.0,False,,,,,
87.0,88.0,False,,,,,
87.0,89.0,False,,,,,
87.0,90.0,False,,,,,
87.0,91.0,False,,,,,
87.0,92.0,False,,,,,
87.0,93.0,False,,,,,
87.0,94.0,False,,,,,
87.0,95.0,False,,,,,
87.0,96.0,False,,,,,
87.0,97.0,False,,,,,
87.0,98.0,False,,,,,
87.0,99.0,False,,,,,
87.0,100.0,False,,,,,
88.0,1.0,False,,,,,
88.0,2.0,False,,,,,
88.0,3.0,False,,,,,
88.0,4.0,False,,,,,
88.0,5.0,False,,,,,
88.0,6.0,False,,,,,
88.0,7.0,False,,,,,
88.0,8.0,False,,,,,
88.0,9.0,False,,,,,
88.0,10.0,False,,,,,
88.0,11.0,False,,,,,
88.0,12.0,False,,,,,
88.0,13.0,False,,,,,
88.0,14.0,False,,,,,
88.0,15.0,False,,,,,
88.0,16.0,False,,,,,
88.0,17.0,False,,,,,
88.0,18.0,True,0.05918855190946175,0.06252336728521835,0.2168120189544219,1.0017633227778922,-9.584609589309187
88.0,19.0,True,0.2773720736352776,0.15507427164957102,0.7032265028717363,1.3815291301930848,-2.6827275978586913
88.0,20.0,True,0.36425220072194897,0.16856708937313097,0.7629989367644191,0.635955446267281,-0.3327578695945066
88.0,21.0,True,0.39226217177571515,0.18378833071952014,0.8470518700444027,1.1571321182253103,0.9591132454493283
88.0,22.0,True,0.4012598753713079,0.1461644695995136,0.6174519460165384,-1.0893128638271112,1.6978521931513157
88.0,23.0,True,0.41259245455265736,0.2560938742299997,1.0425005867693258,0.6314285780615246,1.7535872950910276
88.0,24.0,True,0.23206843267088986,0.11125336719323803,0.4015740406695129,-0.42220257865165517,-4.0248635507945485
88.0,25.0,True,0.3591438381181824,0.20462106286340284,0.7706128872887876,0.39933751196865064,0.06743296083228414
88.0,26.0,True,0.3414216900725438,0.08693350660633549,0.4984897069844896,-0.3772431280380894,-0.7415127792515069
88.0,27.0,True,0.3256610176529458,0.12711400845513096,0.6399857485617442,0.1601093488819748,-1.6381523355839571
88.0,28.0,True,0.29369008566695526,0.16345067864722299,0.6680198355798032,0.5775341382995828,-1.8970668711358571
88.0,29.0,True,0.3692565576637329,0.15515780760244668,0.7497005677876822,0.3014533596032538,0.5113187141226037
88.0,30.0,True,0.3182406494535114,0.1570282649773078,0.6285112105733189,0.052523196688895143,-1.1042751705432314
88.0,31.0,True,0.34155019432307404,0.20265969877254192,1.0298090866777314,1.1169738565100424,-0.7777030134407407
88.0,32.0,True,0.35065284601854874,0.14074299699933485,0.582757278547927,-0.15263061629135685,-0.35928131398438906
88.0,33.0,True,0.4100860065306706,0.21030055805574915,0.9098586764597992,1.0531341346712224,1.3859624074034511
88.0,34.0,True,0.4042948866328103,0.20061237464486797,0.8710877206333542,0.6365526852675775,1.6312663845087032
88.0,35.0,True,0.3169768529516923,0.14352471258395363,0.5839781193965274,0.4954230464685678,-1.1711922876462855
88.0,36.0,True,0.41250767833789337,0.16480700952088415,0.7693052079496726,0.1710173087142676,1.540004896584283
88.0,37.0,True,0.3985614318169182,0.185538864429137,1.0467570212402328,1.2869965301515607,0.4321444425431936
88.0,38.0,True,0.2730604542926111,0.1269644298286387,0.461007301751024,-0.18587900079621933,-2.917363355427966
88.0,39.0,True,0.29901375037675687,0.12157148762206688,0.5653881165458742,-0.3537574010424941,-2.287231022233719
88.0,40.0,True,0.21842735854193718,0.07663072840590321,0.3446574227087716,-0.6319551362634821,-4.709649721685884
88.0,41.0,True,0.2842036121761999,0.17750337796159268,0.6208038036822157,0.2652521062894769,-2.476308062238889
88.0,42.0,True,0.3004287761132549,0.1610398486282461,0.6262654011146802,0.36821072295543356,-2.018135574144307
88.0,43.0,True,0.2638453551361538,0.177218130763731,0.6455069566225693,0.40581037416838905,-3.10994804911906
88.0,44.0,True,0.29769667735084626,0.15969580809738876,0.5950392586000096,0.01792117868432596,-2.0109177241444116
88.0,45.0,True,0.42711627400750085,0.2100884047768844,0.726237941854858,-0.4762165358912907,1.7243578452217754
88.0,46.0,True,0.37528035975528456,0.1924820796474575,0.7109169890357715,-0.04780295341579782,1.0682740457399023
88.0,47.0,True,0.2625774574558986,0.1867574025515385,0.7214258851436897,1.2573161351527165,-3.5737595433287597
88.0,48.0,True,0.4953302950239765,0.14064553423197382,0.7844488360182907,0.3175981774615666,3.9950905578283744
88.0,49.0,True,0.3835028237994825,0.16314650453455726,0.83937839424007,0.8978636299844962,0.6928739529818848
88.0,50.0,True,0.2986799597914094,0.18400902293728463,0.734120901714601,0.37122351358141287,-1.8624214753486923
88.0,51.0,True,0.4627984676849768,0.1234657781123689,0.6780985788637791,-0.13034007459449126,2.9879311774108834
88.0,52.0,True,0.3210336982486238,0.13488226061271658,0.5781520873803762,-0.3862300953108706,-1.1503910482720554
88.0,53.0,True,0.3916072962256935,0.12607702062937962,0.6277719199399296,-0.19628014609735897,1.314157871904676
88.0,54.0,True,0.3554950497699291,0.14500678231018857,0.6009541069016403,-0.34421836718424026,-0.34470734414653365
88.0,55.0,True,0.41515344048197445,0.2160929996965542,1.1692713125481746,1.28428445721639,1.5625173325102826
88.0,56.0,True,0.39717204794214356,0.15052274349784234,0.7055809394843039,0.09023472447379718,1.3457776567342605
88.0,57.0,True,0.3394515544342867,0.17968374507504142,0.6482793358782277,-0.289151757183083,-0.6706776794682343
88.0,58.0,True,0.2740388431050585,0.13732595571272285,0.5435648002906488,0.21247598385648225,-2.706175794781487
88.0,59.0,True,0.2344211420577707,0.11515970787060455,0.4402818450024334,-0.22944075683323353,-4.263888730981152
88.0,60.0,True,0.34359612714646814,0.13779895910628673,0.6085949544643496,0.19636841642936329,-0.3133271091103972
88.0,61.0,True,0.25256741255133697,0.1178993841324123,0.5522076609105152,0.9620581902392832,-3.614918656363389
88.0,62.0,True,0.339230478102271,0.21167117890572118,0.722345068065804,-0.029295948393392602,-0.40336848276509574
88.0,63.0,True,0.370489139734927,0.1794604587655252,0.8105706269272553,0.21753835044947573,-0.03728652315324719
88.0,64.0,True,0.4082913760923088,0.13009037758778674,0.6351691821002181,-0.5382005458862075,1.1865240575028406
88.0,65.0,True,0.40944612572820427,0.12601279595077883,0.7448276323505789,0.4888838682047434,1.5924620431386565
88.0,66.0,True,0.37652311108848346,0.18456718014455267,0.69930169155803,-0.1546060285282453,0.4193028673136505
88.0,67.0,True,0.42344004479968655,0.21944474627798163,0.973690748177403,0.3454108845607646,2.3134504102418454
88.0,68.0,True,0.35897616384704817,0.1231743087790314,0.5684406474643283,-0.6830467177064588,0.23709428325672044
88.0,69.0,True,0.3599374247287002,0.13155662859496225,0.687270823638828,0.504426759828051,0.059325564366293854
88.0,70.0,True,0.26308347464054027,0.1227962494112793,0.5529127530768047,0.8312544703813307,-3.33816923192272
88.0,71.0,True,0.2850608942234208,0.13997781276741658,0.6371308610547497,0.20913863228849358,-2.8578944412031193
88.0,72.0,True,0.26209634369413065,0.1340967500973483,0.4974393501373593,0.059836260779077555,-3.1277834079250546
88.0,73.0,True,0.3437647517680669,0.09901168666877602,0.5251784651985925,-0.23260161425969522,-0.8584718275513886
88.0,74.0,True,0.22640686219743247,0.17316320284317616,0.6531047080096669,0.8603013535676907,-4.213829786235402
88.0,75.0,True,0.327818500129379,0.11871252289381946,0.5871913225507726,-0.47555563355642183,-1.4188341963397302
88.0,76.0,True,0.3605851910121235,0.1994855142459956,0.7865303246312076,0.5251666999208876,-0.1113184379742494
88.0,77.0,True,0.39233341306350933,0.16504274469234126,0.7028670402942196,0.16542049546822732,1.2338420541996407
88.0,78.0,True,0.40391339888150457,0.13177458527107197,0.6726626861682106,-0.0019421607239793165,1.3874457656575627
88.0,79.0,True,0.3950619345886677,0.15984730660034202,0.7037590570558859,0.1905304373513115,0.9757730428586635
88.0,80.0,True,0.3785667398559873,0.20694804384477294,0.8578116121995039,0.7978550017502556,0.7258271734259282
88.0,81.0,True,0.3593434357070711,0.24175194214853735,0.8286610555356515,0.5233196745736215,-0.09705704600541058
88.0,82.0,True,0.4630337826790088,0.1218267649515463,0.8126506305434639,0.4341491822240552,2.7400034303184517
88.0,83.0,True,0.25792058314386046,0.1791096793151056,0.7979959720238938,1.1508505332824066,-3.8650543964454753
88.0,84.0,False,,,,,
88.0,85.0,False,,,,,
88.0,86.0,False,,,,,
88.0,87.0,False,,,,,
88.0,88.0,False,,,,,
88.0,89.0,False,,,,,
88.0,90.0,False,,,,,
88.0,91.0,False,,,,,
88.0,92.0,False,,,,,
88.0,93.0,False,,,,,
88.0,94.0,False,,,,,
88.0,95.0,False,,,,,
88.0,96.0,False,,,,,
88.0,97.0,False,,,,,
88.0,98.0,False,,,,,
88.0,99.0,False,,,,,
88.0,100.0,False,,,,,
89.0,1.0,False,,,,,
89.0,2.0,False,,,,,
89.0,3.0,False,,,,,
89.0,4.0,False,,,,,
89.0,5.0,False,,,,,
89.0,6.0,False,,,,,
89.0,7.0,False,,,,,
89.0,8.0,False,,,,,
89.0,9.0,False,,,,,
89.0,10.0,False,,,,,
89.0,11.0,False,,,,,
89.0,12.0,False,,,,,
89.0,13.0,False,,,,,
89.0,14.0,False,,,,,
89.0,15.0,False,,,,,
89.0,16.0,False,,,,,
89.0,17.0,False,,,,,
89.0,18.0,False,,,,,
89.0,19.0,True,0.006681467202984315,0.011933421505524117,0.050918223790076,1.9323505642775245,-11.425535274294099
89.0,20.0,True,0.1393787708353976,0.13264054485082968,0.4924131006006051,0.903955180629592,-7.126079921203774
89.0,21.0,True,0.3550881329325425,0.18552591957917758,1.0779031105610064,1.427295458855841,-0.5403921632754562
89.0,22.0,True,0.3017001408789477,0.15853719724701024,0.5348977277131034,-0.3408611588293391,-1.4473421275972085
89.0,23.0,True,0.3772795688947868,0.10759502763669612,0.5779515874465669,-0.08560449218386666,0.49638279417213466
89.0,24.0,True,0.4173009413817197,0.21043782879557174,0.8590201908677646,0.2586487731772206,1.4992292665247844
89.0,25.0,True,0.3225262645000688,0.07117567024709302,0.4762415859012914,0.09136227429533476,-1.2431111435720004
89.0,26.0,True,0.3909247786377154,0.1374619780793191,0.7252075279971059,0.4348074436089142,0.9451528610757993
89.0,27.0,True,0.28071388015110316,0.14754437561683675,0.5173199458640474,-0.04861466720008525,-2.6896601281088213
89.0,28.0,True,0.27999650003309867,0.14098975724711285,0.6263368371604375,0.6684960719648092,-2.639911280163722
89.0,29.0,True,0.23931226499122413,0.09531216767267618,0.3908539937440772,-0.45154077115040864,-3.7156109311683325
89.0,30.0,True,0.30404876378857926,0.2507423994470205,1.0562885347021893,1.2872663084841809,-2.1736431827530183
89.0,31.0,True,0.4070112313035453,0.20311490423154843,0.7434153623175614,-0.2972286922252783,1.7267869481917826
89.0,32.0,True,0.25114006007729134,0.10517010075916836,0.5232481317830442,0.2541882278655545,-3.943070955464955
89.0,33.0,True,0.37701656118694543,0.20544362325755192,0.8741891566650183,0.7239456167180706,0.8254659958409047
89.0,34.0,True,0.2753109516449279,0.1182593217450383,0.4992116143629053,0.01796180966788009,-2.491264843692197
89.0,35.0,True,0.42526414952011754,0.20590644839935743,0.8672230477212709,0.5511416343624443,2.263936705397448
89.0,36.0,True,0.3152087457541345,0.19948558694625426,0.8371932055899846,0.918979594666843,-1.4925990545311865
89.0,37.0,True,0.40274609779354037,0.2123892701307535,0.9350425076621156,0.9222888849097381,0.6713082382991415
89.0,38.0,True,0.30276349133068303,0.13926663418728738,0.5944618445011802,0.3575543040424859,-1.706989661366569
89.0,39.0,True,0.32466579225020076,0.16757535016468883,0.7147651736073068,0.8023489106306118,-1.1474953591397665
89.0,40.0,True,0.30223848492681854,0.147539232823855,0.5986354807846009,0.07678478176041227,-1.8392673424575445
89.0,41.0,True,0.2730018972869896,0.13677148948882775,0.5122994781974072,0.1263126461314766,-2.841294574389938
89.0,42.0,True,0.2875858963497226,0.13650683449172382,0.5465465864214523,0.06386622673639544,-2.529554607330063
89.0,43.0,True,0.37542387216349027,0.0991562286446222,0.5839474671427989,0.12151719623622605,0.1775386119922699
89.0,44.0,True,0.22381798611309506,0.10715013890722087,0.4018321191803224,-0.10100924913965838,-4.501584915358248
89.0,45.0,True,0.48795617258252016,0.2018130942278464,0.9018693448832458,0.24197575026403065,3.8104119262676894
89.0,46.0,True,0.313909019293841,0.13890205973530853,0.6826660183998713,0.3865370506838917,-1.8221013737812972
89.0,47.0,True,0.4098410024861746,0.18420078628289938,0.881010645909446,0.14175917902637267,1.127072848059743
89.0,48.0,True,0.37766761309360547,0.14888763709937192,0.688756777621885,0.5470469117172321,0.31086342744295037
89.0,49.0,True,0.4192979340319736,0.15386868215883906,0.9734214773246812,1.0831773766178259,1.8241930344909534
89.0,50.0,True,0.5108520941466469,0.18717551945972127,0.8183692111437837,-0.01372760577761199,4.544445416997749
89.0,51.0,True,0.3759561316981925,0.15394582174802152,0.5950833446735823,-0.28434729006439236,0.6031151837580728
89.0,52.0,True,0.314109938073918,0.12003547850586226,0.5327413239132113,-0.6704736861280159,-1.631679556730997
89.0,53.0,True,0.27266259585462954,0.26042281545163015,1.4814163976919843,2.9571909793344715,-3.8215336072268427
89.0,54.0,True,0.3313342860378785,0.135619557182408,0.764965110727561,0.7621698469558577,-1.4273650645088805
89.0,55.0,True,0.3518682983972683,0.18396152802062457,0.7548257836996033,0.1553831746985578,-0.32070627001347396
89.0,56.0,True,0.26306039707511836,0.12318813470537547,0.6710592522128406,1.372672392958575,-3.3864421354326693
89.0,57.0,True,0.2248507921414455,0.13021771650014152,0.5172016925618074,0.7022281138395724,-4.252083134172939
89.0,58.0,True,0.37058213000770474,0.18048655560935356,0.6778065219536108,0.1287051966396706,0.23373368795975152
89.0,59.0,True,0.3325743539746151,0.16986724534357522,0.7314781170614317,0.5845718596149173,-0.884053902647455
89.0,60.0,True,0.359740054386018,0.1185496495354977,0.5941345895874093,0.24571857120685284,-0.2668917264585443
89.0,61.0,True,0.2587467495125624,0.17908540888264332,0.5926679875958029,0.6234699546292685,-3.1292355135352694
89.0,62.0,True,0.3073710969262669,0.17307798967672958,0.683963192484298,0.2747719057224441,-1.556595102098011
89.0,63.0,True,0.26088719565222207,0.1776915086360006,0.6438892678125789,0.2743177351834742,-2.9651171562760132
89.0,64.0,True,0.34437385716879715,0.1396980982246392,0.6348544952752789,0.14745789111066387,-0.5832328388915046
89.0,65.0,True,0.41975272743128184,0.2524227081733956,0.9986409207524348,0.574336947390114,2.0661964834770896
89.0,66.0,True,0.45536254567079043,0.24728175260319674,1.1515677817347425,1.4498503558501759,2.940251416857743
89.0,67.0,True,0.5848244389825124,0.17206976459825982,0.865255730576164,-0.2801507280540061,6.833575416035845
89.0,68.0,True,0.5586657826866739,0.19557376786599895,0.8307659392421729,-0.9694080264563538,6.761458218173595
89.0,69.0,True,0.4893649320152161,0.1167264607819716,0.7899870057790479,0.526630062519677,4.174834099326447
89.0,70.0,True,0.39130696038434576,0.14526146675608423,0.6377395694541026,-0.08205889732008344,0.8627732246541616
89.0,71.0,True,0.21254939187176433,0.06438788738155309,0.3327616317725009,-0.669669652630306,-4.83500148003932
89.0,72.0,True,0.33002964933094703,0.10193824343380581,0.5640481676927982,-0.7762005917103769,-0.7951174154856716
89.0,73.0,True,0.3926186098017904,0.13665075679789365,0.5745158622767425,-0.4997274611873354,0.8616292877693515
89.0,74.0,True,0.4392232276624805,0.15406338337900127,0.7018922754133692,0.11316614389936501,2.5228919977956177
89.0,75.0,True,0.43047910323397454,0.11645186071321026,0.6359422105135919,-0.46467137085856836,2.377342377981191
89.0,76.0,True,0.3837431116845525,0.15154543168483156,0.6803328287080438,-0.19768836486923994,1.0223582452909201
89.0,77.0,True,0.40626616794819703,0.26677969897751774,0.9610755598900556,0.39112869165709574,1.7576944186053665
89.0,78.0,True,0.36130485527876083,0.08184799690677262,0.5258720195671781,-0.15396338665743384,0.09179792986348768
89.0,79.0,True,0.38937725093262404,0.16490540907818765,0.7319226307811835,0.3305275963786228,0.9298226188506453
89.0,80.0,True,0.3298547702179428,0.14855401249800143,0.5947546447261571,-0.5044667664703752,-0.9117642537906528
89.0,81.0,True,0.41928328793579067,0.18066342850016406,0.8431667498045496,0.5925250102326218,1.9170150576995915
89.0,82.0,True,0.14193191901189248,0.1465914572415893,0.5089755829579906,1.2864021762630833,-7.198895303895539
89.0,83.0,False,,,,,
89.0,84.0,False,,,,,
89.0,85.0,False,,,,,
89.0,86.0,False,,,,,
89.0,87.0,False,,,,,
89.0,88.0,False,,,,,
89.0,89.0,False,,,,,
89.0,90.0,False,,,,,
89.0,91.0,False,,,,,
89.0,92.0,False,,,,,
89.0,93.0,False,,,,,
89.0,94.0,False,,,,,
89.0,95.0,False,,,,,
89.0,96.0,False,,,,,
89.0,97.0,False,,,,,
89.0,98.0,False,,,,,
89.0,99.0,False,,,,,
89.0,100.0,False,,,,,
90.0,1.0,False,,,,,
90.0,2.0,False,,,,,
90.0,3.0,False,,,,,
90.0,4.0,False,,,,,
90.0,5.0,False,,,,,
90.0,6.0,False,,,,,
90.0,7.0,False,,,,,
90.0,8.0,False,,,,,
90.0,9.0,False,,,,,
90.0,10.0,False,,,,,
90.0,11.0,False,,,,,
90.0,12.0,False,,,,,
90.0,13.0,False,,,,,
90.0,14.0,False,,,,,
90.0,15.0,False,,,,,
90.0,16.0,False,,,,,
90.0,17.0,False,,,,,
90.0,18.0,False,,,,,
90.0,19.0,False,,,,,
90.0,20.0,False,,,,,
90.0,21.0,True,0.17309773842361337,0.08756409278162539,0.3253253518796563,0.13483473161260434,-6.000100245803009
90.0,22.0,True,0.35126538150378794,0.16934913873357563,0.6869474665627552,0.5992494237139555,-0.28458716238748116
90.0,23.0,True,0.37999848894476534,0.1281237659918796,0.6203639957355034,-0.5283520832040917,0.7567060362505224
90.0,24.0,True,0.34817668492589104,0.13208656665221832,0.5810129295820569,-0.656258174286455,-0.057569906774991075
90.0,25.0,True,0.3813227507816994,0.1590511006550812,0.6892696606758284,0.19114934359725583,0.8192290374744626
90.0,26.0,True,0.39902187007110596,0.14501138153051712,0.6753970402299654,-0.25902040074788624,1.3542070803794504
90.0,27.0,True,0.3097172726149288,0.10198947815308758,0.4859953316880481,-0.5844376120196435,-1.5798033063021635
90.0,28.0,True,0.26114013789169715,0.0994220397337915,0.4460822112616647,-0.08809760914641546,-3.4995971743885916
90.0,29.0,True,0.32223567784957,0.19447350637221303,0.7691819215373714,0.6612695079202265,-1.3645070009896645
90.0,30.0,True,0.4126202690169718,0.21824608258856876,0.7623807135489346,0.023061192561720515,1.7296844907144964
90.0,31.0,True,0.26590999594668807,0.1469207996393412,0.5293639835730625,0.3343027815574937,-2.8556906084146765
90.0,32.0,True,0.40796579148341566,0.13702154691666907,0.6725139274288179,-0.5358807014175301,1.853831710050903
90.0,33.0,True,0.3893184700536963,0.26152571892993765,0.958586577087552,0.4159418890896892,1.0679915790289722
90.0,34.0,True,0.42321287912602223,0.16452659509237166,0.6627900380591492,-0.545020586999415,2.2486003312499334
90.0,35.0,True,0.48317410052940274,0.20091761733679211,0.9373823340518976,0.5960553867142763,3.773345884655436
90.0,36.0,True,0.46493017258684965,0.2564184892559744,0.9621670606275594,0.20613873857417064,3.4705166133646363
90.0,37.0,True,0.42891426937388333,0.25153328497377253,1.0352443319630462,0.9602409147314187,2.083905747041965
90.0,38.0,True,0.43591843829378785,0.18487443215583435,0.7673036421913222,-0.2432037474828218,2.4999642451938193
90.0,39.0,True,0.273272665557647,0.13538781493627475,0.6103904042320929,0.47100054600070806,-2.672519037266379
90.0,40.0,True,0.2350392750656267,0.22316849990309104,0.8729010855401266,1.441653823929131,-3.7889138919858865
90.0,41.0,True,0.35258152505685947,0.13692489149454812,0.8606959463779454,1.2882599444090272,-0.6823482869010166
90.0,42.0,True,0.2825511500639364,0.16847963952164413,0.663760567572118,0.2919195623870349,-2.381991281489294
90.0,43.0,True,0.3350060454681655,0.16055667521485067,0.6574179353565268,0.39069903548527557,-0.7012644292411131
90.0,44.0,True,0.32626881895072674,0.10688276371328212,0.4971456753185683,-0.4621201909090355,-0.9905949013525752
90.0,45.0,True,0.3411893440604672,0.2287344874904485,0.8901127456390154,0.6565092151175931,-0.6189961026432811
90.0,46.0,True,0.24713720655125052,0.13217326541812494,0.6016846789833686,0.9138024553869102,-3.489555827465487
90.0,47.0,True,0.3365225848728987,0.16401373178264886,0.585076071656549,-0.37303333636102637,-0.8986263838436276
90.0,48.0,True,0.4265478687628489,0.14314828215988995,0.7399494482924283,-0.16159669017759581,2.302411680016627
90.0,49.0,True,0.4441328556420622,0.2124619948359291,0.9261463573701408,0.3087389015799252,2.689241632759292
90.0,50.0,True,0.3503850272369384,0.2681661369404442,0.9705868663658936,1.1264149172447875,-0.17980218200358977
90.0,51.0,True,0.4341197530139337,0.2155578726670424,0.9591915027974176,0.7900651987701344,2.244819571112912
90.0,52.0,True,0.3975787540539067,0.15112807644727297,0.7261565150805549,-0.16116774249026086,0.4971269485320944
90.0,53.0,True,0.22556332018200603,0.11598414961293017,0.401550485640815,-0.22144253200269584,-4.7629208914837
90.0,54.0,True,0.40037976201734904,0.2135296888398057,0.8758000587888759,0.3760142775047888,0.9572473876923177
90.0,55.0,True,0.3103987785793711,0.12283948663822554,0.4864163731455908,-0.865409231874869,-1.4838818469034227
90.0,56.0,True,0.23501686532187516,0.12502856459344824,0.473995347093115,-0.13107313790680666,-4.45040580900355
90.0,57.0,True,0.2618112268446258,0.10425719007104746,0.4764725759439969,-0.2656955821376683,-3.312734638360157
90.0,58.0,True,0.3107631033865146,0.1367285436056356,0.5902139223954513,0.1752492738644652,-1.8862318247214394
90.0,59.0,True,0.42012125855389776,0.19083204153948796,0.81707869029047,0.20001248799770294,1.9785689344887256
90.0,60.0,True,0.3189051007880188,0.12832112569573423,0.6165347619199143,-0.016894011432488032,-1.412226686387573
90.0,61.0,True,0.2601196259928413,0.12800004466455278,0.5466580030808207,-0.09390930723146806,-3.1566473074630794
90.0,62.0,True,0.2861511929743605,0.13523705883969142,0.581341890906088,0.5306415975744959,-2.5470145315717767
90.0,63.0,True,0.4925497882073722,0.14617021372763034,0.8463487544538827,0.4963551995840379,4.246985908435564
90.0,64.0,True,0.3895028596702136,0.1258262081023702,0.6503835970704488,0.22152598925222441,0.8117458864143587
90.0,65.0,True,0.5914000426049235,0.30358287138699797,1.22914670568127,0.3931626291525019,7.620759259322963
90.0,66.0,True,0.3906777926521177,0.17463685113249727,0.7656831140526009,0.13335427863230187,0.9818673065712212
90.0,67.0,True,0.660356312995113,0.2529682112256261,0.9989994262220466,-0.7275620848048389,9.911741402828234
90.0,68.0,True,0.35985311770829853,0.2109153172444577,0.8188966284276729,0.3434993334831318,0.07962507237452578
90.0,69.0,True,0.5632701400316094,0.28624158259663307,1.199196465351469,0.6715685644988345,6.8279250361014405
90.0,70.0,True,0.5281007947655643,0.19698213296173342,0.8972256743764112,0.5233341051026571,5.51174940397352
90.0,71.0,True,0.3180387956367181,0.17851556868369706,0.6846336304928511,0.21123897600279085,-1.4946641464369796
90.0,72.0,True,0.2539329803491446,0.13900167864280782,0.593798710577918,0.7874677759755226,-3.234020363747746
90.0,73.0,True,0.33463385935896206,0.13539044089096425,0.5461430423179015,-0.25411327873135187,-0.716221432469373
90.0,74.0,True,0.38256790436090016,0.15614775152966834,0.7842280797371788,0.5552862933807828,0.752049537917874
90.0,75.0,True,0.30954549475303805,0.08095597758841747,0.5038829039731814,0.39381004628443994,-1.751811068190453
90.0,76.0,True,0.4524046861413947,0.18517396893331908,0.8861437835634813,0.13319619654878004,2.635211271630944
90.0,77.0,True,0.3564548419592279,0.15181546527604659,0.7684738790030688,0.5362824057617331,-0.15684481490514438
90.0,78.0,True,0.360177861673488,0.18436190091872195,0.6659771850842322,-0.2922274408686094,0.37255026470918057
90.0,79.0,True,0.24704956564832664,0.12037193319676306,0.4686136858507376,-0.2920773128226807,-3.5543461479467235
90.0,80.0,True,0.3189624966375022,0.09952116515297244,0.4903364483129731,-0.07400812698684912,-1.4914320490798432
90.0,81.0,True,0.015321653539316835,0.04001842727782569,0.20231370852528,3.510647268488034,-11.211992298692195
90.0,82.0,False,,,,,
90.0,83.0,False,,,,,
90.0,84.0,False,,,,,
90.0,85.0,False,,,,,
90.0,86.0,False,,,,,
90.0,87.0,False,,,,,
90.0,88.0,False,,,,,
90.0,89.0,False,,,,,
90.0,90.0,False,,,,,
90.0,91.0,False,,,,,
90.0,92.0,False,,,,,
90.0,93.0,False,,,,,
90.0,94.0,False,,,,,
90.0,95.0,False,,,,,
90.0,96.0,False,,,,,
90.0,97.0,False,,,,,
90.0,98.0,False,,,,,
90.0,99.0,False,,,,,
90.0,100.0,False,,,,,
91.0,1.0,False,,,,,
91.0,2.0,False,,,,,
91.0,3.0,False,,,,,
91.0,4.0,False,,,,,
91.0,5.0,False,,,,,
91.0,6.0,False,,,,,
91.0,7.0,False,,,,,
91.0,8.0,False,,,,,
91.0,9.0,False,,,,,
91.0,10.0,False,,,,,
91.0,11.0,False,,,,,
91.0,12.0,False,,,,,
91.0,13.0,False,,,,,
91.0,14.0,False,,,,,
91.0,15.0,False,,,,,
91.0,16.0,False,,,,,
91.0,17.0,False,,,,,
91.0,18.0,False,,,,,
91.0,19.0,False,,,,,
91.0,20.0,False,,,,,
91.0,21.0,False,,,,,
91.0,22.0,True,0.06869934474989028,0.06101036280205007,0.2023491782155107,0.7174494632912161,-9.362162936424188
91.0,23.0,True,0.353714514728362,0.19453385343948362,0.835276253487916,0.8721145004857592,-0.3154479643276401
91.0,24.0,True,0.3028386194844886,0.1455968737928839,0.5706095194752715,-0.13094260118873663,-1.4770496345579098
91.0,25.0,True,0.3432695353707058,0.13812473589315744,0.6181410900388544,0.12734519499045857,-0.517972921525228
91.0,26.0,True,0.41539326797258314,0.13817819662878894,0.6918373103074512,0.28472887225914806,2.064603188429178
91.0,27.0,True,0.3194890815670767,0.14398730871538565,0.6118476540894114,0.17098430670272463,-1.5935992847982912
91.0,28.0,True,0.3880046031471374,0.1584128913395522,0.817929215771197,0.8036765631020742,0.5737965151337655
91.0,29.0,True,0.2945513687976355,0.12938752553542182,0.595821994526111,0.4803632725219208,-2.379525234389046
91.0,30.0,True,0.43902933740322436,0.17321825746335134,0.8937221973683321,0.5802952021694839,2.5749459159928443
91.0,31.0,True,0.31867088639023233,0.1265787007554361,0.5787216157025336,-0.008931721538704475,-1.4917562331085568
91.0,32.0,True,0.3263980677847668,0.12195728383659736,0.58476964739782,-0.0012741083541360748,-1.113970347778666
91.0,33.0,True,0.39480146624434387,0.14832128725024402,0.6522022415750146,0.1413057536371953,0.9218380009182299
91.0,34.0,True,0.5206348438844639,0.30177853080516964,1.0646278728044252,0.08507553959331955,5.716469552437046
91.0,35.0,True,0.5268863634944637,0.2878536319445709,1.0872162272183004,0.18660699461718636,5.4408046600371165
91.0,36.0,True,0.4574592100468015,0.2633634486482184,1.1341988247722472,0.7918613446305426,3.602661699696671
91.0,37.0,True,0.537980212043258,0.21957627007470962,0.9584502899136366,0.1414010877913146,5.7423715273229154
91.0,38.0,True,0.4634620526464612,0.20960588392967291,0.907826586838462,0.060831761943466116,3.7504161666333147
91.0,39.0,True,0.4745434987113864,0.15438129853090685,0.8095437261621089,-0.2733818243060903,3.5115883126069063
91.0,40.0,True,0.38964649752215297,0.15364091400389995,0.5892684798395523,-0.5158522265878505,0.4091106281640785
91.0,41.0,True,0.30809884590057895,0.1543345157409381,0.8735241703771676,0.94924910876274,-1.774914768477768
91.0,42.0,True,0.19773988923644983,0.12715862498586505,0.5242421480672939,0.9226156048990819,-5.148217951683941
91.0,43.0,True,0.2852018527281681,0.13864411779228117,0.568182884226308,0.26854574901604966,-2.299140190480787
91.0,44.0,True,0.4037349153109179,0.1507824702795509,0.7547482426096963,0.27088531300282914,1.0927099441934527
91.0,45.0,True,0.2761549197925283,0.1239645652729251,0.5136160354311169,0.1561970082525814,-2.712822891047961
91.0,46.0,True,0.22750106432551975,0.14981089127537797,0.6034676268246219,1.3515369555240508,-4.148185083416293
91.0,47.0,True,0.3809281806756748,0.19422866966963825,0.7404570124313302,0.2683593121864912,0.3128219621512267
91.0,48.0,True,0.3483583408059439,0.16935751937186402,0.6706697731139594,-0.39882623334945844,-0.028973368111958622
91.0,49.0,True,0.45498072393330014,0.1959394262656474,0.7977588634167478,-0.38203872659269317,2.945320064142889
91.0,50.0,True,0.445840539755261,0.1756139023721089,0.7302571952360163,-0.099972016367814,2.5825969109605538
91.0,51.0,True,0.3562331859670255,0.13640594476935433,0.6244266844621492,0.21994148607656064,-0.5911383847757463
91.0,52.0,True,0.2159525231712827,0.07814522152253345,0.4067427273185855,0.2685285738814123,-4.855553347858847
91.0,53.0,True,0.2735003862210786,0.1450057613617298,0.632605843229803,0.989864143349564,-2.9826719776477226
91.0,54.0,True,0.3305568595720178,0.16407419396211012,0.6301958401815433,-0.04343771943832939,-0.9156273186061317
91.0,55.0,True,0.30935160800382,0.13584339647639634,0.5023497103079765,-0.5745769973216911,-1.3943525329899866
91.0,56.0,True,0.3714355568598029,0.14900061414631155,0.5942213621549394,-0.6086745811269305,0.6917864820608586
91.0,57.0,True,0.4640203027083868,0.21481264022436733,0.8334064209099571,-0.13322730690670345,3.1315080239562185
91.0,58.0,True,0.47007190705659324,0.18676827331505438,0.942978027554764,0.9227890631263483,3.523178310642499
91.0,59.0,True,0.3234079864220368,0.18489463953321525,0.7500510345054469,0.8687455521462035,-1.0533159612327676
91.0,60.0,True,0.33831640992727574,0.15307790357538015,0.6158429460619093,-0.1848194902829076,-0.562720751394604
91.0,61.0,True,0.1843612119313829,0.10425187572015249,0.4031523822183048,0.2026189876503892,-5.571655490841708
91.0,62.0,True,0.4012580962273734,0.2125612664670177,0.7953228246302065,-0.2331210107304892,1.6756972458359263
91.0,63.0,True,0.44034473274043606,0.17384483658228655,0.7759060661496515,0.2650224439539492,2.7879587996089743
91.0,64.0,True,0.35524512256715324,0.22285090015452982,0.9563320678667424,1.1754328198064978,-0.23868456788224351
91.0,65.0,True,0.524798121011493,0.20008916208238117,1.069353692206631,0.22795300406246208,5.291195341267462
91.0,66.0,True,0.4909872871165528,0.1585294277941193,0.8114130582579546,-0.227496705001098,4.04539167786256
91.0,67.0,True,0.5174515483089118,0.16430973761622128,0.8390075625018629,-0.2838780602105031,5.041762331088203
91.0,68.0,True,0.6848509300858424,0.1928589534390882,0.9536996281261924,-0.732570797228944,10.230029658548858
91.0,69.0,True,0.4400309949318053,0.15881307954103016,0.7353599824756333,-0.01252478332897357,2.7445868394280333
91.0,70.0,True,0.4868297454622106,0.13829576170431468,0.6968995383676341,-0.5269234488280758,4.19270353090091
91.0,71.0,True,0.3796060855934204,0.14821400436539736,0.6579833462714381,0.25347907118791907,0.49776434375439493
91.0,72.0,True,0.3571400536635056,0.23051018561736672,0.91603576474688,0.8135459667863821,-0.09279240776531952
91.0,73.0,True,0.38286271762481733,0.16039150513291653,0.7734189331960105,0.09225220238249375,0.8175532953199232
91.0,74.0,True,0.36877589004697386,0.17789904577631446,0.6466772986739374,-0.2882864344689323,-0.3331543611415082
91.0,75.0,True,0.4472764527870573,0.13427250654662748,0.6323819360868621,-0.836106752239402,2.7848476981913413
91.0,76.0,True,0.43762095829458325,0.13002414619678881,0.6697259556474345,0.1911213438003272,2.4450194250614556
91.0,77.0,True,0.43667282053522577,0.17594427063246057,0.9405733272636708,0.8736436751812731,1.7546970084592393
91.0,78.0,True,0.27524897202019405,0.10365016731105023,0.5439332385124136,0.6526732400373088,-2.8995715340357053
91.0,79.0,True,0.2680537122843374,0.1350093613380767,0.5925564842544787,0.5820290916769585,-3.1225013655853444
91.0,80.0,True,0.019175702494904145,0.026319255189200367,0.0893313532513178,1.439844505988604,-11.051265928360335
91.0,81.0,False,,,,,
91.0,82.0,False,,,,,
91.0,83.0,False,,,,,
91.0,84.0,False,,,,,
91.0,85.0,False,,,,,
91.0,86.0,False,,,,,
91.0,87.0,False,,,,,
91.0,88.0,False,,,,,
91.0,89.0,False,,,,,
91.0,90.0,False,,,,,
91.0,91.0,False,,,,,
91.0,92.0,False,,,,,
91.0,93.0,False,,,,,
91.0,94.0,False,,,,,
91.0,95.0,False,,,,,
91.0,96.0,False,,,,,
91.0,97.0,False,,,,,
91.0,98.0,False,,,,,
91.0,99.0,False,,,,,
91.0,100.0,False,,,,,
92.0,1.0,False,,,,,
92.0,2.0,False,,,,,
92.0,3.0,False,,,,,
92.0,4.0,False,,,,,
92.0,5.0,False,,,,,
92.0,6.0,False,,,,,
92.0,7.0,False,,,,,
92.0,8.0,False,,,,,
92.0,9.0,False,,,,,
92.0,10.0,False,,,,,
92.0,11.0,False,,,,,
92.0,12.0,False,,,,,
92.0,13.0,False,,,,,
92.0,14.0,False,,,,,
92.0,15.0,False,,,,,
92.0,16.0,False,,,,,
92.0,17.0,False,,,,,
92.0,18.0,False,,,,,
92.0,19.0,False,,,,,
92.0,20.0,False,,,,,
92.0,21.0,False,,,,,
92.0,22.0,False,,,,,
92.0,23.0,False,,,,,
92.0,24.0,True,0.21315155173049463,0.10715456612476172,0.4493845289197435,0.917584476236205,-4.765082700619744
92.0,25.0,True,0.3614606915687687,0.1518751084730469,0.6309319290762436,-0.5291947809786814,-0.04515276354564645
92.0,26.0,True,0.48879436738074294,0.2614825148080973,1.303656109913231,0.6897763951207173,3.7950171731173024
92.0,27.0,True,0.3473464620524192,0.13285862522856468,0.6832749539180376,0.41804039142426025,-0.3867182042228687
92.0,28.0,True,0.44529685079597914,0.17118745946246156,0.727127039091918,-0.5197875653726307,2.6866149777376793
92.0,29.0,True,0.3796993901652223,0.12659605533257454,0.6390787682732963,0.6115911570619846,0.6080575037265945
92.0,30.0,True,0.5681950016304186,0.29249469445336035,1.278550326603464,0.868129025060582,7.158582099902157
92.0,31.0,True,0.3893683963757179,0.20071120696937,0.7297360987274132,0.10007734497029812,1.207424587759494
92.0,32.0,True,0.4489936333768229,0.21252534511081528,1.0178512225751952,1.0950548278269379,3.069647235883582
92.0,33.0,True,0.4547333896913055,0.205876172375585,0.7866981778353204,0.026183452845962886,3.0619643386707263
92.0,34.0,True,0.3583800026487337,0.17043555854348025,0.7230033839845259,0.21386756127953682,-0.11019334309796136
92.0,35.0,True,0.5867963674238412,0.21123255374312264,0.9804425832322968,-0.5765103922402028,7.412739985749449
92.0,36.0,True,0.6007719184992277,0.30980960161880455,1.2008034263055454,0.029391763793037127,7.765957605464901
92.0,37.0,True,0.5745267184728511,0.26050745095581324,0.9482194827389364,-0.641156045320055,7.576988034448758
92.0,38.0,True,0.528753762672356,0.17687103709247645,0.8089720392006132,-0.9672210700287881,5.439225052133733
92.0,39.0,True,0.47501210608797706,0.18171088316472417,0.8924203972353776,0.3599300846752914,3.763446423629193
92.0,40.0,True,0.380227157579723,0.1637977592039712,0.7392223620032102,0.014569308656220588,0.15243580954727132
92.0,41.0,True,0.29533239635025904,0.16749036458548738,0.7075952499258836,0.518468009552669,-1.7202928621157185
92.0,42.0,True,0.3633177969294087,0.16076806436826294,0.6908595329499099,0.2912280112027387,-0.1932093917000367
92.0,43.0,True,0.30324159916295945,0.18558481440259372,0.6840184493308148,0.5094293303659022,-1.9104809776287546
92.0,44.0,True,0.49578518020339823,0.186886068881159,0.7836661979392341,-0.5936813670625507,4.898786665561242
92.0,45.0,True,0.2458020798328212,0.08214712194727156,0.3468780040693476,-0.9742124524711738,-3.896845817176033
92.0,46.0,True,0.38034967994000757,0.14894721422560006,0.729991258785661,0.1693631671177781,0.13917352053046708
92.0,47.0,True,0.33241815081797094,0.1279675771323784,0.5722369780320404,-0.3338593236278971,-1.2154586915175905
92.0,48.0,True,0.5161063481937425,0.1451812698313525,0.7793789134960516,-0.4520772226600068,4.804965305878122
92.0,49.0,True,0.31560364369711424,0.18362122826644534,0.8296355992582408,0.45921016320035585,-1.3726618767420302
92.0,50.0,True,0.33302068856362016,0.16514447611803146,0.6718149732301466,0.3555948345377706,-0.5636253227071204
92.0,51.0,True,0.39201420155058636,0.19301122839562854,0.7734858236534926,0.377463371060533,0.41129827638818367
92.0,52.0,True,0.258406283146298,0.15438745383569022,0.5520791253320146,0.2757667730658553,-3.0971070940535377
92.0,53.0,True,0.3794302196661257,0.13150235443883262,0.7399284890196445,1.0088267599205394,0.46366031598841045
92.0,54.0,True,0.43428787977839783,0.2141619165028981,0.9368858271090992,0.7333174481069098,2.1602845473504138
92.0,55.0,True,0.3433126967576766,0.15425074187858637,0.6605277430772393,0.5741890946355661,-1.0309982503102932
92.0,56.0,True,0.367678435242797,0.13522091728865637,0.6936519517767745,0.4227788197280806,-0.003685699442195046
92.0,57.0,True,0.4066503929082516,0.2553374599040123,1.0998148830042618,0.5274849090752124,1.25757624606443
92.0,58.0,True,0.3060315384585135,0.20539946302910161,0.8305871426043647,0.9433822333333298,-2.173340621783139
92.0,59.0,True,0.3774912796665384,0.21477288893858285,0.8681583734196306,0.7698203515405169,0.504549232213869
92.0,60.0,True,0.4638479501468145,0.22030266266912127,0.8366806882387252,0.1494058978139634,3.346430284492196
92.0,61.0,True,0.383554015748682,0.16886957843930192,0.6776965752338909,-0.29294605609584806,0.6406303781202412
92.0,62.0,True,0.552470620308681,0.2501066924215006,1.1844516077596052,0.6676621119975522,6.208141649399283
92.0,63.0,True,0.5320199848299635,0.2113851132679783,1.0005470297396395,0.6012986279935284,5.477842715821806
92.0,64.0,True,0.3996251802023412,0.21772992943796962,0.9713436668100208,0.9162398593858805,1.5939307034152552
92.0,65.0,True,0.48793165351783213,0.2121408481928912,0.8361661987951294,-0.02019600383158206,4.165568346965821
92.0,66.0,True,0.48616525088702006,0.24337761526379906,1.0204999400080916,0.6942179547699976,4.0863881325586435
92.0,67.0,True,0.5731516955054173,0.24614285362259644,0.9350978906358288,-0.42778199979728254,6.9627967449068375
92.0,68.0,True,0.4824218687891934,0.2273890797376295,0.9644284552130707,0.19770743003982125,4.279503674439803
92.0,69.0,True,0.4734499596569397,0.20243703670994037,0.8725523332715633,0.10229877228760838,3.902643472076986
92.0,70.0,True,0.5428713352176682,0.26167119267031497,0.9532183663935816,-0.3918901376780987,6.198087814726718
92.0,71.0,True,0.3885869469540634,0.14099320500058674,0.5827651377989662,-0.8398976358395277,0.7678755126742203
92.0,72.0,True,0.39794396714532565,0.15924151265039183,0.6845618888200217,0.09574448535897954,1.3252710703985908
92.0,73.0,True,0.3769583325659666,0.08385716392674346,0.477065724521912,-0.8923866291523449,0.40430714988858857
92.0,74.0,True,0.3680427857223576,0.09507057195815927,0.5734305222771923,-0.19220610026531643,0.11011877210577195
92.0,75.0,True,0.4666705885962806,0.19072869225654474,0.7967200493575224,-0.3318564514383154,3.85432833647696
92.0,76.0,True,0.4468703469513386,0.19409407119544692,0.8580399842353186,0.129405788915357,2.6798504229340967
92.0,77.0,True,0.48348154496236745,0.1783746264385073,0.8405710579365986,0.6807970779285772,3.526232312865682
92.0,78.0,True,0.07700855278104961,0.057338687432636995,0.1878006811180727,0.17836229739810136,-9.314333471236745
92.0,79.0,False,,,,,
92.0,80.0,False,,,,,
92.0,81.0,False,,,,,
92.0,82.0,False,,,,,
92.0,83.0,False,,,,,
92.0,84.0,False,,,,,
92.0,85.0,False,,,,,
92.0,86.0,False,,,,,
92.0,87.0,False,,,,,
92.0,88.0,False,,,,,
92.0,89.0,False,,,,,
92.0,90.0,False,,,,,
92.0,91.0,False,,,,,
92.0,92.0,False,,,,,
92.0,93.0,False,,,,,
92.0,94.0,False,,,,,
92.0,95.0,False,,,,,
92.0,96.0,False,,,,,
92.0,97.0,False,,,,,
92.0,98.0,False,,,,,
92.0,99.0,False,,,,,
92.0,100.0,False,,,,,
93.0,1.0,False,,,,,
93.0,2.0,False,,,,,
93.0,3.0,False,,,,,
93.0,4.0,False,,,,,
93.0,5.0,False,,,,,
93.0,6.0,False,,,,,
93.0,7.0,False,,,,,
93.0,8.0,False,,,,,
93.0,9.0,False,,,,,
93.0,10.0,False,,,,,
93.0,11.0,False,,,,,
93.0,12.0,False,,,,,
93.0,13.0,False,,,,,
93.0,14.0,False,,,,,
93.0,15.0,False,,,,,
93.0,16.0,False,,,,,
93.0,17.0,False,,,,,
93.0,18.0,False,,,,,
93.0,19.0,False,,,,,
93.0,20.0,False,,,,,
93.0,21.0,False,,,,,
93.0,22.0,False,,,,,
93.0,23.0,False,,,,,
93.0,24.0,False,,,,,
93.0,25.0,True,0.05119982773921785,0.03594760502891291,0.1285342727684391,-0.022582892782072813,-10.043864241365823
93.0,26.0,True,0.2927234884106684,0.13767181187355212,0.6522470427119457,0.8939876087986447,-2.252414994319949
93.0,27.0,True,0.39075028179106414,0.20357863967009993,0.8483705580761979,0.681479567235711,1.1610950174682155
93.0,28.0,True,0.3110882351736084,0.18572533885719728,0.8353302303783574,0.3256498896410879,-2.2481832974882456
93.0,29.0,True,0.47888845013072406,0.16462360900005288,1.1015835304320187,1.5942911320267177,3.4629523919183107
93.0,30.0,True,0.5300901140085051,0.2142388174835698,0.87637462257432,-0.08106098455136593,5.362928052749724
93.0,31.0,True,0.4339247109502962,0.253990642835363,0.859687058642637,0.0021245122828170444,2.4829702210544813
93.0,32.0,True,0.33185499585647726,0.16428389653377853,0.5958272442585556,-0.10108800846511644,-0.8098876512751275
93.0,33.0,True,0.47011884313845526,0.17675899591614055,0.8617041936051986,0.1425096702684443,3.5244435427531924
93.0,34.0,True,0.4318370529535225,0.2438632255608387,1.0111777019564576,1.166194415571225,2.524703503175307
93.0,35.0,True,0.553656213811113,0.18525190182893586,0.969746123035957,0.2197736045532918,6.502659265291168
93.0,36.0,True,0.8867811046680373,0.275910115864952,1.263726139601757,-0.6787453554686492,17.20950734392182
93.0,37.0,True,0.7410861172266743,0.26805684955101805,1.1601224778988548,-0.7159577251851214,12.780722436599838
93.0,38.0,True,0.5732899554488442,0.27382788384751955,0.9600477288005248,-0.8566938302226567,7.526999224953493
93.0,39.0,True,0.4489778053991471,0.23418930215414685,0.8799845256800839,0.057889099716436666,3.3244135102438825
93.0,40.0,True,0.49968212587210264,0.16170961473052603,0.768845255437858,-0.4805735524273057,4.566146519750295
93.0,41.0,True,0.4729000954168729,0.2456210174767093,1.002852060349375,0.18717858756273206,4.010959830393418
93.0,42.0,True,0.42785115702402166,0.16636562193907983,0.689194588317903,-0.5304994153612873,2.050833762164646
93.0,43.0,True,0.27454173819128463,0.13745381659629874,0.5278614859637044,0.3797320445176144,-2.729324442586273
93.0,44.0,True,0.29279602090124895,0.12295942716175152,0.6972855835693031,0.9377560142255954,-2.52898968561781
93.0,45.0,True,0.25001641312408773,0.15716609460440714,0.5629163718550337,0.5877833885956206,-3.5242181478461525
93.0,46.0,True,0.31858816353944985,0.13360448423304272,0.5762747095388645,0.03724585427073953,-1.5203660176372313
93.0,47.0,True,0.33147362619705545,0.16989152248998726,0.6376344295024472,0.18681396052982818,-0.904147908745733
93.0,48.0,True,0.4261670845750788,0.2379116072478597,0.7789238362164823,0.02936558921016393,2.2961269582302393
93.0,49.0,True,0.2970895146345607,0.13081911659197565,0.5566732137698415,-0.2324325226164277,-2.6400962229269767
93.0,50.0,True,0.38649087820695127,0.19404086096216563,0.7671951997123959,0.5300147254300723,0.40018903447034826
93.0,51.0,True,0.37979857399798495,0.1367772195407264,0.6623741616819748,-0.03817095945285992,0.677576942537809
93.0,52.0,True,0.5173260238812282,0.19383381453160814,0.8365346792565903,-0.23183633636498147,5.326644593680647
93.0,53.0,True,0.5247644734762544,0.19514661499625136,0.900510063229532,-0.07028728216414319,5.557241106603581
93.0,54.0,True,0.5462639273598229,0.2060293182194603,1.0346354995637264,0.5581177098805693,5.6727786327395116
93.0,55.0,True,0.3879098794396758,0.1730758330571454,0.7621230121720736,0.4259132862272808,0.7666551779694458
93.0,56.0,True,0.4262655808005286,0.16900957630456387,0.7371753250392618,0.18940619604551684,1.9488850835057545
93.0,57.0,True,0.41033213010193104,0.2466340362731527,0.9758692018766432,0.604640293376226,1.2367600299634272
93.0,58.0,True,0.37729726966433136,0.17611976161332393,0.8090369345009147,0.3537456664627376,0.23963361790767795
93.0,59.0,True,0.4006383216258351,0.17792966492020867,0.7135820762919811,-0.5267390239559403,1.6499778033085746
93.0,60.0,True,0.45979337055910263,0.20821498703279842,0.953417480921484,0.2611746745943217,3.076586073812573
93.0,61.0,True,0.3615300099151328,0.22538380465410415,0.9020347711934824,1.0266740282541744,0.27481864058386885
93.0,62.0,True,0.38351287716898924,0.15685654411290686,0.6922575541629377,0.3432791775669376,0.9216157284639372
93.0,63.0,True,0.5382676134508472,0.14838931852586978,0.9048494602358558,1.221643786249079,5.438259857562448
93.0,64.0,True,0.4254441450039824,0.23062708255021144,0.9187131479570744,0.2463432287310521,1.6102759755708416
93.0,65.0,True,0.37038525223725977,0.13952554770190956,0.6655253295773466,0.15438372481838306,0.20237794353303343
93.0,66.0,True,0.5654804044816847,0.1671603070179279,0.8819326661087524,0.1115869538755461,6.278862775056689
93.0,67.0,True,0.5844588236651532,0.15152781293072942,0.8825480891473089,-0.5975638905103459,6.729739478801448
93.0,68.0,True,0.5054531930915461,0.21511976920152304,0.89582152026274,-0.28812095030680746,4.566994763748178
93.0,69.0,True,0.47868755539052604,0.21447722720844917,0.8999271560385946,0.27688260847431195,3.87386288659905
93.0,70.0,True,0.5071470075518705,0.20472298534875116,0.7767157294925943,-0.3843649398879119,4.833433452356281
93.0,71.0,True,0.47937425000263895,0.21043754512191387,0.9881637032817996,0.6360811657391156,3.732294564194121
93.0,72.0,True,0.3851120126424595,0.12821616046333795,0.7544317837909228,0.6510360797814938,0.478808414319147
93.0,73.0,True,0.4633758856538505,0.15145480292506597,0.9259553194655756,0.2049709918223589,3.198392936732648
93.0,74.0,True,0.4672195817391169,0.2548141618571253,0.9262234921446576,0.22887754169730168,3.5729401513218195
93.0,75.0,True,0.4378054264502313,0.1437535741440029,0.6673142841096352,-0.6915820464427131,2.5337899009236886
93.0,76.0,True,0.2765369038213161,0.1692686010377612,0.5975052356297729,0.19455666426977392,-2.9151683644937947
93.0,77.0,True,0.05514074799009157,0.04459236055042633,0.1363421105007735,0.18927652467777212,-9.837284292624727
93.0,78.0,False,,,,,
93.0,79.0,False,,,,,
93.0,80.0,False,,,,,
93.0,81.0,False,,,,,
93.0,82.0,False,,,,,
93.0,83.0,False,,,,,
93.0,84.0,False,,,,,
93.0,85.0,False,,,,,
93.0,86.0,False,,,,,
93.0,87.0,False,,,,,
93.0,88.0,False,,,,,
93.0,89.0,False,,,,,
93.0,90.0,False,,,,,
93.0,91.0,False,,,,,
93.0,92.0,False,,,,,
93.0,93.0,False,,,,,
93.0,94.0,False,,,,,
93.0,95.0,False,,,,,
93.0,96.0,False,,,,,
93.0,97.0,False,,,,,
93.0,98.0,False,,,,,
93.0,99.0,False,,,,,
93.0,100.0,False,,,,,
94.0,1.0,False,,,,,
94.0,2.0,False,,,,,
94.0,3.0,False,,,,,
94.0,4.0,False,,,,,
94.0,5.0,False,,,,,
94.0,6.0,False,,,,,
94.0,7.0,False,,,,,
94.0,8.0,False,,,,,
94.0,9.0,False,,,,,
94.0,10.0,False,,,,,
94.0,11.0,False,,,,,
94.0,12.0,False,,,,,
94.0,13.0,False,,,,,
94.0,14.0,False,,,,,
94.0,15.0,False,,,,,
94.0,16.0,False,,,,,
94.0,17.0,False,,,,,
94.0,18.0,False,,,,,
94.0,19.0,False,,,,,
94.0,20.0,False,,,,,
94.0,21.0,False,,,,,
94.0,22.0,False,,,,,
94.0,23.0,False,,,,,
94.0,24.0,False,,,,,
94.0,25.0,False,,,,,
94.0,26.0,False,,,,,
94.0,27.0,True,0.21365276552193235,0.1442403271109374,0.4954628390224022,0.38426710218618165,-4.826540300763533
94.0,28.0,True,0.396598041358794,0.21488850353465272,1.0291851168263182,1.1844004769370515,0.8351711427382562
94.0,29.0,True,0.5826179210653577,0.23189115413303754,1.1575936762258012,0.7155104271876475,7.128561931141521
94.0,30.0,True,0.4927689973884944,0.16951654644443861,0.8171254596368053,0.12086183060876664,4.2829791367518295
94.0,31.0,True,0.4123187580386382,0.17080244397569253,0.7073279587794058,-0.4298857950234954,1.1505875684359088
94.0,32.0,True,0.38936152021650544,0.15676177066565064,0.6534427444700448,-0.3055307945562027,1.0621600392878083
94.0,33.0,True,0.35678731205748465,0.1669149753851022,0.6353859992216575,-0.2221963542640824,-0.5553750856540517
94.0,34.0,True,0.5434183404256391,0.25866529475412386,1.2884236702402991,0.8523786893594584,5.439826428364289
94.0,35.0,True,0.46515066232301244,0.24467260032873087,0.8794571484301001,-0.45716536342162634,4.116618325094615
94.0,36.0,True,0.6308051138021212,0.31622944280834525,1.3758250904398723,0.7908687512064251,8.96695757433708
94.0,37.0,True,0.7182370465554819,0.3742072847034337,1.4901271907482116,0.28338493067543447,12.44713047111665
94.0,38.0,True,0.6660229361255554,0.336291719590565,1.1001567578983285,-0.730137134434992,10.925805947599267
94.0,39.0,True,0.4993690114588273,0.19373381042578258,0.7748167610997354,-1.179105378673613,5.122479837013981
94.0,40.0,True,0.6705708778615487,0.26908218312468474,1.2139324923131296,0.13509424572883644,10.335759987468274
94.0,41.0,True,0.5018887236265878,0.2236544743320861,0.9004569119197897,-0.11014694881498038,4.9266178524638855
94.0,42.0,True,0.4269744649668597,0.19705387967184482,0.8720572560862297,0.19035399327024852,2.569688861238057
94.0,43.0,True,0.30476847054518597,0.11171267562500926,0.5165328075225151,-0.2158483092895081,-1.6974801135537496
94.0,44.0,True,0.48079725605466467,0.20344328016385968,1.0520184481073618,0.6281798545032706,3.147827488834674
94.0,45.0,True,0.397898701459408,0.10170697466971458,0.6276958745216275,0.34355377544965593,1.2360048429738955
94.0,46.0,True,0.531919166395514,0.23098825237779835,1.362845878516427,1.2355027303961692,4.7976312701165424
94.0,47.0,True,0.4925096508571263,0.2388673977108725,1.2146581935439742,0.15664308669672594,3.3672281500662864
94.0,48.0,True,0.3934569701115733,0.1368023229029671,0.8500787240930399,1.158455198758178,0.45238241040037236
94.0,49.0,True,0.28208521910196094,0.1567115363446179,0.6705394363851119,0.32328268492868323,-2.4546139210721694
94.0,50.0,True,0.4805514369407755,0.21252615385352097,0.9716620723837714,0.35716663480833943,4.017825130239556
94.0,51.0,True,0.4122386912058303,0.13504196114718323,0.8106508095799925,-0.2363240242762182,1.0879068436879922
94.0,52.0,True,0.5031581916120834,0.1386327437530402,0.7979333771806937,0.5568952168486774,4.061607682541127
94.0,53.0,True,0.41305909626390813,0.1544545312179079,0.7507680332849452,-0.030786432820522305,1.7934816389442294
94.0,54.0,True,0.42746726235268273,0.18436534411145883,0.8706792279242455,0.25542413181027745,2.3113858930248674
94.0,55.0,True,0.389730991630829,0.08580666180547616,0.5306372071109805,-0.22493222342550054,0.653110454405105
94.0,56.0,True,0.4690110682209938,0.23227257438197654,0.819578437050109,-0.3740271937696981,3.2710076332073137
94.0,57.0,True,0.4756695964162401,0.14191525435822686,0.6756236987839331,-0.578435364082272,3.5941726403968532
94.0,58.0,True,0.3635157853362673,0.15175053832184976,0.9922847243299634,1.8621336760767802,-0.6068731522900136
94.0,59.0,True,0.42325156991271995,0.1424629917122002,0.6597242437240795,-0.28627382651850225,1.886722011413476
94.0,60.0,True,0.3519594397121058,0.11064427937037528,0.5028372820713854,-0.3350669683711322,-0.1981854455882812
94.0,61.0,True,0.37632400927317067,0.19777209173816607,0.8002790671109664,0.06702865353530535,0.8938033017399962
94.0,62.0,True,0.45622524529502567,0.18356416217268315,0.872606168159857,0.5878519833242936,3.1911437924196586
94.0,63.0,True,0.40473910057823187,0.23113086144626602,0.8255257215734941,0.09209665659837488,1.1464227420195834
94.0,64.0,True,0.4854533863524662,0.16064375099804848,0.9801571828335904,1.0419208123960453,3.5053552321739145
94.0,65.0,True,0.27952176146660174,0.1649903141199148,0.8155946766923561,1.19579987945319,-3.0820042756297497
94.0,66.0,True,0.3844137113955163,0.14567944211482367,0.7352000346483083,0.5782015637816302,0.8880891272027136
94.0,67.0,True,0.3748511218602306,0.17713997649492397,0.7570213063366654,0.5289105601139128,0.06408735376653014
94.0,68.0,True,0.5478124639834112,0.21482530189140844,0.932886043402956,0.453878226598586,5.786386255944939
94.0,69.0,True,0.4628427028794155,0.18968227590789366,0.931238327110984,0.702181730649084,3.096638898450609
94.0,70.0,True,0.5281679680668746,0.1244281981321925,0.740984180274657,-0.28988689032899984,4.858097120547254
94.0,71.0,True,0.4253784279253783,0.18304133117736138,0.8272649850067005,0.17072819293370736,1.9749162263288977
94.0,72.0,True,0.3223241987547491,0.17715907512356827,0.6531755805276486,0.07320873885528761,-1.42429777706616
94.0,73.0,True,0.5635720957656601,0.22751094335539038,0.870660871915245,-0.5078830378554342,7.0348824990391305
94.0,74.0,True,0.3952224676017638,0.08576947969477565,0.5989945203581912,0.45451303854000924,0.9584701341246321
94.0,75.0,True,0.1301351633321645,0.10083863404018975,0.3508848963851502,0.3584340557910271,-7.156578577050918
94.0,76.0,False,,,,,
94.0,77.0,False,,,,,
94.0,78.0,False,,,,,
94.0,79.0,False,,,,,
94.0,80.0,False,,,,,
94.0,81.0,False,,,,,
94.0,82.0,False,,,,,
94.0,83.0,False,,,,,
94.0,84.0,False,,,,,
94.0,85.0,False,,,,,
94.0,86.0,False,,,,,
94.0,87.0,False,,,,,
94.0,88.0,False,,,,,
94.0,89.0,False,,,,,
94.0,90.0,False,,,,,
94.0,91.0,False,,,,,
94.0,92.0,False,,,,,
94.0,93.0,False,,,,,
94.0,94.0,False,,,,,
94.0,95.0,False,,,,,
94.0,96.0,False,,,,,
94.0,97.0,False,,,,,
94.0,98.0,False,,,,,
94.0,99.0,False,,,,,
94.0,100.0,False,,,,,
95.0,1.0,False,,,,,
95.0,2.0,False,,,,,
95.0,3.0,False,,,,,
95.0,4.0,False,,,,,
95.0,5.0,False,,,,,
95.0,6.0,False,,,,,
95.0,7.0,False,,,,,
95.0,8.0,False,,,,,
95.0,9.0,False,,,,,
95.0,10.0,False,,,,,
95.0,11.0,False,,,,,
95.0,12.0,False,,,,,
95.0,13.0,False,,,,,
95.0,14.0,False,,,,,
95.0,15.0,False,,,,,
95.0,16.0,False,,,,,
95.0,17.0,False,,,,,
95.0,18.0,False,,,,,
95.0,19.0,False,,,,,
95.0,20.0,False,,,,,
95.0,21.0,False,,,,,
95.0,22.0,False,,,,,
95.0,23.0,False,,,,,
95.0,24.0,False,,,,,
95.0,25.0,False,,,,,
95.0,26.0,False,,,,,
95.0,27.0,False,,,,,
95.0,28.0,True,0.02118787416376179,0.030130402138683288,0.1054806738777825,1.5559814787590882,-10.957313396783148
95.0,29.0,True,0.2572366897399518,0.1380638238930489,0.547358501334473,0.4701754065964948,-3.327399770278304
95.0,30.0,True,0.5136016550927353,0.1520879194752226,0.824518212907783,0.1520300966633009,4.918549338355529
95.0,31.0,True,0.38945347243805517,0.17333523724624406,0.7684977808008435,-0.1300717533479563,0.7791720693959266
95.0,32.0,True,0.4060213885759562,0.15574034666280706,0.8026286833739993,0.5534574111904597,1.4135349000008461
95.0,33.0,True,0.41101138781115265,0.08122080982661259,0.5990016335392442,0.2127644639897694,1.518856519728954
95.0,34.0,True,0.5038416637524552,0.18975206003231454,0.9303365193311312,0.5777258954302481,4.618925424202445
95.0,35.0,True,0.39370753700920597,0.21749400232420749,0.8299373714121641,0.25898386611516405,1.1843386173158574
95.0,36.0,True,0.5924519299178393,0.23813189365452506,1.011906676563441,0.041546240759134,7.648520789523071
95.0,37.0,True,0.6695472871074916,0.26912560771130045,1.0658142801576167,-0.6585940001355558,10.324942728730392
95.0,38.0,True,0.7886591346400778,0.24780105854690263,1.3316658263049883,0.341910965648895,13.799019434667679
95.0,39.0,True,0.5507477277708932,0.19885540412206626,0.9328041388860244,-0.11318417851772555,5.860521817057605
95.0,40.0,True,0.747281808010527,0.3273949837434868,1.5,0.7144440415276668,12.889060520241935
95.0,41.0,True,0.49186397081306155,0.15016182420004986,0.7323706122437126,-0.11629261163511874,4.341372464367896
95.0,42.0,True,0.4232532639640865,0.2403860238040254,1.142518875710656,0.9036613238812554,1.6634757857683018
95.0,43.0,True,0.358861521703157,0.17455304494298396,0.6743847068521741,-0.22514530798340346,0.02649700985776323
95.0,44.0,True,0.30658553625571977,0.1492375215032534,0.6836539867003294,0.5595003136737188,-2.3597885351746113
95.0,45.0,True,0.3826636451375326,0.12036920640887006,0.5891034784803948,-0.09414689406393462,0.1489812025572834
95.0,46.0,True,0.32725050429239744,0.11452936037271319,0.6778767264763507,0.1803990888336273,-1.3082449811162993
95.0,47.0,True,0.4704800433022595,0.28138676836988236,1.497563469904421,2.068560835903055,2.9788341607870388
95.0,48.0,True,0.31526239347851714,0.16615268032569577,0.6018335703985445,-0.2592050196710142,-1.407155868055121
95.0,49.0,True,0.43394305721119564,0.1947249669521757,0.7573112951057303,0.10591100275348396,2.647858523214729
95.0,50.0,True,0.47175454071847384,0.15364644111163334,0.7507847319607097,-0.2703689470794477,3.4599013112512735
95.0,51.0,True,0.49808514134729537,0.20742300933557242,0.9516117488731716,0.4228266654322059,4.106199864813115
95.0,52.0,True,0.425698989845865,0.23402028997771804,0.9951542555452004,0.5823803642006997,1.8259306779675564
95.0,53.0,True,0.41714091021769434,0.13984461395833533,0.7142450748066147,0.5071230240199177,1.404203800080615
95.0,54.0,True,0.4491300339605414,0.2081102594541523,0.8881931071980647,0.09195349441091588,3.0060203503213474
95.0,55.0,True,0.3767915270696547,0.16458292927413018,0.7882771129621572,0.8404552374716712,0.5332553183161147
95.0,56.0,True,0.37809714517983767,0.14212510396584313,0.7300749656462315,0.8988926375086865,0.5290568288459426
95.0,57.0,True,0.2745473298056192,0.11416431200063537,0.4883771359309651,-0.4069250338688388,-2.5963978082454773
95.0,58.0,True,0.27344982342110813,0.10053193383897448,0.4207975694468355,-0.44330711878367984,-2.754460474366441
95.0,59.0,True,0.3896073988633828,0.13367516164075166,0.6352674713255176,-0.40408155261119755,0.7849687490680679
95.0,60.0,True,0.3690278163034769,0.18741796727638532,0.7805931894621241,0.6761449069031902,0.23711242763398138
95.0,61.0,True,0.27916733384716275,0.1444196207716914,0.6195271763206742,0.5151971502671573,-2.4664173991305995
95.0,62.0,True,0.34322227052178095,0.13387415691323365,0.6140238259955761,-0.6331998121831515,-0.8856934764518473
95.0,63.0,True,0.37146212528091865,0.14710968096202742,0.6830220618445185,-0.25611962725390236,0.5417020212694965
95.0,64.0,True,0.4337318455387933,0.1341015022177247,0.6808482350719613,-0.5937673333049895,2.4228328397893293
95.0,65.0,True,0.23116239745539902,0.14707506060366318,0.5216891145582537,0.35544476744267595,-4.01890799011841
95.0,66.0,True,0.43523266287804707,0.12538817975940172,0.7315112240316339,0.43238194585025225,2.2384666890989333
95.0,67.0,True,0.4446696097318018,0.19191073472206985,1.0712402416906817,0.8433549828379139,2.4128514437364874
95.0,68.0,True,0.5021921484354572,0.21593086237454737,0.9115864966218242,0.26242228409128665,4.582505291947491
95.0,69.0,True,0.5010259480976226,0.26853866866732673,1.1240930645801332,0.6527599212877926,5.048363156099593
95.0,70.0,True,0.5754605433169045,0.19190589241161163,0.9476350265133984,0.19346183189849353,6.815048023640092
95.0,71.0,True,0.4792151229251785,0.19974724286631187,1.0276833481625576,1.09196278319291,3.9425961245373227
95.0,72.0,True,0.35353652481219694,0.1899596516001217,0.7897866262382389,0.6960221775750214,-0.06391100561129763
95.0,73.0,True,0.10405567608684956,0.07574925848828866,0.2375167272490743,0.14602413256563504,-8.259877568967363
95.0,74.0,False,,,,,
95.0,75.0,False,,,,,
95.0,76.0,False,,,,,
95.0,77.0,False,,,,,
95.0,78.0,False,,,,,
95.0,79.0,False,,,,,
95.0,80.0,False,,,,,
95.0,81.0,False,,,,,
95.0,82.0,False,,,,,
95.0,83.0,False,,,,,
95.0,84.0,False,,,,,
95.0,85.0,False,,,,,
95.0,86.0,False,,,,,
95.0,87.0,False,,,,,
95.0,88.0,False,,,,,
95.0,89.0,False,,,,,
95.0,90.0,False,,,,,
95.0,91.0,False,,,,,
95.0,92.0,False,,,,,
95.0,93.0,False,,,,,
95.0,94.0,False,,,,,
95.0,95.0,False,,,,,
95.0,96.0,False,,,,,
95.0,97.0,False,,,,,
95.0,98.0,False,,,,,
95.0,99.0,False,,,,,
95.0,100.0,False,,,,,
96.0,1.0,False,,,,,
96.0,2.0,False,,,,,
96.0,3.0,False,,,,,
96.0,4.0,False,,,,,
96.0,5.0,False,,,,,
96.0,6.0,False,,,,,
96.0,7.0,False,,,,,
96.0,8.0,False,,,,,
96.0,9.0,False,,,,,
96.0,10.0,False,,,,,
96.0,11.0,False,,,,,
96.0,12.0,False,,,,,
96.0,13.0,False,,,,,
96.0,14.0,False,,,,,
96.0,15.0,False,,,,,
96.0,16.0,False,,,,,
96.0,17.0,False,,,,,
96.0,18.0,False,,,,,
96.0,19.0,False,,,,,
96.0,20.0,False,,,,,
96.0,21.0,False,,,,,
96.0,22.0,False,,,,,
96.0,23.0,False,,,,,
96.0,24.0,False,,,,,
96.0,25.0,False,,,,,
96.0,26.0,False,,,,,
96.0,27.0,False,,,,,
96.0,28.0,False,,,,,
96.0,29.0,False,,,,,
96.0,30.0,True,0.01948551830998521,0.03127681597882154,0.1156297722981606,1.470281851568068,-11.034063034863777
96.0,31.0,True,0.2075133186032404,0.10678460589598705,0.4691755200067871,0.8145514371591581,-4.773978423404548
96.0,32.0,True,0.3946765957918266,0.15935226935178398,0.7784392441327475,0.5807369593925367,0.9377392353118579
96.0,33.0,True,0.43427839955721176,0.19815639299118576,0.7603578247476318,-0.08882793539229773,2.721730351186325
96.0,34.0,True,0.4972832578884637,0.21045658660584063,0.9239590101352448,-0.16862373144641565,3.5408605871328236
96.0,35.0,True,0.5198509913007323,0.3041323077987658,1.0951463373386632,0.24346678464057267,5.71005825291396
96.0,36.0,True,0.5690637008388739,0.2052481806815156,0.9529311997825868,0.293974019237522,6.323744597037881
96.0,37.0,True,0.3991730808702333,0.18423931488774695,0.8026375097826208,0.05451836965780814,1.2871121307777795
96.0,38.0,True,0.4203090133032762,0.19481543703414325,0.7732703098161012,-0.12090700778099646,2.2875475264366365
96.0,39.0,True,0.4990144393937648,0.2323583927987896,0.8944489377679943,-0.11380892229621216,4.662669814115408
96.0,40.0,True,0.6147988516751328,0.3218021344252067,1.2748524887466175,0.06011747635499704,8.476020345760217
96.0,41.0,True,0.5227842993936582,0.3310155558574232,1.372366717369236,0.8044720431477876,5.53686641309669
96.0,42.0,True,0.45169454759974254,0.13578302717537122,0.7745940880864772,-0.23399680863352154,2.6364590572370106
96.0,43.0,True,0.40894722346944673,0.22560361630517928,0.8430520923022163,0.11946215944678393,1.7478520905824952
96.0,44.0,True,0.39658688651523244,0.17077869388650752,0.9153303444170712,0.3206199394375809,0.5692908856037383
96.0,45.0,True,0.3991707524721763,0.14211723217046837,0.706440752317435,0.22337968395152713,0.8941789159829236
96.0,46.0,True,0.38558730818274584,0.18092650510812874,0.8025861406510537,0.7551741409781033,0.5794456021832092
96.0,47.0,True,0.4187826268082903,0.16303087229832275,0.823067387595324,-0.1917729402258746,1.9673790314877126
96.0,48.0,True,0.3310723195575289,0.16899867378380723,0.9544253402878814,1.294925263388057,-1.5220256357579376
96.0,49.0,True,0.4047433316557156,0.18534969566136963,0.6998828857673048,-0.3814716509979697,1.775332834640986
96.0,50.0,True,0.3581902277263172,0.12532992104797228,0.63660925271384,0.35215972631718273,-0.021049388404765522
96.0,51.0,True,0.49033876696023143,0.23614748561429563,1.138547854861546,0.5853165403337235,3.326048273086581
96.0,52.0,True,0.30619053993719647,0.2282578989165291,0.7997641057613366,0.5440112229628052,-2.0733959398485413
96.0,53.0,True,0.34727022393172613,0.06931339691274799,0.4905116500209412,-0.4285995557251688,-0.6275051955966359
96.0,54.0,True,0.45611829573797275,0.1695467775625409,0.7679496080770534,0.06080998413130851,3.0586485145973796
96.0,55.0,True,0.38004637818315523,0.26026833342468836,0.9336521574990512,0.6164614247938953,0.9761593525425062
96.0,56.0,True,0.41233809450225645,0.1333643056496,0.5938149708386334,-0.8383996835176494,1.4753330115920453
96.0,57.0,True,0.37843016752053493,0.19490499490312024,1.066322547908778,1.287128554024783,-0.3370560953082833
96.0,58.0,True,0.32775303279107415,0.17981977165793175,0.711660045220633,0.6470570057431168,-0.8610459825502544
96.0,59.0,True,0.23718665419427098,0.11254708013968177,0.4463298654192709,-0.3028037087876916,-3.9876586672759897
96.0,60.0,True,0.3149395575902881,0.1568618505090531,0.5544279072954109,0.00903235108865788,-1.2212114822017015
96.0,61.0,True,0.3125805318278661,0.123021383847466,0.4798386409307341,-0.8273931787731404,-1.1182346179755236
96.0,62.0,True,0.19158726941641813,0.09851590184912627,0.4385680163150059,0.08990489220438475,-5.676798892811965
96.0,63.0,True,0.37755029353987324,0.15022222755284367,0.688182716363276,0.3337293879222829,0.38892791653645475
96.0,64.0,True,0.3630469950778904,0.2077765973560099,0.7472627670892319,0.24151904306351898,0.4185061352698683
96.0,65.0,True,0.36850298437909085,0.15940962258705194,0.6402310284803496,-0.1391811030809385,0.6043346283266614
96.0,66.0,True,0.3934097358422471,0.166659714915976,0.6467488718333337,-0.3044338958619692,0.8468856919259896
96.0,67.0,True,0.3674285909067096,0.18777358328272992,1.0016528608161657,0.6311976968054598,-0.1536080478501619
96.0,68.0,True,0.4957251474876907,0.17598256164646017,0.8733227839262899,0.47284763741361224,3.8568997037712194
96.0,69.0,True,0.4495542929784132,0.18492463241873913,0.975613627195146,1.5127568003228278,2.685261110908084
96.0,70.0,True,0.3037798639536826,0.08768672565962024,0.4847639591249537,0.123092584248419,-2.0029887831266064
96.0,71.0,True,0.10812553087166189,0.07549855935637284,0.2512716211629148,0.2091545859984023,-8.089014996446355
96.0,72.0,False,,,,,
96.0,73.0,False,,,,,
96.0,74.0,False,,,,,
96.0,75.0,False,,,,,
96.0,76.0,False,,,,,
96.0,77.0,False,,,,,
96.0,78.0,False,,,,,
96.0,79.0,False,,,,,
96.0,80.0,False,,,,,
96.0,81.0,False,,,,,
96.0,82.0,False,,,,,
96.0,83.0,False,,,,,
96.0,84.0,False,,,,,
96.0,85.0,False,,,,,
96.0,86.0,False,,,,,
96.0,87.0,False,,,,,
96.0,88.0,False,,,,,
96.0,89.0,False,,,,,
96.0,90.0,False,,,,,
96.0,91.0,False,,,,,
96.0,92.0,False,,,,,
96.0,93.0,False,,,,,
96.0,94.0,False,,,,,
96.0,95.0,False,,,,,
96.0,96.0,False,,,,,
96.0,97.0,False,,,,,
96.0,98.0,False,,,,,
96.0,99.0,False,,,,,
96.0,100.0,False,,,,,
97.0,1.0,False,,,,,
97.0,2.0,False,,,,,
97.0,3.0,False,,,,,
97.0,4.0,False,,,,,
97.0,5.0,False,,,,,
97.0,6.0,False,,,,,
97.0,7.0,False,,,,,
97.0,8.0,False,,,,,
97.0,9.0,False,,,,,
97.0,10.0,False,,,,,
97.0,11.0,False,,,,,
97.0,12.0,False,,,,,
97.0,13.0,False,,,,,
97.0,14.0,False,,,,,
97.0,15.0,False,,,,,
97.0,16.0,False,,,,,
97.0,17.0,False,,,,,
97.0,18.0,False,,,,,
97.0,19.0,False,,,,,
97.0,20.0,False,,,,,
97.0,21.0,False,,,,,
97.0,22.0,False,,,,,
97.0,23.0,False,,,,,
97.0,24.0,False,,,,,
97.0,25.0,False,,,,,
97.0,26.0,False,,,,,
97.0,27.0,False,,,,,
97.0,28.0,False,,,,,
97.0,29.0,False,,,,,
97.0,30.0,False,,,,,
97.0,31.0,False,,,,,
97.0,32.0,False,,,,,
97.0,33.0,True,0.14303245445529045,0.11013495843602396,0.367961495348796,0.6509293068834906,-6.812512151500193
97.0,34.0,True,0.2906563080122321,0.1560445266128712,0.6601299600593621,0.7662937641154574,-2.2854147425404854
97.0,35.0,True,0.6272093223664663,0.1984282508983682,1.1373627799385069,1.006967812704237,8.386269257649078
97.0,36.0,True,0.41452594846421065,0.14847315054362462,0.71627671655444,-0.20118653745336382,1.7297349207389119
97.0,37.0,True,0.4267291870807067,0.18425969178821275,1.1343017780259284,1.5458576150231436,1.4095385796292041
97.0,38.0,True,0.48437754939908245,0.1994669760965708,0.9018940847722036,0.14624119901101554,4.311051196512524
97.0,39.0,True,0.42997843103297395,0.20575002354071306,0.8640034512895892,0.2400717402007146,1.9837847318917456
97.0,40.0,True,0.34768561912582385,0.1477214343386884,0.5728936941352557,-0.40616459096830015,-0.6537281320652328
97.0,41.0,True,0.4093249105243445,0.22072568442221732,0.8469352456967805,-0.012075373213992413,1.9805955856120592
97.0,42.0,True,0.3618538240254952,0.1337926270159506,0.7023529897553308,0.3237913136147595,-0.5554951503020217
97.0,43.0,True,0.3506854064675322,0.0994190137549322,0.5025577128010971,-0.8993246926820805,-0.3146082754350682
97.0,44.0,True,0.37601339771845615,0.11410175265833385,0.5555277323331484,-0.6216409269486859,0.46195796304621056
97.0,45.0,True,0.5236050056190851,0.2571784436709095,1.0247805293160503,0.4683054839694127,4.854089552453263
97.0,46.0,True,0.419586694011062,0.19427795211151214,0.6960837513192039,-0.4820321623787482,1.9462106112800646
97.0,47.0,True,0.38678095161622295,0.20011496116075372,0.77033150649871,0.11038901564290345,0.913127677423176
97.0,48.0,True,0.5036051149150323,0.20551090615343565,0.8687396592788256,0.020287458775092373,4.635489799476864
97.0,49.0,True,0.2880889228329943,0.12341066915502412,0.5314925891380453,0.05926655279794722,-2.4684803130971567
97.0,50.0,True,0.5020991387580054,0.18933496525772117,0.8689736492547332,0.18513846236386547,4.272624612228317
97.0,51.0,True,0.3142140495770484,0.12297911148951297,0.6331843066862763,0.7520192694854274,-1.4446294698380477
97.0,52.0,True,0.37095007680490455,0.16640158552415643,0.7350143096061482,0.32868279666408917,0.3014591683930006
97.0,53.0,True,0.3181842372643967,0.17105172903324017,0.717461428173039,0.7886221393774098,-1.4458292328421107
97.0,54.0,True,0.3135309869207349,0.15540194798910903,0.6011879675236358,-0.14400102113370433,-1.744732100954294
97.0,55.0,True,0.3098016835693394,0.13121820952760244,0.5107064623125567,-0.04399721859211331,-2.1042490088322765
97.0,56.0,True,0.39704799870521984,0.1159416848542064,0.6409733954620531,-0.022211329724231267,1.1927664009141898
97.0,57.0,True,0.24620305836695017,0.11914097655064966,0.522218650080961,0.40077044781821314,-3.624863451950298
97.0,58.0,True,0.40919014670126963,0.14996120930903115,0.7363972464603157,0.14268665598075253,1.8280941756615596
97.0,59.0,True,0.2905151341245969,0.19732068512911607,0.7925199422843447,0.9377418535623916,-2.2746534239244482
97.0,60.0,True,0.27586823329615695,0.13267887567087183,0.624681181231428,1.3681972123972395,-3.2901381165068666
97.0,61.0,True,0.32621855410909084,0.20183490834710782,0.7952259856434603,0.822935075796778,-0.8767721002102871
97.0,62.0,True,0.3264046258371985,0.1281036808484332,0.5629808778947378,-0.1498904861539201,-1.4218488260013782
97.0,63.0,True,0.30533279346211323,0.14222960626744358,0.5725557559679972,0.507803045710406,-1.7358110820882644
97.0,64.0,True,0.4178902774735992,0.1442602499992256,0.7150325794079281,0.15984918963926936,1.7602265629730889
97.0,65.0,True,0.31326425841735317,0.20300076643796702,0.8185987834572581,0.5423017887530319,-1.751383649211148
97.0,66.0,True,0.3145461655813401,0.1288452652799304,0.5499850468564615,0.2959706018681872,-1.4405875527197
97.0,67.0,True,0.3264392132408629,0.23351406458165647,0.9338426694593088,1.2078812468237625,-1.153942482667954
97.0,68.0,True,0.1456733580408285,0.08687540615462312,0.374010943532309,1.0421255526690376,-7.188668447501631
97.0,69.0,True,0.06369671871002386,0.04838692223049585,0.1757315946255916,0.46738790831508054,-9.568587434581106
97.0,70.0,False,,,,,
97.0,71.0,False,,,,,
97.0,72.0,False,,,,,
97.0,73.0,False,,,,,
97.0,74.0,False,,,,,
97.0,75.0,False,,,,,
97.0,76.0,False,,,,,
97.0,77.0,False,,,,,
97.0,78.0,False,,,,,
97.0,79.0,False,,,,,
97.0,80.0,False,,,,,
97.0,81.0,False,,,,,
97.0,82.0,False,,,,,
97.0,83.0,False,,,,,
97.0,84.0,False,,,,,
97.0,85.0,False,,,,,
97.0,86.0,False,,,,,
97.0,87.0,False,,,,,
97.0,88.0,False,,,,,
97.0,89.0,False,,,,,
97.0,90.0,False,,,,,
97.0,91.0,False,,,,,
97.0,92.0,False,,,,,
97.0,93.0,False,,,,,
97.0,94.0,False,,,,,
97.0,95.0,False,,,,,
97.0,96.0,False,,,,,
97.0,97.0,False,,,,,
97.0,98.0,False,,,,,
97.0,99.0,False,,,,,
97.0,100.0,False,,,,,
98.0,1.0,False,,,,,
98.0,2.0,False,,,,,
98.0,3.0,False,,,,,
98.0,4.0,False,,,,,
98.0,5.0,False,,,,,
98.0,6.0,False,,,,,
98.0,7.0,False,,,,,
98.0,8.0,False,,,,,
98.0,9.0,False,,,,,
98.0,10.0,False,,,,,
98.0,11.0,False,,,,,
98.0,12.0,False,,,,,
98.0,13.0,False,,,,,
98.0,14.0,False,,,,,
98.0,15.0,False,,,,,
98.0,16.0,False,,,,,
98.0,17.0,False,,,,,
98.0,18.0,False,,,,,
98.0,19.0,False,,,,,
98.0,20.0,False,,,,,
98.0,21.0,False,,,,,
98.0,22.0,False,,,,,
98.0,23.0,False,,,,,
98.0,24.0,False,,,,,
98.0,25.0,False,,,,,
98.0,26.0,False,,,,,
98.0,27.0,False,,,,,
98.0,28.0,False,,,,,
98.0,29.0,False,,,,,
98.0,30.0,False,,,,,
98.0,31.0,False,,,,,
98.0,32.0,False,,,,,
98.0,33.0,False,,,,,
98.0,34.0,False,,,,,
98.0,35.0,True,0.03977396324694588,0.04898457124028089,0.1583578133050231,1.1004895318772479,-10.31557355429689
98.0,36.0,True,0.10802056672397148,0.11355113474267406,0.3916364637735305,1.1355097719364773,-8.221590575073812
98.0,37.0,True,0.3021009083724425,0.15755864337662176,0.7247787117467537,0.9004887849776186,-1.7439599328113844
98.0,38.0,True,0.33398078969522826,0.24925829601746244,0.8707309539123719,0.656706732045475,-0.9940052887429002
98.0,39.0,True,0.4172850048957856,0.16620663284843046,0.7319812430413851,-0.04643274313365246,2.0011563728647834
98.0,40.0,True,0.3118933129615385,0.15667200570073184,0.6114637839411954,-0.0261615829577934,-1.5424176372578418
98.0,41.0,True,0.4640621186280815,0.1765046968303519,0.7735953284710126,-0.4374509502547814,3.6965388422070298
98.0,42.0,True,0.3719893903222008,0.11800102764355934,0.6543032534883491,0.12818882769242954,0.4422056274501445
98.0,43.0,True,0.3083065477014483,0.11021784704884009,0.6521454844246964,0.5498317751317134,-2.021543772968405
98.0,44.0,True,0.3611938885732478,0.13367848399834145,0.6412009673393688,0.32305404604953974,-0.4164588859065207
98.0,45.0,True,0.34717388252627457,0.17524791248325527,1.030887484001832,2.0919318721922737,-1.1142246322647056
98.0,46.0,True,0.4870567835957533,0.18967293563299645,0.9616539310498324,0.7843359917129249,4.118699199805113
98.0,47.0,True,0.4254164482791715,0.18250620745414298,0.7981999547596949,-0.057583532921591046,1.6057049741329414
98.0,48.0,True,0.4438254583399886,0.1543767156945583,0.8585024211757805,0.9763048528147548,2.733540444376753
98.0,49.0,True,0.3722790584132706,0.18776025608143307,0.6459381556662226,-0.5927315684829079,0.5454451191022248
98.0,50.0,True,0.4571822017310252,0.17712037613591378,0.7575773652433803,0.0607755315420103,2.844646599082429
98.0,51.0,True,0.36674663621710435,0.19948431421737728,1.0666112801943035,1.3314219504048241,-0.19174754389417115
98.0,52.0,True,0.29514936971365424,0.12964248349028715,0.5734610726720908,0.3510852059076917,-2.3619502202757836
98.0,53.0,True,0.30800756530857426,0.1685646979159259,0.6500446082423035,0.30655662123689426,-2.1159166208354643
98.0,54.0,True,0.4340824864751367,0.25111984080112704,1.0978205079937524,1.0066348895279216,2.6572805506683816
98.0,55.0,True,0.2314886304978637,0.08687171972222908,0.3815670679460887,-0.30940988153260623,-4.286621920121954
98.0,56.0,True,0.2535038057327971,0.09042839184018384,0.4112228742169359,-0.133929641180339,-3.6352320624485515
98.0,57.0,True,0.3302416902327952,0.15865786983922042,0.5893759012467236,-0.4042520036986596,-1.0157665918944603
98.0,58.0,True,0.3181585314504325,0.1909767949612399,0.7642592450586186,0.6197923617070543,-1.1236292697241297
98.0,59.0,True,0.31973828689722494,0.13720669710299588,0.5601556365699198,0.29461032128161446,-1.5828460929702766
98.0,60.0,True,0.3285161091742879,0.15813769101065744,0.6878749464043463,0.8311114285167582,-0.7823814499945224
98.0,61.0,True,0.36971914147276486,0.169742944627106,0.7144476232249126,0.06636756706816778,-0.03626240556963647
98.0,62.0,True,0.39281210657899124,0.17826769031871945,0.7951346063417948,0.13489703659590024,1.337148682109468
98.0,63.0,True,0.31611697611307776,0.19426033697989753,0.7198952425586826,0.5217849837111126,-1.0090546150098854
98.0,64.0,True,0.3588843556339866,0.13929963668956596,0.6435680041599768,0.5724888271034709,-0.426416621243317
98.0,65.0,True,0.1986389812930044,0.11621621213597025,0.4786026809428767,0.5043510643454187,-5.429256508780717
98.0,66.0,True,0.06793130964612772,0.04162153257574311,0.1459884570442722,-0.0491508573938688,-9.364312830985766
98.0,67.0,False,,,,,
98.0,68.0,False,,,,,
98.0,69.0,False,,,,,
98.0,70.0,False,,,,,
98.0,71.0,False,,,,,
98.0,72.0,False,,,,,
98.0,73.0,False,,,,,
98.0,74.0,False,,,,,
98.0,75.0,False,,,,,
98.0,76.0,False,,,,,
98.0,77.0,False,,,,,
98.0,78.0,False,,,,,
98.0,79.0,False,,,,,
98.0,80.0,False,,,,,
98.0,81.0,False,,,,,
98.0,82.0,False,,,,,
98.0,83.0,False,,,,,
98.0,84.0,False,,,,,
98.0,85.0,False,,,,,
98.0,86.0,False,,,,,
98.0,87.0,False,,,,,
98.0,88.0,False,,,,,
98.0,89.0,False,,,,,
98.0,90.0,False,,,,,
98.0,91.0,False,,,,,
98.0,92.0,False,,,,,
98.0,93.0,False,,,,,
98.0,94.0,False,,,,,
98.0,95.0,False,,,,,
98.0,96.0,False,,,,,
98.0,97.0,False,,,,,
98.0,98.0,False,,,,,
98.0,99.0,False,,,,,
98.0,100.0,False,,,,,
99.0,1.0,False,,,,,
99.0,2.0,False,,,,,
99.0,3.0,False,,,,,
99.0,4.0,False,,,,,
99.0,5.0,False,,,,,
99.0,6.0,False,,,,,
99.0,7.0,False,,,,,
99.0,8.0,False,,,,,
99.0,9.0,False,,,,,
99.0,10.0,False,,,,,
99.0,11.0,False,,,,,
99.0,12.0,False,,,,,
99.0,13.0,False,,,,,
99.0,14.0,False,,,,,
99.0,15.0,False,,,,,
99.0,16.0,False,,,,,
99.0,17.0,False,,,,,
99.0,18.0,False,,,,,
99.0,19.0,False,,,,,
99.0,20.0,False,,,,,
99.0,21.0,False,,,,,
99.0,22.0,False,,,,,
99.0,23.0,False,,,,,
99.0,24.0,False,,,,,
99.0,25.0,False,,,,,
99.0,26.0,False,,,,,
99.0,27.0,False,,,,,
99.0,28.0,False,,,,,
99.0,29.0,False,,,,,
99.0,30.0,False,,,,,
99.0,31.0,False,,,,,
99.0,32.0,False,,,,,
99.0,33.0,False,,,,,
99.0,34.0,False,,,,,
99.0,35.0,False,,,,,
99.0,36.0,False,,,,,
99.0,37.0,False,,,,,
99.0,38.0,False,,,,,
99.0,39.0,True,0.10387122345018325,0.11444852107807069,0.5205891306380956,1.6400385683816312,-8.503290935507469
99.0,40.0,True,0.21551500631730902,0.15634746975084818,0.5780753416451234,0.5285133692138025,-4.272363124829091
99.0,41.0,True,0.16943042901687866,0.12360978700749879,0.4549250036047881,0.894038485917184,-6.059701046508715
99.0,42.0,True,0.32143786274403396,0.11886034357535247,0.6580313090864299,0.85139257758312,-1.4210496707140483
99.0,43.0,True,0.4175019528106755,0.18875473948577343,0.7885415432740717,0.3714368105030073,1.6371454075489105
99.0,44.0,True,0.39747855523349923,0.17000417774809193,0.6779260154205186,-0.14950566756696904,1.5190823389267174
99.0,45.0,True,0.4057923868295734,0.17251235477977747,0.694823290355852,-0.079184736665055,1.9814346307327901
99.0,46.0,True,0.46363444196753184,0.2591580850596563,1.30682948641675,0.8189093210683785,2.332404318317292
99.0,47.0,True,0.350287664943017,0.17793884771813326,0.7516710352231732,0.6724365171941497,-0.7361740362960645
99.0,48.0,True,0.29109470324424597,0.1344843193416202,0.5317946649257959,0.3084799745111083,-2.2596985507836136
99.0,49.0,True,0.2863335774016186,0.10926198177970863,0.5044116889197957,0.4223777884913164,-2.4436126296057203
99.0,50.0,True,0.4062503210649574,0.1253546538404055,0.633235595460361,-0.3356276101631861,1.2289611536925489
99.0,51.0,True,0.2876379474463542,0.10522846250615614,0.4333501550702733,-0.9213447834370603,-2.483533113334647
99.0,52.0,True,0.3091009776306901,0.23341909550749348,0.7987336395227734,0.40519392993516723,-1.6126021482179655
99.0,53.0,True,0.41074186678661695,0.22293427564046142,0.8490988111663863,0.35113538745028255,1.0146807520619785
99.0,54.0,True,0.37403438676717965,0.1371833621558584,0.7100621080129418,0.2535310995683679,0.14682629400917374
99.0,55.0,True,0.376620412858727,0.16909266088045435,0.8510582472127579,1.2983175904571707,0.34179906897186546
99.0,56.0,True,0.2625732639349017,0.14684270888292192,0.5821475459996871,0.4848194195718078,-3.0259597957668753
99.0,57.0,True,0.1935284747775163,0.09619204623535038,0.3211796948127308,-0.579999870165741,-5.097254249306908
99.0,58.0,True,0.3788727489667906,0.11038512434535303,0.6181764498108127,-0.12257007974750257,0.370310370842564
99.0,59.0,True,0.3278044435648077,0.18078638757925292,0.7982254256267788,0.893080206080613,-1.3173700582316648
99.0,60.0,True,0.27843557828311255,0.08780981734606752,0.425020075511352,-0.2673750427275527,-2.743070568293082
99.0,61.0,True,0.14422194917938866,0.07882326376330354,0.338406248061864,0.5463374724968881,-7.0266243576880045
99.0,62.0,True,0.09551310058833043,0.083536893984556,0.3298424510869703,1.304694376844439,-8.442586511796033
99.0,63.0,True,0.030942018938558205,0.030019363692785146,0.0892703154440496,0.6089477137014492,-10.632820545458904
99.0,64.0,False,,,,,
99.0,65.0,False,,,,,
99.0,66.0,False,,,,,
99.0,67.0,False,,,,,
99.0,68.0,False,,,,,
99.0,69.0,False,,,,,
99.0,70.0,False,,,,,
99.0,71.0,False,,,,,
99.0,72.0,False,,,,,
99.0,73.0,False,,,,,
99.0,74.0,False,,,,,
99.0,75.0,False,,,,,
99.0,76.0,False,,,,,
99.0,77.0,False,,,,,
99.0,78.0,False,,,,,
99.0,79.0,False,,,,,
99.0,80.0,False,,,,,
99.0,81.0,False,,,,,
99.0,82.0,False,,,,,
99.0,83.0,False,,,,,
99.0,84.0,False,,,,,
99.0,85.0,False,,,,,
99.0,86.0,False,,,,,
99.0,87.0,False,,,,,
99.0,88.0,False,,,,,
99.0,89.0,False,,,,,
99.0,90.0,False,,,,,
99.0,91.0,False,,,,,
99.0,92.0,False,,,,,
99.0,93.0,False,,,,,
99.0,94.0,False,,,,,
99.0,95.0,False,,,,,
99.0,96.0,False,,,,,
99.0,97.0,False,,,,,
99.0,98.0,False,,,,,
99.0,99.0,False,,,,,
99.0,100.0,False,,,,,
100.0,1.0,False,,,,,
100.0,2.0,False,,,,,
100.0,3.0,False,,,,,
100.0,4.0,False,,,,,
100.0,5.0,False,,,,,
100.0,6.0,False,,,,,
100.0,7.0,False,,,,,
100.0,8.0,False,,,,,
100.0,9.0,False,,,,,
100.0,10.0,False,,,,,
100.0,11.0,False,,,,,
100.0,12.0,False,,,,,
100.0,13.0,False,,,,,
100.0,14.0,False,,,,,
100.0,15.0,False,,,,,
100.0,16.0,False,,,,,
100.0,17.0,False,,,,,
100.0,18.0,False,,,,,
100.0,19.0,False,,,,,
100.0,20.0,False,,,,,
100.0,21.0,False,,,,,
100.0,22.0,False,,,,,
100.0,23.0,False,,,,,
100.0,24.0,False,,,,,
100.0,25.0,False,,,,,
100.0,26.0,False,,,,,
100.0,27.0,False,,,,,
100.0,28.0,False,,,,,
100.0,29.0,False,,,,,
100.0,30.0,False,,,,,
100.0,31.0,False,,,,,
100.0,32.0,False,,,,,
100.0,33.0,False,,,,,
100.0,34.0,False,,,,,
100.0,35.0,False,,,,,
100.0,36.0,False,,,,,
100.0,37.0,False,,,,,
100.0,38.0,False,,,,,
100.0,39.0,False,,,,,
100.0,40.0,False,,,,,
100.0,41.0,False,,,,,
100.0,42.0,False,,,,,
100.0,43.0,True,0.021742588539511266,0.02607615275217105,0.0763980934020108,0.960722604581824,-10.927725370782118
100.0,44.0,True,0.048016852587294,0.05370387514335494,0.1912546250367165,1.2546748200900115,-9.967785763447933
100.0,45.0,True,0.09408074136282774,0.11254515395627028,0.3355481382125329,0.9024597490390135,-8.537932435000185
100.0,46.0,True,0.11351787066435688,0.08110527232682742,0.3017011021670829,0.8579254962813996,-8.215247489368592
100.0,47.0,True,0.16020753218709446,0.11533494802791142,0.4738546039181566,0.9559536991496902,-6.385500574243252
100.0,48.0,True,0.2342027182446665,0.11562198943931122,0.4656749517998125,-0.09860901462757332,-4.063992461288243
100.0,49.0,True,0.28928347294819035,0.17806617499443533,0.6398563007948426,0.3813897558190236,-2.393156782623886
100.0,50.0,True,0.16978043455726557,0.12600433245298953,0.3999236267783278,0.3853645218074621,-5.937990501047452
100.0,51.0,True,0.15882235267239117,0.10224116529992792,0.4253017959821274,1.3469898140448857,-6.411790579772091
100.0,52.0,True,0.17452500292752704,0.0627890724990362,0.3063761798801659,0.13756960791714126,-5.991808847852381
100.0,53.0,True,0.1815509863669644,0.08947476533611773,0.3246868208034533,-0.24347568101238692,-5.60828675607471
100.0,54.0,True,0.14812462513136992,0.11072219534984606,0.5043806899866726,0.8072662068178164,-7.141111000451916
100.0,55.0,True,0.22958656019518153,0.1300315371941552,0.4665234244635701,0.047817233138674385,-4.254800207107242
100.0,56.0,True,0.14257664562405742,0.07403345664561581,0.3260714528110817,0.8366105902577178,-7.1285288998634
100.0,57.0,True,0.04188517621342952,0.050430596081639155,0.182094056820091,1.5359897145219397,-10.271131761974738
100.0,58.0,True,0.036990290935419175,0.035454134842295856,0.1261992684597839,0.9326552663154718,-10.409749213177147
100.0,59.0,False,,,,,
100.0,60.0,False,,,,,
100.0,61.0,False,,,,,
100.0,62.0,False,,,,,
100.0,63.0,False,,,,,
100.0,64.0,False,,,,,
100.0,65.0,False,,,,,
100.0,66.0,False,,,,,
100.0,67.0,False,,,,,
100.0,68.0,False,,,,,
100.0,69.0,False,,,,,
100.0,70.0,False,,,,,
100.0,71.0,False,,,,,
100.0,72.0,False,,,,,
100.0,73.0,False,,,,,
100.0,74.0,False,,,,,
100.0,75.0,False,,,,,
100.0,76.0,False,,,,,
100.0,77.0,False,,,,,
100.0,78.0,False,,,,,
100.0,79.0,False,,,,,
100.0,80.0,False,,,,,
100.0,81.0,False,,,,,
100.0,82.0,False,,,,,
100.0,83.0,False,,,,,
100.0,84.0,False,,,,,
100.0,85.0,False,,,,,
100.0,86.0,False,,,,,
100.0,87.0,False,,,,,
100.0,88.0,False,,,,,
100.0,89.0,False,,,,,
100.0,90.0,False,,,,,
100.0,91.0,False,,,,,
100.0,92.0,False,,,,,
100.0,93.0,False,,,,,
100.0,94.0,False,,,,,
100.0,95.0,False,,,,,
100.0,96.0,False,,,,,
100.0,97.0,False,,,,,
100.0,98.0,False,,,,,
100.0,99.0,False,,,,,
100.0,100.0,False,,,,,
